frame_idx,pred_nano,pred_recovery_ns,pred_recovery_sm,true_nano,true_recovery_ns,true_recovery_sm,intersection
0,0.212184,0.007965,0.016649,0.233333,0.0,0.0,Bellevue_116th_NE12th
1,0.216931,0.009299,0.017963,0.166667,0.0,0.0,Bellevue_116th_NE12th
2,0.217194,0.00934,0.017961,0.233333,0.0,0.0,Bellevue_116th_NE12th
3,0.220285,0.010918,0.019235,0.133333,0.0,0.0,Bellevue_116th_NE12th
4,0.223708,0.012598,0.020581,0.033333,0.0,0.0,Bellevue_116th_NE12th
5,0.213033,0.008391,0.017027,0.133333,0.0,0.0,Bellevue_116th_NE12th
6,0.211586,0.007458,0.016336,0.266667,0.0,0.0,Bellevue_116th_NE12th
7,0.213899,0.008097,0.016947,0.2,0.0,0.0,Bellevue_116th_NE12th
8,0.212294,0.007827,0.016622,0.2,0.0,0.0,Bellevue_116th_NE12th
9,0.215231,0.008853,0.017507,0.2,0.0,0.0,Bellevue_116th_NE12th
10,0.217895,0.0095,0.018178,0.1,0.0,0.0,Bellevue_116th_NE12th
11,0.219347,0.010157,0.018717,0.266667,0.0,0.0,Bellevue_116th_NE12th
12,0.212583,0.008903,0.017207,0.233333,0.0,0.0,Bellevue_116th_NE12th
13,0.211592,0.007619,0.016431,0.066667,0.0,0.0,Bellevue_116th_NE12th
14,0.213171,0.008438,0.017006,0.3,0.0,0.0,Bellevue_116th_NE12th
15,0.20963,0.006818,0.015718,0.066667,0.0,0.0,Bellevue_116th_NE12th
16,0.215309,0.008966,0.017597,0.233333,0.0,0.0,Bellevue_116th_NE12th
17,0.213702,0.008217,0.016957,0.066667,0.0,0.0,Bellevue_116th_NE12th
18,0.221406,0.010499,0.019161,0.2,0.0,0.0,Bellevue_116th_NE12th
19,0.222434,0.011847,0.019933,0.133333,0.0,0.0,Bellevue_116th_NE12th
20,0.216999,0.010315,0.018486,0.266667,0.0,0.0,Bellevue_116th_NE12th
21,0.21448,0.009007,0.017485,0.066667,0.0,0.0,Bellevue_116th_NE12th
22,0.213335,0.008076,0.016902,0.166667,0.0,0.0,Bellevue_116th_NE12th
23,0.215995,0.009664,0.018058,0.166667,0.0,0.0,Bellevue_116th_NE12th
24,0.217534,0.009908,0.018413,0.066667,0.0,0.0,Bellevue_116th_NE12th
25,0.219235,0.01023,0.018796,0.333333,0.0,0.0,Bellevue_116th_NE12th
26,0.220331,0.010704,0.019143,0.166667,0.0,0.0,Bellevue_116th_NE12th
27,0.220859,0.011152,0.01945,0.266667,0.0,0.0,Bellevue_116th_NE12th
28,0.51524,0.160305,0.098183,0.333333,0.25,0.033333,Bellevue_116th_NE12th
29,0.504566,0.154905,0.096227,0.383333,0.033333,0.0,Bellevue_116th_NE12th
30,0.238298,0.017861,0.025365,0.0,0.0,0.0,Bellevue_116th_NE12th
31,0.2136,0.008854,0.017367,0.166667,0.0,0.0,Bellevue_116th_NE12th
32,0.218878,0.010446,0.018818,0.133333,0.0,0.0,Bellevue_116th_NE12th
33,0.218261,0.010239,0.018612,0.366667,0.0,0.0,Bellevue_116th_NE12th
34,0.21554,0.009003,0.017578,0.266667,0.0,0.0,Bellevue_116th_NE12th
35,0.218013,0.010066,0.018505,0.266667,0.0,0.0,Bellevue_116th_NE12th
36,0.216858,0.009797,0.018216,0.166667,0.0,0.0,Bellevue_116th_NE12th
37,0.216387,0.009302,0.017876,0.033333,0.0,0.0,Bellevue_116th_NE12th
38,0.210074,0.007231,0.016063,0.1,0.0,0.0,Bellevue_116th_NE12th
39,0.216117,0.009838,0.018201,0.2,0.0,0.0,Bellevue_116th_NE12th
40,0.21944,0.01081,0.019142,0.1,0.0,0.0,Bellevue_116th_NE12th
41,0.216727,0.009171,0.017872,0.2,0.0,0.0,Bellevue_116th_NE12th
42,0.226305,0.012775,0.021054,0.2,0.0,0.0,Bellevue_116th_NE12th
43,0.219633,0.010206,0.01873,0.066667,0.0,0.0,Bellevue_116th_NE12th
44,0.223476,0.011842,0.020122,0.133333,0.0,0.0,Bellevue_116th_NE12th
45,0.217764,0.011119,0.019068,0.266667,0.0,0.0,Bellevue_116th_NE12th
46,0.215067,0.009025,0.017584,0.1,0.0,0.0,Bellevue_116th_NE12th
47,0.218884,0.010406,0.018827,0.533333,0.0,0.033333,Bellevue_116th_NE12th
48,0.490305,0.142684,0.093588,0.643333,0.058333,0.108333,Bellevue_116th_NE12th
49,0.403432,0.091134,0.075403,0.516667,0.05,0.083333,Bellevue_116th_NE12th
50,0.342204,0.059167,0.057751,0.4,0.1,0.0,Bellevue_116th_NE12th
51,0.352425,0.059731,0.061122,0.1,0.0,0.0,Bellevue_116th_NE12th
52,0.219112,0.011275,0.019268,0.266667,0.0,0.0,Bellevue_116th_NE12th
53,0.212712,0.008509,0.017043,0.2,0.0,0.0,Bellevue_116th_NE12th
54,0.218103,0.009941,0.018481,0.233333,0.0,0.0,Bellevue_116th_NE12th
55,0.220834,0.011345,0.019593,0.166667,0.0,0.0,Bellevue_116th_NE12th
56,0.218084,0.010284,0.018667,0.033333,0.0,0.0,Bellevue_116th_NE12th
57,0.223526,0.011883,0.020213,0.266667,0.0,0.0,Bellevue_116th_NE12th
58,0.221519,0.011585,0.019738,0.2,0.0,0.0,Bellevue_116th_NE12th
59,0.21796,0.010782,0.018904,0.433333,0.116667,0.033333,Bellevue_116th_NE12th
60,0.301671,0.042389,0.044175,0.3,0.016667,0.016667,Bellevue_116th_NE12th
61,0.327608,0.047709,0.052931,0.133333,0.0,0.0,Bellevue_116th_NE12th
62,0.216032,0.008645,0.017395,0.066667,0.0,0.0,Bellevue_116th_NE12th
63,0.21104,0.007584,0.01632,0.1,0.0,0.0,Bellevue_116th_NE12th
64,0.212954,0.008007,0.016688,0.133333,0.0,0.0,Bellevue_116th_NE12th
65,0.220816,0.011036,0.019353,0.133333,0.0,0.0,Bellevue_116th_NE12th
66,0.221684,0.010865,0.019342,0.133333,0.0,0.0,Bellevue_116th_NE12th
67,0.214951,0.009899,0.017996,0.2,0.0,0.0,Bellevue_116th_NE12th
68,0.216148,0.00898,0.01767,0.233333,0.0,0.0,Bellevue_116th_NE12th
69,0.218531,0.009673,0.018349,0.166667,0.0,0.0,Bellevue_116th_NE12th
70,0.220346,0.010869,0.019205,0.1,0.0,0.0,Bellevue_116th_NE12th
71,0.222442,0.011566,0.019858,0.133333,0.0,0.0,Bellevue_116th_NE12th
72,0.216628,0.009455,0.017932,0.133333,0.0,0.0,Bellevue_116th_NE12th
73,0.212857,0.007803,0.016605,0.133333,0.0,0.0,Bellevue_116th_NE12th
74,0.21372,0.008717,0.017257,0.266667,0.0,0.0,Bellevue_116th_NE12th
75,0.211263,0.00752,0.016268,0.166667,0.0,0.0,Bellevue_116th_NE12th
76,0.215147,0.008255,0.01711,0.166667,0.0,0.0,Bellevue_116th_NE12th
77,0.214631,0.008562,0.017264,0.166667,0.0,0.0,Bellevue_116th_NE12th
78,0.220733,0.01052,0.019068,0.066667,0.0,0.0,Bellevue_116th_NE12th
79,0.220605,0.010315,0.01891,0.266667,0.083333,0.083333,Bellevue_116th_NE12th
80,0.513098,0.15265,0.097038,0.5,0.05,0.016667,Bellevue_116th_NE12th
81,0.427425,0.101479,0.082234,0.2,0.016667,0.033333,Bellevue_116th_NE12th
82,0.215841,0.009389,0.017876,0.233333,0.0,0.0,Bellevue_116th_NE12th
83,0.212475,0.008181,0.016822,0.1,0.0,0.0,Bellevue_116th_NE12th
84,0.477132,0.130472,0.09081,0.3,0.0,0.0,Bellevue_116th_NE12th
85,0.323817,0.045154,0.050806,0.166667,0.0,0.0,Bellevue_116th_NE12th
86,0.233104,0.018643,0.025105,0.2,0.0,0.0,Bellevue_116th_NE12th
87,0.196161,0.007612,0.014841,0.166667,0.0,0.0,Bellevue_116th_NE12th
88,0.193084,0.006811,0.014087,0.033333,0.0,0.0,Bellevue_116th_NE12th
89,0.186786,0.003954,0.011901,0.133333,0.0,0.0,Bellevue_116th_NE12th
90,0.19167,0.006387,0.01375,0.233333,0.0,0.0,Bellevue_116th_NE12th
91,0.189872,0.005531,0.013107,0.433333,0.0,0.0,Bellevue_116th_NE12th
92,0.191886,0.006272,0.013699,0.233333,0.0,0.0,Bellevue_116th_NE12th
93,0.220141,0.010494,0.019005,0.166667,0.0,0.0,Bellevue_116th_NE12th
94,0.214674,0.00885,0.017445,0.3,0.0,0.0,Bellevue_116th_NE12th
95,0.216694,0.009447,0.017953,0.2,0.0,0.0,Bellevue_116th_NE12th
96,0.211661,0.008192,0.016673,0.066667,0.0,0.0,Bellevue_116th_NE12th
97,0.216091,0.008732,0.01746,0.166667,0.0,0.0,Bellevue_116th_NE12th
98,0.220318,0.011073,0.019362,0.166667,0.0,0.0,Bellevue_116th_NE12th
99,0.220375,0.011003,0.019302,0.2,0.0,0.0,Bellevue_116th_NE12th
100,0.217868,0.009289,0.018071,0.166667,0.0,0.0,Bellevue_116th_NE12th
101,0.221631,0.011509,0.019701,0.3,0.0,0.0,Bellevue_116th_NE12th
102,0.221724,0.01154,0.019733,0.1,0.0,0.0,Bellevue_116th_NE12th
103,0.210608,0.008029,0.016502,0.133333,0.0,0.0,Bellevue_116th_NE12th
104,0.21001,0.007321,0.016059,0.266667,0.0,0.0,Bellevue_116th_NE12th
105,0.219546,0.011066,0.019199,0.333333,0.0,0.0,Bellevue_116th_NE12th
106,0.215886,0.009582,0.017971,0.433333,0.0,0.0,Bellevue_116th_NE12th
107,0.215123,0.008535,0.017317,0.283333,0.0,0.0,Bellevue_116th_NE12th
108,0.522537,0.168054,0.099566,0.35,0.033333,0.0,Bellevue_116th_NE12th
109,0.224583,0.012619,0.02068,0.133333,0.0,0.0,Bellevue_116th_NE12th
110,0.218357,0.009297,0.018073,0.066667,0.0,0.0,Bellevue_116th_NE12th
111,0.214136,0.0092,0.017577,0.266667,0.0,0.0,Bellevue_116th_NE12th
112,0.219794,0.010179,0.018715,0.266667,0.0,0.0,Bellevue_116th_NE12th
113,0.215593,0.009104,0.017633,0.233333,0.0,0.033333,Bellevue_116th_NE12th
114,0.448116,0.130808,0.08546,0.433333,0.05,0.033333,Bellevue_116th_NE12th
115,0.217459,0.010368,0.018576,0.366667,0.0,0.0,Bellevue_116th_NE12th
116,0.219847,0.01011,0.018714,0.133333,0.0,0.016667,Bellevue_116th_NE12th
117,0.515951,0.154585,0.097603,0.794444,0.294444,0.211111,Bellevue_116th_NE12th
118,0.522323,0.165078,0.099405,0.466667,0.366667,0.0,Bellevue_116th_NE12th
119,0.27559,0.029183,0.035585,0.4,0.0,0.0,Bellevue_116th_NE12th
120,0.215833,0.009202,0.017735,0.2,0.0,0.0,Bellevue_116th_NE12th
121,0.220378,0.010129,0.018821,0.133333,0.0,0.0,Bellevue_116th_NE12th
122,0.205961,0.005647,0.014586,0.1,0.0,0.0,Bellevue_116th_NE12th
123,0.216616,0.00916,0.017807,0.166667,0.0,0.0,Bellevue_116th_NE12th
124,0.216075,0.008946,0.017638,0.266667,0.0,0.0,Bellevue_116th_NE12th
125,0.215218,0.008625,0.017363,0.1,0.0,0.0,Bellevue_116th_NE12th
126,0.217513,0.009896,0.018338,0.3,0.0,0.0,Bellevue_116th_NE12th
127,0.217653,0.009769,0.018299,0.133333,0.0,0.0,Bellevue_116th_NE12th
128,0.213775,0.008836,0.017296,0.233333,0.0,0.0,Bellevue_116th_NE12th
129,0.207472,0.00613,0.014994,0.133333,0.0,0.0,Bellevue_116th_NE12th
130,0.214581,0.008527,0.017193,0.2,0.0,0.0,Bellevue_116th_NE12th
131,0.212431,0.007542,0.016461,0.133333,0.0,0.0,Bellevue_116th_NE12th
132,0.21214,0.00701,0.016109,0.166667,0.0,0.0,Bellevue_116th_NE12th
133,0.215197,0.009269,0.017689,0.333333,0.1,0.0,Bellevue_116th_NE12th
134,0.213402,0.006624,0.016253,0.133333,0.0,0.0,Bellevue_116th_NE12th
135,0.216123,0.009267,0.017788,0.166667,0.0,0.0,Bellevue_116th_NE12th
136,0.21276,0.00799,0.016731,0.1,0.0,0.0,Bellevue_116th_NE12th
137,0.367906,0.069641,0.066381,0.366667,0.0,0.0,Bellevue_116th_NE12th
138,0.219716,0.010717,0.019016,0.233333,0.0,0.0,Bellevue_116th_NE12th
139,0.210172,0.006974,0.015846,0.233333,0.0,0.0,Bellevue_116th_NE12th
140,0.214085,0.008297,0.017064,0.2,0.0,0.0,Bellevue_116th_NE12th
141,0.217788,0.00985,0.018356,0.2,0.0,0.0,Bellevue_116th_NE12th
142,0.221259,0.011184,0.01946,0.2,0.0,0.0,Bellevue_116th_NE12th
143,0.544978,0.170306,0.102186,0.577778,0.266667,0.066667,Bellevue_116th_NE12th
144,0.375201,0.068117,0.067329,0.233333,0.0,0.0,Bellevue_116th_NE12th
145,0.217017,0.009684,0.018152,0.266667,0.0,0.0,Bellevue_116th_NE12th
146,0.213776,0.008105,0.016883,0.2,0.0,0.0,Bellevue_116th_NE12th
147,0.213174,0.007719,0.016634,0.233333,0.0,0.0,Bellevue_116th_NE12th
148,0.327075,0.050848,0.053969,0.166667,0.0,0.0,Bellevue_116th_NE12th
149,0.216185,0.008609,0.017484,0.166667,0.0,0.0,Bellevue_116th_NE12th
150,0.216775,0.009235,0.01787,0.233333,0.0,0.0,Bellevue_116th_NE12th
151,0.218793,0.010666,0.018868,0.333333,0.0,0.0,Bellevue_116th_NE12th
152,0.418645,0.093097,0.080357,0.616667,0.066667,0.183333,Bellevue_116th_NE12th
153,0.551833,0.189438,0.10408,0.805556,0.402778,0.277778,Bellevue_116th_NE12th
154,0.52798,0.171245,0.10066,0.3,0.033333,0.0,Bellevue_116th_NE12th
155,0.543237,0.174861,0.10254,0.811111,0.044444,0.058333,Bellevue_116th_NE12th
156,0.491543,0.147698,0.094335,0.472222,0.116667,0.05,Bellevue_116th_NE12th
157,0.240592,0.017816,0.025603,0.233333,0.0,0.0,Bellevue_116th_NE12th
158,0.221067,0.010441,0.019039,0.333333,0.0,0.0,Bellevue_116th_NE12th
159,0.222433,0.011247,0.019587,0.266667,0.0,0.0,Bellevue_116th_NE12th
160,0.222216,0.010861,0.01932,0.233333,0.0,0.0,Bellevue_116th_NE12th
161,0.216613,0.00941,0.017916,0.066667,0.0,0.0,Bellevue_116th_NE12th
162,0.215314,0.008939,0.017455,0.366667,0.0,0.0,Bellevue_116th_NE12th
163,0.220404,0.010957,0.019185,0.2,0.0,0.0,Bellevue_116th_NE12th
164,0.213175,0.008203,0.016772,0.2,0.0,0.0,Bellevue_116th_NE12th
165,0.213226,0.007441,0.016342,0.133333,0.0,0.0,Bellevue_116th_NE12th
166,0.214772,0.008882,0.017398,0.2,0.0,0.0,Bellevue_116th_NE12th
167,0.215282,0.008206,0.017068,0.2,0.0,0.0,Bellevue_116th_NE12th
168,0.216634,0.009861,0.018149,0.2,0.0,0.0,Bellevue_116th_NE12th
169,0.22166,0.011679,0.01974,0.166667,0.0,0.0,Bellevue_116th_NE12th
170,0.298133,0.042268,0.045624,0.383333,0.111111,0.05,Bellevue_116th_NE12th
171,0.416284,0.095547,0.076078,0.4,0.033333,0.033333,Bellevue_116th_NE12th
172,0.234263,0.014005,0.022648,0.166667,0.0,0.0,Bellevue_116th_NE12th
173,0.212852,0.007628,0.016421,0.233333,0.0,0.0,Bellevue_116th_NE12th
174,0.214836,0.008132,0.01699,0.1,0.0,0.0,Bellevue_116th_NE12th
175,0.364621,0.064542,0.06465,0.3,0.066667,0.033333,Bellevue_116th_NE12th
176,0.286957,0.03938,0.03972,0.1,0.0,0.0,Bellevue_116th_NE12th
177,0.214073,0.008167,0.016881,0.3,0.0,0.0,Bellevue_116th_NE12th
178,0.210076,0.006824,0.015685,0.3,0.033333,0.0,Bellevue_116th_NE12th
179,0.54839,0.182519,0.103587,0.386111,0.111111,0.083333,Bellevue_116th_NE12th
180,0.532967,0.17001,0.101023,0.4,0.0,0.0,Bellevue_116th_NE12th
181,0.258815,0.02635,0.032271,0.583333,0.216667,0.044444,Bellevue_116th_NE12th
182,0.381368,0.083733,0.068003,0.266667,0.033333,0.066667,Bellevue_116th_NE12th
183,0.219218,0.010199,0.018505,0.3,0.0,0.0,Bellevue_116th_NE12th
184,0.216983,0.008696,0.01746,0.2,0.0,0.0,Bellevue_116th_NE12th
185,0.210758,0.006959,0.015769,0.166667,0.0,0.0,Bellevue_116th_NE12th
186,0.210342,0.006547,0.015495,0.233333,0.0,0.0,Bellevue_116th_NE12th
187,0.210266,0.006106,0.015279,0.233333,0.0,0.0,Bellevue_116th_NE12th
188,0.207376,0.005837,0.014774,0.133333,0.0,0.0,Bellevue_116th_NE12th
189,0.2127,0.007232,0.016134,0.233333,0.0,0.0,Bellevue_116th_NE12th
190,0.21092,0.006329,0.015423,0.166667,0.0,0.0,Bellevue_116th_NE12th
191,0.341269,0.054248,0.057211,0.3,0.033333,0.033333,Bellevue_116th_NE12th
192,0.254506,0.019265,0.027281,0.1,0.0,0.0,Bellevue_116th_NE12th
193,0.48124,0.131064,0.091493,0.633333,0.116667,0.1,Bellevue_116th_NE12th
194,0.52318,0.18495,0.099421,0.55,0.183333,0.033333,Bellevue_116th_NE12th
195,0.520519,0.155405,0.098159,0.266667,0.0,0.0,Bellevue_116th_NE12th
196,0.208154,0.005811,0.014744,0.033333,0.0,0.0,Bellevue_116th_NE12th
197,0.211736,0.007035,0.015929,0.1,0.0,0.0,Bellevue_116th_NE12th
198,0.210078,0.006297,0.015356,0.2,0.0,0.0,Bellevue_116th_NE12th
199,0.212816,0.006801,0.015907,0.133333,0.0,0.0,Bellevue_116th_NE12th
200,0.21578,0.008456,0.017269,0.2,0.0,0.0,Bellevue_116th_NE12th
201,0.216032,0.008356,0.017169,0.166667,0.0,0.0,Bellevue_116th_NE12th
202,0.21908,0.009268,0.018011,0.133333,0.0,0.0,Bellevue_116th_NE12th
203,0.216968,0.008904,0.017516,0.333333,0.0,0.0,Bellevue_116th_NE12th
204,0.217855,0.009539,0.018163,0.4,0.0,0.0,Bellevue_116th_NE12th
205,0.222002,0.011151,0.019526,0.1,0.0,0.0,Bellevue_116th_NE12th
206,0.212958,0.00766,0.016431,0.4,0.166667,0.016667,Bellevue_116th_NE12th
207,0.327262,0.051224,0.054143,0.2,0.133333,0.0,Bellevue_116th_NE12th
208,0.48013,0.136985,0.091771,0.358333,0.1,0.05,Bellevue_116th_NE12th
209,0.226774,0.013306,0.021509,0.166667,0.0,0.0,Bellevue_116th_NE12th
210,0.213164,0.007632,0.01654,0.2,0.0,0.0,Bellevue_116th_NE12th
211,0.216886,0.008285,0.017264,0.233333,0.0,0.0,Bellevue_116th_NE12th
212,0.217521,0.009108,0.017739,0.233333,0.0,0.0,Bellevue_116th_NE12th
213,0.216616,0.008988,0.017598,0.266667,0.0,0.0,Bellevue_116th_NE12th
214,0.248624,0.018354,0.026883,0.366667,0.083333,0.0,Bellevue_116th_NE12th
215,0.302162,0.033345,0.042212,0.3,0.0,0.0,Bellevue_116th_NE12th
216,0.206575,0.00569,0.014568,0.3,0.0,0.0,Bellevue_116th_NE12th
217,0.211787,0.006926,0.015839,0.266667,0.0,0.0,Bellevue_116th_NE12th
218,0.212735,0.007183,0.016146,0.2,0.0,0.0,Bellevue_116th_NE12th
219,0.214829,0.00823,0.016915,0.033333,0.0,0.0,Bellevue_116th_NE12th
220,0.212957,0.00718,0.016075,0.2,0.0,0.0,Bellevue_116th_NE12th
221,0.214578,0.007892,0.016797,0.166667,0.0,0.0,Bellevue_116th_NE12th
222,0.220215,0.009582,0.018404,0.266667,0.0,0.0,Bellevue_116th_NE12th
223,0.388256,0.085289,0.073262,0.476667,0.1,0.033333,Bellevue_116th_NE12th
224,0.362251,0.073265,0.066307,0.466667,0.011111,0.011111,Bellevue_116th_NE12th
225,0.330116,0.050775,0.053907,0.338889,0.016667,0.066667,Bellevue_116th_NE12th
226,0.427918,0.109899,0.080096,0.366667,0.066667,0.066667,Bellevue_116th_NE12th
227,0.216451,0.009643,0.017966,0.266667,0.0,0.0,Bellevue_116th_NE12th
228,0.285624,0.032309,0.03904,0.166667,0.0,0.0,Bellevue_116th_NE12th
229,0.205984,0.005331,0.014338,0.1,0.0,0.0,Bellevue_116th_NE12th
230,0.215601,0.008785,0.017412,0.166667,0.0,0.0,Bellevue_116th_NE12th
231,0.215215,0.008549,0.017281,0.066667,0.0,0.0,Bellevue_116th_NE12th
232,0.219174,0.009314,0.01813,0.266667,0.0,0.0,Bellevue_116th_NE12th
233,0.220003,0.010477,0.018957,0.166667,0.0,0.0,Bellevue_116th_NE12th
234,0.217263,0.009483,0.017958,0.2,0.0,0.0,Bellevue_116th_NE12th
235,0.208978,0.006375,0.015257,0.133333,0.0,0.0,Bellevue_116th_NE12th
236,0.214541,0.008784,0.017366,0.1,0.0,0.0,Bellevue_116th_NE12th
237,0.218202,0.008992,0.017865,0.166667,0.0,0.0,Bellevue_116th_NE12th
238,0.217431,0.009307,0.017954,0.033333,0.0,0.0,Bellevue_116th_NE12th
239,0.215353,0.008579,0.017243,0.166667,0.0,0.0,Bellevue_116th_NE12th
240,0.216635,0.009067,0.017662,0.166667,0.0,0.0,Bellevue_116th_NE12th
241,0.218063,0.00951,0.018103,0.733333,0.0,0.2,Bellevue_116th_NE12th
242,0.519816,0.157201,0.098341,0.433333,0.208333,0.016667,Bellevue_116th_NE12th
243,0.527828,0.175278,0.100449,0.4,0.1,0.033333,Bellevue_116th_NE12th
244,0.259322,0.021241,0.029889,0.3,0.0,0.0,Bellevue_116th_NE12th
245,0.213998,0.007708,0.016713,0.2,0.0,0.0,Bellevue_116th_NE12th
246,0.217338,0.009232,0.017938,0.266667,0.0,0.0,Bellevue_116th_NE12th
247,0.216437,0.008803,0.017611,0.6,0.316667,0.094444,Bellevue_116th_NE12th
248,0.545846,0.192396,0.103024,0.708333,0.327778,0.094444,Bellevue_116th_NE12th
249,0.408841,0.097721,0.076511,0.2,0.0,0.0,Bellevue_116th_NE12th
250,0.21156,0.007779,0.016408,0.033333,0.0,0.0,Bellevue_116th_NE12th
251,0.209594,0.006289,0.015297,0.133333,0.0,0.0,Bellevue_116th_NE12th
252,0.21656,0.008415,0.017297,0.166667,0.0,0.0,Bellevue_116th_NE12th
253,0.215036,0.008777,0.017368,0.1,0.0,0.0,Bellevue_116th_NE12th
254,0.218517,0.009413,0.018106,0.3,0.0,0.0,Bellevue_116th_NE12th
255,0.220323,0.009551,0.018405,0.166667,0.0,0.0,Bellevue_116th_NE12th
256,0.21414,0.007955,0.016664,0.033333,0.0,0.0,Bellevue_116th_NE12th
257,0.219373,0.010234,0.018637,0.0,0.0,0.0,Bellevue_116th_NE12th
258,0.21199,0.007487,0.016236,0.133333,0.0,0.0,Bellevue_116th_NE12th
259,0.210735,0.007108,0.015894,0.066667,0.0,0.0,Bellevue_116th_NE12th
260,0.208944,0.005866,0.014991,0.333333,0.0,0.0,Bellevue_116th_NE12th
261,0.243811,0.01938,0.026642,0.233333,0.0,0.0,Bellevue_116th_NE12th
262,0.322638,0.046954,0.051848,0.3,0.0,0.0,Bellevue_116th_NE12th
263,0.327492,0.051274,0.054186,0.372222,0.0,0.0,Bellevue_116th_NE12th
264,0.506352,0.142762,0.095339,0.605556,0.2,0.1,Bellevue_116th_NE12th
265,0.528062,0.161134,0.09963,0.725,0.352778,0.077778,Bellevue_116th_NE12th
266,0.311949,0.040173,0.045994,0.166667,0.0,0.0,Bellevue_116th_NE12th
267,0.215573,0.009548,0.017873,0.133333,0.0,0.0,Bellevue_116th_NE12th
268,0.214569,0.00872,0.017274,0.2,0.0,0.0,Bellevue_116th_NE12th
269,0.212929,0.007524,0.016438,0.2,0.0,0.0,Bellevue_116th_NE12th
270,0.215553,0.008189,0.017022,0.266667,0.016667,0.05,Bellevue_116th_NE12th
271,0.244845,0.012116,0.023206,0.1,0.0,0.0,Bellevue_116th_NE12th
272,0.214915,0.008088,0.016852,0.166667,0.0,0.0,Bellevue_116th_NE12th
273,0.209489,0.005795,0.014987,0.133333,0.0,0.0,Bellevue_116th_NE12th
274,0.208176,0.005435,0.014532,0.133333,0.0,0.0,Bellevue_116th_NE12th
275,0.236028,0.012309,0.022051,0.344444,0.116667,0.0,Bellevue_116th_NE12th
276,0.349145,0.076,0.059716,0.45,0.116667,0.05,Bellevue_116th_NE12th
277,0.343054,0.052563,0.057392,0.3,0.0,0.0,Bellevue_116th_NE12th
278,0.21034,0.006441,0.015257,0.366667,0.116667,0.033333,Bellevue_116th_NE12th
279,0.266643,0.031754,0.033788,0.066667,0.0,0.0,Bellevue_116th_NE12th
280,0.213978,0.007209,0.01616,0.3,0.033333,0.066667,Bellevue_116th_NE12th
281,0.193905,0.000629,0.010955,0.266667,0.0,0.0,Bellevue_116th_NE12th
282,0.210821,0.006097,0.015224,0.2,0.0,0.0,Bellevue_116th_NE12th
283,0.215035,0.007281,0.016464,0.166667,0.0,0.0,Bellevue_116th_NE12th
284,0.215165,0.007694,0.016603,0.266667,0.0,0.0,Bellevue_116th_NE12th
285,0.216003,0.008679,0.017291,0.1,0.0,0.0,Bellevue_116th_NE12th
286,0.20746,0.006108,0.014806,0.266667,0.0,0.0,Bellevue_116th_NE12th
287,0.338014,0.051622,0.056137,0.283333,0.0,0.033333,Bellevue_116th_NE12th
288,0.436928,0.1139,0.082907,0.233333,0.0,0.0,Bellevue_116th_NE12th
289,0.218206,0.008754,0.01757,0.2,0.0,0.0,Bellevue_116th_NE12th
290,0.220395,0.009972,0.018527,0.3,0.0,0.0,Bellevue_116th_NE12th
291,0.209165,0.005408,0.014603,0.266667,0.0,0.0,Bellevue_116th_NE12th
292,0.210164,0.006,0.015119,0.166667,0.0,0.0,Bellevue_116th_NE12th
293,0.202992,0.003054,0.012611,0.166667,0.0,0.0,Bellevue_116th_NE12th
294,0.209639,0.005712,0.014977,0.522222,0.111111,0.083333,Bellevue_116th_NE12th
295,0.528005,0.156269,0.098984,0.5,0.083333,0.133333,Bellevue_116th_NE12th
296,0.380721,0.067792,0.068309,0.166667,0.0,0.0,Bellevue_116th_NE12th
297,0.214754,0.007092,0.016197,0.066667,0.0,0.0,Bellevue_116th_NE12th
298,0.209931,0.005575,0.014671,0.166667,0.0,0.0,Bellevue_116th_NE12th
299,0.208513,0.005758,0.014693,0.166667,0.0,0.0,Bellevue_116th_NE12th
300,0.212035,0.006892,0.015808,0.2,0.0,0.0,Bellevue_116th_NE12th
301,0.211624,0.006576,0.015649,0.133333,0.0,0.0,Bellevue_116th_NE12th
302,0.216095,0.008567,0.017311,0.266667,0.0,0.0,Bellevue_116th_NE12th
303,0.215189,0.008315,0.017113,0.066667,0.0,0.0,Bellevue_116th_NE12th
304,0.214088,0.007947,0.016759,0.266667,0.0,0.0,Bellevue_116th_NE12th
305,0.216284,0.008785,0.017419,0.133333,0.0,0.0,Bellevue_116th_NE12th
306,0.218998,0.009128,0.017881,0.658333,0.105556,0.152778,Bellevue_116th_NE12th
307,0.58656,0.216278,0.110132,0.687222,0.478889,0.036111,Bellevue_116th_NE12th
308,0.461144,0.12494,0.087379,0.2,0.0,0.0,Bellevue_116th_NE12th
309,0.220476,0.011492,0.019569,0.411111,0.088889,0.022222,Bellevue_116th_NE12th
310,0.541139,0.17159,0.102059,0.461667,0.152778,0.055556,Bellevue_116th_NE12th
311,0.441842,0.125048,0.085038,0.466667,0.1,0.066667,Bellevue_116th_NE12th
312,0.42052,0.102374,0.081216,0.402778,0.2,0.033333,Bellevue_116th_NE12th
313,0.342958,0.07616,0.063394,0.272222,0.033333,0.0,Bellevue_116th_NE12th
314,0.234134,0.016133,0.023851,0.25,0.066667,0.066667,Bellevue_116th_NE12th
315,0.502485,0.163994,0.096268,0.533333,0.361111,0.033333,Bellevue_116th_NE12th
316,0.518075,0.180222,0.100245,0.305556,0.044444,0.0,Bellevue_116th_NE12th
317,0.226232,0.013265,0.021352,0.133333,0.0,0.0,Bellevue_116th_NE12th
318,0.224989,0.012112,0.02047,0.45,0.033333,0.216667,Bellevue_116th_NE12th
319,0.415032,0.098964,0.079567,0.3,0.033333,0.083333,Bellevue_116th_NE12th
320,0.22459,0.011235,0.020109,0.166667,0.0,0.0,Bellevue_116th_NE12th
321,0.22023,0.009468,0.018403,0.3,0.0,0.0,Bellevue_116th_NE12th
322,0.274812,0.027314,0.035077,0.2,0.0,0.0,Bellevue_116th_NE12th
323,0.216335,0.009045,0.017647,0.166667,0.0,0.0,Bellevue_116th_NE12th
324,0.209087,0.00601,0.015001,0.166667,0.0,0.0,Bellevue_116th_NE12th
325,0.21269,0.007383,0.016251,0.033333,0.0,0.0,Bellevue_116th_NE12th
326,0.211341,0.006186,0.015438,0.1,0.0,0.0,Bellevue_116th_NE12th
327,0.216453,0.008526,0.017317,0.505556,0.133333,0.1,Bellevue_116th_NE12th
328,0.233429,0.011686,0.021336,0.266667,0.0,0.0,Bellevue_116th_NE12th
329,0.245924,0.020858,0.027794,0.233333,0.0,0.0,Bellevue_116th_NE12th
330,0.214511,0.008032,0.016854,0.233333,0.0,0.0,Bellevue_116th_NE12th
331,0.220481,0.010036,0.018724,0.516667,0.05,0.033333,Bellevue_116th_NE12th
332,0.426722,0.102431,0.080297,0.333333,0.066667,0.066667,Bellevue_116th_NE12th
333,0.358782,0.0616,0.062655,0.2,0.0,0.0,Bellevue_116th_NE12th
334,0.359768,0.062165,0.063122,0.266667,0.055556,0.0,Bellevue_116th_NE12th
335,0.494313,0.151443,0.094198,0.433333,0.122222,0.0,Bellevue_116th_NE12th
336,0.333694,0.053446,0.056169,0.233333,0.0,0.0,Bellevue_116th_NE12th
337,0.210402,0.006653,0.015606,0.2,0.0,0.0,Bellevue_116th_NE12th
338,0.210579,0.006781,0.015718,0.233333,0.0,0.0,Bellevue_116th_NE12th
339,0.298734,0.039635,0.044471,0.45,0.061111,0.066667,Bellevue_116th_NE12th
340,0.521953,0.155665,0.098356,0.363889,0.0,0.058333,Bellevue_116th_NE12th
341,0.250885,0.027348,0.030368,0.544444,0.188889,0.022222,Bellevue_116th_NE12th
342,0.537682,0.180746,0.102218,0.813889,0.463889,0.108333,Bellevue_116th_NE12th
343,0.436455,0.116506,0.083435,0.5,0.216667,0.0,Bellevue_116th_NE12th
344,0.288937,0.036093,0.041258,0.494444,0.083333,0.0,Bellevue_116th_NE12th
345,0.394529,0.081115,0.074163,0.2,0.0,0.0,Bellevue_116th_NE12th
346,0.213672,0.007842,0.016671,0.266667,0.0,0.0,Bellevue_116th_NE12th
347,0.207198,0.005392,0.014502,0.066667,0.0,0.0,Bellevue_116th_NE12th
348,0.223972,0.009703,0.018957,0.283333,0.083333,0.033333,Bellevue_116th_NE12th
349,0.567896,0.199447,0.106885,0.25,0.066667,0.0,Bellevue_116th_NE12th
350,0.502643,0.157306,0.096368,0.3,0.0,0.0,Bellevue_116th_NE12th
351,0.219354,0.01056,0.018874,0.4,0.0,0.0,Bellevue_116th_NE12th
352,0.210577,0.006764,0.015658,0.366667,0.027778,0.083333,Bellevue_116th_NE12th
353,0.427429,0.099031,0.081616,0.533333,0.083333,0.35,Bellevue_116th_NE12th
354,0.40528,0.093112,0.076426,0.7,0.0,0.7,Bellevue_116th_NE12th
355,0.208842,0.005738,0.014904,0.416667,0.0,0.0,Bellevue_116th_NE12th
356,0.560686,0.18281,0.105014,0.588889,0.2,0.133333,Bellevue_116th_NE12th
357,0.42376,0.101083,0.081456,0.15,0.066667,0.0,Bellevue_116th_NE12th
358,0.42039,0.100837,0.081057,0.683333,0.25,0.1,Bellevue_116th_NE12th
359,0.363075,0.091657,0.065049,0.25,0.033333,0.0,Bellevue_116th_NE12th
360,0.535652,0.182439,0.101652,0.555556,0.133333,0.183333,Bellevue_116th_NE12th
361,0.349649,0.055528,0.059444,0.2,0.0,0.0,Bellevue_116th_NE12th
362,0.212914,0.007303,0.016263,0.233333,0.0,0.0,Bellevue_116th_NE12th
363,0.24614,0.019982,0.027225,0.483333,0.033333,0.016667,Bellevue_116th_NE12th
364,0.224754,0.00772,0.017614,0.2,0.0,0.0,Bellevue_116th_NE12th
365,0.219219,0.009264,0.018079,0.233333,0.0,0.0,Bellevue_116th_NE12th
366,0.213649,0.007536,0.016363,0.233333,0.0,0.0,Bellevue_116th_NE12th
367,0.214074,0.008045,0.01674,0.233333,0.0,0.0,Bellevue_116th_NE12th
368,0.203628,0.004081,0.013262,0.2,0.0,0.0,Bellevue_116th_NE12th
369,0.208845,0.005726,0.014837,0.166667,0.0,0.0,Bellevue_116th_NE12th
370,0.309614,0.039233,0.046118,0.333333,0.033333,0.0,Bellevue_116th_NE12th
371,0.417303,0.102904,0.080081,0.383333,0.1,0.15,Bellevue_116th_NE12th
372,0.47908,0.126243,0.090724,0.516667,0.033333,0.066667,Bellevue_116th_NE12th
373,0.53431,0.162717,0.100411,0.605556,0.066667,0.0,Bellevue_116th_NE12th
374,0.375958,0.076332,0.069295,0.266667,0.066667,0.016667,Bellevue_116th_NE12th
375,0.306106,0.041291,0.045197,0.5,0.15,0.033333,Bellevue_116th_NE12th
376,0.337551,0.052834,0.055789,0.3,0.0,0.0,Bellevue_116th_NE12th
377,0.21635,0.008833,0.017401,0.166667,0.0,0.0,Bellevue_116th_NE12th
378,0.207582,0.00549,0.014506,0.266667,0.0,0.0,Bellevue_116th_NE12th
379,0.209664,0.005961,0.015071,0.066667,0.0,0.0,Bellevue_116th_NE12th
380,0.217215,0.008232,0.017202,0.2,0.0,0.0,Bellevue_116th_NE12th
381,0.217067,0.008394,0.017295,0.3,0.0,0.0,Bellevue_116th_NE12th
382,0.222777,0.010721,0.019219,0.3,0.0,0.0,Bellevue_116th_NE12th
383,0.211584,0.006984,0.015798,0.166667,0.0,0.0,Bellevue_116th_NE12th
384,0.436476,0.110546,0.084223,0.188889,0.1,0.0,Bellevue_116th_NE12th
385,0.525398,0.173798,0.099838,0.241667,0.0,0.016667,Bellevue_116th_NE12th
386,0.244511,0.017706,0.02605,0.3,0.0,0.0,Bellevue_116th_NE12th
387,0.228487,0.012292,0.021076,0.533333,0.0,0.35,Bellevue_116th_NE12th
388,0.523262,0.168456,0.09966,0.616667,0.111111,0.15,Bellevue_116th_NE12th
389,0.38905,0.079615,0.072645,0.566667,0.0,0.0,Bellevue_116th_NE12th
390,0.228148,0.015725,0.022771,0.166667,0.0,0.0,Bellevue_116th_NE12th
391,0.213974,0.008081,0.016751,0.55,0.233333,0.0,Bellevue_116th_NE12th
392,0.549098,0.192756,0.10366,0.358333,0.116667,0.15,Bellevue_116th_NE12th
393,0.485632,0.150838,0.093296,0.3,0.0,0.033333,Bellevue_116th_NE12th
394,0.305147,0.044975,0.048041,0.5,0.044444,0.033333,Bellevue_116th_NE12th
395,0.287559,0.02636,0.036475,0.366667,0.0,0.0,Bellevue_116th_NE12th
396,0.214487,0.007307,0.016348,0.166667,0.0,0.0,Bellevue_116th_NE12th
397,0.21572,0.007948,0.016863,0.233333,0.0,0.033333,Bellevue_116th_NE12th
398,0.203096,0.003386,0.012924,0.3,0.0,0.0,Bellevue_116th_NE12th
399,0.21557,0.008087,0.01685,0.4,0.0,0.0,Bellevue_116th_NE12th
400,0.346143,0.054442,0.058578,0.555556,0.183333,0.116667,Bellevue_116th_NE12th
401,0.545833,0.20801,0.103385,0.511667,0.165,0.015,Bellevue_116th_NE12th
402,0.514259,0.169454,0.09905,0.521111,0.233333,0.094444,Bellevue_116th_NE12th
403,0.416642,0.098605,0.078531,0.616667,0.266667,0.033333,Bellevue_116th_NE12th
404,0.219729,0.007262,0.016451,0.833333,0.0,0.0,Bellevue_116th_NE12th
405,0.210693,0.00461,0.014262,0.133333,0.0,0.0,Bellevue_116th_NE12th
406,0.217515,0.008897,0.017673,0.2,0.0,0.0,Bellevue_116th_NE12th
407,0.332446,0.055143,0.055859,0.366667,0.066667,0.0,Bellevue_116th_NE12th
408,0.320369,0.039318,0.047716,0.166667,0.0,0.0,Bellevue_116th_NE12th
409,0.20783,0.005071,0.014263,0.438889,0.027778,0.033333,Bellevue_116th_NE12th
410,0.527737,0.157872,0.099076,0.277778,0.0,0.016667,Bellevue_116th_NE12th
411,0.458537,0.11686,0.087634,0.572222,0.2,0.1,Bellevue_116th_NE12th
412,0.410605,0.094601,0.077485,0.35,0.15,0.0,Bellevue_116th_NE12th
413,0.213077,0.00626,0.015603,0.4,0.0,0.0,Bellevue_116th_NE12th
414,0.215224,0.007575,0.016466,0.133333,0.0,0.0,Bellevue_116th_NE12th
415,0.513157,0.152548,0.097038,0.333333,0.066667,0.066667,Bellevue_116th_NE12th
416,0.492761,0.135943,0.093175,0.666667,0.233333,0.233333,Bellevue_116th_NE12th
417,0.409927,0.08934,0.076733,0.2,0.0,0.0,Bellevue_116th_NE12th
418,0.373934,0.080946,0.070272,0.85,0.594444,0.033333,Bellevue_116th_NE12th
419,0.461249,0.120728,0.088094,0.444444,0.2,0.0,Bellevue_116th_NE12th
420,0.216302,0.009177,0.017801,0.62,0.161111,0.061111,Bellevue_116th_NE12th
421,0.510155,0.15657,0.0969,0.738889,0.422222,0.033333,Bellevue_116th_NE12th
422,0.468494,0.129181,0.089715,0.372222,0.05,0.033333,Bellevue_116th_NE12th
423,0.238174,0.016062,0.024239,0.2,0.0,0.0,Bellevue_116th_NE12th
424,0.21606,0.008419,0.01718,0.5,0.0,0.233333,Bellevue_116th_NE12th
425,0.52499,0.169258,0.099519,0.683889,0.086111,0.072222,Bellevue_116th_NE12th
426,0.41819,0.102846,0.07911,0.538889,0.05,0.016667,Bellevue_116th_NE12th
427,0.252567,0.017008,0.026418,0.3,0.0,0.0,Bellevue_116th_NE12th
428,0.294089,0.036969,0.04239,0.1,0.0,0.0,Bellevue_116th_NE12th
429,0.24509,0.01439,0.024101,0.4,0.0,0.0,Bellevue_116th_NE12th
430,0.212464,0.005122,0.014677,0.266667,0.0,0.0,Bellevue_116th_NE12th
431,0.231501,0.010321,0.02029,0.833333,0.0,0.5,Bellevue_116th_NE12th
432,0.436494,0.108941,0.084311,0.711111,0.130556,0.219444,Bellevue_116th_NE12th
433,0.457224,0.124667,0.087214,0.133333,0.033333,0.0,Bellevue_116th_NE12th
434,0.345186,0.080111,0.060905,0.488889,0.383333,0.044444,Bellevue_116th_NE12th
435,0.561336,0.207436,0.106198,0.427778,0.183333,0.033333,Bellevue_116th_NE12th
436,0.532751,0.171517,0.10108,0.405556,0.188889,0.044444,Bellevue_116th_NE12th
437,0.476243,0.151412,0.091842,0.183333,0.027778,0.0,Bellevue_116th_NE12th
438,0.51394,0.168341,0.098889,0.538889,0.1,0.05,Bellevue_116th_NE12th
439,0.448091,0.118495,0.086106,0.5,0.133333,0.1,Bellevue_116th_NE12th
440,0.269112,0.025868,0.033384,0.4,0.0,0.0,Bellevue_116th_NE12th
441,0.359273,0.067297,0.06387,0.191667,0.0,0.033333,Bellevue_116th_NE12th
442,0.490829,0.142259,0.093085,0.672222,0.033333,0.027778,Bellevue_116th_NE12th
443,0.54411,0.196626,0.104365,0.530556,0.141111,0.08,Bellevue_116th_NE12th
444,0.549336,0.205123,0.105568,0.466667,0.191667,0.016667,Bellevue_116th_NE12th
445,0.489841,0.181847,0.097363,0.35,0.088889,0.0,Bellevue_116th_NE12th
446,0.522207,0.191356,0.101572,0.575556,0.175,0.155556,Bellevue_116th_NE12th
447,0.485075,0.180339,0.096723,0.288889,0.1,0.05,Bellevue_116th_NE12th
448,0.439644,0.161705,0.08948,0.266667,0.05,0.033333,Bellevue_116th_NE12th
449,0.46454,0.170376,0.093634,0.497222,0.055556,0.525,Bellevue_116th_NE12th
450,0.509166,0.187048,0.099848,0.478333,0.109286,0.038333,Bellevue_116th_NE12th
451,0.527778,0.19426,0.102405,0.876984,0.582341,0.116429,Bellevue_116th_NE12th
452,0.510916,0.186806,0.100002,0.52627,0.154444,0.047222,Bellevue_116th_NE12th
453,0.590469,0.202927,0.109875,0.522222,0.094444,0.052778,Bellevue_116th_NE12th
454,0.505504,0.175813,0.098599,0.566667,0.083333,0.233333,Bellevue_116th_NE12th
455,0.489026,0.175172,0.096756,0.291667,0.077778,0.05,Bellevue_116th_NE12th
456,0.482698,0.173014,0.095919,0.411111,0.166667,0.066667,Bellevue_116th_NE12th
457,0.458996,0.166028,0.092709,0.541667,0.208889,0.109444,Bellevue_116th_NE12th
458,0.518319,0.193222,0.101302,0.66172,0.252315,0.163823,Bellevue_116th_NE12th
459,0.559931,0.201909,0.106474,0.564405,0.14123,0.095873,Bellevue_116th_NE12th
460,0.533793,0.154749,0.099357,0.633333,0.072222,0.041667,Bellevue_116th_NE12th
461,0.513837,0.176269,0.099518,0.416111,0.136667,0.041667,Bellevue_116th_NE12th
462,0.525233,0.184361,0.101373,0.437222,0.068333,0.081111,Bellevue_116th_NE12th
463,0.485764,0.169975,0.095997,0.555556,0.461111,0.0,Bellevue_116th_NE12th
464,0.484682,0.167867,0.095722,0.4,0.033333,0.1,Bellevue_116th_NE12th
465,0.427559,0.152482,0.087249,0.066667,0.033333,0.033333,Bellevue_116th_NE12th
466,0.461464,0.165879,0.092743,0.383333,0.116667,0.05,Bellevue_116th_NE12th
467,0.475922,0.171859,0.095083,0.363889,0.125,0.041667,Bellevue_116th_NE12th
468,0.503131,0.184595,0.099002,0.475,0.263889,0.052778,Bellevue_116th_NE12th
469,0.495897,0.177311,0.097659,0.387778,0.122222,0.05,Bellevue_116th_NE12th
470,0.461067,0.165562,0.092643,0.488889,0.177778,0.066667,Bellevue_116th_NE12th
471,0.415497,0.149477,0.084949,0.190556,0.036667,0.025,Bellevue_116th_NE12th
472,0.467973,0.168127,0.09363,0.567222,0.297778,0.065,Bellevue_116th_NE12th
473,0.482311,0.174694,0.095999,0.30381,0.109762,0.063095,Bellevue_116th_NE12th
474,0.417229,0.143821,0.08514,0.416667,0.233333,0.0,Bellevue_116th_NE12th
475,0.454776,0.159542,0.091433,0.605556,0.083333,0.116667,Bellevue_116th_NE12th
476,0.41135,0.144341,0.084149,0.283333,0.116667,0.0,Bellevue_116th_NE12th
477,0.46232,0.160475,0.092408,0.466667,0.066667,0.166667,Bellevue_116th_NE12th
478,0.472687,0.16347,0.094102,0.486111,0.166667,0.125,Bellevue_116th_NE12th
479,0.462418,0.14863,0.091673,0.586111,0.122222,0.111111,Bellevue_116th_NE12th
480,0.448156,0.151125,0.089687,0.533333,0.15,0.05,Bellevue_116th_NE12th
481,0.438439,0.148119,0.088572,0.477381,0.045833,0.067778,Bellevue_116th_NE12th
482,0.469213,0.155806,0.093069,0.538135,0.123452,0.042857,Bellevue_116th_NE12th
483,0.494327,0.159571,0.096028,0.508189,0.121234,0.038005,Bellevue_116th_NE12th
484,0.486419,0.149178,0.094096,0.628373,0.061706,0.154484,Bellevue_116th_NE12th
485,0.50073,0.137467,0.094154,0.700397,0.133968,0.181984,Bellevue_116th_NE12th
486,0.4466,0.138782,0.0888,0.527778,0.147222,0.177778,Bellevue_116th_NE12th
487,0.467467,0.149207,0.092244,0.386111,0.105,0.302778,Bellevue_116th_NE12th
488,0.44592,0.142799,0.08887,0.412468,0.1618,0.031999,Bellevue_116th_NE12th
489,0.47366,0.150645,0.093011,0.592411,0.121961,0.130402,Bellevue_116th_NE12th
490,0.448748,0.146545,0.089658,0.734272,0.126177,0.247077,Bellevue_116th_NE12th
491,0.435545,0.125856,0.086059,0.534524,0.132778,0.046667,Bellevue_116th_NE12th
492,0.481411,0.132912,0.091739,0.488889,0.15,0.066667,Bellevue_116th_NE12th
493,0.460938,0.127813,0.089164,0.365556,0.056667,0.0,Bellevue_116th_NE12th
494,0.448229,0.12918,0.088081,0.546667,0.111111,0.053889,Bellevue_116th_NE12th
495,0.441244,0.125465,0.086819,0.630556,0.105556,0.066667,Bellevue_116th_NE12th
496,0.431086,0.127606,0.085559,0.616587,0.199683,0.102222,Bellevue_116th_NE12th
497,0.447184,0.135712,0.088519,0.497923,0.102884,0.092116,Bellevue_116th_NE12th
498,0.482795,0.121844,0.090588,0.867063,0.523968,0.113651,Bellevue_116th_NE12th
499,0.467702,0.105449,0.087223,0.720476,0.15123,0.164167,Bellevue_116th_NE12th
500,0.461438,0.124623,0.088849,0.573452,0.134246,0.085913,Bellevue_116th_NE12th
501,0.449678,0.129541,0.088263,0.521111,0.061561,0.095172,Bellevue_116th_NE12th
502,0.43774,0.13616,0.087124,0.556587,0.13754,0.058095,Bellevue_116th_NE12th
503,0.429439,0.135994,0.085926,0.518333,0.076667,0.052222,Bellevue_116th_NE12th
504,0.430447,0.135317,0.085981,0.45,0.05,0.05,Bellevue_116th_NE12th
505,0.442665,0.137839,0.088129,0.541667,0.080556,0.211111,Bellevue_116th_NE12th
506,0.428665,0.130524,0.085455,0.544299,0.138611,0.058651,Bellevue_116th_NE12th
507,0.424146,0.132539,0.084848,0.66627,0.036111,0.034444,Bellevue_116th_NE12th
508,0.425882,0.135598,0.085305,0.505556,0.159484,0.024802,Bellevue_116th_NE12th
509,0.432283,0.13435,0.086355,0.506905,0.282685,0.008929,Bellevue_116th_NE12th
510,0.440694,0.138507,0.087882,0.574401,0.178496,0.048387,Bellevue_116th_NE12th
511,0.434214,0.13582,0.086589,0.580159,0.055,0.125,Bellevue_116th_NE12th
512,0.431549,0.131564,0.085911,0.568016,0.110635,0.101667,Bellevue_116th_NE12th
513,0.427773,0.135614,0.085597,0.450556,0.095,0.058333,Bellevue_116th_NE12th
514,0.433088,0.139923,0.086801,0.40004,0.046984,0.059841,Bellevue_116th_NE12th
515,0.41952,0.131939,0.084225,0.609365,0.135873,0.085873,Bellevue_116th_NE12th
516,0.423934,0.134242,0.084979,0.416667,0.152778,0.069444,Bellevue_116th_NE12th
517,0.422099,0.130679,0.084529,0.408611,0.178333,0.027778,Bellevue_116th_NE12th
518,0.445893,0.135283,0.088446,0.621047,0.197629,0.12934,Bellevue_116th_NE12th
519,0.45127,0.129186,0.088385,0.57026,0.171037,0.134221,Bellevue_116th_NE12th
520,0.441905,0.134213,0.087849,0.530152,0.173785,0.108469,Bellevue_116th_NE12th
521,0.441564,0.128203,0.087306,0.680754,0.113889,0.105423,Bellevue_116th_NE12th
522,0.422294,0.132394,0.084475,0.61345,0.078163,0.087964,Bellevue_116th_NE12th
523,0.429552,0.136883,0.085962,0.59119,0.063413,0.124206,Bellevue_116th_NE12th
524,0.421843,0.137747,0.084814,0.360556,0.108333,0.1,Bellevue_116th_NE12th
525,0.439243,0.137203,0.087422,0.630556,0.219444,0.141667,Bellevue_116th_NE12th
526,0.433606,0.134564,0.086273,0.481587,0.102222,0.011111,Bellevue_116th_NE12th
527,0.431003,0.133229,0.085882,0.618254,0.040556,0.064444,Bellevue_116th_NE12th
528,0.416118,0.133729,0.083677,0.627778,0.102778,0.052778,Bellevue_116th_NE12th
529,0.426478,0.137288,0.085475,0.454444,0.058796,0.049392,Bellevue_116th_NE12th
530,0.415459,0.132325,0.08359,0.595394,0.226629,0.028468,Bellevue_116th_NE12th
531,0.43445,0.136919,0.086811,0.806429,0.221508,0.081905,Bellevue_116th_NE12th
532,0.429849,0.133622,0.085875,0.699048,0.057937,0.085595,Bellevue_116th_NE12th
533,0.41675,0.132892,0.083704,0.388889,0.04,0.044444,Bellevue_116th_NE12th
534,0.43187,0.134071,0.086005,0.766945,0.134444,0.086111,Bellevue_116th_NE12th
535,0.413107,0.121839,0.082301,0.706071,0.168968,0.036111,Bellevue_116th_NE12th
536,0.440311,0.134973,0.087767,0.674444,0.140754,0.076151,Bellevue_116th_NE12th
537,0.480778,0.11605,0.089747,0.746773,0.216309,0.056406,Bellevue_116th_NE12th
538,0.47749,0.109722,0.088651,0.744885,0.313996,0.039882,Bellevue_116th_NE12th
539,0.418431,0.130461,0.083767,0.603199,0.073017,0.052977,Bellevue_116th_NE12th
540,0.424836,0.134408,0.085179,0.591438,0.103193,0.082267,Bellevue_116th_NE12th
541,0.457438,0.122488,0.088219,0.727364,0.145664,0.111708,Bellevue_116th_NE12th
542,0.428609,0.134412,0.085659,0.637644,0.158058,0.061934,Bellevue_116th_NE12th
543,0.429296,0.135276,0.085814,0.634619,0.102885,0.120654,Bellevue_116th_NE12th
544,0.453529,0.140236,0.089815,0.648889,0.140476,0.027024,Bellevue_116th_NE12th
545,0.443204,0.134165,0.08784,0.566667,0.0,0.066667,Bellevue_116th_NE12th
546,0.438016,0.132074,0.086751,0.352778,0.05,0.159444,Bellevue_116th_NE12th
547,0.439327,0.133926,0.087259,0.726667,0.155317,0.051111,Bellevue_116th_NE12th
548,0.442342,0.135126,0.087662,0.744444,0.158333,0.011111,Bellevue_116th_NE12th
549,0.430277,0.134216,0.085779,0.569579,0.145505,0.07479,Bellevue_116th_NE12th
550,0.439418,0.134298,0.087352,0.527763,0.027197,0.055744,Bellevue_116th_NE12th
551,0.435278,0.132637,0.086527,0.624582,0.129447,0.008889,Bellevue_116th_NE12th
552,0.42391,0.125014,0.084531,0.683743,0.160052,0.082596,Bellevue_116th_NE12th
553,0.423582,0.136433,0.084971,0.756218,0.109575,0.043911,Bellevue_116th_NE12th
554,0.441007,0.133171,0.087707,0.588404,0.089063,0.041867,Bellevue_116th_NE12th
555,0.429627,0.134279,0.086111,0.574607,0.067939,0.094283,Bellevue_116th_NE12th
556,0.419962,0.133098,0.084616,0.650895,0.18312,0.067373,Bellevue_116th_NE12th
557,0.42426,0.136329,0.085095,0.453468,0.071221,0.064299,Bellevue_116th_NE12th
558,0.434426,0.13298,0.086432,0.566141,0.04349,0.084298,Bellevue_116th_NE12th
559,0.448269,0.131904,0.088287,0.483625,0.059926,0.098269,Bellevue_116th_NE12th
560,0.4296,0.130779,0.085877,0.56727,0.134901,0.058599,Bellevue_116th_NE12th
561,0.409911,0.132238,0.082934,0.50602,0.088792,0.048952,Bellevue_116th_NE12th
562,0.442331,0.133039,0.087503,0.526297,0.049059,0.042554,Bellevue_116th_NE12th
563,0.467774,0.135627,0.090714,0.554042,0.117753,0.013401,Bellevue_116th_NE12th
564,0.457848,0.118592,0.087787,0.779603,0.240119,0.075357,Bellevue_116th_NE12th
565,0.438443,0.133827,0.087357,0.642222,0.134444,0.108333,Bellevue_116th_NE12th
566,0.448539,0.13063,0.088213,0.633333,0.138889,0.172222,Bellevue_116th_NE12th
567,0.446998,0.132962,0.088102,0.513889,0.058796,0.026706,Bellevue_116th_NE12th
568,0.454527,0.134631,0.089325,0.60658,0.108896,0.045437,Bellevue_116th_NE12th
569,0.45897,0.132646,0.089536,0.381954,0.07462,0.026263,Bellevue_116th_NE12th
570,0.451149,0.133612,0.08886,0.280423,0.0,0.014484,Bellevue_116th_NE12th
571,0.464191,0.135023,0.090313,0.469444,0.077778,0.078333,Bellevue_116th_NE12th
572,0.460962,0.134011,0.089889,0.62504,0.171746,0.134193,Bellevue_116th_NE12th
573,0.44016,0.131634,0.087304,0.544899,0.138917,0.043164,Bellevue_116th_NE12th
574,0.444235,0.135233,0.088358,0.462552,0.081159,0.082962,Bellevue_116th_NE12th
575,0.485504,0.144238,0.093445,0.720556,0.236667,0.055,Bellevue_116th_NE12th
576,0.461267,0.132707,0.089757,0.334722,0.09,0.062222,Bellevue_116th_NE12th
577,0.469852,0.133837,0.090727,0.399652,0.083295,0.042335,Bellevue_116th_NE12th
578,0.464601,0.138613,0.090739,0.452793,0.056397,0.101906,Bellevue_116th_NE12th
579,0.45703,0.142467,0.090481,0.527835,0.11838,0.089791,Bellevue_116th_NE12th
580,0.47773,0.140705,0.092303,0.672222,0.040556,0.015,Bellevue_116th_NE12th
581,0.463836,0.133075,0.090064,0.579471,0.235066,0.034444,Bellevue_116th_NE12th
582,0.455356,0.133828,0.089312,0.52928,0.218071,0.023319,Bellevue_116th_NE12th
583,0.458717,0.132219,0.089437,0.483537,0.097066,0.022505,Bellevue_116th_NE12th
584,0.461499,0.133924,0.08991,0.552758,0.109926,0.040768,Bellevue_116th_NE12th
585,0.56685,0.162585,0.103475,0.482269,0.148391,0.054359,Bellevue_116th_NE12th
586,0.594241,0.162156,0.106093,0.475705,0.042862,0.116246,Bellevue_116th_NE12th
587,0.579024,0.16898,0.105384,0.509031,0.050837,0.068242,Bellevue_116th_NE12th
588,0.507608,0.1456,0.095757,0.479147,0.098781,0.042211,Bellevue_116th_NE12th
589,0.512381,0.144319,0.096057,0.436398,0.09397,0.067452,Bellevue_116th_NE12th
590,0.480231,0.139572,0.092378,0.330904,0.039842,0.062755,Bellevue_116th_NE12th
591,0.51531,0.144164,0.096359,0.43166,0.067302,0.036121,Bellevue_116th_NE12th
592,0.508135,0.143454,0.095566,0.564426,0.073826,0.057275,Bellevue_116th_NE12th
593,0.465835,0.134432,0.090406,0.443175,0.136172,0.064987,Bellevue_116th_NE12th
594,0.549941,0.15865,0.101345,0.531206,0.174991,0.07205,Bellevue_116th_NE12th
595,0.630741,0.166203,0.109748,0.573696,0.053111,0.10874,Bellevue_116th_NE12th
596,0.592827,0.175987,0.107522,0.664312,0.086852,0.084854,Bellevue_116th_NE12th
597,0.562787,0.161262,0.102921,0.600952,0.137222,0.044762,Bellevue_116th_NE12th
598,0.463172,0.133723,0.090077,0.505823,0.115732,0.041987,Bellevue_116th_NE12th
599,0.549396,0.157099,0.101114,0.665854,0.163018,0.081601,Bellevue_116th_NE12th
600,0.550142,0.163648,0.101938,0.617196,0.151958,0.042169,Bellevue_116th_NE12th
601,0.591379,0.168717,0.106564,0.569686,0.088056,0.041049,Bellevue_116th_NE12th
602,0.513838,0.143613,0.096104,0.421043,0.10905,0.026649,Bellevue_116th_NE12th
603,0.545258,0.154206,0.10036,0.708975,0.137007,0.155126,Bellevue_116th_NE12th
604,0.581959,0.15373,0.103292,0.620221,0.091735,0.044101,Bellevue_116th_NE12th
605,0.530064,0.150721,0.098544,0.579191,0.075358,0.167964,Bellevue_116th_NE12th
606,0.551953,0.160913,0.101821,0.690833,0.107778,0.077222,Bellevue_116th_NE12th
607,0.488808,0.138061,0.093075,0.47944,0.065216,0.075081,Bellevue_116th_NE12th
608,0.45838,0.134381,0.08968,0.656047,0.071344,0.084487,Bellevue_116th_NE12th
609,0.535008,0.15182,0.099149,0.603902,0.064625,0.05907,Bellevue_116th_NE12th
610,0.475421,0.139627,0.09191,0.485445,0.058131,0.072246,Bellevue_116th_NE12th
611,0.555775,0.160447,0.102129,0.612466,0.082434,0.041931,Bellevue_116th_NE12th
612,0.52781,0.15043,0.098273,0.56421,0.052771,0.027079,Bellevue_116th_NE12th
613,0.501049,0.146455,0.095182,0.54519,0.11078,0.040808,Bellevue_116th_NE12th
614,0.558129,0.16111,0.102445,0.650992,0.089206,0.08,Bellevue_116th_NE12th
615,0.546339,0.155146,0.10063,0.635013,0.137103,0.031944,Bellevue_116th_NE12th
616,0.582567,0.167166,0.105507,0.671043,0.101235,0.030438,Bellevue_116th_NE12th
617,0.457879,0.13633,0.089854,0.497507,0.068214,0.065629,Bellevue_116th_NE12th
618,0.457336,0.136539,0.089805,0.48286,0.115106,0.040141,Bellevue_116th_NE12th
619,0.525482,0.13416,0.096124,0.505256,0.117988,0.060234,Bellevue_116th_NE12th
620,0.595841,0.154879,0.103707,0.723176,0.150238,0.090128,Bellevue_116th_NE12th
621,0.629065,0.18508,0.112097,0.649666,0.121176,0.03458,Bellevue_116th_NE12th
622,0.571901,0.163788,0.104111,0.483173,0.018333,0.017264,Bellevue_116th_NE12th
623,0.448738,0.136208,0.088928,0.41422,0.05713,0.041627,Bellevue_116th_NE12th
624,0.473772,0.136657,0.091402,0.649286,0.066984,0.044762,Bellevue_116th_NE12th
625,0.489869,0.14158,0.093585,0.639525,0.060979,0.113424,Bellevue_116th_NE12th
626,0.455275,0.136349,0.089571,0.55341,0.059478,0.06508,Bellevue_116th_NE12th
627,0.447204,0.140231,0.08919,0.591623,0.087045,0.052954,Bellevue_116th_NE12th
628,0.523987,0.145694,0.097333,0.591489,0.039137,0.018651,Bellevue_116th_NE12th
629,0.457921,0.137118,0.08994,0.630238,0.088333,0.028095,Bellevue_116th_NE12th
630,0.482161,0.142088,0.092879,0.807989,0.128704,0.105952,Bellevue_116th_NE12th
631,0.553734,0.158361,0.101682,0.607919,0.132705,0.0345,Bellevue_116th_NE12th
632,0.457843,0.138783,0.090137,0.512324,0.162594,0.045272,Bellevue_116th_NE12th
633,0.50846,0.147669,0.096032,0.576941,0.08819,0.032367,Bellevue_116th_NE12th
634,0.48604,0.143665,0.093429,0.51276,0.08999,0.07593,Bellevue_116th_NE12th
635,0.505572,0.145604,0.09553,0.675918,0.058137,0.113365,Bellevue_116th_NE12th
636,0.449844,0.139826,0.089453,0.619286,0.110873,0.025556,Bellevue_116th_NE12th
637,0.46498,0.138753,0.090823,0.545714,0.078095,0.0,Bellevue_116th_NE12th
638,0.475149,0.141517,0.092127,0.668413,0.060556,0.023651,Bellevue_116th_NE12th
639,0.468224,0.138788,0.091141,0.640869,0.07725,0.085992,Bellevue_116th_NE12th
640,0.545234,0.152373,0.100166,0.706071,0.069484,0.020556,Bellevue_116th_NE12th
641,0.465472,0.138473,0.090834,0.583333,0.066667,0.0,Bellevue_116th_NE12th
642,0.462622,0.13779,0.090488,0.623492,0.173333,0.072222,Bellevue_116th_NE12th
643,0.450487,0.135482,0.088931,0.614257,0.256972,0.061999,Bellevue_116th_NE12th
644,0.456606,0.138303,0.089955,0.517781,0.200233,0.033271,Bellevue_116th_NE12th
645,0.558185,0.152679,0.101409,0.455344,0.072538,0.00735,Bellevue_116th_NE12th
646,0.503549,0.157562,0.096732,0.579151,0.100795,0.021574,Bellevue_116th_NE12th
647,0.493032,0.143347,0.094055,0.695233,0.169834,0.039656,Bellevue_116th_NE12th
648,0.569613,0.162588,0.103711,0.680156,0.154041,0.030566,Bellevue_116th_NE12th
649,0.559081,0.156321,0.101955,0.618294,0.068651,0.011111,Bellevue_116th_NE12th
650,0.460149,0.137234,0.090168,0.636574,0.048968,0.049008,Bellevue_116th_NE12th
651,0.475706,0.139977,0.091974,0.768571,0.048333,0.055556,Bellevue_116th_NE12th
652,0.450356,0.136897,0.088986,0.618528,0.080535,0.056639,Bellevue_116th_NE12th
653,0.465805,0.140227,0.091043,0.550763,0.112773,0.065865,Bellevue_116th_NE12th
654,0.454647,0.145112,0.090522,0.582801,0.178613,0.076884,Bellevue_116th_NE12th
655,0.5313,0.158483,0.099542,0.651032,0.186905,0.057672,Bellevue_116th_NE12th
656,0.449391,0.136273,0.089004,0.492421,0.084791,0.02963,Bellevue_116th_NE12th
657,0.465362,0.141735,0.09119,0.406885,0.095394,0.018111,Bellevue_116th_NE12th
658,0.492897,0.150002,0.094772,0.441519,0.062657,0.020726,Bellevue_116th_NE12th
659,0.527093,0.161249,0.099386,0.692259,0.218993,0.070183,Bellevue_116th_NE12th
660,0.56454,0.141581,0.09856,0.498452,0.125256,0.036314,Bellevue_116th_NE12th
661,0.541573,0.166449,0.101422,0.775538,0.134611,0.141525,Bellevue_116th_NE12th
662,0.614061,0.171909,0.109145,0.541408,0.122697,0.060412,Bellevue_116th_NE12th
663,0.518454,0.163264,0.098792,0.641201,0.028985,0.064671,Bellevue_116th_NE12th
664,0.450183,0.145033,0.089904,0.666597,0.036987,0.100523,Bellevue_116th_NE12th
665,0.432959,0.140904,0.086764,0.702886,0.044244,0.081496,Bellevue_116th_NE12th
666,0.469991,0.136724,0.091074,0.62455,0.045952,0.047513,Bellevue_116th_NE12th
667,0.517285,0.1512,0.097317,0.566201,0.060967,0.038665,Bellevue_116th_NE12th
668,0.533263,0.158641,0.099746,0.534553,0.121074,0.203357,Bellevue_116th_NE12th
669,0.448698,0.14586,0.089671,0.396922,0.123683,0.019181,Bellevue_116th_NE12th
670,0.572699,0.164069,0.104198,0.485126,0.087435,0.069556,Bellevue_116th_NE12th
671,0.544094,0.175121,0.102619,0.436788,0.087097,0.069481,Bellevue_116th_NE12th
672,0.520447,0.168027,0.099511,0.300471,0.095883,0.009091,Bellevue_116th_NE12th
673,0.481574,0.152361,0.093973,0.295164,0.059059,0.050018,Bellevue_116th_NE12th
674,0.592703,0.171936,0.10702,0.364703,0.090928,0.032149,Bellevue_116th_NE12th
675,0.606802,0.169604,0.107505,0.468018,0.122392,0.047141,Bellevue_116th_NE12th
676,0.525665,0.170626,0.100285,0.377532,0.072538,0.034696,Bellevue_116th_NE12th
677,0.538521,0.164785,0.100901,0.476826,0.129442,0.025602,Bellevue_116th_NE12th
678,0.492173,0.157886,0.095616,0.523324,0.20384,0.009325,Bellevue_116th_NE12th
679,0.580428,0.173192,0.105946,0.389358,0.133588,0.027423,Bellevue_116th_NE12th
680,0.625203,0.203464,0.113663,0.779,0.258297,0.179035,Bellevue_116th_NE12th
681,0.650119,0.165661,0.106685,0.877688,0.321798,0.121434,Bellevue_116th_NE12th
682,0.654145,0.16638,0.107666,0.602243,0.123062,0.136742,Bellevue_116th_NE12th
683,0.609038,0.168073,0.106551,0.515786,0.113855,0.102227,Bellevue_116th_NE12th
684,0.546968,0.176916,0.103035,0.455453,0.112738,0.079169,Bellevue_116th_NE12th
685,0.601672,0.178942,0.108646,0.504874,0.080675,0.155619,Bellevue_116th_NE12th
686,0.633535,0.156382,0.102448,0.489134,0.061061,0.130035,Bellevue_116th_NE12th
687,0.641825,0.159432,0.104538,0.496792,0.014693,0.150695,Bellevue_116th_NE12th
688,0.636866,0.144792,0.098245,0.658152,0.063637,0.171405,Bellevue_116th_NE12th
689,0.630236,0.138986,0.09794,0.637099,0.134841,0.199841,Bellevue_116th_NE12th
690,0.611942,0.139437,0.099064,0.589438,0.126281,0.139882,Bellevue_116th_NE12th
691,0.630859,0.143821,0.100088,0.544696,0.079603,0.104722,Bellevue_116th_NE12th
692,0.609524,0.143468,0.09924,0.52719,0.101456,0.057791,Bellevue_116th_NE12th
693,0.616294,0.143355,0.101242,0.272038,0.010317,0.078799,Bellevue_116th_NE12th
694,0.621986,0.143714,0.099517,0.463669,0.07268,0.101018,Bellevue_116th_NE12th
695,0.617792,0.146995,0.099823,0.707774,0.24675,0.127499,Bellevue_116th_NE12th
696,0.611405,0.14911,0.100857,0.701497,0.234501,0.132449,Bellevue_116th_NE12th
697,0.612199,0.151655,0.101986,0.667608,0.200844,0.143447,Bellevue_116th_NE12th
698,0.606189,0.155813,0.101663,0.715444,0.241478,0.117335,Bellevue_116th_NE12th
699,0.648181,0.155056,0.103071,0.492565,0.161652,0.065435,Bellevue_116th_NE12th
700,0.628247,0.152035,0.100693,0.524713,0.163167,0.055706,Bellevue_116th_NE12th
701,0.648651,0.160688,0.104932,0.524745,0.141863,0.090925,Bellevue_116th_NE12th
702,0.631315,0.145705,0.098574,0.481449,0.116266,0.067119,Bellevue_116th_NE12th
703,0.599986,0.157584,0.102799,0.614246,0.09092,0.160562,Bellevue_116th_NE12th
704,0.635389,0.134033,0.097559,0.639281,0.084144,0.152904,Bellevue_116th_NE12th
705,0.6036,0.15553,0.101611,0.535866,0.050974,0.087124,Bellevue_116th_NE12th
706,0.614319,0.143255,0.098661,0.772473,0.205442,0.119956,Bellevue_116th_NE12th
707,0.605536,0.139269,0.098102,0.64717,0.249756,0.040627,Bellevue_116th_NE12th
708,0.631618,0.145104,0.099373,0.594388,0.225308,0.044574,Bellevue_116th_NE12th
709,0.597643,0.151337,0.099718,0.506638,0.230704,0.04616,Bellevue_116th_NE12th
710,0.589882,0.178738,0.107463,0.47677,0.181947,0.031573,Bellevue_116th_NE12th
711,0.624159,0.168408,0.106776,0.610566,0.278681,0.09875,Bellevue_116th_NE12th
712,0.610068,0.146783,0.098875,0.382391,0.050622,0.057036,Bellevue_116th_NE12th
713,0.628921,0.142738,0.097651,0.53144,0.096851,0.119455,Bellevue_116th_NE12th
714,0.615477,0.147509,0.099918,0.570695,0.095759,0.140496,Bellevue_116th_NE12th
715,0.612712,0.135359,0.097281,0.611867,0.110472,0.131159,Bellevue_116th_NE12th
716,0.6145,0.164837,0.105734,0.577997,0.106162,0.089924,Bellevue_116th_NE12th
717,0.61667,0.149525,0.099783,0.59164,0.182967,0.091415,Bellevue_116th_NE12th
718,0.60057,0.15645,0.101877,0.571068,0.180312,0.113562,Bellevue_116th_NE12th
719,0.633787,0.16238,0.105522,0.6159,0.162923,0.123493,Bellevue_116th_NE12th
720,0.639716,0.158143,0.104025,0.667202,0.154287,0.097921,Bellevue_116th_NE12th
721,0.619976,0.147554,0.098205,0.681253,0.215574,0.112047,Bellevue_116th_NE12th
722,0.609028,0.149935,0.100017,0.593262,0.139638,0.155554,Bellevue_116th_NE12th
723,0.631909,0.141825,0.09849,0.677121,0.102809,0.204846,Bellevue_116th_NE12th
724,0.623125,0.140901,0.097975,0.810363,0.145923,0.108004,Bellevue_116th_NE12th
725,0.590486,0.138893,0.096808,0.638777,0.193719,0.05126,Bellevue_116th_NE12th
726,0.607104,0.153139,0.102038,0.605878,0.235095,0.0,Bellevue_116th_NE12th
727,0.621598,0.154214,0.101841,0.651513,0.152064,0.01796,Bellevue_116th_NE12th
728,0.611164,0.154958,0.101798,0.657361,0.183839,0.12233,Bellevue_116th_NE12th
729,0.599641,0.154767,0.101221,0.713995,0.136646,0.167025,Bellevue_116th_NE12th
730,0.609494,0.149762,0.100709,0.805224,0.143361,0.112778,Bellevue_116th_NE12th
731,0.620802,0.143526,0.099087,0.81476,0.166281,0.144915,Bellevue_116th_NE12th
732,0.618191,0.149377,0.100525,0.766161,0.194218,0.157619,Bellevue_116th_NE12th
733,0.61537,0.149314,0.100333,0.598399,0.150009,0.104533,Bellevue_116th_NE12th
734,0.613241,0.156155,0.102156,0.607632,0.133832,0.094109,Bellevue_116th_NE12th
735,0.620088,0.15997,0.10333,0.75544,0.274013,0.065842,Bellevue_116th_NE12th
736,0.640133,0.156712,0.103397,0.57992,0.12916,0.068797,Bellevue_116th_NE12th
737,0.620927,0.144587,0.097192,0.671551,0.13911,0.076834,Bellevue_116th_NE12th
738,0.616482,0.147992,0.099577,0.644017,0.139082,0.059569,Bellevue_116th_NE12th
739,0.627425,0.14287,0.098962,0.713719,0.111257,0.124464,Bellevue_116th_NE12th
740,0.613611,0.146943,0.09919,0.727879,0.10751,0.275731,Bellevue_116th_NE12th
741,0.621994,0.156854,0.103432,0.623906,0.135169,0.167821,Bellevue_116th_NE12th
742,0.632886,0.160144,0.104893,0.62432,0.107857,0.266189,Bellevue_116th_NE12th
743,0.636879,0.158314,0.103399,0.689324,0.132826,0.316247,Bellevue_116th_NE12th
744,0.653192,0.157221,0.104055,0.75184,0.176987,0.274993,Bellevue_116th_NE12th
745,0.612755,0.149201,0.098801,0.658702,0.096663,0.146382,Bellevue_116th_NE12th
746,0.619503,0.146909,0.098522,0.612018,0.024823,0.16606,Bellevue_116th_NE12th
747,0.599751,0.140018,0.098173,0.619048,0.047619,0.095238,Bellevue_116th_NE12th
748,0.634333,0.144272,0.100899,0.606213,0.094039,0.063492,Bellevue_116th_NE12th
749,0.577955,0.14294,0.097539,0.669467,0.210266,0.066613,Bellevue_116th_NE12th
750,0.566611,0.178824,0.105207,0.550397,0.246706,0.049206,Bellevue_116th_NE12th
751,0.597136,0.169454,0.106041,0.507794,0.231807,0.041077,Bellevue_116th_NE12th
752,0.577516,0.130657,0.094009,0.495846,0.098906,0.057754,Bellevue_116th_NE12th
753,0.590434,0.166632,0.105333,0.426197,0.055628,0.015042,Bellevue_116th_NE12th
754,0.611965,0.15277,0.101726,0.482141,0.145572,0.008781,Bellevue_116th_NE12th
755,0.6153,0.132103,0.093031,0.350954,0.045925,0.039299,Bellevue_116th_NE12th
756,0.591186,0.104546,0.086342,0.388398,0.066383,0.029929,Bellevue_116th_NE12th
757,0.58521,0.10995,0.087771,0.360427,0.065721,0.08679,Bellevue_116th_NE12th
758,0.568407,0.118923,0.090059,0.562954,0.172657,0.047894,Bellevue_116th_NE12th
759,0.572129,0.135804,0.095619,0.650189,0.22126,0.019014,Bellevue_116th_NE12th
760,0.627983,0.121607,0.091172,0.597219,0.176267,0.038343,Bellevue_116th_NE12th
761,0.61145,0.133117,0.093058,0.3922,0.039685,0.084837,Bellevue_116th_NE12th
762,0.624139,0.114442,0.088121,0.426375,0.063715,0.040308,Bellevue_116th_NE12th
763,0.613283,0.120005,0.088557,0.484331,0.066111,0.013014,Bellevue_116th_NE12th
764,0.599513,0.118001,0.089041,0.429527,0.031937,0.091822,Bellevue_116th_NE12th
765,0.539262,0.157248,0.10011,0.432432,0.0,0.135135,Bellevue_116th_NE12th
766,0.663471,0.127011,0.093751,0.415684,0.063396,0.075573,Bellevue_116th_NE12th
767,0.602664,0.141364,0.096404,0.412562,0.089394,0.030273,Bellevue_116th_NE12th
768,0.634643,0.135978,0.095455,0.358285,0.068346,0.061303,Bellevue_116th_NE12th
769,0.621818,0.133535,0.094117,0.626332,0.332262,0.066773,Bellevue_116th_NE12th
770,0.633971,0.125951,0.092814,0.457224,0.140524,0.063862,Bellevue_116th_NE12th
771,0.526612,0.116706,0.089604,0.437765,0.062014,0.061849,Bellevue_116th_NE12th
772,0.605886,0.102951,0.085499,0.475673,0.034462,0.062706,Bellevue_116th_NE12th
773,0.589043,0.096966,0.082946,0.468022,0.01186,0.068227,Bellevue_116th_NE12th
774,0.606502,0.1025,0.084875,0.462091,0.013321,0.097566,Bellevue_116th_NE12th
775,0.618044,0.103581,0.085692,0.365695,0.058092,0.024736,Bellevue_116th_NE12th
776,0.595558,0.123577,0.090093,0.435273,0.132027,0.027378,Bellevue_116th_NE12th
777,0.616657,0.125988,0.091062,0.518405,0.188485,0.029525,Bellevue_116th_NE12th
778,0.628964,0.114784,0.088145,0.658935,0.241817,0.031741,Bellevue_116th_NE12th
779,0.580281,0.103704,0.083423,0.500486,0.129325,0.018641,Bellevue_116th_NE12th
780,0.566051,0.112035,0.087234,0.370021,0.056646,0.01002,Bellevue_116th_NE12th
781,0.595303,0.113013,0.087075,0.426163,0.113408,0.011466,Bellevue_116th_NE12th
782,0.626588,0.098932,0.084529,0.450236,0.125707,0.0,Bellevue_116th_NE12th
783,0.622813,0.112376,0.088138,0.339855,0.05063,0.0,Bellevue_116th_NE12th
784,0.616553,0.119106,0.08977,0.316878,0.114921,0.001515,Bellevue_116th_NE12th
785,0.612289,0.114836,0.087296,0.320412,0.032972,0.036477,Bellevue_116th_NE12th
786,0.622449,0.102799,0.085435,0.453758,0.040516,0.049749,Bellevue_116th_NE12th
787,0.588096,0.113952,0.086894,0.48678,0.067639,0.042832,Bellevue_116th_NE12th
788,0.558034,0.118243,0.089807,0.541667,0.125,0.0,Bellevue_116th_NE12th
789,0.636108,0.105509,0.087203,0.235216,0.046478,0.027843,Bellevue_116th_NE12th
790,0.58868,0.112747,0.088809,0.237422,0.090735,0.0,Bellevue_116th_NE12th
791,0.603027,0.096172,0.082165,0.38694,0.104389,0.018662,Bellevue_116th_NE12th
792,0.630052,0.110289,0.087046,0.329133,0.074666,0.054631,Bellevue_116th_NE12th
793,0.618099,0.122242,0.089801,0.255499,0.034618,0.009016,Bellevue_116th_NE12th
794,0.584174,0.143787,0.099054,0.3726,0.080275,0.074236,Bellevue_116th_NE12th
795,0.602036,0.114115,0.08758,0.503817,0.122774,0.04027,Bellevue_116th_NE12th
796,0.623324,0.123322,0.09036,0.492981,0.171719,0.022859,Bellevue_116th_NE12th
797,0.615409,0.110559,0.086307,0.392975,0.154605,0.059935,Bellevue_116th_NE12th
798,0.590422,0.130908,0.092821,0.365841,0.141912,0.036262,Bellevue_116th_NE12th
799,0.653792,0.135277,0.094594,0.418923,0.15699,0.061462,Bellevue_116th_NE12th
800,0.666764,0.133159,0.094794,0.486027,0.11912,0.188432,Bellevue_116th_NE12th
801,0.633562,0.119684,0.089078,0.692144,0.148822,0.353453,Bellevue_116th_NE12th
802,0.598455,0.122741,0.091892,0.764706,0.176471,0.411765,Bellevue_116th_NE12th
803,0.667002,0.122104,0.09234,0.660188,0.193807,0.222895,Bellevue_116th_NE12th
804,0.583968,0.127764,0.091552,0.4554,0.167123,0.053378,Bellevue_116th_NE12th
805,0.65185,0.134577,0.094737,0.341234,0.080324,0.045353,Bellevue_116th_NE12th
806,0.632414,0.13627,0.094348,0.397828,0.124309,0.047202,Bellevue_116th_NE12th
807,0.633838,0.14414,0.09901,0.483871,0.16129,0.064516,Bellevue_116th_NE12th
808,0.691487,0.14579,0.099794,0.444938,0.154921,0.055688,Bellevue_116th_NE12th
809,0.690424,0.140466,0.097791,0.389301,0.094769,0.111817,Bellevue_116th_NE12th
810,0.660725,0.150815,0.10143,0.780244,0.286055,0.063813,Bellevue_150th_Eastgate
811,0.626544,0.144222,0.098038,0.806471,0.269312,0.045552,Bellevue_150th_Eastgate
812,0.649332,0.12977,0.094541,0.67015,0.161612,0.014427,Bellevue_150th_Eastgate
813,0.64561,0.145142,0.098909,0.599511,0.149363,0.038383,Bellevue_150th_Eastgate
814,0.630725,0.144413,0.097739,0.582146,0.268275,0.02644,Bellevue_150th_Eastgate
815,0.639805,0.141384,0.097186,0.605835,0.27146,0.038694,Bellevue_150th_Eastgate
816,0.643344,0.144725,0.098474,0.644849,0.282329,0.052541,Bellevue_150th_Eastgate
817,0.651844,0.135388,0.095799,0.717111,0.188334,0.068203,Bellevue_150th_Eastgate
818,0.630898,0.136659,0.09562,0.776724,0.243164,0.061385,Bellevue_150th_Eastgate
819,0.623057,0.138706,0.095993,0.734205,0.17775,0.07257,Bellevue_150th_Eastgate
820,0.644771,0.137547,0.096518,0.801952,0.178952,0.054237,Bellevue_150th_Eastgate
821,0.639384,0.134856,0.095663,0.79685,0.210161,0.072727,Bellevue_150th_Eastgate
822,0.617479,0.147415,0.098479,0.681037,0.166783,0.040026,Bellevue_150th_Eastgate
823,0.625495,0.148336,0.099255,0.729679,0.163,0.054652,Bellevue_150th_Eastgate
824,0.625205,0.148902,0.099599,0.717261,0.157923,0.030384,Bellevue_150th_Eastgate
825,0.62447,0.147604,0.099272,0.761026,0.155832,0.032854,Bellevue_150th_Eastgate
826,0.643835,0.143113,0.098694,0.757156,0.138868,0.049214,Bellevue_150th_Eastgate
827,0.635406,0.144177,0.097868,0.831804,0.184191,0.075062,Bellevue_150th_Eastgate
828,0.621082,0.139494,0.096285,0.78053,0.253816,0.047002,Bellevue_150th_Eastgate
829,0.652221,0.137819,0.09679,0.790526,0.267198,0.063449,Bellevue_150th_Eastgate
830,0.622787,0.136068,0.095186,0.764728,0.299314,0.05829,Bellevue_150th_Eastgate
831,0.614926,0.149092,0.099424,0.748644,0.296997,0.030907,Bellevue_150th_Eastgate
832,0.630029,0.149712,0.099916,0.760435,0.282735,0.0228,Bellevue_150th_Eastgate
833,0.63665,0.145703,0.098695,0.754833,0.316394,0.010494,Bellevue_150th_Eastgate
834,0.633177,0.147672,0.099289,0.778088,0.313657,0.022605,Bellevue_150th_Eastgate
835,0.612883,0.143229,0.097143,0.743579,0.293997,0.020188,Bellevue_150th_Eastgate
836,0.625368,0.140337,0.096442,0.838649,0.323259,0.008199,Bellevue_150th_Eastgate
837,0.649655,0.123651,0.092403,0.816346,0.287996,0.017953,Bellevue_150th_Eastgate
838,0.633226,0.126328,0.092683,0.6492,0.220376,0.104559,Bellevue_150th_Eastgate
839,0.618212,0.145193,0.097836,0.631736,0.169928,0.152805,Bellevue_150th_Eastgate
840,0.642393,0.139337,0.095926,0.677664,0.18474,0.150719,Bellevue_150th_Eastgate
841,0.644252,0.140717,0.097225,0.7454,0.195052,0.148263,Bellevue_150th_Eastgate
842,0.641882,0.141323,0.097628,0.818584,0.160092,0.139491,Bellevue_150th_Eastgate
843,0.650519,0.137704,0.096848,0.742001,0.276756,0.041558,Bellevue_150th_Eastgate
844,0.632444,0.135882,0.095386,0.74898,0.256972,0.085089,Bellevue_150th_Eastgate
845,0.646898,0.130827,0.094429,0.699857,0.253116,0.083726,Bellevue_150th_Eastgate
846,0.631021,0.13845,0.095926,0.684191,0.266254,0.061438,Bellevue_150th_Eastgate
847,0.642742,0.141485,0.097441,0.638003,0.244463,0.067834,Bellevue_150th_Eastgate
848,0.640108,0.136638,0.095602,0.633045,0.207384,0.068226,Bellevue_150th_Eastgate
849,0.636126,0.141962,0.097144,0.720863,0.190301,0.103666,Bellevue_150th_Eastgate
850,0.658177,0.132845,0.095734,0.674022,0.164761,0.01028,Bellevue_150th_Eastgate
851,0.642821,0.147786,0.100036,0.64296,0.189854,0.02694,Bellevue_150th_Eastgate
852,0.619898,0.141564,0.096672,0.715768,0.209869,0.032356,Bellevue_150th_Eastgate
853,0.649154,0.136004,0.095985,0.737946,0.269227,0.060868,Bellevue_150th_Eastgate
854,0.623159,0.145231,0.098088,0.701586,0.236852,0.052797,Bellevue_150th_Eastgate
855,0.645295,0.148111,0.099396,0.759182,0.239712,0.040544,Bellevue_150th_Eastgate
856,0.63235,0.145104,0.098082,0.784888,0.234955,0.058063,Bellevue_150th_Eastgate
857,0.671742,0.142647,0.099145,0.860463,0.222961,0.047135,Bellevue_150th_Eastgate
858,0.649432,0.133086,0.095331,0.773262,0.287265,0.029873,Bellevue_150th_Eastgate
859,0.626911,0.136666,0.095498,0.705932,0.211339,0.020575,Bellevue_150th_Eastgate
860,0.640945,0.136101,0.096038,0.784282,0.20438,0.030063,Bellevue_150th_Eastgate
861,0.643235,0.133588,0.095577,0.700441,0.206638,0.068681,Bellevue_150th_Eastgate
862,0.620867,0.142301,0.096981,0.679359,0.266505,0.06266,Bellevue_150th_Eastgate
863,0.633249,0.142898,0.097009,0.717998,0.288037,0.030584,Bellevue_150th_Eastgate
864,0.640433,0.139283,0.096564,0.734643,0.254575,0.015407,Bellevue_150th_Eastgate
865,0.659518,0.134774,0.096234,0.871063,0.266762,0.052035,Bellevue_150th_Eastgate
866,0.656983,0.136064,0.096564,0.765918,0.175293,0.088716,Bellevue_150th_Eastgate
867,0.651511,0.136592,0.09643,0.830512,0.183442,0.027193,Bellevue_150th_Eastgate
868,0.660367,0.131073,0.095193,0.739654,0.210268,0.017834,Bellevue_150th_Eastgate
869,0.630149,0.130403,0.0934,0.625661,0.198394,0.05537,Bellevue_150th_Eastgate
870,0.623419,0.141997,0.096607,0.6154,0.236364,0.037749,Bellevue_150th_Eastgate
871,0.632621,0.142339,0.09749,0.67579,0.231531,0.014967,Bellevue_150th_Eastgate
872,0.62621,0.144528,0.097928,0.684351,0.165538,0.034522,Bellevue_150th_Eastgate
873,0.646421,0.141664,0.098157,0.819916,0.209879,0.029037,Bellevue_150th_Eastgate
874,0.616025,0.145533,0.098125,0.732059,0.225006,0.044354,Bellevue_150th_Eastgate
875,0.639974,0.137863,0.096316,0.774825,0.251182,0.021082,Bellevue_150th_Eastgate
876,0.64483,0.129164,0.094183,0.678748,0.174935,0.040485,Bellevue_150th_Eastgate
877,0.618791,0.142651,0.0969,0.548628,0.140619,0.011002,Bellevue_150th_Eastgate
878,0.632246,0.144502,0.097968,0.562671,0.13587,0.021786,Bellevue_150th_Eastgate
879,0.635348,0.137955,0.096034,0.500795,0.176763,0.003663,Bellevue_150th_Eastgate
880,0.626738,0.146548,0.098353,0.591311,0.134679,0.015332,Bellevue_150th_Eastgate
881,0.633494,0.146676,0.099163,0.692842,0.156068,0.038284,Bellevue_150th_Eastgate
882,0.619437,0.154828,0.10145,0.777903,0.18135,0.062331,Bellevue_150th_Eastgate
883,0.628376,0.139849,0.096238,0.806364,0.192068,0.066156,Bellevue_150th_Eastgate
884,0.656694,0.132387,0.095364,0.795948,0.178491,0.09656,Bellevue_150th_Eastgate
885,0.628282,0.132688,0.093842,0.74417,0.185811,0.071374,Bellevue_150th_Eastgate
886,0.613115,0.141383,0.096204,0.713152,0.167624,0.100243,Bellevue_150th_Eastgate
887,0.632344,0.14913,0.099916,0.686803,0.089401,0.130851,Bellevue_150th_Eastgate
888,0.63833,0.137024,0.096184,0.711517,0.156325,0.088991,Bellevue_150th_Eastgate
889,0.627302,0.147265,0.099207,0.720415,0.199468,0.095828,Bellevue_150th_Eastgate
890,0.640973,0.147245,0.099774,0.787296,0.193185,0.115654,Bellevue_150th_Eastgate
891,0.641189,0.14555,0.09944,0.784421,0.226856,0.058022,Bellevue_150th_Eastgate
892,0.619547,0.140411,0.096261,0.788478,0.227496,0.02871,Bellevue_150th_Eastgate
893,0.648455,0.128204,0.093573,0.761146,0.228392,0.04921,Bellevue_150th_Eastgate
894,0.630163,0.131272,0.093716,0.745425,0.253396,0.031092,Bellevue_150th_Eastgate
895,0.639378,0.140281,0.09706,0.686729,0.199939,0.030086,Bellevue_150th_Eastgate
896,0.634896,0.140905,0.097013,0.784365,0.25088,0.020598,Bellevue_150th_Eastgate
897,0.639828,0.136428,0.095592,0.631218,0.183819,0.022181,Bellevue_150th_Eastgate
898,0.642283,0.139612,0.096841,0.733115,0.187953,0.055529,Bellevue_150th_Eastgate
899,0.655897,0.136086,0.096536,0.816002,0.224435,0.030886,Bellevue_150th_Eastgate
900,0.649206,0.144914,0.099117,0.716165,0.206747,0.035739,Bellevue_150th_Eastgate
901,0.638176,0.140369,0.096736,0.842341,0.215326,0.06214,Bellevue_150th_Eastgate
902,0.639219,0.121075,0.090982,0.693784,0.258273,0.055237,Bellevue_150th_Eastgate
903,0.633864,0.142707,0.097726,0.707689,0.284478,0.040781,Bellevue_150th_Eastgate
904,0.628565,0.136893,0.095739,0.731491,0.276358,0.037036,Bellevue_150th_Eastgate
905,0.625129,0.135877,0.095388,0.652605,0.258767,0.028037,Bellevue_150th_Eastgate
906,0.622658,0.143297,0.097722,0.645628,0.298597,0.019093,Bellevue_150th_Eastgate
907,0.628611,0.141998,0.097201,0.749086,0.299004,0.037365,Bellevue_150th_Eastgate
908,0.658138,0.139328,0.097757,0.786365,0.292618,0.096802,Bellevue_150th_Eastgate
909,0.644918,0.138473,0.096769,0.700416,0.161236,0.052749,Bellevue_150th_Eastgate
910,0.636138,0.137981,0.096055,0.782704,0.206968,0.032916,Bellevue_150th_Eastgate
911,0.648821,0.120345,0.091449,0.665084,0.196813,0.053937,Bellevue_150th_Eastgate
912,0.647583,0.12908,0.093887,0.678816,0.293823,0.027034,Bellevue_150th_Eastgate
913,0.620867,0.141542,0.096955,0.666819,0.349872,0.03541,Bellevue_150th_Eastgate
914,0.64412,0.139749,0.096966,0.612533,0.261774,0.059638,Bellevue_150th_Eastgate
915,0.636026,0.139658,0.096819,0.600358,0.224364,0.059629,Bellevue_150th_Eastgate
916,0.636037,0.141282,0.09721,0.711538,0.314935,0.027232,Bellevue_150th_Eastgate
917,0.650826,0.132213,0.09512,0.654923,0.212858,0.060817,Bellevue_150th_Eastgate
918,0.619053,0.146404,0.09929,0.694525,0.177946,0.114759,Bellevue_150th_Eastgate
919,0.608804,0.141791,0.096339,0.675581,0.17632,0.037518,Bellevue_150th_Eastgate
920,0.634834,0.126655,0.092766,0.65222,0.226242,0.08174,Bellevue_150th_Eastgate
921,0.621524,0.141341,0.096972,0.792351,0.352451,0.036582,Bellevue_150th_Eastgate
922,0.623124,0.134207,0.094459,0.688054,0.275692,0.023112,Bellevue_150th_Eastgate
923,0.613212,0.136575,0.095247,0.558738,0.196979,0.017604,Bellevue_150th_Eastgate
924,0.627544,0.138247,0.09592,0.604306,0.132736,0.040235,Bellevue_150th_Eastgate
925,0.64058,0.127627,0.092966,0.656835,0.167107,0.015707,Bellevue_150th_Eastgate
926,0.641844,0.127767,0.093405,0.723697,0.217755,0.018461,Bellevue_150th_Eastgate
927,0.621421,0.12814,0.092774,0.670411,0.086837,0.05788,Bellevue_150th_Eastgate
928,0.647558,0.13168,0.095049,0.690893,0.119497,0.035046,Bellevue_150th_Eastgate
929,0.645425,0.124035,0.092384,0.623118,0.111143,0.139038,Bellevue_150th_Eastgate
930,0.601942,0.153695,0.101271,0.698367,0.121659,0.135497,Bellevue_150th_Eastgate
931,0.622351,0.147748,0.098839,0.702776,0.223622,0.051142,Bellevue_150th_Eastgate
932,0.62766,0.146364,0.098478,0.723968,0.214173,0.05702,Bellevue_150th_Eastgate
933,0.642729,0.145295,0.098891,0.7393,0.192874,0.061907,Bellevue_150th_Eastgate
934,0.631732,0.149635,0.100538,0.793519,0.217917,0.070964,Bellevue_150th_Eastgate
935,0.643413,0.146082,0.099564,0.678837,0.225113,0.041529,Bellevue_150th_Eastgate
936,0.621314,0.131706,0.093057,0.709304,0.233638,0.094576,Bellevue_150th_Eastgate
937,0.643795,0.12955,0.093766,0.735293,0.248596,0.073548,Bellevue_150th_Eastgate
938,0.63739,0.117968,0.09011,0.642036,0.18903,0.09017,Bellevue_150th_Eastgate
939,0.612421,0.136319,0.095121,0.563119,0.150601,0.084101,Bellevue_150th_Eastgate
940,0.626199,0.145072,0.0984,0.55237,0.11718,0.08131,Bellevue_150th_Eastgate
941,0.639758,0.139052,0.09663,0.629421,0.129475,0.077146,Bellevue_150th_Eastgate
942,0.643468,0.13958,0.096738,0.683281,0.175876,0.017241,Bellevue_150th_Eastgate
943,0.639918,0.130129,0.093957,0.724491,0.216761,0.005235,Bellevue_150th_Eastgate
944,0.646949,0.134479,0.09554,0.822163,0.157179,0.122618,Bellevue_150th_Eastgate
945,0.635109,0.141816,0.09774,0.747823,0.188252,0.07319,Bellevue_150th_Eastgate
946,0.622569,0.137933,0.095802,0.717184,0.173954,0.073886,Bellevue_150th_Eastgate
947,0.645795,0.128951,0.094089,0.761497,0.205192,0.063553,Bellevue_150th_Eastgate
948,0.642239,0.119539,0.091111,0.707539,0.16467,0.073438,Bellevue_150th_Eastgate
949,0.627418,0.14082,0.096974,0.720788,0.214597,0.045734,Bellevue_150th_Eastgate
950,0.622116,0.147751,0.098753,0.794202,0.253412,0.059453,Bellevue_150th_Eastgate
951,0.640988,0.141789,0.09765,0.864787,0.269767,0.033419,Bellevue_150th_Eastgate
952,0.652559,0.132764,0.09542,0.868032,0.289929,0.002151,Bellevue_150th_Eastgate
953,0.640924,0.132234,0.094663,0.835981,0.295568,0.00891,Bellevue_150th_Eastgate
954,0.636435,0.124787,0.092264,0.639419,0.151789,0.032609,Bellevue_150th_Eastgate
955,0.632191,0.138992,0.096405,0.737086,0.186706,0.049176,Bellevue_150th_Eastgate
956,0.64999,0.12641,0.093472,0.655035,0.168175,0.096761,Bellevue_150th_Eastgate
957,0.619526,0.138647,0.095954,0.660733,0.188448,0.051366,Bellevue_150th_Eastgate
958,0.632232,0.136102,0.095368,0.723712,0.19259,0.063169,Bellevue_150th_Eastgate
959,0.626341,0.139033,0.096186,0.642561,0.111988,0.056655,Bellevue_150th_Eastgate
960,0.63025,0.141376,0.097235,0.61477,0.136092,0.035403,Bellevue_150th_Eastgate
961,0.623706,0.148212,0.099552,0.693242,0.124789,0.059776,Bellevue_150th_Eastgate
962,0.613923,0.141214,0.096614,0.729906,0.168161,0.068159,Bellevue_150th_Eastgate
963,0.636087,0.134316,0.095031,0.763792,0.17732,0.081851,Bellevue_150th_Eastgate
964,0.6368,0.131969,0.094446,0.677306,0.174735,0.046344,Bellevue_150th_Eastgate
965,0.620754,0.144809,0.097848,0.644203,0.192356,0.088558,Bellevue_150th_Eastgate
966,0.623845,0.141478,0.096825,0.657713,0.211049,0.052626,Bellevue_150th_Eastgate
967,0.633626,0.139705,0.097026,0.725647,0.213732,0.037891,Bellevue_150th_Eastgate
968,0.63069,0.128675,0.093502,0.726803,0.26627,0.019657,Bellevue_150th_Eastgate
969,0.617472,0.130917,0.093227,0.750828,0.195677,0.017149,Bellevue_150th_Eastgate
970,0.632786,0.124163,0.092016,0.808948,0.17734,0.04757,Bellevue_150th_Eastgate
971,0.654104,0.125148,0.093426,0.640272,0.123776,0.070161,Bellevue_150th_Eastgate
972,0.621744,0.136545,0.095292,0.606972,0.190423,0.023536,Bellevue_150th_Eastgate
973,0.6244,0.137553,0.095686,0.555997,0.226557,0.021048,Bellevue_150th_Eastgate
974,0.638523,0.128552,0.09335,0.590034,0.193765,0.066151,Bellevue_150th_Eastgate
975,0.614311,0.146223,0.098434,0.663212,0.194359,0.124548,Bellevue_150th_Eastgate
976,0.644507,0.137145,0.096499,0.758832,0.285134,0.099337,Bellevue_150th_Eastgate
977,0.638239,0.144566,0.09895,0.713148,0.28383,0.029922,Bellevue_150th_Eastgate
978,0.629128,0.139166,0.096104,0.824764,0.264544,0.035096,Bellevue_150th_Eastgate
979,0.658352,0.123013,0.092889,0.720486,0.254442,0.055508,Bellevue_150th_Eastgate
980,0.623642,0.138685,0.096027,0.683381,0.213243,0.044324,Bellevue_150th_Eastgate
981,0.631993,0.134812,0.094627,0.660082,0.246939,0.025809,Bellevue_150th_Eastgate
982,0.634455,0.128734,0.093351,0.623803,0.240458,0.02462,Bellevue_150th_Eastgate
983,0.615869,0.141286,0.096542,0.688241,0.219568,0.045188,Bellevue_150th_Eastgate
984,0.629734,0.142176,0.097707,0.708282,0.170363,0.024664,Bellevue_150th_Eastgate
985,0.634737,0.139857,0.09733,0.6951,0.160185,0.022735,Bellevue_150th_Eastgate
986,0.627128,0.133153,0.094202,0.774843,0.176701,0.030777,Bellevue_150th_Eastgate
987,0.632189,0.134375,0.095241,0.788248,0.18426,0.042088,Bellevue_150th_Eastgate
988,0.608244,0.140554,0.097117,0.700427,0.232273,0.042804,Bellevue_150th_Eastgate
989,0.639921,0.146278,0.099312,0.725297,0.30653,0.015216,Bellevue_150th_Eastgate
990,0.633771,0.148131,0.099756,0.751373,0.301357,0.04443,Bellevue_150th_Eastgate
991,0.63934,0.137388,0.096384,0.692812,0.199704,0.040735,Bellevue_150th_Eastgate
992,0.642849,0.144579,0.098766,0.762219,0.252181,0.03699,Bellevue_150th_Eastgate
993,0.643369,0.134138,0.096079,0.742357,0.223203,0.040219,Bellevue_150th_Eastgate
994,0.62896,0.140718,0.097196,0.735952,0.127378,0.045584,Bellevue_150th_Eastgate
995,0.606384,0.144143,0.097031,0.686085,0.106115,0.066085,Bellevue_150th_Eastgate
996,0.628521,0.134598,0.094817,0.679262,0.197805,0.059784,Bellevue_150th_Eastgate
997,0.621269,0.133555,0.094255,0.569627,0.210802,0.026209,Bellevue_150th_Eastgate
998,0.627879,0.133754,0.094055,0.65499,0.213113,0.070283,Bellevue_150th_Eastgate
999,0.636535,0.133742,0.094895,0.693154,0.22682,0.042033,Bellevue_150th_Eastgate
1000,0.615583,0.143256,0.097556,0.700457,0.201474,0.024723,Bellevue_150th_Eastgate
1001,0.633379,0.139817,0.096799,0.787672,0.19847,0.026728,Bellevue_150th_Eastgate
1002,0.650011,0.132783,0.095648,0.790225,0.216594,0.04435,Bellevue_150th_Eastgate
1003,0.619354,0.146525,0.098454,0.764274,0.229272,0.076524,Bellevue_150th_Eastgate
1004,0.617465,0.137472,0.095711,0.823265,0.190734,0.035907,Bellevue_150th_Eastgate
1005,0.617146,0.139864,0.096563,0.765944,0.209468,0.036693,Bellevue_150th_Eastgate
1006,0.602165,0.143316,0.097092,0.687222,0.223879,0.010231,Bellevue_150th_Eastgate
1007,0.62738,0.139931,0.096552,0.737025,0.271179,0.008779,Bellevue_150th_Eastgate
1008,0.626126,0.140139,0.096778,0.731734,0.24409,0.011373,Bellevue_150th_Eastgate
1009,0.644777,0.127947,0.094116,0.783279,0.27176,0.002964,Bellevue_150th_Eastgate
1010,0.646779,0.130367,0.094938,0.804776,0.256613,0.008337,Bellevue_150th_Eastgate
1011,0.643191,0.127705,0.093804,0.820246,0.307976,0.038319,Bellevue_150th_Eastgate
1012,0.615911,0.136588,0.094803,0.800847,0.243187,0.079243,Bellevue_150th_Eastgate
1013,0.635141,0.13131,0.094301,0.80959,0.276711,0.040789,Bellevue_150th_Eastgate
1014,0.637738,0.13432,0.0953,0.683347,0.241534,0.044213,Bellevue_150th_Eastgate
1015,0.630864,0.136063,0.095703,0.656442,0.213529,0.081549,Bellevue_150th_Eastgate
1016,0.617267,0.149895,0.099776,0.618326,0.165941,0.070847,Bellevue_150th_Eastgate
1017,0.617411,0.146865,0.098888,0.681743,0.205897,0.081,Bellevue_150th_Eastgate
1018,0.637518,0.140041,0.097303,0.759986,0.194911,0.078078,Bellevue_150th_Eastgate
1019,0.624528,0.141141,0.097072,0.724202,0.187028,0.089103,Bellevue_150th_Eastgate
1020,0.628721,0.147603,0.099777,0.732008,0.21116,0.052291,Bellevue_150th_Eastgate
1021,0.623416,0.142357,0.097809,0.782656,0.234622,0.070834,Bellevue_150th_Eastgate
1022,0.637582,0.126795,0.093187,0.79639,0.223881,0.078211,Bellevue_150th_Eastgate
1023,0.628523,0.130351,0.093567,0.660319,0.238466,0.043165,Bellevue_150th_Eastgate
1024,0.628613,0.139897,0.096418,0.606842,0.191311,0.062194,Bellevue_150th_Eastgate
1025,0.618029,0.14213,0.097178,0.644081,0.218762,0.067936,Bellevue_150th_Eastgate
1026,0.640327,0.129075,0.093861,0.672614,0.206932,0.056808,Bellevue_150th_Eastgate
1027,0.62968,0.129771,0.093611,0.707936,0.237639,0.057294,Bellevue_150th_Eastgate
1028,0.628101,0.136133,0.095854,0.712588,0.198714,0.062856,Bellevue_150th_Eastgate
1029,0.615062,0.137589,0.095393,0.793149,0.202417,0.100757,Bellevue_150th_Eastgate
1030,0.641026,0.128453,0.09364,0.822255,0.209721,0.083556,Bellevue_150th_Eastgate
1031,0.64285,0.122324,0.09158,0.722254,0.203616,0.091296,Bellevue_150th_Eastgate
1032,0.618601,0.140659,0.096588,0.650083,0.207809,0.094045,Bellevue_150th_Eastgate
1033,0.624734,0.139542,0.096513,0.689656,0.140618,0.070189,Bellevue_150th_Eastgate
1034,0.619751,0.136002,0.095138,0.741484,0.166334,0.037737,Bellevue_150th_Eastgate
1035,0.634632,0.130377,0.094125,0.680011,0.169968,0.027719,Bellevue_150th_Eastgate
1036,0.645361,0.139455,0.097079,0.689419,0.155119,0.02175,Bellevue_150th_Eastgate
1037,0.616523,0.136302,0.094663,0.73816,0.156816,0.01777,Bellevue_150th_Eastgate
1038,0.629696,0.133199,0.094633,0.863107,0.204648,0.034054,Bellevue_150th_Eastgate
1039,0.638595,0.11522,0.089397,0.711484,0.204377,0.076363,Bellevue_150th_Eastgate
1040,0.637863,0.127318,0.092797,0.523044,0.078389,0.05833,Bellevue_150th_Eastgate
1041,0.621694,0.133838,0.094443,0.529742,0.0975,0.085901,Bellevue_150th_Eastgate
1042,0.640682,0.12733,0.09312,0.632655,0.109835,0.120026,Bellevue_150th_Eastgate
1043,0.646296,0.127986,0.093575,0.691079,0.15982,0.055502,Bellevue_150th_Eastgate
1044,0.619837,0.134148,0.094581,0.738716,0.188812,0.041456,Bellevue_150th_Eastgate
1045,0.62232,0.129635,0.093337,0.816629,0.173588,0.025176,Bellevue_150th_Eastgate
1046,0.642314,0.124753,0.092856,0.856186,0.203386,0.027503,Bellevue_150th_Eastgate
1047,0.648345,0.120982,0.091743,0.740197,0.186618,0.053515,Bellevue_150th_Eastgate
1048,0.620402,0.128353,0.092591,0.534762,0.19303,0.061568,Bellevue_150th_Eastgate
1049,0.63768,0.129689,0.093837,0.458535,0.169657,0.028876,Bellevue_150th_Eastgate
1050,0.639303,0.138996,0.096408,0.532017,0.194471,0.045143,Bellevue_150th_Eastgate
1051,0.651344,0.127849,0.093741,0.634189,0.28286,0.054121,Bellevue_150th_Eastgate
1052,0.651026,0.126828,0.093477,0.704983,0.212707,0.088187,Bellevue_150th_Eastgate
1053,0.636352,0.1153,0.089196,0.751549,0.274773,0.035086,Bellevue_150th_Eastgate
1054,0.640972,0.12285,0.092162,0.794912,0.232835,0.044131,Bellevue_150th_Eastgate
1055,0.622989,0.129579,0.093074,0.61124,0.174428,0.020376,Bellevue_150th_Eastgate
1056,0.60974,0.135749,0.094693,0.635486,0.259513,0.012656,Bellevue_150th_Eastgate
1057,0.626287,0.130053,0.093493,0.65375,0.305374,0.058449,Bellevue_150th_Eastgate
1058,0.638669,0.128255,0.093504,0.676816,0.247483,0.11359,Bellevue_150th_Eastgate
1059,0.609071,0.141355,0.0966,0.662682,0.251085,0.050945,Bellevue_150th_Eastgate
1060,0.637677,0.137023,0.096215,0.653163,0.280024,0.045277,Bellevue_150th_Eastgate
1061,0.621101,0.139853,0.096445,0.65898,0.212386,0.006944,Bellevue_150th_Eastgate
1062,0.619659,0.128346,0.092521,0.606796,0.173292,0.010011,Bellevue_150th_Eastgate
1063,0.621366,0.131563,0.093822,0.702552,0.215119,0.002517,Bellevue_150th_Eastgate
1064,0.629149,0.129806,0.093885,0.7302,0.146917,0.053437,Bellevue_150th_Eastgate
1065,0.617228,0.127871,0.092479,0.663829,0.136428,0.106737,Bellevue_150th_Eastgate
1066,0.616465,0.134524,0.094087,0.64521,0.114438,0.155183,Bellevue_150th_Eastgate
1067,0.631201,0.123731,0.091593,0.661914,0.128666,0.112492,Bellevue_150th_Eastgate
1068,0.624174,0.128394,0.092872,0.638036,0.167829,0.11467,Bellevue_150th_Eastgate
1069,0.623512,0.135349,0.095375,0.769059,0.26469,0.095195,Bellevue_150th_Eastgate
1070,0.640951,0.1173,0.089924,0.84873,0.268131,0.06318,Bellevue_150th_Eastgate
1071,0.648384,0.113233,0.08923,0.624075,0.200116,0.062363,Bellevue_150th_Eastgate
1072,0.630263,0.135983,0.095115,0.69225,0.29519,0.004991,Bellevue_150th_Eastgate
1073,0.626992,0.123263,0.091143,0.734152,0.334294,0.043021,Bellevue_150th_Eastgate
1074,0.632128,0.136345,0.095699,0.720017,0.310358,0.102415,Bellevue_150th_Eastgate
1075,0.632577,0.12978,0.093473,0.689513,0.277586,0.11332,Bellevue_150th_Eastgate
1076,0.631875,0.131871,0.094274,0.707662,0.290309,0.08271,Bellevue_150th_Eastgate
1077,0.627564,0.128761,0.093183,0.655043,0.298905,0.031245,Bellevue_150th_Eastgate
1078,0.618559,0.138505,0.09561,0.632254,0.24818,0.003627,Bellevue_150th_Eastgate
1079,0.649928,0.119712,0.091384,0.55407,0.204037,0.009067,Bellevue_150th_Eastgate
1080,0.637625,0.117404,0.089809,0.536067,0.175831,0.009995,Bellevue_150th_Eastgate
1081,0.631131,0.131994,0.094027,0.517929,0.163817,0.00844,Bellevue_150th_Eastgate
1082,0.640842,0.130175,0.093966,0.580213,0.177452,0.037276,Bellevue_150th_Eastgate
1083,0.642303,0.125978,0.092883,0.570987,0.16085,0.081141,Bellevue_150th_Eastgate
1084,0.625126,0.140168,0.096705,0.685829,0.212042,0.118089,Bellevue_150th_Eastgate
1085,0.62759,0.139222,0.096538,0.738404,0.254417,0.046317,Bellevue_150th_Eastgate
1086,0.626144,0.13302,0.094552,0.681038,0.175754,0.04175,Bellevue_150th_Eastgate
1087,0.623362,0.134107,0.094691,0.80302,0.182947,0.092748,Bellevue_150th_Eastgate
1088,0.644591,0.119801,0.09109,0.701397,0.122811,0.110562,Bellevue_150th_Eastgate
1089,0.614099,0.139588,0.096324,0.715472,0.114055,0.117104,Bellevue_150th_Eastgate
1090,0.616263,0.138032,0.095715,0.727232,0.108415,0.176447,Bellevue_150th_Eastgate
1091,0.623011,0.134243,0.09502,0.722923,0.079715,0.201843,Bellevue_150th_Eastgate
1092,0.628869,0.142845,0.09808,0.705573,0.053816,0.149084,Bellevue_150th_Eastgate
1093,0.639037,0.144729,0.098944,0.758826,0.12331,0.095838,Bellevue_150th_Eastgate
1094,0.608899,0.142621,0.096572,0.710998,0.139579,0.053249,Bellevue_150th_Eastgate
1095,0.634471,0.130751,0.093867,0.806401,0.165574,0.019874,Bellevue_150th_Eastgate
1096,0.649597,0.118436,0.090742,0.742232,0.152118,0.036932,Bellevue_150th_Eastgate
1097,0.618238,0.123494,0.091073,0.607983,0.122409,0.059356,Bellevue_150th_Eastgate
1098,0.626486,0.135584,0.095156,0.542006,0.105759,0.025187,Bellevue_150th_Eastgate
1099,0.635064,0.140881,0.097045,0.549955,0.098407,0.049438,Bellevue_150th_Eastgate
1100,0.620554,0.138611,0.095831,0.61156,0.18715,0.048597,Bellevue_150th_Eastgate
1101,0.624028,0.137443,0.095727,0.676151,0.165213,0.087732,Bellevue_150th_Eastgate
1102,0.626867,0.138623,0.096381,0.715276,0.130259,0.131432,Bellevue_150th_Eastgate
1103,0.620079,0.127685,0.092153,0.739177,0.222874,0.097495,Bellevue_150th_Eastgate
1104,0.630692,0.119967,0.090507,0.757335,0.212599,0.100642,Bellevue_150th_Eastgate
1105,0.643047,0.119771,0.090989,0.797372,0.206162,0.04525,Bellevue_150th_Eastgate
1106,0.623356,0.131963,0.093749,0.629434,0.165856,0.024232,Bellevue_150th_Eastgate
1107,0.61843,0.132413,0.094092,0.703636,0.256972,0.067641,Bellevue_150th_Eastgate
1108,0.63157,0.128812,0.093239,0.773907,0.260681,0.113979,Bellevue_150th_Eastgate
1109,0.652634,0.124,0.092731,0.752598,0.206451,0.137177,Bellevue_150th_Eastgate
1110,0.621833,0.140469,0.097064,0.706782,0.155216,0.070224,Bellevue_150th_Eastgate
1111,0.622368,0.133115,0.094229,0.887292,0.175908,0.09947,Bellevue_150th_Eastgate
1112,0.651999,0.1147,0.090264,0.782304,0.212478,0.065462,Bellevue_150th_Eastgate
1113,0.630202,0.126275,0.092378,0.752214,0.197586,0.018403,Bellevue_150th_Eastgate
1114,0.650247,0.118956,0.091065,0.810272,0.230725,0.021031,Bellevue_150th_Eastgate
1115,0.623661,0.123021,0.091025,0.686468,0.136039,0.022237,Bellevue_150th_Eastgate
1116,0.629994,0.126948,0.093086,0.752129,0.169623,0.045557,Bellevue_150th_Eastgate
1117,0.617778,0.128187,0.092356,0.725271,0.176759,0.037115,Bellevue_150th_Eastgate
1118,0.633673,0.129796,0.093674,0.883656,0.204914,0.051191,Bellevue_150th_Eastgate
1119,0.637426,0.110177,0.088143,0.664314,0.176328,0.024433,Bellevue_150th_Eastgate
1120,0.630349,0.132393,0.094386,0.667736,0.134443,0.014312,Bellevue_150th_Eastgate
1121,0.630679,0.136485,0.095417,0.748823,0.172716,0.023244,Bellevue_150th_Eastgate
1122,0.643075,0.114255,0.08888,0.736528,0.195857,0.004293,Bellevue_150th_Eastgate
1123,0.629091,0.132467,0.094302,0.866952,0.189032,0.021396,Bellevue_150th_Eastgate
1124,0.642536,0.118186,0.09031,0.770419,0.211943,0.003204,Bellevue_150th_Eastgate
1125,0.641034,0.119966,0.091293,0.77321,0.238476,0.030438,Bellevue_150th_Eastgate
1126,0.632769,0.111099,0.087889,0.720414,0.140379,0.019907,Bellevue_150th_Eastgate
1127,0.633309,0.119028,0.090155,0.786474,0.233932,0.010004,Bellevue_150th_Eastgate
1128,0.617322,0.122867,0.091242,0.694154,0.242754,0.041565,Bellevue_150th_Eastgate
1129,0.619006,0.127796,0.093266,0.680647,0.205027,0.058932,Bellevue_150th_Eastgate
1130,0.641334,0.117309,0.090191,0.735891,0.235266,0.048207,Bellevue_150th_Eastgate
1131,0.636319,0.11521,0.089311,0.802492,0.279073,0.110802,Bellevue_150th_Eastgate
1132,0.639492,0.121075,0.09157,0.783044,0.179864,0.125046,Bellevue_150th_Eastgate
1133,0.640544,0.111308,0.0884,0.711019,0.214232,0.056255,Bellevue_150th_Eastgate
1134,0.617634,0.127099,0.092382,0.689387,0.225313,0.018602,Bellevue_150th_Eastgate
1135,0.627862,0.123697,0.091751,0.661091,0.276275,0.007289,Bellevue_150th_Eastgate
1136,0.611907,0.137217,0.095805,0.759138,0.359456,0.014312,Bellevue_150th_Eastgate
1137,0.636675,0.124672,0.092192,0.642062,0.31943,0.005273,Bellevue_150th_Eastgate
1138,0.609583,0.137979,0.095331,0.668335,0.262237,0.009599,Bellevue_150th_Eastgate
1139,0.633238,0.12655,0.092651,0.729463,0.223946,0.010974,Bellevue_150th_Eastgate
1140,0.606301,0.131781,0.093403,0.727359,0.185355,0.030564,Bellevue_150th_Eastgate
1141,0.626926,0.127449,0.093144,0.689238,0.199513,0.053287,Bellevue_150th_Eastgate
1142,0.605069,0.13661,0.09513,0.615433,0.169212,0.055372,Bellevue_150th_Eastgate
1143,0.624183,0.136952,0.095536,0.742796,0.294217,0.051192,Bellevue_150th_Eastgate
1144,0.62198,0.134364,0.094771,0.648754,0.251995,0.057293,Bellevue_150th_Eastgate
1145,0.634853,0.123423,0.091915,0.67071,0.195384,0.08947,Bellevue_150th_Eastgate
1146,0.609702,0.130936,0.09344,0.688734,0.329117,0.025329,Bellevue_150th_Eastgate
1147,0.642865,0.140604,0.097553,0.646922,0.241555,0.039435,Bellevue_150th_Eastgate
1148,0.647191,0.116388,0.090259,0.794928,0.300144,0.056053,Bellevue_150th_Eastgate
1149,0.614691,0.116553,0.088829,0.763015,0.340795,0.03027,Bellevue_150th_Eastgate
1150,0.625823,0.1269,0.092122,0.655201,0.297144,0.050178,Bellevue_150th_Eastgate
1151,0.623744,0.136999,0.09569,0.685064,0.230246,0.12901,Bellevue_150th_Eastgate
1152,0.629569,0.132975,0.094885,0.639091,0.250719,0.104089,Bellevue_150th_Eastgate
1153,0.637057,0.127782,0.093245,0.695224,0.21922,0.168328,Bellevue_150th_Eastgate
1154,0.635363,0.142087,0.098001,0.648416,0.337504,0.045553,Bellevue_150th_Eastgate
1155,0.618241,0.134186,0.094396,0.666987,0.35999,0.0,Bellevue_150th_Eastgate
1156,0.641946,0.121957,0.091362,0.696701,0.345611,0.013366,Bellevue_150th_Eastgate
1157,0.625159,0.135543,0.095084,0.620546,0.227443,0.022014,Bellevue_150th_Eastgate
1158,0.63792,0.118187,0.089767,0.608399,0.21032,0.01559,Bellevue_150th_Eastgate
1159,0.637784,0.121901,0.091295,0.589436,0.313349,0.038224,Bellevue_150th_Eastgate
1160,0.619954,0.129746,0.09311,0.669391,0.291446,0.032828,Bellevue_150th_Eastgate
1161,0.636301,0.121534,0.09149,0.743454,0.195008,0.067773,Bellevue_150th_Eastgate
1162,0.618381,0.121034,0.090204,0.785737,0.166104,0.09228,Bellevue_150th_Eastgate
1163,0.637814,0.111869,0.088371,0.721077,0.211862,0.049185,Bellevue_150th_Eastgate
1164,0.625079,0.130946,0.093714,0.664228,0.235336,0.019706,Bellevue_150th_Eastgate
1165,0.621664,0.131326,0.093803,0.757776,0.320767,0.037937,Bellevue_150th_Eastgate
1166,0.638622,0.11841,0.089979,0.66339,0.201736,0.092313,Bellevue_150th_Eastgate
1167,0.626139,0.127832,0.092684,0.63026,0.222625,0.064811,Bellevue_150th_Eastgate
1168,0.604938,0.139039,0.095909,0.639854,0.179558,0.055104,Bellevue_150th_Eastgate
1169,0.636657,0.122127,0.091172,0.52923,0.253713,0.02783,Bellevue_150th_Eastgate
1170,0.654343,0.117055,0.090766,0.60662,0.287252,0.077676,Bellevue_150th_Eastgate
1171,0.611507,0.116906,0.088418,0.568324,0.22938,0.006508,Bellevue_150th_Eastgate
1172,0.634576,0.11376,0.089128,0.793582,0.480785,0.010897,Bellevue_150th_Eastgate
1173,0.639935,0.110222,0.088129,0.737238,0.322318,0.055805,Bellevue_150th_Eastgate
1174,0.612818,0.127427,0.092279,0.677079,0.297024,0.035273,Bellevue_150th_Eastgate
1175,0.612894,0.142387,0.09744,0.692732,0.280466,0.065035,Bellevue_150th_Eastgate
1176,0.626124,0.125579,0.092265,0.627949,0.2656,0.04832,Bellevue_150th_Eastgate
1177,0.607051,0.138022,0.095316,0.661629,0.214271,0.101504,Bellevue_150th_Eastgate
1178,0.6104,0.131992,0.093434,0.735612,0.361881,0.093004,Bellevue_150th_Eastgate
1179,0.611792,0.128722,0.092303,0.643736,0.214663,0.094603,Bellevue_150th_Eastgate
1180,0.606295,0.12944,0.093102,0.748218,0.256961,0.051009,Bellevue_150th_Eastgate
1181,0.607756,0.126764,0.092177,0.664795,0.25652,0.010786,Bellevue_150th_Eastgate
1182,0.601882,0.137255,0.094847,0.663858,0.218947,0.047398,Bellevue_150th_Eastgate
1183,0.647069,0.129447,0.094018,0.735152,0.264769,0.02343,Bellevue_150th_Eastgate
1184,0.630637,0.129823,0.092878,0.831272,0.30258,0.066703,Bellevue_150th_Eastgate
1185,0.656021,0.121867,0.092055,0.812463,0.289633,0.045363,Bellevue_150th_Eastgate
1186,0.614324,0.125871,0.091283,0.730158,0.258862,0.045468,Bellevue_150th_Eastgate
1187,0.620386,0.115241,0.088822,0.845352,0.196739,0.073662,Bellevue_150th_Eastgate
1188,0.639915,0.10506,0.087138,0.683965,0.236928,0.014969,Bellevue_150th_Eastgate
1189,0.616099,0.126417,0.092062,0.638851,0.240442,0.017166,Bellevue_150th_Eastgate
1190,0.618582,0.133174,0.094311,0.753058,0.27201,0.029234,Bellevue_150th_Eastgate
1191,0.63806,0.113902,0.088844,0.690389,0.212307,0.025835,Bellevue_150th_Eastgate
1192,0.628139,0.11642,0.089618,0.720032,0.30145,0.028888,Bellevue_150th_Eastgate
1193,0.625192,0.130131,0.093698,0.716126,0.179198,0.036014,Bellevue_150th_Eastgate
1194,0.626438,0.126575,0.092603,0.844609,0.249908,0.019273,Bellevue_150th_Eastgate
1195,0.632876,0.113004,0.088937,0.702383,0.217205,0.05772,Bellevue_150th_Eastgate
1196,0.633518,0.125114,0.092534,0.764136,0.300967,0.100039,Bellevue_150th_Eastgate
1197,0.63438,0.128095,0.093447,0.766229,0.296612,0.106291,Bellevue_150th_Eastgate
1198,0.647178,0.11424,0.089615,0.82529,0.262773,0.1121,Bellevue_150th_Eastgate
1199,0.638849,0.112101,0.088246,0.797545,0.198064,0.155152,Bellevue_150th_Eastgate
1200,0.640006,0.115124,0.089671,0.712027,0.249458,0.101998,Bellevue_150th_Eastgate
1201,0.638772,0.125033,0.092693,0.657076,0.135006,0.118496,Bellevue_150th_Eastgate
1202,0.619886,0.131568,0.094066,0.699485,0.187007,0.094166,Bellevue_150th_Eastgate
1203,0.621121,0.109277,0.086873,0.683094,0.168034,0.070782,Bellevue_150th_Eastgate
1204,0.636581,0.10984,0.087626,0.652501,0.199244,0.038709,Bellevue_150th_Eastgate
1205,0.634515,0.111098,0.088395,0.663497,0.302303,0.084738,Bellevue_150th_Eastgate
1206,0.631946,0.109694,0.087503,0.638676,0.352705,0.046185,Bellevue_150th_Eastgate
1207,0.613337,0.123291,0.090913,0.56442,0.254618,0.061672,Bellevue_150th_Eastgate
1208,0.60994,0.124289,0.091726,0.755996,0.190826,0.049981,Bellevue_150th_Eastgate
1209,0.602639,0.119865,0.090541,0.809355,0.179938,0.020861,Bellevue_150th_Eastgate
1210,0.62985,0.110743,0.088261,0.752045,0.150134,0.036522,Bellevue_150th_Eastgate
1211,0.614431,0.114192,0.088351,0.670242,0.216431,0.015899,Bellevue_150th_Eastgate
1212,0.626548,0.114669,0.088868,0.734267,0.29107,0.001667,Bellevue_150th_Eastgate
1213,0.623551,0.115107,0.089235,0.720213,0.303083,0.0,Bellevue_150th_Eastgate
1214,0.63728,0.111626,0.088567,0.644334,0.266075,0.020724,Bellevue_150th_Eastgate
1215,0.627695,0.113288,0.088515,0.637471,0.182684,0.043284,Bellevue_150th_Eastgate
1216,0.596607,0.142963,0.097694,0.721677,0.212722,0.045236,Bellevue_150th_Eastgate
1217,0.619239,0.125297,0.092029,0.799423,0.289024,0.020835,Bellevue_150th_Eastgate
1218,0.546618,0.090823,0.079609,0.692785,0.256677,0.035031,Bellevue_150th_Eastgate
1219,0.614735,0.122381,0.091289,0.697649,0.238879,0.078804,Bellevue_150th_Eastgate
1220,0.616502,0.128889,0.092767,0.706249,0.225251,0.094765,Bellevue_150th_Eastgate
1221,0.632976,0.119236,0.090285,0.616841,0.129519,0.149153,Bellevue_150th_Eastgate
1222,0.63318,0.125537,0.092855,0.769518,0.283242,0.143886,Bellevue_150th_Eastgate
1223,0.642964,0.120258,0.091204,0.727676,0.252307,0.077838,Bellevue_150th_Eastgate
1224,0.621478,0.126451,0.092439,0.760071,0.228479,0.087916,Bellevue_150th_Eastgate
1225,0.62031,0.114288,0.088528,0.645134,0.285806,0.024106,Bellevue_150th_Eastgate
1226,0.604386,0.127398,0.092601,0.504429,0.233747,0.014633,Bellevue_150th_Eastgate
1227,0.610073,0.140277,0.096274,0.603789,0.240077,0.001515,Bellevue_150th_Eastgate
1228,0.638647,0.120284,0.091084,0.639066,0.279815,0.00965,Bellevue_150th_Eastgate
1229,0.642454,0.118003,0.090645,0.659886,0.246551,0.021098,Bellevue_150th_Eastgate
1230,0.639043,0.118831,0.0906,0.510704,0.080802,0.092659,Bellevue_150th_Eastgate
1231,0.618155,0.124027,0.091553,0.646008,0.133749,0.052116,Bellevue_150th_Eastgate
1232,0.629445,0.111082,0.087981,0.635999,0.208636,0.041559,Bellevue_150th_Eastgate
1233,0.622834,0.12475,0.092147,0.689733,0.287522,0.03033,Bellevue_150th_Eastgate
1234,0.637991,0.109824,0.088053,0.679804,0.209841,0.039787,Bellevue_150th_Eastgate
1235,0.629738,0.112657,0.088793,0.627518,0.210657,0.074782,Bellevue_150th_Eastgate
1236,0.633355,0.112481,0.088502,0.711551,0.184659,0.084886,Bellevue_150th_Eastgate
1237,0.623049,0.114577,0.089204,0.754484,0.148138,0.061355,Bellevue_150th_Eastgate
1238,0.601108,0.132986,0.09369,0.794155,0.1354,0.034297,Bellevue_150th_Eastgate
1239,0.630742,0.110735,0.08784,0.747098,0.084441,0.048431,Bellevue_150th_Eastgate
1240,0.634355,0.108882,0.087853,0.712806,0.196263,0.018353,Bellevue_150th_Eastgate
1241,0.617059,0.125484,0.09212,0.652908,0.190732,0.038386,Bellevue_150th_Eastgate
1242,0.619834,0.131176,0.094147,0.766587,0.239547,0.066292,Bellevue_150th_Eastgate
1243,0.638371,0.108494,0.087883,0.640859,0.243591,0.057268,Bellevue_150th_Eastgate
1244,0.632347,0.11316,0.089145,0.674796,0.286026,0.038719,Bellevue_150th_Eastgate
1245,0.626589,0.130302,0.093825,0.684516,0.252852,0.043654,Bellevue_150th_Eastgate
1246,0.618918,0.126063,0.092529,0.827499,0.261562,0.0726,Bellevue_150th_Eastgate
1247,0.635625,0.107777,0.087316,0.615889,0.217258,0.023438,Bellevue_150th_Eastgate
1248,0.60414,0.133162,0.093789,0.600093,0.205133,0.011111,Bellevue_150th_Eastgate
1249,0.627891,0.112942,0.088292,0.727217,0.230634,0.067488,Bellevue_150th_Eastgate
1250,0.57751,0.131836,0.093843,0.774558,0.251271,0.088201,Bellevue_150th_Eastgate
1251,0.616705,0.118893,0.089694,0.73926,0.180162,0.100465,Bellevue_150th_Eastgate
1252,0.636635,0.114139,0.089079,0.697924,0.142032,0.140441,Bellevue_150th_Eastgate
1253,0.629407,0.111584,0.0879,0.605455,0.159739,0.053442,Bellevue_150th_Eastgate
1254,0.613928,0.117561,0.089529,0.896457,0.220567,0.125806,Bellevue_150th_Eastgate
1255,0.636291,0.101523,0.086388,0.67603,0.19919,0.037854,Bellevue_150th_Eastgate
1256,0.623927,0.114017,0.088944,0.671748,0.19738,0.029235,Bellevue_150th_Eastgate
1257,0.619441,0.125066,0.091955,0.658402,0.215026,0.002381,Bellevue_150th_Eastgate
1258,0.637629,0.106839,0.087177,0.685919,0.168036,0.074415,Bellevue_150th_Eastgate
1259,0.633981,0.111756,0.088095,0.69392,0.143341,0.158323,Bellevue_150th_Eastgate
1260,0.617759,0.114546,0.088433,0.916499,0.314383,0.053232,Bellevue_150th_Eastgate
1261,0.633427,0.099919,0.085416,0.730576,0.218518,0.032268,Bellevue_150th_Eastgate
1262,0.607343,0.113545,0.088393,0.748709,0.256161,0.003421,Bellevue_150th_Eastgate
1263,0.596647,0.118651,0.090154,0.640246,0.218103,0.032507,Bellevue_150th_Eastgate
1264,0.633269,0.113683,0.089442,0.654058,0.290324,0.0196,Bellevue_150th_Eastgate
1265,0.627964,0.110564,0.088098,0.621564,0.183097,0.020456,Bellevue_150th_Eastgate
1266,0.605736,0.122428,0.090783,0.692986,0.301452,0.042084,Bellevue_150th_Eastgate
1267,0.608129,0.128211,0.092332,0.845893,0.356943,0.010729,Bellevue_150th_Eastgate
1268,0.643615,0.112652,0.089266,0.742436,0.345628,0.03887,Bellevue_150th_Eastgate
1269,0.608678,0.119608,0.089564,0.706099,0.340896,0.06929,Bellevue_150th_Eastgate
1270,0.623688,0.122296,0.091019,0.904861,0.291734,0.292036,Bellevue_150th_Eastgate
1271,0.647342,0.117922,0.090617,0.915836,0.255357,0.290029,Bellevue_150th_Eastgate
1272,0.638497,0.113653,0.08851,0.853631,0.174281,0.266213,Bellevue_150th_Eastgate
1273,0.652994,0.115583,0.090265,0.819569,0.224496,0.322659,Bellevue_150th_Eastgate
1274,0.651514,0.11864,0.090982,0.714863,0.200345,0.134272,Bellevue_150th_Eastgate
1275,0.620503,0.121935,0.090891,0.727112,0.202856,0.054828,Bellevue_150th_Eastgate
1276,0.624883,0.105452,0.086177,0.663618,0.271947,0.012725,Bellevue_150th_Eastgate
1277,0.616552,0.123789,0.090974,0.716903,0.228099,0.0,Bellevue_150th_Eastgate
1278,0.647558,0.109216,0.088253,0.745142,0.271572,0.011859,Bellevue_150th_Eastgate
1279,0.628902,0.10714,0.086593,0.713376,0.2414,0.06247,Bellevue_150th_Eastgate
1280,0.605858,0.107492,0.086791,0.822964,0.195739,0.118877,Bellevue_150th_Eastgate
1281,0.605089,0.119529,0.090094,0.836056,0.129048,0.109114,Bellevue_150th_Eastgate
1282,0.628711,0.117582,0.089873,0.701194,0.181468,0.083759,Bellevue_150th_Eastgate
1283,0.608779,0.128639,0.092784,0.68457,0.279074,0.042932,Bellevue_150th_Eastgate
1284,0.630596,0.11888,0.090345,0.671592,0.276583,0.010712,Bellevue_150th_Eastgate
1285,0.644861,0.111857,0.088732,0.702315,0.278419,0.038285,Bellevue_150th_Eastgate
1286,0.619725,0.131196,0.093594,0.681303,0.224064,0.088451,Bellevue_150th_Eastgate
1287,0.634696,0.11928,0.090173,0.650997,0.275636,0.04619,Bellevue_150th_Eastgate
1288,0.617485,0.123488,0.090959,0.663758,0.26768,0.006001,Bellevue_150th_Eastgate
1289,0.631338,0.1171,0.089874,0.588128,0.235845,0.028628,Bellevue_150th_Eastgate
1290,0.62265,0.121227,0.090521,0.536901,0.161928,0.080504,Bellevue_150th_Eastgate
1291,0.613737,0.124365,0.091598,0.590782,0.158008,0.060939,Bellevue_150th_Eastgate
1292,0.603807,0.108484,0.087001,0.516097,0.046436,0.040011,Bellevue_150th_Eastgate
1293,0.60919,0.123039,0.091446,0.499615,0.099613,0.032996,Bellevue_150th_Eastgate
1294,0.640378,0.121674,0.091461,0.567486,0.183479,0.070611,Bellevue_150th_Eastgate
1295,0.622538,0.119653,0.090264,0.681392,0.290933,0.034674,Bellevue_150th_Eastgate
1296,0.618488,0.105542,0.085845,0.615384,0.11323,0.080344,Bellevue_150th_Eastgate
1297,0.534446,0.133462,0.096061,0.630329,0.155074,0.089922,Bellevue_150th_Eastgate
1298,0.630418,0.113369,0.088518,0.605143,0.16515,0.135524,Bellevue_150th_Eastgate
1299,0.635747,0.113847,0.088757,0.640795,0.187485,0.117773,Bellevue_150th_Eastgate
1300,0.63021,0.112056,0.088156,0.65015,0.202995,0.096624,Bellevue_150th_Eastgate
1301,0.626525,0.120449,0.090401,0.685323,0.170433,0.128012,Bellevue_150th_Eastgate
1302,0.598559,0.125833,0.091338,0.614831,0.085082,0.057774,Bellevue_150th_Eastgate
1303,0.592972,0.119861,0.089936,0.661875,0.146285,0.043756,Bellevue_150th_Eastgate
1304,0.608491,0.119427,0.089792,0.502416,0.136253,0.031541,Bellevue_150th_Eastgate
1305,0.623093,0.122317,0.090886,0.491024,0.10801,0.104341,Bellevue_150th_Eastgate
1306,0.601436,0.139262,0.096134,0.57044,0.122688,0.057685,Bellevue_150th_Eastgate
1307,0.643174,0.123401,0.092062,0.606884,0.184085,0.02953,Bellevue_150th_Eastgate
1308,0.644623,0.11829,0.090796,0.57443,0.187564,0.021188,Bellevue_150th_Eastgate
1309,0.628641,0.128787,0.093104,0.594685,0.111483,0.040528,Bellevue_150th_Eastgate
1310,0.613103,0.125344,0.09129,0.607881,0.061389,0.031168,Bellevue_150th_Eastgate
1311,0.626532,0.11221,0.088099,0.691987,0.086049,0.069371,Bellevue_150th_Eastgate
1312,0.63745,0.100722,0.085633,0.705871,0.188072,0.036461,Bellevue_150th_Eastgate
1313,0.611014,0.124767,0.091427,0.578788,0.200582,0.032815,Bellevue_150th_Eastgate
1314,0.622877,0.123849,0.091043,0.825387,0.284193,0.057778,Bellevue_150th_Eastgate
1315,0.650375,0.114116,0.089794,0.804154,0.313178,0.039067,Bellevue_150th_Eastgate
1316,0.647382,0.111383,0.08855,0.806964,0.339614,0.026199,Bellevue_150th_Eastgate
1317,0.629556,0.118029,0.089331,0.815775,0.31278,0.0861,Bellevue_150th_Eastgate
1318,0.603159,0.121081,0.090018,0.850972,0.281299,0.065015,Bellevue_150th_Eastgate
1319,0.6359,0.101542,0.086062,0.80189,0.222371,0.087539,Bellevue_150th_Eastgate
1320,0.602072,0.115462,0.088914,0.667768,0.138962,0.074794,Bellevue_150th_Eastgate
1321,0.624349,0.104539,0.086014,0.65711,0.140129,0.064588,Bellevue_150th_Eastgate
1322,0.611441,0.12552,0.091287,0.634568,0.140563,0.047749,Bellevue_150th_Eastgate
1323,0.610799,0.131797,0.094213,0.685908,0.194934,0.036421,Bellevue_150th_Eastgate
1324,0.642108,0.113546,0.088984,0.637045,0.205019,0.042368,Bellevue_150th_Eastgate
1325,0.635883,0.124409,0.09199,0.664772,0.219984,0.049396,Bellevue_150th_Eastgate
1326,0.603537,0.117564,0.089093,0.756691,0.202138,0.075696,Bellevue_150th_Eastgate
1327,0.60968,0.111121,0.087987,0.70218,0.129863,0.04105,Bellevue_150th_Eastgate
1328,0.612278,0.110195,0.087686,0.737522,0.156445,0.024113,Bellevue_150th_Eastgate
1329,0.62468,0.104801,0.086107,0.648281,0.245824,0.056231,Bellevue_150th_Eastgate
1330,0.621497,0.113882,0.088466,0.719977,0.23455,0.101753,Bellevue_150th_Eastgate
1331,0.636949,0.109214,0.087115,0.71856,0.194772,0.089841,Bellevue_150th_Eastgate
1332,0.633013,0.115283,0.089123,0.707423,0.310861,0.029807,Bellevue_150th_Eastgate
1333,0.634785,0.115788,0.08951,0.605855,0.234273,0.028518,Bellevue_150th_Eastgate
1334,0.600282,0.112288,0.087667,0.752085,0.313115,0.019019,Bellevue_150th_Eastgate
1335,0.616239,0.096515,0.083575,0.691899,0.227654,0.014306,Bellevue_150th_Eastgate
1336,0.604249,0.116984,0.089194,0.726911,0.23296,0.030642,Bellevue_150th_Eastgate
1337,0.632281,0.11731,0.089755,0.802875,0.192563,0.04991,Bellevue_150th_Eastgate
1338,0.604289,0.125337,0.09187,0.777404,0.168201,0.12707,Bellevue_150th_Eastgate
1339,0.610768,0.128202,0.093273,0.776855,0.222112,0.095579,Bellevue_150th_Eastgate
1340,0.629669,0.125739,0.092086,0.739241,0.310804,0.019735,Bellevue_150th_Eastgate
1341,0.609523,0.116747,0.088229,0.653489,0.268211,0.027037,Bellevue_150th_Eastgate
1342,0.627264,0.100019,0.085081,0.767191,0.372518,0.054113,Bellevue_150th_Eastgate
1343,0.60784,0.094472,0.082836,0.609086,0.192768,0.038116,Bellevue_150th_Eastgate
1344,0.594493,0.125616,0.091268,0.664882,0.259049,0.109544,Bellevue_150th_Eastgate
1345,0.625034,0.112365,0.088355,0.705222,0.242736,0.154796,Bellevue_150th_Eastgate
1346,0.640098,0.104267,0.085937,0.729567,0.131637,0.184974,Bellevue_150th_Eastgate
1347,0.638226,0.10285,0.08659,0.759937,0.052655,0.290989,Bellevue_150th_Eastgate
1348,0.650183,0.106215,0.087509,0.638808,0.13299,0.112106,Bellevue_150th_Eastgate
1349,0.605833,0.115164,0.088801,0.8621,0.323618,0.06064,Bellevue_150th_Eastgate
1350,0.615214,0.098475,0.084231,0.670558,0.224007,0.014181,Bellevue_150th_Eastgate
1351,0.629607,0.103082,0.085513,0.544906,0.181905,0.032015,Bellevue_150th_Eastgate
1352,0.620408,0.122102,0.090913,0.729446,0.169295,0.079895,Bellevue_150th_Eastgate
1353,0.626821,0.106072,0.086332,0.584747,0.17589,0.032109,Bellevue_150th_Eastgate
1354,0.605444,0.115648,0.088783,0.74804,0.204622,0.064776,Bellevue_150th_Eastgate
1355,0.620743,0.103935,0.085908,0.659397,0.150586,0.105076,Bellevue_150th_Eastgate
1356,0.623955,0.11503,0.088703,0.707417,0.096062,0.069595,Bellevue_150th_Eastgate
1357,0.603325,0.101968,0.085602,0.580048,0.052717,0.086781,Bellevue_150th_Eastgate
1358,0.623832,0.111164,0.087963,0.549436,0.152472,0.048939,Bellevue_150th_Eastgate
1359,0.629624,0.116894,0.089428,0.567206,0.176911,0.04482,Bellevue_150th_Eastgate
1360,0.630879,0.115531,0.089134,0.572201,0.159248,0.046705,Bellevue_150th_Eastgate
1361,0.623939,0.10672,0.086709,0.535869,0.147361,0.067391,Bellevue_150th_Eastgate
1362,0.638113,0.115726,0.089779,0.62254,0.147053,0.064687,Bellevue_150th_Eastgate
1363,0.614622,0.115448,0.089007,0.648999,0.132729,0.039682,Bellevue_150th_Eastgate
1364,0.615466,0.119205,0.089616,0.648227,0.171847,0.04274,Bellevue_150th_Eastgate
1365,0.615601,0.118111,0.089601,0.58326,0.232372,0.040351,Bellevue_150th_Eastgate
1366,0.625653,0.115189,0.088966,0.617819,0.256831,0.071889,Bellevue_150th_Eastgate
1367,0.629195,0.105581,0.086555,0.68501,0.191396,0.219867,Bellevue_150th_Eastgate
1368,0.602753,0.109493,0.087069,0.730961,0.197006,0.07919,Bellevue_150th_Eastgate
1369,0.599292,0.093346,0.083067,0.730077,0.229504,0.006405,Bellevue_150th_Eastgate
1370,0.616919,0.101487,0.084777,0.603392,0.167547,0.01733,Bellevue_150th_Eastgate
1371,0.620381,0.101284,0.084785,0.508727,0.167127,0.067501,Bellevue_150th_Eastgate
1372,0.598303,0.113709,0.088983,0.478998,0.177654,0.08017,Bellevue_150th_Eastgate
1373,0.631484,0.105639,0.086283,0.543811,0.13294,0.05199,Bellevue_150th_Eastgate
1374,0.61447,0.114905,0.088314,0.65256,0.180406,0.02024,Bellevue_150th_Eastgate
1375,0.59633,0.111769,0.086887,0.778215,0.207408,0.085748,Bellevue_150th_Eastgate
1376,0.570581,0.096376,0.083651,0.628864,0.225905,0.087228,Bellevue_150th_Eastgate
1377,0.585372,0.104171,0.085983,0.747964,0.298259,0.018478,Bellevue_150th_Eastgate
1378,0.636405,0.104525,0.086389,0.777799,0.384766,0.001961,Bellevue_150th_Eastgate
1379,0.644556,0.107248,0.087246,0.784298,0.325467,0.037351,Bellevue_150th_Eastgate
1380,0.645116,0.110266,0.088244,0.74065,0.36058,0.018645,Bellevue_150th_Eastgate
1381,0.644984,0.112881,0.088715,0.692146,0.264136,0.080672,Bellevue_150th_Eastgate
1382,0.602809,0.10384,0.086147,0.587829,0.225692,0.080298,Bellevue_150th_Eastgate
1383,0.591517,0.111968,0.087541,0.599926,0.127475,0.016481,Bellevue_150th_Eastgate
1384,0.612146,0.123431,0.090954,0.770177,0.203845,0.004762,Bellevue_150th_Eastgate
1385,0.635651,0.103894,0.08608,0.74505,0.162739,0.001449,Bellevue_150th_Eastgate
1386,0.613671,0.112293,0.088089,0.774155,0.15281,0.009676,Bellevue_150th_Eastgate
1387,0.622066,0.101576,0.08515,0.75313,0.209731,0.025829,Bellevue_150th_Eastgate
1388,0.599857,0.10362,0.084951,0.672689,0.195252,0.038424,Bellevue_150th_Eastgate
1389,0.595789,0.106967,0.08629,0.716919,0.197319,0.068591,Bellevue_150th_Eastgate
1390,0.5834,0.102049,0.085109,0.642428,0.175761,0.023436,Bellevue_150th_Eastgate
1391,0.611984,0.113772,0.088069,0.677569,0.180075,0.038283,Bellevue_150th_Eastgate
1392,0.630022,0.110779,0.087963,0.663337,0.163571,0.030807,Bellevue_150th_Eastgate
1393,0.651433,0.107174,0.087611,0.701941,0.249379,0.062596,Bellevue_150th_Eastgate
1394,0.619615,0.096973,0.08394,0.62198,0.242567,0.019298,Bellevue_150th_Eastgate
1395,0.61281,0.108982,0.086669,0.508898,0.215667,0.024351,Bellevue_150th_Eastgate
1396,0.620616,0.104201,0.085444,0.41498,0.203162,0.030064,Bellevue_150th_Eastgate
1397,0.572437,0.114243,0.088628,0.562277,0.298288,0.05422,Bellevue_150th_Eastgate
1398,0.634986,0.109784,0.087567,0.59235,0.21859,0.049725,Bellevue_150th_Eastgate
1399,0.59742,0.109307,0.086334,0.791094,0.241419,0.048816,Bellevue_150th_Eastgate
1400,0.59513,0.088702,0.081491,0.744909,0.168409,0.011354,Bellevue_150th_Eastgate
1401,0.611539,0.098969,0.083851,0.786364,0.236011,0.005754,Bellevue_150th_Eastgate
1402,0.565305,0.110138,0.08715,0.734118,0.230484,0.030129,Bellevue_150th_Eastgate
1403,0.5761,0.103115,0.085256,0.744196,0.195677,0.078173,Bellevue_150th_Eastgate
1404,0.578222,0.111407,0.087892,0.647129,0.269829,0.113967,Bellevue_150th_Eastgate
1405,0.612143,0.104767,0.085311,0.557259,0.218531,0.052249,Bellevue_150th_Eastgate
1406,0.60475,0.101708,0.084976,0.629943,0.247622,0.013822,Bellevue_150th_Eastgate
1407,0.573448,0.103975,0.085361,0.578939,0.166037,0.026115,Bellevue_150th_Eastgate
1408,0.573521,0.110248,0.087296,0.561184,0.199808,0.018026,Bellevue_150th_Eastgate
1409,0.560747,0.11551,0.089155,0.569854,0.207283,0.074478,Bellevue_150th_Eastgate
1410,0.603485,0.111926,0.08708,0.555518,0.171494,0.074318,Bellevue_150th_Eastgate
1411,0.608675,0.116062,0.088255,0.60129,0.23444,0.084545,Bellevue_150th_Eastgate
1412,0.588591,0.113532,0.086865,0.6095,0.216501,0.106177,Bellevue_150th_Eastgate
1413,0.540762,0.115986,0.09104,0.533298,0.211811,0.040469,Bellevue_150th_Eastgate
1414,0.589467,0.102424,0.084787,0.462311,0.118762,0.017996,Bellevue_150th_Eastgate
1415,0.619909,0.113877,0.087964,0.597516,0.15298,0.02785,Bellevue_150th_Eastgate
1416,0.633507,0.103824,0.086148,0.558133,0.147553,0.046223,Bellevue_150th_Eastgate
1417,0.625221,0.104714,0.085698,0.559768,0.171847,0.024919,Bellevue_150th_Eastgate
1418,0.62357,0.105139,0.085763,0.622991,0.250782,0.015546,Bellevue_150th_Eastgate
1419,0.607963,0.108444,0.08625,0.651602,0.225043,0.015145,Bellevue_150th_Eastgate
1420,0.610678,0.108886,0.086778,0.762623,0.291981,0.005185,Bellevue_150th_Eastgate
1421,0.631797,0.095592,0.083888,0.588109,0.148676,0.012337,Bellevue_150th_Eastgate
1422,0.60822,0.113548,0.087735,0.595065,0.171588,0.066637,Bellevue_150th_Eastgate
1423,0.576404,0.100406,0.08485,0.631889,0.140775,0.090112,Bellevue_150th_Eastgate
1424,0.617592,0.105188,0.085578,0.672353,0.18992,0.115837,Bellevue_150th_Eastgate
1425,0.589142,0.113521,0.088201,0.689712,0.174184,0.156545,Bellevue_150th_Eastgate
1426,0.587181,0.104192,0.085057,0.674028,0.195709,0.062796,Bellevue_150th_Eastgate
1427,0.584484,0.105238,0.085198,0.673404,0.181872,0.068343,Bellevue_150th_Eastgate
1428,0.606639,0.098474,0.084116,0.859064,0.258961,0.090507,Bellevue_150th_Eastgate
1429,0.613429,0.089875,0.081493,0.576154,0.203788,0.035792,Bellevue_150th_Eastgate
1430,0.608825,0.096258,0.083547,0.524997,0.182779,0.017116,Bellevue_150th_Eastgate
1431,0.621294,0.099842,0.084223,0.604821,0.146666,0.121713,Bellevue_150th_Eastgate
1432,0.613137,0.098934,0.084006,0.508976,0.072598,0.090634,Bellevue_150th_Eastgate
1433,0.628992,0.102964,0.085271,0.539436,0.10703,0.117859,Bellevue_150th_Eastgate
1434,0.620863,0.094524,0.082902,0.567809,0.211175,0.141489,Bellevue_150th_Eastgate
1435,0.590218,0.101915,0.084292,0.597237,0.199287,0.073922,Bellevue_150th_Eastgate
1436,0.617756,0.097488,0.083931,0.708263,0.266699,0.058734,Bellevue_150th_Eastgate
1437,0.61077,0.089415,0.081267,0.55072,0.231352,0.017833,Bellevue_150th_Eastgate
1438,0.604023,0.102642,0.084878,0.549881,0.235708,0.010175,Bellevue_150th_Eastgate
1439,0.612732,0.106181,0.087019,0.593173,0.260232,0.009162,Bellevue_150th_Eastgate
1440,0.655433,0.107401,0.087616,0.57825,0.282527,0.015955,Bellevue_150th_Eastgate
1441,0.642516,0.106711,0.086783,0.561843,0.266345,0.018701,Bellevue_150th_Eastgate
1442,0.617103,0.113707,0.087698,0.612254,0.29587,0.034505,Bellevue_150th_Eastgate
1443,0.588745,0.113568,0.087126,0.63791,0.282534,0.049482,Bellevue_150th_Eastgate
1444,0.59093,0.095739,0.083789,0.68611,0.250626,0.055401,Bellevue_150th_Eastgate
1445,0.603863,0.098849,0.083296,0.610864,0.282055,0.022393,Bellevue_150th_Eastgate
1446,0.611585,0.096651,0.083204,0.574112,0.221899,0.072835,Bellevue_150th_Eastgate
1447,0.611212,0.105529,0.085272,0.603278,0.232144,0.016547,Bellevue_150th_Eastgate
1448,0.60738,0.10737,0.086463,0.622824,0.17111,0.041192,Bellevue_150th_Eastgate
1449,0.628253,0.105307,0.086102,0.698702,0.166282,0.068264,Bellevue_150th_Eastgate
1450,0.606582,0.103178,0.085061,0.675883,0.215583,0.0608,Bellevue_150th_Eastgate
1451,0.59439,0.108651,0.085792,0.760384,0.162565,0.156522,Bellevue_150th_Eastgate
1452,0.6078,0.085489,0.080178,0.649514,0.179166,0.077201,Bellevue_150th_Eastgate
1453,0.60243,0.097197,0.083315,0.551079,0.124027,0.083629,Bellevue_150th_Eastgate
1454,0.58185,0.09699,0.083734,0.522598,0.160126,0.085376,Bellevue_150th_Eastgate
1455,0.587994,0.106873,0.086169,0.558938,0.198336,0.05392,Bellevue_150th_Eastgate
1456,0.583327,0.103619,0.085543,0.566337,0.202678,0.071203,Bellevue_150th_Eastgate
1457,0.592346,0.116487,0.089533,0.570915,0.17423,0.025926,Bellevue_150th_Eastgate
1458,0.610889,0.107786,0.085413,0.648779,0.17344,0.008517,Bellevue_150th_Eastgate
1459,0.616298,0.100098,0.0842,0.712212,0.134584,0.005248,Bellevue_150th_Eastgate
1460,0.621353,0.089007,0.081493,0.535435,0.160419,0.022226,Bellevue_150th_Eastgate
1461,0.595789,0.110368,0.087093,0.557243,0.218146,0.009264,Bellevue_150th_Eastgate
1462,0.630865,0.120449,0.089922,0.687573,0.22044,0.025857,Bellevue_150th_Eastgate
1463,0.637061,0.105282,0.085786,0.690867,0.233141,0.091872,Bellevue_150th_Eastgate
1464,0.618804,0.101167,0.084118,0.776411,0.327884,0.064111,Bellevue_150th_Eastgate
1465,0.610759,0.096917,0.083001,0.638021,0.167791,0.063968,Bellevue_150th_Eastgate
1466,0.616044,0.092201,0.08226,0.68047,0.208682,0.075969,Bellevue_150th_Eastgate
1467,0.601968,0.092553,0.08178,0.605282,0.197686,0.034236,Bellevue_150th_Eastgate
1468,0.577599,0.103672,0.085053,0.602037,0.213785,0.009279,Bellevue_150th_Eastgate
1469,0.572429,0.1105,0.087004,0.600435,0.273662,0.015645,Bellevue_150th_Eastgate
1470,0.56672,0.108251,0.086612,0.669459,0.2713,0.05921,Bellevue_150th_Eastgate
1471,0.594836,0.10383,0.085133,0.570845,0.187398,0.095128,Bellevue_150th_Eastgate
1472,0.57872,0.100596,0.083881,0.712972,0.213851,0.156824,Bellevue_150th_Eastgate
1473,0.601599,0.086877,0.080519,0.551461,0.164466,0.05087,Bellevue_150th_Eastgate
1474,0.582233,0.095044,0.082484,0.502044,0.138888,0.029396,Bellevue_150th_Eastgate
1475,0.607808,0.106575,0.086968,0.560389,0.185795,0.035514,Bellevue_150th_Eastgate
1476,0.607883,0.100629,0.084404,0.646204,0.248835,0.018244,Bellevue_150th_Eastgate
1477,0.627922,0.098657,0.084549,0.647236,0.250942,0.042258,Bellevue_150th_Eastgate
1478,0.612287,0.089513,0.080841,0.640842,0.203725,0.088584,Bellevue_150th_Eastgate
1479,0.594446,0.085196,0.079437,0.617822,0.188692,0.091021,Bellevue_150th_Eastgate
1480,0.581461,0.088804,0.080464,0.675633,0.168347,0.07558,Bellevue_150th_Eastgate
1481,0.606652,0.087962,0.081039,0.626591,0.09693,0.209482,Bellevue_150th_Eastgate
1482,0.615447,0.089966,0.081387,0.623785,0.178228,0.104743,Bellevue_150th_Eastgate
1483,0.618881,0.086621,0.080274,0.711367,0.116886,0.139093,Bellevue_150th_Eastgate
1484,0.618576,0.087094,0.080947,0.689053,0.252842,0.052014,Bellevue_150th_Eastgate
1485,0.594026,0.09552,0.083137,0.685774,0.292905,0.030629,Bellevue_150th_Eastgate
1486,0.604204,0.08819,0.080463,0.700525,0.269639,0.012966,Bellevue_150th_Eastgate
1487,0.595997,0.102583,0.084775,0.670175,0.035859,0.16335,Bellevue_150th_Eastgate
1488,0.623348,0.101404,0.085306,0.618946,0.059784,0.113116,Bellevue_150th_Eastgate
1489,0.644708,0.104868,0.086358,0.649819,0.065558,0.097599,Bellevue_150th_Eastgate
1490,0.63737,0.106892,0.086495,0.656939,0.097923,0.110123,Bellevue_150th_Eastgate
1491,0.609571,0.108985,0.086519,0.693176,0.150129,0.131454,Bellevue_150th_Eastgate
1492,0.591062,0.104486,0.084816,0.677118,0.216051,0.042117,Bellevue_150th_Eastgate
1493,0.58785,0.095329,0.082659,0.51751,0.179826,0.031967,Bellevue_150th_Eastgate
1494,0.597185,0.103004,0.085556,0.525177,0.220496,0.002381,Bellevue_150th_Eastgate
1495,0.618134,0.09891,0.0847,0.547486,0.166692,0.021669,Bellevue_150th_Eastgate
1496,0.621131,0.099825,0.084366,0.60801,0.09343,0.115203,Bellevue_150th_Eastgate
1497,0.601173,0.097808,0.083766,0.633133,0.220373,0.126651,Bellevue_150th_Eastgate
1498,0.591718,0.107077,0.085316,0.677222,0.219317,0.120048,Bellevue_150th_Eastgate
1499,0.613018,0.08941,0.081698,0.678584,0.25568,0.097804,Bellevue_150th_Eastgate
1500,0.584563,0.098328,0.083078,0.591111,0.149052,0.056309,Bellevue_150th_Eastgate
1501,0.577184,0.105224,0.085506,0.61986,0.208694,0.027856,Bellevue_150th_Eastgate
1502,0.592137,0.100366,0.083993,0.633515,0.200627,0.02013,Bellevue_150th_Eastgate
1503,0.572997,0.102698,0.084731,0.648068,0.264431,0.055872,Bellevue_150th_Eastgate
1504,0.57235,0.116674,0.088401,0.617486,0.219146,0.045555,Bellevue_150th_Eastgate
1505,0.586596,0.096832,0.083421,0.582701,0.161728,0.044156,Bellevue_150th_Eastgate
1506,0.585371,0.101299,0.084707,0.560364,0.207428,0.029308,Bellevue_150th_Eastgate
1507,0.621194,0.110435,0.087288,0.61637,0.183026,0.05679,Bellevue_150th_Eastgate
1508,0.646629,0.10669,0.087127,0.592786,0.197659,0.030559,Bellevue_150th_Eastgate
1509,0.639302,0.102008,0.085828,0.663953,0.169724,0.087249,Bellevue_150th_Eastgate
1510,0.631212,0.099409,0.084253,0.51699,0.193041,0.022423,Bellevue_150th_Eastgate
1511,0.588955,0.096704,0.082461,0.760132,0.211073,0.104067,Bellevue_150th_Eastgate
1512,0.596115,0.084247,0.07928,0.540861,0.170203,0.063,Bellevue_150th_Eastgate
1513,0.566824,0.098814,0.084498,0.663746,0.174289,0.044307,Bellevue_150th_Eastgate
1514,0.607318,0.108624,0.086222,0.730784,0.310021,0.012634,Bellevue_150th_Eastgate
1515,0.592273,0.106013,0.086298,0.749596,0.233356,0.128207,Bellevue_150th_Eastgate
1516,0.617357,0.095824,0.083546,0.576755,0.182732,0.055112,Bellevue_150th_Eastgate
1517,0.604636,0.100457,0.084758,0.602741,0.172019,0.08202,Bellevue_150th_Eastgate
1518,0.596206,0.103515,0.084807,0.708033,0.172524,0.108073,Bellevue_150th_Eastgate
1519,0.59921,0.08374,0.079226,0.62455,0.222772,0.032444,Bellevue_150th_Eastgate
1520,0.596387,0.090324,0.081213,0.591666,0.206189,0.070769,Bellevue_150th_Eastgate
1521,0.575471,0.100748,0.084258,0.549412,0.196047,0.056342,Bellevue_150th_Eastgate
1522,0.584574,0.099837,0.084057,0.566829,0.227817,0.033695,Bellevue_150th_Eastgate
1523,0.628396,0.094611,0.083589,0.591236,0.278707,0.017043,Bellevue_150th_Eastgate
1524,0.612293,0.098104,0.083881,0.655557,0.274128,0.070565,Bellevue_150th_Eastgate
1525,0.579479,0.096065,0.082485,0.683308,0.176242,0.12011,Bellevue_150th_Eastgate
1526,0.581612,0.084802,0.079322,0.687206,0.24838,0.029674,Bellevue_150th_Eastgate
1527,0.59413,0.088256,0.080691,0.616354,0.227126,0.045775,Bellevue_150th_Eastgate
1528,0.607145,0.097085,0.08342,0.724452,0.225407,0.063895,Bellevue_150th_Eastgate
1529,0.60741,0.091712,0.08202,0.65204,0.231103,0.029865,Bellevue_150th_Eastgate
1530,0.580873,0.101728,0.084266,0.656571,0.229225,0.085964,Bellevue_150th_Eastgate
1531,0.602947,0.112292,0.08682,0.788912,0.318133,0.056704,Bellevue_150th_Eastgate
1532,0.583492,0.099098,0.083543,0.753984,0.245851,0.079597,Bellevue_150th_Eastgate
1533,0.607642,0.091651,0.082172,0.550952,0.132394,0.040393,Bellevue_150th_Eastgate
1534,0.587775,0.099066,0.083764,0.493335,0.124077,0.007305,Bellevue_150th_Eastgate
1535,0.611809,0.121541,0.089998,0.529919,0.141865,0.016093,Bellevue_150th_Eastgate
1536,0.622669,0.098077,0.083373,0.595587,0.214817,0.007136,Bellevue_150th_Eastgate
1537,0.627482,0.093476,0.082934,0.550648,0.24651,0.007407,Bellevue_150th_Eastgate
1538,0.615711,0.09668,0.082921,0.536256,0.267758,0.029047,Bellevue_150th_Eastgate
1539,0.574843,0.104221,0.084687,0.636823,0.272246,0.011363,Bellevue_150th_Eastgate
1540,0.598251,0.088726,0.080745,0.406523,0.168972,0.042553,Bellevue_150th_Eastgate
1541,0.592014,0.10561,0.085079,0.555154,0.153314,0.111741,Bellevue_150th_Eastgate
1542,0.617644,0.097127,0.083653,0.626547,0.106401,0.14999,Bellevue_150th_Eastgate
1543,0.626161,0.094391,0.082907,0.53168,0.09798,0.122065,Bellevue_150th_Eastgate
1544,0.615127,0.09242,0.082131,0.468699,0.082152,0.096478,Bellevue_150th_Eastgate
1545,0.59266,0.090038,0.080288,0.566105,0.210438,0.03684,Bellevue_150th_Eastgate
1546,0.534853,0.109619,0.087508,0.620616,0.206745,0.030007,Bellevue_150th_Eastgate
1547,0.52162,0.11865,0.091626,0.548987,0.226444,0.011528,Bellevue_150th_Eastgate
1548,0.526738,0.110051,0.088824,0.512555,0.20074,0.00668,Bellevue_150th_Eastgate
1549,0.572042,0.100929,0.084697,0.492663,0.172253,0.0114,Bellevue_150th_Eastgate
1550,0.592444,0.0944,0.083107,0.483813,0.154075,0.014385,Bellevue_150th_Eastgate
1551,0.606851,0.115482,0.088281,0.543905,0.265386,0.033159,Bellevue_150th_Eastgate
1552,0.566369,0.087703,0.079391,0.612102,0.277875,0.027668,Bellevue_150th_Eastgate
1553,0.573851,0.084421,0.079204,0.649869,0.225454,0.037093,Bellevue_150th_Eastgate
1554,0.591539,0.085513,0.079248,0.564463,0.20568,0.033924,Bellevue_150th_Eastgate
1555,0.580731,0.098092,0.083424,0.643012,0.226499,0.04319,Bellevue_150th_Eastgate
1556,0.608714,0.09483,0.082806,0.690497,0.261952,0.090324,Bellevue_150th_Eastgate
1557,0.610009,0.095637,0.083038,0.641861,0.204856,0.064837,Bellevue_150th_Eastgate
1558,0.589524,0.109043,0.085654,0.761533,0.162627,0.073814,Bellevue_150th_Eastgate
1559,0.584449,0.082401,0.078617,0.624976,0.247181,0.02944,Bellevue_150th_Eastgate
1560,0.58038,0.097338,0.082956,0.565238,0.281543,0.008278,Bellevue_150th_Eastgate
1561,0.614,0.087804,0.080077,0.656725,0.256786,0.051688,Bellevue_150th_Eastgate
1562,0.630486,0.090862,0.082361,0.648836,0.301767,0.033864,Bellevue_150th_Eastgate
1563,0.624581,0.088574,0.08138,0.566517,0.285868,0.011908,Bellevue_150th_Eastgate
1564,0.604467,0.095474,0.082689,0.733133,0.213445,0.052671,Bellevue_150th_Eastgate
1565,0.561416,0.111625,0.087829,0.636204,0.158778,0.048316,Bellevue_150th_Eastgate
1566,0.591646,0.099178,0.083137,0.732107,0.187373,0.055843,Bellevue_150th_Eastgate
1567,0.578106,0.087013,0.079806,0.488433,0.18167,0.041812,Bellevue_150th_Eastgate
1568,0.550938,0.104656,0.086714,0.485245,0.160221,0.057528,Bellevue_150th_Eastgate
1569,0.591868,0.104396,0.085327,0.513195,0.168736,0.048926,Bellevue_150th_Eastgate
1570,0.619793,0.109878,0.08729,0.600711,0.175814,0.037459,Bellevue_150th_Eastgate
1571,0.609602,0.094333,0.082804,0.602725,0.216139,0.039761,Bellevue_150th_Eastgate
1572,0.617752,0.096587,0.083153,0.609623,0.197283,0.061567,Bellevue_150th_Eastgate
1573,0.555367,0.09687,0.082723,0.719413,0.23923,0.061324,Bellevue_150th_Eastgate
1574,0.570485,0.086174,0.079897,0.667513,0.17907,0.057205,Bellevue_150th_Eastgate
1575,0.556959,0.096039,0.083132,0.491066,0.148086,0.018061,Bellevue_150th_Eastgate
1576,0.615318,0.106244,0.085841,0.581252,0.101033,0.106806,Bellevue_150th_Eastgate
1577,0.618523,0.098658,0.083755,0.503836,0.164941,0.072502,Bellevue_150th_Eastgate
1578,0.591747,0.099979,0.084337,0.585594,0.218779,0.128117,Bellevue_150th_Eastgate
1579,0.590338,0.102472,0.084865,0.623579,0.170871,0.163223,Bellevue_150th_Eastgate
1580,0.56724,0.082041,0.077879,0.697988,0.250939,0.107007,Bellevue_150th_Eastgate
1581,0.560988,0.079919,0.077678,0.655428,0.232622,0.048678,Bellevue_150th_Eastgate
1582,0.586537,0.093739,0.081965,0.552005,0.270918,0.016732,Bellevue_150th_Eastgate
1583,0.565787,0.102116,0.084924,0.519526,0.320057,0.014186,Bellevue_150th_Eastgate
1584,0.57809,0.096465,0.083159,0.49681,0.223646,0.034042,Bellevue_150th_Eastgate
1585,0.596021,0.120201,0.090121,0.596266,0.213348,0.052304,Bellevue_150th_Eastgate
1586,0.558426,0.096105,0.083438,0.7716,0.234015,0.031969,Bellevue_150th_Eastgate
1587,0.58455,0.087851,0.080048,0.470308,0.150531,0.010082,Bellevue_150th_Eastgate
1588,0.566783,0.104835,0.085557,0.482051,0.126527,0.001961,Bellevue_150th_Eastgate
1589,0.574917,0.095762,0.083186,0.472057,0.138629,0.004525,Bellevue_150th_Eastgate
1590,0.577301,0.103001,0.084813,0.547767,0.135508,0.026459,Bellevue_150th_Eastgate
1591,0.587927,0.103038,0.085101,0.485342,0.098652,0.038351,Bellevue_150th_Eastgate
1592,0.590564,0.111126,0.086439,0.575437,0.121246,0.030215,Bellevue_150th_Eastgate
1593,0.566025,0.095338,0.082863,0.641686,0.1178,0.09267,Bellevue_150th_Eastgate
1594,0.573354,0.098187,0.082894,0.642068,0.170871,0.06416,Bellevue_150th_Eastgate
1595,0.604554,0.084194,0.078822,0.732933,0.180202,0.112185,Bellevue_150th_Eastgate
1596,0.611598,0.090976,0.081137,0.664097,0.243963,0.074009,Bellevue_150th_Eastgate
1597,0.604453,0.085841,0.079636,0.609612,0.187016,0.070496,Bellevue_150th_Eastgate
1598,0.602786,0.097878,0.083454,0.607346,0.236685,0.042137,Bellevue_150th_Eastgate
1599,0.590777,0.09522,0.081834,0.685756,0.271911,0.064565,Bellevue_150th_Eastgate
1600,0.563369,0.078591,0.076684,0.598797,0.197657,0.039419,Bellevue_150th_Eastgate
1601,0.568009,0.094424,0.082213,0.559248,0.202334,0.014196,Bellevue_150th_Eastgate
1602,0.604203,0.09195,0.082062,0.623279,0.203089,0.034558,Bellevue_150th_Eastgate
1603,0.614846,0.08972,0.081054,0.654366,0.229328,0.077101,Bellevue_150th_Eastgate
1604,0.619529,0.088447,0.081035,0.633505,0.223236,0.063487,Bellevue_150th_Eastgate
1605,0.591171,0.106645,0.086044,0.721642,0.322886,0.076533,Bellevue_150th_Eastgate
1606,0.578274,0.090326,0.080947,0.699675,0.287471,0.087589,Bellevue_150th_Eastgate
1607,0.56796,0.082489,0.078084,0.730859,0.254573,0.02,Bellevue_150th_Eastgate
1608,0.590543,0.084891,0.078886,0.583805,0.193415,0.021437,Bellevue_150th_Eastgate
1609,0.583517,0.101572,0.083974,0.545179,0.223142,0.008036,Bellevue_150th_Eastgate
1610,0.538176,0.121774,0.092704,0.653403,0.304169,0.020562,Bellevue_150th_Eastgate
1611,0.602637,0.104255,0.085441,0.617055,0.257993,0.042467,Bellevue_150th_Eastgate
1612,0.59027,0.100594,0.084362,0.624782,0.243132,0.030149,Bellevue_150th_Eastgate
1613,0.57338,0.105304,0.085493,0.5858,0.257822,0.019873,Bellevue_150th_Eastgate
1614,0.57879,0.105065,0.084962,0.736727,0.337977,0.071133,Bellevue_150th_Eastgate
1615,0.603582,0.082431,0.078512,0.500959,0.161457,0.031732,Bellevue_150th_Eastgate
1616,0.566748,0.107909,0.086658,0.536494,0.140546,0.033229,Bellevue_150th_Eastgate
1617,0.627311,0.099316,0.084335,0.512977,0.196081,0.01873,Bellevue_150th_Eastgate
1618,0.594016,0.104668,0.085474,0.573405,0.207736,0.032992,Bellevue_150th_Eastgate
1619,0.534532,0.108485,0.087513,0.643973,0.228892,0.088463,Bellevue_150th_Eastgate
1620,0.550834,0.084429,0.079406,0.440914,0.213353,0.026586,Bellevue_150th_Eastgate
1621,0.57334,0.090967,0.081383,0.438256,0.153838,0.049848,Bellevue_150th_Eastgate
1622,0.590171,0.10333,0.085022,0.414328,0.098493,0.083758,Bellevue_150th_Eastgate
1623,0.599611,0.097962,0.083853,0.494528,0.101933,0.084953,Bellevue_150th_Eastgate
1624,0.624072,0.09793,0.084054,0.54777,0.137307,0.053568,Bellevue_150th_Eastgate
1625,0.625974,0.100124,0.084473,0.534628,0.119561,0.062597,Bellevue_150th_Eastgate
1626,0.572798,0.093014,0.081245,0.65318,0.17148,0.067436,Bellevue_150th_Eastgate
1627,0.56328,0.078218,0.07655,0.456189,0.172593,0.01494,Bellevue_150th_Eastgate
1628,0.575155,0.088159,0.080734,0.479192,0.153447,0.036295,Bellevue_150th_Eastgate
1629,0.593235,0.104735,0.085923,0.574526,0.238373,0.041598,Bellevue_150th_Eastgate
1630,0.620164,0.11003,0.086895,0.623134,0.262768,0.031703,Bellevue_150th_Eastgate
1631,0.595938,0.095401,0.082651,0.62124,0.298756,0.095248,Bellevue_150th_Eastgate
1632,0.611179,0.104214,0.085506,0.525667,0.242151,0.036877,Bellevue_150th_Eastgate
1633,0.535773,0.109516,0.088247,0.625801,0.338136,0.034447,Bellevue_150th_Eastgate
1634,0.563605,0.083305,0.0784,0.527539,0.221656,0.036572,Bellevue_150th_Eastgate
1635,0.581134,0.091474,0.081457,0.477863,0.15006,0.044461,Bellevue_150th_Eastgate
1636,0.578272,0.096727,0.0828,0.536918,0.200107,0.094749,Bellevue_150th_Eastgate
1637,0.578246,0.096427,0.084152,0.568023,0.247681,0.066069,Bellevue_150th_Eastgate
1638,0.616283,0.113018,0.08783,0.622264,0.186234,0.067517,Bellevue_150th_Eastgate
1639,0.582284,0.091232,0.080426,0.682057,0.183748,0.078328,Bellevue_150th_Eastgate
1640,0.564918,0.078077,0.076748,0.591355,0.207465,0.040333,Bellevue_150th_Eastgate
1641,0.560115,0.095909,0.082563,0.473772,0.196653,0.036599,Bellevue_150th_Eastgate
1642,0.542677,0.119957,0.091426,0.510454,0.247012,0.025734,Bellevue_150th_Eastgate
1643,0.558587,0.099964,0.084026,0.573324,0.29731,0.010034,Bellevue_150th_Eastgate
1644,0.586847,0.098722,0.084052,0.572333,0.317795,0.046391,Bellevue_150th_Eastgate
1645,0.576725,0.099283,0.082514,0.607476,0.221172,0.079147,Bellevue_150th_Eastgate
1646,0.508,0.107425,0.088664,0.760601,0.239513,0.185093,Bellevue_150th_Eastgate
1647,0.54518,0.081046,0.078401,0.715335,0.252031,0.140981,Bellevue_150th_Eastgate
1648,0.551875,0.088447,0.080325,0.586078,0.222387,0.09119,Bellevue_150th_Eastgate
1649,0.568933,0.093923,0.082602,0.628845,0.225814,0.084179,Bellevue_150th_Eastgate
1650,0.606924,0.08915,0.081081,0.714755,0.327523,0.117943,Bellevue_150th_Eastgate
1651,0.617468,0.090511,0.081738,0.700355,0.278934,0.149317,Bellevue_150th_Eastgate
1652,0.568064,0.107109,0.086796,0.579972,0.169469,0.097335,Bellevue_150th_Eastgate
1653,0.579965,0.095564,0.082469,0.840164,0.31697,0.09424,Bellevue_150th_Eastgate
1654,0.583583,0.076848,0.076872,0.516438,0.199827,0.028688,Bellevue_150th_Eastgate
1655,0.566063,0.086284,0.079533,0.440284,0.160791,0.013225,Bellevue_150th_Eastgate
1656,0.57196,0.097206,0.083049,0.542415,0.246568,0.03747,Bellevue_150th_Eastgate
1657,0.578463,0.098387,0.084051,0.528512,0.253926,0.074985,Bellevue_150th_Eastgate
1658,0.625775,0.095738,0.083378,0.461541,0.160477,0.040942,Bellevue_150th_Eastgate
1659,0.569382,0.102323,0.08528,0.439231,0.207779,0.037529,Bellevue_150th_Eastgate
1660,0.585664,0.108581,0.087215,0.532197,0.214719,0.061437,Bellevue_150th_Eastgate
1661,0.577424,0.105354,0.084839,0.598157,0.219126,0.037406,Bellevue_150th_Eastgate
1662,0.579504,0.092195,0.081373,0.719958,0.284451,0.024842,Bellevue_150th_Eastgate
1663,0.588292,0.083918,0.078709,0.685181,0.301173,0.031463,Bellevue_150th_Eastgate
1664,0.580897,0.106459,0.086265,0.586033,0.17987,0.020408,Bellevue_150th_Eastgate
1665,0.605687,0.118005,0.089175,0.594331,0.21213,0.027892,Bellevue_150th_Eastgate
1666,0.628361,0.105761,0.085962,0.639722,0.252335,0.049624,Bellevue_150th_Eastgate
1667,0.622304,0.102277,0.084781,0.725561,0.331587,0.027183,Bellevue_150th_Eastgate
1668,0.597362,0.112743,0.088604,0.648864,0.247697,0.03678,Bellevue_150th_Eastgate
1669,0.590458,0.117224,0.08835,0.620206,0.216847,0.045986,Bellevue_150th_Eastgate
1670,0.587845,0.096412,0.083183,0.746754,0.239731,0.03127,Bellevue_150th_Eastgate
1671,0.604977,0.081679,0.078474,0.546121,0.179756,0.04227,Bellevue_150th_Eastgate
1672,0.581455,0.104241,0.084548,0.647117,0.237938,0.053979,Bellevue_150th_Eastgate
1673,0.534973,0.112896,0.090451,0.682487,0.26874,0.059547,Bellevue_150th_Eastgate
1674,0.567943,0.09812,0.083409,0.652516,0.23931,0.05002,Bellevue_150th_Eastgate
1675,0.581016,0.08853,0.080545,0.678186,0.294264,0.040153,Bellevue_150th_Eastgate
1676,0.577187,0.089624,0.079894,0.619183,0.182474,0.061374,Bellevue_150th_Eastgate
1677,0.559096,0.089243,0.081329,0.715135,0.200041,0.039331,Bellevue_150th_Eastgate
1678,0.573162,0.081381,0.077599,0.552153,0.211658,0.015544,Bellevue_150th_Eastgate
1679,0.569779,0.096753,0.082694,0.51723,0.196827,0.005767,Bellevue_150th_Eastgate
1680,0.572385,0.09938,0.084335,0.654365,0.298663,0.02821,Bellevue_150th_Eastgate
1681,0.619736,0.094474,0.083961,0.581331,0.226403,0.017865,Bellevue_150th_Eastgate
1682,0.612886,0.098088,0.08361,0.618734,0.191628,0.033594,Bellevue_150th_Eastgate
1683,0.591928,0.099518,0.084235,0.633681,0.176255,0.032385,Bellevue_150th_Eastgate
1684,0.623944,0.109726,0.087346,0.562407,0.172794,0.04723,Bellevue_150th_Eastgate
1685,0.544713,0.107988,0.087873,0.629644,0.186892,0.033148,Bellevue_150th_Eastgate
1686,0.561508,0.089426,0.081331,0.658377,0.175817,0.046752,Bellevue_150th_Eastgate
1687,0.565713,0.10014,0.083882,0.533595,0.065263,0.047909,Bellevue_150th_Eastgate
1688,0.598824,0.102602,0.084712,0.58219,0.115944,0.049019,Bellevue_150th_Eastgate
1689,0.604883,0.093331,0.083031,0.611228,0.16837,0.050582,Bellevue_150th_Eastgate
1690,0.626876,0.094211,0.082716,0.544285,0.183403,0.022093,Bellevue_150th_Eastgate
1691,0.596283,0.110365,0.086888,0.533343,0.189778,0.057919,Bellevue_150th_Eastgate
1692,0.569085,0.109213,0.087731,0.564502,0.217096,0.05691,Bellevue_150th_Eastgate
1693,0.544612,0.111494,0.08894,0.709296,0.270508,0.088142,Bellevue_150th_Eastgate
1694,0.596578,0.08358,0.078917,0.665836,0.233327,0.064289,Bellevue_150th_Eastgate
1695,0.571636,0.095122,0.082559,0.515062,0.155762,0.031516,Bellevue_150th_Eastgate
1696,0.588715,0.099569,0.083643,0.668504,0.224063,0.087272,Bellevue_150th_Eastgate
1697,0.612696,0.092448,0.082292,0.618752,0.226613,0.094646,Bellevue_150th_Eastgate
1698,0.609275,0.097904,0.083651,0.652943,0.250847,0.053579,Bellevue_150th_Eastgate
1699,0.600151,0.10283,0.084911,0.604674,0.269571,0.027103,Bellevue_150th_Eastgate
1700,0.573471,0.098067,0.082612,0.445836,0.163195,0.025357,Bellevue_150th_Eastgate
1701,0.529814,0.098143,0.08554,0.690284,0.191684,0.15405,Bellevue_150th_Eastgate
1702,0.5593,0.079605,0.076926,0.565558,0.205995,0.056325,Bellevue_150th_Eastgate
1703,0.575925,0.080699,0.077508,0.525526,0.13898,0.055163,Bellevue_150th_Eastgate
1704,0.56161,0.104347,0.085056,0.666559,0.187524,0.015525,Bellevue_150th_Eastgate
1705,0.588119,0.086875,0.080393,0.714658,0.238439,0.02405,Bellevue_150th_Eastgate
1706,0.57968,0.108335,0.086595,0.619375,0.140705,0.071028,Bellevue_150th_Eastgate
1707,0.579803,0.092252,0.081584,0.688769,0.1813,0.055118,Bellevue_150th_Eastgate
1708,0.518924,0.102738,0.086406,0.77018,0.274877,0.06256,Bellevue_150th_Eastgate
1709,0.546083,0.077937,0.076385,0.538657,0.190296,0.02441,Bellevue_150th_Eastgate
1710,0.55295,0.088939,0.080575,0.521668,0.202242,0.003333,Bellevue_150th_Eastgate
1711,0.576768,0.102052,0.084706,0.63535,0.266289,0.034284,Bellevue_150th_Eastgate
1712,0.576621,0.091427,0.081512,0.582331,0.200753,0.01666,Bellevue_150th_Eastgate
1713,0.587497,0.089092,0.080991,0.61251,0.206634,0.014708,Bellevue_150th_Eastgate
1714,0.614019,0.100057,0.084511,0.70128,0.290326,0.007074,Bellevue_150th_Eastgate
1715,0.603137,0.108284,0.085717,0.61744,0.281386,0.003935,Bellevue_150th_Eastgate
1716,0.589723,0.082742,0.078081,0.584068,0.210304,0.027767,Bellevue_150th_Eastgate
1717,0.559226,0.091138,0.081318,0.613476,0.269072,0.017738,Bellevue_150th_Eastgate
1718,0.579461,0.093602,0.0815,0.526736,0.259595,0.003813,Bellevue_150th_Eastgate
1719,0.5262,0.102072,0.085677,0.550955,0.184619,0.03671,Bellevue_150th_Eastgate
1720,0.569638,0.087956,0.080162,0.557552,0.191061,0.014076,Bellevue_150th_Eastgate
1721,0.562484,0.087718,0.080377,0.604636,0.191164,0.001961,Bellevue_150th_Eastgate
1722,0.581505,0.088886,0.07997,0.646298,0.244483,0.009401,Bellevue_150th_Eastgate
1723,0.569975,0.082242,0.078034,0.62162,0.217605,0.043482,Bellevue_150th_Eastgate
1724,0.59064,0.097828,0.08268,0.592224,0.146859,0.035936,Bellevue_150th_Eastgate
1725,0.544008,0.106548,0.087008,0.566604,0.133179,0.035379,Bellevue_150th_Eastgate
1726,0.605987,0.089486,0.081412,0.522897,0.089852,0.015203,Bellevue_150th_Eastgate
1727,0.618013,0.087794,0.080733,0.60095,0.14485,0.031643,Bellevue_150th_Eastgate
1728,0.603624,0.094851,0.08267,0.650233,0.146543,0.042916,Bellevue_150th_Eastgate
1729,0.617912,0.091296,0.082307,0.62809,0.238605,0.026389,Bellevue_150th_Eastgate
1730,0.620197,0.104297,0.085288,0.705744,0.282977,0.017691,Bellevue_150th_Eastgate
1731,0.581384,0.097891,0.082789,0.580913,0.191467,0.033134,Bellevue_150th_Eastgate
1732,0.539134,0.089679,0.081827,0.658804,0.176723,0.104404,Bellevue_150th_Eastgate
1733,0.580147,0.080049,0.077301,0.532593,0.141631,0.034485,Bellevue_150th_Eastgate
1734,0.567191,0.090836,0.081273,0.43436,0.13722,0.010305,Bellevue_150th_Eastgate
1735,0.604453,0.114589,0.087735,0.417275,0.078821,0.011927,Bellevue_150th_Eastgate
1736,0.577253,0.098204,0.084226,0.467431,0.17525,0.043135,Bellevue_150th_Eastgate
1737,0.629796,0.108776,0.086817,0.518545,0.180474,0.041705,Bellevue_150th_Eastgate
1738,0.574974,0.113753,0.088193,0.546552,0.217626,0.004697,Bellevue_150th_Eastgate
1739,0.584094,0.091149,0.081392,0.614513,0.223474,0.010107,Bellevue_150th_Eastgate
1740,0.511865,0.103728,0.087037,0.694262,0.28734,0.013787,Bellevue_150th_Eastgate
1741,0.52337,0.088225,0.081696,0.503914,0.165488,0.037588,Bellevue_150th_Eastgate
1742,0.517087,0.104983,0.087187,0.472742,0.162248,0.014712,Bellevue_150th_Eastgate
1743,0.563074,0.11496,0.0894,0.758959,0.339304,0.011954,Bellevue_150th_Eastgate
1744,0.593073,0.08955,0.080519,0.666736,0.369658,0.004921,Bellevue_150th_Eastgate
1745,0.599601,0.08886,0.080225,0.601534,0.410026,0.003367,Bellevue_150th_Eastgate
1746,0.62806,0.098658,0.083829,0.542521,0.250062,0.018116,Bellevue_150th_Eastgate
1747,0.578966,0.104931,0.084995,0.578588,0.180544,0.021815,Bellevue_150th_Eastgate
1748,0.557956,0.080214,0.077642,0.656279,0.221312,0.018787,Bellevue_150th_Eastgate
1749,0.544899,0.097625,0.083514,0.49639,0.139119,0.01521,Bellevue_150th_Eastgate
1750,0.586012,0.108799,0.086093,0.514021,0.180613,0.016167,Bellevue_150th_Eastgate
1751,0.611045,0.100196,0.084442,0.483083,0.217597,0.029512,Bellevue_150th_Eastgate
1752,0.588889,0.096448,0.082838,0.556769,0.231659,0.059331,Bellevue_150th_Eastgate
1753,0.604594,0.094049,0.082658,0.600382,0.372837,0.023125,Bellevue_150th_Eastgate
1754,0.576154,0.087377,0.078903,0.618515,0.3207,0.079971,Bellevue_150th_Eastgate
1755,0.52514,0.084551,0.081072,0.526623,0.265489,0.012543,Bellevue_150th_Eastgate
1756,0.564329,0.083426,0.078986,0.497153,0.216598,0.02136,Bellevue_150th_Eastgate
1757,0.568786,0.091157,0.081034,0.486408,0.123823,0.049685,Bellevue_150th_Eastgate
1758,0.601887,0.081784,0.077824,0.569954,0.15804,0.042278,Bellevue_150th_Eastgate
1759,0.573986,0.089329,0.080594,0.50239,0.153557,0.031193,Bellevue_150th_Eastgate
1760,0.585817,0.079571,0.076745,0.53789,0.191613,0.041204,Bellevue_150th_Eastgate
1761,0.573571,0.086268,0.078987,0.494048,0.13971,0.058836,Bellevue_150th_Eastgate
1762,0.557794,0.105119,0.08554,0.534818,0.182563,0.050878,Bellevue_150th_Eastgate
1763,0.586905,0.104216,0.085252,0.517786,0.142557,0.047339,Bellevue_150th_Eastgate
1764,0.593532,0.097258,0.08376,0.503167,0.128768,0.041899,Bellevue_150th_Eastgate
1765,0.586055,0.101858,0.085473,0.511695,0.174368,0.036674,Bellevue_150th_Eastgate
1766,0.554802,0.105926,0.087109,0.560135,0.166231,0.020964,Bellevue_150th_Eastgate
1767,0.614085,0.105592,0.08599,0.660317,0.271918,0.013839,Bellevue_150th_Eastgate
1768,0.573975,0.082137,0.079052,0.673777,0.244752,0.012073,Bellevue_150th_Eastgate
1769,0.591675,0.091157,0.081357,0.682178,0.297893,0.011764,Bellevue_150th_Eastgate
1770,0.567178,0.082666,0.077513,0.611699,0.258945,0.011174,Bellevue_150th_Eastgate
1771,0.534319,0.08077,0.077825,0.789852,0.344196,0.058514,Bellevue_150th_Eastgate
1772,0.566015,0.081016,0.077452,0.527308,0.227786,0.022544,Bellevue_150th_Eastgate
1773,0.550428,0.089507,0.080603,0.575556,0.255511,0.060351,Bellevue_150th_Eastgate
1774,0.574137,0.098141,0.083442,0.661134,0.217605,0.10346,Bellevue_150th_Eastgate
1775,0.567017,0.089433,0.080273,0.659863,0.24388,0.037024,Bellevue_150th_Eastgate
1776,0.572313,0.093387,0.082625,0.67271,0.323646,0.041033,Bellevue_150th_Eastgate
1777,0.631256,0.101945,0.085038,0.569414,0.287195,0.014598,Bellevue_150th_Eastgate
1778,0.566432,0.096544,0.081761,0.59987,0.268279,0.01837,Bellevue_150th_Eastgate
1779,0.526908,0.09207,0.082888,0.747778,0.241561,0.058264,Bellevue_150th_Eastgate
1780,0.549055,0.085453,0.079766,0.618406,0.176469,0.021196,Bellevue_150th_Eastgate
1781,0.570503,0.084146,0.078913,0.552375,0.103198,0.039787,Bellevue_150th_Eastgate
1782,0.575094,0.095008,0.08211,0.588091,0.117251,0.063693,Bellevue_150th_Eastgate
1783,0.541534,0.095898,0.08327,0.518349,0.161841,0.059263,Bellevue_150th_Eastgate
1784,0.561486,0.107758,0.08654,0.45132,0.162142,0.030788,Bellevue_150th_Eastgate
1785,0.553869,0.09883,0.083308,0.635153,0.228698,0.063214,Bellevue_150th_Eastgate
1786,0.547437,0.078888,0.07728,0.591203,0.196975,0.094027,Bellevue_150th_Eastgate
1787,0.557589,0.094829,0.082066,0.503988,0.151146,0.027434,Bellevue_150th_Eastgate
1788,0.565733,0.081688,0.078223,0.536016,0.197009,0.014107,Bellevue_150th_Eastgate
1789,0.585066,0.081789,0.077884,0.600438,0.231882,0.037719,Bellevue_150th_Eastgate
1790,0.562674,0.099185,0.083468,0.569403,0.227751,0.019388,Bellevue_150th_Eastgate
1791,0.556033,0.100785,0.084394,0.568252,0.182639,0.06114,Bellevue_150th_Eastgate
1792,0.56376,0.090587,0.082128,0.56722,0.11352,0.043048,Bellevue_150th_Eastgate
1793,0.559668,0.095232,0.082149,0.610686,0.116249,0.093531,Bellevue_150th_Eastgate
1794,0.568342,0.08286,0.078418,0.5657,0.144912,0.102471,Bellevue_150th_Eastgate
1795,0.55157,0.098762,0.083493,0.43032,0.142456,0.036306,Bellevue_150th_Eastgate
1796,0.576077,0.105622,0.085753,0.5777,0.208335,0.093986,Bellevue_150th_Eastgate
1797,0.614072,0.087552,0.080964,0.5728,0.191056,0.074219,Bellevue_150th_Eastgate
1798,0.608985,0.096236,0.082875,0.688834,0.32244,0.072449,Bellevue_150th_Eastgate
1799,0.594216,0.093416,0.082286,0.641546,0.321502,0.124074,Bellevue_150th_Eastgate
1800,0.590824,0.086628,0.079248,0.526697,0.17869,0.087624,Bellevue_150th_Eastgate
1801,0.542257,0.106899,0.08732,0.681185,0.306274,0.103487,Bellevue_150th_Eastgate
1802,0.573913,0.07837,0.076655,0.478126,0.177726,0.039508,Bellevue_150th_Eastgate
1803,0.578033,0.096397,0.082674,0.439936,0.176164,0.031956,Bellevue_150th_Eastgate
1804,0.599654,0.089187,0.080623,0.468996,0.17254,0.046816,Bellevue_150th_Eastgate
1805,0.595052,0.089527,0.080857,0.523749,0.192012,0.06579,Bellevue_150th_Eastgate
1806,0.577581,0.095874,0.083161,0.67688,0.249009,0.085123,Bellevue_150th_Eastgate
1807,0.585712,0.099237,0.083248,0.685031,0.230065,0.03588,Bellevue_150th_Eastgate
1808,0.606822,0.093161,0.080989,0.536914,0.116998,0.041264,Bellevue_150th_Eastgate
1809,0.553605,0.080142,0.076769,0.675321,0.116174,0.117298,Bellevue_150th_Eastgate
1810,0.556865,0.075273,0.075727,0.487993,0.08406,0.076249,Bellevue_150th_Eastgate
1811,0.547199,0.098641,0.083354,0.524437,0.155328,0.066961,Bellevue_150th_Eastgate
1812,0.524801,0.095807,0.083673,0.526098,0.170409,0.087598,Bellevue_150th_Eastgate
1813,0.548571,0.091684,0.081218,0.600013,0.198272,0.066583,Bellevue_150th_Eastgate
1814,0.532965,0.08578,0.080794,0.578227,0.216808,0.074721,Bellevue_150th_Eastgate
1815,0.60318,0.108605,0.086797,0.612804,0.196578,0.107743,Bellevue_150th_Eastgate
1816,0.586733,0.081539,0.077525,0.654776,0.273826,0.055696,Bellevue_150th_Eastgate
1817,0.550106,0.077116,0.076977,0.731262,0.266652,0.06135,Bellevue_150th_Eastgate
1818,0.541093,0.081955,0.080309,0.595569,0.165962,0.07812,Bellevue_150th_Eastgate
1819,0.55145,0.075701,0.07526,0.596773,0.118244,0.092011,Bellevue_150th_Eastgate
1820,0.556008,0.082343,0.078309,0.627763,0.132083,0.171595,Bellevue_150th_Eastgate
1821,0.562614,0.081891,0.077832,0.632681,0.160848,0.111856,Bellevue_150th_Eastgate
1822,0.540723,0.086546,0.080062,0.519538,0.224822,0.024856,Bellevue_150th_Eastgate
1823,0.529814,0.092683,0.082466,0.553332,0.170486,0.036569,Bellevue_150th_Eastgate
1824,0.531201,0.097528,0.084512,0.911716,0.358421,0.093162,Bellevue_150th_Eastgate
1825,0.556111,0.077607,0.07882,0.620375,0.25503,0.13923,Bellevue_150th_Eastgate
1826,0.531663,0.093168,0.082283,0.623972,0.222582,0.138291,Bellevue_150th_Eastgate
1827,0.532494,0.081544,0.077779,0.664027,0.276693,0.081182,Bellevue_150th_Eastgate
1828,0.569033,0.081181,0.077693,0.63428,0.2603,0.05597,Bellevue_150th_Eastgate
1829,0.588914,0.079461,0.07703,0.60502,0.214235,0.085665,Bellevue_150th_Eastgate
1830,0.580593,0.078602,0.075894,0.573755,0.207086,0.070856,Bellevue_150th_Eastgate
1831,0.536427,0.079212,0.076992,0.733945,0.205965,0.073901,Bellevue_150th_Eastgate
1832,0.538734,0.079917,0.077916,0.636122,0.195118,0.039615,Bellevue_150th_Eastgate
1833,0.536382,0.088167,0.080069,0.451998,0.114045,0.043639,Bellevue_150th_Eastgate
1834,0.538297,0.094403,0.082318,0.480221,0.141391,0.027,Bellevue_150th_Eastgate
1835,0.542003,0.09685,0.083557,0.672128,0.228736,0.070947,Bellevue_150th_Eastgate
1836,0.575707,0.080413,0.077388,0.654217,0.314956,0.081459,Bellevue_150th_Eastgate
1837,0.542355,0.091574,0.081097,0.570695,0.201565,0.034391,Bellevue_150th_Eastgate
1838,0.578946,0.073738,0.074239,0.623362,0.21144,0.018882,Bellevue_150th_Eastgate
1839,0.558141,0.079901,0.077307,0.501845,0.166678,0.031264,Bellevue_150th_Eastgate
1840,0.537569,0.085463,0.080217,0.458622,0.172609,0.010929,Bellevue_150th_Eastgate
1841,0.531241,0.088562,0.081268,0.553084,0.158597,0.043519,Bellevue_150th_Eastgate
1842,0.53606,0.090943,0.08184,0.554476,0.21478,0.030259,Bellevue_150th_Eastgate
1843,0.519991,0.100633,0.085796,0.620854,0.243555,0.021934,Bellevue_150th_Eastgate
1844,0.556252,0.079836,0.077169,0.512549,0.196715,0.035054,Bellevue_150th_Eastgate
1845,0.57077,0.07785,0.075983,0.641788,0.172123,0.06642,Bellevue_150th_Eastgate
1846,0.561807,0.077396,0.075917,0.672823,0.166822,0.066936,Bellevue_150th_Eastgate
1847,0.540329,0.076452,0.076568,0.613049,0.232325,0.042801,Bellevue_150th_Eastgate
1848,0.515518,0.099887,0.084855,0.595683,0.253033,0.053133,Bellevue_150th_Eastgate
1849,0.477088,0.11243,0.088934,0.647914,0.253707,0.056399,Bellevue_150th_Eastgate
1850,0.547769,0.090174,0.08103,0.463853,0.12022,0.016649,Bellevue_150th_Eastgate
1851,0.566791,0.080328,0.077331,0.496255,0.09687,0.075496,Bellevue_150th_Eastgate
1852,0.604821,0.078637,0.077216,0.516535,0.198577,0.03629,Bellevue_150th_Eastgate
1853,0.602616,0.084164,0.078427,0.517651,0.194282,0.027783,Bellevue_150th_Eastgate
1854,0.606908,0.092729,0.081817,0.508618,0.253905,0.0,Bellevue_150th_Eastgate
1855,0.572167,0.081943,0.076514,0.744469,0.40976,0.036246,Bellevue_150th_Eastgate
1856,0.559492,0.076353,0.076191,0.569543,0.273157,0.029264,Bellevue_150th_Eastgate
1857,0.567227,0.085383,0.078709,0.405949,0.173297,0.007898,Bellevue_150th_Eastgate
1858,0.56108,0.081501,0.078061,0.586813,0.261592,0.018519,Bellevue_150th_Eastgate
1859,0.578697,0.079471,0.076377,0.588014,0.27584,0.041456,Bellevue_150th_Eastgate
1860,0.559539,0.086717,0.079326,0.541188,0.287477,0.006119,Bellevue_150th_Eastgate
1861,0.542341,0.104317,0.085328,0.639016,0.245343,0.040762,Bellevue_150th_Eastgate
1862,0.532163,0.087185,0.080614,0.639852,0.255926,0.071285,Bellevue_150th_Eastgate
1863,0.536257,0.088706,0.080935,0.597658,0.188644,0.050731,Bellevue_150th_Eastgate
1864,0.541502,0.099302,0.083144,0.464308,0.130778,0.029293,Bellevue_150th_Eastgate
1865,0.525596,0.10734,0.088056,0.486553,0.132786,0.02416,Bellevue_150th_Eastgate
1866,0.579311,0.082884,0.07786,0.549425,0.17502,0.034067,Bellevue_150th_Eastgate
1867,0.564217,0.084887,0.079108,0.450939,0.16127,0.022128,Bellevue_150th_Eastgate
1868,0.560086,0.088496,0.080409,0.550019,0.196715,0.064552,Bellevue_150th_Eastgate
1869,0.532792,0.080196,0.076485,0.679523,0.180271,0.097291,Bellevue_150th_Eastgate
1870,0.520413,0.086162,0.081524,0.54979,0.128714,0.040491,Bellevue_150th_Eastgate
1871,0.548354,0.081108,0.077519,0.494848,0.110574,0.004762,Bellevue_150th_Eastgate
1872,0.56103,0.077943,0.076394,0.46437,0.106242,0.023212,Bellevue_150th_Eastgate
1873,0.574747,0.080202,0.077013,0.472515,0.11271,0.036234,Bellevue_150th_Eastgate
1874,0.551247,0.082616,0.078127,0.541854,0.183979,0.04048,Bellevue_150th_Eastgate
1875,0.526996,0.105002,0.086019,0.628358,0.254993,0.054163,Bellevue_150th_Eastgate
1876,0.531324,0.11186,0.088856,0.832502,0.298185,0.025345,Bellevue_150th_Eastgate
1877,0.576677,0.07658,0.076351,0.80134,0.240848,0.06368,Bellevue_150th_Eastgate
1878,0.579087,0.087424,0.079528,0.671958,0.189667,0.045106,Bellevue_150th_Eastgate
1879,0.564373,0.088158,0.080148,0.684582,0.174539,0.026287,Bellevue_150th_Eastgate
1880,0.566759,0.08124,0.077934,0.595251,0.160781,0.025623,Bellevue_150th_Eastgate
1881,0.551843,0.085522,0.078612,0.583185,0.140853,0.073364,Bellevue_150th_Eastgate
1882,0.523177,0.080936,0.07815,0.50067,0.136622,0.041107,Bellevue_150th_Eastgate
1883,0.558812,0.082881,0.07848,0.597096,0.108189,0.13741,Bellevue_150th_Eastgate
1884,0.536709,0.08725,0.080761,0.815027,0.199035,0.162058,Bellevue_150th_Eastgate
1885,0.596073,0.076105,0.076174,0.571376,0.130553,0.04467,Bellevue_150th_Eastgate
1886,0.585748,0.085786,0.07895,0.542942,0.075647,0.040466,Bellevue_150th_Eastgate
1887,0.587124,0.089123,0.080011,0.573721,0.114553,0.062012,Bellevue_150th_Eastgate
1888,0.542015,0.097801,0.083333,0.531728,0.101721,0.0541,Bellevue_150th_Eastgate
1889,0.526738,0.08184,0.079046,0.550913,0.195359,0.041216,Bellevue_150th_Eastgate
1890,0.557675,0.07701,0.075286,0.600624,0.224906,0.062183,Bellevue_150th_Eastgate
1891,0.534102,0.08533,0.082244,0.733149,0.225804,0.129768,Bellevue_150th_Eastgate
1892,0.543486,0.077223,0.075613,0.668576,0.181886,0.103282,Bellevue_150th_Eastgate
1893,0.533075,0.079762,0.077473,0.615836,0.254503,0.080718,Bellevue_150th_Eastgate
1894,0.470193,0.109361,0.087908,0.623401,0.21025,0.027284,Bellevue_150th_Eastgate
1895,0.551988,0.078076,0.07648,0.626419,0.166803,0.048992,Bellevue_150th_Eastgate
1896,0.555347,0.086838,0.079958,0.593352,0.204854,0.067189,Bellevue_150th_Eastgate
1897,0.543268,0.08887,0.080799,0.59836,0.201351,0.082123,Bellevue_150th_Eastgate
1898,0.510783,0.100875,0.085187,0.616961,0.197203,0.053902,Bellevue_150th_Eastgate
1899,0.54609,0.077086,0.076148,0.696844,0.225369,0.073076,Bellevue_150th_Eastgate
1900,0.580421,0.087235,0.079399,0.620581,0.224669,0.030604,Bellevue_150th_Eastgate
1901,0.576052,0.075047,0.075307,0.732182,0.235495,0.020487,Bellevue_150th_Eastgate
1902,0.595184,0.076914,0.07566,0.720299,0.199595,0.050816,Bellevue_150th_Eastgate
1903,0.542382,0.079134,0.077053,0.732746,0.272007,0.052683,Bellevue_150th_Eastgate
1904,0.584108,0.078719,0.076471,0.721257,0.289206,0.092983,Bellevue_150th_Eastgate
1905,0.569761,0.083871,0.077138,0.654805,0.155182,0.133938,Bellevue_150th_Eastgate
1906,0.544276,0.072153,0.07453,0.596335,0.144322,0.080452,Bellevue_150th_Eastgate
1907,0.488184,0.107624,0.088717,0.570362,0.173879,0.029925,Bellevue_150th_Eastgate
1908,0.551848,0.080621,0.077872,0.601628,0.152974,0.017036,Bellevue_150th_Eastgate
1909,0.58216,0.08116,0.077796,0.519563,0.138649,0.04001,Bellevue_150th_Eastgate
1910,0.59521,0.078197,0.076698,0.386999,0.118426,0.0215,Bellevue_150th_Eastgate
1911,0.571912,0.081328,0.077987,0.530094,0.192815,0.03352,Bellevue_150th_Eastgate
1912,0.563822,0.080672,0.076169,0.71053,0.309396,0.051817,Bellevue_150th_Eastgate
1913,0.557302,0.073255,0.075256,0.436667,0.194165,0.01814,Bellevue_150th_Eastgate
1914,0.554693,0.084239,0.078399,0.373737,0.163297,0.003838,Bellevue_150th_Eastgate
1915,0.566164,0.073678,0.074732,0.369281,0.152849,0.006822,Bellevue_150th_Eastgate
1916,0.578431,0.076828,0.075307,0.398079,0.08545,0.013307,Bellevue_150th_Eastgate
1917,0.553905,0.078803,0.07691,0.544803,0.280955,0.017711,Bellevue_150th_Eastgate
1918,0.557632,0.086943,0.079407,0.57119,0.177822,0.019591,Bellevue_150th_Eastgate
1919,0.556123,0.077432,0.076675,0.712252,0.233464,0.176236,Bellevue_150th_Eastgate
1920,0.572627,0.074544,0.075525,0.535065,0.130547,0.044768,Bellevue_150th_Eastgate
1921,0.59334,0.086902,0.079211,0.512632,0.106272,0.022211,Bellevue_150th_Eastgate
1922,0.56318,0.082221,0.078018,0.477253,0.060062,0.060075,Bellevue_150th_Eastgate
1923,0.596292,0.081493,0.077767,0.579776,0.180523,0.036591,Bellevue_150th_Eastgate
1924,0.544774,0.105941,0.086017,0.601071,0.301142,0.011119,Bellevue_150th_Eastgate
1925,0.507371,0.106544,0.088479,0.647849,0.198986,0.032235,Bellevue_150th_Eastgate
1926,0.550715,0.07576,0.076252,0.618074,0.239529,0.040881,Bellevue_150th_Eastgate
1927,0.563213,0.078487,0.076027,0.558982,0.240672,0.02716,Bellevue_150th_Eastgate
1928,0.561861,0.072784,0.074037,0.426572,0.227481,0.002778,Bellevue_150th_Eastgate
1929,0.576459,0.073557,0.074894,0.578248,0.282333,0.014837,Bellevue_150th_Eastgate
1930,0.558074,0.073792,0.074283,0.607684,0.269605,0.05904,Bellevue_150th_Eastgate
1931,0.511805,0.089848,0.081422,0.573162,0.259182,0.099473,Bellevue_150th_Eastgate
1932,0.57527,0.088404,0.079901,0.583991,0.153845,0.164749,Bellevue_150th_Eastgate
1933,0.539607,0.095219,0.084534,0.601174,0.237955,0.058849,Bellevue_150th_Eastgate
1934,0.606002,0.089492,0.080015,0.410118,0.162946,0.065651,Bellevue_150th_Eastgate
1935,0.607513,0.101154,0.083553,0.490692,0.162416,0.092064,Bellevue_150th_Eastgate
1936,0.58589,0.081535,0.077635,0.443994,0.158127,0.101741,Bellevue_150th_Eastgate
1937,0.585311,0.092522,0.081004,0.425914,0.137179,0.094654,Bellevue_150th_Eastgate
1938,0.510563,0.107228,0.088143,0.46461,0.179931,0.06276,Bellevue_150th_Eastgate
1939,0.517281,0.113881,0.089585,0.558915,0.188928,0.061025,Bellevue_150th_Eastgate
1940,0.545593,0.091224,0.082245,0.641052,0.230781,0.071239,Bellevue_150th_Eastgate
1941,0.576299,0.07772,0.076094,0.557403,0.215012,0.035473,Bellevue_150th_Eastgate
1942,0.57743,0.08275,0.07712,0.626258,0.242215,0.01421,Bellevue_150th_Eastgate
1943,0.544124,0.096836,0.083549,0.574313,0.258819,0.006712,Bellevue_150th_Eastgate
1944,0.521693,0.104906,0.087423,0.610203,0.179262,0.023047,Bellevue_150th_Eastgate
1945,0.590039,0.086771,0.079947,0.523063,0.089461,0.031949,Bellevue_150th_Eastgate
1946,0.576445,0.083767,0.077507,0.519951,0.06886,0.027997,Bellevue_150th_Eastgate
1947,0.567986,0.069515,0.072412,0.445975,0.141113,0.027023,Bellevue_150th_Eastgate
1948,0.55273,0.081576,0.077085,0.473802,0.123275,0.049451,Bellevue_150th_Eastgate
1949,0.495082,0.0973,0.086464,0.549228,0.149701,0.070259,Bellevue_150th_Eastgate
1950,0.592433,0.079503,0.077491,0.593186,0.223985,0.062575,Bellevue_150th_Eastgate
1951,0.605507,0.079973,0.077006,0.60136,0.231193,0.072835,Bellevue_150th_Eastgate
1952,0.578244,0.096396,0.082512,0.543509,0.217563,0.057844,Bellevue_150th_Eastgate
1953,0.545636,0.096944,0.08291,0.725923,0.298973,0.048175,Bellevue_150th_Eastgate
1954,0.590919,0.071212,0.073823,0.764519,0.276884,0.090641,Bellevue_150th_Eastgate
1955,0.580327,0.080053,0.076488,0.612911,0.202337,0.04639,Bellevue_150th_Eastgate
1956,0.582205,0.073591,0.07372,0.617395,0.276012,0.028912,Bellevue_150th_Eastgate
1957,0.590001,0.087982,0.080144,0.62025,0.306649,0.076344,Bellevue_150th_Eastgate
1958,0.59799,0.08828,0.079904,0.630807,0.296299,0.070333,Bellevue_150th_Eastgate
1959,0.610389,0.077533,0.076359,0.604658,0.301136,0.131479,Bellevue_150th_Eastgate
1960,0.562009,0.089103,0.079199,0.704527,0.262014,0.157282,Bellevue_150th_Eastgate
1961,0.58627,0.074748,0.075326,0.580353,0.21678,0.053651,Bellevue_150th_Eastgate
1962,0.59753,0.081539,0.077853,0.532885,0.129666,0.058845,Bellevue_150th_Eastgate
1963,0.558932,0.096718,0.083451,0.504353,0.088441,0.073455,Bellevue_150th_Eastgate
1964,0.61052,0.085093,0.079369,0.510195,0.089363,0.08774,Bellevue_150th_Eastgate
1965,0.599076,0.087484,0.079696,0.500307,0.106948,0.078971,Bellevue_150th_Eastgate
1966,0.566979,0.092114,0.081703,0.505446,0.187481,0.042694,Bellevue_150th_Eastgate
1967,0.561611,0.120099,0.090967,0.527993,0.146558,0.042757,Bellevue_150th_Eastgate
1968,0.617467,0.10579,0.08577,0.688846,0.216825,0.084351,Bellevue_150th_Eastgate
1969,0.616482,0.087002,0.080267,0.490393,0.143286,0.023789,Bellevue_150th_Eastgate
1970,0.619556,0.103499,0.084535,0.493511,0.160231,0.025955,Bellevue_150th_Eastgate
1971,0.615743,0.090578,0.081967,0.469868,0.116486,0.074711,Bellevue_150th_Eastgate
1972,0.608374,0.091713,0.081579,0.606581,0.220349,0.079346,Bellevue_150th_Eastgate
1973,0.595053,0.080689,0.077308,0.593583,0.255413,0.048069,Bellevue_150th_Eastgate
1974,0.60321,0.076677,0.075912,0.538472,0.182134,0.028505,Bellevue_150th_Eastgate
1975,0.555356,0.077022,0.075164,0.594572,0.233115,0.083794,Bellevue_150th_Eastgate
1976,0.575068,0.080291,0.07711,0.388342,0.175394,0.019383,Bellevue_150th_Eastgate
1977,0.56123,0.086628,0.079077,0.381429,0.15781,0.028728,Bellevue_150th_Eastgate
1978,0.543359,0.088617,0.081362,0.44377,0.244242,0.013025,Bellevue_150th_Eastgate
1979,0.543162,0.087985,0.080404,0.529184,0.125158,0.132942,Bellevue_150th_Eastgate
1980,0.572583,0.079006,0.076827,0.515169,0.203898,0.047152,Bellevue_150th_Eastgate
1981,0.547437,0.091193,0.081703,0.484097,0.191824,0.042711,Bellevue_150th_Eastgate
1982,0.554652,0.070975,0.072716,0.619777,0.227897,0.057642,Bellevue_150th_Eastgate
1983,0.558229,0.081418,0.079128,0.516418,0.191925,0.047605,Bellevue_150th_Eastgate
1984,0.566929,0.083636,0.077569,0.591731,0.185651,0.142438,Bellevue_150th_Eastgate
1985,0.577593,0.07766,0.076089,0.573218,0.118601,0.175411,Bellevue_150th_Eastgate
1986,0.596163,0.079341,0.076863,0.551316,0.136947,0.177606,Bellevue_150th_Eastgate
1987,0.599032,0.085394,0.078883,0.51787,0.195956,0.135712,Bellevue_150th_Eastgate
1988,0.601816,0.083314,0.078442,0.454596,0.200161,0.116234,Bellevue_150th_Eastgate
1989,0.611061,0.084179,0.07917,0.603618,0.230245,0.081114,Bellevue_150th_Eastgate
1990,0.558649,0.090665,0.081552,0.632203,0.237215,0.02893,Bellevue_150th_Eastgate
1991,0.585155,0.074852,0.075575,0.497541,0.178051,0.030549,Bellevue_150th_Eastgate
1992,0.588196,0.088794,0.079367,0.523016,0.162951,0.014367,Bellevue_150th_Eastgate
1993,0.574051,0.087676,0.079315,0.465622,0.135257,0.026759,Bellevue_150th_Eastgate
1994,0.572656,0.088939,0.079725,0.539108,0.153828,0.027046,Bellevue_150th_Eastgate
1995,0.604384,0.077963,0.076629,0.467268,0.238844,0.030416,Bellevue_150th_Eastgate
1996,0.569103,0.081783,0.078068,0.536513,0.11746,0.075283,Bellevue_150th_Eastgate
1997,0.557978,0.074349,0.074014,0.526319,0.139886,0.068827,Bellevue_150th_Eastgate
1998,0.571073,0.082366,0.077038,0.479235,0.175369,0.04497,Bellevue_150th_Eastgate
1999,0.533769,0.095553,0.083938,0.441051,0.130324,0.059356,Bellevue_150th_Eastgate
2000,0.611679,0.085757,0.079513,0.415255,0.122402,0.078836,Bellevue_150th_Eastgate
2001,0.594815,0.082767,0.077677,0.473905,0.17172,0.072372,Bellevue_150th_Eastgate
2002,0.586775,0.078504,0.07653,0.543178,0.214727,0.089239,Bellevue_150th_Eastgate
2003,0.560932,0.075669,0.074463,0.666808,0.231538,0.053414,Bellevue_150th_Eastgate
2004,0.558513,0.072611,0.074865,0.697385,0.240494,0.1118,Bellevue_150th_Eastgate
2005,0.552796,0.081056,0.080471,0.429409,0.132538,0.033379,Bellevue_150th_Eastgate
2006,0.530136,0.087335,0.080251,0.289316,0.079055,0.040193,Bellevue_150th_Eastgate
2007,0.504639,0.097053,0.084921,0.452477,0.115084,0.039752,Bellevue_150th_Eastgate
2008,0.590602,0.079551,0.077032,0.611963,0.112999,0.111731,Bellevue_150th_Eastgate
2009,0.603915,0.080056,0.077597,0.543206,0.122728,0.058322,Bellevue_150th_Eastgate
2010,0.588999,0.075791,0.075293,0.568759,0.222051,0.035388,Bellevue_150th_Eastgate
2011,0.539379,0.075415,0.075494,0.671947,0.226329,0.03735,Bellevue_150th_Eastgate
2012,0.528656,0.087072,0.079832,0.5187,0.146143,0.054034,Bellevue_150th_Eastgate
2013,0.552443,0.083345,0.077818,0.554572,0.143542,0.068219,Bellevue_150th_Eastgate
2014,0.604129,0.076647,0.075991,0.543289,0.153205,0.070617,Bellevue_150th_Eastgate
2015,0.60721,0.078757,0.07678,0.639356,0.295692,0.045722,Bellevue_150th_Eastgate
2016,0.585172,0.081844,0.07798,0.698368,0.304208,0.062717,Bellevue_150th_Eastgate
2017,0.616406,0.080491,0.077995,0.624201,0.126025,0.114649,Bellevue_150th_Eastgate
2018,0.543536,0.075819,0.07598,0.646487,0.145596,0.093661,Bellevue_150th_Eastgate
2019,0.524879,0.09187,0.081701,0.500983,0.221094,0.122854,Bellevue_150th_Eastgate
2020,0.581742,0.088238,0.079936,0.481813,0.181419,0.180762,Bellevue_150th_Eastgate
2021,0.592131,0.081505,0.078786,0.515487,0.160439,0.167645,Bellevue_150th_Eastgate
2022,0.602947,0.078609,0.076603,0.51375,0.175861,0.081744,Bellevue_150th_Eastgate
2023,0.570212,0.077876,0.076009,0.588964,0.203619,0.154111,Bellevue_150th_Eastgate
2024,0.547515,0.093484,0.08118,0.566388,0.207002,0.051044,Bellevue_150th_Eastgate
2025,0.584669,0.077541,0.074978,0.56053,0.177228,0.099232,Bellevue_150th_Eastgate
2026,0.562969,0.082842,0.078033,0.408992,0.127651,0.028891,Bellevue_150th_Eastgate
2027,0.596703,0.087871,0.078998,0.453274,0.170077,0.028005,Bellevue_150th_Eastgate
2028,0.587753,0.081247,0.0774,0.425819,0.163376,0.051124,Bellevue_150th_Eastgate
2029,0.585198,0.091736,0.081123,0.289032,0.095738,0.019074,Bellevue_150th_Eastgate
2030,0.616677,0.084961,0.079486,0.409084,0.107222,0.046684,Bellevue_150th_Eastgate
2031,0.599811,0.088922,0.080033,0.592258,0.208952,0.074923,Bellevue_150th_Eastgate
2032,0.602164,0.081188,0.077461,0.46427,0.123357,0.066687,Bellevue_150th_Eastgate
2033,0.614786,0.092675,0.080948,0.612279,0.158093,0.088214,Bellevue_150th_Eastgate
2034,0.604437,0.077409,0.076419,0.5801,0.21124,0.042685,Bellevue_150th_Eastgate
2035,0.57727,0.087594,0.078816,0.613436,0.259478,0.051743,Bellevue_150th_Eastgate
2036,0.573378,0.07875,0.076368,0.588139,0.278056,0.044811,Bellevue_150th_Eastgate
2037,0.550383,0.080268,0.076269,0.671056,0.299703,0.125407,Bellevue_150th_Eastgate
2038,0.559301,0.075845,0.076056,0.656377,0.309482,0.041934,Bellevue_150th_Eastgate
2039,0.562212,0.085028,0.078364,0.619188,0.289692,0.069035,Bellevue_150th_Eastgate
2040,0.611539,0.079471,0.077311,0.639447,0.347035,0.052064,Bellevue_150th_Eastgate
2041,0.586104,0.083113,0.077739,0.530169,0.187892,0.04124,Bellevue_150th_Eastgate
2042,0.543354,0.090773,0.080862,0.502325,0.182689,0.066984,Bellevue_150th_Eastgate
2043,0.54706,0.075774,0.076576,0.526933,0.153574,0.074826,Bellevue_150th_Eastgate
2044,0.555992,0.083486,0.077183,0.557454,0.20584,0.024469,Bellevue_150th_Eastgate
2045,0.534079,0.097463,0.084643,0.614364,0.238007,0.023569,Bellevue_150th_Eastgate
2046,0.551925,0.096701,0.083467,0.669273,0.25648,0.029913,Bellevue_150th_Eastgate
2047,0.603071,0.081198,0.077626,0.761693,0.210971,0.117791,Bellevue_150th_Eastgate
2048,0.538858,0.085382,0.079878,0.598392,0.216339,0.084979,Bellevue_150th_Eastgate
2049,0.536581,0.082587,0.078802,0.671441,0.163456,0.060342,Bellevue_150th_Eastgate
2050,0.556082,0.071932,0.074241,0.574417,0.148574,0.060157,Bellevue_150th_Eastgate
2051,0.55126,0.088059,0.080758,0.517942,0.130272,0.116853,Bellevue_150th_Eastgate
2052,0.482032,0.110227,0.08888,0.627383,0.183839,0.139997,Bellevue_150th_Eastgate
2053,0.569657,0.083106,0.078097,0.671615,0.254313,0.078721,Bellevue_150th_Eastgate
2054,0.570046,0.083965,0.078568,0.693456,0.222215,0.142246,Bellevue_150th_Eastgate
2055,0.555181,0.075801,0.075383,0.575506,0.169162,0.06652,Bellevue_150th_Eastgate
2056,0.523126,0.081429,0.078319,0.734093,0.235478,0.109081,Bellevue_150th_Eastgate
2057,0.548212,0.074199,0.076095,0.586036,0.204777,0.076122,Bellevue_150th_Eastgate
2058,0.585993,0.081357,0.076732,0.497411,0.134419,0.122488,Bellevue_150th_Eastgate
2059,0.590439,0.075045,0.074935,0.678878,0.143012,0.290282,Bellevue_150th_Eastgate
2060,0.59364,0.07523,0.075248,0.624395,0.223076,0.089373,Bellevue_150th_Eastgate
2061,0.579776,0.07467,0.07464,0.592916,0.175473,0.170606,Bellevue_150th_Eastgate
2062,0.590423,0.073648,0.07457,0.570198,0.221415,0.051268,Bellevue_150th_Eastgate
2063,0.544451,0.078823,0.076445,0.725825,0.268059,0.087083,Bellevue_150th_Eastgate
2064,0.571871,0.07983,0.077291,0.50586,0.153684,0.094218,Bellevue_150th_Eastgate
2065,0.574035,0.075736,0.075178,0.438447,0.170952,0.085417,Bellevue_150th_Eastgate
2066,0.54264,0.09024,0.081742,0.49457,0.192141,0.097674,Bellevue_150th_Eastgate
2067,0.578792,0.083349,0.078502,0.472951,0.194821,0.105865,Bellevue_150th_Eastgate
2068,0.612355,0.083737,0.078596,0.499048,0.255675,0.084985,Bellevue_150th_Eastgate
2069,0.589853,0.079114,0.076462,0.465973,0.215242,0.071135,Bellevue_150th_Eastgate
2070,0.561867,0.086201,0.079886,0.488029,0.219449,0.061464,Bellevue_150th_Eastgate
2071,0.520127,0.10611,0.087414,0.598481,0.202396,0.067414,Bellevue_150th_Eastgate
2072,0.525222,0.09943,0.086355,0.668468,0.216912,0.049193,Bellevue_150th_Eastgate
2073,0.574318,0.095462,0.082409,0.459385,0.092014,0.087416,Bellevue_150th_Eastgate
2074,0.615402,0.099275,0.083685,0.473029,0.113587,0.066262,Bellevue_150th_Eastgate
2075,0.627516,0.093232,0.082128,0.437495,0.139709,0.04562,Bellevue_150th_Eastgate
2076,0.616142,0.087933,0.08045,0.456016,0.138879,0.040492,Bellevue_150th_Eastgate
2077,0.602322,0.097735,0.082514,0.526929,0.202541,0.055203,Bellevue_150th_Eastgate
2078,0.55623,0.098009,0.083086,0.349847,0.123844,0.042793,Bellevue_150th_Eastgate
2079,0.56167,0.088623,0.078911,0.380441,0.082575,0.056499,Bellevue_150th_Eastgate
2080,0.518193,0.085613,0.080268,0.391485,0.061297,0.091852,Bellevue_150th_Eastgate
2081,0.581841,0.072645,0.073738,0.415865,0.146586,0.029365,Bellevue_150th_Eastgate
2082,0.574958,0.080675,0.077035,0.444479,0.167028,0.044351,Bellevue_150th_Eastgate
2083,0.551489,0.085219,0.078737,0.379379,0.14837,0.049906,Bellevue_150th_Eastgate
2084,0.569188,0.087204,0.078923,0.443057,0.173908,0.101806,Bellevue_150th_Eastgate
2085,0.564492,0.089067,0.080163,0.569569,0.280138,0.13341,Bellevue_150th_Eastgate
2086,0.578392,0.092555,0.081453,0.533478,0.271421,0.132172,Bellevue_150th_Eastgate
2087,0.556478,0.083662,0.077591,0.588513,0.330192,0.128386,Bellevue_150th_Eastgate
2088,0.588988,0.071142,0.073533,0.533493,0.230095,0.040974,Bellevue_150th_Eastgate
2089,0.578386,0.08332,0.077956,0.413164,0.169874,0.078488,Bellevue_150th_Eastgate
2090,0.554263,0.075678,0.076127,0.445043,0.171668,0.09868,Bellevue_150th_Eastgate
2091,0.52738,0.086481,0.080323,0.505013,0.218635,0.07697,Bellevue_150th_Eastgate
2092,0.503759,0.083915,0.079523,0.518007,0.216439,0.097929,Bellevue_150th_Eastgate
2093,0.532851,0.080343,0.076588,0.58884,0.277793,0.046468,Bellevue_150th_Eastgate
2094,0.486034,0.0796,0.077713,0.489316,0.196032,0.057058,Bellevue_150th_Eastgate
2095,0.551782,0.089279,0.080463,0.557245,0.15131,0.060331,Bellevue_150th_Eastgate
2096,0.553502,0.073959,0.075094,0.569481,0.202974,0.03033,Bellevue_150th_Eastgate
2097,0.55863,0.082245,0.07742,0.480455,0.09993,0.057426,Bellevue_150th_Eastgate
2098,0.551288,0.074439,0.075189,0.493804,0.13574,0.029707,Bellevue_150th_Eastgate
2099,0.542566,0.08566,0.080107,0.507069,0.113133,0.035392,Bellevue_150th_Eastgate
2100,0.603818,0.082162,0.077868,0.505422,0.107807,0.040756,Bellevue_150th_Eastgate
2101,0.588002,0.085008,0.078353,0.580545,0.121333,0.066037,Bellevue_150th_Eastgate
2102,0.563645,0.090751,0.081043,0.590333,0.170762,0.085851,Bellevue_150th_Eastgate
2103,0.578151,0.090965,0.079961,0.584672,0.162194,0.067183,Bellevue_150th_Eastgate
2104,0.549089,0.077868,0.076164,0.621646,0.11503,0.062344,Bellevue_150th_Eastgate
2105,0.581972,0.080158,0.076164,0.466016,0.127494,0.049216,Bellevue_150th_Eastgate
2106,0.576947,0.079704,0.076335,0.355245,0.064159,0.035334,Bellevue_150th_Eastgate
2107,0.562451,0.08449,0.078959,0.388336,0.111683,0.083048,Bellevue_150th_Eastgate
2108,0.582797,0.081778,0.077269,0.363387,0.122456,0.043348,Bellevue_150th_Eastgate
2109,0.557327,0.080344,0.076353,0.33308,0.137566,0.082581,Bellevue_150th_Eastgate
2110,0.551345,0.090269,0.080207,0.660432,0.39594,0.030595,Bellevue_150th_Eastgate
2111,0.583811,0.070699,0.073559,0.570515,0.253207,0.015634,Bellevue_150th_Eastgate
2112,0.575978,0.081996,0.07739,0.492375,0.19885,0.023574,Bellevue_150th_Eastgate
2113,0.602765,0.075151,0.074899,0.564398,0.226023,0.049041,Bellevue_150th_Eastgate
2114,0.594021,0.096603,0.082307,0.529501,0.246109,0.065366,Bellevue_150th_Eastgate
2115,0.571744,0.084595,0.078407,0.510106,0.25843,0.06112,Bellevue_150th_Eastgate
2116,0.579614,0.085382,0.078921,0.615358,0.270823,0.07394,Bellevue_150th_Eastgate
2117,0.54988,0.082385,0.077367,0.777769,0.363755,0.149305,Bellevue_150th_Eastgate
2118,0.567883,0.075456,0.076286,0.621601,0.210889,0.103571,Bellevue_150th_Eastgate
2119,0.5718,0.081871,0.07709,0.664961,0.25116,0.079578,Bellevue_150th_Eastgate
2120,0.58046,0.075606,0.075379,0.5794,0.230759,0.061887,Bellevue_150th_Eastgate
2121,0.567959,0.087333,0.079222,0.572088,0.214222,0.067077,Bellevue_150th_Eastgate
2122,0.564673,0.082986,0.077487,0.57413,0.209251,0.059788,Bellevue_150th_Eastgate
2123,0.544499,0.096416,0.082534,0.466434,0.241824,0.044666,Bellevue_150th_Eastgate
2124,0.550295,0.087614,0.078906,0.567906,0.165189,0.10558,Bellevue_150th_Eastgate
2125,0.546742,0.080067,0.079022,0.610184,0.155789,0.108811,Bellevue_150th_Eastgate
2126,0.595169,0.083625,0.077761,0.580098,0.129932,0.120953,Bellevue_150th_Eastgate
2127,0.556045,0.078798,0.076465,0.573066,0.175977,0.115052,Bellevue_150th_Eastgate
2128,0.580901,0.076586,0.075512,0.61944,0.109697,0.1726,Bellevue_150th_Eastgate
2129,0.591236,0.076021,0.075454,0.596275,0.150609,0.11486,Bellevue_150th_Eastgate
2130,0.570072,0.087641,0.079716,0.515264,0.170909,0.048313,Bellevue_150th_Eastgate
2131,0.497102,0.098458,0.08502,0.592971,0.104344,0.034469,Bellevue_150th_Eastgate
2132,0.590696,0.072137,0.073703,0.670808,0.122637,0.09647,Bellevue_150th_Eastgate
2133,0.576495,0.08737,0.078972,0.52263,0.166717,0.007592,Bellevue_150th_Eastgate
2134,0.582168,0.100335,0.08324,0.516327,0.252749,0.0,Bellevue_150th_Eastgate
2135,0.568519,0.099399,0.084496,0.590898,0.239178,0.026144,Bellevue_150th_Eastgate
2136,0.562147,0.10033,0.084714,0.632893,0.251374,0.004762,Bellevue_150th_Eastgate
2137,0.614523,0.086497,0.080295,0.658035,0.244874,0.020938,Bellevue_150th_Eastgate
2138,0.577006,0.101882,0.083572,0.487223,0.114288,0.066656,Bellevue_150th_Eastgate
2139,0.579077,0.083389,0.077283,0.598237,0.116566,0.078019,Bellevue_150th_Eastgate
2140,0.585866,0.074868,0.07446,0.502373,0.123248,0.063495,Bellevue_150th_Eastgate
2141,0.606519,0.099082,0.083186,0.523394,0.120895,0.07148,Bellevue_150th_Eastgate
2142,0.598471,0.091656,0.081306,0.641553,0.225103,0.088172,Bellevue_150th_Eastgate
2143,0.609312,0.085613,0.079103,0.617492,0.228944,0.051184,Bellevue_150th_Eastgate
2144,0.614946,0.087585,0.079929,0.698169,0.221378,0.170854,Bellevue_150th_Eastgate
2145,0.611658,0.087609,0.080429,0.553058,0.207945,0.044948,Bellevue_150th_Eastgate
2146,0.59114,0.091913,0.080763,0.602177,0.241233,0.050202,Bellevue_150th_Eastgate
2147,0.577307,0.087241,0.078374,0.514295,0.270444,0.047053,Bellevue_150th_Eastgate
2148,0.575317,0.088702,0.080104,0.727074,0.301416,0.062838,Bellevue_150th_Eastgate
2149,0.604351,0.085431,0.079385,0.668085,0.306776,0.040041,Bellevue_150th_Eastgate
2150,0.60306,0.082329,0.077423,0.609617,0.218793,0.064005,Bellevue_150th_Eastgate
2151,0.57847,0.073925,0.074445,0.655053,0.258496,0.066271,Bellevue_150th_Eastgate
2152,0.583035,0.076381,0.075539,0.592082,0.158103,0.092165,Bellevue_150th_Eastgate
2153,0.573687,0.07261,0.073436,0.629543,0.148867,0.122068,Bellevue_150th_Eastgate
2154,0.590336,0.076053,0.075389,0.534332,0.112639,0.089593,Bellevue_150th_Eastgate
2155,0.587018,0.088714,0.079818,0.681636,0.107208,0.12081,Bellevue_150th_Eastgate
2156,0.60444,0.084709,0.079149,0.644724,0.097134,0.115454,Bellevue_150th_Eastgate
2157,0.593743,0.084856,0.078163,0.623543,0.181359,0.128434,Bellevue_150th_Eastgate
2158,0.535009,0.096717,0.083803,0.602788,0.252221,0.089,Bellevue_150th_Eastgate
2159,0.563974,0.098639,0.083965,0.562535,0.144027,0.049594,Bellevue_150th_Eastgate
2160,0.536253,0.07746,0.07639,0.631064,0.115843,0.068976,Bellevue_150th_Eastgate
2161,0.571513,0.078871,0.076029,0.5321,0.091278,0.077369,Bellevue_150th_Eastgate
2162,0.606375,0.104809,0.084902,0.539669,0.142944,0.091471,Bellevue_150th_Eastgate
2163,0.606308,0.088742,0.080521,0.575144,0.221178,0.035515,Bellevue_150th_Eastgate
2164,0.601532,0.098057,0.082743,0.682791,0.231945,0.060471,Bellevue_150th_Eastgate
2165,0.610621,0.085511,0.078788,0.700369,0.26062,0.043863,Bellevue_150th_Eastgate
2166,0.586229,0.078697,0.075512,0.616013,0.17748,0.04365,Bellevue_150th_Eastgate
2167,0.558568,0.073623,0.072796,0.773405,0.139394,0.182098,Bellevue_150th_Eastgate
2168,0.57832,0.073941,0.074343,0.611413,0.138996,0.083694,Bellevue_150th_Eastgate
2169,0.566828,0.08887,0.080544,0.586262,0.083076,0.087793,Bellevue_150th_Eastgate
2170,0.541474,0.078524,0.076311,0.532202,0.096584,0.088439,Bellevue_150th_Eastgate
2171,0.50502,0.105398,0.087736,0.452087,0.125861,0.069437,Bellevue_150th_Eastgate
2172,0.566767,0.091916,0.081756,0.503085,0.173963,0.055081,Bellevue_150th_Eastgate
2173,0.573392,0.085283,0.07799,0.637596,0.205399,0.084218,Bellevue_150th_Eastgate
2174,0.609824,0.079467,0.076605,0.47753,0.112901,0.043832,Bellevue_150th_Eastgate
2175,0.540902,0.093496,0.081991,0.471598,0.149672,0.020745,Bellevue_150th_Eastgate
2176,0.569926,0.091561,0.081747,0.626661,0.231035,0.006516,Bellevue_150th_Eastgate
2177,0.62416,0.088045,0.080178,0.70545,0.34219,0.026224,Bellevue_150th_Eastgate
2178,0.605889,0.08786,0.080117,0.60752,0.309559,0.036629,Bellevue_150th_Eastgate
2179,0.589698,0.085565,0.077914,0.629135,0.233089,0.105497,Bellevue_150th_Eastgate
2180,0.595223,0.07593,0.074817,0.416948,0.103528,0.01047,Bellevue_150th_Eastgate
2181,0.57623,0.07823,0.075615,0.409381,0.145296,0.026477,Bellevue_150th_Eastgate
2182,0.562813,0.084756,0.078657,0.404938,0.154464,0.059159,Bellevue_150th_Eastgate
2183,0.589532,0.083389,0.078267,0.537142,0.143145,0.124068,Bellevue_150th_Eastgate
2184,0.600332,0.08475,0.079037,0.604865,0.224367,0.099951,Bellevue_150th_Eastgate
2185,0.587061,0.084117,0.078256,0.571817,0.141117,0.071769,Bellevue_150th_Eastgate
2186,0.581662,0.078313,0.075308,0.734529,0.162912,0.082772,Bellevue_150th_Eastgate
2187,0.573638,0.080737,0.076379,0.385366,0.096342,0.020351,Bellevue_150th_Eastgate
2188,0.591593,0.085825,0.077898,0.372366,0.127926,0.015166,Bellevue_150th_Eastgate
2189,0.553191,0.077899,0.075655,0.402099,0.18698,0.007146,Bellevue_150th_Eastgate
2190,0.568219,0.074086,0.074472,0.470825,0.214241,0.043629,Bellevue_150th_Eastgate
2191,0.586718,0.083879,0.07871,0.504915,0.179699,0.04785,Bellevue_150th_Eastgate
2192,0.584885,0.087991,0.079259,0.643093,0.105934,0.068457,Bellevue_150th_Eastgate
2193,0.591391,0.075092,0.075178,0.519111,0.124885,0.055665,Bellevue_150th_Eastgate
2194,0.594137,0.087181,0.078856,0.476538,0.171543,0.016337,Bellevue_150th_Eastgate
2195,0.570383,0.091947,0.080913,0.490203,0.207199,0.013296,Bellevue_150th_Eastgate
2196,0.600777,0.091915,0.081202,0.556215,0.267588,0.036334,Bellevue_150th_Eastgate
2197,0.597904,0.092655,0.081361,0.800878,0.305343,0.073892,Bellevue_150th_Eastgate
2198,0.600034,0.0865,0.079842,0.656912,0.200491,0.053393,Bellevue_150th_Eastgate
2199,0.584823,0.090272,0.079431,0.650415,0.153472,0.047914,Bellevue_150th_Eastgate
2200,0.577425,0.083461,0.077945,0.457984,0.142114,0.063963,Bellevue_150th_Eastgate
2201,0.567629,0.094724,0.082203,0.40982,0.150523,0.061057,Bellevue_150th_Eastgate
2202,0.582616,0.089899,0.080539,0.440068,0.156179,0.079523,Bellevue_150th_Eastgate
2203,0.607394,0.079984,0.077139,0.55446,0.181807,0.105667,Bellevue_150th_Eastgate
2204,0.611678,0.08284,0.078283,0.547959,0.163384,0.101229,Bellevue_150th_Eastgate
2205,0.596594,0.09002,0.080711,0.584393,0.164956,0.107811,Bellevue_150th_Eastgate
2206,0.580383,0.085007,0.077994,0.70792,0.198569,0.136512,Bellevue_150th_Eastgate
2207,0.578137,0.078085,0.075577,0.570467,0.180504,0.047124,Bellevue_150th_Eastgate
2208,0.616811,0.086758,0.078629,0.681235,0.182564,0.059582,Bellevue_150th_Eastgate
2209,0.59684,0.080789,0.077048,0.576825,0.113334,0.060613,Bellevue_150th_Eastgate
2210,0.581453,0.083917,0.078581,0.675678,0.135332,0.05578,Bellevue_150th_Eastgate
2211,0.616178,0.088553,0.080766,0.628615,0.130879,0.033788,Bellevue_150th_Eastgate
2212,0.608566,0.092884,0.081912,0.555315,0.089602,0.042758,Bellevue_150th_Eastgate
2213,0.581464,0.08737,0.079946,0.69141,0.182872,0.055003,Bellevue_150th_Eastgate
2214,0.601623,0.096852,0.082117,0.434891,0.169116,0.050499,Bellevue_150th_Eastgate
2215,0.557819,0.096275,0.082628,0.425251,0.158054,0.075949,Bellevue_150th_Eastgate
2216,0.606245,0.090548,0.080907,0.471315,0.194409,0.054684,Bellevue_150th_Eastgate
2217,0.599328,0.097213,0.083685,0.535043,0.16416,0.033965,Bellevue_150th_Eastgate
2218,0.619702,0.093792,0.082114,0.541752,0.163962,0.057934,Bellevue_150th_Eastgate
2219,0.61632,0.096952,0.083007,0.546374,0.125424,0.057121,Bellevue_150th_Eastgate
2220,0.591663,0.085923,0.077807,0.498971,0.084734,0.056968,Bellevue_150th_Eastgate
2221,0.589558,0.081005,0.076407,0.560337,0.109941,0.045141,Bellevue_150th_Eastgate
2222,0.581134,0.087478,0.079029,0.428235,0.14639,0.01806,Bellevue_150th_Eastgate
2223,0.617812,0.091906,0.080415,0.456608,0.233244,0.021319,Bellevue_150th_Eastgate
2224,0.613576,0.097161,0.082729,0.623607,0.326934,0.024037,Bellevue_150th_Eastgate
2225,0.61326,0.087243,0.080081,0.64513,0.262345,0.036554,Bellevue_150th_Eastgate
2226,0.618813,0.084997,0.079107,0.549375,0.215362,0.060094,Bellevue_150th_Eastgate
2227,0.624666,0.093779,0.082086,0.584381,0.264278,0.048121,Bellevue_150th_Eastgate
2228,0.609559,0.088587,0.079424,0.552942,0.220567,0.063681,Bellevue_150th_Eastgate
2229,0.624875,0.081853,0.078078,0.535257,0.149599,0.059111,Bellevue_150th_Eastgate
2230,0.59958,0.097911,0.082873,0.356146,0.135692,0.052346,Bellevue_150th_Eastgate
2231,0.616715,0.097044,0.082271,0.397314,0.157528,0.064035,Bellevue_150th_Eastgate
2232,0.601474,0.107168,0.085617,0.5376,0.170247,0.131776,Bellevue_150th_Eastgate
2233,0.601895,0.104677,0.084757,0.599289,0.156243,0.0939,Bellevue_150th_Eastgate
2234,0.61386,0.094559,0.082649,0.50169,0.096866,0.079639,Bellevue_150th_Eastgate
2235,0.593722,0.091134,0.080218,0.547771,0.132901,0.021018,Bellevue_150th_Eastgate
2236,0.599961,0.086128,0.07855,0.776048,0.177359,0.040679,Bellevue_150th_Eastgate
2237,0.603861,0.079633,0.076548,0.575689,0.183922,0.057071,Bellevue_150th_Eastgate
2238,0.615898,0.082857,0.07804,0.531479,0.209897,0.076522,Bellevue_150th_Eastgate
2239,0.581652,0.083943,0.078335,0.601481,0.235492,0.135926,Bellevue_150th_Eastgate
2240,0.606115,0.09647,0.082887,0.748475,0.357901,0.075491,Bellevue_150th_Eastgate
2241,0.611509,0.08772,0.080851,0.57867,0.29618,0.071534,Bellevue_150th_Eastgate
2242,0.586434,0.111546,0.087938,0.570746,0.313958,0.067171,Bellevue_150th_Eastgate
2243,0.582919,0.100964,0.083127,0.576323,0.239083,0.067423,Bellevue_150th_Eastgate
2244,0.591998,0.093654,0.081849,0.61796,0.331926,0.040565,Bellevue_150th_Eastgate
2245,0.594146,0.091132,0.08047,0.603501,0.294701,0.039479,Bellevue_150th_Eastgate
2246,0.632111,0.099745,0.083748,0.705117,0.229387,0.10086,Bellevue_150th_Eastgate
2247,0.638771,0.09786,0.083123,0.737378,0.259072,0.113152,Bellevue_150th_Eastgate
2248,0.619536,0.088208,0.079654,0.653191,0.207763,0.058461,Bellevue_150th_Eastgate
2249,0.575787,0.085928,0.079292,0.544989,0.2269,0.076899,Bellevue_150th_Eastgate
2250,0.616273,0.090138,0.080926,0.535366,0.186017,0.054039,Bellevue_150th_Eastgate
2251,0.573164,0.08255,0.077012,0.627358,0.191155,0.057924,Bellevue_150th_Eastgate
2252,0.593597,0.083712,0.077886,0.430235,0.193766,0.029061,Bellevue_150th_Eastgate
2253,0.57547,0.0861,0.078655,0.590737,0.246772,0.050915,Bellevue_150th_Eastgate
2254,0.604487,0.081048,0.077245,0.617998,0.321142,0.0,Bellevue_150th_Eastgate
2255,0.604154,0.086959,0.080399,0.49625,0.278315,0.019967,Bellevue_150th_Eastgate
2256,0.591151,0.095601,0.082319,0.505918,0.235836,0.035658,Bellevue_150th_Eastgate
2257,0.611809,0.096554,0.082507,0.527132,0.22783,0.050592,Bellevue_150th_Eastgate
2258,0.595476,0.08902,0.079633,0.583605,0.271433,0.031494,Bellevue_150th_Eastgate
2259,0.622885,0.087628,0.079803,0.65783,0.194905,0.136044,Bellevue_150th_Eastgate
2260,0.617925,0.08965,0.080297,0.505905,0.160588,0.051783,Bellevue_150th_Eastgate
2261,0.608583,0.095094,0.08158,0.60988,0.196745,0.056502,Bellevue_150th_Eastgate
2262,0.505658,0.097831,0.085306,0.656222,0.176234,0.0547,Bellevue_150th_Eastgate
2263,0.623637,0.084942,0.078883,0.580239,0.208806,0.069096,Bellevue_150th_Eastgate
2264,0.618202,0.098597,0.082642,0.57993,0.179972,0.031907,Bellevue_150th_Eastgate
2265,0.592377,0.09699,0.082869,0.549032,0.229291,0.02227,Bellevue_150th_Eastgate
2266,0.585204,0.091539,0.08016,0.573464,0.16184,0.038295,Bellevue_150th_Eastgate
2267,0.609819,0.08472,0.079465,0.537395,0.207703,0.035069,Bellevue_150th_Eastgate
2268,0.619018,0.093712,0.081714,0.500766,0.176444,0.046635,Bellevue_150th_Eastgate
2269,0.601384,0.100747,0.083576,0.522814,0.16335,0.100376,Bellevue_150th_Eastgate
2270,0.627763,0.10996,0.08683,0.593179,0.093132,0.177435,Bellevue_150th_Eastgate
2271,0.644876,0.099092,0.083644,0.593793,0.109486,0.123522,Bellevue_150th_Eastgate
2272,0.638091,0.096603,0.082876,0.681508,0.178514,0.12208,Bellevue_150th_Eastgate
2273,0.642771,0.099532,0.083849,0.66599,0.175987,0.053831,Bellevue_150th_Eastgate
2274,0.612517,0.102579,0.084101,0.63088,0.168765,0.050465,Bellevue_150th_Eastgate
2275,0.582429,0.100761,0.083209,0.593473,0.138139,0.027145,Bellevue_150th_Eastgate
2276,0.596834,0.101629,0.08535,0.615323,0.198526,0.090025,Bellevue_150th_Eastgate
2277,0.594325,0.099377,0.083409,0.522712,0.190395,0.067639,Bellevue_150th_Eastgate
2278,0.621699,0.103709,0.084665,0.550277,0.192276,0.10267,Bellevue_150th_Eastgate
2279,0.633684,0.101551,0.084454,0.663129,0.214785,0.14695,Bellevue_150th_Eastgate
2280,0.639987,0.097872,0.083328,0.701212,0.182673,0.152864,Bellevue_150th_Eastgate
2281,0.607788,0.102414,0.084545,0.61576,0.168622,0.135822,Bellevue_150th_Eastgate
2282,0.61472,0.099724,0.084049,0.534548,0.124132,0.081443,Bellevue_150th_Eastgate
2283,0.600801,0.097956,0.082105,0.599189,0.142171,0.031847,Bellevue_150th_Eastgate
2284,0.615958,0.095853,0.081609,0.703483,0.195956,0.077496,Bellevue_150th_Eastgate
2285,0.602766,0.086658,0.079595,0.571459,0.261792,0.050296,Bellevue_150th_Eastgate
2286,0.641687,0.099004,0.083676,0.56656,0.239868,0.0813,Bellevue_150th_Eastgate
2287,0.603028,0.107768,0.085508,0.608999,0.237894,0.138593,Bellevue_150th_Eastgate
2288,0.620758,0.109126,0.086479,0.653325,0.219475,0.09603,Bellevue_150th_Eastgate
2289,0.635271,0.102116,0.084236,0.664558,0.187839,0.077896,Bellevue_150th_Eastgate
2290,0.608757,0.107072,0.084879,0.517067,0.182406,0.032332,Bellevue_150th_Eastgate
2291,0.622371,0.097489,0.08255,0.74888,0.198441,0.104095,Bellevue_150th_Eastgate
2292,0.623634,0.086084,0.07957,0.585429,0.145105,0.064365,Bellevue_150th_Eastgate
2293,0.625543,0.0958,0.082003,0.475787,0.121935,0.080593,Bellevue_150th_Eastgate
2294,0.616879,0.103212,0.084139,0.518729,0.178357,0.048123,Bellevue_150th_Eastgate
2295,0.640014,0.10366,0.085106,0.623168,0.190189,0.104995,Bellevue_150th_Eastgate
2296,0.653457,0.106355,0.08633,0.666893,0.180407,0.110985,Bellevue_150th_Eastgate
2297,0.644095,0.100728,0.083752,0.696671,0.183953,0.11208,Bellevue_150th_Eastgate
2298,0.637359,0.102896,0.084582,0.672619,0.149995,0.135538,Bellevue_150th_Eastgate
2299,0.633914,0.093815,0.081961,0.495785,0.168985,0.028481,Bellevue_150th_Eastgate
2300,0.624163,0.105812,0.085251,0.602835,0.139196,0.02246,Bellevue_150th_Eastgate
2301,0.625563,0.088635,0.080568,0.647762,0.165507,0.04732,Bellevue_150th_Eastgate
2302,0.6061,0.094273,0.081249,0.514094,0.142207,0.031469,Bellevue_150th_Eastgate
2303,0.628456,0.108749,0.085882,0.59745,0.168841,0.026788,Bellevue_150th_Eastgate
2304,0.635854,0.109702,0.087003,0.675822,0.20889,0.031859,Bellevue_150th_Eastgate
2305,0.651632,0.102757,0.085605,0.767556,0.253081,0.04446,Bellevue_150th_Eastgate
2306,0.634678,0.100741,0.083422,0.791762,0.202835,0.113501,Bellevue_150th_Eastgate
2307,0.633513,0.097117,0.082899,0.798474,0.173275,0.085565,Bellevue_150th_Eastgate
2308,0.60727,0.097137,0.081713,0.578421,0.119572,0.047309,Bellevue_150th_Eastgate
2309,0.619249,0.094611,0.081622,0.642454,0.134709,0.030667,Bellevue_150th_Eastgate
2310,0.625078,0.091036,0.080951,0.456607,0.140728,0.057405,Bellevue_150th_Eastgate
2311,0.620063,0.106253,0.085099,0.570095,0.205531,0.064114,Bellevue_150th_Eastgate
2312,0.640971,0.098687,0.083605,0.525453,0.159359,0.093492,Bellevue_150th_Eastgate
2313,0.619747,0.104728,0.084488,0.541831,0.14829,0.102977,Bellevue_150th_Eastgate
2314,0.635128,0.10042,0.084006,0.660736,0.214211,0.07026,Bellevue_150th_Eastgate
2315,0.623294,0.106479,0.08546,0.61463,0.223398,0.034372,Bellevue_150th_Eastgate
2316,0.618114,0.104378,0.085298,0.56376,0.180603,0.017539,Bellevue_150th_Eastgate
2317,0.605883,0.103765,0.083937,0.745901,0.192246,0.074991,Bellevue_150th_Eastgate
2318,0.619163,0.099507,0.083771,0.671911,0.132816,0.093407,Bellevue_150th_Eastgate
2319,0.606923,0.103658,0.084014,0.553946,0.130759,0.082783,Bellevue_150th_Eastgate
2320,0.625511,0.105759,0.084711,0.586861,0.193248,0.037709,Bellevue_150th_Eastgate
2321,0.650625,0.100003,0.084354,0.603408,0.126042,0.073342,Bellevue_150th_Eastgate
2322,0.639681,0.09764,0.083289,0.517248,0.122483,0.053523,Bellevue_150th_Eastgate
2323,0.643344,0.099484,0.0843,0.510154,0.117501,0.049379,Bellevue_150th_Eastgate
2324,0.64944,0.098369,0.084445,0.521219,0.191807,0.0367,Bellevue_150th_Eastgate
2325,0.633752,0.106757,0.085326,0.591709,0.199019,0.019883,Bellevue_150th_Eastgate
2326,0.606587,0.106743,0.085122,0.566907,0.171853,0.026761,Bellevue_150th_Eastgate
2327,0.635399,0.095851,0.082616,0.682224,0.209145,0.082625,Bellevue_150th_Eastgate
2328,0.618397,0.098387,0.082365,0.521936,0.183046,0.010553,Bellevue_150th_Eastgate
2329,0.628162,0.105624,0.084915,0.60399,0.187449,0.049318,Bellevue_150th_Eastgate
2330,0.648174,0.099305,0.084178,0.598626,0.176641,0.061003,Bellevue_150th_Eastgate
2331,0.645077,0.101995,0.084574,0.586237,0.211559,0.042452,Bellevue_150th_Eastgate
2332,0.644777,0.096463,0.082859,0.660951,0.288852,0.030454,Bellevue_150th_Eastgate
2333,0.63718,0.097622,0.082981,0.657177,0.27701,0.091137,Bellevue_150th_Eastgate
2334,0.60458,0.090583,0.080493,0.549127,0.258633,0.051573,Bellevue_150th_Eastgate
2335,0.623651,0.099502,0.083825,0.507244,0.166838,0.052892,Bellevue_150th_Eastgate
2336,0.618174,0.104603,0.084174,0.546055,0.170257,0.027492,Bellevue_150th_Eastgate
2337,0.627235,0.098698,0.083158,0.724729,0.291953,0.100115,Bellevue_150th_Eastgate
2338,0.621459,0.090676,0.080358,0.675177,0.293796,0.047708,Bellevue_150th_Eastgate
2339,0.629561,0.098636,0.08238,0.523145,0.2192,0.059733,Bellevue_150th_Eastgate
2340,0.614394,0.115646,0.088629,0.481545,0.213901,0.053512,Bellevue_150th_Eastgate
2341,0.58588,0.118813,0.090697,0.47572,0.204376,0.036704,Bellevue_150th_Eastgate
2342,0.626928,0.112889,0.088195,0.513092,0.2314,0.043851,Bellevue_150th_Eastgate
2343,0.647105,0.108104,0.08687,0.543412,0.178717,0.073182,Bellevue_150th_Eastgate
2344,0.629799,0.108761,0.086027,0.644749,0.179636,0.200199,Bellevue_150th_Eastgate
2345,0.626498,0.102975,0.084634,0.51979,0.12434,0.109947,Bellevue_150th_Eastgate
2346,0.622416,0.102937,0.083793,0.614232,0.108213,0.165098,Bellevue_150th_Eastgate
2347,0.644559,0.101231,0.084633,0.601145,0.16997,0.138891,Bellevue_150th_Eastgate
2348,0.639332,0.105089,0.085113,0.634906,0.180636,0.137149,Bellevue_150th_Eastgate
2349,0.632511,0.101441,0.08465,0.675459,0.157487,0.1159,Bellevue_150th_Eastgate
2350,0.626631,0.106864,0.085482,0.635641,0.16196,0.102379,Bellevue_150th_Eastgate
2351,0.619107,0.10317,0.084092,0.62279,0.147792,0.135144,Bellevue_150th_Eastgate
2352,0.595535,0.10857,0.086138,0.634229,0.20865,0.115309,Bellevue_150th_Eastgate
2353,0.629286,0.108149,0.087204,0.705719,0.178006,0.075269,Bellevue_150th_Eastgate
2354,0.609004,0.10483,0.084402,0.659464,0.151419,0.044174,Bellevue_150th_Eastgate
2355,0.607641,0.108342,0.085621,0.635699,0.209199,0.066889,Bellevue_150th_Eastgate
2356,0.61059,0.108384,0.085669,0.485554,0.191541,0.068441,Bellevue_150th_Eastgate
2357,0.633476,0.105773,0.085104,0.58736,0.231426,0.084624,Bellevue_150th_Eastgate
2358,0.64338,0.102866,0.084406,0.565707,0.241941,0.106764,Bellevue_150th_Eastgate
2359,0.636725,0.107362,0.085891,0.57631,0.211462,0.051889,Bellevue_150th_Eastgate
2360,0.625338,0.105698,0.084801,0.623286,0.176567,0.042202,Bellevue_150th_Eastgate
2361,0.627166,0.108934,0.085931,0.707898,0.17744,0.088443,Bellevue_150th_Eastgate
2362,0.607483,0.104512,0.084204,0.56794,0.132692,0.03472,Bellevue_150th_Eastgate
2363,0.629811,0.106486,0.085497,0.748758,0.189195,0.047329,Bellevue_150th_Eastgate
2364,0.645081,0.096719,0.082992,0.571233,0.174407,0.032456,Bellevue_150th_Eastgate
2365,0.634989,0.113257,0.087445,0.554679,0.152494,0.104699,Bellevue_150th_Eastgate
2366,0.637085,0.106024,0.085469,0.608303,0.160079,0.082919,Bellevue_150th_Eastgate
2367,0.63444,0.102506,0.084435,0.597861,0.090571,0.175544,Bellevue_150th_Eastgate
2368,0.612854,0.109567,0.085849,0.650426,0.164166,0.100329,Bellevue_150th_Eastgate
2369,0.61942,0.111558,0.086448,0.583766,0.182608,0.074128,Bellevue_150th_Eastgate
2370,0.612445,0.103587,0.083512,0.568456,0.148209,0.014024,Bellevue_150th_Eastgate
2371,0.636178,0.100528,0.083926,0.726139,0.276424,0.03351,Bellevue_150th_Eastgate
2372,0.630376,0.095488,0.082116,0.587006,0.202567,0.038194,Bellevue_150th_Eastgate
2373,0.62868,0.10208,0.083647,0.513999,0.185857,0.060644,Bellevue_150th_Eastgate
2374,0.603994,0.10496,0.085315,0.475264,0.176037,0.062151,Bellevue_150th_Eastgate
2375,0.630936,0.106669,0.085571,0.623238,0.246135,0.108509,Bellevue_150th_Eastgate
2376,0.613469,0.103325,0.085461,0.574877,0.275027,0.083698,Bellevue_150th_Eastgate
2377,0.63286,0.106853,0.085729,0.54702,0.17375,0.082897,Bellevue_150th_Eastgate
2378,0.625175,0.109011,0.086216,0.787622,0.360038,0.093455,Bellevue_150th_Eastgate
2379,0.646913,0.095961,0.083636,0.564126,0.159597,0.0741,Bellevue_150th_Eastgate
2380,0.635563,0.100377,0.083548,0.582976,0.17729,0.032346,Bellevue_150th_Eastgate
2381,0.624914,0.099495,0.083223,0.585114,0.250327,0.052528,Bellevue_150th_Eastgate
2382,0.613224,0.110299,0.086139,0.594843,0.275398,0.08156,Bellevue_150th_Eastgate
2383,0.627529,0.110998,0.086477,0.612724,0.302035,0.058745,Bellevue_150th_Eastgate
2384,0.630634,0.113005,0.087191,0.652133,0.250483,0.103771,Bellevue_150th_Eastgate
2385,0.639279,0.110088,0.086838,0.646113,0.181302,0.094661,Bellevue_150th_Eastgate
2386,0.616655,0.108,0.085261,0.622882,0.123941,0.164788,Bellevue_150th_Eastgate
2387,0.634631,0.100882,0.083888,0.559093,0.163295,0.097749,Bellevue_150th_Eastgate
2388,0.625589,0.103368,0.084252,0.530318,0.162018,0.12865,Bellevue_150th_Eastgate
2389,0.625033,0.109375,0.086322,0.593165,0.168385,0.136126,Bellevue_150th_Eastgate
2390,0.635432,0.105612,0.085298,0.599582,0.148056,0.117554,Bellevue_150th_Eastgate
2391,0.635125,0.102786,0.084403,0.778493,0.276511,0.119021,Bellevue_150th_Eastgate
2392,0.635187,0.103458,0.084736,0.666957,0.306091,0.019446,Bellevue_150th_Eastgate
2393,0.638085,0.109418,0.087004,0.585811,0.206901,0.006073,Bellevue_150th_Eastgate
2394,0.623484,0.110018,0.08591,0.548537,0.130682,0.037039,Bellevue_150th_Eastgate
2395,0.645611,0.098872,0.083467,0.558915,0.104308,0.061909,Bellevue_150th_Eastgate
2396,0.641644,0.101116,0.083697,0.491284,0.091876,0.082324,Bellevue_150th_Eastgate
2397,0.633564,0.103758,0.084576,0.50455,0.116868,0.047903,Bellevue_150th_Eastgate
2398,0.613789,0.108188,0.085873,0.461678,0.157782,0.012814,Bellevue_150th_Eastgate
2399,0.638542,0.100772,0.083725,0.454976,0.130996,0.029225,Bellevue_150th_Eastgate
2400,0.626766,0.107147,0.085288,0.606929,0.247075,0.052169,Bellevue_150th_Eastgate
2401,0.628936,0.103249,0.084514,0.605541,0.222607,0.097761,Bellevue_150th_Eastgate
2402,0.615072,0.101077,0.082935,0.594229,0.226398,0.034057,Bellevue_150th_Eastgate
2403,0.638246,0.104377,0.085135,0.583423,0.224679,0.071697,Bellevue_150th_Eastgate
2404,0.616142,0.105969,0.085084,0.513411,0.161586,0.102963,Bellevue_150th_Eastgate
2405,0.624211,0.108479,0.085707,0.514969,0.184251,0.097459,Bellevue_150th_Eastgate
2406,0.603592,0.109812,0.086484,0.573251,0.230381,0.079073,Bellevue_150th_Eastgate
2407,0.630462,0.102943,0.084419,0.727492,0.238524,0.141027,Bellevue_150th_Eastgate
2408,0.652045,0.105343,0.086749,0.702066,0.258805,0.062454,Bellevue_150th_Eastgate
2409,0.631647,0.102288,0.084219,0.548805,0.128185,0.07469,Bellevue_150th_Eastgate
2410,0.626942,0.10809,0.085645,0.648601,0.19403,0.083237,Bellevue_150th_Eastgate
2411,0.635561,0.097835,0.082842,0.548449,0.16534,0.048469,Bellevue_150th_Eastgate
2412,0.626688,0.11292,0.087716,0.591762,0.189341,0.052263,Bellevue_150th_Eastgate
2413,0.645025,0.106696,0.085854,0.679548,0.226013,0.093117,Bellevue_150th_Eastgate
2414,0.652826,0.111411,0.088072,0.642816,0.194344,0.100821,Bellevue_150th_Eastgate
2415,0.637279,0.104538,0.084602,0.654414,0.18889,0.137749,Bellevue_150th_Eastgate
2416,0.631969,0.102047,0.084254,0.619857,0.19654,0.074631,Bellevue_150th_Eastgate
2417,0.615425,0.105324,0.084325,0.558505,0.150148,0.030909,Bellevue_150th_Eastgate
2418,0.633819,0.107112,0.086267,0.635916,0.173976,0.081767,Bellevue_150th_Eastgate
2419,0.624952,0.108566,0.085831,0.561979,0.146385,0.085923,Bellevue_150th_Eastgate
2420,0.630064,0.112407,0.087328,0.621078,0.182638,0.064357,Bellevue_150th_Eastgate
2421,0.660594,0.109267,0.08768,0.652424,0.191055,0.075182,Bellevue_150th_Eastgate
2422,0.652981,0.107807,0.086499,0.659813,0.214149,0.063741,Bellevue_150th_Eastgate
2423,0.62255,0.11895,0.088909,0.663047,0.29329,0.047267,Bellevue_150th_Eastgate
2424,0.609715,0.120502,0.089396,0.644781,0.262139,0.042642,Bellevue_150th_Eastgate
2425,0.616551,0.109934,0.085892,0.697523,0.18474,0.088397,Bellevue_150th_Eastgate
2426,0.646558,0.101835,0.085252,0.576112,0.209256,0.027723,Bellevue_150th_Eastgate
2427,0.622619,0.106382,0.085254,0.59453,0.16963,0.054848,Bellevue_150th_Eastgate
2428,0.63672,0.115322,0.088916,0.636686,0.148913,0.076989,Bellevue_150th_Eastgate
2429,0.634845,0.111621,0.087281,0.638076,0.186432,0.030913,Bellevue_150th_Eastgate
2430,0.628339,0.103551,0.084077,0.661471,0.179624,0.030311,Bellevue_150th_Eastgate
2431,0.626985,0.110972,0.086988,0.650071,0.198427,0.034963,Bellevue_150th_Eastgate
2432,0.624575,0.11736,0.088601,0.673497,0.161063,0.023035,Bellevue_150th_Eastgate
2433,0.611969,0.113766,0.087717,0.754239,0.14398,0.058326,Bellevue_150th_Eastgate
2434,0.622878,0.103802,0.084705,0.671339,0.196363,0.045717,Bellevue_150th_Eastgate
2435,0.618292,0.109227,0.085658,0.527556,0.156416,0.03868,Bellevue_150th_Eastgate
2436,0.618544,0.115206,0.087769,0.661754,0.208922,0.059926,Bellevue_150th_Eastgate
2437,0.63991,0.108381,0.08641,0.666575,0.267272,0.08514,Bellevue_150th_Eastgate
2438,0.636942,0.107917,0.086034,0.68454,0.202154,0.1,Bellevue_150th_Eastgate
2439,0.622275,0.109655,0.08604,0.591349,0.19792,0.070994,Bellevue_150th_Eastgate
2440,0.605741,0.110551,0.085714,0.551115,0.121209,0.078225,Bellevue_150th_Eastgate
2441,0.617682,0.110673,0.086142,0.725579,0.160873,0.147978,Bellevue_150th_Eastgate
2442,0.644511,0.099401,0.08397,0.616059,0.137012,0.119103,Bellevue_150th_Eastgate
2443,0.628612,0.106367,0.08491,0.688167,0.148361,0.090356,Bellevue_150th_Eastgate
2444,0.641208,0.109746,0.087366,0.723667,0.233911,0.059303,Bellevue_150th_Eastgate
2445,0.64372,0.120647,0.090286,0.770075,0.284962,0.071758,Bellevue_150th_Eastgate
2446,0.657512,0.112432,0.08832,0.680683,0.253703,0.066072,Bellevue_150th_Eastgate
2447,0.636978,0.117319,0.088852,0.615066,0.193689,0.096502,Bellevue_150th_Eastgate
2448,0.615959,0.11748,0.08812,0.627765,0.117289,0.106595,Bellevue_150th_Eastgate
2449,0.609679,0.105937,0.085301,0.656358,0.179821,0.043337,Bellevue_150th_Eastgate
2450,0.616568,0.103601,0.083959,0.56431,0.124762,0.023432,Bellevue_150th_Eastgate
2451,0.628539,0.106053,0.085071,0.595756,0.131517,0.014457,Bellevue_150th_Eastgate
2452,0.638151,0.109967,0.086757,0.579573,0.155795,0.013843,Bellevue_150th_Eastgate
2453,0.630869,0.109376,0.086113,0.592623,0.206645,0.002904,Bellevue_150th_Eastgate
2454,0.638079,0.103967,0.08488,0.614457,0.243365,0.013773,Bellevue_150th_Eastgate
2455,0.610489,0.122975,0.090049,0.607262,0.239487,0.03815,Bellevue_150th_Eastgate
2456,0.623352,0.104503,0.084467,0.612047,0.145893,0.055408,Bellevue_150th_Eastgate
2457,0.630512,0.107714,0.086011,0.790518,0.18463,0.167973,Bellevue_150th_Eastgate
2458,0.656148,0.107373,0.086514,0.712236,0.191941,0.122523,Bellevue_150th_Eastgate
2459,0.643499,0.110087,0.086918,0.660021,0.185928,0.103575,Bellevue_150th_Eastgate
2460,0.651406,0.105789,0.085818,0.678151,0.185115,0.146339,Bellevue_150th_Eastgate
2461,0.639585,0.103563,0.084797,0.60408,0.170936,0.143558,Bellevue_150th_Eastgate
2462,0.631498,0.10859,0.085949,0.518868,0.168892,0.059226,Bellevue_150th_Eastgate
2463,0.614533,0.117276,0.088424,0.560374,0.174411,0.059831,Bellevue_150th_Eastgate
2464,0.60602,0.118836,0.088701,0.603679,0.270369,0.046809,Bellevue_150th_Eastgate
2465,0.637137,0.105662,0.085506,0.540561,0.186275,0.031198,Bellevue_150th_Eastgate
2466,0.629773,0.116074,0.088196,0.788492,0.249412,0.065239,Bellevue_150th_Eastgate
2467,0.651999,0.105255,0.086198,0.641048,0.131729,0.112195,Bellevue_150th_Eastgate
2468,0.626856,0.116285,0.088328,0.742138,0.224426,0.10272,Bellevue_150th_Eastgate
2469,0.645988,0.110865,0.086967,0.656059,0.205084,0.062584,Bellevue_150th_Eastgate
2470,0.643367,0.111872,0.087042,0.65793,0.193707,0.06758,Bellevue_150th_Eastgate
2471,0.64644,0.110755,0.087277,0.680351,0.194876,0.048778,Bellevue_150th_Eastgate
2472,0.640971,0.113817,0.088422,0.637085,0.140673,0.071062,Bellevue_150th_Eastgate
2473,0.650961,0.110977,0.087331,0.637049,0.154366,0.042356,Bellevue_150th_Eastgate
2474,0.617276,0.109633,0.085438,0.633025,0.199022,0.024374,Bellevue_150th_Eastgate
2475,0.62582,0.108329,0.085978,0.640334,0.198673,0.065022,Bellevue_150th_Eastgate
2476,0.617253,0.111621,0.086324,0.5601,0.195071,0.054899,Bellevue_150th_Eastgate
2477,0.636596,0.11264,0.087033,0.588078,0.249439,0.092835,Bellevue_150th_Eastgate
2478,0.623299,0.113975,0.086936,0.646763,0.294119,0.106017,Bellevue_150th_Eastgate
2479,0.645179,0.11706,0.088964,0.674914,0.226371,0.101624,Bellevue_150th_Eastgate
2480,0.627338,0.111764,0.086668,0.650781,0.223964,0.045576,Bellevue_150th_Eastgate
2481,0.627052,0.107137,0.085213,0.564891,0.204337,0.017255,Bellevue_150th_Eastgate
2482,0.618253,0.121906,0.089628,0.543975,0.15735,0.020597,Bellevue_150th_Eastgate
2483,0.63011,0.11454,0.087505,0.673142,0.191203,0.035327,Bellevue_150th_Eastgate
2484,0.63303,0.101424,0.083902,0.571363,0.146205,0.041481,Bellevue_150th_Eastgate
2485,0.636352,0.110582,0.086686,0.692175,0.237491,0.024937,Bellevue_150th_Eastgate
2486,0.647319,0.105373,0.085334,0.666615,0.219795,0.033432,Bellevue_150th_Eastgate
2487,0.661961,0.113613,0.088804,0.718709,0.238538,0.010209,Bellevue_150th_Eastgate
2488,0.664071,0.113092,0.088576,0.73831,0.243915,0.012094,Bellevue_150th_Eastgate
2489,0.65095,0.106382,0.085898,0.661133,0.157429,0.044256,Bellevue_150th_Eastgate
2490,0.650728,0.108779,0.086903,0.566174,0.133793,0.03021,Bellevue_150th_Eastgate
2491,0.620793,0.113123,0.086557,0.658032,0.134188,0.065938,Bellevue_150th_Eastgate
2492,0.64847,0.101318,0.08428,0.524954,0.119198,0.085307,Bellevue_150th_Eastgate
2493,0.622414,0.105184,0.084867,0.708877,0.175902,0.141991,Bellevue_150th_Eastgate
2494,0.613503,0.10464,0.083916,0.584761,0.180752,0.074317,Bellevue_150th_Eastgate
2495,0.63673,0.106361,0.085578,0.612893,0.231763,0.057153,Bellevue_150th_Eastgate
2496,0.637041,0.104418,0.084724,0.690817,0.248841,0.10637,Bellevue_150th_Eastgate
2497,0.647509,0.103299,0.084887,0.713228,0.254231,0.07829,Bellevue_150th_Eastgate
2498,0.639264,0.111923,0.087249,0.713328,0.28544,0.045834,Bellevue_150th_Eastgate
2499,0.650487,0.1057,0.085892,0.6334,0.271796,0.027411,Bellevue_150th_Eastgate
2500,0.623346,0.115832,0.087955,0.638644,0.264864,0.021929,Bellevue_150th_Eastgate
2501,0.61249,0.103557,0.083453,0.52937,0.077556,0.023285,Bellevue_150th_Eastgate
2502,0.629023,0.10767,0.085357,0.650303,0.162435,0.055558,Bellevue_150th_Eastgate
2503,0.652518,0.10591,0.086365,0.598997,0.124685,0.098399,Bellevue_150th_Eastgate
2504,0.631858,0.108184,0.085571,0.565826,0.164538,0.056171,Bellevue_150th_Eastgate
2505,0.634492,0.112572,0.087109,0.608913,0.231018,0.054933,Bellevue_150th_Eastgate
2506,0.627629,0.123581,0.091003,0.661727,0.244413,0.048174,Bellevue_150th_Eastgate
2507,0.634877,0.111814,0.087254,0.68726,0.187745,0.066804,Bellevue_150th_Eastgate
2508,0.624824,0.123085,0.090186,0.650563,0.184688,0.052907,Bellevue_150th_Eastgate
2509,0.635661,0.10928,0.086362,0.516786,0.08884,0.033433,Bellevue_150th_Eastgate
2510,0.62593,0.114222,0.087062,0.669886,0.075585,0.073244,Bellevue_150th_Eastgate
2511,0.650697,0.107612,0.086116,0.595291,0.084756,0.061594,Bellevue_150th_Eastgate
2512,0.623414,0.11005,0.086217,0.651756,0.08548,0.099644,Bellevue_150th_Eastgate
2513,0.656797,0.105401,0.08579,0.706175,0.095597,0.130527,Bellevue_150th_Eastgate
2514,0.632393,0.102273,0.083729,0.661376,0.153983,0.105287,Bellevue_150th_Eastgate
2515,0.626473,0.111078,0.086536,0.659871,0.176321,0.046391,Bellevue_150th_Eastgate
2516,0.607645,0.107979,0.084739,0.567253,0.144714,0.016771,Bellevue_150th_Eastgate
2517,0.623057,0.115827,0.087633,0.550584,0.103959,0.022198,Bellevue_150th_Eastgate
2518,0.624611,0.112522,0.086462,0.590804,0.108903,0.037148,Bellevue_150th_Eastgate
2519,0.628358,0.108226,0.085522,0.663665,0.153138,0.052295,Bellevue_150th_Eastgate
2520,0.640196,0.10368,0.084664,0.545388,0.133591,0.035994,Bellevue_150th_Eastgate
2521,0.630827,0.108806,0.085424,0.54559,0.164438,0.029548,Bellevue_150th_Eastgate
2522,0.653894,0.109575,0.086718,0.437321,0.131105,0.012599,Bellevue_150th_Eastgate
2523,0.643016,0.109086,0.085932,0.565298,0.175315,0.02097,Bellevue_150th_Eastgate
2524,0.631749,0.108435,0.085283,0.609714,0.163077,0.092338,Bellevue_150th_Eastgate
2525,0.629197,0.106346,0.085139,0.524553,0.172492,0.093469,Bellevue_150th_Eastgate
2526,0.655756,0.109967,0.087054,0.535193,0.11492,0.094428,Bellevue_150th_Eastgate
2527,0.630489,0.113927,0.08719,0.798555,0.188713,0.208037,Bellevue_150th_Eastgate
2528,0.653378,0.102541,0.08513,0.580455,0.157608,0.086777,Bellevue_150th_Eastgate
2529,0.639116,0.1067,0.08507,0.536327,0.118312,0.07417,Bellevue_150th_Eastgate
2530,0.635476,0.109583,0.086062,0.552369,0.152815,0.091602,Bellevue_150th_Eastgate
2531,0.656697,0.108008,0.086399,0.568369,0.183142,0.084309,Bellevue_150th_Eastgate
2532,0.652032,0.108447,0.086322,0.68876,0.208498,0.072539,Bellevue_150th_Eastgate
2533,0.664065,0.107627,0.086992,0.650541,0.151277,0.050117,Bellevue_150th_Eastgate
2534,0.64316,0.102672,0.084475,0.623003,0.170979,0.061917,Bellevue_150th_Eastgate
2535,0.61113,0.106013,0.083893,0.726851,0.144062,0.056498,Bellevue_150th_Eastgate
2536,0.658157,0.10616,0.086588,0.79782,0.140691,0.092505,Bellevue_150th_Eastgate
2537,0.63396,0.108289,0.085383,0.638828,0.083407,0.087955,Bellevue_150th_Eastgate
2538,0.640481,0.104547,0.084409,0.633014,0.153442,0.066456,Bellevue_150th_Eastgate
2539,0.645373,0.106151,0.085079,0.601865,0.132437,0.089824,Bellevue_150th_Eastgate
2540,0.658233,0.107475,0.086318,0.633308,0.131949,0.060863,Bellevue_150th_Eastgate
2541,0.654689,0.101052,0.083659,0.670246,0.181054,0.060825,Bellevue_150th_Eastgate
2542,0.629964,0.103111,0.083485,0.660613,0.143174,0.037243,Bellevue_150th_Eastgate
2543,0.674082,0.118227,0.090274,0.600075,0.084042,0.022367,Bellevue_150th_Eastgate
2544,0.628451,0.107776,0.084985,0.541375,0.048515,0.024395,Bellevue_150th_Eastgate
2545,0.640777,0.107258,0.085366,0.632262,0.106733,0.025792,Bellevue_150th_Eastgate
2546,0.627836,0.106978,0.084924,0.600271,0.111355,0.034832,Bellevue_150th_Eastgate
2547,0.660026,0.110962,0.08759,0.614879,0.079574,0.058007,Bellevue_150th_Eastgate
2548,0.63501,0.107663,0.085136,0.54493,0.115259,0.027909,Bellevue_150th_Eastgate
2549,0.628986,0.105791,0.08452,0.55978,0.21001,0.022422,Bellevue_150th_Eastgate
2550,0.640454,0.113613,0.087575,0.527857,0.173383,0.041723,Bellevue_150th_Eastgate
2551,0.630831,0.115426,0.087586,0.563383,0.251544,0.03673,Bellevue_150th_Eastgate
2552,0.661858,0.111049,0.087199,0.533479,0.184152,0.037504,Bellevue_150th_Eastgate
2553,0.638486,0.11321,0.086818,0.637863,0.147178,0.099741,Bellevue_150th_Eastgate
2554,0.663278,0.109405,0.087218,0.722438,0.19216,0.050431,Bellevue_150th_Eastgate
2555,0.611813,0.11186,0.086286,0.662089,0.184278,0.028911,Bellevue_150th_Eastgate
2556,0.645011,0.110952,0.086736,0.668589,0.188708,0.065947,Bellevue_150th_Eastgate
2557,0.640447,0.113214,0.087006,0.713577,0.167385,0.116987,Bellevue_150th_Eastgate
2558,0.654575,0.111331,0.087399,0.709054,0.224132,0.073856,Bellevue_150th_Eastgate
2559,0.637961,0.110211,0.086127,0.796766,0.224203,0.16782,Bellevue_150th_Eastgate
2560,0.64243,0.109949,0.086289,0.768554,0.305099,0.112983,Bellevue_150th_Eastgate
2561,0.619122,0.107392,0.084539,0.613414,0.23469,0.020611,Bellevue_150th_Eastgate
2562,0.634396,0.107512,0.085183,0.765302,0.260426,0.097033,Bellevue_150th_Eastgate
2563,0.644509,0.108899,0.086195,0.722929,0.266419,0.084686,Bellevue_150th_Eastgate
2564,0.640415,0.106189,0.084734,0.689277,0.276166,0.068345,Bellevue_150th_Eastgate
2565,0.624934,0.109108,0.085533,0.741485,0.273836,0.114681,Bellevue_150th_Eastgate
2566,0.670854,0.11378,0.08889,0.850865,0.268899,0.138296,Bellevue_150th_Eastgate
2567,0.653031,0.102285,0.084448,0.799885,0.251705,0.094754,Bellevue_150th_Eastgate
2568,0.660318,0.106802,0.086504,0.648722,0.257914,0.101601,Bellevue_150th_Eastgate
2569,0.647419,0.108052,0.085913,0.510391,0.256918,0.053081,Bellevue_150th_Eastgate
2570,0.606775,0.107239,0.084324,0.472518,0.166736,0.025211,Bellevue_150th_Eastgate
2571,0.625753,0.107372,0.085231,0.695582,0.219144,0.080675,Bellevue_150th_Eastgate
2572,0.629017,0.099001,0.082364,0.524132,0.149426,0.036189,Bellevue_150th_Eastgate
2573,0.627419,0.109951,0.085504,0.520842,0.136168,0.074158,Bellevue_150th_Eastgate
2574,0.654455,0.112487,0.087281,0.530679,0.160662,0.05566,Bellevue_150th_Eastgate
2575,0.655377,0.109335,0.086233,0.526182,0.203658,0.048951,Bellevue_150th_Eastgate
2576,0.640085,0.110798,0.086646,0.653948,0.12461,0.102961,Bellevue_150th_Eastgate
2577,0.639083,0.104348,0.084435,0.590486,0.134854,0.126504,Bellevue_150th_Eastgate
2578,0.616025,0.104075,0.083411,0.468441,0.097112,0.057028,Bellevue_150th_Eastgate
2579,0.636567,0.107761,0.085488,0.690642,0.232995,0.06722,Bellevue_150th_Eastgate
2580,0.646903,0.102486,0.084141,0.625318,0.225313,0.028967,Bellevue_150th_Eastgate
2581,0.628277,0.104199,0.083991,0.422694,0.14708,0.034649,Bellevue_150th_Eastgate
2582,0.645478,0.112278,0.0872,0.370455,0.167327,0.043959,Bellevue_150th_Eastgate
2583,0.640141,0.10781,0.085452,0.42058,0.127129,0.068035,Bellevue_150th_Eastgate
2584,0.643808,0.108904,0.086023,0.551182,0.184726,0.067258,Bellevue_150th_Eastgate
2585,0.649555,0.112458,0.087495,0.51845,0.143164,0.084791,Bellevue_150th_Eastgate
2586,0.619151,0.112991,0.086791,0.515295,0.180293,0.063008,Bellevue_150th_Eastgate
2587,0.61959,0.106984,0.084478,0.592111,0.11747,0.081806,Bellevue_150th_Eastgate
2588,0.626138,0.107238,0.085114,0.699284,0.220211,0.065645,Bellevue_150th_Eastgate
2589,0.643348,0.100056,0.083455,0.714286,0.292864,0.048414,Bellevue_150th_Eastgate
2590,0.624645,0.114755,0.087735,0.748381,0.280837,0.063003,Bellevue_150th_Eastgate
2591,0.646575,0.103559,0.08468,0.735589,0.233715,0.108233,Bellevue_150th_Eastgate
2592,0.643266,0.103318,0.08413,0.751726,0.260904,0.059589,Bellevue_150th_Eastgate
2593,0.636064,0.104431,0.084545,0.743924,0.211591,0.059482,Bellevue_150th_Eastgate
2594,0.650433,0.103889,0.084907,0.687799,0.182977,0.084888,Bellevue_150th_Eastgate
2595,0.627996,0.112329,0.086631,0.646392,0.162421,0.065843,Bellevue_150th_Eastgate
2596,0.632155,0.107939,0.085316,0.744895,0.16245,0.067203,Bellevue_150th_Eastgate
2597,0.661465,0.104704,0.085776,0.755833,0.238522,0.07637,Bellevue_150th_Eastgate
2598,0.652791,0.104317,0.08487,0.676183,0.227441,0.029499,Bellevue_150th_Eastgate
2599,0.63998,0.106668,0.084929,0.560708,0.195397,0.071554,Bellevue_150th_Eastgate
2600,0.630767,0.114516,0.087308,0.560702,0.177204,0.109791,Bellevue_150th_Eastgate
2601,0.666482,0.114035,0.088715,0.63461,0.276778,0.082458,Bellevue_150th_Eastgate
2602,0.634119,0.113419,0.086893,0.692409,0.221987,0.129407,Bellevue_150th_Eastgate
2603,0.651644,0.104337,0.084682,0.650152,0.19533,0.105183,Bellevue_150th_Eastgate
2604,0.669163,0.116937,0.089664,0.625066,0.132148,0.109123,Bellevue_150th_Eastgate
2605,0.634823,0.109777,0.085383,0.608384,0.05869,0.063578,Bellevue_150th_Eastgate
2606,0.652442,0.120237,0.08966,0.785944,0.162364,0.038225,Bellevue_150th_Eastgate
2607,0.64834,0.102047,0.083592,0.710115,0.205802,0.018093,Bellevue_150th_Eastgate
2608,0.65459,0.104812,0.084608,0.632712,0.209897,0.021869,Bellevue_150th_Eastgate
2609,0.671025,0.118894,0.089867,0.612466,0.230835,0.035068,Bellevue_150th_Eastgate
2610,0.681301,0.121054,0.091292,0.662611,0.259828,0.047723,Bellevue_150th_Eastgate
2611,0.667455,0.115619,0.088749,0.66606,0.260113,0.085129,Bellevue_150th_Eastgate
2612,0.664267,0.11669,0.088798,0.6747,0.182592,0.143399,Bellevue_150th_Eastgate
2613,0.683917,0.120897,0.091468,0.587997,0.122534,0.10857,Bellevue_150th_Eastgate
2614,0.645217,0.113866,0.08709,0.691893,0.177288,0.155706,Bellevue_150th_Eastgate
2615,0.670731,0.111929,0.087934,0.582127,0.161883,0.037225,Bellevue_150th_Eastgate
2616,0.659046,0.114541,0.087799,0.63191,0.220525,0.029864,Bellevue_150th_Eastgate
2617,0.675042,0.112486,0.088043,0.507794,0.175636,0.030681,Bellevue_150th_Eastgate
2618,0.656733,0.11206,0.087224,0.568342,0.224006,0.0638,Bellevue_150th_Eastgate
2619,0.668812,0.117241,0.089676,0.602078,0.1516,0.067012,Bellevue_150th_Eastgate
2620,0.6741,0.116404,0.089645,0.538749,0.177519,0.047652,Bellevue_150th_Eastgate
2621,0.663084,0.113078,0.088128,0.501181,0.193644,0.042958,Bellevue_150th_Eastgate
2622,0.651951,0.118017,0.088532,0.750522,0.286805,0.062097,Bellevue_150th_Eastgate
2623,0.675657,0.115687,0.089382,0.685881,0.218838,0.079594,Bellevue_150th_Eastgate
2624,0.637652,0.108583,0.085113,0.487028,0.164964,0.04624,Bellevue_150th_Eastgate
2625,0.655502,0.113886,0.087732,0.535139,0.206145,0.085918,Bellevue_150th_Eastgate
2626,0.653242,0.11005,0.086351,0.627705,0.187817,0.1378,Bellevue_150th_Eastgate
2627,0.676394,0.118009,0.090256,0.697876,0.247696,0.133305,Bellevue_150th_Eastgate
2628,0.677941,0.121488,0.091115,0.682599,0.279387,0.105317,Bellevue_150th_Eastgate
2629,0.652304,0.108088,0.085723,0.607622,0.27869,0.088784,Bellevue_150th_Eastgate
2630,0.676852,0.122289,0.09143,0.534253,0.14913,0.096186,Bellevue_150th_Eastgate
2631,0.635257,0.117212,0.087927,0.572159,0.116259,0.080171,Bellevue_150th_Eastgate
2632,0.659947,0.11653,0.088624,0.593342,0.112249,0.081601,Bellevue_150th_Eastgate
2633,0.643781,0.116034,0.087574,0.466604,0.107988,0.055976,Bellevue_150th_Eastgate
2634,0.654375,0.126357,0.09129,0.472952,0.078613,0.080118,Bellevue_150th_Eastgate
2635,0.682932,0.122729,0.091562,0.508966,0.094618,0.067344,Bellevue_150th_Eastgate
2636,0.66866,0.115507,0.088777,0.621572,0.148818,0.042033,Bellevue_150th_Eastgate
2637,0.675158,0.116845,0.089687,0.64166,0.10399,0.088826,Bellevue_150th_Eastgate
2638,0.670434,0.116688,0.089306,0.58015,0.064673,0.127216,Bellevue_150th_Eastgate
2639,0.639786,0.109408,0.085245,0.590068,0.085411,0.090833,Bellevue_150th_Eastgate
2640,0.658554,0.118576,0.089271,0.779519,0.131746,0.18321,Bellevue_150th_Eastgate
2641,0.676757,0.112373,0.088522,0.605651,0.207776,0.089124,Bellevue_150th_Eastgate
2642,0.657745,0.114171,0.087851,0.545976,0.204925,0.089732,Bellevue_150th_Eastgate
2643,0.673581,0.117069,0.089316,0.549118,0.197968,0.055644,Bellevue_150th_Eastgate
2644,0.650208,0.117343,0.08831,0.546806,0.190177,0.071977,Bellevue_150th_Eastgate
2645,0.655532,0.116208,0.0885,0.668149,0.233311,0.075489,Bellevue_150th_Eastgate
2646,0.661991,0.114118,0.08829,0.652049,0.250285,0.057434,Bellevue_150th_Eastgate
2647,0.674582,0.125256,0.09242,0.636409,0.223949,0.131295,Bellevue_150th_Eastgate
2648,0.636805,0.111209,0.085961,0.556629,0.156365,0.094514,Bellevue_150th_Eastgate
2649,0.646403,0.116324,0.087874,0.664505,0.142443,0.118551,Bellevue_150th_Eastgate
2650,0.654129,0.10615,0.085229,0.701029,0.201004,0.087646,Bellevue_150th_Eastgate
2651,0.64619,0.110099,0.085924,0.603144,0.182943,0.049855,Bellevue_150th_Eastgate
2652,0.655429,0.11858,0.089017,0.629728,0.174208,0.045586,Bellevue_150th_Eastgate
2653,0.662038,0.115934,0.088333,0.597263,0.162013,0.072311,Bellevue_150th_Eastgate
2654,0.641317,0.113955,0.087376,0.56028,0.219785,0.063072,Bellevue_150th_Eastgate
2655,0.655278,0.113019,0.087549,0.531284,0.208304,0.081616,Bellevue_150th_Eastgate
2656,0.645221,0.106607,0.085085,0.716233,0.235006,0.061023,Bellevue_150th_Eastgate
2657,0.66866,0.118875,0.0894,0.78279,0.258466,0.069005,Bellevue_150th_Eastgate
2658,0.653727,0.107036,0.085421,0.585554,0.20692,0.044136,Bellevue_150th_Eastgate
2659,0.667287,0.123379,0.090672,0.617127,0.294986,0.067023,Bellevue_150th_Eastgate
2660,0.659481,0.117838,0.088817,0.618659,0.283237,0.08403,Bellevue_150th_Eastgate
2661,0.682679,0.123136,0.091543,0.609162,0.289896,0.05603,Bellevue_150th_Eastgate
2662,0.6963,0.129537,0.094117,0.657731,0.330845,0.087579,Bellevue_150th_Eastgate
2663,0.673748,0.118722,0.089667,0.55997,0.28755,0.068885,Bellevue_150th_Eastgate
2664,0.671136,0.119843,0.089895,0.57015,0.197382,0.085755,Bellevue_150th_Eastgate
2665,0.652687,0.124958,0.090466,0.550426,0.096635,0.060087,Bellevue_150th_Eastgate
2666,0.659481,0.126803,0.091362,0.700117,0.172124,0.0824,Bellevue_150th_Eastgate
2667,0.662736,0.119863,0.089201,0.699281,0.198508,0.064983,Bellevue_150th_Eastgate
2668,0.674308,0.117888,0.089388,0.746538,0.222069,0.077982,Bellevue_150th_Eastgate
2669,0.674331,0.116811,0.088844,0.738509,0.202425,0.076533,Bellevue_150th_Eastgate
2670,0.699057,0.136671,0.096049,0.734509,0.248139,0.095,Bellevue_150th_Eastgate
2671,0.677667,0.119593,0.089648,0.763029,0.200956,0.111171,Bellevue_150th_Eastgate
2672,0.704144,0.141197,0.097891,0.676876,0.181815,0.120984,Bellevue_150th_Eastgate
2673,0.691631,0.130807,0.093846,0.618524,0.158529,0.072991,Bellevue_150th_Eastgate
2674,0.654631,0.128544,0.0917,0.747636,0.146953,0.116162,Bellevue_150th_Eastgate
2675,0.665157,0.112926,0.087202,0.576516,0.196878,0.073244,Bellevue_150th_Eastgate
2676,0.663551,0.118728,0.089115,0.626521,0.213723,0.041515,Bellevue_150th_Eastgate
2677,0.686114,0.125261,0.092538,0.685167,0.254213,0.084881,Bellevue_150th_Eastgate
2678,0.693999,0.131037,0.094585,0.680923,0.294908,0.076829,Bellevue_150th_Eastgate
2679,0.681672,0.123066,0.091381,0.718057,0.263556,0.087527,Bellevue_150th_Eastgate
2680,0.6632,0.116692,0.088999,0.769953,0.201056,0.109787,Bellevue_150th_Eastgate
2681,0.689763,0.128881,0.093731,0.681217,0.132522,0.119532,Bellevue_150th_Eastgate
2682,0.651286,0.119817,0.088652,0.563974,0.067336,0.133586,Bellevue_150th_Eastgate
2683,0.679331,0.135494,0.095186,0.72563,0.23668,0.072536,Bellevue_150th_Eastgate
2684,0.681466,0.121332,0.090219,0.544142,0.150973,0.067229,Bellevue_150th_Eastgate
2685,0.666051,0.124483,0.090769,0.479744,0.215834,0.036858,Bellevue_150th_Eastgate
2686,0.678869,0.12709,0.092084,0.407977,0.164636,0.063399,Bellevue_150th_Eastgate
2687,0.687379,0.127221,0.092313,0.412329,0.153223,0.045983,Bellevue_150th_Eastgate
2688,0.694287,0.130869,0.094289,0.411534,0.16561,0.038172,Bellevue_150th_Eastgate
2689,0.673198,0.125395,0.092016,0.571965,0.310628,0.031349,Bellevue_150th_Eastgate
2690,0.665384,0.123493,0.091105,0.611249,0.285411,0.038672,Bellevue_150th_Eastgate
2691,0.667161,0.115494,0.088228,0.54787,0.152091,0.052824,Bellevue_150th_Eastgate
2692,0.662509,0.1317,0.092854,0.7011,0.227291,0.057426,Bellevue_150th_Eastgate
2693,0.697935,0.133067,0.09529,0.851093,0.339604,0.060926,Bellevue_150th_Eastgate
2694,0.683357,0.122493,0.090983,0.652023,0.274818,0.046017,Bellevue_150th_Eastgate
2695,0.668291,0.128863,0.092409,0.65528,0.233786,0.045108,Bellevue_150th_Eastgate
2696,0.669496,0.125801,0.091691,0.66784,0.270377,0.060499,Bellevue_150th_Eastgate
2697,0.663891,0.114094,0.087761,0.81902,0.380081,0.097013,Bellevue_150th_Eastgate
2698,0.686207,0.125416,0.092901,0.715881,0.225964,0.130342,Bellevue_150th_Eastgate
2699,0.663179,0.119549,0.089602,0.637486,0.133579,0.158465,Bellevue_150th_Eastgate
2700,0.646476,0.117186,0.088057,0.877921,0.245551,0.180601,Bellevue_150th_Eastgate
2701,0.691024,0.126838,0.093531,0.642008,0.179502,0.062932,Bellevue_150th_Eastgate
2702,0.6676,0.124249,0.090843,0.580082,0.168238,0.068287,Bellevue_150th_Eastgate
2703,0.679613,0.127782,0.092391,0.562013,0.152307,0.059747,Bellevue_150th_Eastgate
2704,0.678915,0.125488,0.091407,0.54334,0.130219,0.085101,Bellevue_150th_Eastgate
2705,0.704278,0.13938,0.097119,0.583062,0.192618,0.10598,Bellevue_150th_Eastgate
2706,0.680301,0.131603,0.093495,0.640943,0.265934,0.086197,Bellevue_150th_Eastgate
2707,0.676173,0.133739,0.094013,0.703805,0.259448,0.078036,Bellevue_150th_Eastgate
2708,0.702052,0.140392,0.097126,0.698994,0.198953,0.089632,Bellevue_150th_Eastgate
2709,0.672951,0.133641,0.093247,0.644844,0.160095,0.06826,Bellevue_150th_Eastgate
2710,0.69746,0.136232,0.095804,0.808158,0.228223,0.101578,Bellevue_150th_Eastgate
2711,0.70513,0.141919,0.097798,0.661637,0.206195,0.102429,Bellevue_150th_Eastgate
2712,0.684881,0.149612,0.099082,0.603685,0.195261,0.079371,Bellevue_150th_Eastgate
2713,0.684643,0.143367,0.097381,0.623565,0.270273,0.033962,Bellevue_150th_Eastgate
2714,0.695725,0.14097,0.096957,0.698472,0.359601,0.042511,Bellevue_150th_Eastgate
2715,0.683306,0.136392,0.095484,0.634124,0.221223,0.053697,Bellevue_150th_Eastgate
2716,0.691707,0.13593,0.095294,0.617857,0.221044,0.069792,Bellevue_150th_Eastgate
2717,0.691665,0.135147,0.095371,0.639516,0.196247,0.06074,Bellevue_150th_Eastgate
2718,0.703102,0.144323,0.098836,0.627271,0.152327,0.089955,Bellevue_150th_Eastgate
2719,0.697943,0.13847,0.0964,0.568023,0.110436,0.031947,Bellevue_150th_Eastgate
2720,0.654097,0.140696,0.095243,0.632171,0.142327,0.082995,Bellevue_150th_Eastgate
2721,0.700316,0.140647,0.097681,0.507518,0.188978,0.040718,Bellevue_150th_Eastgate
2722,0.668095,0.133144,0.093044,0.590045,0.237368,0.035311,Bellevue_150th_Eastgate
2723,0.659946,0.123259,0.090225,0.521123,0.222753,0.047702,Bellevue_150th_Eastgate
2724,0.671442,0.121237,0.089957,0.573308,0.194469,0.111734,Bellevue_150th_Eastgate
2725,0.669445,0.130708,0.092849,0.64601,0.265592,0.113126,Bellevue_150th_Eastgate
2726,0.694651,0.13734,0.096022,0.619655,0.152378,0.041993,Bellevue_150th_Eastgate
2727,0.659542,0.127205,0.091508,0.6305,0.095361,0.051167,Bellevue_150th_Eastgate
2728,0.67057,0.135777,0.093865,0.625627,0.039761,0.077754,Bellevue_150th_Eastgate
2729,0.700662,0.141648,0.097349,0.796119,0.168006,0.058934,Bellevue_150th_Eastgate
2730,0.699076,0.139192,0.096522,0.619387,0.164262,0.097712,Bellevue_150th_Eastgate
2731,0.684608,0.138958,0.095432,0.543823,0.165907,0.061879,Bellevue_150th_Eastgate
2732,0.689942,0.132892,0.094116,0.514533,0.177347,0.031357,Bellevue_150th_Eastgate
2733,0.684,0.125213,0.091923,0.548008,0.193162,0.055397,Bellevue_150th_Eastgate
2734,0.669824,0.120637,0.089725,0.607222,0.161354,0.133821,Bellevue_150th_Eastgate
2735,0.685169,0.126711,0.092049,0.580147,0.152764,0.146479,Bellevue_150th_Eastgate
2736,0.682734,0.127974,0.092594,0.551301,0.147488,0.12254,Bellevue_150th_Eastgate
2737,0.657854,0.133274,0.092786,0.580413,0.12515,0.108421,Bellevue_150th_Eastgate
2738,0.692856,0.140064,0.096645,0.585274,0.150162,0.114924,Bellevue_150th_Eastgate
2739,0.700461,0.145664,0.098618,0.606195,0.177198,0.143856,Bellevue_150th_Eastgate
2740,0.69296,0.139309,0.096167,0.533664,0.18268,0.104295,Bellevue_150th_Eastgate
2741,0.69468,0.139211,0.096361,0.625995,0.212384,0.094882,Bellevue_150th_Eastgate
2742,0.700443,0.143322,0.097782,0.703993,0.263076,0.169247,Bellevue_150th_Eastgate
2743,0.71066,0.151198,0.101139,0.682452,0.2184,0.15464,Bellevue_150th_Eastgate
2744,0.70401,0.1449,0.098423,0.608432,0.180372,0.077942,Bellevue_150th_Eastgate
2745,0.662453,0.137428,0.095137,0.571153,0.103979,0.05532,Bellevue_150th_Eastgate
2746,0.649655,0.153611,0.100727,0.695572,0.186928,0.073927,Bellevue_150th_Eastgate
2747,0.710449,0.152919,0.10162,0.667781,0.250334,0.049741,Bellevue_150th_Eastgate
2748,0.716263,0.155546,0.102738,0.737456,0.274851,0.043752,Bellevue_150th_Eastgate
2749,0.695437,0.136488,0.0954,0.582105,0.236276,0.053075,Bellevue_150th_Eastgate
2750,0.686531,0.14476,0.097922,0.695875,0.288169,0.06616,Bellevue_150th_Eastgate
2751,0.680191,0.132607,0.093688,0.747002,0.23807,0.056593,Bellevue_150th_Eastgate
2752,0.703856,0.14919,0.099929,0.729852,0.267055,0.090717,Bellevue_150th_Eastgate
2753,0.683593,0.137915,0.09526,0.750693,0.229067,0.100611,Bellevue_150th_Eastgate
2754,0.66524,0.130342,0.092099,0.638296,0.102944,0.074824,Bellevue_150th_Eastgate
2755,0.662174,0.140456,0.095318,0.754288,0.15149,0.093323,Bellevue_150th_Eastgate
2756,0.706536,0.147725,0.099689,0.581204,0.152083,0.066987,Bellevue_150th_Eastgate
2757,0.678056,0.142925,0.096478,0.508151,0.140981,0.052788,Bellevue_150th_Eastgate
2758,0.696207,0.144111,0.097912,0.564159,0.171391,0.066426,Bellevue_150th_Eastgate
2759,0.705665,0.14635,0.099183,0.66685,0.233853,0.075747,Bellevue_150th_Eastgate
2760,0.691893,0.13576,0.094851,0.694844,0.238754,0.095571,Bellevue_150th_Eastgate
2761,0.709211,0.146819,0.099767,0.623959,0.231703,0.087107,Bellevue_150th_Eastgate
2762,0.694943,0.135956,0.095255,0.559858,0.217113,0.085854,Bellevue_150th_Eastgate
2763,0.670079,0.139245,0.094749,0.63793,0.185427,0.101092,Bellevue_150th_Eastgate
2764,0.697738,0.145285,0.098463,0.735432,0.184639,0.107705,Bellevue_150th_Eastgate
2765,0.69534,0.136119,0.095272,0.745077,0.200808,0.072262,Bellevue_150th_Eastgate
2766,0.681944,0.142204,0.096393,0.691387,0.209544,0.076833,Bellevue_150th_Eastgate
2767,0.698135,0.148136,0.099126,0.65966,0.184399,0.109289,Bellevue_150th_Eastgate
2768,0.702873,0.148006,0.099107,0.624762,0.167338,0.089985,Bellevue_150th_Eastgate
2769,0.686316,0.154794,0.100657,0.681248,0.151261,0.132477,Bellevue_150th_Eastgate
2770,0.691538,0.151044,0.099513,0.64491,0.155867,0.176599,Bellevue_150th_Eastgate
2771,0.704638,0.149853,0.100209,0.607946,0.125765,0.140311,Bellevue_150th_Eastgate
2772,0.675534,0.139102,0.095022,0.669875,0.093569,0.125793,Bellevue_150th_Eastgate
2773,0.682041,0.135304,0.094717,0.77093,0.223488,0.115624,Bellevue_150th_Eastgate
2774,0.705059,0.147345,0.099128,0.637701,0.248821,0.086354,Bellevue_150th_Eastgate
2775,0.680643,0.140889,0.096224,0.654295,0.23202,0.094327,Bellevue_150th_Eastgate
2776,0.706939,0.155204,0.101827,0.721479,0.209744,0.111538,Bellevue_150th_Eastgate
2777,0.68944,0.140319,0.096162,0.739063,0.232684,0.118433,Bellevue_150th_Eastgate
2778,0.7093,0.151293,0.100935,0.63824,0.200595,0.082548,Bellevue_150th_Eastgate
2779,0.703123,0.14787,0.099337,0.679967,0.164358,0.081354,Bellevue_150th_Eastgate
2780,0.704744,0.147225,0.099565,0.632329,0.114338,0.125712,Bellevue_150th_Eastgate
2781,0.666315,0.138546,0.094874,0.761463,0.183936,0.130549,Bellevue_150th_Eastgate
2782,0.70346,0.146881,0.099346,0.590311,0.155572,0.085338,Bellevue_150th_Eastgate
2783,0.700084,0.155017,0.101329,0.640556,0.170122,0.104738,Bellevue_150th_Eastgate
2784,0.705072,0.147244,0.099209,0.660208,0.209556,0.043111,Bellevue_150th_Eastgate
2785,0.708934,0.154363,0.101492,0.723783,0.243999,0.052715,Bellevue_150th_Eastgate
2786,0.701123,0.145756,0.098269,0.775578,0.285279,0.08908,Bellevue_150th_Eastgate
2787,0.701598,0.14285,0.098014,0.658515,0.179846,0.121561,Bellevue_150th_Eastgate
2788,0.674736,0.134433,0.093787,0.586811,0.141408,0.103451,Bellevue_150th_Eastgate
2789,0.669263,0.135627,0.093941,0.724051,0.197654,0.14076,Bellevue_150th_Eastgate
2790,0.71581,0.155919,0.102982,0.756073,0.23468,0.13571,Bellevue_150th_Eastgate
2791,0.71009,0.151962,0.101055,0.718394,0.176723,0.11057,Bellevue_150th_Eastgate
2792,0.707011,0.152458,0.100979,0.61369,0.168585,0.074071,Bellevue_150th_Eastgate
2793,0.710578,0.159303,0.10333,0.665161,0.160816,0.101544,Bellevue_150th_Eastgate
2794,0.712266,0.162358,0.104593,0.650822,0.196353,0.059801,Bellevue_150th_Eastgate
2795,0.689242,0.150028,0.099178,0.653604,0.215097,0.033409,Bellevue_150th_Eastgate
2796,0.69107,0.139073,0.095847,0.64242,0.199596,0.081758,Bellevue_150th_Eastgate
2797,0.700192,0.142771,0.097921,0.668642,0.111888,0.127879,Bellevue_150th_Eastgate
2798,0.716048,0.158963,0.104223,0.803651,0.16085,0.136388,Bellevue_150th_Eastgate
2799,0.720268,0.164434,0.106487,0.681184,0.184158,0.063758,Bellevue_150th_Eastgate
2800,0.700324,0.145329,0.098204,0.566867,0.193472,0.039252,Bellevue_150th_Eastgate
2801,0.68335,0.14611,0.097948,0.59622,0.147361,0.052014,Bellevue_150th_Eastgate
2802,0.703913,0.146731,0.099058,0.630764,0.214863,0.020513,Bellevue_150th_Eastgate
2803,0.705207,0.152972,0.100836,0.617548,0.155283,0.05762,Bellevue_150th_Eastgate
2804,0.70848,0.154948,0.101829,0.627465,0.147368,0.127271,Bellevue_150th_Eastgate
2805,0.702478,0.145705,0.098572,0.612495,0.14439,0.124832,Bellevue_150th_Eastgate
2806,0.682313,0.14046,0.095587,0.68674,0.088976,0.170627,Bellevue_150th_Eastgate
2807,0.709538,0.150585,0.100466,0.70313,0.08498,0.1523,Bellevue_150th_Eastgate
2808,0.697069,0.149291,0.099325,0.586953,0.135538,0.063683,Bellevue_150th_Eastgate
2809,0.707155,0.151332,0.100593,0.594212,0.163987,0.106653,Bellevue_150th_Eastgate
2810,0.695,0.140982,0.09657,0.568394,0.203849,0.083906,Bellevue_150th_Eastgate
2811,0.698883,0.152354,0.100508,0.512414,0.125864,0.096011,Bellevue_150th_Eastgate
2812,0.661742,0.128248,0.091521,0.611894,0.167154,0.10332,Bellevue_150th_Eastgate
2813,0.702085,0.149665,0.100069,0.582759,0.180534,0.09401,Bellevue_150th_Eastgate
2814,0.714941,0.153256,0.102108,0.583232,0.168977,0.094166,Bellevue_150th_Eastgate
2815,0.688223,0.144647,0.097444,0.775188,0.210166,0.092501,Bellevue_150th_Eastgate
2816,0.717795,0.158335,0.103594,0.76012,0.231822,0.070165,Bellevue_150th_Eastgate
2817,0.709835,0.154463,0.101951,0.708466,0.243831,0.033885,Bellevue_150th_Eastgate
2818,0.720149,0.165342,0.106079,0.689278,0.274293,0.041815,Bellevue_150th_Eastgate
2819,0.700928,0.148627,0.099205,0.74463,0.194935,0.052833,Bellevue_150th_Eastgate
2820,0.714408,0.160137,0.104556,0.803042,0.241811,0.059218,Bellevue_150th_Eastgate
2821,0.711246,0.165052,0.105415,0.840881,0.268916,0.098225,Bellevue_150th_Eastgate
2822,0.694727,0.138788,0.096107,0.838234,0.185606,0.123385,Bellevue_150th_Eastgate
2823,0.70622,0.149884,0.100563,0.598861,0.09338,0.095685,Bellevue_150th_Eastgate
2824,0.680441,0.149424,0.099137,0.737797,0.144034,0.144764,Bellevue_150th_Eastgate
2825,0.707209,0.152677,0.101278,0.63927,0.160897,0.047142,Bellevue_150th_Eastgate
2826,0.711669,0.154856,0.102103,0.655802,0.179621,0.036935,Bellevue_150th_Eastgate
2827,0.718924,0.162307,0.105273,0.601246,0.154679,0.078644,Bellevue_150th_Eastgate
2828,0.717529,0.160481,0.104375,0.645568,0.139075,0.072865,Bellevue_150th_Eastgate
2829,0.716968,0.160997,0.104689,0.640471,0.118514,0.064041,Bellevue_150th_Eastgate
2830,0.726811,0.177349,0.111146,0.615964,0.090737,0.057141,Bellevue_150th_Eastgate
2831,0.708993,0.157717,0.102779,0.58937,0.161372,0.03355,Bellevue_150th_Eastgate
2832,0.703093,0.154322,0.101314,0.58667,0.09208,0.066997,Bellevue_150th_Eastgate
2833,0.681808,0.145397,0.097533,0.730441,0.152069,0.048592,Bellevue_150th_Eastgate
2834,0.723385,0.167839,0.107178,0.761089,0.208398,0.028676,Bellevue_150th_Eastgate
2835,0.684628,0.144225,0.096981,0.615873,0.214592,0.022872,Bellevue_150th_Eastgate
2836,0.718652,0.16821,0.106864,0.66843,0.225883,0.042644,Bellevue_150th_Eastgate
2837,0.724465,0.173196,0.109104,0.617504,0.205292,0.03478,Bellevue_150th_Eastgate
2838,0.692596,0.144855,0.097743,0.549194,0.161427,0.03267,Bellevue_150th_Eastgate
2839,0.714198,0.163642,0.105201,0.55146,0.150767,0.043414,Bellevue_150th_Eastgate
2840,0.695258,0.143793,0.097537,0.57512,0.168433,0.053066,Bellevue_150th_Eastgate
2841,0.683957,0.145507,0.097182,0.577422,0.11359,0.076415,Bellevue_150th_Eastgate
2842,0.669597,0.140442,0.095564,0.744239,0.108588,0.113417,Bellevue_150th_Eastgate
2843,0.709838,0.158755,0.103829,0.720749,0.196795,0.069765,Bellevue_150th_Eastgate
2844,0.692629,0.141012,0.096544,0.729832,0.207824,0.041561,Bellevue_150th_Eastgate
2845,0.702869,0.148617,0.099364,0.741576,0.238533,0.087415,Bellevue_150th_Eastgate
2846,0.677619,0.147088,0.098127,0.826857,0.271361,0.095691,Bellevue_150th_Eastgate
2847,0.666847,0.137757,0.095356,0.786863,0.279577,0.094572,Bellevue_150th_Eastgate
2848,0.681307,0.149792,0.099048,0.754412,0.219974,0.119344,Bellevue_150th_Eastgate
2849,0.705191,0.155489,0.101901,0.632856,0.199563,0.052789,Bellevue_150th_Eastgate
2850,0.664711,0.168129,0.106051,0.68062,0.189701,0.055423,Bellevue_150th_Eastgate
2851,0.703139,0.156712,0.101929,0.827961,0.283298,0.099373,Bellevue_150th_Eastgate
2852,0.716809,0.160854,0.104151,0.697978,0.269016,0.073902,Bellevue_150th_Eastgate
2853,0.711691,0.161796,0.104146,0.652984,0.247777,0.068352,Bellevue_150th_Eastgate
2854,0.694806,0.1523,0.100127,0.739722,0.230486,0.115123,Bellevue_150th_Eastgate
2855,0.710884,0.15591,0.102393,0.695432,0.201546,0.082206,Bellevue_150th_Eastgate
2856,0.71486,0.162222,0.104831,0.706257,0.203411,0.082649,Bellevue_150th_Eastgate
2857,0.688899,0.144913,0.097519,0.662372,0.218598,0.071175,Bellevue_150th_Eastgate
2858,0.683737,0.142765,0.096924,0.650064,0.109505,0.048523,Bellevue_150th_Eastgate
2859,0.673974,0.144631,0.096819,0.764262,0.095629,0.11148,Bellevue_150th_Eastgate
2860,0.718027,0.161191,0.104877,0.822398,0.22167,0.103897,Bellevue_150th_Eastgate
2861,0.715542,0.161886,0.104737,0.678776,0.187992,0.065785,Bellevue_150th_Eastgate
2862,0.696841,0.148834,0.0991,0.635635,0.194435,0.068707,Bellevue_150th_Eastgate
2863,0.694554,0.161041,0.103321,0.777415,0.347868,0.052006,Bellevue_150th_Eastgate
2864,0.701166,0.144086,0.098092,0.816016,0.324513,0.078087,Bellevue_150th_Eastgate
2865,0.718612,0.164807,0.105651,0.699523,0.262978,0.056542,Bellevue_150th_Eastgate
2866,0.709482,0.164035,0.104643,0.607302,0.212145,0.05817,Bellevue_150th_Eastgate
2867,0.684966,0.147236,0.097768,0.627285,0.17223,0.040648,Bellevue_150th_Eastgate
2868,0.708696,0.16242,0.104423,0.807657,0.289432,0.027443,Bellevue_150th_Eastgate
2869,0.724447,0.177411,0.110718,0.659492,0.241746,0.0615,Bellevue_150th_Eastgate
2870,0.701416,0.161737,0.103452,0.742918,0.288776,0.067316,Bellevue_150th_Eastgate
2871,0.71515,0.172806,0.108054,0.668185,0.210748,0.08725,Bellevue_150th_Eastgate
2872,0.723506,0.177496,0.11049,0.724051,0.274249,0.092782,Bellevue_150th_Eastgate
2873,0.707736,0.163744,0.10456,0.852584,0.289195,0.129293,Bellevue_150th_Eastgate
2874,0.719588,0.17542,0.109327,0.823564,0.276299,0.150471,Bellevue_150th_Eastgate
2875,0.728175,0.178191,0.110951,0.654116,0.186507,0.10765,Bellevue_150th_Eastgate
2876,0.6811,0.146135,0.097481,0.728322,0.235043,0.122218,Bellevue_150th_Eastgate
2877,0.730237,0.181557,0.112742,0.633991,0.230646,0.097827,Bellevue_150th_Eastgate
2878,0.700942,0.158075,0.10244,0.656076,0.277146,0.081313,Bellevue_150th_Eastgate
2879,0.728462,0.184534,0.1134,0.727718,0.287278,0.090822,Bellevue_150th_Eastgate
2880,0.720926,0.178692,0.111242,0.598167,0.237511,0.101823,Bellevue_150th_Eastgate
2881,0.71098,0.16903,0.106631,0.543516,0.183047,0.104013,Bellevue_150th_Eastgate
2882,0.724453,0.18086,0.111812,0.561793,0.141727,0.157763,Bellevue_150th_Eastgate
2883,0.732487,0.192887,0.116885,0.626554,0.160515,0.18404,Bellevue_150th_Eastgate
2884,0.697772,0.1655,0.104957,0.620731,0.145065,0.139255,Bellevue_150th_Eastgate
2885,0.693576,0.153172,0.100556,0.643756,0.155474,0.136452,Bellevue_150th_Eastgate
2886,0.721309,0.176921,0.11016,0.633712,0.184843,0.07471,Bellevue_150th_Eastgate
2887,0.705155,0.163585,0.104649,0.717876,0.287878,0.05544,Bellevue_150th_Eastgate
2888,0.726261,0.182605,0.112629,0.683256,0.257047,0.043456,Bellevue_150th_Eastgate
2889,0.71616,0.169416,0.107087,0.746899,0.274505,0.078383,Bellevue_150th_Eastgate
2890,0.706552,0.161536,0.103732,0.791797,0.269576,0.031135,Bellevue_150th_Eastgate
2891,0.72661,0.184851,0.113841,0.72269,0.22337,0.054403,Bellevue_150th_Eastgate
2892,0.718854,0.169611,0.107257,0.559846,0.138306,0.077612,Bellevue_150th_Eastgate
2893,0.684748,0.148881,0.098706,0.757219,0.260556,0.079654,Bellevue_150th_Eastgate
2894,0.728198,0.178398,0.111448,0.72437,0.214876,0.102121,Bellevue_150th_Eastgate
2895,0.723005,0.178492,0.111208,0.697226,0.235282,0.106527,Bellevue_150th_Eastgate
2896,0.729275,0.181996,0.112701,0.676385,0.212823,0.087039,Bellevue_150th_Eastgate
2897,0.72862,0.180238,0.111958,0.681112,0.257103,0.061765,Bellevue_150th_Eastgate
2898,0.731418,0.187889,0.115107,0.690219,0.208197,0.059888,Bellevue_150th_Eastgate
2899,0.716662,0.165857,0.105704,0.713287,0.181946,0.068071,Bellevue_150th_Eastgate
2900,0.721548,0.178477,0.110906,0.67506,0.176734,0.072566,Bellevue_150th_Eastgate
2901,0.713924,0.170594,0.10775,0.575467,0.097471,0.093047,Bellevue_150th_Eastgate
2902,0.716829,0.167229,0.106559,0.595779,0.101046,0.108688,Bellevue_150th_Eastgate
2903,0.713812,0.17366,0.108879,0.624165,0.25508,0.039293,Bellevue_150th_Eastgate
2904,0.727822,0.194275,0.117429,0.6411,0.23721,0.036401,Bellevue_150th_Eastgate
2905,0.72393,0.181794,0.112389,0.607044,0.241611,0.017039,Bellevue_150th_Eastgate
2906,0.724213,0.179891,0.111602,0.625783,0.181323,0.036549,Bellevue_150th_Eastgate
2907,0.730523,0.186818,0.114582,0.632326,0.238806,0.062418,Bellevue_150th_Eastgate
2908,0.723051,0.185227,0.113636,0.565728,0.113097,0.035754,Bellevue_150th_Eastgate
2909,0.715334,0.17889,0.110716,0.552684,0.0992,0.037934,Bellevue_150th_Eastgate
2910,0.686334,0.153176,0.100132,0.588117,0.064364,0.124203,Bellevue_150th_Eastgate
2911,0.720687,0.184966,0.113972,0.801283,0.184046,0.100213,Bellevue_150th_Eastgate
2912,0.722143,0.179877,0.111658,0.632169,0.206694,0.118089,Bellevue_150th_Eastgate
2913,0.712279,0.174055,0.109126,0.541511,0.188378,0.048269,Bellevue_150th_Eastgate
2914,0.727213,0.187266,0.114821,0.606505,0.283803,0.090249,Bellevue_150th_Eastgate
2915,0.726056,0.212072,0.123364,0.738144,0.299439,0.164871,Bellevue_150th_Eastgate
2916,0.733752,0.204093,0.121006,0.688876,0.286465,0.092262,Bellevue_150th_Eastgate
2917,0.720636,0.185441,0.113652,0.615662,0.262108,0.135314,Bellevue_150th_Eastgate
2918,0.718287,0.180823,0.11167,0.594359,0.170965,0.163038,Bellevue_150th_Eastgate
2919,0.694632,0.200713,0.118423,0.647064,0.121216,0.220405,Bellevue_150th_Eastgate
2920,0.731787,0.199421,0.119832,0.798551,0.22736,0.148632,Bellevue_150th_Eastgate
2921,0.731023,0.189503,0.116087,0.890241,0.252593,0.151066,Bellevue_150th_Eastgate
2922,0.732838,0.188493,0.115853,0.858386,0.280571,0.13051,Bellevue_150th_Eastgate
2923,0.722127,0.183401,0.113218,0.74749,0.245337,0.165032,Bellevue_150th_Eastgate
2924,0.737594,0.244923,0.129136,0.735247,0.27972,0.129054,Bellevue_150th_Eastgate
2925,0.730585,0.238776,0.127902,0.740457,0.308232,0.132976,Bellevue_150th_Eastgate
2926,0.722861,0.237612,0.126943,0.755929,0.322892,0.160218,Bellevue_150th_Eastgate
2927,0.742584,0.245132,0.129686,0.710128,0.263327,0.142424,Bellevue_150th_Eastgate
2928,0.705055,0.220436,0.123485,0.853037,0.258013,0.156777,Bellevue_150th_Eastgate
2929,0.742133,0.237234,0.12903,0.756803,0.178545,0.106988,Bellevue_150th_Eastgate
2930,0.744157,0.245592,0.129907,0.790801,0.254219,0.076648,Bellevue_150th_Eastgate
2931,0.727884,0.222384,0.125782,0.798462,0.290711,0.142163,Bellevue_150th_Eastgate
2932,0.722377,0.237472,0.126882,0.818031,0.314396,0.101784,Bellevue_150th_Eastgate
2933,0.74311,0.249412,0.130066,0.754031,0.222595,0.112951,Bellevue_150th_Eastgate
2934,0.746231,0.250217,0.130473,0.743428,0.264502,0.094937,Bellevue_150th_Eastgate
2935,0.74131,0.247337,0.129706,0.731946,0.272343,0.093174,Bellevue_150th_Eastgate
2936,0.733995,0.243484,0.128631,0.553557,0.119495,0.099874,Bellevue_150th_Eastgate
2937,0.725915,0.235752,0.127129,0.746278,0.206605,0.088585,Bellevue_150th_Eastgate
2938,0.746996,0.252217,0.130709,0.773079,0.24027,0.156883,Bellevue_150th_Eastgate
2939,0.741139,0.242421,0.129332,0.70966,0.273544,0.090656,Bellevue_150th_Eastgate
2940,0.729535,0.237745,0.127702,0.804859,0.349727,0.093854,Bellevue_150th_Eastgate
2941,0.746865,0.253038,0.13075,0.773387,0.327365,0.174471,Bellevue_150th_Eastgate
2942,0.745019,0.252494,0.130494,0.748021,0.269808,0.243553,Bellevue_150th_Eastgate
2943,0.05066,-0.004325,0.004787,0.033333,0.0,0.0,Bellevue_150th_Newport
2944,0.180762,0.062449,0.033316,0.283333,0.133333,0.033333,Bellevue_150th_Newport
2945,0.288144,0.102237,0.052615,0.033333,0.0,0.0,Bellevue_150th_Newport
2946,0.068068,0.000338,0.005384,0.0,0.0,0.0,Bellevue_150th_Newport
2947,0.050744,-0.004074,0.004924,0.0,0.0,0.066667,Bellevue_150th_Newport
2948,0.052562,-0.001993,0.005487,0.033333,0.0,0.066667,Bellevue_150th_Newport
2949,0.051163,-0.003424,0.005124,0.0,0.0,0.0,Bellevue_150th_Newport
2950,0.052528,-0.002222,0.005488,0.0,0.0,0.0,Bellevue_150th_Newport
2951,0.158017,0.049049,0.026746,0.233333,0.15,0.0,Bellevue_150th_Newport
2952,0.171923,0.063083,0.030769,0.033333,0.033333,0.0,Bellevue_150th_Newport
2953,0.110176,0.019969,0.013756,0.0,0.0,0.0,Bellevue_150th_Newport
2954,0.051521,-0.003755,0.004974,0.0,0.0,0.033333,Bellevue_150th_Newport
2955,0.050349,-0.004416,0.004855,0.0,0.0,0.0,Bellevue_150th_Newport
2956,0.05124,-0.003448,0.005045,0.0,0.0,0.066667,Bellevue_150th_Newport
2957,0.051589,-0.003406,0.005107,0.0,0.0,0.033333,Bellevue_150th_Newport
2958,0.053225,-0.001484,0.005818,0.2,0.033333,0.083333,Bellevue_150th_Newport
2959,0.505027,0.17909,0.098503,0.65,0.2,0.233333,Bellevue_150th_Newport
2960,0.303103,0.098669,0.054585,0.166667,0.166667,0.033333,Bellevue_150th_Newport
2961,0.057605,-0.001604,0.005602,0.2,0.1,0.033333,Bellevue_150th_Newport
2962,0.319277,0.115171,0.059818,0.833333,0.65,0.016667,Bellevue_150th_Newport
2963,0.342647,0.123669,0.065199,0.438889,0.238889,0.116667,Bellevue_150th_Newport
2964,0.270178,0.097634,0.048514,0.116667,0.033333,0.0,Bellevue_150th_Newport
2965,0.053709,-0.002857,0.005126,0.0,0.0,0.0,Bellevue_150th_Newport
2966,0.163715,0.066721,0.031509,0.1,0.033333,0.033333,Bellevue_150th_Newport
2967,0.054217,-0.000204,0.006065,0.0,0.0,0.0,Bellevue_150th_Newport
2968,0.050263,-0.004524,0.004624,0.0,0.0,0.0,Bellevue_150th_Newport
2969,0.053423,-0.000739,0.005989,0.0,0.0,0.033333,Bellevue_150th_Newport
2970,0.053543,-0.0013,0.005745,0.0,0.0,0.133333,Bellevue_150th_Newport
2971,0.056531,0.001871,0.006742,0.033333,0.0,0.033333,Bellevue_150th_Newport
2972,0.212043,0.069953,0.039414,0.3,0.1,0.033333,Bellevue_150th_Newport
2973,0.225351,0.086168,0.042382,0.033333,0.033333,0.0,Bellevue_150th_Newport
2974,0.099609,0.025847,0.013703,0.0,0.0,0.033333,Bellevue_150th_Newport
2975,0.053828,-0.000977,0.005791,0.0,0.0,0.066667,Bellevue_150th_Newport
2976,0.050124,-0.004699,0.004492,0.0,0.0,0.066667,Bellevue_150th_Newport
2977,0.052898,-0.0019,0.00556,0.0,0.0,0.0,Bellevue_150th_Newport
2978,0.07301,0.011797,0.010627,0.333333,0.2,0.066667,Bellevue_150th_Newport
2979,0.252081,0.087075,0.048799,0.05,0.0,0.033333,Bellevue_150th_Newport
2980,0.053604,-0.00192,0.004619,0.066667,0.033333,0.066667,Bellevue_150th_Newport
2981,0.052765,-0.001799,0.00568,0.0,0.0,0.1,Bellevue_150th_Newport
2982,0.048519,-0.00606,0.004161,0.0,0.0,0.066667,Bellevue_150th_Newport
2983,0.053956,-0.000682,0.005933,0.0,0.0,0.0,Bellevue_150th_Newport
2984,0.049677,-0.004568,0.004792,0.0,0.0,0.0,Bellevue_150th_Newport
2985,0.051698,-0.002497,0.005338,0.0,0.0,0.033333,Bellevue_150th_Newport
2986,0.050795,-0.003882,0.004805,0.0,0.0,0.066667,Bellevue_150th_Newport
2987,0.052491,-0.001989,0.005398,0.0,0.0,0.0,Bellevue_150th_Newport
2988,0.053665,-0.001172,0.0057,0.033333,0.0,0.0,Bellevue_150th_Newport
2989,0.052832,-0.001471,0.005683,0.0,0.0,0.0,Bellevue_150th_Newport
2990,0.051243,-0.00334,0.005119,0.0,0.0,0.0,Bellevue_150th_Newport
2991,0.051562,-0.003105,0.005071,0.0,0.0,0.0,Bellevue_150th_Newport
2992,0.051624,-0.002983,0.005215,0.0,0.0,0.066667,Bellevue_150th_Newport
2993,0.051326,-0.003392,0.005109,0.0,0.0,0.0,Bellevue_150th_Newport
2994,0.050057,-0.004834,0.004593,0.0,0.0,0.033333,Bellevue_150th_Newport
2995,0.053662,-0.001474,0.005653,0.0,0.0,0.033333,Bellevue_150th_Newport
2996,0.051198,-0.003772,0.004884,0.0,0.0,0.0,Bellevue_150th_Newport
2997,0.054144,-0.000208,0.006213,0.0,0.0,0.0,Bellevue_150th_Newport
2998,0.051374,-0.003165,0.005136,0.033333,0.0,0.1,Bellevue_150th_Newport
2999,0.052326,-0.002661,0.005255,0.0,0.0,0.066667,Bellevue_150th_Newport
3000,0.050341,-0.00402,0.004877,0.0,0.0,0.033333,Bellevue_150th_Newport
3001,0.050027,-0.004637,0.004726,0.05,0.0,0.083333,Bellevue_150th_Newport
3002,0.051617,-0.002757,0.005312,0.0,0.0,0.033333,Bellevue_150th_Newport
3003,0.054061,-0.000242,0.006069,0.033333,0.0,0.1,Bellevue_150th_Newport
3004,0.053004,-0.000782,0.005944,0.0,0.0,0.0,Bellevue_150th_Newport
3005,0.170902,0.057644,0.031224,0.066667,0.0,0.0,Bellevue_150th_Newport
3006,0.245731,0.096015,0.047457,0.1,0.1,0.0,Bellevue_150th_Newport
3007,0.052851,-0.00259,0.005214,0.0,0.0,0.0,Bellevue_150th_Newport
3008,0.052784,-0.001801,0.005588,0.0,0.0,0.033333,Bellevue_150th_Newport
3009,0.050288,-0.004696,0.004558,0.0,0.0,0.033333,Bellevue_150th_Newport
3010,0.049568,-0.005689,0.00427,0.0,0.0,0.0,Bellevue_150th_Newport
3011,0.054142,-0.0004,0.00599,0.0,0.0,0.033333,Bellevue_150th_Newport
3012,0.050148,-0.004444,0.004584,0.033333,0.0,0.066667,Bellevue_150th_Newport
3013,0.05227,-0.002056,0.005503,0.0,0.0,0.0,Bellevue_150th_Newport
3014,0.052535,-0.002215,0.005425,0.138889,0.066667,0.094444,Bellevue_150th_Newport
3015,0.307624,0.116265,0.058034,0.288889,0.133333,0.05,Bellevue_150th_Newport
3016,0.306766,0.105097,0.05437,0.0,0.0,0.033333,Bellevue_150th_Newport
3017,0.053556,-0.001114,0.005908,0.0,0.0,0.0,Bellevue_150th_Newport
3018,0.050285,-0.004608,0.00453,0.0,0.0,0.0,Bellevue_150th_Newport
3019,0.053533,-0.000964,0.005849,0.0,0.0,0.0,Bellevue_150th_Newport
3020,0.052803,-0.00171,0.005667,0.0,0.0,0.0,Bellevue_150th_Newport
3021,0.05362,-0.001549,0.005664,0.0,0.0,0.033333,Bellevue_150th_Newport
3022,0.053038,-0.001442,0.00575,0.033333,0.0,0.033333,Bellevue_150th_Newport
3023,0.053838,-0.000325,0.006172,0.033333,0.0,0.0,Bellevue_150th_Newport
3024,0.048767,-0.005215,0.004524,0.0,0.0,0.1,Bellevue_150th_Newport
3025,0.051344,-0.002865,0.005336,0.0,0.0,0.0,Bellevue_150th_Newport
3026,0.053287,-0.001252,0.005785,0.0,0.0,0.0,Bellevue_150th_Newport
3027,0.054329,-0.000336,0.006007,0.0,0.0,0.066667,Bellevue_150th_Newport
3028,0.052192,-0.00222,0.005382,0.066667,0.033333,0.0,Bellevue_150th_Newport
3029,0.357153,0.140026,0.070658,0.066667,0.033333,0.0,Bellevue_150th_Newport
3030,0.05326,-0.001836,0.005512,0.0,0.0,0.0,Bellevue_150th_Newport
3031,0.052925,-0.001793,0.00554,0.0,0.0,0.1,Bellevue_150th_Newport
3032,0.051725,-0.002732,0.0053,0.0,0.0,0.066667,Bellevue_150th_Newport
3033,0.052562,-0.001947,0.005549,0.0,0.0,0.033333,Bellevue_150th_Newport
3034,0.050291,-0.004331,0.004736,0.0,0.0,0.0,Bellevue_150th_Newport
3035,0.05395,-0.000619,0.00596,0.0,0.0,0.0,Bellevue_150th_Newport
3036,0.051356,-0.003337,0.004975,0.0,0.0,0.0,Bellevue_150th_Newport
3037,0.055083,0.000231,0.006266,0.0,0.0,0.033333,Bellevue_150th_Newport
3038,0.051952,-0.002619,0.005306,0.0,0.0,0.0,Bellevue_150th_Newport
3039,0.055436,0.001518,0.0067,0.0,0.0,0.033333,Bellevue_150th_Newport
3040,0.050181,-0.004625,0.004596,0.0,0.0,0.0,Bellevue_150th_Newport
3041,0.053301,-0.001667,0.005707,0.0,0.0,0.1,Bellevue_150th_Newport
3042,0.052116,-0.002412,0.005355,0.0,0.0,0.033333,Bellevue_150th_Newport
3043,0.05571,0.001075,0.006486,0.0,0.0,0.0,Bellevue_150th_Newport
3044,0.054601,-0.000237,0.006123,0.0,0.0,0.0,Bellevue_150th_Newport
3045,0.054671,0.000564,0.006427,0.05,0.033333,0.05,Bellevue_150th_Newport
3046,0.052552,-0.001935,0.005552,0.0,0.0,0.0,Bellevue_150th_Newport
3047,0.054214,0.000176,0.006364,0.0,0.0,0.033333,Bellevue_150th_Newport
3048,0.051219,-0.003311,0.005016,0.0,0.0,0.0,Bellevue_150th_Newport
3049,0.051698,-0.002717,0.005281,0.0,0.0,0.0,Bellevue_150th_Newport
3050,0.051145,-0.003204,0.005129,0.0,0.0,0.033333,Bellevue_150th_Newport
3051,0.052612,-0.00224,0.005334,0.0,0.0,0.0,Bellevue_150th_Newport
3052,0.049735,-0.00508,0.004427,0.0,0.0,0.0,Bellevue_150th_Newport
3053,0.052415,-0.002404,0.005376,0.0,0.0,0.033333,Bellevue_150th_Newport
3054,0.051753,-0.003034,0.005155,0.0,0.0,0.066667,Bellevue_150th_Newport
3055,0.053031,-0.001651,0.00554,0.0,0.0,0.0,Bellevue_150th_Newport
3056,0.051419,-0.003388,0.005021,0.0,0.0,0.066667,Bellevue_150th_Newport
3057,0.052205,-0.002559,0.00533,0.0,0.0,0.0,Bellevue_150th_Newport
3058,0.051854,-0.002504,0.005383,0.0,0.0,0.033333,Bellevue_150th_Newport
3059,0.053451,-0.000791,0.005949,0.0,0.0,0.1,Bellevue_150th_Newport
3060,0.053577,-0.00064,0.005988,0.0,0.0,0.0,Bellevue_150th_Newport
3061,0.053594,-0.000741,0.006023,0.0,0.0,0.033333,Bellevue_150th_Newport
3062,0.049853,-0.004454,0.004764,0.0,0.0,0.033333,Bellevue_150th_Newport
3063,0.197316,0.070907,0.037261,0.6,0.383333,0.1,Bellevue_150th_Newport
3064,0.322412,0.121388,0.062757,0.872222,0.611111,0.25,Bellevue_150th_Newport
3065,0.153801,0.059471,0.025831,0.3,0.116667,0.1,Bellevue_150th_Newport
3066,0.345828,0.130586,0.066669,0.0,0.0,0.0,Bellevue_150th_Newport
3067,0.053837,-0.000535,0.006022,0.033333,0.0,0.0,Bellevue_150th_Newport
3068,0.050681,-0.004332,0.004584,0.0,0.0,0.0,Bellevue_150th_Newport
3069,0.052395,-0.00185,0.005622,0.133333,0.033333,0.0,Bellevue_150th_Newport
3070,0.162037,0.049795,0.027501,0.0,0.0,0.066667,Bellevue_150th_Newport
3071,0.052858,-0.001169,0.005806,0.0,0.0,0.033333,Bellevue_150th_Newport
3072,0.050213,-0.004373,0.004716,0.0,0.0,0.033333,Bellevue_150th_Newport
3073,0.051495,-0.003296,0.005012,0.0,0.0,0.033333,Bellevue_150th_Newport
3074,0.052915,-0.001487,0.005743,0.0,0.0,0.0,Bellevue_150th_Newport
3075,0.052954,-0.001801,0.005577,0.0,0.0,0.0,Bellevue_150th_Newport
3076,0.052668,-0.002183,0.005468,0.0,0.0,0.0,Bellevue_150th_Newport
3077,0.051307,-0.003256,0.005194,0.0,0.0,0.0,Bellevue_150th_Newport
3078,0.052269,-0.002144,0.005537,0.0,0.0,0.0,Bellevue_150th_Newport
3079,0.053888,-0.000108,0.006236,0.033333,0.033333,0.033333,Bellevue_150th_Newport
3080,0.155038,0.06458,0.031287,0.233333,0.0,0.8,Bellevue_150th_Newport
3081,0.238223,0.07166,0.038254,0.183333,0.1,0.033333,Bellevue_150th_Newport
3082,0.069846,0.005453,0.008097,0.0,0.0,0.0,Bellevue_150th_Newport
3083,0.05692,0.00234,0.006933,0.033333,0.0,0.033333,Bellevue_150th_Newport
3084,0.052001,-0.002376,0.005354,0.0,0.0,0.033333,Bellevue_150th_Newport
3085,0.053949,-0.001228,0.005777,0.0,0.0,0.0,Bellevue_150th_Newport
3086,0.05028,-0.004353,0.004782,0.0,0.0,0.066667,Bellevue_150th_Newport
3087,0.054644,0.000399,0.006435,0.0,0.0,0.066667,Bellevue_150th_Newport
3088,0.051206,-0.00337,0.005068,0.0,0.0,0.133333,Bellevue_150th_Newport
3089,0.049865,-0.004943,0.004604,0.0,0.0,0.1,Bellevue_150th_Newport
3090,0.052482,-0.001871,0.005697,0.033333,0.0,0.066667,Bellevue_150th_Newport
3091,0.051191,-0.003925,0.004871,0.0,0.0,0.133333,Bellevue_150th_Newport
3092,0.050767,-0.003301,0.005198,0.0,0.0,0.033333,Bellevue_150th_Newport
3093,0.049445,-0.005392,0.00449,0.033333,0.0,0.033333,Bellevue_150th_Newport
3094,0.051003,-0.003847,0.004921,0.033333,0.0,0.033333,Bellevue_150th_Newport
3095,0.053488,-0.001098,0.005891,0.0,0.0,0.0,Bellevue_150th_Newport
3096,0.053349,-0.001449,0.005784,0.0,0.0,0.033333,Bellevue_150th_Newport
3097,0.053659,-0.001287,0.005898,0.033333,0.0,0.0,Bellevue_150th_Newport
3098,0.076507,0.011426,0.010215,0.1,0.033333,0.033333,Bellevue_150th_Newport
3099,0.29164,0.117743,0.054911,0.038889,0.0,0.144444,Bellevue_150th_Newport
3100,0.052627,-0.002115,0.005519,0.0,0.0,0.066667,Bellevue_150th_Newport
3101,0.053261,-0.001826,0.005661,0.0,0.0,0.066667,Bellevue_150th_Newport
3102,0.050648,-0.003867,0.005002,0.033333,0.0,0.066667,Bellevue_150th_Newport
3103,0.054205,-0.000759,0.005943,0.0,0.0,0.033333,Bellevue_150th_Newport
3104,0.05157,-0.003161,0.005092,0.0,0.0,0.033333,Bellevue_150th_Newport
3105,0.161443,0.052595,0.029297,0.066667,0.05,0.066667,Bellevue_150th_Newport
3106,0.044829,-0.0095,0.002099,0.0,0.0,0.033333,Bellevue_150th_Newport
3107,0.054327,-6.3e-05,0.006263,0.0,0.0,0.033333,Bellevue_150th_Newport
3108,0.050978,-0.003408,0.005073,0.0,0.0,0.1,Bellevue_150th_Newport
3109,0.073206,0.014172,0.011317,0.2,0.1,0.0,Bellevue_150th_Newport
3110,0.337202,0.134792,0.062995,0.216667,0.116667,0.0,Bellevue_150th_Newport
3111,0.158838,0.05578,0.02575,0.0,0.0,0.0,Bellevue_150th_Newport
3112,0.052985,-0.002046,0.005596,0.0,0.0,0.0,Bellevue_150th_Newport
3113,0.055853,0.000587,0.006577,0.0,0.0,0.1,Bellevue_150th_Newport
3114,0.052259,-0.002223,0.005456,0.0,0.0,0.1,Bellevue_150th_Newport
3115,0.055216,0.000661,0.006494,0.0,0.0,0.0,Bellevue_150th_Newport
3116,0.053498,-0.000901,0.005945,0.033333,0.0,0.033333,Bellevue_150th_Newport
3117,0.052343,-0.002006,0.005633,0.0,0.0,0.033333,Bellevue_150th_Newport
3118,0.054937,8.9e-05,0.006171,0.0,0.0,0.066667,Bellevue_150th_Newport
3119,0.054735,-3.5e-05,0.006115,0.0,0.0,0.033333,Bellevue_150th_Newport
3120,0.053284,-0.001754,0.005545,0.0,0.0,0.0,Bellevue_150th_Newport
3121,0.052521,-0.002309,0.005431,0.0,0.0,0.033333,Bellevue_150th_Newport
3122,0.056078,0.001378,0.00676,0.0,0.0,0.033333,Bellevue_150th_Newport
3123,0.053337,-0.000674,0.005943,0.0,0.0,0.066667,Bellevue_150th_Newport
3124,0.051908,-0.002734,0.005265,0.033333,0.0,0.133333,Bellevue_150th_Newport
3125,0.053262,-0.001289,0.00581,0.0,0.0,0.066667,Bellevue_150th_Newport
3126,0.05165,-0.002823,0.005276,0.033333,0.0,0.033333,Bellevue_150th_Newport
3127,0.053882,-0.000672,0.005892,0.0,0.0,0.066667,Bellevue_150th_Newport
3128,0.05204,-0.002859,0.005174,0.0,0.0,0.1,Bellevue_150th_Newport
3129,0.053361,-0.001135,0.005888,0.0,0.0,0.033333,Bellevue_150th_Newport
3130,0.052454,-0.001915,0.005614,0.0,0.0,0.033333,Bellevue_150th_Newport
3131,0.101024,0.030063,0.017621,0.033333,0.0,0.0,Bellevue_150th_Newport
3132,0.261809,0.104664,0.049931,0.066667,0.0,0.1,Bellevue_150th_Newport
3133,0.053709,-0.000918,0.005887,0.0,0.0,0.0,Bellevue_150th_Newport
3134,0.053407,-0.001176,0.005821,0.0,0.0,0.0,Bellevue_150th_Newport
3135,0.05444,-0.000516,0.005889,0.0,0.0,0.066667,Bellevue_150th_Newport
3136,0.056582,0.001732,0.00684,0.0,0.0,0.1,Bellevue_150th_Newport
3137,0.053126,-0.001895,0.005589,0.0,0.0,0.0,Bellevue_150th_Newport
3138,0.052721,-0.001772,0.005628,0.0,0.0,0.0,Bellevue_150th_Newport
3139,0.054702,0.000498,0.006351,0.0,0.0,0.066667,Bellevue_150th_Newport
3140,0.052829,-0.001849,0.005604,0.0,0.0,0.033333,Bellevue_150th_Newport
3141,0.054602,4.3e-05,0.006291,0.0,0.0,0.1,Bellevue_150th_Newport
3142,0.051058,-0.003397,0.005125,0.0,0.0,0.066667,Bellevue_150th_Newport
3143,0.053421,-0.001193,0.005792,0.0,0.0,0.1,Bellevue_150th_Newport
3144,0.05294,-0.002487,0.005264,0.0,0.0,0.1,Bellevue_150th_Newport
3145,0.051903,-0.003244,0.005073,0.0,0.0,0.066667,Bellevue_150th_Newport
3146,0.054241,-0.000133,0.006193,0.0,0.0,0.0,Bellevue_150th_Newport
3147,0.05222,-0.002506,0.005261,0.0,0.0,0.066667,Bellevue_150th_Newport
3148,0.053755,-0.000564,0.005967,0.0,0.0,0.166667,Bellevue_150th_Newport
3149,0.054106,-0.000857,0.005885,0.0,0.0,0.066667,Bellevue_150th_Newport
3150,0.05187,-0.002883,0.005122,0.0,0.0,0.033333,Bellevue_150th_Newport
3151,0.053061,-0.000793,0.005936,0.0,0.0,0.066667,Bellevue_150th_Newport
3152,0.05598,0.000822,0.006419,0.0,0.0,0.066667,Bellevue_150th_Newport
3153,0.05159,-0.003579,0.004933,0.0,0.0,0.166667,Bellevue_150th_Newport
3154,0.05246,-0.002273,0.005469,0.066667,0.0,0.1,Bellevue_150th_Newport
3155,0.057268,0.001785,0.006751,0.0,0.0,0.033333,Bellevue_150th_Newport
3156,0.051527,-0.002725,0.005307,0.0,0.0,0.133333,Bellevue_150th_Newport
3157,0.053327,-0.001229,0.005897,0.0,0.0,0.033333,Bellevue_150th_Newport
3158,0.052602,-0.002401,0.005386,0.0,0.0,0.0,Bellevue_150th_Newport
3159,0.055067,0.000647,0.006501,0.0,0.0,0.1,Bellevue_150th_Newport
3160,0.050696,-0.003781,0.004996,0.0,0.0,0.1,Bellevue_150th_Newport
3161,0.050802,-0.003919,0.005026,0.0,0.0,0.066667,Bellevue_150th_Newport
3162,0.051693,-0.002745,0.005301,0.0,0.0,0.133333,Bellevue_150th_Newport
3163,0.054466,3.6e-05,0.006177,0.0,0.0,0.1,Bellevue_150th_Newport
3164,0.055084,0.000206,0.006274,0.0,0.0,0.033333,Bellevue_150th_Newport
3165,0.055657,0.000665,0.006425,0.0,0.0,0.133333,Bellevue_150th_Newport
3166,0.054035,-0.000943,0.005943,0.0,0.0,0.033333,Bellevue_150th_Newport
3167,0.05213,-0.002578,0.005319,0.0,0.0,0.033333,Bellevue_150th_Newport
3168,0.055183,0.000103,0.006258,0.0,0.0,0.066667,Bellevue_150th_Newport
3169,0.053456,-0.000927,0.005996,0.1,0.0,0.0,Bellevue_150th_Newport
3170,0.051373,-0.003056,0.005282,0.0,0.0,0.1,Bellevue_150th_Newport
3171,0.051978,-0.002509,0.005417,0.0,0.0,0.066667,Bellevue_150th_Newport
3172,0.052536,-0.001862,0.00548,0.0,0.0,0.033333,Bellevue_150th_Newport
3173,0.052804,-0.001886,0.005602,0.0,0.0,0.066667,Bellevue_150th_Newport
3174,0.053885,-0.0006,0.006041,0.033333,0.0,0.133333,Bellevue_150th_Newport
3175,0.053353,-0.000746,0.005943,0.0,0.0,0.033333,Bellevue_150th_Newport
3176,0.053583,-0.001131,0.005822,0.0,0.0,0.166667,Bellevue_150th_Newport
3177,0.050886,-0.004312,0.004744,0.033333,0.0,0.033333,Bellevue_150th_Newport
3178,0.052356,-0.00213,0.005561,0.0,0.0,0.066667,Bellevue_150th_Newport
3179,0.054745,0.000196,0.00632,0.0,0.0,0.066667,Bellevue_150th_Newport
3180,0.051392,-0.003782,0.004878,0.0,0.0,0.033333,Bellevue_150th_Newport
3181,0.052666,-0.002241,0.005477,0.0,0.0,0.2,Bellevue_150th_Newport
3182,0.052612,-0.002722,0.005369,0.0,0.0,0.133333,Bellevue_150th_Newport
3183,0.054556,-0.000362,0.00611,0.0,0.0,0.066667,Bellevue_150th_Newport
3184,0.051545,-0.003212,0.005215,0.0,0.0,0.066667,Bellevue_150th_Newport
3185,0.054832,3.2e-05,0.006288,0.0,0.0,0.033333,Bellevue_150th_Newport
3186,0.055955,0.001336,0.006796,0.033333,0.0,0.033333,Bellevue_150th_Newport
3187,0.068265,0.011855,0.010544,0.0,0.0,0.0,Bellevue_150th_Newport
3188,0.27114,0.108645,0.051293,0.066667,0.033333,0.033333,Bellevue_150th_Newport
3189,0.054765,0.000312,0.006387,0.0,0.0,0.1,Bellevue_150th_Newport
3190,0.051686,-0.003129,0.005127,0.033333,0.0,0.133333,Bellevue_150th_Newport
3191,0.053475,-0.001159,0.005796,0.0,0.0,0.0,Bellevue_150th_Newport
3192,0.055112,0.000745,0.006418,0.066667,0.0,0.033333,Bellevue_150th_Newport
3193,0.054574,0.000117,0.006176,0.0,0.0,0.133333,Bellevue_150th_Newport
3194,0.054333,-0.000672,0.005921,0.0,0.0,0.0,Bellevue_150th_Newport
3195,0.053714,-0.000875,0.005937,0.0,0.0,0.133333,Bellevue_150th_Newport
3196,0.057138,0.002006,0.006849,0.0,0.0,0.033333,Bellevue_150th_Newport
3197,0.058168,0.003028,0.007252,0.0,0.0,0.066667,Bellevue_150th_Newport
3198,0.055962,0.001527,0.006855,0.0,0.0,0.1,Bellevue_150th_Newport
3199,0.055363,0.000379,0.006333,0.05,0.0,0.066667,Bellevue_150th_Newport
3200,0.056939,0.002079,0.006843,0.0,0.0,0.066667,Bellevue_150th_Newport
3201,0.056216,0.001376,0.006648,0.066667,0.0,0.066667,Bellevue_150th_Newport
3202,0.057089,0.002063,0.006992,0.0,0.0,0.033333,Bellevue_150th_Newport
3203,0.055569,0.000798,0.006472,0.016667,0.0,0.116667,Bellevue_150th_Newport
3204,0.057226,0.002885,0.007277,0.033333,0.0,0.066667,Bellevue_150th_Newport
3205,0.054045,-0.000733,0.005881,0.0,0.0,0.033333,Bellevue_150th_Newport
3206,0.052968,-0.001739,0.005543,0.0,0.0,0.033333,Bellevue_150th_Newport
3207,0.052887,-0.001696,0.005694,0.0,0.0,0.066667,Bellevue_150th_Newport
3208,0.057511,0.002418,0.007094,0.0,0.0,0.133333,Bellevue_150th_Newport
3209,0.055207,0.000725,0.00646,0.0,0.0,0.1,Bellevue_150th_Newport
3210,0.059084,0.00341,0.007412,0.188889,0.066667,0.1,Bellevue_150th_Newport
3211,0.29065,0.104755,0.055467,0.133333,0.066667,0.066667,Bellevue_150th_Newport
3212,0.305427,0.124826,0.055075,0.066667,0.0,0.116667,Bellevue_150th_Newport
3213,0.058614,0.004155,0.007705,0.0,0.0,0.066667,Bellevue_150th_Newport
3214,0.058842,0.004227,0.007817,0.033333,0.0,0.0,Bellevue_150th_Newport
3215,0.055681,0.001107,0.006679,0.033333,0.0,0.1,Bellevue_150th_Newport
3216,0.055843,0.00098,0.006486,0.033333,0.0,0.166667,Bellevue_150th_Newport
3217,0.054174,-0.000412,0.006071,0.0,0.0,0.033333,Bellevue_150th_Newport
3218,0.271928,0.103402,0.047438,0.266667,0.161111,0.0,Bellevue_150th_Newport
3219,0.511395,0.12808,0.09415,0.033333,0.0,0.0,Bellevue_150th_Newport
3220,0.11471,0.031963,0.016754,0.0,0.0,0.066667,Bellevue_150th_Newport
3221,0.054215,-0.00043,0.006173,0.0,0.0,0.133333,Bellevue_150th_Newport
3222,0.0537,-0.001307,0.005798,0.033333,0.0,0.033333,Bellevue_150th_Newport
3223,0.051888,-0.002951,0.005186,0.033333,0.0,0.066667,Bellevue_150th_Newport
3224,0.057735,0.002861,0.007268,0.0,0.0,0.066667,Bellevue_150th_Newport
3225,0.357118,0.125278,0.067215,0.15,0.033333,0.1,Bellevue_150th_Newport
3226,0.321897,0.08877,0.060109,0.05,0.0,0.033333,Bellevue_150th_Newport
3227,0.055302,0.000882,0.006488,0.0,0.0,0.066667,Bellevue_150th_Newport
3228,0.056306,0.002109,0.006948,0.0,0.0,0.1,Bellevue_150th_Newport
3229,0.054004,4.3e-05,0.00626,0.0,0.0,0.133333,Bellevue_150th_Newport
3230,0.091883,0.029873,0.017566,0.0,0.0,0.0,Bellevue_150th_Newport
3231,0.378016,0.125813,0.070503,0.083333,0.0,0.033333,Bellevue_150th_Newport
3232,0.049528,-0.007623,0.003113,0.0,0.0,0.033333,Bellevue_150th_Newport
3233,0.053281,-0.001969,0.005482,0.0,0.0,0.0,Bellevue_150th_Newport
3234,0.055876,0.001531,0.006814,0.0,0.0,0.0,Bellevue_150th_Newport
3235,0.05491,0.000153,0.006328,0.0,0.0,0.066667,Bellevue_150th_Newport
3236,0.054396,-0.000278,0.006168,0.0,0.0,0.033333,Bellevue_150th_Newport
3237,0.053319,-0.000986,0.005888,0.0,0.0,0.066667,Bellevue_150th_Newport
3238,0.055446,0.000635,0.00647,0.0,0.0,0.2,Bellevue_150th_Newport
3239,0.053955,-0.00013,0.006239,0.033333,0.0,0.0,Bellevue_150th_Newport
3240,0.054624,8.1e-05,0.006219,0.033333,0.0,0.033333,Bellevue_150th_Newport
3241,0.055087,0.000771,0.006519,0.0,0.0,0.133333,Bellevue_150th_Newport
3242,0.053121,-0.002097,0.005503,0.0,0.0,0.066667,Bellevue_150th_Newport
3243,0.055606,0.000378,0.006371,0.0,0.0,0.066667,Bellevue_150th_Newport
3244,0.054689,-0.000266,0.006071,0.0,0.0,0.166667,Bellevue_150th_Newport
3245,0.054886,7.5e-05,0.006273,0.0,0.0,0.1,Bellevue_150th_Newport
3246,0.052884,-0.001307,0.005789,0.0,0.0,0.066667,Bellevue_150th_Newport
3247,0.052989,-0.002192,0.005463,0.0,0.0,0.066667,Bellevue_150th_Newport
3248,0.056314,0.00151,0.006756,0.083333,0.066667,0.066667,Bellevue_150th_Newport
3249,0.1914,0.069753,0.034739,0.1,0.0,0.0,Bellevue_150th_Newport
3250,0.056521,0.001734,0.00688,0.0,0.0,0.1,Bellevue_150th_Newport
3251,0.054835,2.8e-05,0.006291,0.0,0.0,0.0,Bellevue_150th_Newport
3252,0.054746,0.000353,0.006361,0.0,0.0,0.0,Bellevue_150th_Newport
3253,0.053842,-0.001159,0.00585,0.0,0.0,0.033333,Bellevue_150th_Newport
3254,0.055867,0.001442,0.006806,0.0,0.0,0.033333,Bellevue_150th_Newport
3255,0.052476,-0.002096,0.005421,0.0,0.0,0.033333,Bellevue_150th_Newport
3256,0.05408,-0.001112,0.005742,0.0,0.0,0.0,Bellevue_150th_Newport
3257,0.055722,0.000373,0.006307,0.0,0.0,0.033333,Bellevue_150th_Newport
3258,0.055818,0.001384,0.006778,0.0,0.0,0.1,Bellevue_150th_Newport
3259,0.055302,0.000515,0.006376,0.016667,0.0,0.066667,Bellevue_150th_Newport
3260,0.056015,0.001885,0.006935,0.1,0.0,0.133333,Bellevue_150th_Newport
3261,0.231541,0.089906,0.042658,0.066667,0.033333,0.0,Bellevue_150th_Newport
3262,0.071335,0.006574,0.008658,0.066667,0.066667,0.0,Bellevue_150th_Newport
3263,0.174326,0.056939,0.03084,0.0,0.0,0.066667,Bellevue_150th_Newport
3264,0.054436,-0.000459,0.006011,0.0,0.0,0.133333,Bellevue_150th_Newport
3265,0.054846,-0.000102,0.006171,0.166667,0.133333,0.066667,Bellevue_150th_Newport
3266,0.154209,0.051287,0.025525,0.133333,0.033333,0.066667,Bellevue_150th_Newport
3267,0.063488,0.004884,0.007906,0.0,0.0,0.1,Bellevue_150th_Newport
3268,0.05898,0.003438,0.007378,0.0,0.0,0.066667,Bellevue_150th_Newport
3269,0.055751,0.001239,0.006643,0.1,0.0,0.05,Bellevue_150th_Newport
3270,0.212268,0.079074,0.039305,0.283333,0.133333,0.05,Bellevue_150th_Newport
3271,0.060186,0.00241,0.007073,0.0,0.0,0.0,Bellevue_150th_Newport
3272,0.055872,0.000879,0.006482,0.083333,0.0,0.133333,Bellevue_150th_Newport
3273,0.373239,0.141621,0.075925,0.483333,0.2,0.183333,Bellevue_150th_Newport
3274,0.202026,0.06921,0.036724,0.033333,0.033333,0.0,Bellevue_150th_Newport
3275,0.20471,0.067208,0.038207,0.0,0.0,0.066667,Bellevue_150th_Newport
3276,0.056148,0.000934,0.006506,0.0,0.0,0.1,Bellevue_150th_Newport
3277,0.053037,-0.002043,0.005469,0.033333,0.0,0.1,Bellevue_150th_Newport
3278,0.056126,0.001316,0.006747,0.0,0.0,0.133333,Bellevue_150th_Newport
3279,0.056318,0.00144,0.006748,0.0,0.0,0.133333,Bellevue_150th_Newport
3280,0.054351,-0.000957,0.005822,0.0,0.0,0.033333,Bellevue_150th_Newport
3281,0.068755,0.011128,0.010151,0.1,0.033333,0.0,Bellevue_150th_Newport
3282,0.206165,0.077382,0.039356,0.45,0.1,0.033333,Bellevue_150th_Newport
3283,0.283065,0.096564,0.049823,0.0,0.0,0.0,Bellevue_150th_Newport
3284,0.061814,0.000445,0.005822,0.0,0.0,0.0,Bellevue_150th_Newport
3285,0.056385,0.001609,0.006888,0.0,0.0,0.166667,Bellevue_150th_Newport
3286,0.058141,0.003168,0.0074,0.0,0.0,0.1,Bellevue_150th_Newport
3287,0.053422,-0.001406,0.005891,0.0,0.0,0.066667,Bellevue_150th_Newport
3288,0.056143,0.001184,0.006692,0.0,0.0,0.1,Bellevue_150th_Newport
3289,0.053977,-0.000982,0.005852,0.033333,0.0,0.133333,Bellevue_150th_Newport
3290,0.221375,0.081096,0.042214,0.316667,0.233333,0.033333,Bellevue_150th_Newport
3291,0.21307,0.078166,0.035514,0.0,0.0,0.0,Bellevue_150th_Newport
3292,0.060401,0.003125,0.007267,0.0,0.0,0.133333,Bellevue_150th_Newport
3293,0.054573,-0.000243,0.006115,0.266667,0.15,0.1,Bellevue_150th_Newport
3294,0.389049,0.144554,0.078027,0.355556,0.233333,0.0,Bellevue_150th_Newport
3295,0.185253,0.049943,0.028903,0.0,0.0,0.066667,Bellevue_150th_Newport
3296,0.054693,-1.2e-05,0.006177,0.033333,0.0,0.033333,Bellevue_150th_Newport
3297,0.056403,0.001889,0.006873,0.0,0.0,0.1,Bellevue_150th_Newport
3298,0.054999,-0.000189,0.006174,0.0,0.0,0.133333,Bellevue_150th_Newport
3299,0.05253,-0.002717,0.005284,0.0,0.0,0.066667,Bellevue_150th_Newport
3300,0.057934,0.002827,0.007231,0.0,0.0,0.033333,Bellevue_150th_Newport
3301,0.053917,-0.001589,0.005699,0.0,0.0,0.033333,Bellevue_150th_Newport
3302,0.056896,0.002012,0.006986,0.0,0.0,0.266667,Bellevue_150th_Newport
3303,0.057398,0.002324,0.007119,0.0,0.0,0.166667,Bellevue_150th_Newport
3304,0.05883,0.003149,0.007397,0.0,0.0,0.066667,Bellevue_150th_Newport
3305,0.058134,0.002292,0.007106,0.25,0.033333,0.066667,Bellevue_150th_Newport
3306,0.178265,0.059377,0.030643,0.2,0.1,0.0,Bellevue_150th_Newport
3307,0.245581,0.090674,0.048008,0.516667,0.216667,0.083333,Bellevue_150th_Newport
3308,0.318966,0.107771,0.058143,0.1,0.0,0.05,Bellevue_150th_Newport
3309,0.059078,0.001128,0.006419,0.0,0.0,0.033333,Bellevue_150th_Newport
3310,0.056921,0.001647,0.00694,0.0,0.0,0.0,Bellevue_150th_Newport
3311,0.055292,0.000986,0.006671,0.066667,0.0,0.15,Bellevue_150th_Newport
3312,0.194882,0.079943,0.037082,0.044444,0.033333,0.0,Bellevue_150th_Newport
3313,0.284282,0.092402,0.050726,0.033333,0.0,0.066667,Bellevue_150th_Newport
3314,0.055943,0.000791,0.006569,0.0,0.0,0.066667,Bellevue_150th_Newport
3315,0.054042,-0.000999,0.005923,0.033333,0.0,0.066667,Bellevue_150th_Newport
3316,0.055353,-1.2e-05,0.00625,0.0,0.0,0.033333,Bellevue_150th_Newport
3317,0.055181,-0.000369,0.006111,0.0,0.0,0.0,Bellevue_150th_Newport
3318,0.055861,0.001065,0.006807,0.0,0.0,0.0,Bellevue_150th_Newport
3319,0.054248,-0.001075,0.005951,0.0,0.0,0.033333,Bellevue_150th_Newport
3320,0.055199,0.001273,0.0068,0.0,0.0,0.1,Bellevue_150th_Newport
3321,0.05718,0.002173,0.007131,0.0,0.0,0.1,Bellevue_150th_Newport
3322,0.054303,-0.000835,0.006075,0.0,0.0,0.033333,Bellevue_150th_Newport
3323,0.056034,0.001167,0.006715,0.0,0.0,0.033333,Bellevue_150th_Newport
3324,0.055293,0.000753,0.00656,0.0,0.0,0.133333,Bellevue_150th_Newport
3325,0.055597,0.000162,0.006317,0.0,0.0,0.0,Bellevue_150th_Newport
3326,0.056765,0.001367,0.00685,0.0,0.0,0.066667,Bellevue_150th_Newport
3327,0.054151,-0.000457,0.006217,0.0,0.0,0.066667,Bellevue_150th_Newport
3328,0.057785,0.002093,0.00694,0.0,0.0,0.066667,Bellevue_150th_Newport
3329,0.053728,-0.001026,0.005958,0.033333,0.0,0.133333,Bellevue_150th_Newport
3330,0.056695,0.001606,0.006985,0.066667,0.0,0.066667,Bellevue_150th_Newport
3331,0.05637,0.001677,0.006925,0.0,0.0,0.1,Bellevue_150th_Newport
3332,0.058126,0.003628,0.007546,0.133333,0.016667,0.033333,Bellevue_150th_Newport
3333,0.181628,0.066078,0.033521,0.033333,0.0,0.033333,Bellevue_150th_Newport
3334,0.316117,0.118379,0.059762,0.366667,0.2,0.033333,Bellevue_150th_Newport
3335,0.066365,0.004517,0.00789,0.0,0.0,0.033333,Bellevue_150th_Newport
3336,0.05601,0.000881,0.006511,0.0,0.0,0.066667,Bellevue_150th_Newport
3337,0.216759,0.090911,0.042986,0.033333,0.033333,0.0,Bellevue_150th_Newport
3338,0.056523,0.000514,0.006557,0.0,0.0,0.133333,Bellevue_150th_Newport
3339,0.055216,0.000473,0.006455,0.016667,0.0,0.066667,Bellevue_150th_Newport
3340,0.199136,0.07102,0.037194,0.333333,0.183333,0.166667,Bellevue_150th_Newport
3341,0.053674,-0.001841,0.005369,0.0,0.0,0.133333,Bellevue_150th_Newport
3342,0.05476,-0.000669,0.006058,0.0,0.0,0.1,Bellevue_150th_Newport
3343,0.058219,0.002651,0.007166,0.016667,0.0,0.1,Bellevue_150th_Newport
3344,0.05721,0.001823,0.006825,0.033333,0.0,0.2,Bellevue_150th_Newport
3345,0.053093,-0.00156,0.005723,0.0,0.0,0.066667,Bellevue_150th_Newport
3346,0.056505,0.001196,0.006763,0.033333,0.0,0.066667,Bellevue_150th_Newport
3347,0.055321,0.000962,0.006612,0.0,0.0,0.033333,Bellevue_150th_Newport
3348,0.059212,0.004125,0.007657,0.0,0.0,0.066667,Bellevue_150th_Newport
3349,0.05482,0.000959,0.006584,0.0,0.0,0.033333,Bellevue_150th_Newport
3350,0.056098,0.00104,0.006596,0.0,0.0,0.0,Bellevue_150th_Newport
3351,0.055986,0.001081,0.006648,0.1,0.0,0.066667,Bellevue_150th_Newport
3352,0.058081,0.003039,0.007323,0.0,0.0,0.033333,Bellevue_150th_Newport
3353,0.057307,0.002698,0.007231,0.0,0.0,0.166667,Bellevue_150th_Newport
3354,0.056258,0.001701,0.006959,0.016667,0.0,0.066667,Bellevue_150th_Newport
3355,0.053843,-0.001013,0.00592,0.0,0.0,0.033333,Bellevue_150th_Newport
3356,0.052758,-0.001439,0.005775,0.0,0.0,0.033333,Bellevue_150th_Newport
3357,0.128693,0.045773,0.024403,0.0,0.0,0.0,Bellevue_150th_Newport
3358,0.196473,0.069756,0.036985,0.2,0.1,0.033333,Bellevue_150th_Newport
3359,0.059411,-9.2e-05,0.005413,0.0,0.0,0.0,Bellevue_150th_Newport
3360,0.055837,0.000471,0.006425,0.0,0.0,0.033333,Bellevue_150th_Newport
3361,0.056172,0.001495,0.0068,0.0,0.0,0.033333,Bellevue_150th_Newport
3362,0.055305,0.001153,0.006824,0.0,0.0,0.0,Bellevue_150th_Newport
3363,0.053674,-0.000886,0.00591,0.033333,0.0,0.066667,Bellevue_150th_Newport
3364,0.059254,0.004258,0.007753,0.033333,0.0,0.133333,Bellevue_150th_Newport
3365,0.055464,0.000246,0.006207,0.0,0.0,0.066667,Bellevue_150th_Newport
3366,0.055351,0.000594,0.00644,0.0,0.0,0.033333,Bellevue_150th_Newport
3367,0.054017,-0.001046,0.005878,0.0,0.0,0.066667,Bellevue_150th_Newport
3368,0.056224,0.000853,0.006454,0.0,0.0,0.033333,Bellevue_150th_Newport
3369,0.055592,-2.7e-05,0.006223,0.0,0.0,0.1,Bellevue_150th_Newport
3370,0.056146,0.001021,0.006634,0.0,0.0,0.033333,Bellevue_150th_Newport
3371,0.05705,0.002088,0.006991,0.0,0.0,0.0,Bellevue_150th_Newport
3372,0.056653,0.001496,0.006676,0.0,0.0,0.0,Bellevue_150th_Newport
3373,0.057078,0.001814,0.006833,0.033333,0.0,0.033333,Bellevue_150th_Newport
3374,0.298815,0.119056,0.057571,0.322222,0.133333,0.033333,Bellevue_150th_Newport
3375,0.232237,0.075722,0.043732,0.0,0.0,0.0,Bellevue_150th_Newport
3376,0.206268,0.070158,0.038418,0.116667,0.033333,0.0,Bellevue_150th_Newport
3377,0.049152,-0.005343,0.003966,0.033333,0.0,0.033333,Bellevue_150th_Newport
3378,0.053203,-0.001589,0.005755,0.0,0.0,0.033333,Bellevue_150th_Newport
3379,0.051687,-0.003983,0.004862,0.033333,0.0,0.066667,Bellevue_150th_Newport
3380,0.056611,0.001187,0.006589,0.0,0.0,0.033333,Bellevue_150th_Newport
3381,0.054057,-0.000879,0.005799,0.033333,0.0,0.066667,Bellevue_150th_Newport
3382,0.056086,0.001313,0.006717,0.35,0.216667,0.15,Bellevue_150th_Newport
3383,0.267735,0.087483,0.051556,0.0,0.0,0.0,Bellevue_150th_Newport
3384,0.071652,0.014758,0.01184,0.033333,0.033333,0.0,Bellevue_150th_Newport
3385,0.262455,0.103602,0.051576,0.55,0.0,0.216667,Bellevue_150th_Newport
3386,0.377278,0.132434,0.072086,0.183333,0.1,0.0,Bellevue_150th_Newport
3387,0.080436,0.009175,0.009553,0.0,0.0,0.0,Bellevue_150th_Newport
3388,0.059773,0.004257,0.007718,0.0,0.0,0.0,Bellevue_150th_Newport
3389,0.055468,5.8e-05,0.006229,0.0,0.0,0.033333,Bellevue_150th_Newport
3390,0.197938,0.068496,0.037271,0.183333,0.066667,0.033333,Bellevue_150th_Newport
3391,0.19549,0.075995,0.038507,0.1,0.016667,0.133333,Bellevue_150th_Newport
3392,0.259274,0.078686,0.043836,0.2,0.116667,0.0,Bellevue_150th_Newport
3393,0.068676,0.004884,0.008002,0.0,0.0,0.033333,Bellevue_150th_Newport
3394,0.055471,0.000369,0.006553,0.0,0.0,0.0,Bellevue_150th_Newport
3395,0.054105,-0.001363,0.00585,0.0,0.0,0.166667,Bellevue_150th_Newport
3396,0.054467,-0.000373,0.006103,0.0,0.0,0.033333,Bellevue_150th_Newport
3397,0.054952,-0.000754,0.005976,0.0,0.0,0.0,Bellevue_150th_Newport
3398,0.216265,0.079967,0.041789,0.266667,0.116667,0.033333,Bellevue_150th_Newport
3399,0.057753,0.001225,0.006691,0.0,0.0,0.1,Bellevue_150th_Newport
3400,0.205914,0.070569,0.038944,0.283333,0.133333,0.033333,Bellevue_150th_Newport
3401,0.273248,0.10917,0.051408,0.066667,0.0,0.0,Bellevue_150th_Newport
3402,0.157536,0.044464,0.025305,0.0,0.0,0.0,Bellevue_150th_Newport
3403,0.054927,4.2e-05,0.006347,0.0,0.0,0.066667,Bellevue_150th_Newport
3404,0.056794,0.001284,0.006701,0.366667,0.2,0.1,Bellevue_150th_Newport
3405,0.132299,0.024911,0.017712,0.0,0.0,0.033333,Bellevue_150th_Newport
3406,0.055764,0.000115,0.006346,0.0,0.0,0.066667,Bellevue_150th_Newport
3407,0.054749,-3.7e-05,0.006332,0.0,0.0,0.066667,Bellevue_150th_Newport
3408,0.056599,0.001315,0.006765,0.033333,0.0,0.033333,Bellevue_150th_Newport
3409,0.054953,-7.7e-05,0.006313,0.0,0.0,0.033333,Bellevue_150th_Newport
3410,0.053995,-0.001769,0.005665,0.066667,0.033333,0.033333,Bellevue_150th_Newport
3411,0.24412,0.08912,0.047922,0.316667,0.1,0.116667,Bellevue_150th_Newport
3412,0.107051,0.011781,0.011179,0.016667,0.0,0.033333,Bellevue_150th_Newport
3413,0.073066,0.002641,0.0067,0.0,0.0,0.033333,Bellevue_150th_Newport
3414,0.069106,0.002231,0.006646,0.0,0.0,0.066667,Bellevue_150th_Newport
3415,0.067032,0.001236,0.006253,0.033333,0.0,0.033333,Bellevue_150th_Newport
3416,0.181236,0.062783,0.031927,0.75,0.266667,0.133333,Bellevue_150th_Newport
3417,0.3105,0.113868,0.059452,0.033333,0.0,0.0,Bellevue_150th_Newport
3418,0.057075,0.000589,0.006497,0.033333,0.0,0.0,Bellevue_150th_Newport
3419,0.055682,0.000654,0.006537,0.0,0.0,0.0,Bellevue_150th_Newport
3420,0.05376,-0.001548,0.00576,0.0,0.0,0.066667,Bellevue_150th_Newport
3421,0.059401,0.003577,0.007467,0.0,0.0,0.066667,Bellevue_150th_Newport
3422,0.056249,0.0,0.006294,0.0,0.0,0.066667,Bellevue_150th_Newport
3423,0.060737,0.003819,0.007675,0.033333,0.0,0.0,Bellevue_150th_Newport
3424,0.058723,0.002834,0.007416,0.0,0.0,0.033333,Bellevue_150th_Newport
3425,0.057802,0.001864,0.006951,0.0,0.0,0.066667,Bellevue_150th_Newport
3426,0.05692,0.001003,0.00668,0.0,0.0,0.0,Bellevue_150th_Newport
3427,0.123306,0.046189,0.024389,0.116667,0.0,0.05,Bellevue_150th_Newport
3428,0.203252,0.064857,0.034964,0.066667,0.0,0.166667,Bellevue_150th_Newport
3429,0.090592,0.01762,0.012584,0.033333,0.0,0.066667,Bellevue_150th_Newport
3430,0.091302,0.02284,0.014886,0.316667,0.116667,0.016667,Bellevue_150th_Newport
3431,0.287655,0.104557,0.053812,0.15,0.05,0.05,Bellevue_150th_Newport
3432,0.060175,0.003591,0.007661,0.0,0.0,0.1,Bellevue_150th_Newport
3433,0.056208,0.001099,0.006703,0.0,0.0,0.033333,Bellevue_150th_Newport
3434,0.055093,0.000499,0.00644,0.0,0.0,0.033333,Bellevue_150th_Newport
3435,0.055653,0.001108,0.006707,0.0,0.0,0.066667,Bellevue_150th_Newport
3436,0.058921,0.003313,0.007447,0.0,0.0,0.066667,Bellevue_150th_Newport
3437,0.060965,0.005447,0.008134,0.033333,0.0,0.133333,Bellevue_150th_Newport
3438,0.057917,0.002887,0.007244,0.0,0.0,0.033333,Bellevue_150th_Newport
3439,0.059408,0.004264,0.00782,0.0,0.0,0.033333,Bellevue_150th_Newport
3440,0.057129,0.001801,0.00697,0.0,0.0,0.0,Bellevue_150th_Newport
3441,0.057891,0.002707,0.007217,0.033333,0.0,0.1,Bellevue_150th_Newport
3442,0.057958,0.002858,0.00734,0.216667,0.066667,0.033333,Bellevue_150th_Newport
3443,0.118311,0.023779,0.016487,0.0,0.0,0.0,Bellevue_150th_Newport
3444,0.189063,0.066162,0.035428,0.116667,0.066667,0.033333,Bellevue_150th_Newport
3445,0.210278,0.075377,0.040589,0.133333,0.066667,0.0,Bellevue_150th_Newport
3446,0.03758,-0.018578,-0.003527,0.216667,0.1,0.016667,Bellevue_150th_Newport
3447,0.215713,0.070062,0.039426,0.0,0.0,0.033333,Bellevue_150th_Newport
3448,0.052803,-0.002214,0.005548,0.033333,0.0,0.033333,Bellevue_150th_Newport
3449,0.056487,0.001002,0.006622,0.216667,0.066667,0.033333,Bellevue_150th_Newport
3450,0.200218,0.067459,0.036207,0.133333,0.083333,0.0,Bellevue_150th_Newport
3451,0.055356,-0.001407,0.00571,0.0,0.0,0.033333,Bellevue_150th_Newport
3452,0.052864,-0.002516,0.00532,0.0,0.0,0.0,Bellevue_150th_Newport
3453,0.053817,-0.000821,0.005906,0.033333,0.0,0.1,Bellevue_150th_Newport
3454,0.054473,-0.001077,0.005782,0.0,0.0,0.066667,Bellevue_150th_Newport
3455,0.054302,-0.001133,0.005899,0.033333,0.0,0.033333,Bellevue_150th_Newport
3456,0.054333,-0.000811,0.005984,0.033333,0.0,0.033333,Bellevue_150th_Newport
3457,0.328111,0.127255,0.063285,0.316667,0.1,0.116667,Bellevue_150th_Newport
3458,0.199001,0.066638,0.037119,0.033333,0.0,0.0,Bellevue_150th_Newport
3459,0.217191,0.074012,0.040537,0.188889,0.033333,0.033333,Bellevue_150th_Newport
3460,0.270763,0.09641,0.048063,0.0,0.0,0.0,Bellevue_150th_Newport
3461,0.062697,-0.001169,0.005069,0.0,0.0,0.033333,Bellevue_150th_Newport
3462,0.055138,-0.000742,0.005944,0.0,0.0,0.066667,Bellevue_150th_Newport
3463,0.053224,-0.002958,0.005233,0.033333,0.0,0.0,Bellevue_150th_Newport
3464,0.056937,0.001133,0.006802,0.133333,0.0,0.05,Bellevue_150th_Newport
3465,0.162507,0.061567,0.027789,0.25,0.1,0.033333,Bellevue_150th_Newport
3466,0.058828,0.000556,0.006531,0.0,0.0,0.033333,Bellevue_150th_Newport
3467,0.057172,0.000206,0.006418,0.0,0.0,0.033333,Bellevue_150th_Newport
3468,0.053719,-0.002537,0.005416,0.0,0.0,0.033333,Bellevue_150th_Newport
3469,0.055348,-0.000571,0.006083,0.0,0.0,0.033333,Bellevue_150th_Newport
3470,0.056068,-0.000563,0.006115,0.0,0.0,0.066667,Bellevue_150th_Newport
3471,0.249797,0.076045,0.046833,0.283333,0.066667,0.033333,Bellevue_150th_Newport
3472,0.298683,0.113545,0.058265,0.033333,0.0,0.0,Bellevue_150th_Newport
3473,0.158552,0.047949,0.025403,0.216667,0.066667,0.033333,Bellevue_150th_Newport
3474,0.221626,0.075232,0.041614,0.266667,0.1,0.0,Bellevue_150th_Newport
3475,0.241586,0.075712,0.044433,0.1,0.1,0.0,Bellevue_150th_Newport
3476,0.05899,0.000409,0.006452,0.05,0.0,0.066667,Bellevue_150th_Newport
3477,0.058837,0.002575,0.007188,0.0,0.0,0.0,Bellevue_150th_Newport
3478,0.060064,0.001655,0.006871,0.0,0.0,0.066667,Bellevue_150th_Newport
3479,0.060085,0.002128,0.007082,0.033333,0.0,0.033333,Bellevue_150th_Newport
3480,0.056879,-0.001201,0.005947,0.033333,0.0,0.133333,Bellevue_150th_Newport
3481,0.058375,0.00053,0.006536,0.0,0.0,0.0,Bellevue_150th_Newport
3482,0.053489,-0.002006,0.005661,0.0,0.0,0.066667,Bellevue_150th_Newport
3483,0.054555,-0.002873,0.005358,0.033333,0.0,0.066667,Bellevue_150th_Newport
3484,0.235575,0.088778,0.045145,0.433333,0.233333,0.0,Bellevue_150th_Newport
3485,0.301128,0.100295,0.054312,0.116667,0.066667,0.033333,Bellevue_150th_Newport
3486,0.218193,0.069012,0.036727,0.2,0.1,0.0,Bellevue_150th_Newport
3487,0.055371,-0.010076,-0.002348,0.1,0.033333,0.0,Bellevue_150th_Newport
3488,0.304774,0.109792,0.058468,0.083333,0.066667,0.0,Bellevue_150th_Newport
3489,0.072569,0.010756,0.010223,0.3,0.0,0.033333,Bellevue_150th_Newport
3490,0.129964,0.038426,0.0205,0.066667,0.033333,0.0,Bellevue_150th_Newport
3491,0.055439,-0.001198,0.005831,0.0,0.0,0.033333,Bellevue_150th_Newport
3492,0.05476,-0.001462,0.005877,0.0,0.0,0.0,Bellevue_150th_Newport
3493,0.055726,0.000945,0.006721,0.033333,0.033333,0.0,Bellevue_150th_Newport
3494,0.062977,0.002803,0.00719,0.0,0.0,0.0,Bellevue_150th_Newport
3495,0.055316,-0.000167,0.006401,0.066667,0.033333,0.033333,Bellevue_150th_Newport
3496,0.270175,0.10001,0.050315,0.033333,0.0,0.033333,Bellevue_150th_Newport
3497,0.137916,0.04923,0.026323,0.687778,0.113889,0.006667,Bellevue_150th_Newport
3498,0.471643,0.154736,0.091723,0.166667,0.1,0.0,Bellevue_150th_Newport
3499,0.066732,0.000986,0.006405,0.116667,0.05,0.0,Bellevue_150th_Newport
3500,0.15467,0.031601,0.022017,0.016667,0.0,0.0,Bellevue_150th_Newport
3501,0.053963,-0.001672,0.005738,0.05,0.033333,0.0,Bellevue_150th_Newport
3502,0.101283,0.01574,0.012263,0.183333,0.1,0.0,Bellevue_150th_Newport
3503,0.264091,0.093146,0.050509,0.275,0.113889,0.027778,Bellevue_150th_Newport
3504,0.430758,0.152784,0.085961,0.133333,0.033333,0.0,Bellevue_150th_Newport
3505,0.222467,0.069518,0.040467,0.0,0.0,0.033333,Bellevue_150th_Newport
3506,0.053775,-0.002205,0.005656,0.0,0.0,0.1,Bellevue_150th_Newport
3507,0.052302,-0.003708,0.005114,0.0,0.0,0.0,Bellevue_150th_Newport
3508,0.210224,0.063619,0.037948,0.2,0.066667,0.0,Bellevue_150th_Newport
3509,0.203541,0.073696,0.037243,0.066667,0.066667,0.033333,Bellevue_150th_Newport
3510,0.165087,0.054641,0.028215,0.033333,0.0,0.033333,Bellevue_150th_Newport
3511,0.054572,-0.00147,0.005944,0.033333,0.033333,0.033333,Bellevue_150th_Newport
3512,0.427424,0.153321,0.085698,0.472222,0.216667,0.066667,Bellevue_150th_Newport
3513,0.307974,0.103256,0.055942,0.233333,0.133333,0.066667,Bellevue_150th_Newport
3514,0.082935,0.0046,0.007496,0.0,0.0,0.0,Bellevue_150th_Newport
3515,0.049781,-0.006448,0.004172,0.0,0.0,0.0,Bellevue_150th_Newport
3516,0.055335,-0.001068,0.006073,0.2,0.1,0.033333,Bellevue_150th_Newport
3517,0.230537,0.080429,0.042317,0.333333,0.233333,0.033333,Bellevue_150th_Newport
3518,0.061419,0.00028,0.006443,0.0,0.0,0.066667,Bellevue_150th_Newport
3519,0.052649,-0.003921,0.00499,0.0,0.0,0.033333,Bellevue_150th_Newport
3520,0.052935,-0.003381,0.00518,0.033333,0.0,0.033333,Bellevue_150th_Newport
3521,0.054497,-0.001724,0.00584,0.0,0.0,0.066667,Bellevue_150th_Newport
3522,0.051962,-0.003898,0.005095,0.0,0.0,0.1,Bellevue_150th_Newport
3523,0.05284,-0.003384,0.005282,0.236111,0.044444,0.05,Bellevue_150th_Newport
3524,0.310669,0.122041,0.059922,0.238889,0.111111,0.027778,Bellevue_150th_Newport
3525,0.332323,0.108369,0.061682,0.216667,0.116667,0.05,Bellevue_150th_Newport
3526,0.076263,0.005097,0.008312,0.0,0.0,0.066667,Bellevue_150th_Newport
3527,0.054313,-0.001853,0.005757,0.05,0.0,0.05,Bellevue_150th_Newport
3528,0.426159,0.151816,0.085001,0.316667,0.183333,0.05,Bellevue_150th_Newport
3529,0.082534,0.008216,0.009586,0.0,0.0,0.0,Bellevue_150th_Newport
3530,0.054097,-0.002432,0.005595,0.033333,0.0,0.0,Bellevue_150th_Newport
3531,0.311697,0.111273,0.061297,0.233333,0.166667,0.0,Bellevue_150th_Newport
3532,0.314036,0.114324,0.063054,0.383333,0.144444,0.0,Bellevue_150th_Newport
3533,0.450451,0.158308,0.088661,0.166667,0.033333,0.133333,Bellevue_150th_Newport
3534,0.099141,0.010251,0.010035,0.033333,0.0,0.066667,Bellevue_150th_Newport
3535,0.057055,0.000187,0.006491,0.0,0.0,0.166667,Bellevue_150th_Newport
3536,0.054447,-0.002439,0.005539,0.066667,0.033333,0.0,Bellevue_150th_Newport
3537,0.06811,0.00463,0.008109,0.1,0.033333,0.0,Bellevue_150th_Newport
3538,0.154877,0.048865,0.026582,0.35,0.216667,0.033333,Bellevue_150th_Newport
3539,0.304473,0.10661,0.059948,0.166667,0.133333,0.0,Bellevue_150th_Newport
3540,0.051213,-0.00505,0.004658,0.016667,0.0,0.1,Bellevue_150th_Newport
3541,0.057165,0.000578,0.006575,0.2,0.033333,0.116667,Bellevue_150th_Newport
3542,0.288707,0.101054,0.05328,0.683333,0.333333,0.4,Bellevue_150th_Newport
3543,0.40472,0.13036,0.078708,0.066667,0.033333,0.0,Bellevue_150th_Newport
3544,0.065807,0.001124,0.006635,0.033333,0.0,0.133333,Bellevue_150th_Newport
3545,0.055122,-0.001188,0.006043,0.0,0.0,0.233333,Bellevue_150th_Newport
3546,0.053726,-0.002934,0.005452,0.0,0.0,0.033333,Bellevue_150th_Newport
3547,0.054566,-0.003075,0.005443,0.0,0.0,0.033333,Bellevue_150th_Newport
3548,0.052275,-0.004983,0.004594,0.0,0.0,0.066667,Bellevue_150th_Newport
3549,0.133017,0.046466,0.025196,0.333333,0.1,0.166667,Bellevue_150th_Newport
3550,0.07621,0.003991,0.007733,0.033333,0.0,0.066667,Bellevue_150th_Newport
3551,0.052164,-0.004853,0.004604,0.0,0.0,0.066667,Bellevue_150th_Newport
3552,0.051901,-0.004907,0.004784,0.0,0.0,0.0,Bellevue_150th_Newport
3553,0.053928,-0.003248,0.005349,0.0,0.0,0.0,Bellevue_150th_Newport
3554,0.054143,-0.002806,0.005441,0.066667,0.033333,0.066667,Bellevue_150th_Newport
3555,0.348891,0.127527,0.071545,0.7,0.333333,0.116667,Bellevue_150th_Newport
3556,0.228785,0.076794,0.042257,0.0,0.0,0.0,Bellevue_150th_Newport
3557,0.058703,0.000912,0.006783,0.05,0.033333,0.016667,Bellevue_150th_Newport
3558,0.222884,0.077686,0.040779,0.066667,0.033333,0.066667,Bellevue_150th_Newport
3559,0.057359,-0.000269,0.006402,0.0,0.0,0.033333,Bellevue_150th_Newport
3560,0.054002,-0.003587,0.005162,0.033333,0.0,0.033333,Bellevue_150th_Newport
3561,0.099502,0.012396,0.011246,0.1,0.0,0.0,Bellevue_150th_Newport
3562,0.05548,-0.002058,0.005778,0.111111,0.011111,0.066667,Bellevue_150th_Newport
3563,0.265415,0.085637,0.050761,0.0,0.0,0.0,Bellevue_150th_Newport
3564,0.052522,-0.003887,0.005176,0.033333,0.0,0.066667,Bellevue_150th_Newport
3565,0.052186,-0.004458,0.004848,0.0,0.0,0.033333,Bellevue_150th_Newport
3566,0.196825,0.057851,0.034666,0.0,0.0,0.0,Bellevue_150th_Newport
3567,0.240439,0.095463,0.045818,0.1,0.016667,0.016667,Bellevue_150th_Newport
3568,0.049825,-0.006036,0.004276,0.1,0.066667,0.033333,Bellevue_150th_Newport
3569,0.181651,0.063408,0.032376,0.0,0.0,0.033333,Bellevue_150th_Newport
3570,0.053551,-0.003324,0.005216,0.0,0.0,0.033333,Bellevue_150th_Newport
3571,0.054295,-0.002263,0.00569,0.0,0.0,0.0,Bellevue_150th_Newport
3572,0.127805,0.040585,0.023199,0.15,0.066667,0.033333,Bellevue_150th_Newport
3573,0.039906,-0.014472,2.2e-05,0.0,0.0,0.066667,Bellevue_150th_Newport
3574,0.053944,-0.002048,0.00572,0.0,0.0,0.033333,Bellevue_150th_Newport
3575,0.056226,-0.000649,0.006233,0.0,0.0,0.0,Bellevue_150th_Newport
3576,0.051129,-0.005299,0.004469,0.033333,0.0,0.0,Bellevue_150th_Newport
3577,0.205148,0.068886,0.037762,0.066667,0.0,0.0,Bellevue_150th_Newport
3578,0.155308,0.056765,0.02588,0.416667,0.133333,0.066667,Bellevue_150th_Newport
3579,0.34967,0.12016,0.066879,0.0,0.0,0.0,Bellevue_150th_Newport
3580,0.054487,-0.003726,0.004959,0.0,0.0,0.0,Bellevue_150th_Newport
3581,0.053612,-0.002883,0.005353,0.033333,0.0,0.066667,Bellevue_150th_Newport
3582,0.052942,-0.003505,0.005165,0.2,0.033333,0.033333,Bellevue_150th_Newport
3583,0.276773,0.094874,0.051341,0.233333,0.116667,0.033333,Bellevue_150th_Newport
3584,0.063816,0.00217,0.007237,0.0,0.0,0.066667,Bellevue_150th_Newport
3585,0.05388,-0.002808,0.005349,0.133333,0.066667,0.033333,Bellevue_150th_Newport
3586,0.068901,0.001984,0.006411,0.0,0.0,0.0,Bellevue_150th_Newport
3587,0.054806,-0.002119,0.005747,0.088889,0.0,0.066667,Bellevue_150th_Newport
3588,0.291149,0.107083,0.052111,0.133333,0.0,0.033333,Bellevue_150th_Newport
3589,0.097014,0.010135,0.010086,0.0,0.0,0.066667,Bellevue_150th_Newport
3590,0.050186,-0.006261,0.004048,0.0,0.0,0.0,Bellevue_150th_Newport
3591,0.055373,-0.001044,0.006139,0.0,0.0,0.066667,Bellevue_150th_Newport
3592,0.319237,0.117122,0.062247,0.194444,0.066667,0.0,Bellevue_150th_Newport
3593,0.306722,0.104081,0.055996,0.333333,0.166667,0.016667,Bellevue_150th_Newport
3594,0.079984,0.005755,0.008205,0.177778,0.066667,0.127778,Bellevue_150th_Newport
3595,0.324641,0.121385,0.064791,0.166667,0.133333,0.0,Bellevue_150th_Newport
3596,0.188353,0.046746,0.029711,0.0,0.0,0.133333,Bellevue_150th_Newport
3597,0.056667,-0.000195,0.006299,0.016667,0.0,0.0,Bellevue_150th_Newport
3598,0.136433,0.034831,0.021452,0.033333,0.0,0.033333,Bellevue_150th_Newport
3599,0.100172,0.016214,0.012978,0.0,0.0,0.066667,Bellevue_150th_Newport
3600,0.05202,-0.004186,0.004978,0.0,0.0,0.033333,Bellevue_150th_Newport
3601,0.054987,-0.00109,0.006005,0.033333,0.0,0.033333,Bellevue_150th_Newport
3602,0.053485,-0.002497,0.005561,0.033333,0.0,0.0,Bellevue_150th_Newport
3603,0.31863,0.110033,0.06139,0.1,0.033333,0.066667,Bellevue_150th_Newport
3604,0.302204,0.107346,0.059584,0.316667,0.066667,0.033333,Bellevue_150th_Newport
3605,0.313686,0.113372,0.058062,0.033333,0.0,0.0,Bellevue_150th_Newport
3606,0.078718,0.004645,0.007506,0.0,0.0,0.066667,Bellevue_150th_Newport
3607,0.167836,0.065856,0.033607,0.266667,0.1,0.133333,Bellevue_150th_Newport
3608,0.074333,0.005259,0.008197,0.0,0.0,0.0,Bellevue_150th_Newport
3609,0.052404,-0.002634,0.00552,0.0,0.0,0.066667,Bellevue_150th_Newport
3610,0.053523,-0.002049,0.005698,0.0,0.0,0.033333,Bellevue_150th_Newport
3611,0.053914,-0.00212,0.005705,0.0,0.0,0.066667,Bellevue_150th_Newport
3612,0.054114,-0.001361,0.005954,0.066667,0.0,0.066667,Bellevue_150th_Newport
3613,0.05773,0.00217,0.007128,0.083333,0.05,0.033333,Bellevue_150th_Newport
3614,0.176237,0.06671,0.032315,0.3,0.066667,0.116667,Bellevue_150th_Newport
3615,0.274805,0.095226,0.051086,0.55,0.2,0.283333,Bellevue_150th_Newport
3616,0.25201,0.083262,0.046577,0.066667,0.033333,0.033333,Bellevue_150th_Newport
3617,0.059829,0.002868,0.007344,0.0,0.0,0.033333,Bellevue_150th_Newport
3618,0.17486,0.067434,0.033476,0.0,0.0,0.066667,Bellevue_150th_Newport
3619,0.096747,0.017253,0.012556,0.0,0.0,0.066667,Bellevue_150th_Newport
3620,0.099428,0.031965,0.018695,0.366667,0.166667,0.05,Bellevue_150th_Newport
3621,0.296081,0.099883,0.057975,0.161111,0.033333,0.011111,Bellevue_150th_Newport
3622,0.083558,0.025228,0.012622,0.0,0.0,0.033333,Bellevue_150th_Newport
3623,0.235917,0.073252,0.044091,0.033333,0.033333,0.0,Bellevue_150th_Newport
3624,0.334883,0.123992,0.066935,0.205556,0.05,0.033333,Bellevue_150th_Newport
3625,0.062994,0.00395,0.007718,0.166667,0.033333,0.0,Bellevue_150th_Newport
3626,0.2618,0.097798,0.05045,0.366667,0.2,0.0,Bellevue_150th_Newport
3627,0.247916,0.08668,0.042525,0.533333,0.183333,0.0,Bellevue_150th_Newport
3628,0.216865,0.067217,0.037042,0.266667,0.033333,0.0,Bellevue_150th_Newport
3629,0.273397,0.108361,0.04976,0.2,0.133333,0.0,Bellevue_150th_Newport
3630,0.240193,0.078031,0.041546,0.116667,0.033333,0.05,Bellevue_150th_Newport
3631,0.06053,0.001735,0.006991,0.0,0.0,0.1,Bellevue_150th_Newport
3632,0.056718,0.000605,0.006692,0.033333,0.0,0.0,Bellevue_150th_Newport
3633,0.055331,-0.000149,0.006402,0.0,0.0,0.033333,Bellevue_150th_Newport
3634,0.053489,-0.002618,0.005542,0.033333,0.0,0.0,Bellevue_150th_Newport
3635,0.056813,-0.000112,0.006442,0.366667,0.111111,0.1,Bellevue_150th_Newport
3636,0.384582,0.140171,0.078884,0.477778,0.127778,0.0,Bellevue_150th_Newport
3637,0.283595,0.08426,0.048681,0.183333,0.033333,0.066667,Bellevue_150th_Newport
3638,0.065337,0.003931,0.0076,0.0,0.0,0.066667,Bellevue_150th_Newport
3639,0.054795,-0.000973,0.006123,0.05,0.0,0.0,Bellevue_150th_Newport
3640,0.220172,0.078126,0.042973,0.383333,0.033333,0.283333,Bellevue_150th_Newport
3641,0.080759,0.02657,0.015934,0.0,0.0,0.066667,Bellevue_150th_Newport
3642,0.091173,0.034096,0.018701,0.322222,0.066667,0.083333,Bellevue_150th_Newport
3643,0.345412,0.132577,0.0694,0.3,0.066667,0.05,Bellevue_150th_Newport
3644,0.180345,0.067103,0.034893,0.0,0.0,0.1,Bellevue_150th_Newport
3645,0.082378,0.028111,0.016581,0.0,0.0,0.0,Bellevue_150th_Newport
3646,0.088913,0.034096,0.01872,0.0,0.0,0.166667,Bellevue_150th_Newport
3647,0.079511,0.02628,0.015867,0.0,0.0,0.1,Bellevue_150th_Newport
3648,0.078126,0.02528,0.015425,0.0,0.0,0.066667,Bellevue_150th_Newport
3649,0.078463,0.025354,0.015385,0.0,0.0,0.066667,Bellevue_150th_Newport
3650,0.275604,0.104912,0.055853,0.4,0.2,0.033333,Bellevue_150th_Newport
3651,0.378493,0.1461,0.077375,0.066667,0.066667,0.033333,Bellevue_150th_Newport
3652,0.086227,0.031393,0.017851,0.0,0.0,0.033333,Bellevue_150th_Newport
3653,0.081561,0.028421,0.01672,0.0,0.0,0.033333,Bellevue_150th_Newport
3654,0.084107,0.030482,0.017324,0.016667,0.0,0.066667,Bellevue_150th_Newport
3655,0.086486,0.031133,0.017618,0.0,0.0,0.033333,Bellevue_150th_Newport
3656,0.079428,0.026261,0.015949,0.0,0.0,0.033333,Bellevue_150th_Newport
3657,0.08462,0.029688,0.017178,0.272222,0.102778,0.033333,Bellevue_150th_Newport
3658,0.545007,0.197207,0.104442,0.355556,0.169444,0.05,Bellevue_150th_Newport
3659,0.448754,0.162922,0.089016,0.35,0.044444,0.094444,Bellevue_150th_Newport
3660,0.279435,0.078888,0.047996,0.016667,0.0,0.0,Bellevue_150th_Newport
3661,0.085601,0.03046,0.017401,0.0,0.0,0.033333,Bellevue_150th_Newport
3662,0.079388,0.02638,0.015907,0.066667,0.033333,0.0,Bellevue_150th_Newport
3663,0.438776,0.160556,0.088355,0.133333,0.1,0.0,Bellevue_150th_Newport
3664,0.093001,0.033357,0.01857,0.383333,0.133333,0.066667,Bellevue_150th_Newport
3665,0.331386,0.128236,0.067777,0.772222,0.616667,0.033333,Bellevue_150th_Newport
3666,0.530672,0.186178,0.102092,0.461111,0.311111,0.016667,Bellevue_150th_Newport
3667,0.346238,0.123437,0.071312,0.033333,0.0,0.0,Bellevue_150th_Newport
3668,0.081994,0.027668,0.016376,0.3,0.033333,0.116667,Bellevue_150th_Newport
3669,0.293403,0.114714,0.056685,0.1,0.066667,0.033333,Bellevue_150th_Newport
3670,0.086457,0.031341,0.017688,0.0,0.0,0.0,Bellevue_150th_Newport
3671,0.076841,0.024472,0.01518,0.05,0.0,0.1,Bellevue_150th_Newport
3672,0.290838,0.117986,0.059656,0.45,0.133333,0.116667,Bellevue_150th_Newport
3673,0.355784,0.134141,0.072216,0.4,0.25,0.133333,Bellevue_150th_Newport
3674,0.099609,0.025902,0.015987,0.066667,0.033333,0.0,Bellevue_150th_Newport
3675,0.357315,0.129478,0.070945,0.083333,0.066667,0.0,Bellevue_150th_Newport
3676,0.457594,0.153317,0.089464,0.116667,0.0,0.033333,Bellevue_150th_Newport
3677,0.361103,0.134618,0.074027,0.561111,0.083333,0.233333,Bellevue_150th_Newport
3678,0.39798,0.140409,0.080845,0.188889,0.066667,0.033333,Bellevue_150th_Newport
3679,0.092578,0.025602,0.015574,0.0,0.0,0.033333,Bellevue_150th_Newport
3680,0.087909,0.024011,0.014952,0.0,0.0,0.033333,Bellevue_150th_Newport
3681,0.080324,0.018473,0.01268,0.066667,0.0,0.016667,Bellevue_150th_Newport
3682,0.346432,0.137362,0.071049,0.3,0.05,0.044444,Bellevue_150th_Newport
3683,0.486725,0.164413,0.094764,0.197222,0.144444,0.008333,Bellevue_150th_Newport
3684,0.347366,0.123492,0.069421,0.1,0.0,0.033333,Bellevue_150th_Newport
3685,0.076937,0.023704,0.014943,0.205556,0.066667,0.066667,Bellevue_150th_Newport
3686,0.289337,0.115554,0.056933,0.066667,0.033333,0.0,Bellevue_150th_Newport
3687,0.08065,0.026832,0.016039,0.05,0.033333,0.066667,Bellevue_150th_Newport
3688,0.308284,0.121222,0.059628,0.158333,0.075,0.033333,Bellevue_150th_Newport
3689,0.116756,0.039273,0.02178,0.033333,0.0,0.0,Bellevue_150th_Newport
3690,0.082133,0.028499,0.016612,0.0,0.0,0.133333,Bellevue_150th_Newport
3691,0.080958,0.02714,0.016164,0.216667,0.033333,0.133333,Bellevue_150th_Newport
3692,0.297518,0.114181,0.057048,0.583333,0.111111,0.416667,Bellevue_150th_Newport
3693,0.422779,0.1599,0.084622,0.333333,0.0,0.1,Bellevue_150th_Newport
3694,0.302827,0.105151,0.053359,0.083333,0.0,0.033333,Bellevue_150th_Newport
3695,0.095719,0.032914,0.01872,0.0,0.0,0.066667,Bellevue_150th_Newport
3696,0.076656,0.023687,0.015024,0.016667,0.0,0.1,Bellevue_150th_Newport
3697,0.28412,0.118033,0.056927,0.533333,0.3,0.066667,Bellevue_150th_Newport
3698,0.526146,0.191796,0.101992,0.366667,0.166667,0.016667,Bellevue_150th_Newport
3699,0.475831,0.175724,0.093915,0.280556,0.141667,0.061111,Bellevue_150th_Newport
3700,0.24801,0.087813,0.048288,0.0,0.0,0.033333,Bellevue_150th_Newport
3701,0.084307,0.029319,0.017052,0.133333,0.066667,0.033333,Bellevue_150th_Newport
3702,0.346887,0.129801,0.070358,0.316667,0.066667,0.166667,Bellevue_150th_Newport
3703,0.157132,0.052712,0.028821,0.0,0.0,0.0,Bellevue_150th_Newport
3704,0.08808,0.031637,0.017866,0.083333,0.033333,0.016667,Bellevue_150th_Newport
3705,0.107164,0.035189,0.019873,0.166667,0.166667,0.0,Bellevue_150th_Newport
3706,0.394628,0.137738,0.079555,0.655556,0.266667,0.1,Bellevue_150th_Newport
3707,0.480071,0.170659,0.093954,0.547222,0.280556,0.105556,Bellevue_150th_Newport
3708,0.518673,0.173409,0.099823,0.194444,0.116667,0.05,Bellevue_150th_Newport
3709,0.470979,0.154543,0.093102,0.316667,0.083333,0.066667,Bellevue_150th_Newport
3710,0.355857,0.121983,0.073477,0.45,0.044444,0.116667,Bellevue_150th_Newport
3711,0.29035,0.095152,0.0567,0.166667,0.1,0.0,Bellevue_150th_Newport
3712,0.296136,0.111117,0.059941,0.033333,0.033333,0.0,Bellevue_150th_Newport
3713,0.084552,0.021245,0.0138,0.0,0.0,0.1,Bellevue_150th_Newport
3714,0.147172,0.057482,0.029132,0.133333,0.011111,0.033333,Bellevue_150th_Newport
3715,0.393873,0.136473,0.079939,0.361111,0.172222,0.0,Bellevue_150th_Newport
3716,0.493957,0.16878,0.096255,0.4,0.133333,0.066667,Bellevue_150th_Newport
3717,0.132709,0.037636,0.022084,0.188889,0.066667,0.033333,Bellevue_150th_Newport
3718,0.30227,0.107385,0.060258,0.4,0.266667,0.0,Bellevue_150th_Newport
3719,0.393616,0.142288,0.07915,0.033333,0.033333,0.0,Bellevue_150th_Newport
3720,0.176885,0.062566,0.03295,0.4,0.1,0.05,Bellevue_150th_Newport
3721,0.412314,0.147967,0.082205,0.266667,0.083333,0.016667,Bellevue_150th_Newport
3722,0.335187,0.116086,0.068065,0.333333,0.233333,0.033333,Bellevue_150th_Newport
3723,0.140549,0.034756,0.02139,0.466667,0.266667,0.166667,Bellevue_150th_Newport
3724,0.312063,0.105229,0.062743,0.0,0.0,0.0,Bellevue_150th_Newport
3725,0.086705,0.023122,0.014624,0.166667,0.0,0.0,Bellevue_150th_Newport
3726,0.445799,0.16607,0.089561,0.383333,0.25,0.033333,Bellevue_150th_Newport
3727,0.377231,0.141471,0.075218,0.538889,0.088889,0.033333,Bellevue_150th_Newport
3728,0.427466,0.146656,0.084809,0.375,0.169444,0.05,Bellevue_150th_Newport
3729,0.303617,0.106996,0.059156,0.066667,0.033333,0.0,Bellevue_150th_Newport
3730,0.266823,0.105887,0.051007,0.083333,0.0,0.1,Bellevue_150th_Newport
3731,0.08625,0.022928,0.014392,0.266667,0.066667,0.066667,Bellevue_150th_Newport
3732,0.308539,0.104091,0.062005,0.438889,0.116667,0.161111,Bellevue_150th_Newport
3733,0.506508,0.181841,0.099046,0.616667,0.333333,0.133333,Bellevue_150th_Newport
3734,0.348999,0.119135,0.070375,0.0,0.0,0.0,Bellevue_150th_Newport
3735,0.094032,0.027359,0.016305,0.066667,0.0,0.033333,Bellevue_150th_Newport
3736,0.249186,0.08727,0.047094,0.1,0.0,0.0,Bellevue_150th_Newport
3737,0.497735,0.177327,0.097806,0.6,0.255556,0.05,Bellevue_150th_Newport
3738,0.342261,0.116036,0.069947,0.133333,0.033333,0.0,Bellevue_150th_Newport
3739,0.406323,0.151137,0.082686,0.65,0.3,0.1,Bellevue_150th_Newport
3740,0.402681,0.142039,0.081539,0.283333,0.05,0.033333,Bellevue_150th_Newport
3741,0.373947,0.133876,0.077043,0.238889,0.133333,0.016667,Bellevue_150th_Newport
3742,0.403952,0.14589,0.07996,0.333333,0.15,0.0,Bellevue_150th_Newport
3743,0.450999,0.150162,0.089419,0.566667,0.361111,0.144444,Bellevue_150th_Newport
3744,0.421575,0.144063,0.08399,0.133333,0.066667,0.033333,Bellevue_150th_Newport
3745,0.10283,0.028668,0.017173,0.0,0.0,0.0,Bellevue_150th_Newport
3746,0.099805,0.031151,0.017817,0.0,0.0,0.066667,Bellevue_150th_Newport
3747,0.100192,0.030888,0.017711,0.122222,0.033333,0.1,Bellevue_150th_Newport
3748,0.349876,0.109249,0.069315,0.066667,0.0,0.0,Bellevue_150th_Newport
3749,0.153155,0.061506,0.03066,0.1,0.033333,0.033333,Bellevue_150th_Newport
3750,0.132056,0.041688,0.023181,0.0,0.0,0.066667,Bellevue_150th_Newport
3751,0.107077,0.035318,0.019512,0.0,0.0,0.0,Bellevue_150th_Newport
3752,0.381569,0.139863,0.078668,0.338889,0.011111,0.094444,Bellevue_150th_Newport
3753,0.426748,0.15535,0.085679,0.166667,0.05,0.0,Bellevue_150th_Newport
3754,0.363936,0.118113,0.072665,0.0,0.0,0.0,Bellevue_150th_Newport
3755,0.305327,0.108622,0.061956,0.15,0.033333,0.016667,Bellevue_150th_Newport
3756,0.130383,0.044532,0.021725,0.0,0.0,0.033333,Bellevue_150th_Newport
3757,0.113783,0.03874,0.020928,0.0,0.0,0.0,Bellevue_150th_Newport
3758,0.109645,0.038315,0.020545,0.033333,0.0,0.0,Bellevue_150th_Newport
3759,0.234086,0.095224,0.047468,0.45,0.216667,0.05,Bellevue_150th_Newport
3760,0.375772,0.133954,0.076648,0.116667,0.083333,0.0,Bellevue_150th_Newport
3761,0.11556,0.039265,0.021245,0.033333,0.0,0.0,Bellevue_150th_Newport
3762,0.383681,0.138065,0.079344,0.233333,0.116667,0.0,Bellevue_150th_Newport
3763,0.383601,0.141156,0.07728,0.461111,0.333333,0.033333,Bellevue_150th_Newport
3764,0.564581,0.181983,0.105401,0.447222,0.258333,0.027778,Bellevue_150th_Newport
3765,0.427475,0.151855,0.086141,0.116667,0.033333,0.0,Bellevue_150th_Newport
3766,0.349782,0.120403,0.071696,0.0,0.0,0.033333,Bellevue_150th_Newport
3767,0.117468,0.041605,0.022056,0.066667,0.033333,0.0,Bellevue_150th_Newport
3768,0.38276,0.144797,0.078647,0.016667,0.016667,0.033333,Bellevue_150th_Newport
3769,0.129006,0.048658,0.025115,0.016667,0.0,0.083333,Bellevue_150th_Newport
3770,0.127868,0.049238,0.025132,0.066667,0.0,0.033333,Bellevue_150th_Newport
3771,0.124928,0.045739,0.023886,0.0,0.0,0.0,Bellevue_150th_Newport
3772,0.337162,0.134761,0.068793,0.211111,0.066667,0.033333,Bellevue_150th_Newport
3773,0.407752,0.150733,0.082363,0.0,0.0,0.0,Bellevue_150th_Newport
3774,0.219591,0.07153,0.041046,0.066667,0.066667,0.0,Bellevue_150th_Newport
3775,0.430581,0.165639,0.086978,0.15,0.066667,0.016667,Bellevue_150th_Newport
3776,0.462919,0.168205,0.092478,0.666667,0.233333,0.133333,Bellevue_150th_Newport
3777,0.447651,0.156166,0.089454,0.033333,0.033333,0.0,Bellevue_150th_Newport
3778,0.341635,0.125285,0.070301,0.394444,0.044444,0.0,Bellevue_150th_Newport
3779,0.324892,0.118409,0.06542,0.0,0.0,0.0,Bellevue_150th_Newport
3780,0.435943,0.162579,0.087825,0.833333,0.216667,0.177778,Bellevue_150th_Newport
3781,0.575555,0.201428,0.108115,0.586111,0.261111,0.119444,Bellevue_150th_Newport
3782,0.371216,0.138234,0.076202,0.25,0.027778,0.0,Bellevue_150th_Newport
3783,0.451038,0.142003,0.089411,0.479444,0.284444,0.055556,Bellevue_150th_Newport
3784,0.523891,0.178297,0.100712,0.311111,0.172222,0.0,Bellevue_150th_Newport
3785,0.163706,0.056812,0.030312,0.3,0.161111,0.033333,Bellevue_150th_Newport
3786,0.424237,0.152063,0.085776,0.233333,0.1,0.033333,Bellevue_150th_Newport
3787,0.253701,0.079741,0.046937,0.05,0.0,0.0,Bellevue_150th_Newport
3788,0.158777,0.061356,0.031241,0.033333,0.0,0.0,Bellevue_150th_Newport
3789,0.331107,0.123931,0.066714,0.0,0.0,0.0,Bellevue_150th_Newport
3790,0.255121,0.097238,0.051565,0.428333,0.062222,0.138889,Bellevue_150th_Newport
3791,0.537394,0.187719,0.10295,0.676667,0.208333,0.138333,Bellevue_150th_Newport
3792,0.572126,0.185018,0.106473,0.088889,0.016667,0.044444,Bellevue_150th_Newport
3793,0.550008,0.196656,0.104951,0.733333,0.388889,0.061111,Bellevue_150th_Newport
3794,0.52337,0.174014,0.100363,0.2,0.094444,0.016667,Bellevue_150th_Newport
3795,0.325701,0.11303,0.067547,0.216667,0.0,0.083333,Bellevue_150th_Newport
3796,0.470098,0.168609,0.093233,0.616667,0.15,0.2,Bellevue_150th_Newport
3797,0.449782,0.16126,0.089822,0.1,0.066667,0.033333,Bellevue_150th_Newport
3798,0.282554,0.101154,0.05684,0.2,0.033333,0.0,Bellevue_150th_Newport
3799,0.508169,0.184104,0.09948,0.733333,0.1,0.266667,Bellevue_150th_Newport
3800,0.4723,0.172584,0.093438,0.45,0.216667,0.1,Bellevue_150th_Newport
3801,0.431574,0.151743,0.087246,0.316667,0.166667,0.0,Bellevue_150th_Newport
3802,0.368068,0.128067,0.074423,0.188889,0.094444,0.0,Bellevue_150th_Newport
3803,0.420625,0.148576,0.085321,0.1,0.033333,0.0,Bellevue_150th_Newport
3804,0.412678,0.158754,0.082966,0.533333,0.3,0.083333,Bellevue_150th_Newport
3805,0.371478,0.12889,0.076923,0.283333,0.033333,0.1,Bellevue_150th_Newport
3806,0.428654,0.160508,0.086133,0.2,0.083333,0.0,Bellevue_150th_Newport
3807,0.291391,0.099739,0.058804,0.2,0.066667,0.0,Bellevue_150th_Newport
3808,0.463262,0.167443,0.092058,0.283333,0.133333,0.133333,Bellevue_150th_Newport
3809,0.462083,0.160693,0.092333,0.388889,0.216667,0.033333,Bellevue_150th_Newport
3810,0.513981,0.186582,0.100294,0.105556,0.016667,0.033333,Bellevue_150th_Newport
3811,0.268265,0.100059,0.054814,0.0,0.0,0.0,Bellevue_150th_Newport
3812,0.20124,0.081505,0.041121,0.066667,0.0,0.0,Bellevue_150th_Newport
3813,0.381811,0.142649,0.079139,0.366667,0.266667,0.033333,Bellevue_150th_Newport
3814,0.26303,0.098716,0.053764,0.15,0.066667,0.033333,Bellevue_150th_Newport
3815,0.425511,0.147096,0.085789,0.133333,0.0,0.0,Bellevue_150th_Newport
3816,0.491014,0.181432,0.096931,0.333333,0.166667,0.066667,Bellevue_150th_Newport
3817,0.30752,0.10673,0.063303,0.188889,0.033333,0.061111,Bellevue_150th_Newport
3818,0.563141,0.20113,0.106733,0.55,0.05,0.0,Bellevue_150th_Newport
3819,0.496376,0.176826,0.097678,0.383333,0.116667,0.066667,Bellevue_150th_Newport
3820,0.485588,0.174034,0.096256,0.45,0.344444,0.066667,Bellevue_150th_Newport
3821,0.294838,0.100342,0.059684,0.0,0.0,0.0,Bellevue_150th_Newport
3822,0.22879,0.093638,0.047245,0.216667,0.116667,0.0,Bellevue_150th_Newport
3823,0.404888,0.139317,0.082881,0.0,0.0,0.0,Bellevue_150th_Newport
3824,0.22956,0.092549,0.047298,0.033333,0.0,0.0,Bellevue_150th_Newport
3825,0.435322,0.150046,0.087445,0.455556,0.2,0.094444,Bellevue_150th_Newport
3826,0.544183,0.193191,0.104039,0.033333,0.033333,0.0,Bellevue_150th_Newport
3827,0.320112,0.111698,0.066477,0.2,0.066667,0.0,Bellevue_150th_Newport
3828,0.264681,0.099961,0.05473,0.0,0.0,0.0,Bellevue_150th_Newport
3829,0.224997,0.089411,0.04629,0.033333,0.0,0.0,Bellevue_150th_Newport
3830,0.241299,0.096407,0.049805,0.283333,0.066667,0.116667,Bellevue_150th_Newport
3831,0.363709,0.135912,0.074884,0.1,0.066667,0.033333,Bellevue_150th_Newport
3832,0.256792,0.099508,0.053058,0.0,0.0,0.0,Bellevue_150th_Newport
3833,0.36091,0.132955,0.075489,0.155556,0.094444,0.0,Bellevue_150th_Newport
3834,0.499048,0.177075,0.097968,0.304444,0.047778,0.066667,Bellevue_150th_Newport
3835,0.504937,0.172799,0.098266,0.133333,0.011111,0.0,Bellevue_150th_Newport
3836,0.449883,0.154441,0.090268,0.283333,0.216667,0.0,Bellevue_150th_Newport
3837,0.417204,0.144456,0.084577,0.255556,0.1,0.061111,Bellevue_150th_Newport
3838,0.460268,0.155792,0.091815,0.066667,0.066667,0.0,Bellevue_150th_Newport
3839,0.261616,0.099221,0.054072,0.066667,0.0,0.066667,Bellevue_150th_Newport
3840,0.484286,0.173287,0.096012,0.466667,0.266667,0.05,Bellevue_150th_Newport
3841,0.332548,0.118605,0.070209,0.15,0.033333,0.0,Bellevue_150th_Newport
3842,0.468792,0.166641,0.093587,0.377778,0.205556,0.066667,Bellevue_150th_Newport
3843,0.411643,0.137079,0.083711,0.1,0.033333,0.0,Bellevue_150th_Newport
3844,0.49973,0.179756,0.098232,0.288889,0.111111,0.011111,Bellevue_150th_Newport
3845,0.48302,0.165179,0.095323,0.233333,0.1,0.0,Bellevue_150th_Newport
3846,0.430508,0.158535,0.086218,0.566667,0.416667,0.033333,Bellevue_150th_Newport
3847,0.390169,0.134301,0.080505,0.183333,0.1,0.0,Bellevue_150th_Newport
3848,0.472603,0.169021,0.093824,0.316667,0.122222,0.0,Bellevue_150th_Newport
3849,0.263051,0.094828,0.053853,0.2,0.066667,0.033333,Bellevue_150th_Newport
3850,0.350515,0.120559,0.073092,0.4,0.283333,0.016667,Bellevue_150th_Newport
3851,0.423203,0.144465,0.085535,0.416667,0.283333,0.033333,Bellevue_150th_Newport
3852,0.3737,0.131227,0.077607,0.283333,0.1,0.033333,Bellevue_150th_Newport
3853,0.358219,0.120389,0.074463,0.066667,0.05,0.0,Bellevue_150th_Newport
3854,0.440527,0.157554,0.088961,0.388889,0.277778,0.0,Bellevue_150th_Newport
3855,0.380394,0.130574,0.078261,0.15,0.066667,0.0,Bellevue_150th_Newport
3856,0.264456,0.090163,0.053339,0.158333,0.066667,0.008333,Bellevue_150th_Newport
3857,0.266133,0.086379,0.052886,0.066667,0.066667,0.0,Bellevue_150th_Newport
3858,0.350996,0.12564,0.073029,0.2,0.011111,0.033333,Bellevue_150th_Newport
3859,0.520391,0.179021,0.100424,0.354444,0.028889,0.061111,Bellevue_150th_Newport
3860,0.454727,0.14497,0.09046,0.708333,0.372222,0.102778,Bellevue_150th_Newport
3861,0.491556,0.173558,0.096886,0.584802,0.167302,0.095873,Bellevue_150th_Newport
3862,0.51123,0.168785,0.098626,0.504683,0.052302,0.125317,Bellevue_150th_Newport
3863,0.432589,0.152982,0.087346,0.322222,0.1,0.066667,Bellevue_150th_Newport
3864,0.41464,0.146242,0.084409,0.122222,0.033333,0.0,Bellevue_150th_Newport
3865,0.332685,0.117214,0.069854,0.67381,0.401429,0.015873,Bellevue_150th_Newport
3866,0.373798,0.13444,0.077611,0.632778,0.141667,0.112778,Bellevue_150th_Newport
3867,0.262576,0.095339,0.053849,0.4,0.038889,0.0,Bellevue_150th_Newport
3868,0.367454,0.134107,0.0764,0.581071,0.119484,0.083651,Bellevue_150th_Newport
3869,0.39227,0.140612,0.08033,0.633333,0.038889,0.044444,Bellevue_150th_Newport
3870,0.368528,0.123368,0.075703,0.602778,0.158333,0.038889,Bellevue_150th_Newport
3871,0.346938,0.126877,0.071798,0.561111,0.119444,0.075,Bellevue_150th_Newport
3872,0.359773,0.130103,0.074926,0.656111,0.073333,0.141667,Bellevue_150th_Newport
3873,0.383796,0.139866,0.079166,0.805556,0.183333,0.075,Bellevue_150th_Newport
3874,0.343776,0.124732,0.071438,0.702778,0.041667,0.127778,Bellevue_150th_Newport
3875,0.212205,0.081749,0.0433,0.602222,0.027778,0.055,Bellevue_150th_Newport
3876,0.336284,0.12912,0.069771,0.674444,0.052778,0.162222,Bellevue_150th_Newport
3877,0.327631,0.117456,0.067551,0.758333,0.102778,0.141667,Bellevue_150th_Newport
3878,0.327777,0.121409,0.067736,0.753889,0.091667,0.099444,Bellevue_150th_Newport
3879,0.261744,0.04616,0.040275,0.893889,0.097778,0.091111,Bellevue_150th_Newport
3880,0.342862,0.113269,0.070645,0.819444,0.05,0.127778,Bellevue_150th_Newport
3881,0.326428,0.114235,0.067573,0.830556,0.122222,0.097222,Bellevue_150th_Newport
3882,0.242018,0.077388,0.046715,0.808016,0.137302,0.096429,Bellevue_150th_Newport
3883,0.328932,0.1111,0.067464,0.911111,0.091667,0.113889,Bellevue_150th_Newport
3884,0.38072,0.135647,0.078282,0.686349,0.18119,0.123333,Bellevue_150th_Newport
3885,0.370724,0.128118,0.076756,0.839841,0.172698,0.10373,Bellevue_150th_Newport
3886,0.429863,0.135987,0.086069,0.733929,0.134021,0.160952,Bellevue_150th_Newport
3887,0.471545,0.120544,0.089284,0.977778,0.180556,0.152778,Bellevue_150th_Newport
3888,0.416317,0.087715,0.076042,0.957222,0.231667,0.162222,Bellevue_150th_Newport
3889,0.488171,0.115794,0.089977,0.807778,0.153889,0.122222,Bellevue_150th_Newport
3890,0.53611,0.127418,0.096044,0.837381,0.070926,0.282222,Bellevue_150th_Newport
3891,0.556611,0.137813,0.099611,0.597405,0.103202,0.132489,Bellevue_150th_Newport
3892,0.577022,0.12755,0.097221,0.588598,0.094458,0.128241,Bellevue_150th_Newport
3893,0.544066,0.129355,0.097238,0.793889,0.164444,0.151111,Bellevue_150th_Newport
3894,0.492435,0.101457,0.085765,0.894444,0.155556,0.152778,Bellevue_150th_Newport
3895,0.436378,0.106712,0.084227,0.743889,0.195,0.112222,Bellevue_150th_Newport
3896,0.515285,0.116263,0.092576,0.943333,0.119444,0.131111,Bellevue_150th_Newport
3897,0.475536,0.101551,0.087006,0.555833,0.040556,0.1275,Bellevue_150th_Newport
3898,0.534415,0.121281,0.09459,0.723267,0.16168,0.196773,Bellevue_150th_Newport
3899,0.546065,0.101238,0.087188,0.752222,0.2,0.140556,Bellevue_150th_Newport
3900,0.586859,0.113363,0.091407,0.64,0.090926,0.11537,Bellevue_150th_Newport
3901,0.607768,0.115396,0.091767,0.480635,0.025317,0.088651,Bellevue_150th_Newport
3902,0.610078,0.119611,0.092916,0.520635,0.023651,0.113492,Bellevue_150th_Newport
3903,0.626266,0.11961,0.093096,0.718545,0.140807,0.126468,Bellevue_150th_Newport
3904,0.638672,0.114766,0.091239,0.702695,0.151911,0.037727,Bellevue_150th_Newport
3905,0.6327,0.110114,0.088915,0.580497,0.081151,0.050159,Bellevue_150th_Newport
3906,0.664083,0.117587,0.091806,0.655714,0.069762,0.127222,Bellevue_150th_Newport
3907,0.662652,0.11455,0.090782,0.623805,0.111906,0.083717,Bellevue_150th_Newport
3908,0.681404,0.123426,0.093763,0.654722,0.059167,0.092222,Bellevue_150th_Newport
3909,0.666158,0.11328,0.090158,0.651349,0.093955,0.143624,Bellevue_150th_Newport
3910,0.673088,0.115953,0.09073,0.666429,0.099193,0.077487,Bellevue_150th_Newport
3911,0.664354,0.109364,0.088616,0.722854,0.075412,0.120238,Bellevue_150th_Newport
3912,0.682531,0.122158,0.093304,0.672308,0.151419,0.160245,Bellevue_150th_Newport
3913,0.674854,0.114092,0.090165,0.61078,0.083769,0.132517,Bellevue_150th_Newport
3914,0.685767,0.120441,0.09269,0.602526,0.080794,0.147937,Bellevue_150th_Newport
3915,0.682354,0.118563,0.092034,0.712623,0.202534,0.093227,Bellevue_150th_Newport
3916,0.660258,0.115776,0.090053,0.691249,0.211427,0.082926,Bellevue_150th_Newport
3917,0.688545,0.123186,0.093404,0.643065,0.14877,0.094845,Bellevue_150th_Newport
3918,0.677135,0.111144,0.089664,0.613254,0.020556,0.175873,Bellevue_150th_Newport
3919,0.673487,0.109453,0.088956,0.650556,0.106667,0.148333,Bellevue_150th_Newport
3920,0.668964,0.103042,0.08657,0.698968,0.075873,0.148968,Bellevue_150th_Newport
3921,0.678557,0.106523,0.087771,0.645913,0.033373,0.19504,Bellevue_150th_Newport
3922,0.682129,0.111216,0.089857,0.671111,0.045,0.151111,Bellevue_150th_Newport
3923,0.679852,0.10774,0.088533,0.702778,0.005556,0.112222,Bellevue_150th_Newport
3924,0.672696,0.102949,0.086992,0.74881,0.069206,0.163333,Bellevue_150th_Newport
3925,0.672281,0.101022,0.086269,0.70746,0.041111,0.202222,Bellevue_150th_Newport
3926,0.67433,0.10286,0.087082,0.609956,0.082621,0.11385,Bellevue_150th_Newport
3927,0.647227,0.091449,0.081938,0.628947,0.086986,0.090992,Bellevue_150th_Newport
3928,0.659069,0.096424,0.084559,0.662365,0.13965,0.069196,Bellevue_150th_Newport
3929,0.657581,0.093172,0.083628,0.650397,0.082963,0.110397,Bellevue_150th_Newport
3930,0.667166,0.098896,0.085582,0.661003,0.050967,0.112897,Bellevue_150th_Newport
3931,0.656881,0.093109,0.08337,0.614138,0.058362,0.087316,Bellevue_150th_Newport
3932,0.66196,0.095482,0.084302,0.767103,0.104722,0.160357,Bellevue_150th_Newport
3933,0.655715,0.088461,0.080921,0.686667,0.049444,0.142222,Bellevue_150th_Newport
3934,0.665367,0.093719,0.083936,0.727222,0.070556,0.201667,Bellevue_150th_Newport
3935,0.65531,0.087849,0.081355,0.689193,0.084726,0.119252,Bellevue_150th_Newport
3936,0.634307,0.083433,0.07941,0.621655,0.121844,0.083102,Bellevue_150th_Newport
3937,0.6305,0.084457,0.079219,0.734574,0.113546,0.149924,Bellevue_150th_Newport
3938,0.647084,0.084503,0.07987,0.537659,0.048677,0.147368,Bellevue_150th_Newport
3939,0.646893,0.085448,0.080288,0.674603,0.095754,0.19123,Bellevue_150th_Newport
3940,0.644077,0.082306,0.078814,0.710885,0.051786,0.148401,Bellevue_150th_Newport
3941,0.64729,0.083947,0.079736,0.637729,0.079393,0.095879,Bellevue_150th_Newport
3942,0.627,0.082195,0.078407,0.642489,0.037115,0.087278,Bellevue_150th_Newport
3943,0.625605,0.078513,0.077096,0.67927,0.087178,0.174206,Bellevue_150th_Newport
3944,0.630751,0.081287,0.078101,0.694239,0.109304,0.07135,Bellevue_150th_Newport
3945,0.637627,0.082091,0.078812,0.757394,0.068545,0.132275,Bellevue_150th_Newport
3946,0.637442,0.079375,0.077594,0.694339,0.007407,0.204259,Bellevue_150th_Newport
3947,0.6404,0.081376,0.078547,0.830675,0.092011,0.170754,Bellevue_150th_Newport
3948,0.636524,0.077923,0.077217,0.766198,0.185444,0.148814,Bellevue_150th_Newport
3949,0.632913,0.07706,0.076954,0.750727,0.149722,0.187328,Bellevue_150th_Newport
3950,0.634809,0.07573,0.076169,0.79877,0.010833,0.338413,Bellevue_150th_Newport
3951,0.636784,0.076745,0.076526,0.770357,0.095569,0.247183,Bellevue_150th_Newport
3952,0.627446,0.072276,0.074713,0.902407,0.269273,0.243254,Bellevue_150th_Newport
3953,0.617556,0.075315,0.076048,0.796875,0.152857,0.245123,Bellevue_150th_Newport
3954,0.628508,0.073855,0.075641,0.798029,0.049193,0.218505,Bellevue_150th_Newport
3955,0.62773,0.072497,0.074809,0.793043,0.17592,0.233215,Bellevue_150th_Newport
3956,0.628703,0.07446,0.075797,0.733321,0.09343,0.152096,Bellevue_150th_Newport
3957,0.623694,0.07489,0.075944,0.714571,0.088182,0.206852,Bellevue_150th_Newport
3958,0.623544,0.073842,0.075232,0.700421,0.071338,0.240471,Bellevue_150th_Newport
3959,0.623721,0.07462,0.075453,0.775595,0.078532,0.246601,Bellevue_150th_Newport
3960,0.623123,0.072322,0.074538,0.788555,0.042024,0.32548,Bellevue_150th_Newport
3961,0.632215,0.07346,0.075072,0.807831,0.075582,0.403876,Bellevue_150th_Newport
3962,0.621751,0.072288,0.07466,0.77942,0.108636,0.236755,Bellevue_150th_Newport
3963,0.629218,0.074769,0.075847,0.684202,0.055081,0.19438,Bellevue_150th_Newport
3964,0.619555,0.07501,0.07538,0.65925,0.100397,0.17212,Bellevue_150th_Newport
3965,0.626646,0.074565,0.075738,0.626797,0.071301,0.20615,Bellevue_150th_Newport
3966,0.619442,0.073971,0.075195,0.585427,0.026713,0.155747,Bellevue_150th_Newport
3967,0.626616,0.075473,0.076416,0.57082,0.03979,0.192881,Bellevue_150th_Newport
3968,0.62406,0.074923,0.075934,0.628776,0.072981,0.205465,Bellevue_150th_Newport
3969,0.61643,0.082834,0.078213,0.748644,0.098994,0.18861,Bellevue_150th_Newport
3970,0.631968,0.075597,0.076526,0.775476,0.006667,0.36127,Bellevue_150th_Newport
3971,0.634914,0.075811,0.076378,0.776243,0.037156,0.348915,Bellevue_150th_Newport
3972,0.630467,0.075585,0.076318,0.727388,0.111769,0.246726,Bellevue_150th_Newport
3973,0.627245,0.077663,0.077146,0.790489,0.061614,0.286984,Bellevue_150th_Newport
3974,0.63358,0.07607,0.076563,0.652662,0.131433,0.134047,Bellevue_150th_Newport
3975,0.620411,0.080555,0.077749,0.669213,0.167443,0.095491,Bellevue_150th_Newport
3976,0.632053,0.078346,0.077783,0.699933,0.139413,0.163283,Bellevue_150th_Newport
3977,0.617474,0.085086,0.079433,0.634771,0.11519,0.175552,Bellevue_150th_Newport
3978,0.61548,0.076507,0.076066,0.616633,0.031828,0.187925,Bellevue_150th_Newport
3979,0.621919,0.077553,0.076904,0.664993,0.04635,0.21126,Bellevue_150th_Newport
3980,0.623812,0.074509,0.075673,0.635471,0.067272,0.187895,Bellevue_150th_Newport
3981,0.625386,0.079667,0.077787,0.737015,0.110456,0.199482,Bellevue_150th_Newport
3982,0.623582,0.076279,0.076108,0.726671,0.088282,0.172995,Bellevue_150th_Newport
3983,0.630376,0.078191,0.077685,0.623767,0.068942,0.188775,Bellevue_150th_Newport
3984,0.61574,0.084127,0.078967,0.665563,0.129355,0.179507,Bellevue_150th_Newport
3985,0.640998,0.090107,0.082539,0.598464,0.064733,0.190207,Bellevue_150th_Newport
3986,0.636081,0.083774,0.079127,0.665235,0.044821,0.164274,Bellevue_150th_Newport
3987,0.628366,0.076883,0.076972,0.670903,0.058042,0.217401,Bellevue_150th_Newport
3988,0.635961,0.079519,0.078276,0.695172,0.039392,0.246124,Bellevue_150th_Newport
3989,0.62178,0.080545,0.077694,0.709892,0.061653,0.253088,Bellevue_150th_Newport
3990,0.637685,0.08008,0.078602,0.668756,0.022156,0.223584,Bellevue_150th_Newport
3991,0.62737,0.079977,0.077736,0.653712,0.09993,0.251215,Bellevue_150th_Newport
3992,0.632481,0.079632,0.078308,0.701706,0.035079,0.353214,Bellevue_150th_Newport
3993,0.635389,0.078404,0.077754,0.71935,0.048743,0.255017,Bellevue_150th_Newport
3994,0.633979,0.080032,0.078443,0.733558,0.008333,0.348161,Bellevue_150th_Newport
3995,0.633838,0.07765,0.07753,0.719125,0.080225,0.188244,Bellevue_150th_Newport
3996,0.619781,0.073919,0.07514,0.752183,0.071349,0.280079,Bellevue_150th_Newport
3997,0.621429,0.080839,0.077829,0.758635,0.066192,0.264686,Bellevue_150th_Newport
3998,0.641777,0.082466,0.079381,0.702341,0.087103,0.30623,Bellevue_150th_Newport
3999,0.620828,0.079578,0.077872,0.693201,0.194412,0.161368,Bellevue_150th_Newport
4000,0.621841,0.082867,0.079011,0.688299,0.104568,0.132536,Bellevue_150th_Newport
4001,0.619864,0.081918,0.078343,0.701403,0.055769,0.178673,Bellevue_150th_Newport
4002,0.623361,0.079033,0.077464,0.606751,0.058175,0.220983,Bellevue_150th_Newport
4003,0.604344,0.081511,0.077514,0.654048,0.088466,0.129444,Bellevue_150th_Newport
4004,0.619698,0.084244,0.079278,0.70876,0.072983,0.171755,Bellevue_150th_Newport
4005,0.643824,0.089067,0.081727,0.84004,0.047712,0.238704,Bellevue_150th_Newport
4006,0.639726,0.081986,0.079472,0.633448,0.096332,0.165015,Bellevue_150th_Newport
4007,0.635209,0.093332,0.083577,0.700934,0.102889,0.1703,Bellevue_150th_Newport
4008,0.620735,0.088389,0.080763,0.679649,0.057037,0.179861,Bellevue_150th_Newport
4009,0.632092,0.078005,0.077602,0.691384,0.098323,0.197042,Bellevue_150th_Newport
4010,0.621971,0.085398,0.080114,0.700272,0.086799,0.199382,Bellevue_150th_Newport
4011,0.636115,0.085094,0.080303,0.773582,0.042791,0.259341,Bellevue_150th_Newport
4012,0.636259,0.081573,0.079369,0.746729,0.058811,0.204962,Bellevue_150th_Newport
4013,0.644801,0.085827,0.081188,0.718666,0.099002,0.17614,Bellevue_150th_Newport
4014,0.628763,0.079663,0.077964,0.560719,0.067819,0.168861,Bellevue_150th_Newport
4015,0.633985,0.087798,0.081463,0.654604,0.117772,0.131195,Bellevue_150th_Newport
4016,0.642594,0.085159,0.080792,0.66298,0.149608,0.165187,Bellevue_150th_Newport
4017,0.622849,0.113356,0.088718,0.713769,0.129196,0.139213,Bellevue_150th_Newport
4018,0.633858,0.108077,0.087081,0.702049,0.096809,0.153543,Bellevue_150th_Newport
4019,0.637501,0.083635,0.079939,0.721702,0.13748,0.118299,Bellevue_150th_Newport
4020,0.622889,0.109007,0.087795,0.823209,0.195843,0.118251,Bellevue_150th_Newport
4021,0.660529,0.100362,0.08567,0.763605,0.08978,0.207287,Bellevue_150th_Newport
4022,0.646551,0.090312,0.082556,0.752374,0.029484,0.262452,Bellevue_150th_Newport
4023,0.63931,0.084133,0.080234,0.666089,0.115869,0.129807,Bellevue_150th_Newport
4024,0.64449,0.09759,0.084731,0.678485,0.043653,0.193046,Bellevue_150th_Newport
4025,0.647165,0.088888,0.082239,0.845397,0.033333,0.272698,Bellevue_150th_Newport
4026,0.644286,0.087567,0.08192,0.758577,0.035637,0.21009,Bellevue_150th_Newport
4027,0.636777,0.088054,0.081296,0.606735,0.133522,0.171843,Bellevue_150th_Newport
4028,0.625782,0.092038,0.082548,0.646554,0.078796,0.184842,Bellevue_150th_Newport
4029,0.635093,0.097931,0.084575,0.767735,0.073799,0.128092,Bellevue_150th_Newport
4030,0.628764,0.094633,0.082736,0.648222,0.086491,0.205797,Bellevue_150th_Newport
4031,0.646915,0.094181,0.084025,0.654087,0.105711,0.177953,Bellevue_150th_Newport
4032,0.624759,0.090335,0.081823,0.619207,0.10937,0.190603,Bellevue_150th_Newport
4033,0.630315,0.084387,0.079859,0.703662,0.12641,0.181325,Bellevue_150th_Newport
4034,0.630429,0.112492,0.088343,0.682412,0.051935,0.210363,Bellevue_150th_Newport
4035,0.642521,0.093851,0.083402,0.720857,0.082591,0.167956,Bellevue_150th_Newport
4036,0.644389,0.090427,0.082192,0.704,0.079918,0.213652,Bellevue_150th_Newport
4037,0.643472,0.094972,0.083796,0.774286,0.116138,0.224815,Bellevue_150th_Newport
4038,0.651429,0.094286,0.084249,0.780675,0.008889,0.34377,Bellevue_150th_Newport
4039,0.653322,0.094311,0.084006,0.747953,0.004762,0.276195,Bellevue_150th_Newport
4040,0.643494,0.089186,0.082042,0.805647,0.046456,0.248004,Bellevue_150th_Newport
4041,0.664262,0.102363,0.086738,0.773016,0.011429,0.338889,Bellevue_150th_Newport
4042,0.657581,0.09621,0.084706,0.763141,0.027197,0.27298,Bellevue_150th_Newport
4043,0.648626,0.093035,0.083861,0.652315,0.032475,0.166436,Bellevue_150th_Newport
4044,0.637288,0.089343,0.081851,0.799771,0.09952,0.224823,Bellevue_150th_Newport
4045,0.628042,0.107023,0.086797,0.670648,0.072219,0.213134,Bellevue_150th_Newport
4046,0.656276,0.104873,0.087087,0.713912,0.026307,0.231057,Bellevue_150th_Newport
4047,0.651273,0.09364,0.084128,0.812526,0.026418,0.258059,Bellevue_150th_Newport
4048,0.651838,0.102027,0.085927,0.686771,0.055072,0.180183,Bellevue_150th_Newport
4049,0.644144,0.089609,0.082424,0.70093,0.124571,0.159354,Bellevue_150th_Newport
4050,0.635541,0.086375,0.080752,0.682124,0.042927,0.216645,Bellevue_150th_Newport
4051,0.639475,0.086614,0.081241,0.690582,0.022778,0.228082,Bellevue_150th_Newport
4052,0.647566,0.090218,0.082936,0.76005,0.07948,0.217597,Bellevue_150th_Newport
4053,0.653151,0.098583,0.085367,0.723508,0.072453,0.214646,Bellevue_150th_Newport
4054,0.64558,0.090359,0.082847,0.810968,0.088558,0.155086,Bellevue_150th_Newport
4055,0.630815,0.096477,0.083823,0.796846,0.049841,0.24143,Bellevue_150th_Newport
4056,0.655215,0.095234,0.084476,0.690132,0.050529,0.168492,Bellevue_150th_Newport
4057,0.64615,0.089594,0.08253,0.81466,0.05543,0.221134,Bellevue_150th_Newport
4058,0.632514,0.091053,0.082268,0.662173,0.057526,0.154205,Bellevue_150th_Newport
4059,0.656387,0.105301,0.087089,0.820263,0.159508,0.151728,Bellevue_150th_Newport
4060,0.617056,0.100501,0.085129,0.685342,0.106352,0.162369,Bellevue_150th_Newport
4061,0.651716,0.106403,0.087493,0.691286,0.093951,0.138995,Bellevue_150th_Newport
4062,0.649969,0.095424,0.084608,0.654211,0.067959,0.227941,Bellevue_150th_Newport
4063,0.645044,0.092704,0.083685,0.709015,0.105869,0.186492,Bellevue_150th_Newport
4064,0.633471,0.133385,0.095756,0.720819,0.140572,0.178982,Bellevue_150th_Newport
4065,0.667049,0.113305,0.089816,0.678744,0.12465,0.133486,Bellevue_150th_Newport
4066,0.625962,0.132833,0.093963,0.772512,0.12113,0.199827,Bellevue_150th_Newport
4067,0.65916,0.10368,0.087395,0.763574,0.139115,0.188813,Bellevue_150th_Newport
4068,0.633102,0.122404,0.091322,0.619507,0.099941,0.092257,Bellevue_150th_Newport
4069,0.654297,0.103896,0.087452,0.734075,0.18637,0.081533,Bellevue_150th_Newport
4070,0.654386,0.10458,0.08716,0.663237,0.124521,0.090909,Bellevue_150th_Newport
4071,0.66927,0.110649,0.089185,0.700745,0.085452,0.143989,Bellevue_150th_Newport
4072,0.637911,0.105437,0.086222,0.830376,0.186279,0.175113,Bellevue_150th_Newport
4073,0.646738,0.096194,0.085048,0.688902,0.100746,0.187384,Bellevue_150th_Newport
4074,0.653474,0.111973,0.089182,0.686732,0.06432,0.191661,Bellevue_150th_Newport
4075,0.6313,0.094482,0.082935,0.689141,0.083842,0.103953,Bellevue_150th_Newport
4076,0.656411,0.104812,0.087142,0.699219,0.121612,0.190866,Bellevue_150th_Newport
4077,0.621769,0.099204,0.084564,0.63464,0.084533,0.151005,Bellevue_150th_Newport
4078,0.631508,0.093726,0.083094,0.626963,0.088378,0.127354,Bellevue_150th_Newport
4079,0.64167,0.09068,0.082887,0.64922,0.099335,0.122841,Bellevue_150th_Newport
4080,0.646281,0.096262,0.084428,0.609245,0.06401,0.153285,Bellevue_150th_Newport
4081,0.621916,0.094183,0.082905,0.71654,0.074942,0.138499,Bellevue_150th_Newport
4082,0.634553,0.093063,0.083084,0.688013,0.0343,0.194851,Bellevue_150th_Newport
4083,0.648999,0.100161,0.085302,0.768058,0.058074,0.207276,Bellevue_150th_Newport
4084,0.655297,0.098107,0.085408,0.693727,0.097343,0.172252,Bellevue_150th_Newport
4085,0.619485,0.11202,0.088017,0.789089,0.236538,0.125837,Bellevue_150th_Newport
4086,0.658873,0.114719,0.090468,0.702847,0.156754,0.162804,Bellevue_150th_Newport
4087,0.658878,0.112197,0.089799,0.782544,0.156011,0.230067,Bellevue_150th_Newport
4088,0.654894,0.099858,0.085694,0.796333,0.156756,0.157193,Bellevue_150th_Newport
4089,0.618376,0.101173,0.085343,0.751626,0.134119,0.192033,Bellevue_150th_Newport
4090,0.641551,0.120354,0.091551,0.729588,0.075653,0.181096,Bellevue_150th_Newport
4091,0.544195,0.167942,0.101845,0.402933,0.077937,0.039596,Bellevue_Bellevue_NE8th
4092,0.604768,0.138169,0.098975,0.504816,0.087911,0.076354,Bellevue_Bellevue_NE8th
4093,0.583296,0.151785,0.10384,0.549059,0.234611,0.057155,Bellevue_Bellevue_NE8th
4094,0.560885,0.158347,0.102393,0.480354,0.311692,0.01412,Bellevue_Bellevue_NE8th
4095,0.614989,0.113842,0.092086,0.526982,0.291701,0.063796,Bellevue_Bellevue_NE8th
4096,0.601369,0.104447,0.08785,0.49556,0.138669,0.145534,Bellevue_Bellevue_NE8th
4097,0.576989,0.150818,0.102704,0.403047,0.110202,0.110526,Bellevue_Bellevue_NE8th
4098,0.577681,0.15778,0.103955,0.436539,0.118264,0.14219,Bellevue_Bellevue_NE8th
4099,0.599397,0.15266,0.105531,0.434318,0.096866,0.134843,Bellevue_Bellevue_NE8th
4100,0.598081,0.134811,0.098589,0.490017,0.159935,0.090825,Bellevue_Bellevue_NE8th
4101,0.552842,0.169935,0.102923,0.505822,0.185498,0.081036,Bellevue_Bellevue_NE8th
4102,0.624395,0.104821,0.087777,0.381821,0.109151,0.092456,Bellevue_Bellevue_NE8th
4103,0.604246,0.141175,0.100361,0.364107,0.068053,0.096142,Bellevue_Bellevue_NE8th
4104,0.613164,0.146905,0.100902,0.398419,0.051151,0.130513,Bellevue_Bellevue_NE8th
4105,0.606573,0.142607,0.101975,0.39103,0.07091,0.136187,Bellevue_Bellevue_NE8th
4106,0.594357,0.156766,0.104436,0.51286,0.098822,0.188994,Bellevue_Bellevue_NE8th
4107,0.584446,0.162273,0.105137,0.488887,0.20007,0.095154,Bellevue_Bellevue_NE8th
4108,0.607124,0.114131,0.091148,0.551949,0.171228,0.090142,Bellevue_Bellevue_NE8th
4109,0.595189,0.132786,0.09703,0.568513,0.200189,0.056071,Bellevue_Bellevue_NE8th
4110,0.557019,0.145075,0.10024,0.640013,0.273329,0.082722,Bellevue_Bellevue_NE8th
4111,0.569163,0.169614,0.104508,0.674655,0.261275,0.150488,Bellevue_Bellevue_NE8th
4112,0.631639,0.105154,0.088833,0.649805,0.207155,0.124504,Bellevue_Bellevue_NE8th
4113,0.569276,0.156458,0.103007,0.608118,0.205731,0.107256,Bellevue_Bellevue_NE8th
4114,0.540056,0.16685,0.101334,0.354536,0.157101,0.082111,Bellevue_Bellevue_NE8th
4115,0.539699,0.167438,0.101349,0.440485,0.185211,0.04884,Bellevue_Bellevue_NE8th
4116,0.56261,0.171289,0.104042,0.362985,0.107521,0.064744,Bellevue_Bellevue_NE8th
4117,0.609222,0.15018,0.103439,0.425328,0.106378,0.084826,Bellevue_Bellevue_NE8th
4118,0.622625,0.151172,0.104887,0.569966,0.04882,0.090746,Bellevue_Bellevue_NE8th
4119,0.627996,0.10301,0.088196,0.57058,0.117249,0.057227,Bellevue_Bellevue_NE8th
4120,0.571368,0.162666,0.103905,0.554058,0.178283,0.046214,Bellevue_Bellevue_NE8th
4121,0.549032,0.160084,0.101436,0.306316,0.132631,0.026893,Bellevue_Bellevue_NE8th
4122,0.551603,0.169832,0.102812,0.470752,0.196005,0.02787,Bellevue_Bellevue_NE8th
4123,0.627257,0.141828,0.099225,0.607847,0.180221,0.090555,Bellevue_Bellevue_NE8th
4124,0.622223,0.122128,0.092691,0.550201,0.15337,0.092915,Bellevue_Bellevue_NE8th
4125,0.573495,0.167234,0.104655,0.47994,0.113832,0.136514,Bellevue_Bellevue_NE8th
4126,0.553975,0.171268,0.103166,0.443607,0.114714,0.137136,Bellevue_Bellevue_NE8th
4127,0.565259,0.180391,0.105303,0.557573,0.103801,0.102745,Bellevue_Bellevue_NE8th
4128,0.615134,0.173472,0.109268,0.565235,0.10842,0.11555,Bellevue_Bellevue_NE8th
4129,0.656401,0.172337,0.112568,0.61295,0.264789,0.054892,Bellevue_Bellevue_NE8th
4130,0.639495,0.170583,0.111248,0.599035,0.286758,0.089832,Bellevue_Bellevue_NE8th
4131,0.597132,0.181587,0.108598,0.719173,0.429002,0.084232,Bellevue_Bellevue_NE8th
4132,0.661072,0.172808,0.112697,0.538519,0.191968,0.065855,Bellevue_Bellevue_NE8th
4133,0.646194,0.16254,0.109025,0.529482,0.07709,0.048522,Bellevue_Bellevue_NE8th
4134,0.670444,0.162713,0.109756,0.519639,0.213474,0.036279,Bellevue_Bellevue_NE8th
4135,0.646526,0.159149,0.107873,0.497506,0.239431,0.03468,Bellevue_Bellevue_NE8th
4136,0.652453,0.151908,0.105066,0.473548,0.169354,0.084498,Bellevue_Bellevue_NE8th
4137,0.663299,0.151426,0.105546,0.423715,0.160137,0.072002,Bellevue_Bellevue_NE8th
4138,0.661469,0.153733,0.106261,0.402014,0.139676,0.078297,Bellevue_Bellevue_NE8th
4139,0.641945,0.158611,0.106755,0.605391,0.168502,0.047576,Bellevue_Bellevue_NE8th
4140,0.661253,0.127469,0.096375,0.548354,0.129748,0.036073,Bellevue_Bellevue_NE8th
4141,0.667226,0.114284,0.092011,0.540626,0.157464,0.020163,Bellevue_Bellevue_NE8th
4142,0.648618,0.117511,0.092402,0.404125,0.064953,0.093355,Bellevue_Bellevue_NE8th
4143,0.660289,0.115195,0.092333,0.519608,0.145333,0.092163,Bellevue_Bellevue_NE8th
4144,0.633909,0.109851,0.088428,0.545641,0.20443,0.101392,Bellevue_Bellevue_NE8th
4145,0.647194,0.134622,0.09685,0.525029,0.233524,0.093458,Bellevue_Bellevue_NE8th
4146,0.660183,0.125226,0.094546,0.473685,0.161864,0.092289,Bellevue_Bellevue_NE8th
4147,0.652232,0.10418,0.087591,0.494595,0.200714,0.125236,Bellevue_Bellevue_NE8th
4148,0.647351,0.106517,0.088683,0.454493,0.100282,0.156042,Bellevue_Bellevue_NE8th
4149,0.660658,0.104189,0.088115,0.566915,0.156969,0.126005,Bellevue_Bellevue_NE8th
4150,0.64808,0.109695,0.088409,0.540259,0.190084,0.156405,Bellevue_Bellevue_NE8th
4151,0.663967,0.109657,0.089089,0.61777,0.23008,0.080207,Bellevue_Bellevue_NE8th
4152,0.671662,0.124906,0.093051,0.695116,0.235342,0.056439,Bellevue_Bellevue_NE8th
4153,0.663718,0.121073,0.091632,0.642114,0.126199,0.093159,Bellevue_Bellevue_NE8th
4154,0.688279,0.11969,0.093124,0.541695,0.137123,0.116663,Bellevue_Bellevue_NE8th
4155,0.658114,0.121516,0.092175,0.491683,0.179426,0.155746,Bellevue_Bellevue_NE8th
4156,0.691637,0.125753,0.094822,0.562844,0.180724,0.14145,Bellevue_Bellevue_NE8th
4157,0.686321,0.12672,0.094583,0.682868,0.268782,0.144805,Bellevue_Bellevue_NE8th
4158,0.671478,0.11764,0.09094,0.700324,0.225924,0.133455,Bellevue_Bellevue_NE8th
4159,0.678153,0.123161,0.092338,0.610544,0.151732,0.056297,Bellevue_Bellevue_NE8th
4160,0.662728,0.121345,0.090973,0.770608,0.173672,0.118385,Bellevue_Bellevue_NE8th
4161,0.70738,0.138099,0.099125,0.537601,0.181998,0.077876,Bellevue_Bellevue_NE8th
4162,0.69196,0.14155,0.098877,0.55466,0.150879,0.140183,Bellevue_Bellevue_NE8th
4163,0.714615,0.145309,0.101616,0.611289,0.175838,0.04303,Bellevue_Bellevue_NE8th
4164,0.71036,0.141502,0.099971,0.596727,0.183376,0.08509,Bellevue_Bellevue_NE8th
4165,0.696321,0.131353,0.095792,0.525147,0.167488,0.070507,Bellevue_Bellevue_NE8th
4166,0.677405,0.121162,0.091536,0.592746,0.156207,0.169053,Bellevue_Bellevue_NE8th
4167,0.693713,0.129522,0.095165,0.729431,0.144611,0.22088,Bellevue_Bellevue_NE8th
4168,0.707549,0.136652,0.098475,0.76434,0.307293,0.098701,Bellevue_Bellevue_NE8th
4169,0.692643,0.128338,0.094746,0.669531,0.21497,0.122161,Bellevue_Bellevue_NE8th
4170,0.706213,0.134332,0.097517,0.604531,0.157956,0.154232,Bellevue_Bellevue_NE8th
4171,0.708171,0.137621,0.099111,0.493648,0.116643,0.073853,Bellevue_Bellevue_NE8th
4172,0.711788,0.140293,0.100107,0.587697,0.261479,0.041364,Bellevue_Bellevue_NE8th
4173,0.680153,0.122774,0.092305,0.670073,0.268395,0.156775,Bellevue_Bellevue_NE8th
4174,0.691201,0.127507,0.094557,0.694146,0.278926,0.206958,Bellevue_Bellevue_NE8th
4175,0.695857,0.13183,0.095926,0.788292,0.199934,0.269796,Bellevue_Bellevue_NE8th
4176,0.712399,0.142928,0.1009,0.629481,0.139462,0.147077,Bellevue_Bellevue_NE8th
4177,0.673082,0.123521,0.092399,0.722081,0.170652,0.112237,Bellevue_Bellevue_NE8th
4178,0.705017,0.138567,0.098928,0.698329,0.133418,0.091766,Bellevue_Bellevue_NE8th
4179,0.707015,0.138461,0.098669,0.641381,0.216602,0.095023,Bellevue_Bellevue_NE8th
4180,0.698189,0.129351,0.095522,0.443049,0.159946,0.049685,Bellevue_Bellevue_NE8th
4181,0.693291,0.127783,0.094798,0.415929,0.109418,0.024469,Bellevue_Bellevue_NE8th
4182,0.690759,0.128223,0.094892,0.549191,0.19679,0.02058,Bellevue_Bellevue_NE8th
4183,0.698662,0.129939,0.095819,0.550306,0.188076,0.037382,Bellevue_Bellevue_NE8th
4184,0.696743,0.134145,0.096917,0.390702,0.109357,0.059819,Bellevue_Bellevue_NE8th
4185,0.670114,0.129314,0.095436,0.619594,0.276197,0.07413,Bellevue_Bellevue_NE8th
4186,0.710747,0.144698,0.101768,0.752994,0.474602,0.056003,Bellevue_Bellevue_NE8th
4187,0.694729,0.126249,0.094662,0.674175,0.427809,0.074113,Bellevue_Bellevue_NE8th
4188,0.682372,0.117483,0.091579,0.565899,0.324016,0.078925,Bellevue_Bellevue_NE8th
4189,0.707304,0.141448,0.100172,0.506431,0.164024,0.06558,Bellevue_Bellevue_NE8th
4190,0.708332,0.134861,0.098592,0.533575,0.09225,0.248016,Bellevue_Bellevue_NE8th
4191,0.695751,0.13158,0.096116,0.667657,0.109846,0.187516,Bellevue_Bellevue_NE8th
4192,0.708455,0.140385,0.099832,0.695754,0.192188,0.112461,Bellevue_Bellevue_NE8th
4193,0.712547,0.143881,0.101041,0.545565,0.084367,0.147517,Bellevue_Bellevue_NE8th
4194,0.70096,0.141235,0.100866,0.597683,0.11309,0.137592,Bellevue_Bellevue_NE8th
4195,0.682298,0.134616,0.097112,0.557113,0.11363,0.114158,Bellevue_Bellevue_NE8th
4196,0.661073,0.118094,0.090688,0.456191,0.037253,0.126132,Bellevue_Bellevue_NE8th
4197,0.712303,0.145995,0.102233,0.303508,0.064977,0.061792,Bellevue_Bellevue_NE8th
4198,0.703724,0.141319,0.100017,0.562476,0.2185,0.08964,Bellevue_Bellevue_NE8th
4199,0.71153,0.143927,0.101476,0.634374,0.331215,0.064666,Bellevue_Bellevue_NE8th
4200,0.708358,0.138937,0.09972,0.679514,0.211724,0.13262,Bellevue_Bellevue_NE8th
4201,0.689888,0.131243,0.096198,0.711174,0.270368,0.152735,Bellevue_Bellevue_NE8th
4202,0.667679,0.123621,0.092974,0.726732,0.289781,0.13355,Bellevue_Bellevue_NE8th
4203,0.668458,0.12207,0.092173,0.570773,0.194015,0.097197,Bellevue_Bellevue_NE8th
4204,0.698412,0.131319,0.096412,0.551122,0.050242,0.064639,Bellevue_Bellevue_NE8th
4205,0.707915,0.135936,0.098855,0.579083,0.042199,0.058874,Bellevue_Bellevue_NE8th
4206,0.707648,0.139857,0.100008,0.620035,0.151653,0.073636,Bellevue_Bellevue_NE8th
4207,0.692428,0.140723,0.099375,0.710302,0.19344,0.039613,Bellevue_Bellevue_NE8th
4208,0.69822,0.130684,0.096545,0.613352,0.200749,0.049475,Bellevue_Bellevue_NE8th
4209,0.694582,0.123468,0.094005,0.527558,0.187389,0.049814,Bellevue_Bellevue_NE8th
4210,0.709913,0.143662,0.101107,0.574072,0.188216,0.064227,Bellevue_Bellevue_NE8th
4211,0.665767,0.127885,0.094256,0.393558,0.074498,0.123891,Bellevue_Bellevue_NE8th
4212,0.696317,0.132042,0.097276,0.419457,0.106465,0.110925,Bellevue_Bellevue_NE8th
4213,0.681522,0.121364,0.092844,0.590113,0.194915,0.065334,Bellevue_Bellevue_NE8th
4214,0.708203,0.140918,0.100407,0.640486,0.24362,0.088177,Bellevue_Bellevue_NE8th
4215,0.706528,0.135946,0.098876,0.552459,0.224953,0.062386,Bellevue_Bellevue_NE8th
4216,0.703254,0.149293,0.103137,0.570604,0.233633,0.043787,Bellevue_Bellevue_NE8th
4217,0.70603,0.145116,0.101487,0.641538,0.260377,0.05848,Bellevue_Bellevue_NE8th
4218,0.659003,0.12276,0.092736,0.707957,0.272032,0.091822,Bellevue_Bellevue_NE8th
4219,0.663517,0.116846,0.090653,0.67662,0.278713,0.088752,Bellevue_Bellevue_NE8th
4220,0.69206,0.123683,0.093822,0.900761,0.325949,0.031246,Bellevue_Bellevue_NE8th
4221,0.706335,0.137962,0.099305,0.646233,0.322136,0.045506,Bellevue_Bellevue_NE8th
4222,0.701763,0.138846,0.099376,0.630482,0.34006,0.036908,Bellevue_Bellevue_NE8th
4223,0.700741,0.147612,0.103119,0.671684,0.25734,0.110885,Bellevue_Bellevue_NE8th
4224,0.703993,0.141727,0.100007,0.651695,0.245029,0.172706,Bellevue_Bellevue_NE8th
4225,0.702065,0.133835,0.097303,0.665894,0.19443,0.127794,Bellevue_Bellevue_NE8th
4226,0.662106,0.122991,0.091912,0.696636,0.29204,0.095858,Bellevue_Bellevue_NE8th
4227,0.700444,0.136058,0.098488,0.663608,0.163041,0.144494,Bellevue_Bellevue_NE8th
4228,0.683743,0.12534,0.094228,0.567096,0.111332,0.112121,Bellevue_Bellevue_NE8th
4229,0.70533,0.146185,0.102146,0.600194,0.108181,0.174601,Bellevue_Bellevue_NE8th
4230,0.698502,0.138087,0.098942,0.670415,0.162959,0.139568,Bellevue_Bellevue_NE8th
4231,0.693387,0.133214,0.097053,0.59459,0.246651,0.117135,Bellevue_Bellevue_NE8th
4232,0.706318,0.143747,0.101117,0.569382,0.200503,0.103384,Bellevue_Bellevue_NE8th
4233,0.689827,0.131398,0.096174,0.625126,0.274233,0.093375,Bellevue_Bellevue_NE8th
4234,0.657776,0.122282,0.091712,0.613372,0.244299,0.078882,Bellevue_Bellevue_NE8th
4235,0.686362,0.127718,0.095001,0.59345,0.109842,0.147924,Bellevue_Bellevue_NE8th
4236,0.708661,0.139302,0.100172,0.5682,0.071182,0.106885,Bellevue_Bellevue_NE8th
4237,0.684513,0.133754,0.096762,0.58269,0.110161,0.076679,Bellevue_Bellevue_NE8th
4238,0.694873,0.146304,0.101876,0.617407,0.138352,0.101002,Bellevue_Bellevue_NE8th
4239,0.704379,0.147332,0.102391,0.525318,0.142269,0.095571,Bellevue_Bellevue_NE8th
4240,0.708565,0.144448,0.101728,0.511369,0.210346,0.036656,Bellevue_Bellevue_NE8th
4241,0.708007,0.146986,0.10246,0.489821,0.15819,0.033921,Bellevue_Bellevue_NE8th
4242,0.682222,0.12055,0.092669,0.499815,0.214987,0.07455,Bellevue_Bellevue_NE8th
4243,0.679499,0.119408,0.0922,0.39074,0.113694,0.025595,Bellevue_Bellevue_NE8th
4244,0.696878,0.13787,0.099149,0.509346,0.1411,0.097158,Bellevue_Bellevue_NE8th
4245,0.687073,0.129932,0.09603,0.531148,0.135306,0.104752,Bellevue_Bellevue_NE8th
4246,0.67285,0.133245,0.097254,0.449696,0.25621,0.072157,Bellevue_Bellevue_NE8th
4247,0.694615,0.141909,0.100717,0.480257,0.242111,0.057732,Bellevue_Bellevue_NE8th
4248,0.67193,0.116133,0.090992,0.56062,0.272187,0.062034,Bellevue_Bellevue_NE8th
4249,0.658455,0.114938,0.089785,0.467612,0.181868,0.059545,Bellevue_Bellevue_NE8th
4250,0.669805,0.128825,0.095041,0.344787,0.133594,0.01572,Bellevue_Bellevue_NE8th
4251,0.690229,0.1244,0.094015,0.294772,0.028215,0.018981,Bellevue_Bellevue_NE8th
4252,0.70579,0.136863,0.098915,0.493977,0.111123,0.061099,Bellevue_Bellevue_NE8th
4253,0.670047,0.127432,0.09461,0.414887,0.179214,0.093243,Bellevue_Bellevue_NE8th
4254,0.70391,0.144732,0.101802,0.499656,0.179876,0.050057,Bellevue_Bellevue_NE8th
4255,0.659469,0.115833,0.090623,0.556127,0.24534,0.015659,Bellevue_Bellevue_NE8th
4256,0.694399,0.134026,0.097483,0.582655,0.383761,0.004762,Bellevue_Bellevue_NE8th
4257,0.699443,0.136259,0.098569,0.525655,0.322858,0.023629,Bellevue_Bellevue_NE8th
4258,0.696024,0.140973,0.099717,0.451401,0.28232,0.040004,Bellevue_Bellevue_NE8th
4259,0.672849,0.139384,0.09874,0.526685,0.291369,0.031826,Bellevue_Bellevue_NE8th
4260,0.693957,0.130464,0.096354,0.511272,0.267592,0.026283,Bellevue_Bellevue_NE8th
4261,0.699678,0.137367,0.098404,0.575604,0.298881,0.036462,Bellevue_Bellevue_NE8th
4262,0.691259,0.131261,0.096006,0.613097,0.276205,0.094244,Bellevue_Bellevue_NE8th
4263,0.663006,0.119724,0.091202,0.599984,0.170995,0.081476,Bellevue_Bellevue_NE8th
4264,0.678519,0.120226,0.092383,0.704968,0.207612,0.134196,Bellevue_Bellevue_NE8th
4265,0.693182,0.128811,0.095685,0.744235,0.178744,0.067448,Bellevue_Bellevue_NE8th
4266,0.669005,0.120233,0.092541,0.479934,0.189434,0.047117,Bellevue_Bellevue_NE8th
4267,0.643908,0.168476,0.111718,0.489599,0.190404,0.055014,Bellevue_Bellevue_NE8th
4268,0.69364,0.13496,0.098808,0.428017,0.194862,0.037182,Bellevue_Bellevue_NE8th
4269,0.699729,0.134903,0.099234,0.456758,0.132601,0.060305,Bellevue_Bellevue_NE8th
4270,0.679395,0.120854,0.092912,0.622283,0.147382,0.096442,Bellevue_Bellevue_NE8th
4271,0.65992,0.106025,0.087733,0.816376,0.050728,0.079881,Bellevue_Bellevue_NE8th
4272,0.69994,0.13092,0.097647,0.460405,0.099327,0.107886,Bellevue_Bellevue_NE8th
4273,0.697942,0.14408,0.102042,0.624173,0.136674,0.165312,Bellevue_Bellevue_NE8th
4274,0.695755,0.136557,0.100736,0.674098,0.153755,0.07661,Bellevue_Bellevue_NE8th
4275,0.696305,0.133883,0.098663,0.68198,0.218998,0.051208,Bellevue_Bellevue_NE8th
4276,0.697799,0.134764,0.098098,0.713646,0.291041,0.029317,Bellevue_Bellevue_NE8th
4277,0.664538,0.119572,0.091618,0.745404,0.184043,0.037661,Bellevue_Bellevue_NE8th
4278,0.689748,0.123119,0.094117,0.520508,0.130262,0.064675,Bellevue_Bellevue_NE8th
4279,0.67152,0.119873,0.092554,0.454211,0.082165,0.010342,Bellevue_Bellevue_NE8th
4280,0.704484,0.135258,0.099081,0.518125,0.058406,0.034899,Bellevue_Bellevue_NE8th
4281,0.700548,0.132104,0.09822,0.702981,0.196826,0.031102,Bellevue_Bellevue_NE8th
4282,0.690152,0.113767,0.09183,0.756137,0.234433,0.083013,Bellevue_Bellevue_NE8th
4283,0.692437,0.129789,0.096508,0.737939,0.267122,0.088827,Bellevue_Bellevue_NE8th
4284,0.701831,0.145092,0.102262,0.729983,0.299477,0.039008,Bellevue_Bellevue_NE8th
4285,0.694676,0.137381,0.098903,0.629996,0.178936,0.136124,Bellevue_Bellevue_NE8th
4286,0.669009,0.124377,0.093358,0.692047,0.159022,0.245936,Bellevue_Bellevue_NE8th
4287,0.699389,0.130905,0.097127,0.630361,0.202861,0.056309,Bellevue_Bellevue_NE8th
4288,0.705318,0.140292,0.100676,0.503072,0.102508,0.06138,Bellevue_Bellevue_NE8th
4289,0.700058,0.141881,0.101527,0.497651,0.116346,0.093427,Bellevue_Bellevue_NE8th
4290,0.70417,0.140446,0.100644,0.529627,0.194665,0.073036,Bellevue_Bellevue_NE8th
4291,0.704525,0.144111,0.101305,0.520491,0.178596,0.03264,Bellevue_Bellevue_NE8th
4292,0.699734,0.142107,0.100764,0.574156,0.233497,0.032949,Bellevue_Bellevue_NE8th
4293,0.680437,0.127186,0.094724,0.609191,0.159625,0.060584,Bellevue_Bellevue_NE8th
4294,0.67606,0.126038,0.093865,0.607373,0.139642,0.110713,Bellevue_Bellevue_NE8th
4295,0.695502,0.15573,0.105262,0.653969,0.251057,0.019056,Bellevue_Bellevue_NE8th
4296,0.687498,0.152916,0.105956,0.660516,0.217507,0.030842,Bellevue_Bellevue_NE8th
4297,0.696323,0.148208,0.1034,0.592131,0.201759,0.05274,Bellevue_Bellevue_NE8th
4298,0.673112,0.142469,0.100887,0.633499,0.174139,0.101531,Bellevue_Bellevue_NE8th
4299,0.687192,0.147989,0.10383,0.646402,0.171503,0.052042,Bellevue_Bellevue_NE8th
4300,0.654325,0.111367,0.090209,0.591466,0.152791,0.059814,Bellevue_Bellevue_NE8th
4301,0.668789,0.130883,0.096577,0.503821,0.227363,0.062671,Bellevue_Bellevue_NE8th
4302,0.632285,0.188607,0.112862,0.610132,0.236663,0.090004,Bellevue_Bellevue_NE8th
4303,0.692069,0.156312,0.106954,0.632479,0.207194,0.065704,Bellevue_Bellevue_NE8th
4304,0.685379,0.151312,0.104702,0.5927,0.221768,0.086372,Bellevue_Bellevue_NE8th
4305,0.672967,0.143013,0.10173,0.681425,0.283666,0.056386,Bellevue_Bellevue_NE8th
4306,0.648876,0.145985,0.101782,0.659857,0.253793,0.056267,Bellevue_Bellevue_NE8th
4307,0.643302,0.138118,0.097266,0.547409,0.148919,0.085635,Bellevue_Bellevue_NE8th
4308,0.666889,0.12818,0.094684,0.672731,0.277677,0.076549,Bellevue_Bellevue_NE8th
4309,0.663782,0.143217,0.100266,0.674453,0.321285,0.114132,Bellevue_Bellevue_NE8th
4310,0.672708,0.135778,0.098045,0.73738,0.405155,0.130447,Bellevue_Bellevue_NE8th
4311,0.697032,0.145025,0.101916,0.76384,0.346064,0.071606,Bellevue_Bellevue_NE8th
4312,0.690833,0.141498,0.100285,0.771468,0.367409,0.063347,Bellevue_Bellevue_NE8th
4313,0.672997,0.133371,0.096806,0.766575,0.322042,0.076438,Bellevue_Bellevue_NE8th
4314,0.663305,0.128142,0.09426,0.66509,0.230491,0.101152,Bellevue_Bellevue_NE8th
4315,0.662639,0.125216,0.093611,0.61309,0.154292,0.122272,Bellevue_Bellevue_NE8th
4316,0.701227,0.137335,0.099568,0.587603,0.167932,0.08819,Bellevue_Bellevue_NE8th
4317,0.677016,0.13616,0.097752,0.561702,0.1332,0.05525,Bellevue_Bellevue_NE8th
4318,0.634698,0.135701,0.098466,0.475857,0.182325,0.079494,Bellevue_Bellevue_NE8th
4319,0.624324,0.182255,0.111311,0.411928,0.228676,0.102751,Bellevue_Bellevue_NE8th
4320,0.698166,0.16106,0.108202,0.424069,0.193657,0.110551,Bellevue_Bellevue_NE8th
4321,0.652649,0.121503,0.093925,0.505699,0.118685,0.083937,Bellevue_Bellevue_NE8th
4322,0.662043,0.117647,0.091557,0.521017,0.142069,0.030542,Bellevue_Bellevue_NE8th
4323,0.706234,0.142226,0.100977,0.523168,0.069238,0.023836,Bellevue_Bellevue_NE8th
4324,0.703502,0.144343,0.101301,0.431479,0.016591,0.036864,Bellevue_Bellevue_NE8th
4325,0.685745,0.164007,0.109155,0.593181,0.030516,0.123455,Bellevue_Bellevue_NE8th
4326,0.651617,0.151222,0.105227,0.427689,0.100359,0.061655,Bellevue_Bellevue_NE8th
4327,0.696978,0.150835,0.104735,0.466045,0.047097,0.091857,Bellevue_Bellevue_NE8th
4328,0.705261,0.147491,0.103119,0.544995,0.05956,0.084861,Bellevue_Bellevue_NE8th
4329,0.698413,0.15311,0.104967,0.542913,0.174098,0.054098,Bellevue_Bellevue_NE8th
4330,0.656673,0.12329,0.092147,0.48975,0.204659,0.082899,Bellevue_Bellevue_NE8th
4331,0.667695,0.134211,0.097691,0.468968,0.199748,0.122913,Bellevue_Bellevue_NE8th
4332,0.684042,0.14699,0.102503,0.621522,0.248213,0.152464,Bellevue_Bellevue_NE8th
4333,0.664598,0.147633,0.102689,0.597709,0.203566,0.082554,Bellevue_Bellevue_NE8th
4334,0.664021,0.138052,0.099533,0.517892,0.204725,0.05278,Bellevue_Bellevue_NE8th
4335,0.685063,0.135797,0.099007,0.530913,0.154892,0.06217,Bellevue_Bellevue_NE8th
4336,0.648067,0.140188,0.099424,0.577852,0.075866,0.087068,Bellevue_Bellevue_NE8th
4337,0.623627,0.156729,0.106206,0.715637,0.212427,0.080329,Bellevue_Bellevue_NE8th
4338,0.660026,0.128951,0.095475,0.778652,0.175587,0.169295,Bellevue_Bellevue_NE8th
4339,0.697722,0.137808,0.099568,0.648876,0.164874,0.113575,Bellevue_Bellevue_NE8th
4340,0.601282,0.176553,0.108435,0.601596,0.124885,0.132422,Bellevue_Bellevue_NE8th
4341,0.597908,0.16271,0.106532,0.602332,0.143087,0.099239,Bellevue_Bellevue_NE8th
4342,0.685511,0.158395,0.107796,0.564594,0.124642,0.086807,Bellevue_Bellevue_NE8th
4343,0.683454,0.150182,0.105046,0.491668,0.051901,0.176984,Bellevue_Bellevue_NE8th
4344,0.680263,0.160434,0.108067,0.596074,0.075384,0.235888,Bellevue_Bellevue_NE8th
4345,0.671347,0.133308,0.096591,0.645592,0.05933,0.278056,Bellevue_Bellevue_NE8th
4346,0.692229,0.136061,0.098235,0.692308,0.076469,0.33051,Bellevue_Bellevue_NE8th
4347,0.697014,0.143943,0.100891,0.595239,0.112937,0.087222,Bellevue_Bellevue_NE8th
4348,0.693506,0.142262,0.10082,0.631556,0.125796,0.121329,Bellevue_Bellevue_NE8th
4349,0.639115,0.182382,0.112801,0.748469,0.222057,0.199752,Bellevue_Bellevue_NE8th
4350,0.611107,0.187617,0.110607,0.788816,0.317103,0.236442,Bellevue_Bellevue_NE8th
4351,0.608943,0.186789,0.110353,0.64931,0.357541,0.089815,Bellevue_Bellevue_NE8th
4352,0.627669,0.132061,0.097302,0.681138,0.284071,0.082828,Bellevue_Bellevue_NE8th
4353,0.646685,0.132108,0.096592,0.53082,0.134427,0.073706,Bellevue_Bellevue_NE8th
4354,0.644072,0.165314,0.10823,0.431856,0.166411,0.141093,Bellevue_Bellevue_NE8th
4355,0.669748,0.146385,0.102314,0.44559,0.192707,0.105915,Bellevue_Bellevue_NE8th
4356,0.66162,0.151453,0.103417,0.457199,0.241393,0.076536,Bellevue_Bellevue_NE8th
4357,0.653997,0.150282,0.103281,0.457098,0.202947,0.037833,Bellevue_Bellevue_NE8th
4358,0.643914,0.151442,0.102727,0.466617,0.191018,0.057279,Bellevue_Bellevue_NE8th
4359,0.649993,0.159251,0.106212,0.490083,0.24594,0.054612,Bellevue_Bellevue_NE8th
4360,0.640498,0.154933,0.104162,0.599623,0.247876,0.061618,Bellevue_Bellevue_NE8th
4361,0.658372,0.139382,0.098535,0.506373,0.222502,0.075668,Bellevue_Bellevue_NE8th
4362,0.664594,0.140119,0.099634,0.647777,0.349429,0.088928,Bellevue_Bellevue_NE8th
4363,0.656156,0.142647,0.100463,0.523021,0.233633,0.117794,Bellevue_Bellevue_NE8th
4364,0.644799,0.147834,0.101752,0.535277,0.189405,0.059746,Bellevue_Bellevue_NE8th
4365,0.620141,0.175282,0.110097,0.439397,0.148108,0.072526,Bellevue_Bellevue_NE8th
4366,0.644427,0.164322,0.107942,0.443224,0.147441,0.035224,Bellevue_Bellevue_NE8th
4367,0.651417,0.146222,0.101234,0.365609,0.108643,0.04435,Bellevue_Bellevue_NE8th
4368,0.647022,0.142087,0.099213,0.457863,0.200087,0.045802,Bellevue_Bellevue_NE8th
4369,0.649456,0.144316,0.100683,0.574041,0.212626,0.091236,Bellevue_Bellevue_NE8th
4370,0.658182,0.142164,0.100272,0.586375,0.212855,0.086677,Bellevue_Bellevue_NE8th
4371,0.638544,0.152484,0.103195,0.548953,0.225234,0.058336,Bellevue_Bellevue_NE8th
4372,0.642567,0.155282,0.104604,0.522321,0.196541,0.078007,Bellevue_Bellevue_NE8th
4373,0.595851,0.193868,0.109729,0.55449,0.202119,0.07582,Bellevue_Bellevue_NE8th
4374,0.649187,0.14054,0.100551,0.579547,0.220567,0.060064,Bellevue_Bellevue_NE8th
4375,0.613091,0.179682,0.109899,0.566598,0.190759,0.065278,Bellevue_Bellevue_NE8th
4376,0.637954,0.183667,0.112598,0.525673,0.086967,0.11591,Bellevue_Bellevue_NE8th
4377,0.650698,0.139936,0.098506,0.424931,0.056924,0.098067,Bellevue_Bellevue_NE8th
4378,0.653024,0.137455,0.098017,0.454051,0.120604,0.099205,Bellevue_Bellevue_NE8th
4379,0.631904,0.155188,0.103728,0.476023,0.165964,0.083998,Bellevue_Bellevue_NE8th
4380,0.655806,0.141047,0.10042,0.4032,0.136196,0.05173,Bellevue_Bellevue_NE8th
4381,0.638123,0.143857,0.100076,0.331976,0.123745,0.053216,Bellevue_Bellevue_NE8th
4382,0.640287,0.125331,0.095466,0.446077,0.161229,0.0614,Bellevue_Bellevue_NE8th
4383,0.644662,0.134499,0.097358,0.289825,0.083403,0.015951,Bellevue_Bellevue_NE8th
4384,0.649217,0.133256,0.096913,0.265886,0.034378,0.021429,Bellevue_Bellevue_NE8th
4385,0.643331,0.121232,0.094279,0.321946,0.155018,0.03619,Bellevue_Bellevue_NE8th
4386,0.650584,0.141815,0.099693,0.51371,0.164897,0.054315,Bellevue_Bellevue_NE8th
4387,0.632696,0.153078,0.10565,0.594386,0.220764,0.080948,Bellevue_Bellevue_NE8th
4388,0.59577,0.19141,0.109497,0.598736,0.207668,0.104405,Bellevue_Bellevue_NE8th
4389,0.617025,0.192526,0.111723,0.643125,0.241323,0.121219,Bellevue_Bellevue_NE8th
4390,0.633366,0.144869,0.101218,0.605599,0.202965,0.05145,Bellevue_Bellevue_NE8th
4391,0.632974,0.13568,0.09709,0.375779,0.157272,0.04689,Bellevue_Bellevue_NE8th
4392,0.622152,0.181448,0.111032,0.562037,0.24041,0.030357,Bellevue_Bellevue_NE8th
4393,0.652865,0.118611,0.093794,0.54924,0.107139,0.059793,Bellevue_Bellevue_NE8th
4394,0.631649,0.138289,0.099404,0.55599,0.16597,0.083637,Bellevue_Bellevue_NE8th
4395,0.573177,0.182632,0.106321,0.588323,0.245304,0.105482,Bellevue_Bellevue_NE8th
4396,0.552459,0.177031,0.103655,0.508026,0.186013,0.140787,Bellevue_Bellevue_NE8th
4397,0.592356,0.177583,0.107637,0.548188,0.225441,0.09099,Bellevue_Bellevue_NE8th
4398,0.595564,0.15063,0.104719,0.619527,0.239588,0.11234,Bellevue_Bellevue_NE8th
4399,0.585002,0.182793,0.107523,0.493964,0.232176,0.069397,Bellevue_Bellevue_NE8th
4400,0.635261,0.176269,0.110777,0.414523,0.253376,0.057596,Bellevue_Bellevue_NE8th
4401,0.616948,0.168441,0.109039,0.580556,0.213476,0.195751,Bellevue_Bellevue_NE8th
4402,0.637533,0.141771,0.100039,0.661056,0.226766,0.132365,Bellevue_Bellevue_NE8th
4403,0.569923,0.169036,0.10447,0.671734,0.399328,0.090292,Bellevue_Bellevue_NE8th
4404,0.54589,0.170298,0.102289,0.718118,0.374185,0.101728,Bellevue_Bellevue_NE8th
4405,0.572923,0.157311,0.103454,0.535612,0.289279,0.062662,Bellevue_Bellevue_NE8th
4406,0.540993,0.170695,0.101844,0.544476,0.260086,0.06782,Bellevue_Bellevue_NE8th
4407,0.566741,0.174407,0.104763,0.576928,0.260784,0.053268,Bellevue_Bellevue_NE8th
4408,0.589544,0.168673,0.106341,0.492308,0.192732,0.128704,Bellevue_Bellevue_NE8th
4409,0.621986,0.177586,0.110547,0.476446,0.176457,0.088049,Bellevue_Bellevue_NE8th
4410,0.58003,0.169507,0.105554,0.36939,0.129818,0.092198,Bellevue_Bellevue_NE8th
4411,0.561337,0.173844,0.104205,0.289358,0.087753,0.106471,Bellevue_Bellevue_NE8th
4412,0.532503,0.161085,0.099959,0.261859,0.042413,0.1181,Bellevue_Bellevue_NE8th
4413,0.589773,0.102156,0.089679,0.429652,0.147625,0.097812,Bellevue_Bellevue_NE8th
4414,0.579633,0.170922,0.105652,0.61348,0.188225,0.121796,Bellevue_Bellevue_NE8th
4415,0.584203,0.184264,0.107562,0.605152,0.098149,0.129374,Bellevue_Bellevue_NE8th
4416,0.604108,0.175648,0.108533,0.527744,0.074129,0.114157,Bellevue_Bellevue_NE8th
4417,0.607633,0.175215,0.108892,0.512792,0.05296,0.138968,Bellevue_Bellevue_NE8th
4418,0.565759,0.172752,0.104513,0.522937,0.0613,0.18856,Bellevue_Bellevue_NE8th
4419,0.565166,0.174444,0.104645,0.478256,0.08335,0.176802,Bellevue_Bellevue_NE8th
4420,0.559239,0.177109,0.10435,0.598442,0.0789,0.173578,Bellevue_Bellevue_NE8th
4421,0.55856,0.173001,0.103834,0.476792,0.111144,0.184903,Bellevue_Bellevue_NE8th
4422,0.597639,0.18801,0.109305,0.485319,0.180483,0.16064,Bellevue_Bellevue_NE8th
4423,0.584131,0.180087,0.107104,0.494062,0.192347,0.067236,Bellevue_Bellevue_NE8th
4424,0.606106,0.174182,0.108583,0.596848,0.175446,0.157986,Bellevue_Bellevue_NE8th
4425,0.600784,0.177002,0.108393,0.561211,0.16802,0.098427,Bellevue_Bellevue_NE8th
4426,0.608919,0.181404,0.109666,0.555513,0.098892,0.117661,Bellevue_Bellevue_NE8th
4427,0.554025,0.170885,0.103144,0.625173,0.074906,0.134435,Bellevue_Bellevue_NE8th
4428,0.550907,0.168172,0.102556,0.587735,0.054991,0.090809,Bellevue_Bellevue_NE8th
4429,0.585193,0.175545,0.106694,0.60309,0.142569,0.043833,Bellevue_Bellevue_NE8th
4430,0.599229,0.180479,0.108629,0.544824,0.190278,0.064502,Bellevue_Bellevue_NE8th
4431,0.57008,0.181105,0.105852,0.609926,0.195912,0.121224,Bellevue_Bellevue_NE8th
4432,0.553785,0.178631,0.103943,0.657971,0.292348,0.065153,Bellevue_Bellevue_NE8th
4433,0.584436,0.168181,0.10579,0.55904,0.261147,0.096015,Bellevue_Bellevue_NE8th
4434,0.614881,0.165677,0.107783,0.599599,0.257652,0.01633,Bellevue_Bellevue_NE8th
4435,0.591754,0.186512,0.108566,0.60593,0.209092,0.030842,Bellevue_Bellevue_NE8th
4436,0.618794,0.188523,0.111451,0.575159,0.201558,0.079645,Bellevue_Bellevue_NE8th
4437,0.597123,0.183463,0.108743,0.573433,0.130926,0.155356,Bellevue_Bellevue_NE8th
4438,0.55922,0.171069,0.103703,0.576062,0.057775,0.143215,Bellevue_Bellevue_NE8th
4439,0.587765,0.151919,0.104298,0.623188,0.193848,0.093721,Bellevue_Bellevue_NE8th
4440,0.570921,0.175827,0.105337,0.522453,0.118639,0.156267,Bellevue_Bellevue_NE8th
4441,0.571453,0.17871,0.105708,0.587841,0.210268,0.138269,Bellevue_Bellevue_NE8th
4442,0.543572,0.173382,0.102392,0.596977,0.110245,0.208164,Bellevue_Bellevue_NE8th
4443,0.547081,0.174289,0.10284,0.642346,0.166738,0.169904,Bellevue_Bellevue_NE8th
4444,0.585314,0.169013,0.10597,0.518464,0.190366,0.085026,Bellevue_Bellevue_NE8th
4445,0.569991,0.17688,0.105343,0.545939,0.201374,0.095595,Bellevue_Bellevue_NE8th
4446,0.602578,0.168433,0.107581,0.57056,0.152665,0.076214,Bellevue_Bellevue_NE8th
4447,0.600481,0.16961,0.107548,0.454569,0.130333,0.052477,Bellevue_Bellevue_NE8th
4448,0.624613,0.183835,0.111492,0.457888,0.13707,0.069022,Bellevue_Bellevue_NE8th
4449,0.597924,0.178796,0.108329,0.49497,0.19533,0.06124,Bellevue_Bellevue_NE8th
4450,0.611267,0.179081,0.109635,0.679413,0.271915,0.113975,Bellevue_Bellevue_NE8th
4451,0.570089,0.181402,0.105864,0.639764,0.317698,0.059222,Bellevue_Bellevue_NE8th
4452,0.553732,0.177307,0.103805,0.634239,0.294447,0.095096,Bellevue_Bellevue_NE8th
4453,0.581495,0.149304,0.103367,0.543221,0.253829,0.053605,Bellevue_Bellevue_NE8th
4454,0.579675,0.180639,0.106739,0.574519,0.180803,0.096067,Bellevue_Bellevue_NE8th
4455,0.619042,0.178744,0.110154,0.536785,0.134286,0.126098,Bellevue_Bellevue_NE8th
4456,0.625464,0.179411,0.111079,0.610566,0.094737,0.22737,Bellevue_Bellevue_NE8th
4457,0.566761,0.167523,0.10404,0.655008,0.230347,0.197066,Bellevue_Bellevue_NE8th
4458,0.59518,0.179791,0.10817,0.651154,0.264621,0.145575,Bellevue_Bellevue_NE8th
4459,0.542711,0.167769,0.101695,0.402782,0.131284,0.080117,Bellevue_Bellevue_NE8th
4460,0.544928,0.173588,0.102534,0.427391,0.201895,0.047378,Bellevue_Bellevue_NE8th
4461,0.539016,0.168584,0.101388,0.495578,0.182368,0.098575,Bellevue_Bellevue_NE8th
4462,0.586782,0.168879,0.106109,0.525153,0.197602,0.081197,Bellevue_Bellevue_NE8th
4463,0.606428,0.175865,0.108826,0.668684,0.159875,0.085519,Bellevue_Bellevue_NE8th
4464,0.54667,0.162627,0.10153,0.646198,0.164612,0.10476,Bellevue_Bellevue_NE8th
4465,0.567779,0.170976,0.104497,0.502901,0.151837,0.034639,Bellevue_Bellevue_NE8th
4466,0.580802,0.170741,0.105729,0.465149,0.231033,0.029295,Bellevue_Bellevue_NE8th
4467,0.533976,0.166042,0.100642,0.391474,0.10674,0.073633,Bellevue_Bellevue_NE8th
4468,0.531657,0.164692,0.100263,0.360485,0.109246,0.030772,Bellevue_Bellevue_NE8th
4469,0.532403,0.165761,0.100459,0.468788,0.199501,0.010251,Bellevue_Bellevue_NE8th
4470,0.575779,0.161179,0.104182,0.604527,0.192965,0.053625,Bellevue_Bellevue_NE8th
4471,0.552043,0.163911,0.102174,0.581484,0.198804,0.125812,Bellevue_Bellevue_NE8th
4472,0.558589,0.165878,0.103048,0.526289,0.104222,0.205702,Bellevue_Bellevue_NE8th
4473,0.550813,0.167859,0.102485,0.486448,0.149806,0.12532,Bellevue_Bellevue_NE8th
4474,0.548593,0.170651,0.102562,0.558489,0.104408,0.144086,Bellevue_Bellevue_NE8th
4475,0.534451,0.16714,0.100803,0.556967,0.142514,0.19515,Bellevue_Bellevue_NE8th
4476,0.524215,0.164984,0.099555,0.476008,0.166978,0.099915,Bellevue_Bellevue_NE8th
4477,0.531484,0.166127,0.100373,0.527983,0.26664,0.054613,Bellevue_Bellevue_NE8th
4478,0.54478,0.167775,0.101901,0.529499,0.231886,0.069794,Bellevue_Bellevue_NE8th
4479,0.611483,0.180227,0.109808,0.728643,0.288003,0.138657,Bellevue_Bellevue_NE8th
4480,0.561256,0.173781,0.104167,0.708558,0.224367,0.191786,Bellevue_Bellevue_NE8th
4481,0.526339,0.166379,0.099931,0.764941,0.243146,0.208887,Bellevue_Bellevue_NE8th
4482,0.538706,0.168439,0.101384,0.780062,0.305404,0.164887,Bellevue_Bellevue_NE8th
4483,0.575436,0.146148,0.102411,0.606384,0.218148,0.158956,Bellevue_Bellevue_NE8th
4484,0.544129,0.173531,0.102428,0.550785,0.18748,0.145634,Bellevue_Bellevue_NE8th
4485,0.543285,0.171599,0.102176,0.491815,0.226665,0.074348,Bellevue_Bellevue_NE8th
4486,0.574701,0.175456,0.105659,0.524998,0.159956,0.124019,Bellevue_Bellevue_NE8th
4487,0.57959,0.173316,0.105902,0.496467,0.134857,0.07579,Bellevue_Bellevue_NE8th
4488,0.527888,0.164446,0.099836,0.404579,0.080681,0.083134,Bellevue_Bellevue_NE8th
4489,0.511972,0.160116,0.097807,0.420077,0.102051,0.092499,Bellevue_Bellevue_NE8th
4490,0.539648,0.169025,0.10152,0.371334,0.097535,0.096191,Bellevue_Bellevue_NE8th
4491,0.527792,0.165872,0.099993,0.374559,0.088039,0.075952,Bellevue_Bellevue_NE8th
4492,0.526075,0.168049,0.100044,0.371666,0.119748,0.049163,Bellevue_Bellevue_NE8th
4493,0.519673,0.163833,0.098977,0.413265,0.044966,0.053391,Bellevue_Bellevue_NE8th
4494,0.559352,0.169762,0.103541,0.546611,0.095654,0.067036,Bellevue_Bellevue_NE8th
4495,0.561538,0.169352,0.103708,0.518946,0.219242,0.060712,Bellevue_Bellevue_NE8th
4496,0.54554,0.16987,0.102204,0.49621,0.186292,0.056654,Bellevue_Bellevue_NE8th
4497,0.550927,0.169847,0.102726,0.515574,0.17075,0.047363,Bellevue_Bellevue_NE8th
4498,0.541231,0.167349,0.101493,0.545893,0.139309,0.064763,Bellevue_Bellevue_NE8th
4499,0.526831,0.16648,0.099985,0.389649,0.108074,0.100477,Bellevue_Bellevue_NE8th
4500,0.518919,0.164513,0.09897,0.31244,0.101889,0.057994,Bellevue_Bellevue_NE8th
4501,0.525989,0.165132,0.099737,0.516899,0.211827,0.098286,Bellevue_Bellevue_NE8th
4502,0.554673,0.165348,0.102588,0.503572,0.151763,0.119267,Bellevue_Bellevue_NE8th
4503,0.580731,0.166072,0.105212,0.486631,0.105661,0.193143,Bellevue_Bellevue_NE8th
4504,0.530231,0.162632,0.099907,0.441606,0.110287,0.139231,Bellevue_Bellevue_NE8th
4505,0.526567,0.163531,0.099629,0.423189,0.13266,0.173366,Bellevue_Bellevue_NE8th
4506,0.505398,0.154979,0.096608,0.550018,0.112113,0.254991,Bellevue_Bellevue_NE8th
4507,0.521542,0.162056,0.098975,0.631121,0.14802,0.12038,Bellevue_Bellevue_NE8th
4508,0.491646,0.153019,0.095031,0.562666,0.137223,0.077249,Bellevue_Bellevue_NE8th
4509,0.510514,0.159815,0.097611,0.623473,0.19765,0.081554,Bellevue_Bellevue_NE8th
4510,0.540041,0.15789,0.100305,0.636698,0.130258,0.097961,Bellevue_Bellevue_NE8th
4511,0.548893,0.159783,0.101384,0.640907,0.128456,0.154175,Bellevue_Bellevue_NE8th
4512,0.54728,0.167515,0.10213,0.702259,0.22302,0.039448,Bellevue_Bellevue_NE8th
4513,0.566593,0.166426,0.103882,0.543467,0.141837,0.050004,Bellevue_Bellevue_NE8th
4514,0.570795,0.171393,0.104864,0.597729,0.168191,0.073226,Bellevue_Bellevue_NE8th
4515,0.547253,0.169563,0.102314,0.595738,0.201405,0.10002,Bellevue_Bellevue_NE8th
4516,0.522414,0.166316,0.099501,0.577212,0.175255,0.141548,Bellevue_Bellevue_NE8th
4517,0.52273,0.165,0.09941,0.520584,0.162626,0.113827,Bellevue_Bellevue_NE8th
4518,0.541567,0.170668,0.101868,0.557236,0.113496,0.135299,Bellevue_Bellevue_NE8th
4519,0.557137,0.171829,0.103539,0.366828,0.133388,0.0688,Bellevue_Bellevue_NE8th
4520,0.613476,0.176874,0.109631,0.358391,0.1893,0.071228,Bellevue_Bellevue_NE8th
4521,0.542242,0.163022,0.101131,0.496651,0.138654,0.072788,Bellevue_Bellevue_NE8th
4522,0.53453,0.15607,0.099572,0.489737,0.152867,0.041572,Bellevue_Bellevue_NE8th
4523,0.525592,0.160523,0.099198,0.493306,0.167655,0.070921,Bellevue_Bellevue_NE8th
4524,0.513444,0.162137,0.098186,0.592912,0.204376,0.076166,Bellevue_Bellevue_NE8th
4525,0.524787,0.166037,0.099725,0.493636,0.21977,0.076852,Bellevue_Bellevue_NE8th
4526,0.596219,0.167958,0.106897,0.445071,0.123883,0.077275,Bellevue_Bellevue_NE8th
4527,0.600612,0.17596,0.108263,0.514044,0.008995,0.141727,Bellevue_Bellevue_NE8th
4528,0.530584,0.164246,0.100125,0.450544,0.006535,0.115382,Bellevue_Bellevue_NE8th
4529,0.580361,0.170844,0.105687,0.44386,0.101413,0.09618,Bellevue_Bellevue_NE8th
4530,0.542569,0.160511,0.100869,0.308518,0.127475,0.084226,Bellevue_Bellevue_NE8th
4531,0.546794,0.170658,0.102412,0.405757,0.181865,0.076403,Bellevue_Bellevue_NE8th
4532,0.527302,0.168711,0.10024,0.599086,0.274639,0.170439,Bellevue_Bellevue_NE8th
4533,0.546994,0.174591,0.102836,0.562623,0.141036,0.198764,Bellevue_Bellevue_NE8th
4534,0.566978,0.172697,0.104607,0.54814,0.076077,0.1486,Bellevue_Bellevue_NE8th
4535,0.579841,0.178379,0.106487,0.553794,0.038928,0.150082,Bellevue_Bellevue_NE8th
4536,0.51667,0.162246,0.098521,0.548065,0.052352,0.093586,Bellevue_Bellevue_NE8th
4537,0.574826,0.165009,0.104509,0.528896,0.107185,0.113237,Bellevue_Bellevue_NE8th
4538,0.512495,0.162324,0.098108,0.624212,0.263556,0.132897,Bellevue_Bellevue_NE8th
4539,0.520794,0.167245,0.099437,0.631306,0.30413,0.160152,Bellevue_Bellevue_NE8th
4540,0.53739,0.170929,0.101467,0.630489,0.312229,0.141025,Bellevue_Bellevue_NE8th
4541,0.522173,0.165001,0.099332,0.541253,0.117671,0.13984,Bellevue_Bellevue_NE8th
4542,0.573216,0.169979,0.104921,0.622506,0.111527,0.144448,Bellevue_Bellevue_NE8th
4543,0.531825,0.166755,0.100517,0.660729,0.116495,0.209161,Bellevue_Bellevue_NE8th
4544,0.522069,0.162149,0.099056,0.64232,0.159078,0.175177,Bellevue_Bellevue_NE8th
4545,0.599162,0.174296,0.107896,0.543491,0.13933,0.136695,Bellevue_Bellevue_NE8th
4546,0.576378,0.174337,0.105709,0.499559,0.064816,0.216181,Bellevue_Bellevue_NE8th
4547,0.52787,0.167977,0.100244,0.480239,0.149554,0.153209,Bellevue_Bellevue_NE8th
4548,0.521721,0.165699,0.099381,0.556799,0.178786,0.167817,Bellevue_Bellevue_NE8th
4549,0.538778,0.171305,0.10167,0.536062,0.183031,0.14731,Bellevue_Bellevue_NE8th
4550,0.536095,0.170234,0.101312,0.494884,0.142084,0.097755,Bellevue_Bellevue_NE8th
4551,0.590615,0.175158,0.107168,0.52374,0.166893,0.085105,Bellevue_Bellevue_NE8th
4552,0.513617,0.162697,0.098264,0.510517,0.125141,0.088043,Bellevue_Bellevue_NE8th
4553,0.543844,0.169211,0.101922,0.435236,0.110404,0.13456,Bellevue_Bellevue_NE8th
4554,0.510979,0.16403,0.098125,0.517213,0.173481,0.127623,Bellevue_Bellevue_NE8th
4555,0.513252,0.165169,0.098473,0.556389,0.223058,0.085647,Bellevue_Bellevue_NE8th
4556,0.519264,0.165623,0.099118,0.511337,0.141266,0.099988,Bellevue_Bellevue_NE8th
4557,0.526053,0.167279,0.099953,0.589026,0.120394,0.14163,Bellevue_Bellevue_NE8th
4558,0.520584,0.164409,0.099122,0.488722,0.060589,0.156173,Bellevue_Bellevue_NE8th
4559,0.554474,0.163617,0.102366,0.486927,0.076782,0.273399,Bellevue_Bellevue_NE8th
4560,0.520805,0.162712,0.09896,0.425024,0.081118,0.22641,Bellevue_Bellevue_NE8th
4561,0.507605,0.159171,0.097283,0.452417,0.172858,0.196526,Bellevue_Bellevue_NE8th
4562,0.492465,0.153368,0.095154,0.535069,0.251496,0.096048,Bellevue_Bellevue_NE8th
4563,0.512562,0.163396,0.098206,0.588079,0.300874,0.109872,Bellevue_Bellevue_NE8th
4564,0.494639,0.155807,0.095636,0.600265,0.101364,0.141175,Bellevue_Bellevue_NE8th
4565,0.520216,0.163349,0.098973,0.579938,0.045362,0.143583,Bellevue_Bellevue_NE8th
4566,0.524252,0.165492,0.099618,0.638433,0.052557,0.152045,Bellevue_Bellevue_NE8th
4567,0.530837,0.164746,0.100183,0.648308,0.070521,0.158863,Bellevue_Bellevue_NE8th
4568,0.532028,0.165224,0.100353,0.581844,0.137485,0.071421,Bellevue_Bellevue_NE8th
4569,0.523808,0.164478,0.09945,0.700409,0.115955,0.148733,Bellevue_Bellevue_NE8th
4570,0.519569,0.161074,0.098685,0.69697,0.110282,0.084229,Bellevue_Bellevue_NE8th
4571,0.52799,0.163272,0.099737,0.631555,0.046105,0.106614,Bellevue_Bellevue_NE8th
4572,0.54695,0.160888,0.101334,0.71922,0.156221,0.190528,Bellevue_Bellevue_NE8th
4573,0.524154,0.158519,0.098837,0.691953,0.247532,0.169949,Bellevue_Bellevue_NE8th
4574,0.499703,0.156591,0.096214,0.670235,0.267016,0.097833,Bellevue_Bellevue_NE8th
4575,0.507037,0.161074,0.097428,0.633744,0.302113,0.115031,Bellevue_Bellevue_NE8th
4576,0.507113,0.162984,0.097617,0.587612,0.249646,0.130645,Bellevue_Bellevue_NE8th
4577,0.510497,0.163569,0.098028,0.474308,0.14997,0.054984,Bellevue_Bellevue_NE8th
4578,0.525288,0.165204,0.099678,0.476881,0.126809,0.027689,Bellevue_Bellevue_NE8th
4579,0.529048,0.165875,0.100106,0.627394,0.138357,0.07765,Bellevue_Bellevue_NE8th
4580,0.504861,0.159043,0.096991,0.653611,0.191128,0.10584,Bellevue_Bellevue_NE8th
4581,0.500319,0.15813,0.09645,0.499346,0.176569,0.072832,Bellevue_Bellevue_NE8th
4582,0.513116,0.165034,0.098428,0.448488,0.16962,0.091391,Bellevue_Bellevue_NE8th
4583,0.503177,0.160588,0.096986,0.503818,0.190591,0.118323,Bellevue_Bellevue_NE8th
4584,0.534694,0.169029,0.101002,0.447318,0.071473,0.112906,Bellevue_Bellevue_NE8th
4585,0.529187,0.166408,0.100183,0.488874,0.079333,0.090551,Bellevue_Bellevue_NE8th
4586,0.554016,0.164383,0.102407,0.538131,0.198022,0.089722,Bellevue_Bellevue_NE8th
4587,0.500127,0.157053,0.096338,0.496263,0.15469,0.047449,Bellevue_Bellevue_NE8th
4588,0.539378,0.164946,0.101034,0.427257,0.154685,0.068581,Bellevue_Bellevue_NE8th
4589,0.529283,0.16551,0.100102,0.44853,0.247711,0.047762,Bellevue_Bellevue_NE8th
4590,0.51865,0.164253,0.098924,0.58117,0.190236,0.0945,Bellevue_Bellevue_NE8th
4591,0.516958,0.162463,0.098536,0.684226,0.179523,0.125061,Bellevue_Bellevue_NE8th
4592,0.487937,0.153699,0.09474,0.657032,0.283047,0.069522,Bellevue_Bellevue_NE8th
4593,0.514044,0.16186,0.098197,0.536537,0.135209,0.034848,Bellevue_Bellevue_NE8th
4594,0.527844,0.163314,0.099701,0.523856,0.094446,0.05553,Bellevue_Bellevue_NE8th
4595,0.565507,0.164015,0.103485,0.583953,0.098484,0.077104,Bellevue_Bellevue_NE8th
4596,0.507887,0.159034,0.097305,0.606381,0.080036,0.066275,Bellevue_Bellevue_NE8th
4597,0.507186,0.158418,0.097168,0.564048,0.105346,0.044273,Bellevue_Bellevue_NE8th
4598,0.508969,0.158545,0.097359,0.617925,0.134363,0.024728,Bellevue_Bellevue_NE8th
4599,0.504942,0.158943,0.096995,0.428739,0.129146,0.119079,Bellevue_Bellevue_NE8th
4600,0.50121,0.159503,0.09668,0.372577,0.200603,0.072937,Bellevue_Bellevue_NE8th
4601,0.462835,0.147129,0.091562,0.429841,0.202585,0.092703,Bellevue_Bellevue_NE8th
4602,0.51555,0.16255,0.098418,0.455701,0.110282,0.067768,Bellevue_Bellevue_NE8th
4603,0.508606,0.158714,0.097328,0.604141,0.050209,0.05318,Bellevue_Bellevue_NE8th
4604,0.546367,0.167693,0.101995,0.617674,0.037695,0.063845,Bellevue_Bellevue_NE8th
4605,0.538343,0.167288,0.101188,0.665847,0.088021,0.0521,Bellevue_Bellevue_NE8th
4606,0.526328,0.16676,0.099948,0.66989,0.126998,0.057181,Bellevue_Bellevue_NE8th
4607,0.525329,0.165318,0.099697,0.694351,0.132461,0.06756,Bellevue_Bellevue_NE8th
4608,0.51693,0.164439,0.098771,0.675684,0.206359,0.090042,Bellevue_Bellevue_NE8th
4609,0.489607,0.15556,0.095096,0.611169,0.252721,0.080075,Bellevue_Bellevue_NE8th
4610,0.522297,0.165664,0.099414,0.614957,0.235782,0.095189,Bellevue_Bellevue_NE8th
4611,0.504266,0.159158,0.096932,0.648366,0.174931,0.058454,Bellevue_Bellevue_NE8th
4612,0.504059,0.156352,0.096626,0.509219,0.127714,0.068707,Bellevue_Bellevue_NE8th
4613,0.544365,0.155376,0.100469,0.583559,0.063029,0.113734,Bellevue_Bellevue_NE8th
4614,0.521531,0.157791,0.098498,0.636651,0.036502,0.113557,Bellevue_Bellevue_NE8th
4615,0.506286,0.15712,0.096923,0.50048,0.055785,0.079984,Bellevue_Bellevue_NE8th
4616,0.509495,0.158322,0.097362,0.358369,0.032548,0.113601,Bellevue_Bellevue_NE8th
4617,0.510901,0.160001,0.09769,0.516135,0.108645,0.088586,Bellevue_Bellevue_NE8th
4618,0.476314,0.150087,0.093204,0.4929,0.160873,0.08691,Bellevue_Bellevue_NE8th
4619,0.497292,0.158487,0.096176,0.498945,0.176561,0.13489,Bellevue_Bellevue_NE8th
4620,0.498657,0.156905,0.096151,0.502449,0.19403,0.074643,Bellevue_Bellevue_NE8th
4621,0.510213,0.160104,0.097621,0.463563,0.107834,0.088499,Bellevue_Bellevue_NE8th
4622,0.537636,0.166666,0.101024,0.470764,0.109903,0.093016,Bellevue_Bellevue_NE8th
4623,0.54655,0.160895,0.101282,0.426799,0.111862,0.126029,Bellevue_Bellevue_NE8th
4624,0.527581,0.163702,0.099748,0.492516,0.142214,0.089759,Bellevue_Bellevue_NE8th
4625,0.500614,0.154739,0.096131,0.457991,0.15038,0.037015,Bellevue_Bellevue_NE8th
4626,0.507439,0.154595,0.096779,0.543821,0.189867,0.069717,Bellevue_Bellevue_NE8th
4627,0.491944,0.152011,0.094975,0.511151,0.139975,0.081385,Bellevue_Bellevue_NE8th
4628,0.49738,0.158616,0.096199,0.489921,0.218188,0.074882,Bellevue_Bellevue_NE8th
4629,0.500652,0.159041,0.096583,0.55115,0.264646,0.08492,Bellevue_Bellevue_NE8th
4630,0.503312,0.157965,0.096727,0.436466,0.183291,0.075926,Bellevue_Bellevue_NE8th
4631,0.500294,0.157862,0.096405,0.461107,0.131949,0.148103,Bellevue_Bellevue_NE8th
4632,0.546762,0.166598,0.101923,0.51672,0.168984,0.204656,Bellevue_Bellevue_NE8th
4633,0.51354,0.159504,0.09791,0.561499,0.193661,0.159197,Bellevue_Bellevue_NE8th
4634,0.509984,0.159373,0.097543,0.575082,0.251919,0.122563,Bellevue_Bellevue_NE8th
4635,0.50394,0.156828,0.096678,0.616599,0.295681,0.028165,Bellevue_Bellevue_NE8th
4636,0.530645,0.164691,0.100142,0.529348,0.17996,0.020317,Bellevue_Bellevue_NE8th
4637,0.483064,0.150674,0.093938,0.396687,0.16587,0.065182,Bellevue_Bellevue_NE8th
4638,0.501161,0.159023,0.096618,0.524372,0.238846,0.068689,Bellevue_Bellevue_NE8th
4639,0.500104,0.157951,0.096408,0.550666,0.225098,0.094834,Bellevue_Bellevue_NE8th
4640,0.497785,0.156121,0.095966,0.550254,0.134916,0.074233,Bellevue_Bellevue_NE8th
4641,0.500896,0.154227,0.096079,0.410247,0.107794,0.076192,Bellevue_Bellevue_NE8th
4642,0.562772,0.159113,0.102665,0.519199,0.148935,0.118324,Bellevue_Bellevue_NE8th
4643,0.4917,0.152239,0.094974,0.485723,0.132647,0.110753,Bellevue_Bellevue_NE8th
4644,0.513976,0.160435,0.098037,0.500156,0.186056,0.148574,Bellevue_Bellevue_NE8th
4645,0.491382,0.152497,0.09496,0.585253,0.181712,0.179235,Bellevue_Bellevue_NE8th
4646,0.499249,0.154359,0.095929,0.550499,0.160971,0.201333,Bellevue_Bellevue_NE8th
4647,0.490132,0.153001,0.094879,0.642496,0.184295,0.204217,Bellevue_Bellevue_NE8th
4648,0.476642,0.147924,0.092996,0.606863,0.188405,0.155507,Bellevue_Bellevue_NE8th
4649,0.497332,0.154234,0.095718,0.552889,0.194303,0.140465,Bellevue_Bellevue_NE8th
4650,0.507454,0.156265,0.096949,0.417159,0.11389,0.151238,Bellevue_Bellevue_NE8th
4651,0.519974,0.1593,0.098488,0.47067,0.169513,0.123774,Bellevue_Bellevue_NE8th
4652,0.512205,0.158748,0.097698,0.501217,0.194471,0.161259,Bellevue_Bellevue_NE8th
4653,0.513837,0.160156,0.097981,0.506393,0.182806,0.162792,Bellevue_Bellevue_NE8th
4654,0.502915,0.156531,0.096534,0.487559,0.188559,0.21604,Bellevue_Bellevue_NE8th
4655,0.460541,0.145233,0.091132,0.474726,0.148647,0.042641,Bellevue_Bellevue_NE8th
4656,0.494852,0.15808,0.095885,0.508826,0.196019,0.040302,Bellevue_Bellevue_NE8th
4657,0.493809,0.15511,0.095478,0.516644,0.195347,0.046313,Bellevue_Bellevue_NE8th
4658,0.495057,0.156883,0.095774,0.580759,0.157447,0.079066,Bellevue_Bellevue_NE8th
4659,0.520503,0.160364,0.098663,0.589472,0.095735,0.123723,Bellevue_Bellevue_NE8th
4660,0.508397,0.158454,0.097271,0.626431,0.115454,0.103877,Bellevue_Bellevue_NE8th
4661,0.504483,0.156278,0.096682,0.596908,0.088311,0.118645,Bellevue_Bellevue_NE8th
4662,0.520787,0.161668,0.098842,0.562803,0.116581,0.110291,Bellevue_Bellevue_NE8th
4663,0.516364,0.161113,0.098343,0.52885,0.194295,0.089609,Bellevue_Bellevue_NE8th
4664,0.501787,0.155901,0.096357,0.488116,0.146689,0.09158,Bellevue_Bellevue_NE8th
4665,0.502095,0.158225,0.096636,0.642777,0.20559,0.116945,Bellevue_Bellevue_NE8th
4666,0.46022,0.146401,0.091218,0.552711,0.184258,0.083981,Bellevue_Bellevue_NE8th
4667,0.507271,0.160492,0.097383,0.547546,0.167798,0.049344,Bellevue_Bellevue_NE8th
4668,0.514078,0.160154,0.098006,0.517925,0.084661,0.087354,Bellevue_Bellevue_NE8th
4669,0.565525,0.157425,0.102766,0.590644,0.071951,0.071493,Bellevue_Bellevue_NE8th
4670,0.478948,0.150389,0.093498,0.476061,0.06503,0.039751,Bellevue_Bellevue_NE8th
4671,0.502549,0.156673,0.096517,0.418591,0.125265,0.034122,Bellevue_Bellevue_NE8th
4672,0.501861,0.154639,0.096234,0.234013,0.087434,0.028241,Bellevue_Bellevue_NE8th
4673,0.491479,0.15113,0.094829,0.377376,0.134528,0.07449,Bellevue_Bellevue_NE8th
4674,0.464826,0.146178,0.091643,0.567852,0.224953,0.098411,Bellevue_Bellevue_NE8th
4675,0.507701,0.158246,0.097179,0.534309,0.16236,0.05242,Bellevue_Bellevue_NE8th
4676,0.548309,0.156491,0.100962,0.591142,0.070979,0.052338,Bellevue_Bellevue_NE8th
4677,0.490699,0.151343,0.094784,0.603304,0.108248,0.067126,Bellevue_Bellevue_NE8th
4678,0.507544,0.157902,0.097141,0.612582,0.162578,0.070618,Bellevue_Bellevue_NE8th
4679,0.489078,0.152073,0.094691,0.614562,0.209985,0.065647,Bellevue_Bellevue_NE8th
4680,0.458151,0.145568,0.090922,0.359913,0.152618,0.060081,Bellevue_Bellevue_NE8th
4681,0.503007,0.158292,0.09671,0.399357,0.17946,0.045208,Bellevue_Bellevue_NE8th
4682,0.520944,0.158575,0.09849,0.461488,0.164066,0.071964,Bellevue_Bellevue_NE8th
4683,0.502472,0.156523,0.096481,0.420098,0.184575,0.073848,Bellevue_Bellevue_NE8th
4684,0.485911,0.151627,0.094331,0.495301,0.193911,0.092281,Bellevue_Bellevue_NE8th
4685,0.499474,0.156931,0.096231,0.534969,0.147309,0.138602,Bellevue_Bellevue_NE8th
4686,0.498412,0.157434,0.096178,0.585358,0.203235,0.116991,Bellevue_Bellevue_NE8th
4687,0.489339,0.151943,0.0947,0.554791,0.129376,0.058355,Bellevue_Bellevue_NE8th
4688,0.491029,0.152725,0.094939,0.423855,0.101404,0.068166,Bellevue_Bellevue_NE8th
4689,0.499337,0.156845,0.096199,0.430827,0.098583,0.080553,Bellevue_Bellevue_NE8th
4690,0.484148,0.148348,0.093779,0.535532,0.131671,0.088249,Bellevue_Bellevue_NE8th
4691,0.499809,0.154662,0.096021,0.435866,0.140812,0.103061,Bellevue_Bellevue_NE8th
4692,0.553537,0.157421,0.101577,0.423154,0.167803,0.077087,Bellevue_Bellevue_NE8th
4693,0.496559,0.151975,0.095427,0.495812,0.177698,0.123901,Bellevue_Bellevue_NE8th
4694,0.47285,0.147167,0.09256,0.467406,0.035822,0.158802,Bellevue_Bellevue_NE8th
4695,0.480252,0.14799,0.093382,0.548976,0.085965,0.168492,Bellevue_Bellevue_NE8th
4696,0.470716,0.149559,0.092595,0.47001,0.055662,0.132848,Bellevue_Bellevue_NE8th
4697,0.49569,0.15676,0.095839,0.495413,0.116929,0.108967,Bellevue_Bellevue_NE8th
4698,0.504956,0.159865,0.097078,0.497513,0.121957,0.099375,Bellevue_Bellevue_NE8th
4699,0.532942,0.157717,0.09958,0.540089,0.100539,0.140594,Bellevue_Bellevue_NE8th
4700,0.491607,0.153385,0.095089,0.49594,0.105388,0.167021,Bellevue_Bellevue_NE8th
4701,0.480635,0.153391,0.093979,0.433522,0.114645,0.077029,Bellevue_Bellevue_NE8th
4702,0.501663,0.158804,0.096646,0.360898,0.099313,0.088324,Bellevue_Bellevue_NE8th
4703,0.4988,0.156762,0.096143,0.466429,0.084377,0.067562,Bellevue_Bellevue_NE8th
4704,0.507179,0.15955,0.097263,0.655204,0.154974,0.105181,Bellevue_Bellevue_NE8th
4705,0.507393,0.161647,0.097504,0.63388,0.194257,0.037923,Bellevue_Bellevue_NE8th
4706,0.503111,0.155592,0.09643,0.573115,0.120097,0.037012,Bellevue_Bellevue_NE8th
4707,0.511033,0.153969,0.097058,0.627701,0.059451,0.054772,Bellevue_Bellevue_NE8th
4708,0.483158,0.150961,0.093992,0.598024,0.052602,0.088499,Bellevue_Bellevue_NE8th
4709,0.506516,0.15683,0.096921,0.519426,0.100499,0.07024,Bellevue_Bellevue_NE8th
4710,0.507726,0.15917,0.097287,0.455341,0.048672,0.101488,Bellevue_Bellevue_NE8th
4711,0.495726,0.159312,0.096103,0.521163,0.100602,0.113528,Bellevue_Bellevue_NE8th
4712,0.503515,0.158954,0.096835,0.554363,0.1292,0.131232,Bellevue_Bellevue_NE8th
4713,0.509016,0.157849,0.097251,0.574518,0.11872,0.167204,Bellevue_Bellevue_NE8th
4714,0.530179,0.161383,0.099704,0.564709,0.069717,0.174594,Bellevue_Bellevue_NE8th
4715,0.506503,0.154425,0.096671,0.622178,0.086095,0.145605,Bellevue_Bellevue_NE8th
4716,0.470712,0.148253,0.092458,0.559479,0.07404,0.060349,Bellevue_Bellevue_NE8th
4717,0.500584,0.156282,0.09629,0.565495,0.087591,0.141654,Bellevue_Bellevue_NE8th
4718,0.506149,0.159108,0.097133,0.432084,0.092681,0.109562,Bellevue_Bellevue_NE8th
4719,0.506234,0.159869,0.097216,0.395541,0.112923,0.097211,Bellevue_Bellevue_NE8th
4720,0.503836,0.158483,0.096837,0.529935,0.157619,0.119412,Bellevue_Bellevue_NE8th
4721,0.506067,0.157959,0.096989,0.522085,0.136449,0.133767,Bellevue_Bellevue_NE8th
4722,0.514937,0.159328,0.098006,0.536447,0.057409,0.045229,Bellevue_Bellevue_NE8th
4723,0.53257,0.158,0.099584,0.612858,0.082385,0.066926,Bellevue_Bellevue_NE8th
4724,0.489376,0.152934,0.094825,0.628191,0.0695,0.068401,Bellevue_Bellevue_NE8th
4725,0.504727,0.157741,0.096852,0.568949,0.094998,0.039886,Bellevue_Bellevue_NE8th
4726,0.511902,0.158917,0.097677,0.434815,0.120846,0.066491,Bellevue_Bellevue_NE8th
4727,0.502448,0.159297,0.096772,0.414343,0.183506,0.077976,Bellevue_Bellevue_NE8th
4728,0.507659,0.160053,0.097375,0.498079,0.181948,0.093288,Bellevue_Bellevue_NE8th
4729,0.495642,0.155728,0.095725,0.485577,0.135334,0.105682,Bellevue_Bellevue_NE8th
4730,0.507092,0.15979,0.097303,0.573592,0.108009,0.093488,Bellevue_Bellevue_NE8th
4731,0.531922,0.162642,0.100056,0.746497,0.070831,0.130294,Bellevue_Bellevue_NE8th
4732,0.467497,0.146271,0.091945,0.640898,0.124437,0.106548,Bellevue_Bellevue_NE8th
4733,0.508864,0.160549,0.097561,0.538876,0.161186,0.040377,Bellevue_Bellevue_NE8th
4734,0.507358,0.160249,0.097376,0.493913,0.135289,0.074972,Bellevue_Bellevue_NE8th
4735,0.498176,0.156015,0.096012,0.341424,0.103004,0.073929,Bellevue_Bellevue_NE8th
4736,0.507944,0.159828,0.097391,0.393225,0.080134,0.116483,Bellevue_Bellevue_NE8th
4737,0.535633,0.151797,0.099196,0.325319,0.063076,0.067603,Bellevue_Bellevue_NE8th
4738,0.522229,0.163584,0.099187,0.399112,0.082846,0.039969,Bellevue_Bellevue_NE8th
4739,0.533126,0.164795,0.100378,0.514961,0.087075,0.06486,Bellevue_Bellevue_NE8th
4740,0.527653,0.1647,0.099849,0.565839,0.095131,0.097682,Bellevue_Bellevue_NE8th
4741,0.512634,0.162066,0.098108,0.53907,0.1065,0.074765,Bellevue_Bellevue_NE8th
4742,0.520672,0.164778,0.099186,0.486188,0.149724,0.099972,Bellevue_Bellevue_NE8th
4743,0.521066,0.164404,0.099182,0.445491,0.123647,0.167268,Bellevue_Bellevue_NE8th
4744,0.508509,0.161712,0.09765,0.50205,0.098497,0.1771,Bellevue_Bellevue_NE8th
4745,0.518848,0.165332,0.099051,0.567417,0.123219,0.208032,Bellevue_Bellevue_NE8th
4746,0.509575,0.16129,0.097709,0.599771,0.097936,0.206382,Bellevue_Bellevue_NE8th
4747,0.514839,0.162966,0.098397,0.59141,0.057367,0.151099,Bellevue_Bellevue_NE8th
4748,0.519941,0.163797,0.099009,0.570441,0.076645,0.121264,Bellevue_Bellevue_NE8th
4749,0.524012,0.164428,0.099462,0.627619,0.072497,0.066068,Bellevue_Bellevue_NE8th
4750,0.527437,0.163872,0.099754,0.598228,0.126335,0.034629,Bellevue_Bellevue_NE8th
4751,0.52629,0.164842,0.099722,0.525157,0.095265,0.078289,Bellevue_Bellevue_NE8th
4752,0.518833,0.164181,0.098925,0.479799,0.120488,0.056044,Bellevue_Bellevue_NE8th
4753,0.521224,0.163174,0.099053,0.400957,0.072179,0.083219,Bellevue_Bellevue_NE8th
4754,0.516866,0.162738,0.098575,0.392758,0.080388,0.107735,Bellevue_Bellevue_NE8th
4755,0.500205,0.156695,0.096281,0.536372,0.128038,0.139604,Bellevue_Bellevue_NE8th
4756,0.519477,0.161926,0.098726,0.59653,0.144183,0.114329,Bellevue_Bellevue_NE8th
4757,0.524821,0.162524,0.099336,0.73083,0.066185,0.209847,Bellevue_Bellevue_NE8th
4758,0.475439,0.150779,0.093223,0.731733,0.088743,0.204181,Bellevue_Bellevue_NE8th
4759,0.493113,0.156132,0.095511,0.633563,0.118762,0.141137,Bellevue_Bellevue_NE8th
4760,0.507094,0.158835,0.09719,0.663289,0.121059,0.166978,Bellevue_Bellevue_NE8th
4761,0.504844,0.156731,0.096759,0.638091,0.076344,0.120276,Bellevue_Bellevue_NE8th
4762,0.498444,0.156648,0.0961,0.435077,0.076846,0.091588,Bellevue_Bellevue_NE8th
4763,0.507835,0.160443,0.097435,0.516313,0.066281,0.126776,Bellevue_Bellevue_NE8th
4764,0.484873,0.150877,0.09414,0.477376,0.081495,0.098682,Bellevue_Bellevue_NE8th
4765,0.502251,0.15888,0.09672,0.527472,0.12262,0.126463,Bellevue_Bellevue_NE8th
4766,0.508134,0.160818,0.097501,0.536087,0.11299,0.060685,Bellevue_Bellevue_NE8th
4767,0.54768,0.159341,0.101228,0.648168,0.18734,0.02209,Bellevue_Bellevue_NE8th
4768,0.499981,0.156655,0.096268,0.631305,0.173342,0.047193,Bellevue_Bellevue_NE8th
4769,0.50804,0.158812,0.097273,0.60849,0.22011,0.091737,Bellevue_Bellevue_NE8th
4770,0.505881,0.156098,0.096782,0.60083,0.192656,0.138594,Bellevue_Bellevue_NE8th
4771,0.458608,0.145792,0.090995,0.500694,0.17203,0.091373,Bellevue_Bellevue_NE8th
4772,0.502008,0.158693,0.096666,0.480976,0.134557,0.097128,Bellevue_Bellevue_NE8th
4773,0.483447,0.153113,0.094233,0.529976,0.191751,0.053496,Bellevue_Bellevue_NE8th
4774,0.502547,0.157554,0.096593,0.523344,0.18075,0.058523,Bellevue_Bellevue_NE8th
4775,0.511596,0.159083,0.097638,0.476075,0.180912,0.109539,Bellevue_Bellevue_NE8th
4776,0.520649,0.159522,0.098585,0.466786,0.119127,0.120588,Bellevue_Bellevue_NE8th
4777,0.517415,0.151318,0.097382,0.544044,0.12941,0.127871,Bellevue_Bellevue_NE8th
4778,0.510806,0.158823,0.09754,0.51495,0.126115,0.096506,Bellevue_Bellevue_NE8th
4779,0.50789,0.158164,0.097192,0.562276,0.180248,0.073944,Bellevue_Bellevue_NE8th
4780,0.481748,0.150459,0.093788,0.434151,0.132818,0.103528,Bellevue_Bellevue_NE8th
4781,0.503285,0.160291,0.09696,0.520373,0.183443,0.13131,Bellevue_Bellevue_NE8th
4782,0.50279,0.15737,0.096596,0.549886,0.170509,0.102134,Bellevue_Bellevue_NE8th
4783,0.514703,0.161139,0.09818,0.503845,0.134977,0.114829,Bellevue_Bellevue_NE8th
4784,0.517788,0.162672,0.098655,0.509073,0.09209,0.124807,Bellevue_Bellevue_NE8th
4785,0.5188,0.161214,0.098595,0.575245,0.087784,0.170546,Bellevue_Bellevue_NE8th
4786,0.521288,0.159,0.098611,0.56224,0.10225,0.149468,Bellevue_Bellevue_NE8th
4787,0.51827,0.162014,0.098634,0.607403,0.125173,0.162053,Bellevue_Bellevue_NE8th
4788,0.52315,0.162944,0.099208,0.58214,0.152052,0.108576,Bellevue_Bellevue_NE8th
4789,0.509992,0.160042,0.097601,0.565622,0.145516,0.125796,Bellevue_Bellevue_NE8th
4790,0.485174,0.152031,0.094308,0.554009,0.14553,0.11986,Bellevue_Bellevue_NE8th
4791,0.4923,0.153958,0.095216,0.53412,0.159681,0.093942,Bellevue_Bellevue_NE8th
4792,0.512965,0.161634,0.098073,0.596085,0.193326,0.126416,Bellevue_Bellevue_NE8th
4793,0.507413,0.15901,0.097256,0.491131,0.126943,0.124428,Bellevue_Bellevue_NE8th
4794,0.520875,0.16207,0.09888,0.514042,0.169998,0.16095,Bellevue_Bellevue_NE8th
4795,0.497808,0.157244,0.096114,0.553311,0.239649,0.150668,Bellevue_Bellevue_NE8th
4796,0.464421,0.147847,0.0918,0.523842,0.187719,0.163109,Bellevue_Bellevue_NE8th
4797,0.4624,0.14808,0.091618,0.547789,0.235629,0.093047,Bellevue_Bellevue_NE8th
4798,0.497262,0.158237,0.096156,0.46092,0.165384,0.048052,Bellevue_Bellevue_NE8th
4799,0.511062,0.159956,0.097698,0.545314,0.163176,0.07887,Bellevue_Bellevue_NE8th
4800,0.507714,0.159921,0.097367,0.595337,0.202183,0.061085,Bellevue_Bellevue_NE8th
4801,0.522642,0.16421,0.099284,0.473524,0.110327,0.08528,Bellevue_Bellevue_NE8th
4802,0.531909,0.165757,0.100378,0.496958,0.132129,0.0485,Bellevue_Bellevue_NE8th
4803,0.529789,0.162768,0.099853,0.519934,0.163991,0.046472,Bellevue_Bellevue_NE8th
4804,0.517537,0.163375,0.098717,0.523686,0.080885,0.141872,Bellevue_Bellevue_NE8th
4805,0.540081,0.166995,0.101305,0.583564,0.049748,0.169535,Bellevue_Bellevue_NE8th
4806,0.532965,0.162357,0.100125,0.68556,0.027105,0.20909,Bellevue_Bellevue_NE8th
4807,0.516858,0.154769,0.097718,0.630572,0.063711,0.097155,Bellevue_Bellevue_NE8th
4808,0.501905,0.158973,0.096694,0.597218,0.114223,0.041306,Bellevue_Bellevue_NE8th
4809,0.51486,0.163678,0.098473,0.52621,0.104904,0.053575,Bellevue_Bellevue_NE8th
4810,0.508765,0.1602,0.097499,0.480499,0.118275,0.07774,Bellevue_Bellevue_NE8th
4811,0.511417,0.161601,0.097911,0.520741,0.121715,0.098499,Bellevue_Bellevue_NE8th
4812,0.506303,0.158423,0.097064,0.612715,0.16079,0.050165,Bellevue_Bellevue_NE8th
4813,0.514072,0.162256,0.098262,0.587626,0.163598,0.038477,Bellevue_Bellevue_NE8th
4814,0.538606,0.165474,0.101005,0.739282,0.199533,0.036439,Bellevue_Bellevue_NE8th
4815,0.504756,0.160742,0.097209,0.665115,0.159722,0.051496,Bellevue_Bellevue_NE8th
4816,0.534716,0.165746,0.100656,0.536986,0.098181,0.083407,Bellevue_Bellevue_NE8th
4817,0.539689,0.168392,0.101431,0.63353,0.129669,0.085267,Bellevue_Bellevue_NE8th
4818,0.510549,0.161707,0.097869,0.545265,0.215021,0.081716,Bellevue_Bellevue_NE8th
4819,0.534199,0.157717,0.099715,0.508203,0.221884,0.12348,Bellevue_Bellevue_NE8th
4820,0.537871,0.151164,0.099329,0.516575,0.215583,0.150687,Bellevue_Bellevue_NE8th
4821,0.546543,0.1547,0.100563,0.552442,0.158318,0.112727,Bellevue_Bellevue_NE8th
4822,0.511012,0.161609,0.097897,0.439607,0.058518,0.100989,Bellevue_Bellevue_NE8th
4823,0.570818,0.160628,0.10364,0.558875,0.105012,0.101166,Bellevue_Bellevue_NE8th
4824,0.515858,0.161495,0.098347,0.453581,0.066476,0.052889,Bellevue_Bellevue_NE8th
4825,0.516466,0.162145,0.098492,0.546861,0.185437,0.067222,Bellevue_Bellevue_NE8th
4826,0.509148,0.160775,0.097609,0.606291,0.194468,0.039079,Bellevue_Bellevue_NE8th
4827,0.506371,0.161262,0.097378,0.671657,0.245366,0.085207,Bellevue_Bellevue_NE8th
4828,0.475146,0.151981,0.093307,0.70578,0.221646,0.088532,Bellevue_Bellevue_NE8th
4829,0.498983,0.147823,0.095161,0.572494,0.15534,0.041493,Bellevue_Bellevue_NE8th
4830,0.510234,0.16055,0.097689,0.640329,0.146998,0.044924,Bellevue_Bellevue_NE8th
4831,0.517912,0.161625,0.098543,0.519231,0.149241,0.035045,Bellevue_Bellevue_NE8th
4832,0.53514,0.163377,0.100444,0.532952,0.12372,0.075492,Bellevue_Bellevue_NE8th
4833,0.50204,0.158656,0.096691,0.474021,0.130269,0.043423,Bellevue_Bellevue_NE8th
4834,0.516681,0.163643,0.098658,0.491786,0.182097,0.02752,Bellevue_Bellevue_NE8th
4835,0.51529,0.162915,0.098444,0.517914,0.174642,0.078467,Bellevue_Bellevue_NE8th
4836,0.493646,0.159,0.095853,0.500089,0.154706,0.110178,Bellevue_Bellevue_NE8th
4837,0.495356,0.156704,0.095808,0.474581,0.150177,0.115741,Bellevue_Bellevue_NE8th
4838,0.502467,0.157213,0.096549,0.451531,0.169461,0.007626,Bellevue_Bellevue_NE8th
4839,0.517915,0.161043,0.098477,0.436501,0.139746,0.016535,Bellevue_Bellevue_NE8th
4840,0.533754,0.162845,0.100232,0.418569,0.126597,0.085085,Bellevue_Bellevue_NE8th
4841,0.520584,0.160795,0.098747,0.413905,0.124101,0.068813,Bellevue_Bellevue_NE8th
4842,0.508347,0.157296,0.097146,0.454082,0.113307,0.108181,Bellevue_Bellevue_NE8th
4843,0.515311,0.160096,0.098144,0.58972,0.212537,0.156003,Bellevue_Bellevue_NE8th
4844,0.472269,0.149863,0.092804,0.527861,0.179729,0.110326,Bellevue_Bellevue_NE8th
4845,0.4955,0.157705,0.095919,0.587123,0.186702,0.148611,Bellevue_Bellevue_NE8th
4846,0.464464,0.148343,0.091853,0.576299,0.117819,0.160911,Bellevue_Bellevue_NE8th
4847,0.502138,0.160047,0.096828,0.559972,0.122573,0.12757,Bellevue_Bellevue_NE8th
4848,0.528276,0.164767,0.099887,0.573809,0.104717,0.130903,Bellevue_Bellevue_NE8th
4849,0.518247,0.162192,0.098661,0.563042,0.101968,0.145401,Bellevue_Bellevue_NE8th
4850,0.521166,0.163255,0.099062,0.531647,0.094605,0.127366,Bellevue_Bellevue_NE8th
4851,0.534904,0.16697,0.100789,0.498247,0.099412,0.071979,Bellevue_Bellevue_NE8th
4852,0.519626,0.164388,0.099025,0.560822,0.143434,0.10594,Bellevue_Bellevue_NE8th
4853,0.496426,0.157989,0.096051,0.483007,0.132039,0.099453,Bellevue_Bellevue_NE8th
4854,0.504002,0.160728,0.097089,0.520475,0.092446,0.12632,Bellevue_Bellevue_NE8th
4855,0.481704,0.153793,0.094145,0.538256,0.165488,0.082177,Bellevue_Bellevue_NE8th
4856,0.509456,0.162973,0.097859,0.599335,0.197668,0.019153,Bellevue_Bellevue_NE8th
4857,0.520071,0.162527,0.098849,0.618725,0.156743,0.029756,Bellevue_Bellevue_NE8th
4858,0.553311,0.159434,0.101811,0.712397,0.153248,0.052827,Bellevue_Bellevue_NE8th
4859,0.521757,0.161636,0.098946,0.521503,0.102467,0.059192,Bellevue_Bellevue_NE8th
4860,0.524784,0.163557,0.099462,0.56363,0.148437,0.146231,Bellevue_Bellevue_NE8th
4861,0.464221,0.15087,0.092094,0.639124,0.202879,0.0561,Bellevue_Bellevue_NE8th
4862,0.494941,0.160264,0.096115,0.563402,0.103882,0.100814,Bellevue_Bellevue_NE8th
4863,0.511312,0.16283,0.098036,0.572013,0.158358,0.084247,Bellevue_Bellevue_NE8th
4864,0.507427,0.162969,0.097654,0.622039,0.170851,0.050535,Bellevue_Bellevue_NE8th
4865,0.505205,0.159345,0.097065,0.469925,0.117203,0.061789,Bellevue_Bellevue_NE8th
4866,0.562401,0.157482,0.102473,0.685748,0.118087,0.13639,Bellevue_Bellevue_NE8th
4867,0.495198,0.157286,0.095881,0.636808,0.089123,0.092568,Bellevue_Bellevue_NE8th
4868,0.525495,0.162907,0.099429,0.570969,0.073645,0.056557,Bellevue_Bellevue_NE8th
4869,0.532569,0.167292,0.100614,0.560689,0.089722,0.101365,Bellevue_Bellevue_NE8th
4870,0.507262,0.163079,0.097656,0.522021,0.112382,0.029284,Bellevue_Bellevue_NE8th
4871,0.508149,0.16437,0.097873,0.541578,0.109672,0.066375,Bellevue_Bellevue_NE8th
4872,0.505961,0.160296,0.097245,0.547899,0.163144,0.064048,Bellevue_Bellevue_NE8th
4873,0.513906,0.164641,0.098474,0.589718,0.160338,0.085075,Bellevue_Bellevue_NE8th
4874,0.5196,0.163397,0.09891,0.577292,0.141662,0.069988,Bellevue_Bellevue_NE8th
4875,0.575561,0.161936,0.104232,0.556075,0.15936,0.052499,Bellevue_Bellevue_NE8th
4876,0.519855,0.162645,0.098878,0.561081,0.15415,0.049861,Bellevue_Bellevue_NE8th
4877,0.529046,0.166946,0.100216,0.558288,0.172507,0.026622,Bellevue_Bellevue_NE8th
4878,0.528125,0.166751,0.100119,0.561306,0.192332,0.051972,Bellevue_Bellevue_NE8th
4879,0.501908,0.160137,0.096833,0.528235,0.200314,0.038436,Bellevue_Bellevue_NE8th
4880,0.513406,0.165558,0.09852,0.553912,0.209206,0.109562,Bellevue_Bellevue_NE8th
4881,0.506962,0.163132,0.097639,0.467424,0.163308,0.063365,Bellevue_Bellevue_NE8th
4882,0.516003,0.164822,0.098711,0.515275,0.153309,0.066515,Bellevue_Bellevue_NE8th
4883,0.522008,0.163882,0.099213,0.453248,0.14655,0.054148,Bellevue_Bellevue_NE8th
4884,0.520687,0.163172,0.099009,0.615421,0.191698,0.108595,Bellevue_Bellevue_NE8th
4885,0.489568,0.157695,0.09535,0.53571,0.110724,0.105395,Bellevue_Bellevue_NE8th
4886,0.516836,0.163611,0.098666,0.464225,0.109977,0.028284,Bellevue_Bellevue_NE8th
4887,0.510277,0.161485,0.097813,0.484886,0.15271,0.038057,Bellevue_Bellevue_NE8th
4888,0.478346,0.15508,0.093943,0.490936,0.174093,0.044375,Bellevue_Bellevue_NE8th
4889,0.505534,0.162207,0.097387,0.574006,0.263099,0.046857,Bellevue_Bellevue_NE8th
4890,0.484344,0.157078,0.094741,0.596468,0.208709,0.081805,Bellevue_Bellevue_NE8th
4891,0.504568,0.161353,0.097206,0.460804,0.100585,0.061657,Bellevue_Bellevue_NE8th
4892,0.538965,0.168018,0.101321,0.589412,0.086945,0.143187,Bellevue_Bellevue_NE8th
4893,0.50672,0.160952,0.097414,0.471794,0.097723,0.132977,Bellevue_Bellevue_NE8th
4894,0.52371,0.165986,0.099611,0.457467,0.129471,0.082736,Bellevue_Bellevue_NE8th
4895,0.518644,0.165027,0.099007,0.649274,0.285318,0.12614,Bellevue_Bellevue_NE8th
4896,0.504704,0.161747,0.097267,0.64149,0.278503,0.147661,Bellevue_Bellevue_NE8th
4897,0.485091,0.156814,0.094803,0.590385,0.228042,0.137338,Bellevue_Bellevue_NE8th
4898,0.500977,0.162355,0.096947,0.634966,0.228791,0.178074,Bellevue_Bellevue_NE8th
4899,0.4984,0.161169,0.096568,0.689754,0.247882,0.068283,Bellevue_Bellevue_NE8th
4900,0.513004,0.164892,0.098421,0.60497,0.154199,0.069262,Bellevue_Bellevue_NE8th
4901,0.538098,0.167486,0.101146,0.616049,0.130512,0.088609,Bellevue_Bellevue_NE8th
4902,0.516934,0.163886,0.098715,0.628894,0.128307,0.08571,Bellevue_Bellevue_NE8th
4903,0.503432,0.159494,0.096927,0.577612,0.137929,0.071719,Bellevue_Bellevue_NE8th
4904,0.509665,0.163783,0.097959,0.563201,0.123215,0.024535,Bellevue_Bellevue_NE8th
4905,0.537702,0.170808,0.101484,0.550159,0.127101,0.042157,Bellevue_Bellevue_NE8th
4906,0.494826,0.160076,0.096103,0.469051,0.160409,0.04686,Bellevue_Bellevue_NE8th
4907,0.509891,0.163604,0.097967,0.49765,0.128512,0.035601,Bellevue_Bellevue_NE8th
4908,0.508776,0.160499,0.097528,0.522829,0.096468,0.025718,Bellevue_Bellevue_NE8th
4909,0.503109,0.161288,0.097071,0.54376,0.056497,0.082634,Bellevue_Bellevue_NE8th
4910,0.511022,0.162967,0.098021,0.565102,0.052532,0.056162,Bellevue_Bellevue_NE8th
4911,0.524887,0.162416,0.099337,0.71292,0.092928,0.074825,Bellevue_Bellevue_NE8th
4912,0.511647,0.160691,0.097868,0.670836,0.078757,0.064962,Bellevue_Bellevue_NE8th
4913,0.532088,0.166268,0.100445,0.582542,0.071532,0.049041,Bellevue_Bellevue_NE8th
4914,0.524381,0.166203,0.099682,0.562196,0.146392,0.054753,Bellevue_Bellevue_NE8th
4915,0.515978,0.164998,0.098731,0.502334,0.157153,0.080296,Bellevue_Bellevue_NE8th
4916,0.514552,0.164935,0.098577,0.500392,0.145363,0.110646,Bellevue_Bellevue_NE8th
4917,0.514388,0.164613,0.098528,0.591634,0.184649,0.080813,Bellevue_Bellevue_NE8th
4918,0.505717,0.163954,0.097596,0.517408,0.094472,0.023722,Bellevue_Bellevue_NE8th
4919,0.529835,0.165702,0.100163,0.614388,0.110849,0.018038,Bellevue_Bellevue_NE8th
4920,0.508652,0.161096,0.097613,0.62972,0.115817,0.015308,Bellevue_Bellevue_NE8th
4921,0.511827,0.164553,0.09826,0.493562,0.095516,0.023332,Bellevue_Bellevue_NE8th
4922,0.522882,0.165981,0.099513,0.447297,0.090499,0.01696,Bellevue_Bellevue_NE8th
4923,0.491409,0.159327,0.095697,0.512997,0.132089,0.037456,Bellevue_Bellevue_NE8th
4924,0.49462,0.161545,0.09621,0.419688,0.09634,0.073445,Bellevue_Bellevue_NE8th
4925,0.495353,0.160182,0.096167,0.491641,0.101329,0.109037,Bellevue_Bellevue_NE8th
4926,0.432789,0.141971,0.086881,0.539945,0.172818,0.016492,Bellevue_Bellevue_NE8th
4927,0.50246,0.162719,0.097136,0.598794,0.196848,0.019675,Bellevue_Bellevue_NE8th
4928,0.50213,0.162236,0.097052,0.515145,0.136109,0.058426,Bellevue_Bellevue_NE8th
4929,0.51776,0.161476,0.098516,0.547307,0.161229,0.039048,Bellevue_Bellevue_NE8th
4930,0.508754,0.160579,0.097547,0.564025,0.149607,0.042621,Bellevue_Bellevue_NE8th
4931,0.507239,0.162081,0.097548,0.608968,0.185022,0.01571,Bellevue_Bellevue_NE8th
4932,0.507929,0.161867,0.09759,0.613085,0.210617,0.038517,Bellevue_Bellevue_NE8th
4933,0.489139,0.157271,0.095255,0.579597,0.171296,0.034056,Bellevue_Bellevue_NE8th
4934,0.484897,0.158393,0.094926,0.524511,0.122647,0.048513,Bellevue_Bellevue_NE8th
4935,0.491872,0.158549,0.095647,0.55853,0.164258,0.048287,Bellevue_Bellevue_NE8th
4936,0.49721,0.15869,0.09621,0.536205,0.091129,0.037482,Bellevue_Bellevue_NE8th
4937,0.512042,0.161881,0.098014,0.635697,0.163166,0.017258,Bellevue_Bellevue_NE8th
4938,0.51281,0.160318,0.097913,0.635691,0.118196,0.064836,Bellevue_Bellevue_NE8th
4939,0.516281,0.160449,0.098275,0.626256,0.144282,0.046783,Bellevue_Bellevue_NE8th
4940,0.525526,0.165197,0.099667,0.591214,0.130916,0.072257,Bellevue_Bellevue_NE8th
4941,0.515649,0.162918,0.098478,0.630075,0.140172,0.050866,Bellevue_Bellevue_NE8th
4942,0.478667,0.153732,0.093839,0.5916,0.158362,0.08483,Bellevue_Bellevue_NE8th
4943,0.449345,0.149219,0.090198,0.56121,0.148169,0.068454,Bellevue_Bellevue_NE8th
4944,0.487891,0.15919,0.095299,0.602663,0.170591,0.08491,Bellevue_Bellevue_NE8th
4945,0.490877,0.158931,0.095578,0.569203,0.128909,0.129578,Bellevue_Bellevue_NE8th
4946,0.484845,0.154348,0.094517,0.474002,0.09638,0.020622,Bellevue_Bellevue_NE8th
4947,0.511684,0.159296,0.097682,0.518839,0.136661,0.029173,Bellevue_Bellevue_NE8th
4948,0.511588,0.159674,0.097732,0.515146,0.089934,0.076134,Bellevue_Bellevue_NE8th
4949,0.49536,0.156134,0.09574,0.504113,0.084941,0.057512,Bellevue_Bellevue_NE8th
4950,0.50464,0.158873,0.096943,0.554977,0.051483,0.070996,Bellevue_Bellevue_NE8th
4951,0.492573,0.157872,0.095654,0.546838,0.058128,0.103508,Bellevue_Bellevue_NE8th
4952,0.481446,0.156921,0.094431,0.485897,0.111462,0.040403,Bellevue_Bellevue_NE8th
4953,0.484554,0.157127,0.094762,0.538891,0.122316,0.075708,Bellevue_Bellevue_NE8th
4954,0.458409,0.150111,0.091327,0.47791,0.083939,0.072941,Bellevue_Bellevue_NE8th
4955,0.482652,0.153685,0.094236,0.545834,0.119554,0.12112,Bellevue_Bellevue_NE8th
4956,0.520251,0.160132,0.098606,0.636713,0.220594,0.045918,Bellevue_Bellevue_NE8th
4957,0.497189,0.155432,0.095855,0.635795,0.154312,0.037913,Bellevue_Bellevue_NE8th
4958,0.492104,0.155029,0.095312,0.593651,0.126684,0.026142,Bellevue_Bellevue_NE8th
4959,0.501802,0.15857,0.096623,0.573583,0.196551,0.017865,Bellevue_Bellevue_NE8th
4960,0.496352,0.158094,0.096053,0.617929,0.225813,0.031371,Bellevue_Bellevue_NE8th
4961,0.466148,0.151779,0.092376,0.474779,0.240765,0.028481,Bellevue_Bellevue_NE8th
4962,0.487872,0.156713,0.095057,0.576663,0.214602,0.069601,Bellevue_Bellevue_NE8th
4963,0.488906,0.156216,0.095105,0.473266,0.193467,0.064857,Bellevue_Bellevue_NE8th
4964,0.484113,0.153275,0.094327,0.498902,0.133503,0.092153,Bellevue_Bellevue_NE8th
4965,0.507195,0.156878,0.096971,0.476396,0.131268,0.053327,Bellevue_Bellevue_NE8th
4966,0.491334,0.155064,0.095226,0.525504,0.106731,0.052406,Bellevue_Bellevue_NE8th
4967,0.463132,0.145647,0.091363,0.564176,0.117719,0.128357,Bellevue_Bellevue_NE8th
4968,0.478493,0.151012,0.093531,0.514582,0.058187,0.149209,Bellevue_Bellevue_NE8th
4969,0.478649,0.15154,0.093607,0.508908,0.031753,0.183141,Bellevue_Bellevue_NE8th
4970,0.459358,0.149134,0.091199,0.447599,0.053202,0.120054,Bellevue_Bellevue_NE8th
4971,0.483909,0.154569,0.094441,0.480226,0.073211,0.12359,Bellevue_Bellevue_NE8th
4972,0.479769,0.153485,0.09391,0.543549,0.074804,0.050105,Bellevue_Bellevue_NE8th
4973,0.483693,0.15432,0.094409,0.530362,0.087199,0.074021,Bellevue_Bellevue_NE8th
4974,0.534058,0.164713,0.100474,0.548195,0.11227,0.027947,Bellevue_Bellevue_NE8th
4975,0.516374,0.158736,0.098107,0.545844,0.155711,0.006622,Bellevue_Bellevue_NE8th
4976,0.518887,0.149485,0.09729,0.561072,0.150392,0.044105,Bellevue_Bellevue_NE8th
4977,0.49027,0.155296,0.095139,0.661601,0.216264,0.035932,Bellevue_Bellevue_NE8th
4978,0.475797,0.151588,0.09332,0.67923,0.208543,0.048486,Bellevue_Bellevue_NE8th
4979,0.471763,0.153529,0.093106,0.659808,0.145575,0.039629,Bellevue_Bellevue_NE8th
4980,0.449245,0.143556,0.089183,0.615701,0.164875,0.040898,Bellevue_Bellevue_NE8th
4981,0.510869,0.149121,0.096455,0.624578,0.179555,0.06001,Bellevue_Bellevue_NE8th
4982,0.501859,0.161824,0.096984,0.521989,0.09961,0.034179,Bellevue_Bellevue_NE8th
4983,0.538042,0.166353,0.101037,0.528765,0.092913,0.033057,Bellevue_Bellevue_NE8th
4984,0.558704,0.168142,0.103273,0.591294,0.125305,0.063945,Bellevue_Bellevue_NE8th
4985,0.500819,0.158196,0.096512,0.560201,0.104015,0.073628,Bellevue_Bellevue_NE8th
4986,0.503386,0.160922,0.097066,0.611757,0.151009,0.148282,Bellevue_Bellevue_NE8th
4987,0.515628,0.163228,0.09851,0.612949,0.125538,0.147743,Bellevue_Bellevue_NE8th
4988,0.452516,0.142655,0.089561,0.478208,0.145034,0.101918,Bellevue_Bellevue_NE8th
4989,0.474377,0.154095,0.093429,0.521201,0.186362,0.101919,Bellevue_Bellevue_NE8th
4990,0.474372,0.153555,0.093385,0.617892,0.221913,0.10476,Bellevue_Bellevue_NE8th
4991,0.501795,0.157363,0.096494,0.548063,0.131164,0.048171,Bellevue_Bellevue_NE8th
4992,0.547799,0.166777,0.10204,0.61704,0.146297,0.048132,Bellevue_Bellevue_NE8th
4993,0.445579,0.145614,0.088513,0.525917,0.099013,0.021355,Bellevue_Bellevue_NE8th
4994,0.564982,0.161667,0.103146,0.584876,0.129337,0.038843,Bellevue_Bellevue_NE8th
4995,0.517543,0.162092,0.098561,0.640584,0.255195,0.079089,Bellevue_Bellevue_NE8th
4996,0.50374,0.158277,0.096803,0.665231,0.228631,0.111268,Bellevue_Bellevue_NE8th
4997,0.532559,0.150144,0.098678,0.610772,0.195556,0.09245,Bellevue_Bellevue_NE8th
4998,0.547181,0.155531,0.100708,0.730769,0.225884,0.146518,Bellevue_Bellevue_NE8th
4999,0.552398,0.154165,0.101064,0.625179,0.199725,0.078678,Bellevue_Bellevue_NE8th
5000,0.528399,0.154107,0.098737,0.502881,0.165484,0.026855,Bellevue_Bellevue_NE8th
5001,0.592943,0.16666,0.10592,0.587923,0.212232,0.043067,Bellevue_Bellevue_NE8th
5002,0.55796,0.171033,0.103539,0.674187,0.251518,0.006731,Bellevue_Bellevue_NE8th
5003,0.552831,0.15744,0.101506,0.639606,0.224826,0.045774,Bellevue_Bellevue_NE8th
5004,0.545215,0.170217,0.10218,0.569304,0.243443,0.062896,Bellevue_Bellevue_NE8th
5005,0.557597,0.174158,0.103812,0.593583,0.223114,0.091146,Bellevue_Bellevue_NE8th
5006,0.60324,0.135933,0.098161,0.531916,0.176072,0.054403,Bellevue_Bellevue_NE8th
5007,0.607222,0.137289,0.097886,0.551627,0.156113,0.053693,Bellevue_Bellevue_NE8th
5008,0.581092,0.158223,0.104324,0.573963,0.24073,0.009868,Bellevue_Bellevue_NE8th
5009,0.60862,0.126712,0.095665,0.57535,0.220938,0.037304,Bellevue_Bellevue_NE8th
5010,0.623521,0.14668,0.099751,0.647487,0.196507,0.053739,Bellevue_Bellevue_NE8th
5011,0.6132,0.150908,0.104755,0.710878,0.252028,0.01053,Bellevue_Bellevue_NE8th
5012,0.618153,0.153996,0.104121,0.649619,0.211626,0.063495,Bellevue_Bellevue_NE8th
5013,0.609378,0.151929,0.10328,0.683433,0.236945,0.116035,Bellevue_Bellevue_NE8th
5014,0.552628,0.126898,0.097784,0.637788,0.278233,0.056794,Bellevue_Bellevue_NE8th
5015,0.569224,0.109955,0.091426,0.513629,0.194927,0.059213,Bellevue_Bellevue_NE8th
5016,0.583089,0.11861,0.093429,0.595326,0.241771,0.05072,Bellevue_Bellevue_NE8th
5017,0.578629,0.112028,0.091211,0.574557,0.193727,0.068493,Bellevue_Bellevue_NE8th
5018,0.6019,0.142243,0.099106,0.488393,0.10392,0.114145,Bellevue_Bellevue_NE8th
5019,0.626843,0.126801,0.093825,0.557374,0.145533,0.1363,Bellevue_Bellevue_NE8th
5020,0.62014,0.121531,0.09306,0.54081,0.132683,0.079401,Bellevue_Bellevue_NE8th
5021,0.608475,0.13918,0.096627,0.579429,0.21957,0.058299,Bellevue_Bellevue_NE8th
5022,0.607563,0.142245,0.098951,0.616503,0.243287,0.120526,Bellevue_Bellevue_NE8th
5023,0.616603,0.124799,0.094275,0.59545,0.251822,0.096232,Bellevue_Bellevue_NE8th
5024,0.594508,0.115155,0.091655,0.494665,0.199061,0.059738,Bellevue_Bellevue_NE8th
5025,0.613506,0.127384,0.09444,0.578152,0.190702,0.062737,Bellevue_Bellevue_NE8th
5026,0.618359,0.129778,0.095314,0.624304,0.122159,0.043465,Bellevue_Bellevue_NE8th
5027,0.608884,0.133271,0.094557,0.622148,0.087082,0.024756,Bellevue_Bellevue_NE8th
5028,0.633328,0.125994,0.093985,0.743092,0.107329,0.066258,Bellevue_Bellevue_NE8th
5029,0.62433,0.126011,0.093825,0.562722,0.240933,0.063736,Bellevue_Bellevue_NE8th
5030,0.624925,0.13105,0.094205,0.5611,0.168901,0.091713,Bellevue_Bellevue_NE8th
5031,0.637359,0.121924,0.092993,0.666455,0.255455,0.052437,Bellevue_Bellevue_NE8th
5032,0.62618,0.12342,0.093096,0.503836,0.108724,0.0555,Bellevue_Bellevue_NE8th
5033,0.60728,0.13916,0.097428,0.676839,0.147749,0.056888,Bellevue_Bellevue_NE8th
5034,0.618005,0.129116,0.094583,0.654511,0.156709,0.05602,Bellevue_Bellevue_NE8th
5035,0.612837,0.129163,0.094325,0.532228,0.117769,0.05765,Bellevue_Bellevue_NE8th
5036,0.612475,0.133235,0.095673,0.59576,0.151288,0.047619,Bellevue_Bellevue_NE8th
5037,0.607538,0.1362,0.097132,0.600351,0.177639,0.026352,Bellevue_Bellevue_NE8th
5038,0.60993,0.141174,0.098272,0.582544,0.078158,0.048199,Bellevue_Bellevue_NE8th
5039,0.617858,0.134443,0.094947,0.577824,0.084437,0.011987,Bellevue_Bellevue_NE8th
5040,0.625021,0.131766,0.094563,0.611119,0.137974,0.004429,Bellevue_Bellevue_NE8th
5041,0.622184,0.128634,0.093901,0.569195,0.136163,0.022384,Bellevue_Bellevue_NE8th
5042,0.618218,0.140298,0.096986,0.461115,0.10882,0.001994,Bellevue_Bellevue_NE8th
5043,0.634254,0.125621,0.09252,0.494219,0.064589,0.012276,Bellevue_Bellevue_NE8th
5044,0.631001,0.124575,0.092704,0.468955,0.06986,0.091202,Bellevue_Bellevue_NE8th
5045,0.627948,0.124164,0.092835,0.578104,0.126766,0.087184,Bellevue_Bellevue_NE8th
5046,0.626235,0.121624,0.092355,0.578842,0.224204,0.022016,Bellevue_Bellevue_NE8th
5047,0.628691,0.132378,0.095293,0.547573,0.16881,0.091122,Bellevue_Bellevue_NE8th
5048,0.616689,0.13275,0.093604,0.573978,0.180919,0.093526,Bellevue_Bellevue_NE8th
5049,0.649128,0.120091,0.092477,0.626996,0.183534,0.148891,Bellevue_Bellevue_NE8th
5050,0.633458,0.11777,0.090799,0.584519,0.16304,0.076079,Bellevue_Bellevue_NE8th
5051,0.617065,0.132683,0.095038,0.58762,0.208512,0.087255,Bellevue_Bellevue_NE8th
5052,0.630831,0.127262,0.093338,0.616417,0.213073,0.13101,Bellevue_Bellevue_NE8th
5053,0.630197,0.120908,0.0918,0.506906,0.141809,0.079761,Bellevue_Bellevue_NE8th
5054,0.628747,0.126936,0.093358,0.607347,0.196392,0.096818,Bellevue_Bellevue_NE8th
5055,0.6238,0.121541,0.09155,0.632236,0.204545,0.062111,Bellevue_Bellevue_NE8th
5056,0.636662,0.125668,0.093661,0.578269,0.078228,0.076939,Bellevue_Bellevue_NE8th
5057,0.619004,0.133042,0.093837,0.681196,0.119705,0.061294,Bellevue_Bellevue_NE8th
5058,0.630299,0.129315,0.093778,0.650449,0.129324,0.033729,Bellevue_Bellevue_NE8th
5059,0.617302,0.129649,0.093151,0.588034,0.118706,0.04345,Bellevue_Bellevue_NE8th
5060,0.616965,0.132467,0.094838,0.587767,0.071164,0.048981,Bellevue_Bellevue_NE8th
5061,0.635599,0.128527,0.093681,0.650343,0.085668,0.098906,Bellevue_Bellevue_NE8th
5062,0.63943,0.107841,0.088383,0.480886,0.067768,0.071924,Bellevue_Bellevue_NE8th
5063,0.626295,0.128563,0.093558,0.451205,0.041813,0.092065,Bellevue_Bellevue_NE8th
5064,0.625108,0.125844,0.093479,0.5389,0.064475,0.111129,Bellevue_Bellevue_NE8th
5065,0.632364,0.129479,0.094577,0.481172,0.126243,0.0433,Bellevue_Bellevue_NE8th
5066,0.636143,0.122289,0.092443,0.587861,0.142047,0.025473,Bellevue_Bellevue_NE8th
5067,0.620432,0.128132,0.093054,0.573018,0.099536,0.014576,Bellevue_Bellevue_NE8th
5068,0.625178,0.123045,0.092144,0.484108,0.058014,0.02769,Bellevue_Bellevue_NE8th
5069,0.612514,0.134322,0.094818,0.438101,0.05963,0.012139,Bellevue_Bellevue_NE8th
5070,0.629596,0.130187,0.094163,0.468302,0.060893,0.036564,Bellevue_Bellevue_NE8th
5071,0.632896,0.123159,0.092812,0.472677,0.10271,0.091171,Bellevue_Bellevue_NE8th
5072,0.613234,0.127456,0.092862,0.542383,0.146897,0.124215,Bellevue_Bellevue_NE8th
5073,0.61709,0.127839,0.0936,0.534947,0.16237,0.068696,Bellevue_Bellevue_NE8th
5074,0.618023,0.129729,0.094133,0.567167,0.129252,0.047799,Bellevue_Bellevue_NE8th
5075,0.606651,0.130096,0.092937,0.538264,0.119598,0.023441,Bellevue_Bellevue_NE8th
5076,0.624681,0.136017,0.095248,0.623572,0.165624,0.069876,Bellevue_Bellevue_NE8th
5077,0.638369,0.116691,0.091038,0.522544,0.12245,0.046866,Bellevue_Bellevue_NE8th
5078,0.619314,0.129851,0.094002,0.518972,0.101701,0.065065,Bellevue_Bellevue_NE8th
5079,0.6276,0.12935,0.093486,0.512082,0.130425,0.05132,Bellevue_Bellevue_NE8th
5080,0.637466,0.116473,0.090711,0.473009,0.111893,0.068046,Bellevue_Bellevue_NE8th
5081,0.621687,0.122071,0.091661,0.426679,0.107092,0.049185,Bellevue_Bellevue_NE8th
5082,0.613959,0.125927,0.092633,0.555613,0.192739,0.075249,Bellevue_Bellevue_NE8th
5083,0.605734,0.124602,0.092417,0.540954,0.240458,0.007807,Bellevue_Bellevue_NE8th
5084,0.638945,0.115127,0.090676,0.488779,0.189799,0.013778,Bellevue_Bellevue_NE8th
5085,0.624288,0.127781,0.092193,0.646055,0.290822,0.011419,Bellevue_Bellevue_NE8th
5086,0.634514,0.118853,0.091054,0.668949,0.34334,0.050542,Bellevue_Bellevue_NE8th
5087,0.624031,0.128435,0.092727,0.46061,0.196748,0.022232,Bellevue_Bellevue_NE8th
5088,0.624812,0.124477,0.092118,0.519381,0.119801,0.084895,Bellevue_Bellevue_NE8th
5089,0.637394,0.107695,0.088189,0.492031,0.158665,0.075202,Bellevue_Bellevue_NE8th
5090,0.616884,0.124987,0.09222,0.567178,0.252469,0.061846,Bellevue_Bellevue_NE8th
5091,0.61424,0.124613,0.092213,0.625961,0.213752,0.109721,Bellevue_Bellevue_NE8th
5092,0.606964,0.122619,0.091518,0.627357,0.221439,0.029747,Bellevue_Bellevue_NE8th
5093,0.629749,0.123872,0.092497,0.514733,0.14383,0.05545,Bellevue_Bellevue_NE8th
5094,0.630139,0.12443,0.091386,0.520069,0.129254,0.082211,Bellevue_Bellevue_NE8th
5095,0.636586,0.116334,0.090533,0.503096,0.100257,0.106721,Bellevue_Bellevue_NE8th
5096,0.620832,0.126033,0.092391,0.50651,0.099481,0.064916,Bellevue_Bellevue_NE8th
5097,0.622388,0.127541,0.092617,0.540214,0.075442,0.067778,Bellevue_Bellevue_NE8th
5098,0.635061,0.11885,0.091073,0.498429,0.033473,0.119003,Bellevue_Bellevue_NE8th
5099,0.624252,0.116566,0.089913,0.454703,0.04135,0.145151,Bellevue_Bellevue_NE8th
5100,0.621032,0.121347,0.091168,0.607674,0.117581,0.167212,Bellevue_Bellevue_NE8th
5101,0.61403,0.117411,0.090243,0.491207,0.115333,0.085469,Bellevue_Bellevue_NE8th
5102,0.621431,0.123438,0.091889,0.387022,0.123766,0.023614,Bellevue_Bellevue_NE8th
5103,0.626216,0.126202,0.092091,0.378075,0.110369,0.064785,Bellevue_Bellevue_NE8th
5104,0.622037,0.12262,0.091237,0.443486,0.176318,0.047369,Bellevue_Bellevue_NE8th
5105,0.61682,0.127515,0.092609,0.435442,0.119144,0.076935,Bellevue_Bellevue_NE8th
5106,0.622302,0.122115,0.09118,0.442886,0.07051,0.100233,Bellevue_Bellevue_NE8th
5107,0.615969,0.101468,0.085501,0.370577,0.068904,0.077295,Bellevue_Bellevue_NE8th
5108,0.618668,0.115551,0.08968,0.373024,0.047068,0.11221,Bellevue_Bellevue_NE8th
5109,0.622891,0.115779,0.089791,0.464288,0.081632,0.112071,Bellevue_Bellevue_NE8th
5110,0.598156,0.121354,0.091008,0.454748,0.125992,0.032432,Bellevue_Bellevue_NE8th
5111,0.602166,0.121882,0.09143,0.444107,0.056529,0.024746,Bellevue_Bellevue_NE8th
5112,0.621483,0.125272,0.092008,0.565095,0.105253,0.009209,Bellevue_Bellevue_NE8th
5113,0.636369,0.110938,0.089008,0.559883,0.105224,0.019856,Bellevue_Bellevue_NE8th
5114,0.615405,0.128505,0.092519,0.521832,0.153561,0.03373,Bellevue_Bellevue_NE8th
5115,0.616643,0.126376,0.091913,0.415405,0.138875,0.038424,Bellevue_Bellevue_NE8th
5116,0.6106,0.131117,0.09335,0.490027,0.207074,0.099294,Bellevue_Bellevue_NE8th
5117,0.631451,0.11109,0.088822,0.588219,0.236833,0.098453,Bellevue_Bellevue_NE8th
5118,0.608036,0.112664,0.088395,0.60362,0.275453,0.012813,Bellevue_Bellevue_NE8th
5119,0.619838,0.126869,0.092712,0.611495,0.21543,0.055328,Bellevue_Bellevue_NE8th
5120,0.619778,0.129277,0.092096,0.595609,0.140176,0.053436,Bellevue_Bellevue_NE8th
5121,0.629935,0.121099,0.091223,0.654361,0.166335,0.036486,Bellevue_Bellevue_NE8th
5122,0.620029,0.12566,0.091428,0.521303,0.127428,0.045924,Bellevue_Bellevue_NE8th
5123,0.597371,0.132742,0.093841,0.469704,0.140145,0.040841,Bellevue_Bellevue_NE8th
5124,0.618644,0.127448,0.092502,0.452234,0.110893,0.067596,Bellevue_Bellevue_NE8th
5125,0.613829,0.124775,0.0919,0.368681,0.073453,0.130408,Bellevue_Bellevue_NE8th
5126,0.619773,0.118902,0.090464,0.471416,0.06637,0.147299,Bellevue_Bellevue_NE8th
5127,0.603038,0.124278,0.091283,0.541387,0.163934,0.067905,Bellevue_Bellevue_NE8th
5128,0.610522,0.128784,0.092508,0.66078,0.193042,0.055721,Bellevue_Bellevue_NE8th
5129,0.61702,0.124435,0.091866,0.657614,0.204194,0.067047,Bellevue_Bellevue_NE8th
5130,0.621763,0.119918,0.091,0.665808,0.161893,0.089409,Bellevue_Bellevue_NE8th
5131,0.617416,0.124915,0.091458,0.57212,0.179037,0.022982,Bellevue_Bellevue_NE8th
5132,0.612568,0.125861,0.091819,0.614593,0.301624,0.016007,Bellevue_Bellevue_NE8th
5133,0.623483,0.121782,0.091227,0.599624,0.217066,0.062147,Bellevue_Bellevue_NE8th
5134,0.62738,0.112354,0.088801,0.428596,0.114297,0.106087,Bellevue_Bellevue_NE8th
5135,0.613983,0.12469,0.091777,0.465574,0.094459,0.141399,Bellevue_Bellevue_NE8th
5136,0.613726,0.119389,0.090168,0.473884,0.20975,0.04517,Bellevue_Bellevue_NE8th
5137,0.616712,0.117768,0.089521,0.516782,0.216873,0.014588,Bellevue_Bellevue_NE8th
5138,0.631875,0.119141,0.09086,0.672084,0.3029,0.01669,Bellevue_Bellevue_NE8th
5139,0.620987,0.099094,0.086788,0.532778,0.250154,0.0,Bellevue_Bellevue_NE8th
5140,0.624067,0.122974,0.091704,0.581204,0.244821,0.016847,Bellevue_Bellevue_NE8th
5141,0.626637,0.120538,0.090764,0.599967,0.238976,0.105217,Bellevue_Bellevue_NE8th
5142,0.614937,0.112228,0.088409,0.541947,0.141355,0.115413,Bellevue_Bellevue_NE8th
5143,0.603663,0.106681,0.087141,0.398845,0.064275,0.104886,Bellevue_Bellevue_NE8th
5144,0.61985,0.115319,0.089351,0.501112,0.077902,0.124547,Bellevue_Bellevue_NE8th
5145,0.615477,0.111666,0.08773,0.501006,0.165864,0.088022,Bellevue_Bellevue_NE8th
5146,0.618955,0.10921,0.087604,0.486629,0.232145,0.030823,Bellevue_Bellevue_NE8th
5147,0.613176,0.118684,0.0896,0.614343,0.390064,0.035453,Bellevue_Bellevue_NE8th
5148,0.611339,0.107745,0.087672,0.553326,0.315897,0.037857,Bellevue_Bellevue_NE8th
5149,0.617948,0.127875,0.091785,0.473455,0.197406,0.005804,Bellevue_Bellevue_NE8th
5150,0.608253,0.125284,0.091905,0.502695,0.1386,0.06394,Bellevue_Bellevue_NE8th
5151,0.622892,0.104728,0.08677,0.457945,0.117754,0.057671,Bellevue_Bellevue_NE8th
5152,0.636777,0.108276,0.088212,0.445806,0.092296,0.075984,Bellevue_Bellevue_NE8th
5153,0.619059,0.097829,0.084676,0.403069,0.071648,0.050387,Bellevue_Bellevue_NE8th
5154,0.609598,0.122313,0.091112,0.498948,0.082931,0.057685,Bellevue_Bellevue_NE8th
5155,0.595566,0.107559,0.087162,0.515793,0.148533,0.03076,Bellevue_Bellevue_NE8th
5156,0.619337,0.113276,0.088926,0.513398,0.118209,0.044835,Bellevue_Bellevue_NE8th
5157,0.600099,0.132389,0.093007,0.505213,0.116065,0.071125,Bellevue_Bellevue_NE8th
5158,0.616512,0.121142,0.090485,0.521869,0.099777,0.048526,Bellevue_Bellevue_NE8th
5159,0.621045,0.11828,0.09019,0.533808,0.097223,0.034181,Bellevue_Bellevue_NE8th
5160,0.590277,0.132654,0.094225,0.450574,0.048881,0.083085,Bellevue_Bellevue_NE8th
5161,0.617139,0.127903,0.092945,0.476493,0.058199,0.097741,Bellevue_Bellevue_NE8th
5162,0.616843,0.116834,0.089676,0.485732,0.064279,0.118613,Bellevue_Bellevue_NE8th
5163,0.61159,0.106817,0.087087,0.398967,0.030438,0.105932,Bellevue_Bellevue_NE8th
5164,0.616359,0.104636,0.087027,0.502491,0.089753,0.088191,Bellevue_Bellevue_NE8th
5165,0.610463,0.105994,0.086932,0.661138,0.260542,0.029733,Bellevue_Bellevue_NE8th
5166,0.615744,0.127282,0.092524,0.656308,0.218497,0.014247,Bellevue_Bellevue_NE8th
5167,0.615805,0.128049,0.091733,0.707282,0.212036,0.028496,Bellevue_Bellevue_NE8th
5168,0.619822,0.119202,0.090274,0.669225,0.219078,0.012532,Bellevue_Bellevue_NE8th
5169,0.621465,0.117752,0.089653,0.635363,0.235754,0.024122,Bellevue_Bellevue_NE8th
5170,0.619111,0.122914,0.091362,0.560794,0.144748,0.043816,Bellevue_Bellevue_NE8th
5171,0.621718,0.122655,0.091407,0.619849,0.160687,0.048472,Bellevue_Bellevue_NE8th
5172,0.627812,0.110415,0.088148,0.536835,0.123286,0.074952,Bellevue_Bellevue_NE8th
5173,0.601901,0.122038,0.090421,0.504137,0.141047,0.071109,Bellevue_Bellevue_NE8th
5174,0.577722,0.112794,0.089095,0.614749,0.214581,0.074637,Bellevue_Bellevue_NE8th
5175,0.60742,0.11317,0.089004,0.615165,0.182529,0.038462,Bellevue_Bellevue_NE8th
5176,0.607536,0.128671,0.091844,0.633368,0.142694,0.048698,Bellevue_Bellevue_NE8th
5177,0.619288,0.1259,0.091716,0.685631,0.155472,0.049611,Bellevue_Bellevue_NE8th
5178,0.6201,0.11499,0.089227,0.703876,0.153791,0.037885,Bellevue_Bellevue_NE8th
5179,0.604757,0.130571,0.092584,0.595427,0.108816,0.044318,Bellevue_Bellevue_NE8th
5180,0.563427,0.119673,0.090839,0.580657,0.162877,0.028136,Bellevue_Bellevue_NE8th
5181,0.613457,0.12227,0.091553,0.487568,0.147624,0.030917,Bellevue_Bellevue_NE8th
5182,0.608755,0.128564,0.092636,0.482864,0.158214,0.076449,Bellevue_Bellevue_NE8th
5183,0.611655,0.117036,0.089969,0.534336,0.158631,0.127124,Bellevue_Bellevue_NE8th
5184,0.594293,0.115052,0.089083,0.559767,0.203311,0.027009,Bellevue_Bellevue_NE8th
5185,0.619413,0.128661,0.093142,0.608971,0.131217,0.015751,Bellevue_Bellevue_NE8th
5186,0.620718,0.128543,0.092258,0.712253,0.113285,0.023835,Bellevue_Bellevue_NE8th
5187,0.618991,0.115293,0.089377,0.707012,0.126055,0.025697,Bellevue_Bellevue_NE8th
5188,0.591179,0.120987,0.090283,0.646307,0.160841,0.011825,Bellevue_Bellevue_NE8th
5189,0.56404,0.121287,0.090617,0.636613,0.137189,0.056713,Bellevue_Bellevue_NE8th
5190,0.61982,0.119822,0.090763,0.531003,0.098527,0.079447,Bellevue_Bellevue_NE8th
5191,0.617364,0.118285,0.089964,0.482931,0.089279,0.119689,Bellevue_Bellevue_NE8th
5192,0.576047,0.100356,0.085599,0.58078,0.210982,0.089333,Bellevue_Bellevue_NE8th
5193,0.602979,0.122549,0.091491,0.673964,0.258368,0.071019,Bellevue_Bellevue_NE8th
5194,0.598217,0.113322,0.088857,0.676649,0.227108,0.085693,Bellevue_Bellevue_NE8th
5195,0.611415,0.1225,0.091036,0.649874,0.181107,0.116973,Bellevue_Bellevue_NE8th
5196,0.618776,0.122806,0.090857,0.619337,0.170149,0.076056,Bellevue_Bellevue_NE8th
5197,0.591925,0.125054,0.0919,0.585599,0.191955,0.022082,Bellevue_Bellevue_NE8th
5198,0.597035,0.127384,0.092478,0.623141,0.238171,0.030293,Bellevue_Bellevue_NE8th
5199,0.614149,0.116963,0.089857,0.548988,0.174077,0.061716,Bellevue_Bellevue_NE8th
5200,0.604822,0.123787,0.091537,0.533038,0.214227,0.047847,Bellevue_Bellevue_NE8th
5201,0.605139,0.118468,0.090357,0.629203,0.310753,0.046671,Bellevue_Bellevue_NE8th
5202,0.599685,0.119374,0.090879,0.626351,0.229654,0.025004,Bellevue_Bellevue_NE8th
5203,0.616826,0.114131,0.0893,0.64625,0.207229,0.010966,Bellevue_Bellevue_NE8th
5204,0.61264,0.125601,0.091809,0.725655,0.251977,0.043934,Bellevue_Bellevue_NE8th
5205,0.598642,0.088053,0.081596,0.673792,0.257538,0.035491,Bellevue_Bellevue_NE8th
5206,0.581896,0.11509,0.089062,0.699627,0.235508,0.110703,Bellevue_Bellevue_NE8th
5207,0.547824,0.126191,0.094487,0.766677,0.163239,0.196725,Bellevue_Bellevue_NE8th
5208,0.614496,0.10645,0.087215,0.615068,0.16191,0.160624,Bellevue_Bellevue_NE8th
5209,0.568766,0.114599,0.089001,0.520899,0.057358,0.212978,Bellevue_Bellevue_NE8th
5210,0.593101,0.112106,0.088873,0.557089,0.141517,0.159686,Bellevue_Bellevue_NE8th
5211,0.60739,0.120626,0.091202,0.563528,0.146202,0.043665,Bellevue_Bellevue_NE8th
5212,0.586897,0.125903,0.091336,0.739689,0.271668,0.025591,Bellevue_Bellevue_NE8th
5213,0.581075,0.101836,0.086439,0.732161,0.248301,0.008438,Bellevue_Bellevue_NE8th
5214,0.577249,0.099443,0.085991,0.663224,0.189147,0.029357,Bellevue_Bellevue_NE8th
5215,0.563001,0.122289,0.091729,0.68504,0.217863,0.011777,Bellevue_Bellevue_NE8th
5216,0.574091,0.142756,0.098579,0.610648,0.128153,0.061892,Bellevue_Bellevue_NE8th
5217,0.613438,0.1159,0.090605,0.634393,0.120153,0.094089,Bellevue_Bellevue_NE8th
5218,0.610692,0.121468,0.091531,0.522803,0.136828,0.052338,Bellevue_Bellevue_NE8th
5219,0.614178,0.125508,0.092628,0.556109,0.111994,0.081872,Bellevue_Bellevue_NE8th
5220,0.609142,0.124322,0.092383,0.647747,0.148933,0.089554,Bellevue_Bellevue_NE8th
5221,0.600645,0.130497,0.092983,0.581297,0.110011,0.062789,Bellevue_Bellevue_NE8th
5222,0.537674,0.127292,0.095469,0.64448,0.16988,0.042178,Bellevue_Bellevue_NE8th
5223,0.601604,0.109888,0.088468,0.597039,0.161609,0.043218,Bellevue_Bellevue_NE8th
5224,0.554994,0.123002,0.09245,0.587598,0.185907,0.034402,Bellevue_Bellevue_NE8th
5225,0.548418,0.140852,0.098124,0.515795,0.103821,0.020774,Bellevue_Bellevue_NE8th
5226,0.597918,0.1254,0.092417,0.553114,0.142867,0.062045,Bellevue_Bellevue_NE8th
5227,0.599047,0.112931,0.089599,0.567844,0.187943,0.058291,Bellevue_Bellevue_NE8th
5228,0.600038,0.124753,0.092434,0.550885,0.179421,0.044643,Bellevue_Bellevue_NE8th
5229,0.597048,0.11362,0.089396,0.543498,0.199668,0.07066,Bellevue_Bellevue_NE8th
5230,0.58911,0.123308,0.091372,0.563348,0.221061,0.001149,Bellevue_Bellevue_NE8th
5231,0.598956,0.124626,0.091609,0.627247,0.170357,0.072451,Bellevue_Bellevue_NE8th
5232,0.608273,0.110805,0.08907,0.628989,0.094449,0.098457,Bellevue_Bellevue_NE8th
5233,0.558616,0.114528,0.089749,0.629547,0.114866,0.10807,Bellevue_Bellevue_NE8th
5234,0.524878,0.131228,0.095648,0.62639,0.157753,0.085976,Bellevue_Bellevue_NE8th
5235,0.614438,0.12645,0.093073,0.632349,0.153753,0.086034,Bellevue_Bellevue_NE8th
5236,0.595788,0.113272,0.089781,0.523185,0.103167,0.087972,Bellevue_Bellevue_NE8th
5237,0.584381,0.117141,0.090183,0.559753,0.111816,0.105696,Bellevue_Bellevue_NE8th
5238,0.593834,0.112743,0.089004,0.565238,0.20734,0.052917,Bellevue_Bellevue_NE8th
5239,0.600473,0.116552,0.090291,0.493051,0.147506,0.065485,Bellevue_Bellevue_NE8th
5240,0.554304,0.137149,0.097297,0.554245,0.231717,0.071508,Bellevue_Bellevue_NE8th
5241,0.609445,0.123822,0.09209,0.647355,0.283654,0.037004,Bellevue_Bellevue_NE8th
5242,0.564216,0.106134,0.087361,0.560003,0.240633,0.004885,Bellevue_Bellevue_NE8th
5243,0.537473,0.136513,0.096712,0.566218,0.196412,0.001878,Bellevue_Bellevue_NE8th
5244,0.554366,0.138741,0.098152,0.601815,0.207592,0.022018,Bellevue_Bellevue_NE8th
5245,0.592661,0.119058,0.09113,0.515758,0.094644,0.038977,Bellevue_Bellevue_NE8th
5246,0.585434,0.113614,0.089721,0.53737,0.143039,0.014809,Bellevue_Bellevue_NE8th
5247,0.585015,0.111405,0.088885,0.593239,0.177102,0.052848,Bellevue_Bellevue_NE8th
5248,0.603524,0.128378,0.092494,0.599731,0.209076,0.044674,Bellevue_Bellevue_NE8th
5249,0.597884,0.12599,0.091543,0.640834,0.185942,0.046395,Bellevue_Bellevue_NE8th
5250,0.574606,0.107248,0.087721,0.608852,0.214544,0.040855,Bellevue_Bellevue_NE8th
5251,0.581742,0.123813,0.091787,0.6648,0.269765,0.026922,Bellevue_Bellevue_NE8th
5252,0.578894,0.115375,0.08981,0.682762,0.261721,0.072812,Bellevue_Bellevue_NE8th
5253,0.566643,0.097919,0.0854,0.67632,0.218227,0.132607,Bellevue_Bellevue_NE8th
5254,0.618249,0.116142,0.090471,0.565409,0.219668,0.050576,Bellevue_Bellevue_NE8th
5255,0.606529,0.123924,0.091912,0.582773,0.210556,0.0231,Bellevue_Bellevue_NE8th
5256,0.559885,0.131026,0.096079,0.513069,0.135477,0.030397,Bellevue_Bellevue_NE8th
5257,0.559388,0.108695,0.088611,0.281653,0.081165,0.01059,Bellevue_Bellevue_NE8th
5258,0.578089,0.105998,0.088406,0.402796,0.116328,0.049775,Bellevue_Bellevue_NE8th
5259,0.605012,0.127775,0.092518,0.643789,0.254799,0.044695,Bellevue_Bellevue_NE8th
5260,0.549719,0.139267,0.097786,0.668536,0.134421,0.056483,Bellevue_Bellevue_NE8th
5261,0.546256,0.11938,0.093869,0.756816,0.120816,0.020017,Bellevue_Bellevue_NE8th
5262,0.549199,0.098235,0.087608,0.60794,0.117712,0.012263,Bellevue_Bellevue_NE8th
5263,0.608754,0.135258,0.094477,0.522016,0.125285,0.04124,Bellevue_Bellevue_NE8th
5264,0.560961,0.143425,0.099474,0.532201,0.115805,0.077504,Bellevue_Bellevue_NE8th
5265,0.557481,0.112631,0.090104,0.437111,0.1172,0.062191,Bellevue_Bellevue_NE8th
5266,0.602919,0.131524,0.094419,0.451494,0.14775,0.049027,Bellevue_Bellevue_NE8th
5267,0.604338,0.133495,0.095111,0.548942,0.219855,0.04368,Bellevue_Bellevue_NE8th
5268,0.546636,0.133093,0.096426,0.619234,0.141842,0.087275,Bellevue_Bellevue_NE8th
5269,0.573427,0.116952,0.090337,0.595066,0.105238,0.043553,Bellevue_Bellevue_NE8th
5270,0.58614,0.103795,0.087889,0.687858,0.10781,0.056706,Bellevue_Bellevue_NE8th
5271,0.557888,0.10083,0.087299,0.514899,0.107537,0.023892,Bellevue_Bellevue_NE8th
5272,0.594629,0.12623,0.09295,0.542888,0.132579,0.042171,Bellevue_Bellevue_NE8th
5273,0.587104,0.129655,0.095322,0.559435,0.119482,0.066688,Bellevue_Bellevue_NE8th
5274,0.615973,0.111536,0.089447,0.533174,0.121679,0.062678,Bellevue_Bellevue_NE8th
5275,0.591653,0.120975,0.091898,0.444619,0.084617,0.12858,Bellevue_Bellevue_NE8th
5276,0.571486,0.117423,0.091064,0.517403,0.076459,0.156733,Bellevue_Bellevue_NE8th
5277,0.576358,0.112667,0.09058,0.584544,0.18832,0.129429,Bellevue_Bellevue_NE8th
5278,0.580525,0.125235,0.092046,0.730253,0.250498,0.061584,Bellevue_Bellevue_NE8th
5279,0.55292,0.106368,0.089614,0.702081,0.147094,0.004996,Bellevue_Bellevue_NE8th
5280,0.567254,0.126952,0.093889,0.575798,0.092795,0.031065,Bellevue_Bellevue_NE8th
5281,0.529415,0.141295,0.09727,0.575634,0.155212,0.015324,Bellevue_Bellevue_NE8th
5282,0.528727,0.143698,0.097565,0.566641,0.104554,0.063092,Bellevue_Bellevue_NE8th
5283,0.531428,0.14321,0.097777,0.537483,0.128777,0.020106,Bellevue_Bellevue_NE8th
5284,0.52197,0.142976,0.096815,0.52212,0.147264,0.020826,Bellevue_Bellevue_NE8th
5285,0.572269,0.122481,0.092837,0.547075,0.170412,0.020735,Bellevue_Bellevue_NE8th
5286,0.542373,0.141112,0.098073,0.63737,0.178272,0.045745,Bellevue_Bellevue_NE8th
5287,0.543959,0.134421,0.097238,0.529171,0.085673,0.04377,Bellevue_Bellevue_NE8th
5288,0.578069,0.145379,0.099433,0.565641,0.071318,0.075273,Bellevue_Bellevue_NE8th
5289,0.567713,0.105987,0.088691,0.546683,0.05513,0.078758,Bellevue_Bellevue_NE8th
5290,0.531136,0.138502,0.097159,0.50737,0.087329,0.044226,Bellevue_Bellevue_NE8th
5291,0.54646,0.137091,0.098324,0.524355,0.104725,0.065098,Bellevue_Bellevue_NE8th
5292,0.578721,0.11919,0.092,0.449018,0.138434,0.052679,Bellevue_Bellevue_NE8th
5293,0.60891,0.124299,0.092581,0.442114,0.096521,0.090131,Bellevue_Bellevue_NE8th
5294,0.594153,0.118798,0.091252,0.505961,0.136493,0.08066,Bellevue_Bellevue_NE8th
5295,0.578744,0.117553,0.091193,0.560691,0.122036,0.023464,Bellevue_Bellevue_NE8th
5296,0.596171,0.124522,0.093171,0.574842,0.13546,0.003704,Bellevue_Bellevue_NE8th
5297,0.592105,0.133071,0.094934,0.580627,0.114625,0.005168,Bellevue_Bellevue_NE8th
5298,0.593603,0.107544,0.089219,0.598563,0.131897,0.017387,Bellevue_Bellevue_NE8th
5299,0.55512,0.126378,0.093602,0.571298,0.163906,0.011523,Bellevue_Bellevue_NE8th
5300,0.557772,0.151292,0.100668,0.612698,0.183974,0.063897,Bellevue_Bellevue_NE8th
5301,0.606795,0.135231,0.096674,0.590992,0.235175,0.078842,Bellevue_Bellevue_NE8th
5302,0.596891,0.136142,0.095772,0.600621,0.226392,0.110981,Bellevue_Bellevue_NE8th
5303,0.580872,0.124249,0.093317,0.655293,0.24786,0.070729,Bellevue_Bellevue_NE8th
5304,0.534578,0.125527,0.093967,0.675347,0.244948,0.022162,Bellevue_Bellevue_NE8th
5305,0.567481,0.138386,0.097488,0.665861,0.164217,0.061205,Bellevue_Bellevue_NE8th
5306,0.593902,0.124453,0.092252,0.754137,0.323649,0.010856,Bellevue_Bellevue_NE8th
5307,0.551821,0.103983,0.089326,0.709109,0.28302,0.020954,Bellevue_Bellevue_NE8th
5308,0.55045,0.127412,0.094037,0.630266,0.23486,0.016638,Bellevue_Bellevue_NE8th
5309,0.52733,0.144024,0.097465,0.566741,0.193662,0.004991,Bellevue_Bellevue_NE8th
5310,0.594789,0.121062,0.092544,0.514077,0.139733,0.037495,Bellevue_Bellevue_NE8th
5311,0.567785,0.132987,0.096132,0.515234,0.092566,0.046818,Bellevue_Bellevue_NE8th
5312,0.556253,0.115469,0.091869,0.546942,0.135813,0.068444,Bellevue_Bellevue_NE8th
5313,0.56886,0.131735,0.095202,0.637476,0.186701,0.056927,Bellevue_Bellevue_NE8th
5314,0.547273,0.118407,0.092024,0.598813,0.174319,0.037573,Bellevue_Bellevue_NE8th
5315,0.586677,0.141347,0.098226,0.76229,0.204228,0.042174,Bellevue_Bellevue_NE8th
5316,0.562597,0.104357,0.08911,0.652348,0.136635,0.052222,Bellevue_Bellevue_NE8th
5317,0.539623,0.143822,0.098446,0.663038,0.16237,0.051995,Bellevue_Bellevue_NE8th
5318,0.549874,0.148209,0.100135,0.693195,0.138599,0.101265,Bellevue_Bellevue_NE8th
5319,0.57304,0.124124,0.094325,0.578509,0.11272,0.057247,Bellevue_Bellevue_NE8th
5320,0.585203,0.128546,0.094676,0.607248,0.128362,0.060173,Bellevue_Bellevue_NE8th
5321,0.59696,0.123332,0.092882,0.562072,0.133799,0.066231,Bellevue_Bellevue_NE8th
5322,0.566269,0.128342,0.095287,0.573815,0.070629,0.070809,Bellevue_Bellevue_NE8th
5323,0.588346,0.123152,0.092476,0.680865,0.157104,0.034084,Bellevue_Bellevue_NE8th
5324,0.583974,0.103801,0.088602,0.635264,0.15453,0.026209,Bellevue_Bellevue_NE8th
5325,0.56433,0.114679,0.090436,0.640576,0.184196,0.10263,Bellevue_Bellevue_NE8th
5326,0.535973,0.140939,0.097967,0.68211,0.299483,0.151667,Bellevue_Bellevue_NE8th
5327,0.495452,0.127013,0.092415,0.690182,0.270063,0.176665,Bellevue_Bellevue_NE8th
5328,0.562093,0.120303,0.093727,0.613986,0.305281,0.149167,Bellevue_Bellevue_NE8th
5329,0.574781,0.130997,0.095541,0.610533,0.3036,0.148253,Bellevue_Bellevue_NE8th
5330,0.597486,0.127035,0.094444,0.620471,0.214086,0.100686,Bellevue_Bellevue_NE8th
5331,0.584285,0.13683,0.096924,0.64541,0.210964,0.060926,Bellevue_Bellevue_NE8th
5332,0.568722,0.131391,0.094144,0.59829,0.166894,0.021708,Bellevue_Bellevue_NE8th
5333,0.555325,0.139666,0.098582,0.767496,0.239413,0.040748,Bellevue_Bellevue_NE8th
5334,0.557615,0.107565,0.090475,0.661766,0.189449,0.066931,Bellevue_Bellevue_NE8th
5335,0.540504,0.140144,0.098176,0.56996,0.194125,0.056933,Bellevue_Bellevue_NE8th
5336,0.549164,0.144529,0.099332,0.559187,0.129949,0.082861,Bellevue_Bellevue_NE8th
5337,0.579502,0.121791,0.093381,0.526283,0.164527,0.138486,Bellevue_Bellevue_NE8th
5338,0.585089,0.129699,0.094994,0.532616,0.113141,0.171995,Bellevue_Bellevue_NE8th
5339,0.553628,0.112959,0.091592,0.555457,0.129092,0.164189,Bellevue_Bellevue_NE8th
5340,0.554905,0.120297,0.093463,0.618772,0.167234,0.072517,Bellevue_Bellevue_NE8th
5341,0.548145,0.144967,0.099118,0.739379,0.221352,0.004667,Bellevue_Bellevue_NE8th
5342,0.59544,0.111086,0.090716,0.735279,0.168897,0.012394,Bellevue_Bellevue_NE8th
5343,0.579301,0.132032,0.094262,0.688478,0.188802,0.016973,Bellevue_Bellevue_NE8th
5344,0.548389,0.143659,0.098659,0.609889,0.145517,0.026377,Bellevue_Bellevue_NE8th
5345,0.568481,0.140065,0.099393,0.673509,0.204712,0.006398,Bellevue_Bellevue_NE8th
5346,0.562608,0.122654,0.093787,0.508112,0.161449,0.035032,Bellevue_Bellevue_NE8th
5347,0.581413,0.130063,0.094836,0.434158,0.088879,0.08036,Bellevue_Bellevue_NE8th
5348,0.543563,0.116107,0.092647,0.523978,0.114084,0.106555,Bellevue_Bellevue_NE8th
5349,0.55974,0.121891,0.093548,0.676248,0.177813,0.118348,Bellevue_Bellevue_NE8th
5350,0.523026,0.140885,0.096699,0.642848,0.120903,0.067031,Bellevue_Bellevue_NE8th
5351,0.566092,0.146649,0.09974,0.672165,0.112454,0.084388,Bellevue_Bellevue_NE8th
5352,0.556084,0.116686,0.091849,0.54931,0.092171,0.05064,Bellevue_Bellevue_NE8th
5353,0.537641,0.139822,0.097813,0.566818,0.164033,0.037381,Bellevue_Bellevue_NE8th
5354,0.564487,0.144517,0.099891,0.506326,0.164985,0.045058,Bellevue_Bellevue_NE8th
5355,0.552255,0.122767,0.094205,0.449464,0.175713,0.021252,Bellevue_Bellevue_NE8th
5356,0.599985,0.146897,0.099279,0.401066,0.141392,0.007219,Bellevue_Bellevue_NE8th
5357,0.613465,0.140656,0.097649,0.525683,0.20318,0.014438,Bellevue_Bellevue_NE8th
5358,0.576439,0.138815,0.098109,0.731109,0.21042,0.032241,Bellevue_Bellevue_NE8th
5359,0.599194,0.121957,0.093164,0.666137,0.159314,0.089789,Bellevue_Bellevue_NE8th
5360,0.597955,0.11969,0.092113,0.707904,0.164379,0.076836,Bellevue_Bellevue_NE8th
5361,0.566544,0.115524,0.091991,0.697399,0.193339,0.043316,Bellevue_Bellevue_NE8th
5362,0.534169,0.145223,0.098276,0.640639,0.20004,0.043959,Bellevue_Bellevue_NE8th
5363,0.589182,0.140436,0.098556,0.634198,0.205436,0.084909,Bellevue_Bellevue_NE8th
5364,0.619892,0.128292,0.094823,0.566929,0.172039,0.062072,Bellevue_Bellevue_NE8th
5365,0.607834,0.139334,0.097233,0.527837,0.158888,0.034935,Bellevue_Bellevue_NE8th
5366,0.602113,0.127628,0.09433,0.545048,0.110871,0.101448,Bellevue_Bellevue_NE8th
5367,0.56968,0.130025,0.096011,0.628252,0.100266,0.115859,Bellevue_Bellevue_NE8th
5368,0.574208,0.131061,0.093742,0.602377,0.081503,0.078138,Bellevue_Bellevue_NE8th
5369,0.540841,0.141381,0.098503,0.65524,0.133707,0.085066,Bellevue_Bellevue_NE8th
5370,0.575466,0.131385,0.095566,0.55632,0.085016,0.087856,Bellevue_Bellevue_NE8th
5371,0.563479,0.14672,0.100714,0.534209,0.093176,0.085495,Bellevue_Bellevue_NE8th
5372,0.623279,0.13208,0.09536,0.471483,0.038285,0.07967,Bellevue_Bellevue_NE8th
5373,0.597736,0.121081,0.094129,0.364804,0.051129,0.123814,Bellevue_Bellevue_NE8th
5374,0.614323,0.13777,0.096924,0.426302,0.173023,0.081835,Bellevue_Bellevue_NE8th
5375,0.608094,0.123699,0.093593,0.554949,0.243498,0.08063,Bellevue_Bellevue_NE8th
5376,0.598014,0.137389,0.097135,0.614653,0.201548,0.095856,Bellevue_Bellevue_NE8th
5377,0.612937,0.138857,0.096945,0.617196,0.139389,0.059273,Bellevue_Bellevue_NE8th
5378,0.61273,0.13207,0.09521,0.667281,0.158504,0.041673,Bellevue_Bellevue_NE8th
5379,0.616364,0.127894,0.094314,0.596894,0.138711,0.022022,Bellevue_Bellevue_NE8th
5380,0.606435,0.13809,0.096232,0.519095,0.153551,0.059494,Bellevue_Bellevue_NE8th
5381,0.586425,0.150648,0.101986,0.594898,0.210754,0.024287,Bellevue_Bellevue_NE8th
5382,0.630239,0.128924,0.095035,0.489528,0.184524,0.057329,Bellevue_Bellevue_NE8th
5383,0.618644,0.129248,0.094999,0.551121,0.197949,0.073925,Bellevue_Bellevue_NE8th
5384,0.608275,0.134884,0.096062,0.683893,0.26135,0.04391,Bellevue_Bellevue_NE8th
5385,0.613954,0.138776,0.095801,0.639234,0.228382,0.029215,Bellevue_Bellevue_NE8th
5386,0.615852,0.137091,0.095374,0.700834,0.214873,0.06595,Bellevue_Bellevue_NE8th
5387,0.618558,0.117838,0.092359,0.763369,0.213968,0.100798,Bellevue_Bellevue_NE8th
5388,0.592678,0.122333,0.093464,0.654681,0.199729,0.038386,Bellevue_Bellevue_NE8th
5389,0.576226,0.119096,0.092243,0.49865,0.179608,0.02264,Bellevue_Bellevue_NE8th
5390,0.611661,0.131618,0.094792,0.559593,0.190531,0.021229,Bellevue_Bellevue_NE8th
5391,0.538492,0.137567,0.097826,0.45896,0.139858,0.06285,Bellevue_Bellevue_NE8th
5392,0.586149,0.1328,0.096545,0.393549,0.134187,0.084782,Bellevue_Bellevue_NE8th
5393,0.555192,0.121981,0.093717,0.566551,0.222343,0.083144,Bellevue_Bellevue_NE8th
5394,0.557504,0.151023,0.101228,0.509874,0.18813,0.037052,Bellevue_Bellevue_NE8th
5395,0.568447,0.143934,0.099204,0.718287,0.242401,0.039946,Bellevue_Bellevue_NE8th
5396,0.605605,0.108187,0.090696,0.629343,0.187704,0.011957,Bellevue_Bellevue_NE8th
5397,0.616077,0.122762,0.092655,0.541635,0.123353,0.02811,Bellevue_Bellevue_NE8th
5398,0.579567,0.148831,0.101148,0.537929,0.177358,0.038115,Bellevue_Bellevue_NE8th
5399,0.625781,0.139554,0.09776,0.545398,0.205223,0.036149,Bellevue_Bellevue_NE8th
5400,0.630969,0.116621,0.091905,0.38701,0.124236,0.019124,Bellevue_Bellevue_NE8th
5401,0.625538,0.132614,0.095756,0.387764,0.110787,0.066938,Bellevue_Bellevue_NE8th
5402,0.610125,0.126025,0.093944,0.547982,0.154303,0.043166,Bellevue_Bellevue_NE8th
5403,0.554877,0.151846,0.101058,0.6515,0.159916,0.052151,Bellevue_Bellevue_NE8th
5404,0.602196,0.135587,0.095075,0.700649,0.202093,0.027301,Bellevue_Bellevue_NE8th
5405,0.554812,0.143911,0.099996,0.714999,0.193652,0.015375,Bellevue_Bellevue_NE8th
5406,0.567867,0.145746,0.100578,0.629222,0.102443,0.102783,Bellevue_Bellevue_NE8th
5407,0.548996,0.139713,0.098966,0.602032,0.154201,0.043639,Bellevue_Bellevue_NE8th
5408,0.581674,0.142065,0.100198,0.58263,0.156288,0.127901,Bellevue_Bellevue_NE8th
5409,0.595171,0.122392,0.094395,0.56044,0.135047,0.119189,Bellevue_Bellevue_NE8th
5410,0.577126,0.123947,0.09426,0.498294,0.13027,0.114783,Bellevue_Bellevue_NE8th
5411,0.583223,0.133192,0.096161,0.5803,0.13785,0.109075,Bellevue_Bellevue_NE8th
5412,0.591019,0.143139,0.09947,0.489715,0.03797,0.150678,Bellevue_Bellevue_NE8th
5413,0.618563,0.137092,0.09684,0.485343,0.019603,0.13703,Bellevue_Bellevue_NE8th
5414,0.584561,0.153932,0.102501,0.535447,0.037731,0.105941,Bellevue_Bellevue_NE8th
5415,0.629431,0.133783,0.095567,0.496356,0.029402,0.089682,Bellevue_Bellevue_NE8th
5416,0.610455,0.139863,0.096594,0.51375,0.09765,0.058424,Bellevue_Bellevue_NE8th
5417,0.554656,0.150727,0.100655,0.530823,0.17134,0.092808,Bellevue_Bellevue_NE8th
5418,0.615636,0.137666,0.097524,0.415373,0.081588,0.082836,Bellevue_Bellevue_NE8th
5419,0.616563,0.14256,0.098815,0.58419,0.1012,0.16351,Bellevue_Bellevue_NE8th
5420,0.577164,0.138061,0.097993,0.641387,0.168373,0.13961,Bellevue_Bellevue_NE8th
5421,0.613509,0.139868,0.097603,0.696203,0.146131,0.063833,Bellevue_Bellevue_NE8th
5422,0.618808,0.14019,0.096841,0.619473,0.108338,0.003372,Bellevue_Bellevue_NE8th
5423,0.625536,0.13598,0.095904,0.644426,0.128807,0.001754,Bellevue_Bellevue_NE8th
5424,0.614445,0.117466,0.09198,0.500713,0.110637,0.011178,Bellevue_Bellevue_NE8th
5425,0.603732,0.133671,0.095667,0.496174,0.164307,0.006227,Bellevue_Bellevue_NE8th
5426,0.61858,0.140026,0.096956,0.570489,0.238148,0.02891,Bellevue_Bellevue_NE8th
5427,0.590945,0.129283,0.095787,0.518132,0.218741,0.052657,Bellevue_Bellevue_NE8th
5428,0.61743,0.136643,0.096973,0.534193,0.184029,0.083321,Bellevue_Bellevue_NE8th
5429,0.606445,0.134277,0.096118,0.609914,0.215962,0.070355,Bellevue_Bellevue_NE8th
5430,0.56413,0.155411,0.101956,0.681001,0.213826,0.157565,Bellevue_Bellevue_NE8th
5431,0.587905,0.154147,0.102004,0.624903,0.151415,0.184816,Bellevue_Bellevue_NE8th
5432,0.604857,0.149103,0.101305,0.712838,0.212817,0.2633,Bellevue_Bellevue_NE8th
5433,0.620625,0.124249,0.092713,0.691994,0.225786,0.146397,Bellevue_Bellevue_NE8th
5434,0.618518,0.136993,0.09639,0.611669,0.224891,0.058619,Bellevue_Bellevue_NE8th
5435,0.633237,0.132087,0.095909,0.578896,0.267006,0.040704,Bellevue_Bellevue_NE8th
5436,0.617609,0.123174,0.094195,0.535741,0.207332,0.111209,Bellevue_Bellevue_NE8th
5437,0.616785,0.133511,0.09596,0.571668,0.204695,0.108395,Bellevue_Bellevue_NE8th
5438,0.610945,0.130337,0.09545,0.665673,0.269904,0.070382,Bellevue_Bellevue_NE8th
5439,0.598999,0.141188,0.099114,0.56009,0.139504,0.062356,Bellevue_Bellevue_NE8th
5440,0.623293,0.134418,0.095591,0.542343,0.133875,0.050804,Bellevue_Bellevue_NE8th
5441,0.590255,0.146734,0.101882,0.62508,0.190015,0.085639,Bellevue_Bellevue_NE8th
5442,0.613822,0.131551,0.09535,0.538247,0.162838,0.026148,Bellevue_Bellevue_NE8th
5443,0.563115,0.155254,0.102245,0.501188,0.158769,0.05453,Bellevue_Bellevue_NE8th
5444,0.604831,0.160064,0.105107,0.541268,0.255637,0.066874,Bellevue_Bellevue_NE8th
5445,0.616129,0.137725,0.097814,0.499463,0.255309,0.066036,Bellevue_Bellevue_NE8th
5446,0.60641,0.13167,0.095379,0.505912,0.185553,0.084549,Bellevue_Bellevue_NE8th
5447,0.61325,0.141146,0.097425,0.602608,0.218568,0.09667,Bellevue_Bellevue_NE8th
5448,0.53019,0.150551,0.098512,0.562089,0.22352,0.047183,Bellevue_Bellevue_NE8th
5449,0.581715,0.157857,0.103383,0.613131,0.260626,0.086065,Bellevue_Bellevue_NE8th
5450,0.626423,0.139791,0.097375,0.636293,0.232605,0.074651,Bellevue_Bellevue_NE8th
5451,0.618509,0.130688,0.094578,0.57124,0.154456,0.083757,Bellevue_Bellevue_NE8th
5452,0.545853,0.151959,0.10019,0.557155,0.148525,0.049961,Bellevue_Bellevue_NE8th
5453,0.581254,0.159659,0.103905,0.599043,0.262849,0.099161,Bellevue_Bellevue_NE8th
5454,0.617174,0.134432,0.096097,0.530697,0.19182,0.084657,Bellevue_Bellevue_NE8th
5455,0.605871,0.161834,0.105504,0.649187,0.242971,0.119509,Bellevue_Bellevue_NE8th
5456,0.628371,0.135862,0.0975,0.682063,0.234977,0.142608,Bellevue_Bellevue_NE8th
5457,0.621341,0.143179,0.099465,0.71271,0.251161,0.099908,Bellevue_Bellevue_NE8th
5458,0.635462,0.129515,0.09599,0.693741,0.241539,0.071036,Bellevue_Bellevue_NE8th
5459,0.617633,0.142551,0.09899,0.692601,0.247462,0.05708,Bellevue_Bellevue_NE8th
5460,0.603604,0.139444,0.097663,0.721799,0.236486,0.074338,Bellevue_Bellevue_NE8th
5461,0.606904,0.151075,0.102393,0.657364,0.18273,0.061879,Bellevue_Bellevue_NE8th
5462,0.614331,0.140602,0.097144,0.640427,0.112322,0.053474,Bellevue_Bellevue_NE8th
5463,0.639265,0.13662,0.095825,0.704566,0.122222,0.083189,Bellevue_Bellevue_NE8th
5464,0.619039,0.135611,0.095152,0.606632,0.078694,0.098617,Bellevue_Bellevue_NE8th
5465,0.566918,0.16527,0.103742,0.597603,0.111603,0.059377,Bellevue_Bellevue_NE8th
5466,0.635724,0.142931,0.098658,0.652334,0.159267,0.09485,Bellevue_Bellevue_NE8th
5467,0.619464,0.132761,0.096325,0.498069,0.132829,0.047278,Bellevue_Bellevue_NE8th
5468,0.625431,0.143677,0.098809,0.528949,0.123967,0.075359,Bellevue_Bellevue_NE8th
5469,0.607984,0.145298,0.098746,0.679416,0.228333,0.066922,Bellevue_Bellevue_NE8th
5470,0.608059,0.145996,0.098355,0.57721,0.151394,0.061122,Bellevue_Bellevue_NE8th
5471,0.617917,0.154265,0.102751,0.59468,0.164226,0.032352,Bellevue_Bellevue_NE8th
5472,0.63455,0.137107,0.096018,0.648116,0.200094,0.049263,Bellevue_Bellevue_NE8th
5473,0.621383,0.12524,0.093389,0.555331,0.215006,0.006798,Bellevue_Bellevue_NE8th
5474,0.621511,0.140617,0.098335,0.558735,0.193137,0.048016,Bellevue_Bellevue_NE8th
5475,0.623957,0.142405,0.098242,0.588024,0.244589,0.064101,Bellevue_Bellevue_NE8th
5476,0.61819,0.138112,0.097446,0.602751,0.220973,0.059024,Bellevue_Bellevue_NE8th
5477,0.617039,0.144442,0.099396,0.57504,0.184285,0.037665,Bellevue_Bellevue_NE8th
5478,0.612168,0.145686,0.099406,0.631012,0.111602,0.075271,Bellevue_Bellevue_NE8th
5479,0.616557,0.148175,0.099451,0.564259,0.072785,0.114886,Bellevue_Bellevue_NE8th
5480,0.617151,0.15182,0.100613,0.52532,0.06288,0.087904,Bellevue_Bellevue_NE8th
5481,0.60975,0.15447,0.102441,0.554264,0.099699,0.111027,Bellevue_Bellevue_NE8th
5482,0.620419,0.13373,0.096105,0.537431,0.094754,0.109288,Bellevue_Bellevue_NE8th
5483,0.628812,0.137581,0.096525,0.530608,0.178796,0.057832,Bellevue_Bellevue_NE8th
5484,0.628552,0.13553,0.095831,0.532911,0.177555,0.07253,Bellevue_Bellevue_NE8th
5485,0.635502,0.128357,0.094677,0.43615,0.157702,0.033971,Bellevue_Bellevue_NE8th
5486,0.622053,0.135145,0.096647,0.603446,0.286446,0.027151,Bellevue_Bellevue_NE8th
5487,0.621817,0.141212,0.09825,0.662257,0.215174,0.043071,Bellevue_Bellevue_NE8th
5488,0.622184,0.139977,0.0975,0.609098,0.143007,0.096708,Bellevue_Bellevue_NE8th
5489,0.623378,0.143525,0.097579,0.715121,0.098309,0.105712,Bellevue_Bellevue_NE8th
5490,0.64832,0.127075,0.09545,0.712712,0.094385,0.114194,Bellevue_Bellevue_NE8th
5491,0.625627,0.137804,0.096782,0.616374,0.114038,0.082227,Bellevue_Bellevue_NE8th
5492,0.624648,0.142211,0.097209,0.747087,0.149326,0.1072,Bellevue_Bellevue_NE8th
5493,0.629744,0.135155,0.096452,0.668066,0.163267,0.117484,Bellevue_Bellevue_NE8th
5494,0.624684,0.136774,0.09714,0.741539,0.201917,0.146543,Bellevue_Bellevue_NE8th
5495,0.620747,0.130967,0.095813,0.767021,0.210168,0.13714,Bellevue_Bellevue_NE8th
5496,0.624107,0.140233,0.098528,0.651593,0.191858,0.107333,Bellevue_Bellevue_NE8th
5497,0.619468,0.150564,0.100485,0.668615,0.251495,0.061271,Bellevue_Bellevue_NE8th
5498,0.626143,0.142822,0.099058,0.658815,0.292764,0.060491,Bellevue_Bellevue_NE8th
5499,0.617571,0.140875,0.097046,0.514985,0.200773,0.007727,Bellevue_Bellevue_NE8th
5500,0.604232,0.169182,0.107425,0.465329,0.223716,0.007717,Bellevue_Bellevue_NE8th
5501,0.628738,0.144898,0.099318,0.547182,0.342919,0.035522,Bellevue_Bellevue_NE8th
5502,0.619391,0.134258,0.097231,0.535969,0.34184,0.085321,Bellevue_Bellevue_NE8th
5503,0.616918,0.134127,0.097005,0.549719,0.352398,0.060607,Bellevue_Bellevue_NE8th
5504,0.627036,0.131722,0.096569,0.515805,0.229038,0.047813,Bellevue_Bellevue_NE8th
5505,0.601824,0.166773,0.10729,0.524409,0.156083,0.120739,Bellevue_Bellevue_NE8th
5506,0.605801,0.159121,0.103616,0.596611,0.209182,0.20445,Bellevue_Bellevue_NE8th
5507,0.635814,0.132714,0.096755,0.546868,0.117011,0.1414,Bellevue_Bellevue_NE8th
5508,0.626981,0.137508,0.096478,0.480083,0.120712,0.106074,Bellevue_Bellevue_NE8th
5509,0.600122,0.156139,0.103706,0.542172,0.194213,0.111009,Bellevue_Bellevue_NE8th
5510,0.632197,0.137479,0.097233,0.678245,0.271229,0.127685,Bellevue_Bellevue_NE8th
5511,0.63194,0.13234,0.09664,0.685776,0.301537,0.110499,Bellevue_Bellevue_NE8th
5512,0.617747,0.1396,0.09775,0.570806,0.183518,0.093931,Bellevue_Bellevue_NE8th
5513,0.624213,0.139602,0.098019,0.681726,0.240257,0.061333,Bellevue_Bellevue_NE8th
5514,0.624152,0.142207,0.098066,0.685674,0.239287,0.03641,Bellevue_Bellevue_NE8th
5515,0.61797,0.142322,0.097077,0.64299,0.088376,0.049599,Bellevue_Bellevue_NE8th
5516,0.646919,0.127442,0.095318,0.724408,0.154548,0.030818,Bellevue_Bellevue_NE8th
5517,0.64044,0.125756,0.094033,0.658134,0.173603,0.010675,Bellevue_Bellevue_NE8th
5518,0.636747,0.133499,0.096211,0.563265,0.130883,0.044382,Bellevue_Bellevue_NE8th
5519,0.634383,0.137732,0.096656,0.567778,0.08372,0.152132,Bellevue_Bellevue_NE8th
5520,0.63891,0.129354,0.095596,0.586367,0.149886,0.072327,Bellevue_Bellevue_NE8th
5521,0.62675,0.135847,0.096792,0.583767,0.258788,0.084529,Bellevue_Bellevue_NE8th
5522,0.620858,0.142809,0.098396,0.660507,0.269793,0.111904,Bellevue_Bellevue_NE8th
5523,0.625009,0.144748,0.099779,0.580738,0.220162,0.060153,Bellevue_Bellevue_NE8th
5524,0.620772,0.143246,0.096985,0.596512,0.16825,0.072912,Bellevue_Bellevue_NE8th
5525,0.624137,0.151641,0.101756,0.622823,0.203243,0.024326,Bellevue_Bellevue_NE8th
5526,0.641975,0.126401,0.094885,0.524958,0.119341,0.032542,Bellevue_Bellevue_NE8th
5527,0.632616,0.139398,0.097747,0.516031,0.153736,0.019222,Bellevue_Bellevue_NE8th
5528,0.629007,0.142124,0.098431,0.533403,0.15194,0.056041,Bellevue_Bellevue_NE8th
5529,0.641226,0.140599,0.099034,0.600794,0.129156,0.080314,Bellevue_Bellevue_NE8th
5530,0.626386,0.143842,0.099502,0.551519,0.150653,0.122067,Bellevue_Bellevue_NE8th
5531,0.613335,0.148648,0.09991,0.604509,0.171487,0.07444,Bellevue_Bellevue_NE8th
5532,0.60706,0.154912,0.101904,0.720995,0.200573,0.029086,Bellevue_Bellevue_NE8th
5533,0.622096,0.137232,0.096927,0.629693,0.117774,0.068242,Bellevue_Bellevue_NE8th
5534,0.631698,0.150392,0.101817,0.814832,0.114065,0.087664,Bellevue_Bellevue_NE8th
5535,0.645701,0.125183,0.094026,0.643012,0.072356,0.069817,Bellevue_Bellevue_NE8th
5536,0.607293,0.154814,0.102306,0.626701,0.102783,0.117703,Bellevue_Bellevue_NE8th
5537,0.606131,0.168339,0.10647,0.652528,0.136967,0.076186,Bellevue_Bellevue_NE8th
5538,0.626716,0.146467,0.100369,0.639136,0.105089,0.072553,Bellevue_Bellevue_NE8th
5539,0.6233,0.143296,0.099515,0.570218,0.129032,0.101926,Bellevue_Bellevue_NE8th
5540,0.615729,0.15149,0.101121,0.650354,0.132625,0.166264,Bellevue_Bellevue_NE8th
5541,0.612817,0.149948,0.100911,0.685305,0.197754,0.085783,Bellevue_Bellevue_NE8th
5542,0.620577,0.148245,0.09959,0.73547,0.19613,0.176311,Bellevue_Bellevue_NE8th
5543,0.625871,0.144726,0.097877,0.626789,0.203313,0.174911,Bellevue_Bellevue_NE8th
5544,0.648741,0.135182,0.097866,0.632991,0.112475,0.199505,Bellevue_Bellevue_NE8th
5545,0.628545,0.138187,0.09691,0.626592,0.121426,0.088263,Bellevue_Bellevue_NE8th
5546,0.628605,0.136972,0.097267,0.626951,0.202865,0.032815,Bellevue_Bellevue_NE8th
5547,0.630796,0.141742,0.098377,0.553426,0.182884,0.086092,Bellevue_Bellevue_NE8th
5548,0.627931,0.151357,0.100961,0.528607,0.167336,0.115607,Bellevue_Bellevue_NE8th
5549,0.62725,0.146009,0.100306,0.615744,0.17016,0.122204,Bellevue_Bellevue_NE8th
5550,0.618627,0.145385,0.099244,0.671052,0.122027,0.146849,Bellevue_Bellevue_NE8th
5551,0.609854,0.147452,0.099176,0.64726,0.105956,0.140423,Bellevue_Bellevue_NE8th
5552,0.618908,0.16376,0.106267,0.81492,0.12568,0.247546,Bellevue_Bellevue_NE8th
5553,0.64608,0.129737,0.095827,0.740748,0.142547,0.184968,Bellevue_Bellevue_NE8th
5554,0.636748,0.139695,0.097688,0.73198,0.14627,0.111323,Bellevue_Bellevue_NE8th
5555,0.636104,0.139499,0.09747,0.690937,0.112063,0.115803,Bellevue_Bellevue_NE8th
5556,0.631697,0.141466,0.098657,0.525813,0.113973,0.077517,Bellevue_Bellevue_NE8th
5557,0.632595,0.141569,0.097952,0.511928,0.122079,0.107119,Bellevue_Bellevue_NE8th
5558,0.619179,0.137619,0.097119,0.609491,0.21102,0.085777,Bellevue_Bellevue_NE8th
5559,0.612429,0.148489,0.099928,0.529418,0.111592,0.023103,Bellevue_Bellevue_NE8th
5560,0.630994,0.140956,0.098126,0.657689,0.179887,0.008847,Bellevue_Bellevue_NE8th
5561,0.640671,0.130943,0.095944,0.560512,0.063065,0.081666,Bellevue_Bellevue_NE8th
5562,0.605014,0.167015,0.106802,0.56681,0.183834,0.020658,Bellevue_Bellevue_NE8th
5563,0.620308,0.147609,0.099177,0.507004,0.170606,0.076616,Bellevue_Bellevue_NE8th
5564,0.634071,0.136483,0.097636,0.468645,0.172747,0.097805,Bellevue_Bellevue_NE8th
5565,0.62458,0.144376,0.099953,0.391805,0.191962,0.039515,Bellevue_Bellevue_NE8th
5566,0.630381,0.146355,0.100673,0.482461,0.219858,0.033986,Bellevue_Bellevue_NE8th
5567,0.619351,0.142803,0.099098,0.678962,0.221034,0.119732,Bellevue_Bellevue_NE8th
5568,0.626294,0.143318,0.099757,0.702963,0.145387,0.065226,Bellevue_Bellevue_NE8th
5569,0.625455,0.155723,0.10312,0.754451,0.178203,0.054808,Bellevue_Bellevue_NE8th
5570,0.640732,0.140866,0.097478,0.89181,0.219495,0.009959,Bellevue_Bellevue_NE8th
5571,0.64689,0.126477,0.094644,0.68517,0.169378,0.014743,Bellevue_Bellevue_NE8th
5572,0.630175,0.143197,0.098432,0.640448,0.180715,0.019623,Bellevue_Bellevue_NE8th
5573,0.634089,0.145269,0.098567,0.581557,0.171139,0.009792,Bellevue_Bellevue_NE8th
5574,0.625715,0.145642,0.099915,0.481083,0.156311,0.064306,Bellevue_Bellevue_NE8th
5575,0.622158,0.148643,0.100681,0.547916,0.161949,0.034378,Bellevue_Bellevue_NE8th
5576,0.62015,0.148909,0.10045,0.541221,0.118765,0.094244,Bellevue_Bellevue_NE8th
5577,0.621617,0.146046,0.100065,0.55288,0.123462,0.061213,Bellevue_Bellevue_NE8th
5578,0.637557,0.142936,0.098813,0.604643,0.11374,0.066468,Bellevue_Bellevue_NE8th
5579,0.642151,0.137922,0.098334,0.48708,0.122298,0.039211,Bellevue_Bellevue_NE8th
5580,0.61899,0.149895,0.10053,0.465058,0.152932,0.060298,Bellevue_Bellevue_NE8th
5581,0.626074,0.149935,0.101013,0.499021,0.164953,0.098969,Bellevue_Bellevue_NE8th
5582,0.625255,0.151878,0.102142,0.540498,0.169673,0.124783,Bellevue_Bellevue_NE8th
5583,0.629585,0.150802,0.101984,0.533522,0.120845,0.143705,Bellevue_Bellevue_NE8th
5584,0.624383,0.151382,0.10203,0.549698,0.105382,0.13068,Bellevue_Bellevue_NE8th
5585,0.614704,0.150412,0.101127,0.600802,0.165013,0.123167,Bellevue_Bellevue_NE8th
5586,0.612029,0.150654,0.099868,0.651771,0.149841,0.115173,Bellevue_Bellevue_NE8th
5587,0.623023,0.145212,0.098488,0.701221,0.167027,0.1402,Bellevue_Bellevue_NE8th
5588,0.635299,0.141846,0.098792,0.708409,0.090123,0.204136,Bellevue_Bellevue_NE8th
5589,0.618098,0.143551,0.097882,0.574217,0.100019,0.138685,Bellevue_Bellevue_NE8th
5590,0.628557,0.14099,0.098107,0.754319,0.212498,0.052505,Bellevue_Bellevue_NE8th
5591,0.624307,0.142246,0.098354,0.770187,0.203516,0.07828,Bellevue_Bellevue_NE8th
5592,0.620386,0.153886,0.102543,0.655129,0.198148,0.060514,Bellevue_Bellevue_NE8th
5593,0.618583,0.151142,0.101214,0.657504,0.167353,0.088737,Bellevue_Bellevue_NE8th
5594,0.629111,0.153588,0.102378,0.646631,0.240134,0.115318,Bellevue_Bellevue_NE8th
5595,0.620382,0.151868,0.101393,0.725351,0.187682,0.117629,Bellevue_Bellevue_NE8th
5596,0.608633,0.147705,0.098489,0.604808,0.129993,0.072594,Bellevue_Bellevue_NE8th
5597,0.622799,0.162251,0.104968,0.656148,0.106646,0.094173,Bellevue_Bellevue_NE8th
5598,0.62571,0.142054,0.097797,0.560486,0.045632,0.088403,Bellevue_Bellevue_NE8th
5599,0.626837,0.146948,0.099572,0.611051,0.094637,0.091621,Bellevue_Bellevue_NE8th
5600,0.627871,0.147224,0.099373,0.558738,0.101533,0.067705,Bellevue_Bellevue_NE8th
5601,0.637011,0.145939,0.100483,0.511677,0.087432,0.078877,Bellevue_Bellevue_NE8th
5602,0.629342,0.140035,0.098717,0.54282,0.120324,0.069984,Bellevue_Bellevue_NE8th
5603,0.623477,0.149314,0.101134,0.627136,0.194139,0.094415,Bellevue_Bellevue_NE8th
5604,0.616255,0.152825,0.101961,0.765288,0.194857,0.07735,Bellevue_Bellevue_NE8th
5605,0.616118,0.146996,0.099662,0.688829,0.15861,0.061782,Bellevue_Bellevue_NE8th
5606,0.624903,0.160187,0.104967,0.775612,0.036016,0.101814,Bellevue_Bellevue_NE8th
5607,0.651516,0.133264,0.097375,0.61859,0.046818,0.074132,Bellevue_Bellevue_NE8th
5608,0.632365,0.145724,0.099262,0.601615,0.170405,0.032865,Bellevue_Bellevue_NE8th
5609,0.630075,0.144019,0.098228,0.582522,0.233539,0.033464,Bellevue_Bellevue_NE8th
5610,0.659434,0.137509,0.098282,0.598815,0.171817,0.079564,Bellevue_Bellevue_NE8th
5611,0.640728,0.132657,0.096277,0.604881,0.145157,0.074168,Bellevue_Bellevue_NE8th
5612,0.637888,0.139525,0.098347,0.606532,0.134183,0.106143,Bellevue_Bellevue_NE8th
5613,0.618674,0.151944,0.100735,0.563764,0.160422,0.158022,Bellevue_Bellevue_NE8th
5614,0.638406,0.151219,0.101953,0.652193,0.175195,0.164105,Bellevue_Bellevue_NE8th
5615,0.633647,0.145352,0.098287,0.674221,0.148166,0.207193,Bellevue_Bellevue_NE8th
5616,0.638597,0.144788,0.09835,0.696745,0.105434,0.283515,Bellevue_Bellevue_NE8th
5617,0.628509,0.14242,0.09872,0.718991,0.26322,0.116363,Bellevue_Bellevue_NE8th
5618,0.643898,0.136414,0.097363,0.709322,0.262997,0.079779,Bellevue_Bellevue_NE8th
5619,0.634269,0.144115,0.099316,0.695356,0.198054,0.10203,Bellevue_Bellevue_NE8th
5620,0.643394,0.142769,0.099592,0.650063,0.19869,0.070998,Bellevue_Bellevue_NE8th
5621,0.622602,0.1454,0.099124,0.636939,0.134199,0.124792,Bellevue_Bellevue_NE8th
5622,0.620277,0.153802,0.102455,0.676141,0.255514,0.068595,Bellevue_Bellevue_NE8th
5623,0.624451,0.151762,0.100836,0.794007,0.274741,0.105178,Bellevue_Bellevue_NE8th
5624,0.625822,0.148404,0.100247,0.82949,0.186346,0.160799,Bellevue_Bellevue_NE8th
5625,0.632089,0.136286,0.097275,0.585607,0.050437,0.148209,Bellevue_Bellevue_NE8th
5626,0.628698,0.147412,0.099858,0.599934,0.025989,0.212893,Bellevue_Bellevue_NE8th
5627,0.633699,0.144169,0.099965,0.570075,0.028318,0.180753,Bellevue_Bellevue_NE8th
5628,0.629884,0.150443,0.10049,0.553603,0.093717,0.137986,Bellevue_Bellevue_NE8th
5629,0.623716,0.14874,0.099869,0.574314,0.175181,0.064827,Bellevue_Bellevue_NE8th
5630,0.631369,0.146055,0.09894,0.476403,0.124338,0.075258,Bellevue_Bellevue_NE8th
5631,0.602499,0.171304,0.10722,0.613626,0.196748,0.071272,Bellevue_Bellevue_NE8th
5632,0.622128,0.151556,0.101566,0.701711,0.186563,0.076309,Bellevue_Bellevue_NE8th
5633,0.628338,0.152125,0.102462,0.721176,0.219345,0.046167,Bellevue_Bellevue_NE8th
5634,0.62858,0.149914,0.101848,0.721719,0.260082,0.048705,Bellevue_Bellevue_NE8th
5635,0.627506,0.148635,0.10149,0.727905,0.229801,0.078473,Bellevue_Bellevue_NE8th
5636,0.6311,0.148668,0.101486,0.741549,0.278457,0.064255,Bellevue_Bellevue_NE8th
5637,0.64129,0.141538,0.099822,0.690768,0.168032,0.183007,Bellevue_Bellevue_NE8th
5638,0.617823,0.153324,0.102212,0.582742,0.152437,0.152065,Bellevue_Bellevue_NE8th
5639,0.624451,0.155259,0.103342,0.571228,0.199743,0.104596,Bellevue_Bellevue_NE8th
5640,0.620063,0.151975,0.101209,0.557992,0.194083,0.064549,Bellevue_Bellevue_NE8th
5641,0.611914,0.1459,0.098262,0.558961,0.163847,0.061917,Bellevue_Bellevue_NE8th
5642,0.598175,0.167495,0.105712,0.5799,0.219292,0.082837,Bellevue_Bellevue_NE8th
5643,0.606303,0.161544,0.105658,0.572122,0.20591,0.067543,Bellevue_Bellevue_NE8th
5644,0.606629,0.176131,0.108492,0.531497,0.225447,0.082045,Bellevue_Bellevue_NE8th
5645,0.625,0.15051,0.101229,0.64054,0.322093,0.089412,Bellevue_Bellevue_NE8th
5646,0.620573,0.154478,0.103523,0.696356,0.324691,0.086751,Bellevue_Bellevue_NE8th
5647,0.627341,0.149849,0.102551,0.65994,0.283524,0.090938,Bellevue_Bellevue_NE8th
5648,0.622755,0.151685,0.102188,0.641565,0.239844,0.028715,Bellevue_Bellevue_NE8th
5649,0.626644,0.151531,0.101798,0.557302,0.189888,0.015225,Bellevue_Bellevue_NE8th
5650,0.622827,0.152018,0.101933,0.601241,0.254987,0.028995,Bellevue_Bellevue_NE8th
5651,0.620332,0.144844,0.099845,0.55287,0.247309,0.043596,Bellevue_Bellevue_NE8th
5652,0.604492,0.170139,0.107333,0.566949,0.185772,0.05216,Bellevue_Bellevue_NE8th
5653,0.601121,0.166147,0.10564,0.518548,0.210664,0.048594,Bellevue_Bellevue_NE8th
5654,0.613348,0.171528,0.108418,0.500877,0.195265,0.035597,Bellevue_Bellevue_NE8th
5655,0.619474,0.147564,0.098759,0.653604,0.197398,0.087708,Bellevue_Bellevue_NE8th
5656,0.619538,0.159001,0.104091,0.675873,0.246036,0.063069,Bellevue_Bellevue_NE8th
5657,0.639421,0.151958,0.102305,0.686386,0.245167,0.094874,Bellevue_Bellevue_NE8th
5658,0.632515,0.146452,0.100748,0.673625,0.19876,0.074628,Bellevue_Bellevue_NE8th
5659,0.635479,0.147678,0.101334,0.6649,0.237974,0.016064,Bellevue_Bellevue_NE8th
5660,0.627257,0.151333,0.101698,0.709662,0.197715,0.028977,Bellevue_Bellevue_NE8th
5661,0.630746,0.145899,0.098908,0.644474,0.151225,0.05167,Bellevue_Bellevue_NE8th
5662,0.643107,0.144506,0.099697,0.606791,0.065699,0.050243,Bellevue_Bellevue_NE8th
5663,0.641247,0.143826,0.100001,0.573062,0.124705,0.061802,Bellevue_Bellevue_NE8th
5664,0.623038,0.1548,0.101924,0.646286,0.243119,0.021963,Bellevue_Bellevue_NE8th
5665,0.629271,0.151134,0.100996,0.656559,0.213998,0.042582,Bellevue_Bellevue_NE8th
5666,0.629418,0.149093,0.101099,0.500021,0.299287,0.014651,Bellevue_Bellevue_NE8th
5667,0.618177,0.164235,0.105689,0.553904,0.289613,0.040675,Bellevue_Bellevue_NE8th
5668,0.621191,0.148911,0.101016,0.61734,0.275055,0.031304,Bellevue_Bellevue_NE8th
5669,0.639167,0.15122,0.102393,0.55379,0.180418,0.050205,Bellevue_Bellevue_NE8th
5670,0.635057,0.141126,0.096832,0.675718,0.183387,0.085579,Bellevue_Bellevue_NE8th
5671,0.646558,0.144428,0.100068,0.676216,0.195774,0.034127,Bellevue_Bellevue_NE8th
5672,0.620677,0.14678,0.098481,0.629214,0.166753,0.04537,Bellevue_Bellevue_NE8th
5673,0.61969,0.153483,0.101231,0.750791,0.234021,0.015449,Bellevue_Bellevue_NE8th
5674,0.62963,0.147191,0.100431,0.718222,0.207244,0.076179,Bellevue_Bellevue_NE8th
5675,0.623033,0.152538,0.102355,0.619733,0.197814,0.106272,Bellevue_Bellevue_NE8th
5676,0.628439,0.15175,0.101901,0.67587,0.218302,0.160108,Bellevue_Bellevue_NE8th
5677,0.636771,0.139933,0.098738,0.7065,0.243025,0.091729,Bellevue_Bellevue_NE8th
5678,0.630915,0.155053,0.103136,0.577215,0.150637,0.167293,Bellevue_Bellevue_NE8th
5679,0.621508,0.153286,0.101912,0.531283,0.168359,0.127564,Bellevue_Bellevue_NE8th
5680,0.633518,0.149513,0.101927,0.535189,0.215015,0.085098,Bellevue_Bellevue_NE8th
5681,0.612549,0.146571,0.099433,0.734222,0.220275,0.060397,Bellevue_Bellevue_NE8th
5682,0.628909,0.14256,0.097602,0.662594,0.1067,0.051817,Bellevue_Bellevue_NE8th
5683,0.63884,0.147036,0.100361,0.762564,0.0864,0.089584,Bellevue_Bellevue_NE8th
5684,0.643047,0.13739,0.097708,0.658468,0.073386,0.089701,Bellevue_Bellevue_NE8th
5685,0.609814,0.176249,0.109111,0.589491,0.112494,0.023527,Bellevue_Bellevue_NE8th
5686,0.625829,0.154291,0.102085,0.632647,0.148145,0.048651,Bellevue_Bellevue_NE8th
5687,0.628221,0.15048,0.102101,0.580557,0.166922,0.076683,Bellevue_Bellevue_NE8th
5688,0.623105,0.156123,0.103116,0.620967,0.180015,0.086264,Bellevue_Bellevue_NE8th
5689,0.636309,0.150098,0.102184,0.703587,0.225448,0.114974,Bellevue_Bellevue_NE8th
5690,0.630903,0.15273,0.102254,0.664875,0.183099,0.108652,Bellevue_Bellevue_NE8th
5691,0.623956,0.148786,0.098755,0.767246,0.303943,0.073466,Bellevue_Bellevue_NE8th
5692,0.663016,0.137939,0.098714,0.760563,0.291129,0.079693,Bellevue_Bellevue_NE8th
5693,0.636829,0.144719,0.099224,0.665824,0.234813,0.06414,Bellevue_Bellevue_NE8th
5694,0.613169,0.161134,0.10446,0.678565,0.222041,0.105742,Bellevue_Bellevue_NE8th
5695,0.611418,0.170625,0.108346,0.599287,0.178993,0.078937,Bellevue_Bellevue_NE8th
5696,0.633974,0.150065,0.101268,0.460291,0.09112,0.059978,Bellevue_Bellevue_NE8th
5697,0.635686,0.149675,0.101076,0.53251,0.093956,0.084878,Bellevue_Bellevue_NE8th
5698,0.63155,0.140902,0.098779,0.722064,0.229711,0.052862,Bellevue_Bellevue_NE8th
5699,0.633718,0.142801,0.098309,0.683482,0.164208,0.07469,Bellevue_Bellevue_NE8th
5700,0.643966,0.14501,0.099638,0.759933,0.218907,0.092168,Bellevue_Bellevue_NE8th
5701,0.662102,0.140004,0.099157,0.769202,0.231095,0.097296,Bellevue_Bellevue_NE8th
5702,0.641259,0.144026,0.098332,0.701679,0.181327,0.08695,Bellevue_Bellevue_NE8th
5703,0.628861,0.144099,0.098631,0.712542,0.235418,0.105242,Bellevue_Bellevue_NE8th
5704,0.647286,0.140156,0.098236,0.703126,0.225926,0.099356,Bellevue_Bellevue_NE8th
5705,0.644935,0.145397,0.100084,0.622524,0.16133,0.121611,Bellevue_Bellevue_NE8th
5706,0.620575,0.148555,0.100239,0.55592,0.102715,0.120663,Bellevue_Bellevue_NE8th
5707,0.629405,0.145352,0.099735,0.650851,0.206576,0.115908,Bellevue_Bellevue_NE8th
5708,0.648196,0.142787,0.099971,0.625336,0.14359,0.108181,Bellevue_Bellevue_NE8th
5709,0.635146,0.147036,0.099303,0.758318,0.145673,0.098673,Bellevue_Bellevue_NE8th
5710,0.66336,0.138017,0.098154,0.739959,0.16329,0.081498,Bellevue_Bellevue_NE8th
5711,0.64078,0.142159,0.098426,0.699417,0.162835,0.081428,Bellevue_Bellevue_NE8th
5712,0.640248,0.144311,0.09904,0.798969,0.227699,0.150389,Bellevue_Bellevue_NE8th
5713,0.662471,0.141957,0.100236,0.817751,0.197367,0.156808,Bellevue_Bellevue_NE8th
5714,0.654853,0.138075,0.09835,0.71066,0.192494,0.179655,Bellevue_Bellevue_NE8th
5715,0.63795,0.139799,0.097963,0.677322,0.207882,0.164716,Bellevue_Bellevue_NE8th
5716,0.641331,0.142841,0.099293,0.789702,0.285912,0.14078,Bellevue_Bellevue_NE8th
5717,0.64327,0.143362,0.099965,0.519717,0.11265,0.042531,Bellevue_Bellevue_NE8th
5718,0.641241,0.138008,0.095774,0.58866,0.134174,0.078498,Bellevue_Bellevue_NE8th
5719,0.65409,0.139342,0.097589,0.738891,0.268313,0.04226,Bellevue_Bellevue_NE8th
5720,0.64108,0.134935,0.096366,0.578638,0.216466,0.045316,Bellevue_Bellevue_NE8th
5721,0.60036,0.180079,0.108649,0.536213,0.145574,0.114341,Bellevue_Bellevue_NE8th
5722,0.607176,0.187625,0.110184,0.622341,0.160922,0.16009,Bellevue_Bellevue_NE8th
5723,0.630135,0.146635,0.10058,0.556622,0.151054,0.14949,Bellevue_Bellevue_NE8th
5724,0.641362,0.151543,0.102384,0.644564,0.123019,0.166016,Bellevue_Bellevue_NE8th
5725,0.639758,0.142831,0.099804,0.617443,0.173739,0.104947,Bellevue_Bellevue_NE8th
5726,0.619225,0.15013,0.100955,0.616687,0.168376,0.13499,Bellevue_Bellevue_NE8th
5727,0.632929,0.164079,0.106952,0.675865,0.204737,0.128364,Bellevue_Bellevue_NE8th
5728,0.631359,0.150236,0.101595,0.648451,0.149631,0.132656,Bellevue_Bellevue_NE8th
5729,0.630231,0.147681,0.101023,0.687313,0.119944,0.210786,Bellevue_Bellevue_NE8th
5730,0.642068,0.149304,0.10214,0.695884,0.110815,0.206661,Bellevue_Bellevue_NE8th
5731,0.644567,0.148784,0.102091,0.693956,0.104188,0.228942,Bellevue_Bellevue_NE8th
5732,0.641686,0.143009,0.100151,0.607541,0.122722,0.209582,Bellevue_Bellevue_NE8th
5733,0.622722,0.153525,0.102502,0.643818,0.154202,0.208822,Bellevue_Bellevue_NE8th
5734,0.624509,0.150491,0.101687,0.6274,0.187394,0.131099,Bellevue_Bellevue_NE8th
5735,0.625106,0.149798,0.099565,0.690764,0.22887,0.100701,Bellevue_Bellevue_NE8th
5736,0.635196,0.141865,0.096782,0.543462,0.112754,0.09856,Bellevue_Bellevue_NE8th
5737,0.623303,0.155374,0.102573,0.60162,0.142371,0.110852,Bellevue_Bellevue_NE8th
5738,0.630899,0.145783,0.099311,0.607178,0.086172,0.119131,Bellevue_Bellevue_NE8th
5739,0.608808,0.177231,0.109172,0.625757,0.160774,0.068382,Bellevue_Bellevue_NE8th
5740,0.624629,0.157433,0.102006,0.574695,0.076747,0.113441,Bellevue_Bellevue_NE8th
5741,0.626873,0.151712,0.102089,0.541441,0.161567,0.113028,Bellevue_Bellevue_NE8th
5742,0.631687,0.153622,0.103029,0.580468,0.177936,0.135716,Bellevue_Bellevue_NE8th
5743,0.618465,0.155677,0.102624,0.63416,0.269769,0.083094,Bellevue_Bellevue_NE8th
5744,0.622779,0.151237,0.101573,0.502132,0.15055,0.091905,Bellevue_Bellevue_NE8th
5745,0.625966,0.150245,0.099459,0.559824,0.206204,0.037399,Bellevue_Bellevue_NE8th
5746,0.645923,0.140157,0.098723,0.604292,0.187782,0.056471,Bellevue_Bellevue_NE8th
5747,0.633069,0.141635,0.097906,0.645138,0.226063,0.024116,Bellevue_Bellevue_NE8th
5748,0.633165,0.144361,0.099084,0.606154,0.21536,0.026542,Bellevue_Bellevue_NE8th
5749,0.640717,0.148457,0.100873,0.612737,0.20449,0.027726,Bellevue_Bellevue_NE8th
5750,0.63713,0.147719,0.100956,0.72309,0.317345,0.052233,Bellevue_Bellevue_NE8th
5751,0.642426,0.148631,0.101774,0.72436,0.251981,0.080328,Bellevue_Bellevue_NE8th
5752,0.633181,0.151933,0.102149,0.718809,0.159367,0.111446,Bellevue_Bellevue_NE8th
5753,0.643385,0.144544,0.099119,0.673642,0.092175,0.106967,Bellevue_Bellevue_NE8th
5754,0.653766,0.145651,0.100092,0.753206,0.060852,0.114054,Bellevue_Bellevue_NE8th
5755,0.660914,0.135421,0.097964,0.622159,0.091188,0.084671,Bellevue_Bellevue_NE8th
5756,0.622135,0.146957,0.098852,0.743438,0.134057,0.186186,Bellevue_Bellevue_NE8th
5757,0.628014,0.154172,0.101333,0.769437,0.155488,0.18912,Bellevue_Bellevue_NE8th
5758,0.640483,0.145793,0.099942,0.784146,0.234,0.239872,Bellevue_Bellevue_NE8th
5759,0.631939,0.144579,0.099683,0.655517,0.215813,0.122591,Bellevue_Bellevue_NE8th
5760,0.634147,0.148595,0.10055,0.747946,0.250436,0.118025,Bellevue_Bellevue_NE8th
5761,0.626275,0.150003,0.101191,0.810216,0.301338,0.089802,Bellevue_Bellevue_NE8th
5762,0.632236,0.147012,0.100273,0.65483,0.177758,0.100005,Bellevue_Bellevue_NE8th
5763,0.641041,0.14194,0.097432,0.773688,0.245843,0.078961,Bellevue_Bellevue_NE8th
5764,0.656432,0.139953,0.097912,0.655857,0.169203,0.070834,Bellevue_Bellevue_NE8th
5765,0.622351,0.150784,0.10025,0.696691,0.205436,0.103667,Bellevue_Bellevue_NE8th
5766,0.613785,0.176316,0.109226,0.721251,0.169088,0.106139,Bellevue_Bellevue_NE8th
5767,0.64288,0.149241,0.101715,0.645043,0.14038,0.098894,Bellevue_Bellevue_NE8th
5768,0.635158,0.15389,0.102815,0.611387,0.1221,0.099555,Bellevue_Bellevue_NE8th
5769,0.62065,0.153175,0.102222,0.579473,0.154018,0.121869,Bellevue_Bellevue_NE8th
5770,0.626626,0.1499,0.101434,0.68571,0.307206,0.084218,Bellevue_Bellevue_NE8th
5771,0.640912,0.152361,0.102349,0.676742,0.139385,0.166611,Bellevue_Bellevue_NE8th
5772,0.63313,0.143133,0.097405,0.620004,0.118146,0.114659,Bellevue_Bellevue_NE8th
5773,0.629341,0.174816,0.109913,0.704051,0.160609,0.081542,Bellevue_Bellevue_NE8th
5774,0.634452,0.148251,0.099787,0.670514,0.133024,0.080646,Bellevue_Bellevue_NE8th
5775,0.600564,0.178203,0.108471,0.63912,0.183204,0.059221,Bellevue_Bellevue_NE8th
5776,0.644258,0.150654,0.101631,0.705909,0.130417,0.140145,Bellevue_Bellevue_NE8th
5777,0.6459,0.141685,0.099583,0.606718,0.164265,0.110431,Bellevue_Bellevue_NE8th
5778,0.628558,0.154645,0.10277,0.649852,0.17509,0.12764,Bellevue_Bellevue_NE8th
5779,0.62495,0.152417,0.102249,0.69569,0.210545,0.084197,Bellevue_Bellevue_NE8th
5780,0.621707,0.151785,0.101256,0.54496,0.083481,0.110429,Bellevue_Bellevue_NE8th
5781,0.612053,0.172483,0.107802,0.64512,0.115642,0.064049,Bellevue_Bellevue_NE8th
5782,0.655951,0.137952,0.097399,0.696022,0.15598,0.035712,Bellevue_Bellevue_NE8th
5783,0.638012,0.143133,0.098852,0.691059,0.187393,0.043859,Bellevue_Bellevue_NE8th
5784,0.623927,0.163388,0.106361,0.724574,0.231793,0.044908,Bellevue_Bellevue_NE8th
5785,0.632965,0.153157,0.101711,0.726941,0.204036,0.136282,Bellevue_Bellevue_NE8th
5786,0.623933,0.149138,0.101053,0.777242,0.195307,0.277579,Bellevue_Bellevue_NE8th
5787,0.643423,0.141326,0.09953,0.727245,0.305126,0.157766,Bellevue_Bellevue_NE8th
5788,0.630533,0.15277,0.101926,0.687182,0.384708,0.021928,Bellevue_Bellevue_NE8th
5789,0.639694,0.148577,0.100215,0.555761,0.282738,0.024546,Bellevue_Bellevue_NE8th
5790,0.642278,0.148072,0.100357,0.559364,0.292615,0.032871,Bellevue_Bellevue_NE8th
5791,0.657105,0.142607,0.099039,0.529894,0.231247,0.055609,Bellevue_Bellevue_NE8th
5792,0.636929,0.146703,0.09959,0.550299,0.158908,0.141474,Bellevue_Bellevue_NE8th
5793,0.630373,0.146039,0.099239,0.627096,0.214173,0.108522,Bellevue_Bellevue_NE8th
5794,0.640708,0.151461,0.101772,0.63146,0.193797,0.12084,Bellevue_Bellevue_NE8th
5795,0.633509,0.153162,0.102642,0.701088,0.233776,0.140855,Bellevue_Bellevue_NE8th
5796,0.642978,0.14589,0.100742,0.763678,0.271323,0.137357,Bellevue_Bellevue_NE8th
5797,0.630114,0.147374,0.100688,0.631153,0.189337,0.174357,Bellevue_Bellevue_NE8th
5798,0.639587,0.148715,0.100086,0.684737,0.226909,0.198021,Bellevue_Bellevue_NE8th
5799,0.639283,0.160794,0.106357,0.675834,0.171007,0.151157,Bellevue_Bellevue_NE8th
5800,0.635047,0.145973,0.098611,0.669209,0.162561,0.115486,Bellevue_Bellevue_NE8th
5801,0.62161,0.146109,0.098461,0.726418,0.23513,0.180157,Bellevue_Bellevue_NE8th
5802,0.606297,0.189391,0.110293,0.665662,0.180074,0.190553,Bellevue_Bellevue_NE8th
5803,0.622277,0.197004,0.112734,0.637437,0.239737,0.108534,Bellevue_Bellevue_NE8th
5804,0.630096,0.162018,0.105929,0.698875,0.344568,0.06629,Bellevue_Bellevue_NE8th
5805,0.624428,0.156012,0.103342,0.62805,0.189121,0.132011,Bellevue_Bellevue_NE8th
5806,0.634839,0.159271,0.104498,0.578139,0.19135,0.090204,Bellevue_Bellevue_NE8th
5807,0.63661,0.159578,0.104646,0.44055,0.136001,0.073088,Bellevue_Bellevue_NE8th
5808,0.635139,0.168714,0.108144,0.470518,0.166624,0.086304,Bellevue_Bellevue_NE8th
5809,0.634354,0.163209,0.106708,0.457687,0.116781,0.129977,Bellevue_Bellevue_NE8th
5810,0.621337,0.161828,0.105013,0.605492,0.180406,0.120503,Bellevue_Bellevue_NE8th
5811,0.62087,0.167707,0.106962,0.706945,0.173266,0.156301,Bellevue_Bellevue_NE8th
5812,0.645542,0.149273,0.102169,0.679694,0.20007,0.127797,Bellevue_Bellevue_NE8th
5813,0.622819,0.155869,0.102703,0.741086,0.269103,0.159812,Bellevue_Bellevue_NE8th
5814,0.648497,0.15293,0.10323,0.698051,0.22206,0.113286,Bellevue_Bellevue_NE8th
5815,0.626282,0.154988,0.102466,0.750555,0.235798,0.087018,Bellevue_Bellevue_NE8th
5816,0.632429,0.152444,0.101893,0.642761,0.120649,0.118643,Bellevue_Bellevue_NE8th
5817,0.616323,0.167517,0.106773,0.7148,0.084746,0.20242,Bellevue_Bellevue_NE8th
5818,0.649768,0.144104,0.099347,0.728823,0.101537,0.223076,Bellevue_Bellevue_NE8th
5819,0.628412,0.146109,0.099032,0.6272,0.1117,0.130977,Bellevue_Bellevue_NE8th
5820,0.608594,0.191205,0.11073,0.582605,0.111613,0.176077,Bellevue_Bellevue_NE8th
5821,0.609842,0.180366,0.109498,0.600468,0.119197,0.219923,Bellevue_Bellevue_NE8th
5822,0.635449,0.155265,0.102978,0.607879,0.161009,0.210798,Bellevue_Bellevue_NE8th
5823,0.645718,0.152929,0.103229,0.707003,0.259397,0.113866,Bellevue_Bellevue_NE8th
5824,0.631285,0.15547,0.102417,0.78062,0.24185,0.024088,Bellevue_Bellevue_NE8th
5825,0.623871,0.14855,0.099939,0.5687,0.097092,0.037552,Bellevue_Bellevue_NE8th
5826,0.639071,0.145205,0.098489,0.549295,0.067686,0.10454,Bellevue_Bellevue_NE8th
5827,0.639672,0.149798,0.10064,0.54389,0.069074,0.037146,Bellevue_Bellevue_NE8th
5828,0.637899,0.149866,0.100905,0.530563,0.106579,0.051651,Bellevue_Bellevue_NE8th
5829,0.623617,0.150022,0.100167,0.474261,0.061778,0.05649,Bellevue_Bellevue_NE8th
5830,0.658445,0.154442,0.103896,0.551898,0.080107,0.151006,Bellevue_Bellevue_NE8th
5831,0.644615,0.155199,0.102868,0.517133,0.108482,0.205208,Bellevue_Bellevue_NE8th
5832,0.656651,0.149296,0.102254,0.608364,0.208779,0.054448,Bellevue_Bellevue_NE8th
5833,0.63385,0.154818,0.102537,0.711378,0.117117,0.123645,Bellevue_Bellevue_NE8th
5834,0.628296,0.14933,0.099997,0.63524,0.143053,0.058591,Bellevue_Bellevue_NE8th
5835,0.622541,0.172798,0.108855,0.648,0.087969,0.114552,Bellevue_Bellevue_NE8th
5836,0.638282,0.166146,0.108737,0.645806,0.143568,0.099881,Bellevue_Bellevue_NE8th
5837,0.643075,0.151361,0.10183,0.630871,0.100952,0.132276,Bellevue_Bellevue_NE8th
5838,0.632317,0.152675,0.100806,0.617992,0.091348,0.170577,Bellevue_Bellevue_NE8th
5839,0.647401,0.152959,0.102463,0.654579,0.071657,0.200886,Bellevue_Bellevue_NE8th
5840,0.642566,0.14503,0.100516,0.54405,0.118717,0.129554,Bellevue_Bellevue_NE8th
5841,0.631524,0.153221,0.102162,0.568338,0.133568,0.142348,Bellevue_Bellevue_NE8th
5842,0.629598,0.152314,0.101874,0.656461,0.22951,0.121832,Bellevue_Bellevue_NE8th
5843,0.614763,0.182754,0.110384,0.611081,0.169752,0.04649,Bellevue_Bellevue_NE8th
5844,0.623095,0.165284,0.106544,0.540191,0.029715,0.089078,Bellevue_Bellevue_NE8th
5845,0.631215,0.194903,0.113401,0.519376,0.054983,0.064518,Bellevue_Bellevue_NE8th
5846,0.63307,0.152774,0.101819,0.595224,0.134044,0.045924,Bellevue_Bellevue_NE8th
5847,0.615569,0.176517,0.109291,0.550836,0.12261,0.014724,Bellevue_Bellevue_NE8th
5848,0.635151,0.156628,0.103826,0.640318,0.122666,0.085217,Bellevue_Bellevue_NE8th
5849,0.642579,0.155282,0.103734,0.61511,0.130667,0.165498,Bellevue_Bellevue_NE8th
5850,0.627118,0.154859,0.102406,0.747651,0.207207,0.205159,Bellevue_Bellevue_NE8th
5851,0.631239,0.151874,0.102522,0.633432,0.188322,0.064971,Bellevue_Bellevue_NE8th
5852,0.633006,0.168396,0.10829,0.629695,0.180128,0.03525,Bellevue_Bellevue_NE8th
5853,0.639546,0.143681,0.097516,0.703279,0.147695,0.028612,Bellevue_Bellevue_NE8th
5854,0.646581,0.147834,0.10049,0.739131,0.136489,0.020854,Bellevue_Bellevue_NE8th
5855,0.658029,0.138576,0.098684,0.628574,0.142336,0.057676,Bellevue_Bellevue_NE8th
5856,0.640368,0.157977,0.10426,0.630912,0.183854,0.030933,Bellevue_Bellevue_NE8th
5857,0.62811,0.156339,0.102206,0.712401,0.133287,0.146338,Bellevue_Bellevue_NE8th
5858,0.638306,0.155411,0.103544,0.623889,0.155474,0.062423,Bellevue_Bellevue_NE8th
5859,0.631632,0.155513,0.103226,0.749607,0.208699,0.07803,Bellevue_Bellevue_NE8th
5860,0.621904,0.152227,0.101779,0.764636,0.196783,0.100464,Bellevue_Bellevue_NE8th
5861,0.643299,0.156987,0.103911,0.648961,0.104097,0.082583,Bellevue_Bellevue_NE8th
5862,0.62494,0.150335,0.099423,0.5827,0.052159,0.107769,Bellevue_Bellevue_NE8th
5863,0.619873,0.167974,0.107314,0.583057,0.06581,0.084762,Bellevue_Bellevue_NE8th
5864,0.614561,0.151894,0.100349,0.59066,0.127911,0.057009,Bellevue_Bellevue_NE8th
5865,0.61442,0.184988,0.110592,0.693182,0.189239,0.045762,Bellevue_Bellevue_NE8th
5866,0.650132,0.156618,0.104584,0.673695,0.205118,0.047686,Bellevue_Bellevue_NE8th
5867,0.653644,0.152612,0.103602,0.60169,0.169008,0.079624,Bellevue_Bellevue_NE8th
5868,0.625396,0.155389,0.102888,0.612101,0.185795,0.082597,Bellevue_Bellevue_NE8th
5869,0.627222,0.153681,0.102817,0.674577,0.237089,0.05374,Bellevue_Bellevue_NE8th
5870,0.631376,0.157718,0.103638,0.691756,0.142245,0.140768,Bellevue_Bellevue_NE8th
5871,0.618182,0.159983,0.103892,0.604589,0.113992,0.089652,Bellevue_Bellevue_NE8th
5872,0.635149,0.170984,0.109089,0.691405,0.112999,0.189031,Bellevue_Bellevue_NE8th
5873,0.632736,0.147637,0.100106,0.635117,0.110028,0.153678,Bellevue_Bellevue_NE8th
5874,0.616651,0.175285,0.109733,0.553209,0.133907,0.148449,Bellevue_Bellevue_NE8th
5875,0.64134,0.153594,0.103112,0.644548,0.150013,0.169442,Bellevue_Bellevue_NE8th
5876,0.653559,0.148523,0.102389,0.617001,0.206494,0.149583,Bellevue_Bellevue_NE8th
5877,0.630173,0.155143,0.103285,0.593548,0.173953,0.154414,Bellevue_Bellevue_NE8th
5878,0.636042,0.147189,0.100505,0.583848,0.203536,0.105157,Bellevue_Bellevue_NE8th
5879,0.631643,0.145574,0.099188,0.600111,0.147613,0.135664,Bellevue_Bellevue_NE8th
5880,0.629047,0.18596,0.112159,0.790859,0.184445,0.171138,Bellevue_Bellevue_NE8th
5881,0.657942,0.140919,0.099915,0.691244,0.133013,0.111759,Bellevue_Bellevue_NE8th
5882,0.643086,0.146854,0.100316,0.644246,0.136054,0.104786,Bellevue_Bellevue_NE8th
5883,0.622767,0.194357,0.112483,0.649249,0.09498,0.20655,Bellevue_Bellevue_NE8th
5884,0.653091,0.155591,0.104464,0.614927,0.083782,0.175529,Bellevue_Bellevue_NE8th
5885,0.64044,0.149459,0.101976,0.56509,0.092818,0.137071,Bellevue_Bellevue_NE8th
5886,0.644975,0.15424,0.103343,0.676292,0.097976,0.14129,Bellevue_Bellevue_NE8th
5887,0.631516,0.169739,0.108411,0.671788,0.108459,0.099619,Bellevue_Bellevue_NE8th
5888,0.611042,0.190413,0.110837,0.665732,0.102973,0.19449,Bellevue_Bellevue_NE8th
5889,0.635899,0.179298,0.111722,0.685142,0.102381,0.187034,Bellevue_Bellevue_NE8th
5890,0.644767,0.145271,0.099987,0.618371,0.132232,0.119134,Bellevue_Bellevue_NE8th
5891,0.619452,0.198531,0.112615,0.598641,0.148953,0.088116,Bellevue_Bellevue_NE8th
5892,0.613043,0.190285,0.111051,0.644992,0.102271,0.117613,Bellevue_Bellevue_NE8th
5893,0.646472,0.158718,0.105312,0.567189,0.163104,0.10353,Bellevue_Bellevue_NE8th
5894,0.631668,0.157232,0.103761,0.566448,0.078323,0.166116,Bellevue_Bellevue_NE8th
5895,0.643043,0.151607,0.102165,0.60745,0.120702,0.093081,Bellevue_Bellevue_NE8th
5896,0.629131,0.157125,0.103412,0.664259,0.11228,0.139835,Bellevue_Bellevue_NE8th
5897,0.623666,0.196155,0.11276,0.684127,0.137592,0.174398,Bellevue_Bellevue_NE8th
5898,0.64354,0.158731,0.105151,0.738945,0.129406,0.213204,Bellevue_Bellevue_NE8th
5899,0.632352,0.152651,0.101577,0.696741,0.112352,0.171635,Bellevue_Bellevue_NE8th
5900,0.619651,0.19909,0.112681,0.742567,0.09994,0.202123,Bellevue_Bellevue_NE8th
5901,0.647366,0.165099,0.107411,0.683504,0.092791,0.182253,Bellevue_Bellevue_NE8th
5902,0.639072,0.153421,0.102641,0.645526,0.144626,0.127417,Bellevue_Bellevue_NE8th
5903,0.604693,0.199118,0.111109,0.748542,0.3556,0.149145,Bellevue_Bellevue_NE8th
5904,0.624237,0.203201,0.113546,0.839678,0.281436,0.295413,Bellevue_Bellevue_NE8th
5905,0.633423,0.149252,0.101284,0.821185,0.266711,0.226985,Bellevue_Bellevue_NE8th
5906,0.654166,0.152583,0.103536,0.8694,0.402245,0.232247,Bellevue_Bellevue_NE8th
5907,0.63649,0.182659,0.112538,0.767757,0.281001,0.123314,Bellevue_Bellevue_NE8th
5908,0.629895,0.185081,0.112142,0.675761,0.211881,0.128008,Bellevue_Bellevue_NE8th
5909,0.626841,0.199786,0.113492,0.794552,0.233342,0.122823,Bellevue_Bellevue_NE8th
5910,0.604869,0.197596,0.111004,0.634831,0.155431,0.103751,Bellevue_Bellevue_NE8th
5911,0.603424,0.200717,0.1111,0.583454,0.211838,0.08007,Bellevue_Bellevue_NE8th
5912,0.602358,0.198814,0.110827,0.602459,0.231129,0.061464,Bellevue_Bellevue_NE8th
5913,0.627045,0.157435,0.104327,0.505078,0.125672,0.136012,Bellevue_Bellevue_NE8th
5914,0.593584,0.195303,0.109606,0.59003,0.140731,0.118238,Bellevue_Bellevue_NE8th
5915,0.571335,0.189853,0.106769,0.619177,0.190543,0.056543,Bellevue_Bellevue_NE8th
5916,0.614595,0.198528,0.1121,0.632077,0.21113,0.047662,Bellevue_Bellevue_NE8th
5917,0.608,0.194529,0.111,0.641241,0.170357,0.103964,Bellevue_Bellevue_NE8th
5918,0.629928,0.203487,0.114178,0.793405,0.248773,0.049586,Bellevue_Bellevue_NE8th
5919,0.640476,0.147402,0.10133,0.664652,0.127631,0.096571,Bellevue_Bellevue_NE8th
5920,0.607121,0.197171,0.111197,0.661122,0.153407,0.155403,Bellevue_Bellevue_NE8th
5921,0.629455,0.206425,0.114373,0.66488,0.118495,0.171439,Bellevue_Bellevue_NE8th
5922,0.645766,0.152674,0.103062,0.668278,0.115257,0.163031,Bellevue_Bellevue_NE8th
5923,0.662099,0.150021,0.102937,0.595528,0.119016,0.133099,Bellevue_Bellevue_NE8th
5924,0.622515,0.166233,0.106614,0.562152,0.098996,0.107725,Bellevue_Bellevue_NE8th
5925,0.624008,0.183473,0.111377,0.663028,0.196663,0.118972,Bellevue_Bellevue_NE8th
5926,0.63759,0.158386,0.104399,0.654863,0.230054,0.115906,Bellevue_Bellevue_NE8th
5927,0.63061,0.166776,0.107067,0.522242,0.130086,0.114544,Bellevue_Bellevue_NE8th
5928,0.618736,0.196923,0.112349,0.584585,0.205237,0.096981,Bellevue_Bellevue_NE8th
5929,0.636837,0.17758,0.111338,0.570629,0.217017,0.059107,Bellevue_Bellevue_NE8th
5930,0.614905,0.18776,0.11095,0.607599,0.242958,0.06778,Bellevue_Bellevue_NE8th
5931,0.630068,0.176352,0.110674,0.576409,0.093927,0.128637,Bellevue_Bellevue_NE8th
5932,0.636034,0.1771,0.111372,0.565623,0.08663,0.163722,Bellevue_Bellevue_NE8th
5933,0.605196,0.200202,0.111256,0.624493,0.138774,0.127021,Bellevue_Bellevue_NE8th
5934,0.620585,0.180006,0.110659,0.553326,0.193157,0.060117,Bellevue_Bellevue_NE8th
5935,0.621267,0.200848,0.113026,0.601247,0.200168,0.085953,Bellevue_Bellevue_NE8th
5936,0.624646,0.174745,0.109401,0.70861,0.221905,0.096361,Bellevue_Bellevue_NE8th
5937,0.626345,0.160353,0.105367,0.555411,0.148477,0.062743,Bellevue_Bellevue_NE8th
5938,0.641692,0.189584,0.113721,0.735333,0.233647,0.143909,Bellevue_Bellevue_NE8th
5939,0.660899,0.145026,0.100767,0.655498,0.138337,0.113461,Bellevue_Bellevue_NE8th
5940,0.639489,0.161568,0.105944,0.626066,0.135914,0.120426,Bellevue_Bellevue_NE8th
5941,0.638487,0.15404,0.102612,0.735958,0.09892,0.23146,Bellevue_Bellevue_NE8th
5942,0.644904,0.156951,0.104588,0.741714,0.105657,0.171162,Bellevue_Bellevue_NE8th
5943,0.65512,0.148183,0.101528,0.626185,0.129591,0.15996,Bellevue_Bellevue_NE8th
5944,0.641902,0.154373,0.10325,0.592996,0.185235,0.100046,Bellevue_Bellevue_NE8th
5945,0.638825,0.176156,0.110718,0.63062,0.181976,0.124423,Bellevue_Bellevue_NE8th
5946,0.639158,0.158994,0.104801,0.664657,0.104961,0.109661,Bellevue_Bellevue_NE8th
5947,0.639819,0.19009,0.11369,0.688367,0.180239,0.090583,Bellevue_Bellevue_NE8th
5948,0.625241,0.186882,0.111869,0.673889,0.130724,0.074826,Bellevue_Bellevue_NE8th
5949,0.626161,0.197919,0.113208,0.760246,0.180641,0.076419,Bellevue_Bellevue_NE8th
5950,0.652233,0.150452,0.102395,0.618012,0.0656,0.053338,Bellevue_Bellevue_NE8th
5951,0.611765,0.200506,0.111978,0.697938,0.120032,0.083025,Bellevue_Bellevue_NE8th
5952,0.622508,0.197023,0.112756,0.724724,0.120792,0.115244,Bellevue_Bellevue_NE8th
5953,0.635075,0.157511,0.104715,0.565367,0.154237,0.033047,Bellevue_Bellevue_NE8th
5954,0.612103,0.201222,0.112077,0.648564,0.133739,0.150476,Bellevue_Bellevue_NE8th
5955,0.636612,0.180932,0.11213,0.719427,0.170726,0.174359,Bellevue_Bellevue_NE8th
5956,0.636359,0.168946,0.108721,0.63019,0.165663,0.129434,Bellevue_Bellevue_NE8th
5957,0.621195,0.195665,0.112452,0.707318,0.258743,0.13731,Bellevue_Bellevue_NE8th
5958,0.632817,0.200507,0.114167,0.707777,0.220688,0.138142,Bellevue_Bellevue_NE8th
5959,0.609619,0.200349,0.111746,0.577898,0.152681,0.142281,Bellevue_Bellevue_NE8th
5960,0.613178,0.203675,0.112394,0.655148,0.157279,0.152499,Bellevue_Bellevue_NE8th
5961,0.622308,0.204519,0.113448,0.669876,0.137044,0.208269,Bellevue_Bellevue_NE8th
5962,0.607312,0.201888,0.111615,0.676284,0.130186,0.194559,Bellevue_Bellevue_NE8th
5963,0.601259,0.199786,0.110795,0.594017,0.156456,0.183706,Bellevue_Bellevue_NE8th
5964,0.62113,0.20789,0.113579,0.569976,0.117527,0.171778,Bellevue_Bellevue_NE8th
5965,0.619311,0.206759,0.113291,0.664261,0.232297,0.183482,Bellevue_Bellevue_NE8th
5966,0.62581,0.189827,0.112281,0.665644,0.205922,0.170038,Bellevue_Bellevue_NE8th
5967,0.613131,0.201982,0.112253,0.624422,0.152489,0.145931,Bellevue_Bellevue_NE8th
5968,0.621939,0.202238,0.113224,0.572749,0.114751,0.084659,Bellevue_Bellevue_NE8th
5969,0.623945,0.200453,0.113255,0.56638,0.118022,0.066823,Bellevue_Bellevue_NE8th
5970,0.616695,0.2014,0.112578,0.627307,0.164461,0.083098,Bellevue_Bellevue_NE8th
5971,0.613149,0.202886,0.112323,0.627381,0.149822,0.07649,Bellevue_Bellevue_NE8th
5972,0.621569,0.204559,0.113369,0.635382,0.124746,0.145445,Bellevue_Bellevue_NE8th
5973,0.60609,0.201832,0.11148,0.578696,0.150999,0.128292,Bellevue_Bellevue_NE8th
5974,0.615439,0.206159,0.112826,0.601056,0.153307,0.16908,Bellevue_Bellevue_NE8th
5975,0.622782,0.20827,0.113783,0.644277,0.102845,0.24096,Bellevue_Bellevue_NE8th
5976,0.620143,0.205233,0.113264,0.671698,0.181247,0.162485,Bellevue_Bellevue_NE8th
5977,0.61302,0.20286,0.112308,0.592,0.146426,0.142258,Bellevue_Bellevue_NE8th
5978,0.614259,0.197138,0.111922,0.658151,0.092242,0.188912,Bellevue_Bellevue_NE8th
5979,0.63063,0.204407,0.114332,0.596238,0.172721,0.076226,Bellevue_Bellevue_NE8th
5980,0.620221,0.206485,0.113371,0.653874,0.252191,0.084571,Bellevue_Bellevue_NE8th
5981,0.617384,0.206384,0.113056,0.695409,0.25806,0.101999,Bellevue_Bellevue_NE8th
5982,0.599087,0.200551,0.110615,0.620171,0.171988,0.14778,Bellevue_Bellevue_NE8th
5983,0.607275,0.202654,0.111667,0.612349,0.163152,0.128,Bellevue_Bellevue_NE8th
5984,0.606143,0.203115,0.11158,0.603892,0.179693,0.10508,Bellevue_Bellevue_NE8th
5985,0.633051,0.180513,0.111828,0.621778,0.168222,0.128271,Bellevue_Bellevue_NE8th
5986,0.626636,0.182291,0.111513,0.698014,0.320115,0.026478,Bellevue_Bellevue_NE8th
5987,0.628551,0.208047,0.114401,0.575234,0.257698,0.082272,Bellevue_Bellevue_NE8th
5988,0.634593,0.19353,0.11354,0.649531,0.196097,0.10868,Bellevue_Bellevue_NE8th
5989,0.632304,0.193897,0.113369,0.655132,0.202645,0.085096,Bellevue_Bellevue_NE8th
5990,0.622247,0.202841,0.113306,0.576105,0.116956,0.107017,Bellevue_Bellevue_NE8th
5991,0.603231,0.2002,0.111043,0.563977,0.14812,0.106898,Bellevue_Bellevue_NE8th
5992,0.618704,0.204045,0.11302,0.703245,0.085661,0.233226,Bellevue_Bellevue_NE8th
5993,0.599685,0.19921,0.110578,0.688945,0.185204,0.135329,Bellevue_Bellevue_NE8th
5994,0.61407,0.204203,0.112525,0.731891,0.216764,0.180038,Bellevue_Bellevue_NE8th
5995,0.624719,0.176822,0.110416,0.783315,0.203021,0.270079,Bellevue_Bellevue_NE8th
5996,0.627573,0.176391,0.110843,0.740493,0.215335,0.162295,Bellevue_Bellevue_NE8th
5997,0.62174,0.204936,0.113421,0.567388,0.131251,0.102194,Bellevue_Bellevue_NE8th
5998,0.630579,0.191941,0.112969,0.635242,0.152431,0.091565,Bellevue_Bellevue_NE8th
5999,0.640437,0.194944,0.114296,0.735849,0.186719,0.128538,Bellevue_Bellevue_NE8th
6000,0.61189,0.200368,0.111989,0.660487,0.218085,0.075175,Bellevue_Bellevue_NE8th
6001,0.616969,0.202242,0.112692,0.670601,0.18882,0.102278,Bellevue_Bellevue_NE8th
6002,0.632369,0.20835,0.114838,0.757377,0.169248,0.146487,Bellevue_Bellevue_NE8th
6003,0.600171,0.198014,0.110541,0.626967,0.252761,0.078434,Bellevue_Bellevue_NE8th
6004,0.614785,0.203358,0.112541,0.725521,0.29891,0.094819,Bellevue_Bellevue_NE8th
6005,0.627204,0.205655,0.114066,0.778722,0.34774,0.056485,Bellevue_Bellevue_NE8th
6006,0.616395,0.203672,0.112742,0.670819,0.161938,0.084618,Bellevue_Bellevue_NE8th
6007,0.61659,0.198948,0.112354,0.637053,0.141401,0.072594,Bellevue_Bellevue_NE8th
6008,0.623334,0.196617,0.112782,0.669924,0.131086,0.034785,Bellevue_Bellevue_NE8th
6009,0.636517,0.204126,0.114931,0.672643,0.123716,0.043181,Bellevue_Bellevue_NE8th
6010,0.635589,0.155712,0.102859,0.580057,0.140129,0.043916,Bellevue_Bellevue_NE8th
6011,0.607602,0.200779,0.11156,0.544356,0.135442,0.033776,Bellevue_Bellevue_NE8th
6012,0.629697,0.207524,0.114482,0.535061,0.085655,0.056404,Bellevue_Bellevue_NE8th
6013,0.637255,0.178531,0.112017,0.566068,0.109642,0.091107,Bellevue_Bellevue_NE8th
6014,0.599805,0.199041,0.110579,0.581114,0.106004,0.07432,Bellevue_Bellevue_NE8th
6015,0.601001,0.203029,0.111013,0.643722,0.188371,0.072494,Bellevue_Bellevue_NE8th
6016,0.618592,0.202918,0.112918,0.60191,0.166306,0.076074,Bellevue_Bellevue_NE8th
6017,0.623254,0.186932,0.111671,0.481842,0.130806,0.095492,Bellevue_Bellevue_NE8th
6018,0.625846,0.201175,0.113535,0.541318,0.206138,0.068204,Bellevue_Bellevue_NE8th
6019,0.622802,0.202917,0.113369,0.645332,0.282292,0.064935,Bellevue_Bellevue_NE8th
6020,0.608486,0.202926,0.111821,0.673087,0.196213,0.05939,Bellevue_Bellevue_NE8th
6021,0.605244,0.201505,0.111357,0.653058,0.13613,0.077484,Bellevue_Bellevue_NE8th
6022,0.609258,0.203571,0.111957,0.594494,0.121155,0.056903,Bellevue_Bellevue_NE8th
6023,0.58742,0.197154,0.109085,0.60656,0.18437,0.062296,Bellevue_Bellevue_NE8th
6024,0.59784,0.199556,0.110407,0.611031,0.165782,0.140678,Bellevue_Bellevue_NE8th
6025,0.58192,0.195162,0.108335,0.655578,0.240882,0.105335,Bellevue_Bellevue_NE8th
6026,0.610592,0.202117,0.111992,0.623309,0.207808,0.09977,Bellevue_Bellevue_NE8th
6027,0.608798,0.200051,0.111628,0.665867,0.163594,0.082287,Bellevue_Bellevue_NE8th
6028,0.63081,0.197304,0.113608,0.60946,0.196258,0.075754,Bellevue_Bellevue_NE8th
6029,0.618489,0.200596,0.112715,0.505099,0.172721,0.05411,Bellevue_Bellevue_NE8th
6030,0.608268,0.202346,0.111753,0.445738,0.171637,0.037708,Bellevue_Bellevue_NE8th
6031,0.629239,0.202512,0.114013,0.469885,0.202252,0.053136,Bellevue_Bellevue_NE8th
6032,0.589108,0.196402,0.109211,0.567925,0.178141,0.054177,Bellevue_Bellevue_NE8th
6033,0.593413,0.197272,0.109746,0.650211,0.196548,0.074587,Bellevue_Bellevue_NE8th
6034,0.61549,0.201588,0.112465,0.633122,0.209902,0.065497,Bellevue_Bellevue_NE8th
6035,0.603746,0.20196,0.111233,0.680636,0.272738,0.094674,Bellevue_Bellevue_NE8th
6036,0.609312,0.202632,0.111891,0.65333,0.208304,0.108831,Bellevue_Bellevue_NE8th
6037,0.628109,0.192659,0.112796,0.593183,0.157524,0.069576,Bellevue_Bellevue_NE8th
6038,0.637229,0.196033,0.114097,0.608155,0.127905,0.082506,Bellevue_Bellevue_NE8th
6039,0.628054,0.200877,0.113734,0.706964,0.125023,0.12877,Bellevue_Bellevue_NE8th
6040,0.604635,0.199581,0.111142,0.767015,0.215137,0.095834,Bellevue_Bellevue_NE8th
6041,0.606605,0.197981,0.111207,0.805158,0.133543,0.159507,Bellevue_Bellevue_NE8th
6042,0.60518,0.203502,0.111507,0.793284,0.172338,0.15859,Bellevue_Bellevue_NE8th
6043,0.589299,0.197548,0.109325,0.769259,0.256218,0.227544,Bellevue_Bellevue_NE8th
6044,0.607427,0.20522,0.111881,0.831853,0.329848,0.201778,Bellevue_Bellevue_NE8th
6045,0.59557,0.199023,0.110114,0.721505,0.310319,0.077717,Bellevue_Bellevue_NE8th
6046,0.629179,0.193374,0.112979,0.645205,0.251825,0.036889,Bellevue_Bellevue_NE8th
6047,0.635109,0.187359,0.112781,0.609837,0.133611,0.097048,Bellevue_Bellevue_NE8th
6048,0.635889,0.198861,0.114292,0.720443,0.127049,0.138772,Bellevue_Bellevue_NE8th
6049,0.609422,0.199048,0.111629,0.648346,0.094081,0.143946,Bellevue_Bellevue_NE8th
6050,0.617182,0.201424,0.112639,0.579481,0.110802,0.104496,Bellevue_Bellevue_NE8th
6051,0.607925,0.201689,0.111667,0.462611,0.137125,0.076068,Bellevue_Bellevue_NE8th
6052,0.633153,0.201187,0.114279,0.600217,0.134354,0.065593,Bellevue_Bellevue_NE8th
6053,0.59763,0.199355,0.110365,0.861746,0.3327,0.112359,Bellevue_Bellevue_NE8th
6054,0.592555,0.198273,0.109732,0.853265,0.254713,0.10438,Bellevue_Bellevue_NE8th
6055,0.599583,0.200978,0.110705,0.687167,0.129831,0.085096,Bellevue_Bellevue_NE8th
6056,0.614011,0.203615,0.112476,0.612559,0.147621,0.027952,Bellevue_Bellevue_NE8th
6057,0.635337,0.196741,0.113985,0.664202,0.144628,0.039332,Bellevue_Bellevue_NE8th
6058,0.602484,0.200526,0.110988,0.644607,0.121445,0.099173,Bellevue_Bellevue_NE8th
6059,0.602846,0.202393,0.111168,0.6195,0.220441,0.067769,Bellevue_Bellevue_NE8th
6060,0.613,0.201439,0.112191,0.622968,0.11161,0.121877,Bellevue_Bellevue_NE8th
6061,0.605238,0.198747,0.111138,0.577276,0.130894,0.076245,Bellevue_Bellevue_NE8th
6062,0.584611,0.196838,0.108756,0.662665,0.13719,0.095353,Bellevue_Bellevue_NE8th
6063,0.594413,0.196132,0.109758,0.603758,0.167209,0.075568,Bellevue_Bellevue_NE8th
6064,0.606432,0.201062,0.111454,0.664814,0.157205,0.122951,Bellevue_Bellevue_NE8th
6065,0.596056,0.198372,0.110119,0.736576,0.223697,0.083816,Bellevue_Bellevue_NE8th
6066,0.60759,0.201634,0.111628,0.608987,0.145594,0.088314,Bellevue_Bellevue_NE8th
6067,0.622988,0.192787,0.112301,0.534742,0.159935,0.042217,Bellevue_Bellevue_NE8th
6068,0.631052,0.196527,0.113538,0.581319,0.155351,0.042671,Bellevue_Bellevue_NE8th
6069,0.627772,0.204725,0.114056,0.517009,0.147529,0.04382,Bellevue_Bellevue_NE8th
6070,0.614898,0.20441,0.11263,0.432457,0.146617,0.016979,Bellevue_Bellevue_NE8th
6071,0.602712,0.199181,0.110905,0.473542,0.072625,0.070688,Bellevue_Bellevue_NE8th
6072,0.580071,0.195301,0.108146,0.549841,0.08283,0.058965,Bellevue_Bellevue_NE8th
6073,0.584544,0.196191,0.108701,0.574051,0.147939,0.086772,Bellevue_Bellevue_NE8th
6074,0.593557,0.200347,0.110002,0.599534,0.121376,0.17861,Bellevue_Bellevue_NE8th
6075,0.58549,0.196462,0.108823,0.586096,0.132734,0.128941,Bellevue_Bellevue_NE8th
6076,0.603607,0.200364,0.111092,0.664576,0.126899,0.077701,Bellevue_Bellevue_NE8th
6077,0.625879,0.194813,0.112832,0.661093,0.122377,0.073962,Bellevue_Bellevue_NE8th
6078,0.627453,0.187429,0.112145,0.694832,0.064061,0.133363,Bellevue_Bellevue_NE8th
6079,0.626757,0.204909,0.113965,0.663315,0.029579,0.096162,Bellevue_Bellevue_NE8th
6080,0.618804,0.197945,0.112471,0.610397,0.112815,0.070482,Bellevue_Bellevue_NE8th
6081,0.616246,0.200609,0.112467,0.598951,0.189295,0.088842,Bellevue_Bellevue_NE8th
6082,0.618513,0.202134,0.112843,0.624255,0.231872,0.104303,Bellevue_Bellevue_NE8th
6083,0.60488,0.201803,0.111342,0.620767,0.208711,0.078227,Bellevue_Bellevue_NE8th
6084,0.610427,0.200028,0.111793,0.713709,0.227281,0.13129,Bellevue_Bellevue_NE8th
6085,0.602082,0.200588,0.110949,0.639098,0.189697,0.093787,Bellevue_Bellevue_NE8th
6086,0.622152,0.198851,0.112903,0.621721,0.146612,0.162641,Bellevue_Bellevue_NE8th
6087,0.618092,0.197433,0.112346,0.648566,0.092045,0.173816,Bellevue_Bellevue_NE8th
6088,0.615038,0.203421,0.112578,0.604185,0.031527,0.110113,Bellevue_Bellevue_NE8th
6089,0.60477,0.198894,0.111107,0.574142,0.067553,0.085057,Bellevue_Bellevue_NE8th
6090,0.635536,0.159783,0.104779,0.435839,0.04569,0.061115,Bellevue_Bellevue_NE8th
6091,0.608254,0.202047,0.111728,0.440345,0.04781,0.065904,Bellevue_Bellevue_NE8th
6092,0.626114,0.205492,0.113936,0.637511,0.100653,0.151357,Bellevue_Bellevue_NE8th
6093,0.619606,0.204413,0.113147,0.638523,0.189831,0.107983,Bellevue_Bellevue_NE8th
6094,0.603096,0.200535,0.111054,0.705939,0.215559,0.108173,Bellevue_Bellevue_NE8th
6095,0.605303,0.199603,0.111211,0.722058,0.179632,0.055326,Bellevue_Bellevue_NE8th
6096,0.612775,0.199125,0.111972,0.673015,0.118556,0.03981,Bellevue_Bellevue_NE8th
6097,0.627705,0.197732,0.113335,0.713386,0.137164,0.041427,Bellevue_Bellevue_NE8th
6098,0.642094,0.193742,0.114323,0.726424,0.149759,0.018433,Bellevue_Bellevue_NE8th
6099,0.621259,0.201434,0.113089,0.655329,0.176786,0.028205,Bellevue_Bellevue_NE8th
6100,0.610304,0.200807,0.111853,0.68578,0.28278,0.026134,Bellevue_Bellevue_NE8th
6101,0.614831,0.199843,0.112242,0.754288,0.286575,0.079729,Bellevue_Bellevue_NE8th
6102,0.621774,0.204878,0.113417,0.742477,0.320336,0.107689,Bellevue_Bellevue_NE8th
6103,0.612336,0.202825,0.112231,0.723419,0.360133,0.104343,Bellevue_Bellevue_NE8th
6104,0.601834,0.202269,0.111047,0.763879,0.36995,0.122142,Bellevue_Bellevue_NE8th
6105,0.598019,0.19914,0.11039,0.764665,0.299271,0.095813,Bellevue_Bellevue_NE8th
6106,0.601006,0.199484,0.11075,0.480033,0.188441,0.037697,Bellevue_Bellevue_NE8th
6107,0.635742,0.188646,0.112939,0.499599,0.24245,0.02409,Bellevue_Bellevue_NE8th
6108,0.62923,0.199341,0.113682,0.576898,0.232349,0.08716,Bellevue_Bellevue_NE8th
6109,0.610772,0.199576,0.111804,0.588621,0.24679,0.03735,Bellevue_Bellevue_NE8th
6110,0.61922,0.206247,0.113244,0.632899,0.20069,0.052175,Bellevue_Bellevue_NE8th
6111,0.616945,0.205343,0.112929,0.633376,0.166121,0.082581,Bellevue_Bellevue_NE8th
6112,0.597012,0.200262,0.110369,0.641861,0.200012,0.081419,Bellevue_Bellevue_NE8th
6113,0.608447,0.201991,0.111744,0.675213,0.288687,0.046031,Bellevue_Bellevue_NE8th
6114,0.621235,0.205837,0.113428,0.719375,0.278376,0.105733,Bellevue_Bellevue_NE8th
6115,0.600685,0.20278,0.110963,0.732154,0.299566,0.054444,Bellevue_Bellevue_NE8th
6116,0.623597,0.205482,0.11366,0.69596,0.222348,0.052532,Bellevue_Bellevue_NE8th
6117,0.6175,0.18995,0.111431,0.561978,0.162842,0.056325,Bellevue_Bellevue_NE8th
6118,0.632469,0.193729,0.11336,0.656633,0.246991,0.037305,Bellevue_Bellevue_NE8th
6119,0.613523,0.201325,0.112249,0.620777,0.222475,0.035033,Bellevue_Bellevue_NE8th
6120,0.614427,0.204757,0.112611,0.694607,0.19959,0.099065,Bellevue_Bellevue_NE8th
6121,0.609433,0.200467,0.111735,0.698534,0.18121,0.150968,Bellevue_Bellevue_NE8th
6122,0.609164,0.202243,0.111843,0.667875,0.199034,0.11989,Bellevue_Bellevue_NE8th
6123,0.605199,0.203639,0.11152,0.780771,0.302936,0.106791,Bellevue_Bellevue_NE8th
6124,0.599813,0.202333,0.110832,0.760126,0.357872,0.096478,Bellevue_Bellevue_NE8th
6125,0.607194,0.202119,0.111618,0.79196,0.354685,0.019836,Bellevue_Bellevue_NE8th
6126,0.613849,0.205215,0.112583,0.66962,0.201104,0.034453,Bellevue_Bellevue_NE8th
6127,0.624061,0.186631,0.111677,0.541765,0.137282,0.028776,Bellevue_Bellevue_NE8th
6128,0.719251,0.24029,0.126779,0.669742,0.255296,0.049337,Bellevue_150th_SE38th
6129,0.702734,0.235836,0.124634,0.711535,0.246881,0.176497,Bellevue_150th_SE38th
6130,0.709048,0.233479,0.125148,0.694757,0.25854,0.079515,Bellevue_150th_SE38th
6131,0.724921,0.241897,0.127522,0.907222,0.351667,0.025,Bellevue_150th_SE38th
6132,0.721073,0.183955,0.1162,0.687827,0.307449,0.035432,Bellevue_150th_SE38th
6133,0.718719,0.232077,0.126096,0.692902,0.305109,0.039164,Bellevue_150th_SE38th
6134,0.713659,0.235253,0.125792,0.740399,0.315852,0.092343,Bellevue_150th_SE38th
6135,0.720532,0.236492,0.126634,0.678853,0.361604,0.105068,Bellevue_150th_SE38th
6136,0.702487,0.232845,0.124378,0.628466,0.275103,0.128364,Bellevue_150th_SE38th
6137,0.713895,0.227865,0.125239,0.660617,0.294393,0.087019,Bellevue_150th_SE38th
6138,0.699901,0.232619,0.124071,0.717656,0.446445,0.048042,Bellevue_150th_SE38th
6139,0.718129,0.238209,0.126504,0.928571,0.597183,0.0,Bellevue_150th_SE38th
6140,0.719601,0.23258,0.12624,0.71352,0.288199,0.107399,Bellevue_150th_SE38th
6141,0.720341,0.24063,0.126913,0.830934,0.394116,0.148333,Bellevue_150th_SE38th
6142,0.706625,0.195248,0.120481,0.860556,0.593333,0.062222,Bellevue_150th_SE38th
6143,0.712442,0.193293,0.120185,0.739978,0.468238,0.027276,Bellevue_150th_SE38th
6144,0.713487,0.203548,0.12231,0.63713,0.345661,0.021438,Bellevue_150th_SE38th
6145,0.7206,0.240227,0.126922,0.69383,0.379324,0.022912,Bellevue_150th_SE38th
6146,0.719134,0.237715,0.126579,0.693232,0.405441,0.050528,Bellevue_150th_SE38th
6147,0.701235,0.233161,0.12426,0.633198,0.319973,0.059377,Bellevue_150th_SE38th
6148,0.69848,0.230181,0.123733,0.705918,0.251068,0.046772,Bellevue_150th_SE38th
6149,0.726576,0.242202,0.127726,0.96656,0.353616,0.12623,Bellevue_150th_SE38th
6150,0.710495,0.180853,0.115816,0.957778,0.487857,0.012222,Bellevue_150th_SE38th
6151,0.718308,0.208814,0.123619,0.878437,0.375096,0.056415,Bellevue_150th_SE38th
6152,0.719514,0.231421,0.126144,0.745112,0.3321,0.029577,Bellevue_150th_SE38th
6153,0.70722,0.233727,0.124972,0.732868,0.315683,0.073238,Bellevue_150th_SE38th
6154,0.707048,0.221914,0.123946,0.66645,0.286823,0.057381,Bellevue_150th_SE38th
6155,0.72577,0.241401,0.127572,0.685641,0.372912,0.033244,Bellevue_150th_SE38th
6156,0.706899,0.23295,0.124875,0.52237,0.22324,0.104299,Bellevue_150th_SE38th
6157,0.707763,0.229558,0.124715,0.619708,0.3448,0.084103,Bellevue_150th_SE38th
6158,0.709104,0.180536,0.115363,0.691623,0.395494,0.050752,Bellevue_150th_SE38th
6159,0.706788,0.231138,0.12473,0.772778,0.390437,0.096151,Bellevue_150th_SE38th
6160,0.712449,0.173487,0.112496,0.746918,0.374855,0.052302,Bellevue_150th_SE38th
6161,0.700356,0.165899,0.109944,0.686508,0.277619,0.074762,Bellevue_150th_SE38th
6162,0.701699,0.158726,0.107313,0.651839,0.154841,0.12164,Bellevue_150th_SE38th
6163,0.703753,0.153246,0.104839,0.732092,0.455015,0.096286,Bellevue_150th_SE38th
6164,0.686903,0.145227,0.103333,0.430578,0.271115,0.041925,Bellevue_150th_SE38th
6165,0.654865,0.12909,0.098053,0.521939,0.207153,0.070583,Bellevue_150th_SE38th
6166,0.591723,0.153308,0.104893,0.648041,0.269246,0.12058,Bellevue_150th_SE38th
6167,0.486151,0.11448,0.090096,0.491872,0.236417,0.063654,Bellevue_150th_SE38th
6168,0.499368,0.112663,0.091152,0.624999,0.31073,0.079604,Bellevue_150th_SE38th
6169,0.454859,0.102802,0.0857,0.601324,0.198777,0.104086,Bellevue_150th_SE38th
6170,0.454225,0.106912,0.086114,0.692487,0.297897,0.143876,Bellevue_150th_SE38th
6171,0.46495,0.105069,0.086932,0.536137,0.237692,0.113118,Bellevue_150th_SE38th
6172,0.456377,0.116736,0.087457,0.33709,0.065827,0.084788,Bellevue_150th_SE38th
6173,0.455173,0.120523,0.087763,0.287174,0.065547,0.048983,Bellevue_150th_SE38th
6174,0.467486,0.122772,0.089221,0.553779,0.189875,0.038445,Bellevue_150th_SE38th
6175,0.477105,0.12042,0.089905,0.497649,0.250526,0.048134,Bellevue_150th_SE38th
6176,0.465671,0.126416,0.089479,0.411407,0.182049,0.063259,Bellevue_150th_SE38th
6177,0.449414,0.122329,0.087409,0.359666,0.137292,0.019761,Bellevue_150th_SE38th
6178,0.444437,0.115124,0.086062,0.439892,0.130644,0.105578,Bellevue_150th_SE38th
6179,0.449107,0.11323,0.086342,0.413244,0.08466,0.122318,Bellevue_150th_SE38th
6180,0.514672,0.132568,0.094953,0.648737,0.331936,0.006266,Bellevue_150th_SE38th
6181,0.51885,0.141186,0.096379,0.725404,0.36785,0.053545,Bellevue_150th_SE38th
6182,0.676107,0.15924,0.107064,0.61222,0.224596,0.119749,Bellevue_150th_SE38th
6183,0.650563,0.172897,0.11245,0.765657,0.401831,0.087679,Bellevue_150th_SE38th
6184,0.689492,0.129435,0.09612,0.859893,0.455777,0.086535,Bellevue_150th_SE38th
6185,0.674531,0.159804,0.107306,0.893585,0.422613,0.109319,Bellevue_150th_SE38th
6186,0.699888,0.148867,0.103522,0.786593,0.35044,0.120822,Bellevue_150th_SE38th
6187,0.680567,0.145955,0.102205,0.647359,0.223636,0.127767,Bellevue_150th_SE38th
6188,0.670637,0.127004,0.095142,0.718645,0.272803,0.136858,Bellevue_150th_SE38th
6189,0.676789,0.140779,0.100454,0.710588,0.298326,0.126783,Bellevue_150th_SE38th
6190,0.677419,0.214823,0.120231,0.744075,0.476437,0.042107,Bellevue_150th_SE38th
6191,0.69084,0.211356,0.121194,0.703514,0.458849,0.04553,Bellevue_150th_SE38th
6192,0.657977,0.185492,0.11503,0.436142,0.203568,0.029103,Bellevue_150th_SE38th
6193,0.53313,0.149013,0.098676,0.463984,0.317085,0.029558,Bellevue_150th_SE38th
6194,0.554073,0.150451,0.100865,0.593035,0.193049,0.07804,Bellevue_150th_SE38th
6195,0.538327,0.144004,0.098598,0.602283,0.208592,0.065035,Bellevue_150th_SE38th
6196,0.536534,0.134959,0.097377,0.406879,0.114487,0.035372,Bellevue_150th_SE38th
6197,0.457133,0.12573,0.088577,0.379891,0.034567,0.103421,Bellevue_150th_SE38th
6198,0.450886,0.121543,0.087479,0.501795,0.104921,0.085943,Bellevue_150th_SE38th
6199,0.497101,0.127034,0.092618,0.863664,0.154522,0.224286,Bellevue_150th_SE38th
6200,0.45576,0.118075,0.087552,0.576741,0.042106,0.185245,Bellevue_150th_SE38th
6201,0.443346,0.117347,0.086015,0.637065,0.054555,0.313697,Bellevue_150th_SE38th
6202,0.470088,0.123989,0.089647,0.625873,0.11836,0.101825,Bellevue_150th_SE38th
6203,0.443855,0.117063,0.085955,0.636968,0.14707,0.034383,Bellevue_150th_SE38th
6204,0.464061,0.119903,0.088581,0.622355,0.061878,0.137526,Bellevue_150th_SE38th
6205,0.44822,0.118832,0.086702,0.545791,0.157091,0.069986,Bellevue_150th_SE38th
6206,0.45973,0.121966,0.088385,0.520208,0.152601,0.073587,Bellevue_150th_SE38th
6207,0.44833,0.121994,0.087181,0.563607,0.149409,0.028603,Bellevue_150th_SE38th
6208,0.471017,0.123356,0.08966,0.406108,0.10435,0.050456,Bellevue_150th_SE38th
6209,0.461462,0.122631,0.088639,0.441089,0.077603,0.048578,Bellevue_150th_SE38th
6210,0.461654,0.124749,0.088898,0.386615,0.080192,0.03482,Bellevue_150th_SE38th
6211,0.466709,0.125264,0.089435,0.414265,0.062067,0.072507,Bellevue_150th_SE38th
6212,0.469927,0.129467,0.09024,0.606982,0.210378,0.05024,Bellevue_150th_SE38th
6213,0.456603,0.12206,0.088056,0.556812,0.244537,0.049484,Bellevue_150th_SE38th
6214,0.452415,0.121413,0.087502,0.522226,0.041546,0.17421,Bellevue_150th_SE38th
6215,0.459642,0.124939,0.08873,0.403292,0.050684,0.039742,Bellevue_150th_SE38th
6216,0.472525,0.125184,0.090017,0.516725,0.148221,0.053756,Bellevue_150th_SE38th
6217,0.452048,0.120846,0.087437,0.311686,0.066139,0.043604,Bellevue_150th_SE38th
6218,0.454804,0.127979,0.088597,0.280115,0.078289,0.022336,Bellevue_150th_SE38th
6219,0.489599,0.131389,0.092388,0.387949,0.101918,0.022228,Bellevue_150th_SE38th
6220,0.49565,0.128897,0.092672,0.523249,0.142557,0.055093,Bellevue_150th_SE38th
6221,0.480342,0.121892,0.090384,0.529143,0.143118,0.095877,Bellevue_150th_SE38th
6222,0.44933,0.120718,0.087161,0.473823,0.118743,0.076759,Bellevue_150th_SE38th
6223,0.459151,0.12117,0.08823,0.497581,0.177597,0.036706,Bellevue_150th_SE38th
6224,0.507393,0.133224,0.094332,0.447936,0.185119,0.041005,Bellevue_150th_SE38th
6225,0.52628,0.133284,0.096169,0.452608,0.10938,0.093248,Bellevue_150th_SE38th
6226,0.5262,0.137397,0.096618,0.541442,0.221101,0.081485,Bellevue_150th_SE38th
6227,0.58488,0.160196,0.104991,0.54016,0.184688,0.100396,Bellevue_150th_SE38th
6228,0.499834,0.134855,0.093777,0.466605,0.092843,0.087367,Bellevue_150th_SE38th
6229,0.508495,0.137379,0.094903,0.696418,0.189592,0.195097,Bellevue_150th_SE38th
6230,0.503534,0.128531,0.093406,0.54964,0.106834,0.136063,Bellevue_150th_SE38th
6231,0.472112,0.125685,0.090008,0.53253,0.145893,0.145868,Bellevue_150th_SE38th
6232,0.476155,0.124464,0.090267,0.521037,0.130963,0.099779,Bellevue_150th_SE38th
6233,0.486849,0.131797,0.092162,0.688684,0.166313,0.135197,Bellevue_150th_SE38th
6234,0.459791,0.123074,0.08852,0.620204,0.229726,0.047579,Bellevue_150th_SE38th
6235,0.46419,0.130986,0.089867,0.557584,0.11833,0.112106,Bellevue_150th_SE38th
6236,0.481619,0.133144,0.091803,0.54314,0.152887,0.061243,Bellevue_150th_SE38th
6237,0.502041,0.134783,0.094006,0.525012,0.105132,0.055882,Bellevue_150th_SE38th
6238,0.465995,0.128967,0.089805,0.512387,0.139812,0.062901,Bellevue_150th_SE38th
6239,0.466834,0.131106,0.090121,0.624312,0.117006,0.140928,Bellevue_150th_SE38th
6240,0.497342,0.134596,0.093525,0.668075,0.115284,0.174229,Bellevue_150th_SE38th
6241,0.48535,0.131579,0.091994,0.59007,0.092171,0.112998,Bellevue_150th_SE38th
6242,0.474992,0.130763,0.090887,0.551367,0.070287,0.066919,Bellevue_150th_SE38th
6243,0.537966,0.130262,0.096938,0.610945,0.108431,0.112856,Bellevue_150th_SE38th
6244,0.508586,0.136743,0.094847,0.59145,0.127459,0.112651,Bellevue_150th_SE38th
6245,0.471724,0.131618,0.090678,0.421323,0.063315,0.088845,Bellevue_150th_SE38th
6246,0.456341,0.126722,0.08859,0.477884,0.086918,0.077165,Bellevue_150th_SE38th
6247,0.4589,0.128876,0.089088,0.508159,0.061861,0.048824,Bellevue_150th_SE38th
6248,0.491816,0.134017,0.092912,0.469568,0.125383,0.049987,Bellevue_150th_SE38th
6249,0.48047,0.132697,0.091652,0.610761,0.163125,0.067222,Bellevue_150th_SE38th
6250,0.46619,0.125031,0.089385,0.435352,0.140926,0.054622,Bellevue_150th_SE38th
6251,0.458025,0.130974,0.089263,0.338797,0.025192,0.168776,Bellevue_150th_SE38th
6252,0.455086,0.127833,0.088612,0.351434,0.120825,0.04326,Bellevue_150th_SE38th
6253,0.554426,0.134022,0.098986,0.45287,0.107319,0.044036,Bellevue_150th_SE38th
6254,0.467727,0.123516,0.089347,0.373844,0.066897,0.106557,Bellevue_150th_SE38th
6255,0.453078,0.123431,0.087909,0.393613,0.084067,0.053183,Bellevue_150th_SE38th
6256,0.471553,0.127506,0.090158,0.510637,0.116214,0.054179,Bellevue_150th_SE38th
6257,0.523208,0.134387,0.096006,0.508254,0.056508,0.062262,Bellevue_150th_SE38th
6258,0.489736,0.124002,0.091539,0.486516,0.080456,0.06544,Bellevue_150th_SE38th
6259,0.533544,0.137616,0.097391,0.629126,0.18554,0.080494,Bellevue_150th_SE38th
6260,0.47917,0.131314,0.091368,0.401605,0.135101,0.058055,Bellevue_150th_SE38th
6261,0.474775,0.13052,0.090845,0.364487,0.100043,0.069086,Bellevue_150th_SE38th
6262,0.474823,0.129517,0.090724,0.447318,0.189927,0.044936,Bellevue_150th_SE38th
6263,0.467539,0.123349,0.089318,0.414528,0.171976,0.053651,Bellevue_150th_SE38th
6264,0.464502,0.128209,0.089569,0.303739,0.058413,0.070366,Bellevue_150th_SE38th
6265,0.492534,0.131954,0.092727,0.479489,0.097216,0.086032,Bellevue_150th_SE38th
6266,0.545854,0.13986,0.098858,0.414762,0.070688,0.107804,Bellevue_150th_SE38th
6267,0.476503,0.127056,0.090606,0.765556,0.100198,0.10369,Bellevue_150th_SE38th
6268,0.486128,0.12429,0.091229,0.533743,0.034987,0.066362,Bellevue_150th_SE38th
6269,0.504943,0.123465,0.092943,0.525026,0.118056,0.053333,Bellevue_150th_SE38th
6270,0.484708,0.130081,0.09176,0.614444,0.069444,0.109444,Bellevue_150th_SE38th
6271,0.524709,0.11872,0.094317,0.571285,0.140479,0.060319,Bellevue_150th_SE38th
6272,0.478749,0.130788,0.091268,0.481984,0.077937,0.135529,Bellevue_150th_SE38th
6273,0.545678,0.136318,0.098408,0.420018,0.107013,0.064353,Bellevue_150th_SE38th
6274,0.47642,0.128907,0.090814,0.395984,0.128318,0.018307,Bellevue_150th_SE38th
6275,0.456764,0.129615,0.088977,0.306346,0.040029,0.118837,Bellevue_150th_SE38th
6276,0.491604,0.131993,0.092651,0.477828,0.150128,0.079959,Bellevue_150th_SE38th
6277,0.553826,0.13519,0.099072,0.498945,0.13196,0.077262,Bellevue_150th_SE38th
6278,0.481483,0.127806,0.091176,0.394243,0.061405,0.12776,Bellevue_150th_SE38th
6279,0.465045,0.129219,0.089726,0.48574,0.053765,0.109831,Bellevue_150th_SE38th
6280,0.465185,0.125611,0.089324,0.350364,0.130594,0.041363,Bellevue_150th_SE38th
6281,0.517297,0.131516,0.095082,0.594246,0.179767,0.028427,Bellevue_150th_SE38th
6282,0.478534,0.129959,0.091153,0.585715,0.183277,0.048009,Bellevue_150th_SE38th
6283,0.464808,0.126912,0.089461,0.351623,0.107813,0.037102,Bellevue_150th_SE38th
6284,0.467447,0.129222,0.089969,0.344079,0.134678,0.042094,Bellevue_150th_SE38th
6285,0.472483,0.125907,0.090096,0.309374,0.098387,0.083468,Bellevue_150th_SE38th
6286,0.486071,0.12487,0.091286,0.446176,0.051727,0.036799,Bellevue_150th_SE38th
6287,0.4936,0.123232,0.091822,0.579775,0.067302,0.081759,Bellevue_150th_SE38th
6288,0.515093,0.122493,0.093829,0.407545,0.101334,0.055411,Bellevue_150th_SE38th
6289,0.474631,0.129232,0.090667,0.430758,0.105914,0.087081,Bellevue_150th_SE38th
6290,0.483482,0.133014,0.091984,0.51453,0.142476,0.067679,Bellevue_150th_SE38th
6291,0.465102,0.127501,0.089547,0.430954,0.040381,0.068188,Bellevue_150th_SE38th
6292,0.46515,0.125527,0.089312,0.529739,0.117541,0.060767,Bellevue_150th_SE38th
6293,0.537013,0.127451,0.096525,0.344393,0.071383,0.056441,Bellevue_150th_SE38th
6294,0.466846,0.130904,0.090114,0.369955,0.046533,0.171961,Bellevue_150th_SE38th
6295,0.465677,0.129705,0.089855,0.353287,0.065423,0.113887,Bellevue_150th_SE38th
6296,0.514222,0.132217,0.094856,0.45661,0.066303,0.103282,Bellevue_150th_SE38th
6297,0.488086,0.126984,0.091729,0.361509,0.06114,0.0846,Bellevue_150th_SE38th
6298,0.462791,0.130617,0.08968,0.342975,0.052744,0.071368,Bellevue_150th_SE38th
6299,0.454757,0.127743,0.088559,0.488977,0.101805,0.048528,Bellevue_150th_SE38th
6300,0.522639,0.137016,0.096264,0.472923,0.08045,0.088995,Bellevue_150th_SE38th
6301,0.467092,0.125817,0.089556,0.334868,0.071607,0.031708,Bellevue_150th_SE38th
6302,0.467974,0.121734,0.089142,0.418439,0.070648,0.02328,Bellevue_150th_SE38th
6303,0.517129,0.13478,0.095462,0.57287,0.152103,0.067447,Bellevue_150th_SE38th
6304,0.480746,0.126839,0.090991,0.532672,0.1304,0.084802,Bellevue_150th_SE38th
6305,0.513773,0.126462,0.094149,0.520221,0.123317,0.123964,Bellevue_150th_SE38th
6306,0.47414,0.129128,0.090624,0.488249,0.176641,0.013401,Bellevue_150th_SE38th
6307,0.469265,0.128622,0.090093,0.525767,0.116852,0.047302,Bellevue_150th_SE38th
6308,0.474289,0.127988,0.090506,0.537508,0.157176,0.042634,Bellevue_150th_SE38th
6309,0.525902,0.128828,0.095614,0.670054,0.071739,0.177042,Bellevue_150th_SE38th
6310,0.507705,0.12152,0.092982,0.44014,0.107008,0.039125,Bellevue_150th_SE38th
6311,0.469408,0.129216,0.090161,0.511288,0.105566,0.021496,Bellevue_150th_SE38th
6312,0.466962,0.128767,0.089885,0.309844,0.078369,0.046038,Bellevue_150th_SE38th
6313,0.455857,0.128566,0.088768,0.330712,0.147016,0.033053,Bellevue_150th_SE38th
6314,0.447485,0.124596,0.08749,0.388872,0.081334,0.05602,Bellevue_150th_SE38th
6315,0.467745,0.125398,0.089532,0.474544,0.115261,0.032793,Bellevue_150th_SE38th
6316,0.517562,0.13686,0.095758,0.292958,0.073906,0.016561,Bellevue_150th_SE38th
6317,0.463093,0.129323,0.089558,0.287165,0.081022,0.03336,Bellevue_150th_SE38th
6318,0.463889,0.130197,0.08975,0.317168,0.071853,0.036772,Bellevue_150th_SE38th
6319,0.458913,0.128013,0.088992,0.360816,0.072379,0.043251,Bellevue_150th_SE38th
6320,0.519512,0.123796,0.094383,0.515045,0.099449,0.074134,Bellevue_150th_SE38th
6321,0.510875,0.133701,0.094732,0.478876,0.048783,0.028558,Bellevue_150th_SE38th
6322,0.488766,0.127501,0.09185,0.242722,0.017564,0.008928,Bellevue_150th_SE38th
6323,0.46056,0.129293,0.089314,0.19762,0.052792,0.009419,Bellevue_150th_SE38th
6324,0.473806,0.128447,0.09051,0.4043,0.089712,0.0889,Bellevue_150th_SE38th
6325,0.493233,0.125946,0.092098,0.373305,0.106011,0.062288,Bellevue_150th_SE38th
6326,0.514698,0.135211,0.095267,0.404329,0.176541,0.027146,Bellevue_150th_SE38th
6327,0.477927,0.130122,0.091109,0.346135,0.103694,0.09591,Bellevue_150th_SE38th
6328,0.466053,0.128994,0.089817,0.294716,0.032515,0.130512,Bellevue_150th_SE38th
6329,0.468794,0.12727,0.089865,0.329134,0.084059,0.073495,Bellevue_150th_SE38th
6330,0.526615,0.128913,0.095685,0.396216,0.148532,0.042577,Bellevue_150th_SE38th
6331,0.483006,0.13473,0.092114,0.560076,0.183803,0.053146,Bellevue_150th_SE38th
6332,0.483242,0.132002,0.091835,0.509967,0.070178,0.073209,Bellevue_150th_SE38th
6333,0.483181,0.13184,0.09182,0.512177,0.018203,0.237108,Bellevue_150th_SE38th
6334,0.476363,0.130834,0.091037,0.542994,0.131721,0.09564,Bellevue_150th_SE38th
6335,0.533374,0.135933,0.097175,0.410808,0.100623,0.057769,Bellevue_150th_SE38th
6336,0.494159,0.135409,0.093293,0.354159,0.035029,0.04582,Bellevue_150th_SE38th
6337,0.477684,0.128132,0.090854,0.257197,0.054024,0.013931,Bellevue_150th_SE38th
6338,0.519242,0.123698,0.094349,0.315608,0.113082,0.058585,Bellevue_150th_SE38th
6339,0.476479,0.125464,0.090422,0.448215,0.080118,0.15096,Bellevue_150th_SE38th
6340,0.465328,0.123407,0.089089,0.605966,0.072342,0.315307,Bellevue_150th_SE38th
6341,0.508079,0.122802,0.093163,0.524526,0.119209,0.12966,Bellevue_150th_SE38th
6342,0.484348,0.131993,0.091951,0.474674,0.179924,0.070562,Bellevue_150th_SE38th
6343,0.474204,0.130727,0.09081,0.480598,0.168715,0.05075,Bellevue_150th_SE38th
6344,0.472591,0.122852,0.089728,0.496282,0.073223,0.04411,Bellevue_150th_SE38th
6345,0.481346,0.129722,0.091391,0.445979,0.125198,0.068267,Bellevue_150th_SE38th
6346,0.507525,0.125323,0.093416,0.431821,0.122443,0.039293,Bellevue_150th_SE38th
6347,0.45889,0.127274,0.088921,0.37607,0.166441,0.033722,Bellevue_150th_SE38th
6348,0.464984,0.129292,0.089739,0.461166,0.18622,0.037797,Bellevue_150th_SE38th
6349,0.502556,0.136087,0.094197,0.454887,0.10621,0.082444,Bellevue_150th_SE38th
6350,0.467501,0.128521,0.089903,0.454251,0.169487,0.03798,Bellevue_150th_SE38th
6351,0.502462,0.127381,0.09316,0.729286,0.248479,0.104643,Bellevue_150th_SE38th
6352,0.509819,0.121953,0.093252,0.647187,0.182698,0.095266,Bellevue_150th_SE38th
6353,0.481775,0.130728,0.091531,0.539011,0.195266,0.036311,Bellevue_150th_SE38th
6354,0.463506,0.127804,0.089441,0.536117,0.278091,0.025004,Bellevue_150th_SE38th
6355,0.456613,0.125483,0.088494,0.420639,0.155696,0.033919,Bellevue_150th_SE38th
6356,0.484494,0.129974,0.091713,0.47949,0.111699,0.028915,Bellevue_150th_SE38th
6357,0.505549,0.137616,0.094674,0.540285,0.098748,0.08728,Bellevue_150th_SE38th
6358,0.486465,0.120525,0.090802,0.292729,0.044711,0.055206,Bellevue_150th_SE38th
6359,0.490771,0.125962,0.091836,0.686141,0.180214,0.078481,Bellevue_150th_SE38th
6360,0.480641,0.129912,0.091344,0.393119,0.096708,0.047587,Bellevue_150th_SE38th
6361,0.462325,0.1261,0.089107,0.334594,0.112216,0.021179,Bellevue_150th_SE38th
6362,0.452385,0.125726,0.088082,0.255464,0.069343,0.023257,Bellevue_150th_SE38th
6363,0.482897,0.131613,0.091742,0.419231,0.042724,0.033681,Bellevue_150th_SE38th
6364,0.473747,0.128312,0.0905,0.499375,0.206399,0.033138,Bellevue_150th_SE38th
6365,0.458649,0.127377,0.088906,0.401096,0.05732,0.053455,Bellevue_150th_SE38th
6366,0.470074,0.129552,0.090274,0.47397,0.087464,0.057653,Bellevue_150th_SE38th
6367,0.532436,0.140167,0.097588,0.509345,0.139858,0.072787,Bellevue_150th_SE38th
6368,0.473357,0.124039,0.089954,0.48071,0.107743,0.078658,Bellevue_150th_SE38th
6369,0.472721,0.127333,0.090271,0.633492,0.063095,0.094643,Bellevue_150th_SE38th
6370,0.517788,0.124032,0.094255,0.585315,0.148693,0.07495,Bellevue_150th_SE38th
6371,0.559093,0.120195,0.096873,0.469192,0.112468,0.051056,Bellevue_150th_SE38th
6372,0.459252,0.122875,0.088431,0.368093,0.099543,0.051789,Bellevue_150th_SE38th
6373,0.529541,0.126816,0.095723,0.828122,0.157579,0.029815,Bellevue_150th_SE38th
6374,0.488161,0.12515,0.091528,0.684348,0.179251,0.070167,Bellevue_150th_SE38th
6375,0.470829,0.1274,0.090093,0.516452,0.140913,0.047,Bellevue_150th_SE38th
6376,0.484879,0.128286,0.091564,0.511901,0.129495,0.133133,Bellevue_150th_SE38th
6377,0.490885,0.129974,0.09235,0.391109,0.098006,0.052939,Bellevue_150th_SE38th
6378,0.480846,0.12534,0.090817,0.346377,0.054795,0.052816,Bellevue_150th_SE38th
6379,0.448872,0.12515,0.087682,0.369827,0.093466,0.066276,Bellevue_150th_SE38th
6380,0.46904,0.125399,0.089655,0.514103,0.123805,0.073662,Bellevue_150th_SE38th
6381,0.47498,0.126816,0.09042,0.542879,0.123555,0.082791,Bellevue_150th_SE38th
6382,0.495915,0.130132,0.092852,0.522136,0.150008,0.04863,Bellevue_150th_SE38th
6383,0.469213,0.125092,0.089668,0.519443,0.101344,0.081143,Bellevue_150th_SE38th
6384,0.471127,0.125043,0.089846,0.573575,0.140934,0.185741,Bellevue_150th_SE38th
6385,0.48246,0.128732,0.091381,0.614036,0.085846,0.143152,Bellevue_150th_SE38th
6386,0.483037,0.127966,0.091352,0.634121,0.070035,0.156788,Bellevue_150th_SE38th
6387,0.469374,0.126008,0.089803,0.545854,0.06174,0.13271,Bellevue_150th_SE38th
6388,0.507855,0.133517,0.094421,0.683545,0.050542,0.301415,Bellevue_150th_SE38th
6389,0.513227,0.114074,0.092654,0.662872,0.117192,0.169605,Bellevue_150th_SE38th
6390,0.511854,0.13044,0.094429,0.662963,0.058161,0.203452,Bellevue_150th_SE38th
6391,0.469305,0.125619,0.089743,0.691697,0.063385,0.2147,Bellevue_150th_SE38th
6392,0.47277,0.12437,0.089938,0.694939,0.154704,0.272817,Bellevue_150th_SE38th
6393,0.467478,0.126258,0.089632,0.698394,0.283217,0.143104,Bellevue_150th_SE38th
6394,0.501423,0.124828,0.092761,0.597388,0.198547,0.069467,Bellevue_150th_SE38th
6395,0.508184,0.098489,0.088144,0.659174,0.135802,0.210174,Bellevue_150th_SE38th
6396,0.467153,0.124217,0.089364,0.563323,0.103102,0.130088,Bellevue_150th_SE38th
6397,0.495185,0.128015,0.092518,0.558501,0.160552,0.045397,Bellevue_150th_SE38th
6398,0.484889,0.127673,0.091513,0.624111,0.176788,0.028704,Bellevue_150th_SE38th
6399,0.485313,0.126465,0.091397,0.616899,0.194816,0.036667,Bellevue_150th_SE38th
6400,0.472155,0.126311,0.090104,0.448898,0.141092,0.060607,Bellevue_150th_SE38th
6401,0.465544,0.124068,0.0892,0.490949,0.17294,0.040022,Bellevue_150th_SE38th
6402,0.463084,0.123717,0.088911,0.45255,0.120793,0.045236,Bellevue_150th_SE38th
6403,0.463595,0.127304,0.089375,0.514079,0.148675,0.094092,Bellevue_150th_SE38th
6404,0.466164,0.125896,0.089461,0.569983,0.126754,0.119852,Bellevue_150th_SE38th
6405,0.466692,0.123952,0.089306,0.413615,0.121674,0.058222,Bellevue_150th_SE38th
6406,0.462946,0.12517,0.089066,0.450723,0.114869,0.052723,Bellevue_150th_SE38th
6407,0.453681,0.123606,0.087987,0.529487,0.129572,0.046242,Bellevue_150th_SE38th
6408,0.509006,0.131665,0.094316,0.564208,0.163805,0.089446,Bellevue_150th_SE38th
6409,0.460407,0.117114,0.087881,0.363197,0.061629,0.102963,Bellevue_150th_SE38th
6410,0.444229,0.120531,0.086698,0.435786,0.083646,0.082564,Bellevue_150th_SE38th
6411,0.508074,0.122414,0.093129,0.672269,0.160942,0.108335,Bellevue_150th_SE38th
6412,0.491627,0.115827,0.090766,0.539481,0.147861,0.107301,Bellevue_150th_SE38th
6413,0.444398,0.119739,0.086623,0.592065,0.143377,0.103042,Bellevue_150th_SE38th
6414,0.546497,0.120608,0.096652,0.680175,0.183085,0.095701,Bellevue_150th_SE38th
6415,0.511352,0.121261,0.093309,0.611848,0.159566,0.053176,Bellevue_150th_SE38th
6416,0.460562,0.119576,0.088199,0.515756,0.119871,0.099544,Bellevue_150th_SE38th
6417,0.452944,0.113932,0.086794,0.480774,0.14476,0.031203,Bellevue_150th_SE38th
6418,0.468541,0.119022,0.088897,0.498139,0.123209,0.055758,Bellevue_150th_SE38th
6419,0.480998,0.112007,0.08929,0.763723,0.216423,0.069871,Bellevue_150th_SE38th
6420,0.451669,0.111876,0.08644,0.458219,0.105785,0.023428,Bellevue_150th_SE38th
6421,0.44961,0.116829,0.086804,0.438703,0.043748,0.067012,Bellevue_150th_SE38th
6422,0.441924,0.11483,0.085744,0.465268,0.061897,0.067307,Bellevue_150th_SE38th
6423,0.483525,0.113309,0.089705,0.699588,0.148205,0.117293,Bellevue_150th_SE38th
6424,0.454942,0.112497,0.086835,0.548133,0.084335,0.047719,Bellevue_150th_SE38th
6425,0.442147,0.111067,0.085338,0.511852,0.136073,0.033803,Bellevue_150th_SE38th
6426,0.476746,0.109479,0.0886,0.81709,0.152706,0.073333,Bellevue_150th_SE38th
6427,0.44678,0.110411,0.085694,0.663333,0.031111,0.157778,Bellevue_150th_SE38th
6428,0.444434,0.107542,0.085114,0.682457,0.050054,0.128452,Bellevue_150th_SE38th
6429,0.449945,0.104751,0.085443,0.577957,0.122481,0.045389,Bellevue_150th_SE38th
6430,0.483681,0.103975,0.088627,0.614528,0.126943,0.076076,Bellevue_150th_SE38th
6431,0.44298,0.102823,0.084478,0.532898,0.118098,0.032958,Bellevue_150th_SE38th
6432,0.45434,0.103959,0.085775,0.540393,0.160378,0.038541,Bellevue_150th_SE38th
6433,0.471485,0.102955,0.087313,0.410889,0.058326,0.060645,Bellevue_150th_SE38th
6434,0.450481,0.103338,0.085332,0.361159,0.039742,0.083945,Bellevue_150th_SE38th
6435,0.449224,0.103941,0.085274,0.607943,0.108159,0.135733,Bellevue_150th_SE38th
6436,0.466735,0.103607,0.086959,0.51291,0.047952,0.195825,Bellevue_150th_SE38th
6437,0.455014,0.10082,0.085484,0.536958,0.048543,0.166991,Bellevue_150th_SE38th
6438,0.477598,0.099888,0.087579,0.857024,0.110542,0.139405,Bellevue_150th_SE38th
6439,0.445098,0.098403,0.084242,0.494585,0.104283,0.095833,Bellevue_150th_SE38th
6440,0.448948,0.101304,0.08495,0.396545,0.016994,0.15819,Bellevue_150th_SE38th
6441,0.441862,0.099941,0.084092,0.647002,0.062202,0.169404,Bellevue_150th_SE38th
6442,0.45674,0.099697,0.085531,0.614074,0.043056,0.22287,Bellevue_150th_SE38th
6443,0.443557,0.099197,0.084182,0.373309,0.037833,0.132489,Bellevue_150th_SE38th
6444,0.423598,0.095017,0.081307,0.423061,0.015902,0.200576,Bellevue_150th_SE38th
6445,0.438759,0.092455,0.082937,0.372374,0.024092,0.073161,Bellevue_150th_SE38th
6446,0.497729,0.10296,0.089869,0.604808,0.104016,0.107163,Bellevue_150th_SE38th
6447,0.468247,0.100956,0.08679,0.516087,0.167797,0.111924,Bellevue_150th_SE38th
6448,0.466282,0.101957,0.086717,0.428408,0.119126,0.103741,Bellevue_150th_SE38th
6449,0.478581,0.096453,0.087259,0.382617,0.059209,0.069367,Bellevue_150th_SE38th
6450,0.489019,0.096633,0.088289,0.465218,0.039153,0.110215,Bellevue_150th_SE38th
6451,0.463241,0.095939,0.085718,0.455119,0.035503,0.066138,Bellevue_150th_SE38th
6452,0.455766,0.090621,0.084308,0.569961,0.133485,0.064922,Bellevue_150th_SE38th
6453,0.471125,0.093336,0.08619,0.412598,0.12296,0.071126,Bellevue_150th_SE38th
6454,0.472538,0.093095,0.086293,0.337943,0.045337,0.061396,Bellevue_150th_SE38th
6455,0.458556,0.091057,0.084624,0.31491,0.034155,0.078942,Bellevue_150th_SE38th
6456,0.493854,0.098828,0.089019,0.453988,0.085382,0.067463,Bellevue_150th_SE38th
6457,0.483097,0.096328,0.087699,0.48127,0.076905,0.083175,Bellevue_150th_SE38th
6458,0.479899,0.096093,0.087355,0.437922,0.086994,0.053222,Bellevue_150th_SE38th
6459,0.459194,0.086718,0.083811,0.417315,0.086945,0.039469,Bellevue_150th_SE38th
6460,0.466478,0.084033,0.083469,0.561127,0.138209,0.066418,Bellevue_150th_SE38th
6461,0.501764,0.09192,0.087478,0.532769,0.10484,0.103039,Bellevue_150th_SE38th
6462,0.482682,0.098935,0.087956,0.495837,0.079755,0.178338,Bellevue_150th_SE38th
6463,0.474695,0.083501,0.084257,0.493016,0.067618,0.121657,Bellevue_150th_SE38th
6464,0.491717,0.082178,0.08287,0.524368,0.111277,0.11164,Bellevue_150th_SE38th
6465,0.500745,0.09979,0.08981,0.380984,0.097264,0.091117,Bellevue_150th_SE38th
6466,0.47847,0.089676,0.086343,0.380314,0.092485,0.032396,Bellevue_150th_SE38th
6467,0.484169,0.090008,0.086451,0.462283,0.117377,0.055388,Bellevue_150th_SE38th
6468,0.498328,0.095233,0.089047,0.451601,0.057143,0.058862,Bellevue_150th_SE38th
6469,0.490952,0.082174,0.083776,0.381003,0.061451,0.097918,Bellevue_150th_SE38th
6470,0.474849,0.077827,0.080775,0.545141,0.120656,0.080429,Bellevue_150th_SE38th
6471,0.52515,0.105115,0.092802,0.386808,0.052862,0.059023,Bellevue_150th_SE38th
6472,0.498374,0.087192,0.085449,0.544169,0.085515,0.071138,Bellevue_150th_SE38th
6473,0.514744,0.101991,0.091428,0.706164,0.154339,0.083307,Bellevue_150th_SE38th
6474,0.511236,0.099317,0.090773,0.654603,0.054762,0.026336,Bellevue_150th_SE38th
6475,0.502618,0.096776,0.089434,0.445669,0.065635,0.080149,Bellevue_150th_SE38th
6476,0.529072,0.105891,0.093169,0.568228,0.058003,0.065172,Bellevue_150th_SE38th
6477,0.533502,0.107763,0.093919,0.526542,0.121788,0.073943,Bellevue_150th_SE38th
6478,0.524839,0.106437,0.092921,0.566169,0.146109,0.058399,Bellevue_150th_SE38th
6479,0.494284,0.087267,0.085842,0.501818,0.072542,0.085084,Bellevue_150th_SE38th
6480,0.518808,0.089146,0.086528,0.557375,0.059538,0.06614,Bellevue_150th_SE38th
6481,0.510429,0.10054,0.090837,0.428848,0.065908,0.041665,Bellevue_150th_SE38th
6482,0.532604,0.106402,0.092896,0.366153,0.024306,0.092842,Bellevue_150th_SE38th
6483,0.509539,0.089557,0.086088,0.58699,0.095921,0.11405,Bellevue_150th_SE38th
6484,0.555621,0.126504,0.098264,0.580821,0.192017,0.106442,Bellevue_150th_SE38th
6485,0.551921,0.111874,0.094364,0.488345,0.056014,0.103342,Bellevue_150th_SE38th
6486,0.496072,0.080658,0.082849,0.437438,0.045523,0.057021,Bellevue_150th_SE38th
6487,0.572203,0.127487,0.099983,0.555869,0.227018,0.087786,Bellevue_150th_SE38th
6488,0.546975,0.115107,0.096089,0.488675,0.132789,0.04741,Bellevue_150th_SE38th
6489,0.563467,0.125137,0.098863,0.579563,0.125873,0.030688,Bellevue_150th_SE38th
6490,0.55389,0.116443,0.096912,0.566851,0.080648,0.083331,Bellevue_150th_SE38th
6491,0.544068,0.108763,0.09411,0.496163,0.089602,0.059286,Bellevue_150th_SE38th
6492,0.574938,0.126667,0.100151,0.557196,0.09787,0.063492,Bellevue_150th_SE38th
6493,0.545428,0.115138,0.095933,0.604511,0.150357,0.073862,Bellevue_150th_SE38th
6494,0.574232,0.116987,0.097237,0.799444,0.114444,0.046667,Bellevue_150th_SE38th
6495,0.541099,0.106439,0.093518,0.64818,0.146918,0.042295,Bellevue_150th_SE38th
6496,0.580046,0.135565,0.101679,0.448255,0.043947,0.104478,Bellevue_150th_SE38th
6497,0.577076,0.130733,0.100829,0.693815,0.12461,0.051422,Bellevue_150th_SE38th
6498,0.570925,0.13354,0.100567,0.622127,0.146447,0.043174,Bellevue_150th_SE38th
6499,0.572085,0.137377,0.101134,0.752566,0.344452,0.035103,Bellevue_150th_SE38th
6500,0.540529,0.108627,0.094538,0.56662,0.129869,0.096879,Bellevue_150th_SE38th
6501,0.57132,0.117921,0.097797,0.64459,0.027632,0.088436,Bellevue_150th_SE38th
6502,0.573544,0.121072,0.098808,0.748069,0.080976,0.119141,Bellevue_150th_SE38th
6503,0.581935,0.124863,0.100138,0.665504,0.045488,0.162101,Bellevue_150th_SE38th
6504,0.587146,0.135047,0.102313,0.465106,0.091241,0.065512,Bellevue_150th_SE38th
6505,0.547534,0.11252,0.095103,0.705701,0.063932,0.100589,Bellevue_150th_SE38th
6506,0.580751,0.1385,0.102108,0.809244,0.053956,0.153258,Bellevue_150th_SE38th
6507,0.578168,0.130721,0.100939,0.579761,0.161445,0.085366,Bellevue_150th_SE38th
6508,0.566372,0.111297,0.094603,0.555342,0.091837,0.096029,Bellevue_150th_SE38th
6509,0.597577,0.131813,0.102398,0.603102,0.058263,0.082727,Bellevue_150th_SE38th
6510,0.583417,0.119953,0.098029,0.48466,0.052608,0.042779,Bellevue_150th_SE38th
6511,0.553369,0.117917,0.097025,0.586069,0.11032,0.043813,Bellevue_150th_SE38th
6512,0.553469,0.118733,0.097129,0.774281,0.052302,0.072369,Bellevue_150th_SE38th
6513,0.545282,0.112135,0.095561,0.551425,0.049338,0.052498,Bellevue_150th_SE38th
6514,0.551875,0.112331,0.096137,0.826085,0.091005,0.031944,Bellevue_150th_SE38th
6515,0.516775,0.092599,0.086872,0.664608,0.074287,0.058098,Bellevue_150th_SE38th
6516,0.521266,0.099514,0.090785,0.721975,0.144816,0.057977,Bellevue_150th_SE38th
6517,0.528851,0.106978,0.093303,0.644467,0.052133,0.179258,Bellevue_150th_SE38th
6518,0.559057,0.109193,0.09456,0.47375,0.052083,0.062056,Bellevue_150th_SE38th
6519,0.570634,0.135576,0.100778,0.480658,0.051599,0.090966,Bellevue_150th_SE38th
6520,0.578936,0.136094,0.101652,0.597744,0.102264,0.092045,Bellevue_150th_SE38th
6521,0.561994,0.128385,0.09909,0.480177,0.088009,0.093599,Bellevue_150th_SE38th
6522,0.541747,0.117193,0.095807,0.536432,0.116479,0.123061,Bellevue_150th_SE38th
6523,0.579083,0.134254,0.101427,0.464531,0.030131,0.122086,Bellevue_150th_SE38th
6524,0.540759,0.124833,0.096608,0.473726,0.032961,0.039842,Bellevue_150th_SE38th
6525,0.517107,0.11344,0.092955,0.506694,0.025935,0.069255,Bellevue_150th_SE38th
6526,0.564437,0.140617,0.100757,0.529341,0.116941,0.057255,Bellevue_150th_SE38th
6527,0.583861,0.147148,0.103429,0.546776,0.076465,0.080071,Bellevue_150th_SE38th
6528,0.539477,0.120996,0.09604,0.622077,0.103228,0.08291,Bellevue_150th_SE38th
6529,0.545346,0.135832,0.098343,0.637204,0.060702,0.168871,Bellevue_150th_SE38th
6530,0.546747,0.137844,0.098718,0.693486,0.059032,0.241645,Bellevue_150th_SE38th
6531,0.449896,0.082554,0.07978,0.629203,0.125296,0.057602,Bellevue_150th_SE38th
6532,0.5715,0.150586,0.102607,0.495152,0.090662,0.081218,Bellevue_150th_SE38th
6533,0.55911,0.142697,0.10049,0.590542,0.148201,0.082659,Bellevue_150th_SE38th
6534,0.537974,0.138772,0.097958,0.541221,0.105648,0.109767,Bellevue_150th_SE38th
6535,0.563233,0.15031,0.101772,0.687235,0.052939,0.061657,Bellevue_150th_SE38th
6536,0.530619,0.140441,0.097428,0.73715,0.081668,0.083348,Bellevue_150th_SE38th
6537,0.481154,0.117361,0.089895,0.589683,0.0625,0.120437,Bellevue_150th_SE38th
6538,0.47754,0.116247,0.089413,0.771334,0.094538,0.109128,Bellevue_150th_SE38th
6539,0.530423,0.144877,0.097926,0.794984,0.058626,0.087304,Bellevue_150th_SE38th
6540,0.458847,0.121453,0.088198,0.722177,0.054021,0.074181,Bellevue_150th_SE38th
6541,0.513778,0.146204,0.096432,0.624921,0.069297,0.096735,Bellevue_150th_SE38th
6542,0.533179,0.156613,0.099532,0.66998,0.100763,0.092345,Bellevue_150th_SE38th
6543,0.53565,0.162897,0.100496,0.599784,0.127917,0.088748,Bellevue_150th_SE38th
6544,0.594159,0.184918,0.10871,0.492383,0.053737,0.091062,Bellevue_150th_SE38th
6545,0.544481,0.164895,0.101557,0.74211,0.068164,0.175887,Bellevue_150th_SE38th
6546,0.505669,0.140982,0.095053,0.630825,0.065414,0.084435,Bellevue_150th_SE38th
6547,0.509161,0.155845,0.097067,0.525559,0.02126,0.041587,Bellevue_150th_SE38th
6548,0.454294,0.127843,0.088485,0.603333,0.083333,0.080556,Bellevue_150th_SE38th
6549,0.432444,0.121478,0.085577,0.55,0.0,0.083333,Bellevue_150th_SE38th
6550,0.416588,0.115698,0.083007,0.713188,0.047579,0.030212,Bellevue_150th_SE38th
6551,0.493627,0.150457,0.094948,0.589048,0.066786,0.097183,Bellevue_150th_SE38th
6552,0.473865,0.143319,0.092194,0.650601,0.235712,0.089175,Bellevue_150th_SE38th
6553,0.511353,0.164647,0.098275,0.670641,0.228352,0.082759,Bellevue_150th_SE38th
6554,0.578616,0.197089,0.108144,0.736095,0.221375,0.117406,Bellevue_150th_SE38th
6555,0.438393,0.134905,0.08739,0.848094,0.284805,0.125836,Bellevue_150th_SE38th
6556,0.534968,0.176802,0.101861,0.800192,0.263405,0.167434,Bellevue_150th_SE38th
6557,0.464194,0.157856,0.092425,0.649471,0.230583,0.125231,Bellevue_150th_SE38th
6558,0.489594,0.157312,0.0953,0.573059,0.167042,0.146489,Bellevue_150th_SE38th
6559,0.592728,0.197851,0.109744,0.532019,0.116698,0.080729,Bellevue_150th_SE38th
6560,0.562663,0.184373,0.105435,0.496581,0.100609,0.091883,Bellevue_150th_SE38th
6561,0.590284,0.189692,0.108818,0.622988,0.146423,0.070214,Bellevue_150th_SE38th
6562,0.561681,0.187754,0.105601,0.689716,0.126579,0.119119,Bellevue_150th_SE38th
6563,0.582397,0.194211,0.108332,0.558294,0.06914,0.172526,Bellevue_150th_SE38th
6564,0.566714,0.188571,0.106203,0.540571,0.061508,0.106559,Bellevue_150th_SE38th
6565,0.563485,0.189326,0.105905,0.574782,0.034616,0.151402,Bellevue_150th_SE38th
6566,0.550627,0.175703,0.103357,0.557588,0.035628,0.20303,Bellevue_150th_SE38th
6567,0.50469,0.158723,0.096965,0.580159,0.058314,0.182029,Bellevue_150th_SE38th
6568,0.582241,0.198733,0.108662,0.743662,0.018836,0.178074,Bellevue_150th_SE38th
6569,0.535572,0.173778,0.101627,0.622669,0.030196,0.172243,Bellevue_150th_SE38th
6570,0.593128,0.197493,0.109749,0.562715,0.053121,0.142607,Bellevue_150th_SE38th
6571,0.582784,0.195944,0.108509,0.565602,0.090318,0.109211,Bellevue_150th_SE38th
6572,0.548812,0.181918,0.103724,0.601587,0.030185,0.14209,Bellevue_150th_SE38th
6573,0.505519,0.162089,0.097388,0.548537,0.155362,0.114156,Bellevue_150th_SE38th
6574,0.505621,0.163403,0.097559,0.429167,0.031111,0.125304,Bellevue_150th_SE38th
6575,0.500863,0.15093,0.09569,0.655979,0.029444,0.149762,Bellevue_150th_SE38th
6576,0.447337,0.12778,0.087805,0.812429,0.087993,0.05668,Bellevue_150th_SE38th
6577,0.510167,0.161379,0.097782,0.690708,0.099352,0.087495,Bellevue_150th_SE38th
6578,0.563065,0.180306,0.105115,0.537179,0.0,0.079915,Bellevue_150th_SE38th
6579,0.288399,0.06972,0.052553,0.522678,0.024206,0.109351,Bellevue_150th_SE38th
6580,0.525525,0.165896,0.099836,0.600172,0.045437,0.156415,Bellevue_150th_SE38th
6581,0.567373,0.187483,0.106189,0.530688,0.096369,0.076545,Bellevue_150th_SE38th
6582,0.591596,0.19478,0.109387,0.524083,0.077339,0.135259,Bellevue_150th_SE38th
6583,0.515863,0.17781,0.099881,0.50304,0.073843,0.115511,Bellevue_150th_SE38th
6584,0.545554,0.182112,0.103384,0.54607,0.046561,0.140207,Bellevue_150th_SE38th
6585,0.521733,0.165809,0.099452,0.503611,0.049762,0.099854,Bellevue_150th_SE38th
6586,0.505196,0.158722,0.097048,0.542093,0.059046,0.099536,Bellevue_150th_SE38th
6587,0.568243,0.190696,0.106526,0.603389,0.052104,0.074545,Bellevue_150th_SE38th
6588,0.556664,0.176567,0.104085,0.51939,0.050381,0.088491,Bellevue_150th_SE38th
6589,0.498364,0.15728,0.096217,0.419775,0.057381,0.102209,Bellevue_150th_SE38th
6590,0.485964,0.142852,0.093332,0.504603,0.021429,0.181508,Bellevue_150th_SE38th
6591,0.544112,0.174182,0.102577,0.490833,0.062817,0.201587,Bellevue_150th_SE38th
6592,0.573695,0.181614,0.106347,0.498651,0.061706,0.125079,Bellevue_150th_SE38th
6593,0.470623,0.134266,0.090826,0.612685,0.13327,0.160849,Bellevue_150th_SE38th
6594,0.589306,0.199676,0.109505,0.725675,0.433254,0.079101,Bellevue_150th_SE38th
6595,0.544576,0.179799,0.103125,0.55418,0.177795,0.067416,Bellevue_150th_SE38th
6596,0.563312,0.186074,0.105647,0.456152,0.074195,0.121649,Bellevue_150th_SE38th
6597,0.609465,0.204207,0.112025,0.679242,0.114277,0.139475,Bellevue_150th_SE38th
6598,0.559843,0.188169,0.105426,0.688717,0.078746,0.104525,Bellevue_150th_SE38th
6599,0.55776,0.184705,0.10491,0.510435,0.088031,0.141952,Bellevue_150th_SE38th
6600,0.567721,0.190063,0.10642,0.552196,0.128831,0.076125,Bellevue_150th_SE38th
6601,0.547275,0.173699,0.10282,0.680115,0.028678,0.101337,Bellevue_150th_SE38th
6602,0.507044,0.155033,0.096788,0.847524,0.029616,0.256205,Bellevue_150th_SE38th
6603,0.542673,0.175214,0.102498,0.705475,0.027169,0.303772,Bellevue_150th_SE38th
6604,0.544203,0.180689,0.103165,0.677838,0.034537,0.279666,Bellevue_150th_SE38th
6605,0.51525,0.172752,0.099401,0.656417,0.16518,0.157862,Bellevue_150th_SE38th
6606,0.519866,0.173994,0.100014,0.480772,0.069162,0.143103,Bellevue_150th_SE38th
6607,0.561978,0.174353,0.104385,0.44496,0.05869,0.050172,Bellevue_150th_SE38th
6608,0.481262,0.144762,0.093097,0.55422,0.143519,0.098148,Bellevue_150th_SE38th
6609,0.518308,0.16381,0.098904,0.725966,0.241217,0.101415,Bellevue_150th_SE38th
6610,0.544632,0.176347,0.102807,0.52232,0.037949,0.08453,Bellevue_150th_SE38th
6611,0.522857,0.158328,0.098728,0.585595,0.069643,0.05578,Bellevue_150th_SE38th
6612,0.461843,0.125119,0.088922,0.658161,0.112969,0.119827,Bellevue_150th_SE38th
6613,0.587333,0.190436,0.108569,0.459886,0.041665,0.070058,Bellevue_150th_SE38th
6614,0.521687,0.165984,0.099461,0.407226,0.034219,0.086034,Bellevue_150th_SE38th
6615,0.471848,0.15156,0.092896,0.417623,0.113857,0.082112,Bellevue_150th_SE38th
6616,0.537182,0.178028,0.102181,0.482293,0.082066,0.077205,Bellevue_150th_SE38th
6617,0.524225,0.169766,0.100109,0.494011,0.06163,0.108316,Bellevue_150th_SE38th
6618,0.568343,0.181262,0.105749,0.393018,0.137998,0.029408,Bellevue_150th_SE38th
6619,0.561296,0.181755,0.105057,0.576558,0.089529,0.09617,Bellevue_150th_SE38th
6620,0.540791,0.170343,0.101812,0.79631,0.191706,0.080635,Bellevue_150th_SE38th
6621,0.567093,0.179714,0.105471,0.687946,0.086068,0.165102,Bellevue_150th_SE38th
6622,0.57695,0.19086,0.107495,0.777914,0.076505,0.112884,Bellevue_150th_SE38th
6623,0.537632,0.169117,0.101377,0.452608,0.102444,0.077156,Bellevue_150th_SE38th
6624,0.525611,0.162906,0.099489,0.467617,0.054462,0.101477,Bellevue_150th_SE38th
6625,0.566297,0.185965,0.105955,0.666429,0.084841,0.112619,Bellevue_150th_SE38th
6626,0.446743,0.114179,0.086162,0.634683,0.1025,0.086944,Bellevue_150th_SE38th
6627,0.529607,0.156207,0.099142,0.717235,0.169352,0.070185,Bellevue_150th_SE38th
6628,0.540158,0.167327,0.101445,0.583159,0.064517,0.123925,Bellevue_150th_SE38th
6629,0.474453,0.14247,0.092191,0.643823,0.100317,0.05754,Bellevue_150th_SE38th
6630,0.542666,0.171251,0.102118,0.603889,0.072778,0.204444,Bellevue_150th_SE38th
6631,0.535325,0.161523,0.100348,0.677352,0.167926,0.097368,Bellevue_150th_SE38th
6632,0.543611,0.168161,0.101881,0.565406,0.033906,0.334505,Bellevue_150th_SE38th
6633,0.526159,0.165156,0.099842,0.666667,0.0,0.666667,Bellevue_150th_SE38th
6634,0.2801,0.062353,0.049341,0.660317,0.009524,0.622222,Bellevue_150th_SE38th
6635,0.399527,0.120147,0.081316,0.541373,0.078705,0.135125,Bellevue_150th_SE38th
6636,0.567652,0.183449,0.105876,0.60205,0.108598,0.083929,Bellevue_150th_SE38th
6637,0.529929,0.172936,0.100982,0.564149,0.095266,0.138335,Bellevue_150th_SE38th
6638,0.476908,0.138465,0.091955,0.5319,0.084577,0.076984,Bellevue_150th_SE38th
6639,0.568729,0.180324,0.105713,0.602672,0.13077,0.08409,Bellevue_150th_SE38th
6640,0.546346,0.170568,0.102433,0.747222,0.204206,0.066667,Bellevue_150th_SE38th
6641,0.568518,0.175738,0.105196,0.578889,0.1,0.160278,Bellevue_150th_SE38th
6642,0.489414,0.1313,0.092342,0.488492,0.118968,0.091825,Bellevue_150th_SE38th
6643,0.514867,0.151351,0.097161,0.684598,0.106349,0.156069,Bellevue_150th_SE38th
6644,0.52648,0.163212,0.099632,0.716825,0.010317,0.059656,Bellevue_150th_SE38th
6645,0.487238,0.148203,0.094054,0.583749,0.073988,0.06935,Bellevue_150th_SE38th
6646,0.573371,0.181562,0.10631,0.503601,0.078306,0.122431,Bellevue_150th_SE38th
6647,0.572514,0.178353,0.105805,0.737704,0.092669,0.121402,Bellevue_150th_SE38th
6648,0.547404,0.172354,0.102728,0.678224,0.13683,0.072383,Bellevue_150th_SE38th
6649,0.54604,0.165707,0.101856,0.641557,0.098018,0.122215,Bellevue_150th_SE38th
6650,0.552993,0.168428,0.102857,0.577976,0.100317,0.168505,Bellevue_150th_SE38th
6651,0.524307,0.154029,0.098385,0.541546,0.080354,0.070648,Bellevue_150th_SE38th
6652,0.578501,0.188575,0.107474,0.411343,0.040394,0.11641,Bellevue_150th_SE38th
6653,0.539092,0.170541,0.10169,0.648439,0.060755,0.027994,Bellevue_150th_SE38th
6654,0.479992,0.137472,0.092131,0.729414,0.041574,0.062554,Bellevue_150th_SE38th
6655,0.476063,0.130201,0.090881,0.575714,0.120238,0.045317,Bellevue_150th_SE38th
6656,0.518535,0.153853,0.097799,0.694167,0.118214,0.078175,Bellevue_150th_SE38th
6657,0.544256,0.159315,0.100957,0.594023,0.134813,0.117658,Bellevue_150th_SE38th
6658,0.504511,0.145836,0.095506,0.505066,0.133889,0.04037,Bellevue_150th_SE38th
6659,0.513397,0.149853,0.096816,0.755489,0.131098,0.170278,Bellevue_150th_SE38th
6660,0.519019,0.149893,0.097398,0.726361,0.128615,0.129909,Bellevue_150th_SE38th
6661,0.497838,0.140582,0.09425,0.602024,0.036508,0.111825,Bellevue_150th_SE38th
6662,0.425872,0.102723,0.082778,0.563889,0.111111,0.188889,Bellevue_150th_SE38th
6663,0.521428,0.154163,0.098137,0.598889,0.091667,0.111429,Bellevue_150th_SE38th
6664,0.548452,0.170091,0.102578,0.763435,0.144519,0.230604,Bellevue_150th_SE38th
6665,0.578777,0.189227,0.107573,0.813555,0.06635,0.276899,Bellevue_150th_SE38th
6666,0.49018,0.152701,0.094876,0.728472,0.049711,0.235677,Bellevue_150th_SE38th
6667,0.54459,0.174527,0.10265,0.689666,0.077171,0.132146,Bellevue_150th_SE38th
6668,0.530348,0.160383,0.099668,0.591984,0.045556,0.227817,Bellevue_150th_SE38th
6669,0.558426,0.168215,0.103326,0.602124,0.111397,0.104913,Bellevue_150th_SE38th
6670,0.558548,0.168611,0.103395,0.537887,0.210431,0.06005,Bellevue_150th_SE38th
6671,0.545482,0.175357,0.102841,0.433292,0.082068,0.06569,Bellevue_150th_SE38th
6672,0.579495,0.19169,0.107801,0.571429,0.026111,0.110344,Bellevue_150th_SE38th
6673,0.53396,0.161407,0.100186,0.588413,0.094974,0.117037,Bellevue_150th_SE38th
6674,0.572612,0.182188,0.106278,0.699246,0.055238,0.059073,Bellevue_150th_SE38th
6675,0.519765,0.159214,0.098522,0.745392,0.160902,0.130893,Bellevue_150th_SE38th
6676,0.549227,0.179404,0.10359,0.597599,0.133922,0.081899,Bellevue_150th_SE38th
6677,0.552107,0.176176,0.10357,0.561588,0.072727,0.092382,Bellevue_150th_SE38th
6678,0.55632,0.184214,0.104759,0.593118,0.025922,0.063137,Bellevue_150th_SE38th
6679,0.560783,0.18588,0.105333,0.733769,0.102064,0.155629,Bellevue_150th_SE38th
6680,0.515514,0.166229,0.098872,0.590557,0.119905,0.038386,Bellevue_150th_SE38th
6681,0.56015,0.182936,0.105028,0.535459,0.119047,0.028098,Bellevue_150th_SE38th
6682,0.525532,0.166994,0.099969,0.689127,0.066667,0.100873,Bellevue_150th_SE38th
6683,0.496252,0.136226,0.093591,0.659021,0.056852,0.095357,Bellevue_150th_SE38th
6684,0.511295,0.146735,0.096261,0.664707,0.095635,0.042051,Bellevue_150th_SE38th
6685,0.492014,0.142435,0.093893,0.725669,0.044854,0.05171,Bellevue_150th_SE38th
6686,0.505052,0.152899,0.096378,0.721241,0.045519,0.064176,Bellevue_150th_SE38th
6687,0.504448,0.15585,0.096636,0.609705,0.027447,0.090293,Bellevue_150th_SE38th
6688,0.573516,0.183671,0.106528,0.653821,0.050133,0.046636,Bellevue_150th_SE38th
6689,0.5557,0.181974,0.10449,0.533091,0.050852,0.073511,Bellevue_150th_SE38th
6690,0.51776,0.176024,0.099948,0.533531,0.056091,0.139346,Bellevue_150th_SE38th
6691,0.550725,0.175143,0.103295,0.713715,0.029762,0.166287,Bellevue_150th_SE38th
6692,0.535581,0.142888,0.098211,0.681633,0.058837,0.125967,Bellevue_150th_SE38th
6693,0.56916,0.166815,0.104233,0.668856,0.083882,0.100572,Bellevue_150th_SE38th
6694,0.578801,0.177175,0.106362,0.612751,0.056768,0.084049,Bellevue_150th_SE38th
6695,0.497129,0.142761,0.094446,0.647845,0.033865,0.061606,Bellevue_150th_SE38th
6696,0.53861,0.150954,0.099444,0.734161,0.062635,0.127123,Bellevue_150th_SE38th
6697,0.450816,0.109789,0.086079,0.739506,0.07869,0.18688,Bellevue_150th_SE38th
6698,0.532876,0.15294,0.099137,0.882143,0.219206,0.041667,Bellevue_150th_SE38th
6699,0.499785,0.12687,0.092853,0.67922,0.100582,0.082989,Bellevue_150th_SE38th
6700,0.566537,0.164661,0.103738,0.584794,0.053241,0.105841,Bellevue_150th_SE38th
6701,0.589793,0.178502,0.107549,0.718526,0.145097,0.223153,Bellevue_150th_SE38th
6702,0.589851,0.186478,0.108485,0.587498,0.284136,0.072719,Bellevue_150th_SE38th
6703,0.558898,0.178458,0.104525,0.641497,0.260222,0.084075,Bellevue_150th_SE38th
6704,0.527765,0.167924,0.100272,0.570207,0.079603,0.112491,Bellevue_150th_SE38th
6705,0.561552,0.169131,0.103748,0.646593,0.100314,0.097513,Bellevue_150th_SE38th
6706,0.553174,0.156859,0.101553,0.539393,0.091126,0.061855,Bellevue_150th_SE38th
6707,0.507989,0.14367,0.095612,0.523982,0.077462,0.062924,Bellevue_150th_SE38th
6708,0.498443,0.143747,0.09469,0.529378,0.083029,0.126138,Bellevue_150th_SE38th
6709,0.51095,0.13771,0.095223,0.603492,0.016667,0.186706,Bellevue_150th_SE38th
6710,0.572472,0.162916,0.10413,0.619709,0.095767,0.082434,Bellevue_150th_SE38th
6711,0.505734,0.129083,0.093656,0.568823,0.087487,0.044259,Bellevue_150th_SE38th
6712,0.523803,0.134575,0.09608,0.62396,0.115106,0.104055,Bellevue_150th_SE38th
6713,0.556065,0.150816,0.101115,0.601786,0.128519,0.081071,Bellevue_150th_SE38th
6714,0.538689,0.150068,0.099336,0.62552,0.155178,0.087351,Bellevue_150th_SE38th
6715,0.53815,0.146513,0.098899,0.607003,0.106752,0.064147,Bellevue_150th_SE38th
6716,0.535908,0.148744,0.098922,0.642834,0.086336,0.080234,Bellevue_150th_SE38th
6717,0.437726,0.091966,0.082574,0.8,0.0,0.016667,Bellevue_150th_SE38th
6718,0.523414,0.130907,0.095604,0.668333,0.191111,0.138889,Bellevue_150th_SE38th
6719,0.520864,0.137458,0.096144,0.570924,0.131337,0.102846,Bellevue_150th_SE38th
6720,0.517174,0.127217,0.094592,0.546799,0.077434,0.054021,Bellevue_150th_SE38th
6721,0.481714,0.111704,0.089317,0.698175,0.115873,0.097778,Bellevue_150th_SE38th
6722,0.527663,0.135353,0.096528,0.643333,0.253333,0.127778,Bellevue_150th_SE38th
6723,0.513424,0.127214,0.094219,0.777778,0.125079,0.187857,Bellevue_150th_SE38th
6724,0.50528,0.127381,0.093462,0.705322,0.068678,0.250948,Bellevue_150th_SE38th
6725,0.495004,0.114259,0.090917,0.855556,0.043651,0.183333,Bellevue_150th_SE38th
6726,0.414835,0.075248,0.075385,0.63623,0.068373,0.129603,Bellevue_150th_SE38th
6727,0.529937,0.144234,0.097836,0.587778,0.016667,0.15,Bellevue_150th_SE38th
6728,0.467511,0.103443,0.086954,0.534259,0.025132,0.032579,Bellevue_150th_SE38th
6729,0.441256,0.089954,0.082532,0.678519,0.085172,0.090489,Bellevue_150th_SE38th
6730,0.54352,0.142155,0.098915,0.785357,0.089484,0.088413,Bellevue_150th_SE38th
6731,0.493866,0.116289,0.091028,0.638968,0.080278,0.11119,Bellevue_150th_SE38th
6732,0.482776,0.110441,0.089275,0.747595,0.055741,0.202412,Bellevue_150th_SE38th
6733,0.541517,0.146759,0.099254,0.761627,0.273333,0.143175,Bellevue_150th_SE38th
6734,0.542058,0.149983,0.099712,0.621667,0.136667,0.069444,Bellevue_150th_SE38th
6735,0.443096,0.096407,0.083724,0.571389,0.069444,0.137407,Bellevue_150th_SE38th
6736,0.544588,0.160181,0.101091,0.720937,0.064156,0.147197,Bellevue_150th_SE38th
6737,0.566512,0.167206,0.104053,0.597817,0.081839,0.10205,Bellevue_150th_SE38th
6738,0.497414,0.120773,0.091913,0.675542,0.082037,0.053704,Bellevue_150th_SE38th
6739,0.536062,0.14171,0.098118,0.734933,0.110189,0.074578,Bellevue_150th_SE38th
6740,0.575708,0.168229,0.10505,0.802937,0.192685,0.112011,Bellevue_150th_SE38th
6741,0.398975,0.076439,0.073762,0.607222,0.110556,0.042778,Bellevue_150th_SE38th
6742,0.377062,0.057106,0.064527,0.608016,0.074325,0.108968,Bellevue_150th_SE38th
6743,0.547249,0.14429,0.09951,0.734828,0.126905,0.066005,Bellevue_150th_SE38th
6744,0.582994,0.163152,0.105219,0.651278,0.037262,0.077817,Bellevue_150th_SE38th
6745,0.562724,0.162436,0.103142,0.559974,0.06004,0.108095,Bellevue_150th_SE38th
6746,0.538063,0.151932,0.099553,0.661667,0.111111,0.183333,Bellevue_150th_SE38th
6747,0.483368,0.1122,0.089528,0.45,0.127778,0.033333,Bellevue_150th_SE38th
6748,0.301005,0.02507,0.035039,0.681676,0.11221,0.147807,Bellevue_150th_SE38th
6749,0.522397,0.131868,0.095638,0.791667,0.08,0.206667,Bellevue_150th_SE38th
6750,0.489435,0.118432,0.090823,0.80914,0.121825,0.161759,Bellevue_150th_SE38th
6751,0.540692,0.155528,0.100168,0.660833,0.131931,0.121468,Bellevue_150th_SE38th
6752,0.489269,0.124412,0.091539,0.605516,0.12254,0.033373,Bellevue_150th_SE38th
6753,0.532323,0.138867,0.097428,0.630233,0.080534,0.076236,Bellevue_150th_SE38th
6754,0.496288,0.121881,0.091927,0.840754,0.196032,0.158254,Bellevue_150th_SE38th
6755,0.53786,0.147422,0.09894,0.594354,0.113705,0.09237,Bellevue_150th_SE38th
6756,0.538087,0.144397,0.098663,0.654391,0.193122,0.118399,Bellevue_150th_SE38th
6757,0.51757,0.126774,0.094568,0.59122,0.062436,0.039686,Bellevue_150th_SE38th
6758,0.529697,0.141834,0.0975,0.562685,0.050357,0.113452,Bellevue_150th_SE38th
6759,0.522214,0.133951,0.095869,0.713439,0.113889,0.110966,Bellevue_150th_SE38th
6760,0.541039,0.133944,0.097721,0.628868,0.086674,0.076496,Bellevue_150th_SE38th
6761,0.541487,0.149011,0.099505,0.632399,0.051588,0.145534,Bellevue_150th_SE38th
6762,0.60218,0.178231,0.10877,0.695025,0.139553,0.140794,Bellevue_150th_SE38th
6763,0.606132,0.187854,0.110262,0.686546,0.166946,0.079289,Bellevue_150th_SE38th
6764,0.545593,0.169464,0.102222,0.568074,0.112875,0.101969,Bellevue_150th_SE38th
6765,0.555819,0.158017,0.101941,0.79168,0.081204,0.117844,Bellevue_150th_SE38th
6766,0.546878,0.14186,0.099188,0.630802,0.133626,0.071614,Bellevue_150th_SE38th
6767,0.497169,0.127517,0.092677,0.795794,0.040079,0.246111,Bellevue_150th_SE38th
6768,0.442359,0.101463,0.084307,0.736092,0.089167,0.150756,Bellevue_150th_SE38th
6769,0.583567,0.183836,0.107564,0.513356,0.053152,0.141475,Bellevue_150th_SE38th
6770,0.53838,0.153976,0.099745,0.755507,0.072635,0.083722,Bellevue_150th_SE38th
6771,0.556033,0.154019,0.101485,0.672328,0.068056,0.103915,Bellevue_150th_SE38th
6772,0.507487,0.130609,0.094038,0.699308,0.068414,0.235352,Bellevue_150th_SE38th
6773,0.558465,0.161944,0.102654,0.782661,0.123078,0.140207,Bellevue_150th_SE38th
6774,0.566057,0.1688,0.10417,0.740077,0.108988,0.082819,Bellevue_150th_SE38th
6775,0.429853,0.089967,0.081466,0.569444,0.052778,0.016667,Bellevue_150th_SE38th
6776,0.426082,0.087023,0.079898,0.771032,0.083095,0.041667,Bellevue_150th_SE38th
6777,0.509931,0.134336,0.094678,0.699031,0.090623,0.044259,Bellevue_150th_SE38th
6778,0.563614,0.168917,0.103979,0.703095,0.103426,0.102288,Bellevue_150th_SE38th
6779,0.500767,0.143017,0.094833,0.626476,0.019299,0.09349,Bellevue_150th_SE38th
6780,0.511,0.131785,0.09456,0.568926,0.055411,0.112619,Bellevue_150th_SE38th
6781,0.560504,0.16241,0.102917,0.600041,0.159889,0.04037,Bellevue_150th_SE38th
6782,0.499918,0.131153,0.093367,0.713403,0.312912,0.004167,Bellevue_150th_SE38th
6783,0.487964,0.130255,0.092062,0.754619,0.347788,0.074603,Bellevue_150th_SE38th
6784,0.498747,0.134793,0.093652,0.658045,0.093626,0.155307,Bellevue_150th_SE38th
6785,0.470137,0.10205,0.087053,0.658518,0.029947,0.063492,Bellevue_150th_SE38th
6786,0.451159,0.096518,0.084595,0.690556,0.071111,0.0825,Bellevue_150th_SE38th
6787,0.467048,0.107162,0.087337,0.745251,0.0,0.054669,Bellevue_150th_SE38th
6788,0.469903,0.113531,0.088359,0.687632,0.057394,0.017778,Bellevue_150th_SE38th
6789,0.472131,0.108872,0.088035,0.641587,0.080079,0.097063,Bellevue_150th_SE38th
6790,0.450585,0.094,0.084147,0.634206,0.047262,0.129709,Bellevue_150th_SE38th
6791,0.490482,0.114027,0.090485,0.631905,0.028889,0.015873,Bellevue_150th_SE38th
6792,0.497801,0.11045,0.090744,0.612328,0.073968,0.077619,Bellevue_150th_SE38th
6793,0.569457,0.152288,0.102624,0.688195,0.130648,0.049868,Bellevue_150th_SE38th
6794,0.567691,0.153461,0.102609,0.660748,0.102911,0.088237,Bellevue_150th_SE38th
6795,0.552845,0.14626,0.100296,0.756825,0.190119,0.083056,Bellevue_150th_SE38th
6796,0.514554,0.124563,0.094021,0.77746,0.229286,0.038333,Bellevue_150th_SE38th
6797,0.486342,0.114813,0.090115,0.631389,0.072778,0.070159,Bellevue_150th_SE38th
6798,0.523607,0.128229,0.09537,0.727619,0.245317,0.095873,Bellevue_150th_SE38th
6799,0.513628,0.122185,0.09368,0.775631,0.311406,0.085556,Bellevue_150th_SE38th
6800,0.540886,0.149879,0.099556,0.575887,0.182661,0.08747,Bellevue_150th_SE38th
6801,0.52973,0.152626,0.09878,0.531702,0.058957,0.088399,Bellevue_150th_SE38th
6802,0.532783,0.146373,0.098322,0.794048,0.099762,0.178333,Bellevue_150th_SE38th
6803,0.446956,0.097263,0.084025,0.674087,0.121429,0.082222,Bellevue_150th_SE38th
6804,0.572155,0.155981,0.103334,0.671622,0.191403,0.095452,Bellevue_150th_SE38th
6805,0.540376,0.158326,0.100465,0.773397,0.22453,0.14866,Bellevue_150th_SE38th
6806,0.556902,0.168053,0.103169,0.604943,0.094859,0.131443,Bellevue_150th_SE38th
6807,0.565011,0.164082,0.10354,0.666852,0.089709,0.17295,Bellevue_150th_SE38th
6808,0.554639,0.157157,0.101726,0.596065,0.080026,0.14178,Bellevue_150th_SE38th
6809,0.534445,0.147348,0.098621,0.584569,0.053944,0.128463,Bellevue_150th_SE38th
6810,0.510857,0.133388,0.0947,0.706164,0.054021,0.078492,Bellevue_150th_SE38th
6811,0.537215,0.144907,0.098598,0.562392,0.062619,0.115173,Bellevue_150th_SE38th
6812,0.530704,0.135692,0.096887,0.634394,0.051296,0.26351,Bellevue_150th_SE38th
6813,0.470789,0.110793,0.088149,0.459831,0.060801,0.112079,Bellevue_150th_SE38th
6814,0.509999,0.128706,0.094068,0.544548,0.065386,0.118074,Bellevue_150th_SE38th
6815,0.54753,0.155547,0.100855,0.699061,0.158307,0.079061,Bellevue_150th_SE38th
6816,0.555878,0.150611,0.101105,0.504504,0.101154,0.04967,Bellevue_150th_SE38th
6817,0.572686,0.166646,0.104571,0.453294,0.08362,0.071215,Bellevue_150th_SE38th
6818,0.574718,0.170412,0.105189,0.54918,0.051308,0.101781,Bellevue_150th_SE38th
6819,0.496647,0.115308,0.091184,0.801905,0.104444,0.049722,Bellevue_150th_SE38th
6820,0.510633,0.128524,0.09409,0.663436,0.08335,0.068893,Bellevue_150th_SE38th
6821,0.507248,0.127708,0.093692,0.853451,0.109513,0.081668,Bellevue_150th_SE38th
6822,0.507376,0.129196,0.093863,0.789362,0.055873,0.257054,Bellevue_150th_SE38th
6823,0.453273,0.104318,0.085698,0.696164,0.008466,0.318188,Bellevue_150th_SE38th
6824,0.437165,0.089148,0.081988,0.787566,0.137672,0.103651,Bellevue_150th_SE38th
6825,0.468811,0.103844,0.087146,0.766121,0.064471,0.097924,Bellevue_150th_SE38th
6826,0.535862,0.149696,0.09902,0.586323,0.086296,0.116058,Bellevue_150th_SE38th
6827,0.568538,0.15719,0.1031,0.670194,0.023586,0.106007,Bellevue_150th_SE38th
6828,0.507452,0.133008,0.094297,0.597897,0.101071,0.071429,Bellevue_150th_SE38th
6829,0.536163,0.153189,0.09945,0.574537,0.126111,0.070251,Bellevue_150th_SE38th
6830,0.500765,0.136234,0.094025,0.576429,0.105265,0.060952,Bellevue_150th_SE38th
6831,0.557526,0.165452,0.102965,0.647383,0.191172,0.056608,Bellevue_150th_SE38th
6832,0.561765,0.183254,0.105259,0.684581,0.230922,0.090046,Bellevue_150th_SE38th
6833,0.505565,0.162385,0.097468,0.493159,0.087517,0.12228,Bellevue_150th_SE38th
6834,0.573691,0.178643,0.105964,0.697602,0.05291,0.135414,Bellevue_150th_SE38th
6835,0.437558,0.098787,0.083348,0.405556,0.05,0.1,Bellevue_150th_SE38th
6836,0.426553,0.096087,0.081997,0.519444,0.041667,0.011111,Bellevue_150th_SE38th
6837,0.316224,0.042781,0.048988,0.384524,0.116429,0.059762,Bellevue_150th_SE38th
6838,0.483049,0.123241,0.090759,0.455556,0.070833,0.005556,Bellevue_150th_SE38th
6839,0.402743,0.085416,0.076684,0.383333,0.033333,0.05,Bellevue_150th_SE38th
6840,0.434415,0.109166,0.084075,0.702765,0.103148,0.080595,Bellevue_150th_SE38th
6841,0.520595,0.14747,0.097283,0.773188,0.054339,0.081812,Bellevue_150th_SE38th
6842,0.518556,0.142415,0.096484,0.676713,0.1254,0.081203,Bellevue_150th_SE38th
6843,0.526147,0.148929,0.097984,0.664998,0.140987,0.059842,Bellevue_150th_SE38th
6844,0.508325,0.140134,0.095234,0.733686,0.107886,0.066257,Bellevue_150th_SE38th
6845,0.500668,0.132987,0.093661,0.668274,0.089815,0.081641,Bellevue_150th_SE38th
6846,0.566252,0.170331,0.104372,0.470741,0.083008,0.076931,Bellevue_150th_SE38th
6847,0.555164,0.171756,0.103412,0.610874,0.015294,0.120366,Bellevue_150th_SE38th
6848,0.45181,0.115293,0.086855,0.666825,0.013095,0.069444,Bellevue_150th_SE38th
6849,0.412568,0.092627,0.079304,0.797222,0.073333,0.205556,Bellevue_150th_SE38th
6850,0.462112,0.111099,0.087318,0.459286,0.108889,0.044444,Bellevue_150th_SE38th
6851,0.50032,0.128885,0.093122,0.609537,0.141878,0.064788,Bellevue_150th_SE38th
6852,0.524903,0.151735,0.098199,0.661984,0.072222,0.164841,Bellevue_150th_SE38th
6853,0.485314,0.130257,0.091843,0.53,0.082593,0.074259,Bellevue_150th_SE38th
6854,0.55258,0.160293,0.101886,0.629376,0.100248,0.09575,Bellevue_150th_SE38th
6855,0.534431,0.156887,0.099723,0.843373,0.209114,0.109511,Bellevue_150th_SE38th
6856,0.563945,0.170164,0.10413,0.715333,0.079159,0.225998,Bellevue_150th_SE38th
6857,0.511879,0.152651,0.097019,0.54328,0.116667,0.146323,Bellevue_150th_SE38th
6858,0.43877,0.103729,0.084198,0.516667,0.1,0.044444,Bellevue_150th_SE38th
6859,0.424109,0.094716,0.081181,0.612778,0.0,0.051111,Bellevue_150th_SE38th
6860,0.517175,0.149703,0.097192,0.631667,0.03,0.105,Bellevue_150th_SE38th
6861,0.552591,0.15899,0.101744,0.638864,0.093561,0.162222,Bellevue_150th_SE38th
6862,0.567902,0.163532,0.10373,0.402088,0.042382,0.097778,Bellevue_150th_SE38th
6863,0.505744,0.13548,0.094409,0.527937,0.056045,0.080648,Bellevue_150th_SE38th
6864,0.558799,0.16708,0.103289,0.568333,0.033095,0.111111,Bellevue_150th_SE38th
6865,0.479504,0.119538,0.090026,0.525555,0.083333,0.155556,Bellevue_150th_SE38th
6866,0.443803,0.100417,0.08425,0.493333,0.066667,0.038889,Bellevue_150th_SE38th
6867,0.497518,0.136878,0.093789,0.771508,0.213849,0.107262,Bellevue_150th_SE38th
6868,0.50378,0.132389,0.093872,0.612333,0.17445,0.122986,Bellevue_150th_SE38th
6869,0.542958,0.163265,0.101295,0.664564,0.079048,0.132354,Bellevue_150th_SE38th
6870,0.422539,0.093495,0.081168,0.316667,0.133333,0.066667,Bellevue_150th_SE38th
6871,0.39815,0.088437,0.076682,0.425,0.05,0.016667,Bellevue_150th_SE38th
6872,0.407896,0.094986,0.079365,0.53455,0.074762,0.09045,Bellevue_150th_SE38th
6873,0.554474,0.160374,0.102058,0.924815,0.003704,0.082778,Bellevue_150th_SE38th
6874,0.478885,0.132698,0.091459,0.758544,0.148605,0.102399,Bellevue_150th_SE38th
6875,0.575188,0.169931,0.105191,0.440403,0.112398,0.028241,Bellevue_150th_SE38th
6876,0.521376,0.158842,0.098658,0.502934,0.180279,0.036033,Bellevue_150th_SE38th
6877,0.534129,0.151833,0.099085,0.553276,0.049132,0.109727,Bellevue_150th_SE38th
6878,0.477946,0.116823,0.089547,0.584325,0.104444,0.058175,Bellevue_150th_SE38th
6879,0.493995,0.126231,0.09222,0.670595,0.005556,0.0575,Bellevue_150th_SE38th
6880,0.458224,0.111229,0.086944,0.487222,0.061111,0.093333,Bellevue_150th_SE38th
6881,0.463318,0.108047,0.0871,0.583333,0.0,0.036111,Bellevue_150th_SE38th
6882,0.431005,0.102823,0.083268,0.670556,0.067778,0.134444,Bellevue_150th_SE38th
6883,0.548829,0.161828,0.101707,0.639444,0.09,0.098333,Bellevue_150th_SE38th
6884,0.546389,0.155119,0.100696,0.718175,0.171667,0.176667,Bellevue_150th_SE38th
6885,0.50889,0.134989,0.094672,0.472645,0.088492,0.063783,Bellevue_150th_SE38th
6886,0.476961,0.119919,0.089796,0.623519,0.09537,0.153333,Bellevue_150th_SE38th
6887,0.571951,0.164258,0.104219,0.676479,0.165824,0.139735,Bellevue_150th_SE38th
6888,0.497175,0.13493,0.093558,0.668651,0.152698,0.14873,Bellevue_150th_SE38th
6889,0.522808,0.147089,0.097461,0.490714,0.023333,0.107302,Bellevue_150th_SE38th
6890,0.510609,0.132357,0.094549,0.263889,0.1,0.033333,Bellevue_150th_SE38th
6891,0.408053,0.088512,0.078013,0.471111,0.066667,0.086111,Bellevue_150th_SE38th
6892,0.524979,0.150444,0.098087,0.567778,0.088889,0.106111,Bellevue_150th_SE38th
6893,0.458956,0.108117,0.086658,0.516667,0.161111,0.097222,Bellevue_150th_SE38th
6894,0.468347,0.114963,0.088369,0.53746,0.129762,0.126984,Bellevue_150th_SE38th
6895,0.49937,0.133094,0.093513,0.500635,0.162302,0.0,Bellevue_150th_SE38th
6896,0.500302,0.140585,0.094477,0.53544,0.075808,0.113336,Bellevue_150th_SE38th
6897,0.567814,0.171757,0.104668,0.464048,0.018254,0.301116,Bellevue_150th_SE38th
6898,0.51159,0.155153,0.097265,0.679643,0.027778,0.223214,Bellevue_150th_SE38th
6899,0.529959,0.152213,0.098755,0.708333,0.026111,0.030556,Bellevue_150th_SE38th
6900,0.442588,0.10932,0.085215,0.619802,0.094563,0.064206,Bellevue_150th_SE38th
6901,0.527028,0.153455,0.098618,0.635873,0.103889,0.195397,Bellevue_150th_SE38th
6902,0.467023,0.113359,0.088051,0.59,0.072222,0.156667,Bellevue_150th_SE38th
6903,0.429198,0.097038,0.082449,0.416667,0.188889,0.036111,Bellevue_150th_SE38th
6904,0.495119,0.131405,0.092884,0.627222,0.127222,0.101111,Bellevue_150th_SE38th
6905,0.455385,0.105112,0.085985,0.519444,0.108333,0.055556,Bellevue_150th_SE38th
6906,0.527542,0.14344,0.097479,0.585339,0.100663,0.23594,Bellevue_150th_SE38th
6907,0.573959,0.170716,0.105158,0.615538,0.141205,0.05504,Bellevue_150th_SE38th
6908,0.486231,0.12964,0.09185,0.565794,0.075317,0.056111,Bellevue_150th_SE38th
6909,0.455118,0.112874,0.086845,0.632222,0.056667,0.103889,Bellevue_150th_SE38th
6910,0.516009,0.144036,0.096433,0.656667,0.096667,0.122778,Bellevue_150th_SE38th
6911,0.466123,0.104722,0.086996,0.495397,0.160635,0.058651,Bellevue_150th_SE38th
6912,0.537299,0.152305,0.099446,0.471667,0.133664,0.064921,Bellevue_150th_SE38th
6913,0.520845,0.14299,0.096782,0.532937,0.016204,0.14578,Bellevue_150th_SE38th
6914,0.404895,0.08527,0.077076,0.414127,0.018651,0.12,Bellevue_150th_SE38th
6915,0.527623,0.133086,0.096292,0.727143,0.166587,0.125476,Bellevue_150th_SE38th
6916,0.4234,0.097263,0.081781,0.615873,0.198492,0.091667,Bellevue_150th_SE38th
6917,0.49051,0.124622,0.091682,0.613889,0.061111,0.136111,Bellevue_150th_SE38th
6918,0.52026,0.131756,0.095418,0.705622,0.159365,0.015595,Bellevue_150th_SE38th
6919,0.576866,0.180977,0.106615,0.568587,0.128685,0.065702,Bellevue_150th_SE38th
6920,0.5509,0.173093,0.103158,0.566111,0.142936,0.043003,Bellevue_150th_SE38th
6921,0.478525,0.130241,0.091164,0.497143,0.110198,0.083373,Bellevue_150th_SE38th
6922,0.546569,0.159034,0.101149,0.390238,0.076429,0.075556,Bellevue_150th_SE38th
6923,0.467819,0.11705,0.088572,0.574365,0.068651,0.175,Bellevue_150th_SE38th
6924,0.523953,0.147828,0.097648,0.695185,0.052518,0.13433,Bellevue_150th_SE38th
6925,0.46334,0.11609,0.088035,0.665606,0.050635,0.078889,Bellevue_150th_SE38th
6926,0.541549,0.158604,0.100619,0.635318,0.12873,0.072738,Bellevue_150th_SE38th
6927,0.504137,0.132952,0.093991,0.525,0.0,0.030556,Bellevue_150th_SE38th
6928,0.299458,0.040023,0.044441,0.611667,0.033333,0.197222,Bellevue_150th_SE38th
6929,0.327033,0.041868,0.049697,0.305556,0.083333,0.083333,Bellevue_150th_SE38th
6930,0.417881,0.089017,0.079532,0.497222,0.033333,0.127778,Bellevue_150th_SE38th
6931,0.49998,0.134301,0.093735,0.4,0.0,0.0,Bellevue_150th_SE38th
6932,0.31034,0.045381,0.048715,0.659722,0.110079,0.153254,Bellevue_150th_SE38th
6933,0.566451,0.166163,0.103916,0.665079,0.104762,0.08373,Bellevue_150th_SE38th
6934,0.490796,0.123005,0.091509,0.681534,0.05791,0.078373,Bellevue_150th_SE38th
6935,0.463573,0.115592,0.087986,0.599255,0.096827,0.059919,Bellevue_150th_SE38th
6936,0.578785,0.17738,0.106365,0.5625,0.054541,0.118018,Bellevue_150th_SE38th
6937,0.552932,0.164023,0.102314,0.883426,0.086111,0.075,Bellevue_150th_SE38th
6938,0.488713,0.134424,0.092662,0.715029,0.237553,0.147175,Bellevue_150th_SE38th
6939,0.548607,0.15585,0.100984,0.885648,0.219722,0.339167,Bellevue_150th_SE38th
6940,0.419263,0.099935,0.081563,0.536111,0.041667,0.141667,Bellevue_150th_SE38th
6941,0.453497,0.10644,0.08593,0.698188,0.015,0.120397,Bellevue_150th_SE38th
6942,0.537765,0.15065,0.099343,0.635675,0.054484,0.100833,Bellevue_150th_SE38th
6943,0.475519,0.1195,0.089609,0.645555,0.075079,0.062698,Bellevue_150th_SE38th
6944,0.579776,0.177896,0.10654,0.525569,0.139246,0.129762,Bellevue_150th_SE38th
6945,0.545815,0.159951,0.101168,0.643889,0.14,0.178889,Bellevue_150th_SE38th
6946,0.498286,0.127474,0.092784,0.488889,0.111111,0.15,Bellevue_150th_SE38th
6947,0.486223,0.120176,0.090735,0.527778,0.133333,0.05,Bellevue_150th_SE38th
6948,0.421319,0.100966,0.082035,0.372222,0.008333,0.161111,Bellevue_150th_SE38th
6949,0.462969,0.113875,0.087697,0.573095,0.119167,0.225714,Bellevue_150th_SE38th
6950,0.522578,0.138717,0.096438,0.318611,0.011111,0.048611,Bellevue_150th_SE38th
6951,0.428706,0.094309,0.081722,0.55,0.028333,0.086667,Bellevue_150th_SE38th
6952,0.50512,0.141993,0.095179,0.584643,0.041667,0.026111,Bellevue_150th_SE38th
6953,0.542277,0.170043,0.10198,0.534529,0.056442,0.065661,Bellevue_150th_SE38th
6954,0.563369,0.170936,0.104113,0.798016,0.063333,0.101984,Bellevue_150th_SE38th
6955,0.545391,0.160721,0.101207,0.47504,0.065833,0.036005,Bellevue_150th_SE38th
6956,0.481058,0.120849,0.090309,0.651627,0.131984,0.033889,Bellevue_150th_SE38th
6957,0.516211,0.146044,0.09669,0.599841,0.066667,0.071984,Bellevue_150th_SE38th
6958,0.540995,0.154592,0.100093,0.788413,0.115397,0.053413,Bellevue_150th_SE38th
6959,0.471792,0.11838,0.089105,0.645461,0.025556,0.046786,Bellevue_150th_SE38th
6960,0.524343,0.146558,0.097543,0.520304,0.023743,0.087421,Bellevue_150th_SE38th
6961,0.550657,0.157033,0.101301,0.588995,0.28291,0.057778,Bellevue_150th_SE38th
6962,0.457624,0.111825,0.086964,0.856071,0.155556,0.259444,Bellevue_150th_SE38th
6963,0.553238,0.150283,0.100856,0.509365,0.065132,0.107857,Bellevue_150th_SE38th
6964,0.531745,0.146904,0.098299,0.394444,0.066667,0.094444,Bellevue_150th_SE38th
6965,0.524743,0.140792,0.09689,0.476204,0.015,0.142593,Bellevue_150th_SE38th
6966,0.525355,0.148058,0.097813,0.881349,0.066667,0.379762,Bellevue_150th_SE38th
6967,0.436762,0.104967,0.08414,0.649444,0.067778,0.101111,Bellevue_150th_SE38th
6968,0.531849,0.149542,0.098631,0.595397,0.056667,0.068889,Bellevue_150th_SE38th
6969,0.487247,0.133791,0.0924,0.53631,0.027778,0.099167,Bellevue_150th_SE38th
6970,0.513606,0.135959,0.095226,0.528571,0.033333,0.099206,Bellevue_150th_SE38th
6971,0.404516,0.08208,0.076107,0.547778,0.0,0.184444,Bellevue_150th_SE38th
6972,0.508292,0.140111,0.095217,0.482222,0.066667,0.038889,Bellevue_150th_SE38th
6973,0.455054,0.109083,0.086397,0.433333,0.0,0.1,Bellevue_150th_SE38th
6974,0.510253,0.133758,0.094661,0.482143,0.079762,0.067619,Bellevue_150th_SE38th
6975,0.459955,0.107984,0.08676,0.473175,0.082857,0.263651,Bellevue_150th_SE38th
6976,0.52283,0.146502,0.097376,0.542471,0.083639,0.099341,Bellevue_150th_SE38th
6977,0.474044,0.116981,0.089194,0.683333,0.094444,0.141667,Bellevue_150th_SE38th
6978,0.455772,0.108562,0.08641,0.595,0.138889,0.131667,Bellevue_150th_SE38th
6979,0.52065,0.146343,0.097164,0.806111,0.391111,0.065,Bellevue_150th_SE38th
6980,0.498051,0.139211,0.0941,0.707897,0.14754,0.158889,Bellevue_150th_SE38th
6981,0.52568,0.149468,0.098024,0.738056,0.114286,0.259444,Bellevue_150th_SE38th
6982,0.539516,0.162027,0.10079,0.599367,0.127011,0.080717,Bellevue_150th_SE38th
6983,0.555554,0.158151,0.101937,0.505384,0.113889,0.071574,Bellevue_150th_SE38th
6984,0.509384,0.134155,0.094635,0.718439,0.160317,0.110833,Bellevue_150th_SE38th
6985,0.487103,0.128279,0.09176,0.682725,0.123201,0.05836,Bellevue_150th_SE38th
6986,0.528452,0.155204,0.098898,0.555873,0.066243,0.03045,Bellevue_150th_SE38th
6987,0.435287,0.104659,0.083958,0.638889,0.133333,0.130556,Bellevue_150th_SE38th
6988,0.441439,0.101701,0.084227,0.2,0.0,0.0,Bellevue_150th_SE38th
6989,0.442024,0.106477,0.084822,0.629788,0.168889,0.08082,Bellevue_150th_SE38th
6990,0.527273,0.148367,0.098044,0.75582,0.031799,0.197791,Bellevue_150th_SE38th
6991,0.443286,0.106322,0.084944,0.591508,0.107778,0.096667,Bellevue_150th_SE38th
6992,0.514402,0.13744,0.095525,0.663095,0.077222,0.115317,Bellevue_150th_SE38th
6993,0.462503,0.116017,0.087923,0.465516,0.090556,0.064722,Bellevue_150th_SE38th
6994,0.516449,0.145481,0.096622,0.553968,0.060873,0.062262,Bellevue_150th_SE38th
6995,0.559588,0.151283,0.101591,0.72,0.111111,0.158333,Bellevue_150th_SE38th
6996,0.438627,0.107589,0.08463,0.71496,0.011111,0.020833,Bellevue_150th_SE38th
6997,0.52827,0.154851,0.098858,0.701667,0.067778,0.027778,Bellevue_150th_SE38th
6998,0.513537,0.1398,0.095691,0.69254,0.020556,0.031746,Bellevue_150th_SE38th
6999,0.501864,0.13699,0.094189,0.665556,0.107778,0.177222,Bellevue_150th_SE38th
7000,0.527509,0.132555,0.096269,0.579683,0.038889,0.113651,Bellevue_150th_SE38th
7001,0.443413,0.098802,0.084085,0.570913,0.05254,0.053333,Bellevue_150th_SE38th
7002,0.584628,0.172143,0.10639,0.697103,0.169206,0.138651,Bellevue_150th_SE38th
7003,0.541146,0.149431,0.099512,0.765159,0.105556,0.086429,Bellevue_150th_SE38th
7004,0.504079,0.142064,0.09506,0.59127,0.052434,0.065966,Bellevue_150th_SE38th
7005,0.514476,0.148033,0.096761,0.653889,0.113889,0.140556,Bellevue_150th_SE38th
7006,0.471013,0.114022,0.088544,0.613968,0.113095,0.097778,Bellevue_150th_SE38th
7007,0.520069,0.148598,0.097355,0.603254,0.203333,0.053373,Bellevue_150th_SE38th
7008,0.496382,0.142611,0.09436,0.486111,0.025,0.088889,Bellevue_150th_SE38th
7009,0.302663,0.043494,0.046881,0.2,0.0,0.0,Bellevue_150th_SE38th
7010,0.398728,0.087294,0.076618,0.066667,0.0,0.0,Bellevue_150th_SE38th
7011,0.29883,0.042863,0.045966,0.4,0.066667,0.033333,Bellevue_150th_SE38th
7012,0.484915,0.130097,0.09174,0.58211,0.094975,0.097024,Bellevue_150th_SE38th
7013,0.424682,0.09446,0.081552,0.387183,0.083413,0.02254,Bellevue_150th_SE38th
7014,0.48899,0.130849,0.092239,0.515079,0.046481,0.146508,Bellevue_150th_SE38th
7015,0.435468,0.099292,0.083369,0.693214,0.176508,0.063611,Bellevue_150th_SE38th
7016,0.454878,0.11171,0.086703,0.603571,0.1,0.147222,Bellevue_150th_SE38th
7017,0.456457,0.113103,0.087008,0.465,0.103333,0.097222,Bellevue_150th_SE38th
7018,0.416732,0.096774,0.080362,0.366667,0.133333,0.0,Bellevue_150th_SE38th
7019,0.420222,0.099948,0.081685,0.690357,0.035556,0.112857,Bellevue_150th_SE38th
7020,0.430136,0.102219,0.083145,0.716984,0.036429,0.114206,Bellevue_150th_SE38th
7021,0.500901,0.135531,0.09399,0.352778,0.0,0.088889,Bellevue_150th_SE38th
7022,0.418139,0.097213,0.081097,0.587778,0.05,0.116667,Bellevue_150th_SE38th
7023,0.490822,0.134257,0.092878,0.266667,0.0,0.033333,Bellevue_150th_SE38th
7024,0.336426,0.056414,0.0575,0.522222,0.016667,0.077778,Bellevue_150th_SE38th
7025,0.457577,0.118329,0.087705,0.479444,0.134762,0.013889,Bellevue_150th_SE38th
7026,0.441186,0.112386,0.085449,0.432222,0.122222,0.083333,Bellevue_150th_SE38th
7027,0.543525,0.159465,0.100927,0.606865,0.209563,0.069087,Bellevue_150th_SE38th
7028,0.463871,0.11829,0.088349,0.476667,0.055556,0.033333,Bellevue_150th_SE38th
7029,0.52425,0.153399,0.09834,0.62706,0.11078,0.097422,Bellevue_150th_SE38th
7030,0.547457,0.161666,0.101531,0.567614,0.114323,0.109259,Bellevue_150th_SE38th
7031,0.457847,0.117641,0.087681,0.594365,0.038889,0.043889,Bellevue_150th_SE38th
7032,0.431686,0.109039,0.084101,0.589881,0.074444,0.102302,Bellevue_150th_SE38th
7033,0.446935,0.106542,0.085322,0.696111,0.163889,0.355556,Bellevue_150th_SE38th
7034,0.403246,0.095384,0.078601,0.583333,0.1,0.15,Bellevue_150th_SE38th
7035,0.547155,0.164547,0.101818,0.388889,0.0,0.033333,Bellevue_150th_SE38th
7036,0.487008,0.145338,0.093692,0.543889,0.055,0.059444,Bellevue_150th_SE38th
7037,0.443045,0.107386,0.085019,0.610556,0.113889,0.024444,Bellevue_150th_SE38th
7038,0.499119,0.136518,0.093921,0.461667,0.06,0.011111,Bellevue_150th_SE38th
7039,0.52325,0.157345,0.098724,0.527222,0.036667,0.166667,Bellevue_150th_SE38th
7040,0.449123,0.106237,0.085524,0.466667,0.105556,0.077778,Bellevue_150th_SE38th
7041,0.500156,0.135689,0.093919,0.52,0.094444,0.055,Bellevue_150th_SE38th
7042,0.539961,0.158698,0.100452,0.668452,0.019762,0.054246,Bellevue_150th_SE38th
7043,0.540103,0.158031,0.10039,0.568452,0.085833,0.05004,Bellevue_150th_SE38th
7044,0.5282,0.156475,0.099078,0.507183,0.086706,0.069444,Bellevue_150th_SE38th
7045,0.420628,0.100422,0.081807,0.388889,0.0,0.0,Bellevue_150th_SE38th
7046,0.389594,0.088322,0.075394,0.377778,0.066667,0.133333,Bellevue_150th_SE38th
7047,0.543778,0.154128,0.100319,0.533333,0.113889,0.102778,Bellevue_150th_SE38th
7048,0.42848,0.097633,0.082175,0.546627,0.032262,0.020833,Bellevue_150th_SE38th
7049,0.443308,0.110328,0.085401,0.668201,0.077778,0.073889,Bellevue_150th_SE38th
7050,0.523015,0.145694,0.097319,0.458333,0.1,0.088889,Bellevue_150th_SE38th
7051,0.43456,0.106262,0.084072,0.575,0.033333,0.083333,Bellevue_150th_SE38th
7052,0.395302,0.087497,0.076115,0.494444,0.0,0.066667,Bellevue_150th_SE38th
7053,0.4364,0.11141,0.084821,0.597698,0.039206,0.125556,Bellevue_150th_SE38th
7054,0.538728,0.159196,0.100407,0.521111,0.030556,0.178889,Bellevue_150th_SE38th
7055,0.536923,0.156099,0.099894,0.64504,0.143651,0.041111,Bellevue_150th_SE38th
7056,0.530969,0.14869,0.098437,0.459722,0.072778,0.103889,Bellevue_150th_SE38th
7057,0.414635,0.090051,0.079447,0.591667,0.072222,0.086111,Bellevue_150th_SE38th
7058,0.528632,0.146199,0.097928,0.394444,0.105556,0.102222,Bellevue_150th_SE38th
7059,0.425108,0.104365,0.082732,0.625,0.111111,0.066667,Bellevue_150th_SE38th
7060,0.525695,0.146874,0.097702,0.611667,0.144444,0.141667,Bellevue_150th_SE38th
7061,0.433049,0.108065,0.083796,0.547222,0.052778,0.033333,Bellevue_150th_SE38th
7062,0.517825,0.152482,0.097613,0.729444,0.086111,0.148333,Bellevue_150th_SE38th
7063,0.441228,0.115254,0.085777,0.521944,0.055,0.061111,Bellevue_150th_SE38th
7064,0.469543,0.113887,0.08839,0.597143,0.038889,0.086111,Bellevue_150th_SE38th
7065,0.448305,0.106312,0.085421,0.483333,0.033333,0.083333,Bellevue_150th_SE38th
7066,0.492323,0.126368,0.092047,0.571111,0.022222,0.052778,Bellevue_150th_SE38th
7067,0.511328,0.144304,0.095977,0.647698,0.099762,0.037222,Bellevue_150th_SE38th
7068,0.48611,0.12691,0.091497,0.604722,0.077778,0.173611,Bellevue_150th_SE38th
7069,0.461893,0.109321,0.087097,0.616667,0.066667,0.083333,Bellevue_150th_SE38th
7070,0.408042,0.091523,0.078803,0.817222,0.19,0.131667,Bellevue_150th_SE38th
7071,0.424008,0.09465,0.081424,0.655556,0.077778,0.144444,Bellevue_150th_SE38th
7072,0.403349,0.090665,0.077035,0.3,0.0,0.0,Bellevue_150th_SE38th
7073,0.400269,0.086023,0.076435,0.461111,0.05,0.111111,Bellevue_150th_SE38th
7074,0.431296,0.097858,0.082797,0.506111,0.016667,0.026111,Bellevue_150th_SE38th
7075,0.513568,0.138342,0.095544,0.616111,0.102222,0.162222,Bellevue_150th_SE38th
7076,0.415712,0.089851,0.079468,0.442222,0.033333,0.083333,Bellevue_150th_SE38th
7077,0.398405,0.082786,0.075605,0.62119,0.201429,0.016667,Bellevue_150th_SE38th
7078,0.466814,0.113406,0.088056,0.668254,0.055317,0.121984,Bellevue_150th_SE38th
7079,0.474915,0.117526,0.089329,0.556944,0.111111,0.15,Bellevue_150th_SE38th
7080,0.463913,0.110914,0.087483,0.791667,0.05,0.016667,Bellevue_150th_SE38th
7081,0.507382,0.133313,0.094334,0.694775,0.180833,0.07877,Bellevue_150th_SE38th
7082,0.532536,0.148536,0.098598,0.503413,0.120635,0.076984,Bellevue_150th_SE38th
7083,0.571358,0.176695,0.105573,0.688227,0.207989,0.077989,Bellevue_150th_SE38th
7084,0.49322,0.149325,0.094795,0.58798,0.119922,0.086089,Bellevue_150th_SE38th
7085,0.540847,0.167701,0.101536,0.694392,0.187672,0.155661,Bellevue_150th_SE38th
7086,0.473606,0.118971,0.089366,0.697619,0.078889,0.052778,Bellevue_150th_SE38th
7087,0.489784,0.126629,0.091845,0.5,0.033333,0.033333,Bellevue_150th_SE38th
7088,0.311256,0.041261,0.046602,0.49381,0.063889,0.147222,Bellevue_150th_SE38th
7089,0.418459,0.086072,0.079016,0.4,0.0,0.0,Bellevue_150th_SE38th
7090,0.304417,0.04263,0.046555,0.35,0.033333,0.0,Bellevue_150th_SE38th
7091,0.378388,0.078619,0.071122,0.533333,0.083333,0.05,Bellevue_150th_SE38th
7092,0.295469,0.03912,0.043448,0.55,0.152778,0.080556,Bellevue_150th_SE38th
7093,0.454643,0.107351,0.086178,0.533333,0.0,0.144444,Bellevue_150th_SE38th
7094,0.470979,0.123635,0.089656,0.616111,0.041667,0.08,Bellevue_150th_SE38th
7095,0.49403,0.119804,0.091448,0.477778,0.05,0.0,Bellevue_150th_SE38th
7096,0.296425,0.038352,0.043204,0.394444,0.133333,0.1,Bellevue_150th_SE38th
7097,0.397382,0.084311,0.075752,0.372222,0.0,0.044444,Bellevue_150th_SE38th
7098,0.440678,0.109357,0.085,0.525,0.061111,0.055556,Bellevue_150th_SE38th
7099,0.489103,0.11577,0.090529,0.521958,0.083889,0.142355,Bellevue_150th_SE38th
7100,0.544235,0.151724,0.100077,0.742791,0.220741,0.081786,Bellevue_150th_SE38th
7101,0.53738,0.147752,0.099009,0.674325,0.175635,0.025317,Bellevue_150th_SE38th
7102,0.512148,0.152166,0.096913,0.556905,0.094444,0.033333,Bellevue_150th_SE38th
7103,0.416846,0.094877,0.08055,0.599151,0.121178,0.015079,Bellevue_150th_SE38th
7104,0.492693,0.130941,0.09263,0.694444,0.194444,0.202778,Bellevue_150th_SE38th
7105,0.412813,0.09473,0.079952,0.477778,0.144444,0.044444,Bellevue_150th_SE38th
7106,0.485885,0.130076,0.091822,0.405556,0.077778,0.058333,Bellevue_150th_SE38th
7107,0.308195,0.042127,0.046811,0.556905,0.049206,0.160556,Bellevue_150th_SE38th
7108,0.438411,0.104378,0.084242,0.490556,0.065,0.033333,Bellevue_150th_SE38th
7109,0.457287,0.111837,0.086948,0.311111,0.033333,0.0,Bellevue_150th_SE38th
7110,0.302518,0.041028,0.045399,0.471667,0.15,0.066111,Bellevue_150th_SE38th
7111,0.438033,0.100518,0.083755,0.445,0.033333,0.1,Bellevue_150th_SE38th
7112,0.302225,0.040366,0.045008,0.4,0.033333,0.05,Bellevue_150th_SE38th
7113,0.485743,0.127925,0.091563,0.755913,0.054206,0.008333,Bellevue_150th_SE38th
7114,0.457774,0.106513,0.086385,0.606508,0.048651,0.041667,Bellevue_150th_SE38th
7115,0.50287,0.130713,0.093607,0.358889,0.016667,0.084444,Bellevue_150th_SE38th
7116,0.295338,0.03812,0.042929,0.233333,0.0,0.0,Bellevue_150th_SE38th
7117,0.355342,0.065223,0.063331,0.629127,0.163889,0.053175,Bellevue_150th_SE38th
7118,0.418126,0.097267,0.080797,0.615556,0.038889,0.072222,Bellevue_150th_SE38th
7119,0.313157,0.043004,0.048144,0.266667,0.033333,0.0,Bellevue_150th_SE38th
7120,0.410785,0.093354,0.079498,0.643333,0.166667,0.017778,Bellevue_150th_SE38th
7121,0.491779,0.125747,0.091924,0.621111,0.066667,0.155556,Bellevue_150th_SE38th
7122,0.469341,0.118374,0.088913,0.238889,0.0,0.033333,Bellevue_150th_SE38th
7123,0.302753,0.040755,0.045305,0.233333,0.0,0.0,Bellevue_150th_SE38th
7124,0.303412,0.041476,0.045878,0.5,0.011111,0.083333,Bellevue_150th_SE38th
7125,0.433155,0.107768,0.084103,0.455556,0.111111,0.083333,Bellevue_150th_SE38th
7126,0.448737,0.109948,0.085869,0.602778,0.144444,0.116667,Bellevue_150th_SE38th
7127,0.416789,0.096451,0.080692,0.531667,0.094444,0.131667,Bellevue_150th_SE38th
7128,0.464292,0.115957,0.088107,0.611111,0.094444,0.108333,Bellevue_150th_SE38th
7129,0.479911,0.118366,0.089903,0.556918,0.072222,0.036481,Bellevue_150th_SE38th
7130,0.536267,0.151146,0.099255,0.635728,0.058188,0.023611,Bellevue_150th_SE38th
7131,0.443693,0.110074,0.0854,0.469444,0.033333,0.05,Bellevue_150th_SE38th
7132,0.299319,0.039354,0.044155,0.266667,0.083333,0.0,Bellevue_150th_SE38th
7133,0.432973,0.106629,0.083951,0.533333,0.083333,0.0,Bellevue_150th_SE38th
7134,0.324868,0.052036,0.053912,0.650833,0.044444,0.063611,Bellevue_150th_SE38th
7135,0.519807,0.141697,0.096503,0.686349,0.113889,0.088095,Bellevue_150th_SE38th
7136,0.443295,0.09849,0.084041,0.544444,0.091667,0.083333,Bellevue_150th_SE38th
7137,0.421939,0.092168,0.080827,0.680079,0.099603,0.061429,Bellevue_150th_SE38th
7138,0.483594,0.120512,0.09054,0.728585,0.016667,0.013426,Bellevue_150th_SE38th
7139,0.474066,0.125606,0.090189,0.555556,0.033333,0.111111,Bellevue_150th_SE38th
7140,0.456901,0.101941,0.085753,0.591825,0.145317,0.016667,Bellevue_150th_SE38th
7141,0.415892,0.098186,0.080747,0.558889,0.077778,0.063333,Bellevue_150th_SE38th
7142,0.398963,0.080577,0.075004,0.461111,0.125,0.094444,Bellevue_150th_SE38th
7143,0.444693,0.10439,0.08485,0.648333,0.127778,0.037222,Bellevue_150th_SE38th
7144,0.367693,0.068587,0.066828,0.266667,0.0,0.0,Bellevue_150th_SE38th
7145,0.310848,0.045488,0.048491,0.519444,0.047222,0.083333,Bellevue_150th_SE38th
7146,0.456747,0.109954,0.08666,0.233333,0.038889,0.111111,Bellevue_150th_SE38th
7147,0.530262,0.149803,0.09849,0.333333,0.05,0.233333,Bellevue_150th_SE38th
7148,0.438356,0.109777,0.08485,0.280556,0.019444,0.186111,Bellevue_150th_SE38th
7149,0.449762,0.115103,0.086567,0.46,0.088889,0.0,Bellevue_150th_SE38th
7150,0.297189,0.039254,0.043796,0.033333,0.0,0.0,Bellevue_150th_SE38th
7151,0.295347,0.039178,0.04349,0.38,0.023333,0.051389,Bellevue_150th_SE38th
7152,0.51835,0.14407,0.096645,0.305556,0.044444,0.011111,Bellevue_150th_SE38th
7153,0.31875,0.046623,0.050373,0.433333,0.033333,0.15,Bellevue_150th_SE38th
7154,0.402309,0.08752,0.077016,0.658333,0.030556,0.122222,Bellevue_150th_SE38th
7155,0.469525,0.116229,0.088685,0.472222,0.033333,0.0,Bellevue_150th_SE38th
7156,0.378533,0.078784,0.071176,0.383333,0.033333,0.083333,Bellevue_150th_SE38th
7157,0.427141,0.100567,0.081895,0.5,0.0,0.0,Bellevue_150th_SE38th
7158,0.297136,0.040089,0.04419,0.5,0.0,0.0,Bellevue_150th_SE38th
7159,0.297692,0.038604,0.043442,0.490556,0.04,0.133333,Bellevue_150th_SE38th
7160,0.421929,0.093999,0.081143,0.266667,0.0,0.0,Bellevue_150th_SE38th
7161,0.301579,0.041786,0.045721,0.4,0.0,0.0,Bellevue_150th_SE38th
7162,0.29762,0.039988,0.04424,0.333333,0.0,0.0,Bellevue_150th_SE38th
7163,0.395596,0.084777,0.07539,0.555556,0.061111,0.011111,Bellevue_150th_SE38th
7164,0.461401,0.110042,0.087127,0.588889,0.166667,0.097222,Bellevue_150th_SE38th
7165,0.520985,0.136033,0.095991,0.628889,0.206667,0.197778,Bellevue_150th_SE38th
7166,0.46712,0.115793,0.088358,0.258333,0.033333,0.0,Bellevue_150th_SE38th
7167,0.297517,0.039675,0.044053,0.5,0.0,0.0,Bellevue_150th_SE38th
7168,0.296216,0.03974,0.043966,0.477778,0.066667,0.033333,Bellevue_150th_SE38th
7169,0.404966,0.092126,0.078408,0.46,0.066667,0.023333,Bellevue_150th_SE38th
7170,0.30333,0.043405,0.046807,0.375,0.0,0.033333,Bellevue_150th_SE38th
7171,0.411929,0.095362,0.079976,0.466667,0.133333,0.033333,Bellevue_150th_SE38th
7172,0.418395,0.095769,0.080922,0.3,0.044444,0.0,Bellevue_150th_SE38th
7173,0.301396,0.040485,0.045022,0.266667,0.0,0.0,Bellevue_150th_SE38th
7174,0.425955,0.097449,0.081953,0.703016,0.038889,0.019444,Bellevue_150th_SE38th
7175,0.503488,0.129326,0.093521,0.7025,0.011111,0.036111,Bellevue_150th_SE38th
7176,0.354815,0.062473,0.061446,0.466667,0.0,0.0,Bellevue_150th_SE38th
7177,0.29849,0.039887,0.044313,0.233333,0.0,0.0,Bellevue_150th_SE38th
7178,0.292538,0.039271,0.043233,0.45,0.066667,0.066667,Bellevue_150th_SE38th
7179,0.323887,0.046352,0.051515,0.266667,0.0,0.0,Bellevue_150th_SE38th
7180,0.414264,0.092275,0.079652,0.322222,0.016667,0.066667,Bellevue_150th_SE38th
7181,0.494741,0.130119,0.092711,0.45,0.033333,0.05,Bellevue_150th_SE38th
7182,0.420652,0.093863,0.080962,0.366667,0.0,0.0,Bellevue_150th_SE38th
7183,0.297693,0.039196,0.043869,0.533333,0.0,0.0,Bellevue_150th_SE38th
7184,0.300096,0.040829,0.044987,0.383333,0.1,0.033333,Bellevue_150th_SE38th
7185,0.410049,0.086933,0.078172,0.1,0.0,0.0,Bellevue_150th_SE38th
7186,0.30018,0.042697,0.046096,0.572222,0.105556,0.016667,Bellevue_150th_SE38th
7187,0.482018,0.128245,0.091252,0.776664,0.104061,0.21844,Bellevue_150th_SE38th
7188,0.54943,0.161303,0.101717,0.511676,0.056258,0.071944,Bellevue_150th_SE38th
7189,0.497019,0.13225,0.093237,0.50381,0.078889,0.176111,Bellevue_150th_SE38th
7190,0.419143,0.093244,0.080563,0.54246,0.090317,0.133095,Bellevue_150th_SE38th
7191,0.458212,0.110302,0.086887,0.630053,0.119114,0.066455,Bellevue_150th_SE38th
7192,0.489492,0.128336,0.092018,0.561349,0.011111,0.091667,Bellevue_150th_SE38th
7193,0.398306,0.08376,0.075821,0.233333,0.0,0.0,Bellevue_150th_SE38th
7194,0.303736,0.040012,0.044956,0.433333,0.0,0.0,Bellevue_150th_SE38th
7195,0.392967,0.080327,0.073974,0.388889,0.0,0.072222,Bellevue_150th_SE38th
7196,0.516841,0.137966,0.095817,0.288889,0.011111,0.041667,Bellevue_150th_SE38th
7197,0.421741,0.101668,0.082004,0.465847,0.076111,0.039259,Bellevue_150th_SE38th
7198,0.429812,0.095303,0.082137,0.355556,0.05,0.05,Bellevue_150th_SE38th
7199,0.38921,0.081198,0.07282,0.413889,0.011111,0.1,Bellevue_150th_SE38th
7200,0.427432,0.100388,0.082668,0.391667,0.0,0.041667,Bellevue_150th_SE38th
7201,0.402434,0.089392,0.077549,0.4,0.0,0.0,Bellevue_150th_SE38th
7202,0.468367,0.120005,0.088972,0.75631,0.173333,0.027778,Bellevue_150th_SE38th
7203,0.422251,0.100019,0.081935,0.662751,0.016667,0.077037,Bellevue_150th_SE38th
7204,0.424099,0.100163,0.081708,0.277778,0.077778,0.072222,Bellevue_150th_SE38th
7205,0.463847,0.116643,0.08811,0.603333,0.126111,0.148333,Bellevue_150th_SE38th
7206,0.408012,0.088921,0.078195,0.433333,0.0,0.0,Bellevue_150th_SE38th
7207,0.451864,0.11571,0.086857,0.533333,0.0,0.0,Bellevue_150th_SE38th
7208,0.304869,0.039311,0.044742,0.2,0.0,0.0,Bellevue_150th_SE38th
7209,0.474975,0.127925,0.090505,0.773889,0.025,0.05,Bellevue_150th_SE38th
7210,0.537587,0.147617,0.098968,0.691349,0.094444,0.161429,Bellevue_150th_SE38th
7211,0.474109,0.109903,0.0884,0.618016,0.008333,0.005556,Bellevue_150th_SE38th
7212,0.470034,0.12846,0.090123,0.582222,0.1,0.05,Bellevue_150th_SE38th
7213,0.415185,0.092811,0.079943,0.433333,0.066667,0.0,Bellevue_150th_SE38th
7214,0.405736,0.090566,0.078283,0.216667,0.033333,0.0,Bellevue_150th_SE38th
7215,0.319598,0.051804,0.052933,0.416667,0.077778,0.033333,Bellevue_150th_SE38th
7216,0.299665,0.039647,0.044292,0.166667,0.0,0.0,Bellevue_150th_SE38th
7217,0.298158,0.040678,0.044692,0.3,0.0,0.0,Bellevue_150th_SE38th
7218,0.298863,0.039028,0.043842,0.466667,0.0,0.0,Bellevue_150th_SE38th
7219,0.293626,0.039089,0.043228,0.5,0.0,0.0,Bellevue_150th_SE38th
7220,0.297108,0.039407,0.043838,0.483333,0.027778,0.166667,Bellevue_150th_SE38th
7221,0.566864,0.146949,0.101796,0.582222,0.05,0.094444,Bellevue_150th_SE38th
7222,0.361272,0.063562,0.064334,0.352778,0.033333,0.077778,Bellevue_150th_SE38th
7223,0.425074,0.098824,0.082027,0.533333,0.094444,0.155556,Bellevue_150th_SE38th
7224,0.402244,0.086938,0.076993,0.333333,0.0,0.0,Bellevue_150th_SE38th
7225,0.393709,0.086642,0.075692,0.366667,0.0,0.0,Bellevue_150th_SE38th
7226,0.483106,0.121062,0.09052,0.570238,0.133333,0.061111,Bellevue_150th_SE38th
7227,0.305383,0.039508,0.045019,0.316667,0.075,0.0,Bellevue_150th_SE38th
7228,0.393382,0.08413,0.075097,0.542222,0.084444,0.113333,Bellevue_150th_SE38th
7229,0.512301,0.142133,0.095841,0.45,0.047222,0.077778,Bellevue_150th_SE38th
7230,0.418289,0.085685,0.0783,0.266667,0.0,0.0,Bellevue_150th_SE38th
7231,0.29604,0.038439,0.043192,0.475,0.027778,0.0,Bellevue_150th_SE38th
7232,0.442817,0.10226,0.084421,0.327778,0.0,0.011111,Bellevue_150th_SE38th
7233,0.393438,0.083508,0.074941,0.391667,0.033333,0.116667,Bellevue_150th_SE38th
7234,0.433735,0.090876,0.082075,0.316667,0.0,0.116667,Bellevue_150th_SE38th
7235,0.484685,0.127781,0.091482,0.736865,0.205556,0.129167,Bellevue_150th_SE38th
7236,0.474916,0.116311,0.089178,0.718214,0.045833,0.061508,Bellevue_150th_SE38th
7237,0.42314,0.09065,0.080734,0.777183,0.0,0.019444,Bellevue_150th_SE38th
7238,0.428762,0.101894,0.082749,0.344444,0.022222,0.122222,Bellevue_150th_SE38th
7239,0.300688,0.037129,0.042928,0.433333,0.0,0.0,Bellevue_150th_SE38th
7240,0.295841,0.037853,0.042732,0.433333,0.011111,0.0,Bellevue_150th_SE38th
7241,0.403429,0.092928,0.078322,0.631587,0.189722,0.104722,Bellevue_150th_SE38th
7242,0.472023,0.114275,0.088667,0.493333,0.058333,0.108333,Bellevue_150th_SE38th
7243,0.377534,0.066442,0.067258,0.523333,0.097778,0.083333,Bellevue_150th_SE38th
7244,0.514057,0.138169,0.095519,0.656825,0.1125,0.073056,Bellevue_150th_SE38th
7245,0.466683,0.115024,0.088251,0.675556,0.088889,0.135317,Bellevue_150th_SE38th
7246,0.443872,0.098628,0.084007,0.576349,0.138889,0.088889,Bellevue_150th_SE38th
7247,0.4297,0.09814,0.08259,0.355556,0.0,0.033333,Bellevue_150th_SE38th
7248,0.394055,0.082761,0.074944,0.333333,0.0,0.011111,Bellevue_150th_SE38th
7249,0.302214,0.041006,0.045428,0.166667,0.0,0.0,Bellevue_150th_SE38th
7250,0.398599,0.087329,0.076569,0.609444,0.03,0.069444,Bellevue_150th_SE38th
7251,0.542042,0.146018,0.099254,0.625688,0.015,0.092857,Bellevue_150th_SE38th
7252,0.500031,0.136588,0.094033,0.783571,0.016984,0.104206,Bellevue_150th_SE38th
7253,0.497813,0.14069,0.094238,0.710079,0.152937,0.028333,Bellevue_150th_SE38th
7254,0.561115,0.163123,0.103047,0.692024,0.173214,0.056429,Bellevue_150th_SE38th
7255,0.473919,0.128277,0.09045,0.724127,0.051111,0.132672,Bellevue_150th_SE38th
7256,0.454256,0.104264,0.085793,0.693333,0.063889,0.111111,Bellevue_150th_SE38th
7257,0.509183,0.140628,0.095355,0.5,0.0,0.116667,Bellevue_150th_SE38th
7258,0.411259,0.091907,0.079329,0.508333,0.083333,0.016667,Bellevue_150th_SE38th
7259,0.475876,0.122746,0.090029,0.572302,0.062222,0.186111,Bellevue_150th_SE38th
7260,0.500932,0.128798,0.093191,0.866667,0.516667,0.1,Bellevue_150th_SE38th
7261,0.406527,0.100337,0.079529,1.0,0.777778,0.033333,Bellevue_150th_SE38th
7262,0.316194,0.059145,0.055042,0.671071,0.224722,0.044167,Bellevue_150th_SE38th
7263,0.449442,0.103702,0.085244,0.562778,0.119444,0.101111,Bellevue_150th_SE38th
7264,0.405337,0.091654,0.078291,0.35,0.0,0.083333,Bellevue_150th_SE38th
7265,0.443517,0.109415,0.085296,0.538889,0.066667,0.066667,Bellevue_150th_SE38th
7266,0.333,0.047738,0.054015,0.266667,0.0,0.0,Bellevue_150th_SE38th
7267,0.298222,0.040992,0.04488,0.1,0.0,0.0,Bellevue_150th_SE38th
7268,0.366973,0.071511,0.067391,0.133333,0.0,0.0,Bellevue_150th_SE38th
7269,0.457451,0.117981,0.087321,0.446111,0.033333,0.033333,Bellevue_150th_SE38th
7270,0.401361,0.088183,0.077174,0.516667,0.044444,0.066667,Bellevue_150th_SE38th
7271,0.396941,0.086341,0.076032,0.333333,0.0,0.0,Bellevue_150th_SE38th
7272,0.293593,0.039865,0.043679,0.433333,0.066667,0.133333,Bellevue_150th_SE38th
7273,0.423759,0.097236,0.081768,0.75,0.105556,0.097222,Bellevue_150th_SE38th
7274,0.475852,0.125791,0.090378,0.513889,0.094444,0.086111,Bellevue_150th_SE38th
7275,0.525919,0.149543,0.097988,0.972222,0.066667,0.0,Bellevue_150th_SE38th
7276,0.479405,0.117008,0.089701,0.768611,0.051111,0.031667,Bellevue_150th_SE38th
7277,0.398711,0.084621,0.076056,0.735344,0.12037,0.029299,Bellevue_150th_SE38th
7278,0.465954,0.122378,0.089015,0.605847,0.0,0.035714,Bellevue_150th_SE38th
7279,0.429549,0.102313,0.082773,0.312698,0.097222,0.040873,Bellevue_150th_SE38th
7280,0.47309,0.113096,0.088643,0.31,0.0,0.073333,Bellevue_150th_SE38th
7281,0.302749,0.040402,0.045093,0.4,0.0,0.0,Bellevue_150th_SE38th
7282,0.297521,0.039934,0.044222,0.233333,0.0,0.0,Bellevue_150th_SE38th
7283,0.299534,0.039363,0.044104,0.452222,0.047222,0.081667,Bellevue_150th_SE38th
7284,0.47776,0.117407,0.089607,0.729167,0.112222,0.057222,Bellevue_150th_SE38th
7285,0.526084,0.145439,0.097598,0.494524,0.054206,0.059444,Bellevue_150th_SE38th
7286,0.443732,0.111227,0.08555,0.48881,0.05,0.062222,Bellevue_150th_SE38th
7287,0.304111,0.040082,0.045325,0.586667,0.033333,0.145556,Bellevue_150th_SE38th
7288,0.512642,0.131537,0.09469,0.241667,0.016667,0.025,Bellevue_150th_SE38th
7289,0.481849,0.125929,0.090986,0.907431,0.2,0.095,Bellevue_150th_SE38th
7290,0.475591,0.128709,0.090718,0.632645,0.095688,0.06791,Bellevue_150th_SE38th
7291,0.506627,0.134394,0.094388,0.616508,0.062037,0.0425,Bellevue_150th_SE38th
7292,0.463193,0.12016,0.088505,0.621111,0.161111,0.122222,Bellevue_150th_SE38th
7293,0.436119,0.101557,0.083683,0.61,0.09,0.061111,Bellevue_150th_SE38th
7294,0.325951,0.04646,0.051829,0.333333,0.077778,0.0,Bellevue_150th_SE38th
7295,0.41526,0.097327,0.080632,0.438889,0.016667,0.161111,Bellevue_150th_SE38th
7296,0.393626,0.083277,0.074928,0.166667,0.0,0.0,Bellevue_150th_SE38th
7297,0.297116,0.038607,0.043408,0.233333,0.0,0.0,Bellevue_150th_SE38th
7298,0.297578,0.040728,0.04465,0.572222,0.166667,0.0,Bellevue_150th_SE38th
7299,0.412171,0.093761,0.079216,0.533333,0.116667,0.061111,Bellevue_150th_SE38th
7300,0.412349,0.083902,0.077823,0.488889,0.113889,0.069444,Bellevue_150th_SE38th
7301,0.424272,0.098188,0.081661,0.372222,0.05,0.116667,Bellevue_150th_SE38th
7302,0.300821,0.039911,0.045006,0.166667,0.0,0.0,Bellevue_150th_SE38th
7303,0.295207,0.039434,0.043606,0.391667,0.033333,0.033333,Bellevue_150th_SE38th
7304,0.410597,0.098118,0.080075,0.537778,0.0,0.144444,Bellevue_150th_SE38th
7305,0.398502,0.083936,0.075813,0.455556,0.094444,0.033333,Bellevue_150th_SE38th
7306,0.471192,0.117912,0.089026,0.594444,0.223333,0.033333,Bellevue_150th_SE38th
7307,0.446551,0.110172,0.08568,0.544444,0.066667,0.044444,Bellevue_150th_SE38th
7308,0.416924,0.088063,0.079367,0.595556,0.033333,0.038889,Bellevue_150th_SE38th
7309,0.397839,0.086216,0.076204,0.3,0.0,0.0,Bellevue_150th_SE38th
7310,0.436041,0.109636,0.084601,0.483333,0.033333,0.016667,Bellevue_150th_SE38th
7311,0.291255,0.039079,0.042967,0.366667,0.0,0.0,Bellevue_150th_SE38th
7312,0.362201,0.072289,0.066632,0.2,0.0,0.0,Bellevue_150th_SE38th
7313,0.442828,0.11173,0.085506,0.550556,0.1,0.115,Bellevue_150th_SE38th
7314,0.435755,0.101201,0.083565,0.422222,0.044444,0.0,Bellevue_150th_SE38th
7315,0.41484,0.096144,0.080395,0.566627,0.014484,0.045278,Bellevue_150th_SE38th
7316,0.496808,0.134,0.093383,0.489444,0.016667,0.083333,Bellevue_150th_SE38th
7317,0.383922,0.07884,0.072264,0.397222,0.111111,0.016667,Bellevue_150th_SE38th
7318,0.29436,0.04131,0.044574,0.3,0.0,0.0,Bellevue_150th_SE38th
7319,0.318234,0.04878,0.051534,0.692024,0.1375,0.061667,Bellevue_150th_SE38th
7320,0.439766,0.101957,0.084099,0.625,0.0,0.033333,Bellevue_150th_SE38th
7321,0.436259,0.105006,0.083877,0.233333,0.0,0.0,Bellevue_150th_SE38th
7322,0.445195,0.115516,0.086185,0.333333,0.033333,0.072222,Bellevue_150th_SE38th
7323,0.314415,0.04484,0.049314,0.366667,0.0,0.166667,Bellevue_150th_SE38th
7324,0.421236,0.094795,0.081163,0.466667,0.1,0.066667,Bellevue_150th_SE38th
7325,0.398146,0.078867,0.074539,0.591905,0.0,0.108333,Bellevue_150th_SE38th
7326,0.380045,0.080734,0.072127,0.430556,0.0,0.052778,Bellevue_150th_SE38th
7327,0.39487,0.080393,0.074142,0.333333,0.0,0.0,Bellevue_150th_SE38th
7328,0.298124,0.038276,0.043402,0.533333,0.0,0.0,Bellevue_150th_SE38th
7329,0.299103,0.038548,0.043683,0.233333,0.0,0.0,Bellevue_150th_SE38th
7330,0.310361,0.042012,0.047277,0.4,0.0,0.0,Bellevue_150th_SE38th
7331,0.377065,0.079303,0.071136,0.425,0.012222,0.09,Bellevue_150th_SE38th
7332,0.410347,0.092794,0.079198,0.41,0.033333,0.066667,Bellevue_150th_SE38th
7333,0.459117,0.116877,0.087719,0.677209,0.124444,0.105873,Bellevue_150th_SE38th
7334,0.534704,0.148934,0.098858,0.643466,0.071984,0.050635,Bellevue_150th_SE38th
7335,0.480162,0.121478,0.09031,0.664286,0.095317,0.102619,Bellevue_150th_SE38th
7336,0.482053,0.123053,0.090687,0.482222,0.05,0.138889,Bellevue_150th_SE38th
7337,0.430679,0.09257,0.081872,0.408333,0.044444,0.166667,Bellevue_150th_SE38th
7338,0.488216,0.127289,0.091784,0.355556,0.0,0.0,Bellevue_150th_SE38th
7339,0.298805,0.039021,0.043861,0.533333,0.0,0.0,Bellevue_150th_SE38th
7340,0.299344,0.039136,0.043992,0.348016,0.0,0.088889,Bellevue_150th_SE38th
7341,0.390574,0.075507,0.072351,0.433333,0.0,0.0,Bellevue_150th_SE38th
7342,0.297792,0.040932,0.04481,0.1,0.0,0.0,Bellevue_150th_SE38th
7343,0.298827,0.03759,0.042985,0.433333,0.05,0.0,Bellevue_150th_SE38th
7344,0.376193,0.075631,0.070046,0.575238,0.05,0.04,Bellevue_150th_SE38th
7345,0.39788,0.083285,0.075585,0.675238,0.05,0.041667,Bellevue_150th_SE38th
7346,0.451635,0.116035,0.086865,0.654868,0.011111,0.0,Bellevue_150th_SE38th
7347,0.442775,0.103842,0.084614,0.394444,0.008333,0.038889,Bellevue_150th_SE38th
7348,0.450077,0.108644,0.085845,0.552778,0.1,0.036111,Bellevue_150th_SE38th
7349,0.393226,0.086335,0.075433,0.555,0.102778,0.05,Bellevue_150th_SE38th
7350,0.505799,0.140318,0.094995,0.471111,0.109444,0.086111,Bellevue_150th_SE38th
7351,0.315588,0.04193,0.047876,0.4,0.0,0.0,Bellevue_150th_SE38th
7352,0.406948,0.092026,0.078604,0.786692,0.157514,0.123918,Bellevue_150th_SE38th
7353,0.520361,0.160168,0.098338,0.708439,0.080675,0.080093,Bellevue_150th_SE38th
7354,0.476885,0.124806,0.090416,0.466667,0.0,0.0,Bellevue_150th_SE38th
7355,0.301635,0.041238,0.045503,0.616667,0.1,0.066667,Bellevue_150th_SE38th
7356,0.439453,0.104009,0.0843,0.454444,0.033333,0.015,Bellevue_150th_SE38th
7357,0.491799,0.13183,0.092638,0.738532,0.085635,0.177778,Bellevue_150th_SE38th
7358,0.494658,0.132902,0.093059,0.601746,0.138889,0.046429,Bellevue_150th_SE38th
7359,0.503963,0.140349,0.094857,0.594683,0.032778,0.067063,Bellevue_150th_SE38th
7360,0.506924,0.137709,0.094805,0.3,0.0,0.033333,Bellevue_150th_SE38th
7361,0.386447,0.078586,0.072701,0.606111,0.066667,0.061111,Bellevue_150th_SE38th
7362,0.466089,0.114484,0.088122,0.635675,0.051111,0.078968,Bellevue_150th_SE38th
7363,0.427935,0.096879,0.082193,0.670833,0.017778,0.033333,Bellevue_150th_SE38th
7364,0.484124,0.126291,0.091256,0.654881,0.067024,0.045,Bellevue_150th_SE38th
7365,0.453872,0.109801,0.086365,0.715595,0.076429,0.048333,Bellevue_150th_SE38th
7366,0.496036,0.136163,0.093572,0.610278,0.205556,0.091667,Bellevue_150th_SE38th
7367,0.468569,0.113618,0.088234,0.529444,0.052778,0.119444,Bellevue_150th_SE38th
7368,0.404282,0.083138,0.076582,0.5,0.0,0.0,Bellevue_150th_SE38th
7369,0.408149,0.090995,0.078708,0.403175,0.041667,0.075,Bellevue_150th_SE38th
7370,0.412404,0.091477,0.079348,0.351667,0.027778,0.052778,Bellevue_150th_SE38th
7371,0.414633,0.092918,0.079947,0.95,0.4,0.133333,Bellevue_150th_SE38th
7372,0.424298,0.102262,0.082294,0.707222,0.197222,0.069444,Bellevue_150th_SE38th
7373,0.43124,0.097816,0.082682,0.266667,0.0,0.0,Bellevue_150th_SE38th
7374,0.431414,0.103631,0.083459,0.617778,0.095556,0.087222,Bellevue_150th_SE38th
7375,0.486733,0.124481,0.091301,0.838386,0.113889,0.0625,Bellevue_150th_SE38th
7376,0.466893,0.115468,0.088316,0.562222,0.077778,0.067778,Bellevue_150th_SE38th
7377,0.412599,0.090783,0.079276,0.333333,0.0,0.0,Bellevue_150th_SE38th
7378,0.298485,0.039231,0.043913,0.4,0.0,0.0,Bellevue_150th_SE38th
7379,0.297928,0.038027,0.043168,0.572222,0.15,0.083333,Bellevue_150th_SE38th
7380,0.345332,0.056138,0.059188,0.4,0.0,0.05,Bellevue_150th_SE38th
7381,0.304666,0.038827,0.044347,0.366667,0.0,0.0,Bellevue_150th_SE38th
7382,0.316152,0.047148,0.05038,0.512064,0.15,0.055556,Bellevue_150th_SE38th
7383,0.526603,0.146141,0.097695,0.524444,0.0,0.023333,Bellevue_150th_SE38th
7384,0.438225,0.10693,0.084492,0.551667,0.016667,0.046667,Bellevue_150th_SE38th
7385,0.421927,0.093011,0.080946,0.333333,0.0,0.033333,Bellevue_150th_SE38th
7386,0.317899,0.046251,0.050168,0.735,0.244444,0.041667,Bellevue_150th_SE38th
7387,0.300095,0.038418,0.043606,0.4,0.0,0.0,Bellevue_150th_SE38th
7388,0.297453,0.038394,0.043313,0.333333,0.0,0.0,Bellevue_150th_SE38th
7389,0.389019,0.078987,0.073091,0.233333,0.0,0.016667,Bellevue_150th_SE38th
7390,0.502522,0.138998,0.094515,0.476667,0.165,0.044444,Bellevue_150th_SE38th
7391,0.449149,0.10578,0.085446,0.266667,0.1,0.033333,Bellevue_150th_SE38th
7392,0.472417,0.116427,0.088306,0.433333,0.016667,0.0,Bellevue_150th_SE38th
7393,0.420553,0.097283,0.081393,0.672222,0.094444,0.044444,Bellevue_150th_SE38th
7394,0.405066,0.087596,0.077508,0.433333,0.0,0.0,Bellevue_150th_SE38th
7395,0.300162,0.038457,0.043619,0.374048,0.064286,0.046389,Bellevue_150th_SE38th
7396,0.537565,0.151182,0.09936,0.559921,0.108333,0.092857,Bellevue_150th_SE38th
7397,0.431135,0.096933,0.082568,0.316667,0.033333,0.033333,Bellevue_150th_SE38th
7398,0.304167,0.040616,0.045435,0.522222,0.011111,0.05,Bellevue_150th_SE38th
7399,0.396675,0.085528,0.075899,0.447222,0.016667,0.044444,Bellevue_150th_SE38th
7400,0.45185,0.11026,0.086228,0.3,0.033333,0.0,Bellevue_150th_SE38th
7401,0.398576,0.085798,0.076198,0.338889,0.016667,0.0,Bellevue_150th_SE38th
7402,0.427818,0.100855,0.082706,0.73619,0.040079,0.070556,Bellevue_150th_SE38th
7403,0.522966,0.140976,0.096789,0.652068,0.101444,0.071258,Bellevue_150th_SE38th
7404,0.545113,0.15823,0.100954,0.634074,0.06504,0.097302,Bellevue_150th_SE38th
7405,0.475706,0.125366,0.090331,0.35,0.066667,0.055556,Bellevue_150th_SE38th
7406,0.393278,0.082033,0.074522,0.45,0.0,0.0,Bellevue_150th_SE38th
7407,0.320945,0.047912,0.051412,0.458889,0.016667,0.056667,Bellevue_150th_SE38th
7408,0.540644,0.156066,0.100236,0.766667,0.1,0.166667,Bellevue_150th_SE38th
7409,0.461277,0.102391,0.086174,0.504444,0.033333,0.161111,Bellevue_150th_SE38th
7410,0.418025,0.096941,0.080928,0.583889,0.1,0.056667,Bellevue_150th_SE38th
7411,0.355325,0.062335,0.062798,0.266667,0.0,0.0,Bellevue_150th_SE38th
7412,0.39072,0.084679,0.074586,0.380556,0.111111,0.041667,Bellevue_150th_SE38th
7413,0.435825,0.110574,0.084341,0.386111,0.0,0.0,Bellevue_150th_SE38th
7414,0.493481,0.131727,0.092773,0.266667,0.0,0.033333,Bellevue_150th_SE38th
7415,0.489491,0.124218,0.091579,0.35,0.066667,0.033333,Bellevue_150th_SE38th
7416,0.324557,0.042524,0.05025,0.316667,0.05,0.033333,Bellevue_150th_SE38th
7417,0.439785,0.107458,0.084708,0.422222,0.0,0.027778,Bellevue_150th_SE38th
7418,0.297551,0.039892,0.044218,0.35,0.033333,0.016667,Bellevue_150th_SE38th
7419,0.41172,0.092625,0.079517,0.516667,0.0,0.1,Bellevue_150th_SE38th
7420,0.36635,0.070916,0.067191,0.488889,0.025,0.113889,Bellevue_150th_SE38th
7421,0.437461,0.096865,0.083161,0.233333,0.0,0.0,Bellevue_150th_SE38th
7422,0.312821,0.04681,0.04997,0.333333,0.0,0.0,Bellevue_150th_SE38th
7423,0.298242,0.039158,0.04389,0.4,0.05,0.055556,Bellevue_150th_SE38th
7424,0.419791,0.093969,0.080845,0.3,0.0,0.0,Bellevue_150th_SE38th
7425,0.420463,0.097427,0.081392,0.586667,0.1,0.095556,Bellevue_150th_SE38th
7426,0.400278,0.086911,0.076648,0.3,0.066667,0.05,Bellevue_150th_SE38th
7427,0.535324,0.165331,0.100812,0.361111,0.05,0.0,Bellevue_150th_SE38th
7428,0.541171,0.151403,0.099747,0.605556,0.027778,0.011111,Bellevue_150th_SE38th
7429,0.484336,0.124913,0.091124,0.533333,0.05,0.0,Bellevue_150th_SE38th
7430,0.417486,0.099488,0.081194,0.605556,0.033333,0.066667,Bellevue_150th_SE38th
7431,0.419551,0.09546,0.080701,0.3,0.0,0.0,Bellevue_150th_SE38th
7432,0.393968,0.080277,0.074094,0.361587,0.027778,0.041667,Bellevue_150th_SE38th
7433,0.416752,0.089219,0.079399,0.2,0.0,0.0,Bellevue_150th_SE38th
7434,0.301063,0.040267,0.044824,0.233333,0.0,0.0,Bellevue_150th_SE38th
7435,0.300976,0.038718,0.043935,0.333333,0.0,0.0,Bellevue_150th_SE38th
7436,0.303162,0.040032,0.044938,0.433333,0.0,0.0,Bellevue_150th_SE38th
7437,0.388359,0.080953,0.073239,0.533333,0.0,0.116667,Bellevue_150th_SE38th
7438,0.492929,0.133626,0.092954,0.661667,0.073333,0.115,Bellevue_150th_SE38th
7439,0.444746,0.105109,0.084941,0.722222,0.0,0.35,Bellevue_150th_SE38th
7440,0.496266,0.126512,0.092472,0.711111,0.091667,0.035556,Bellevue_150th_SE38th
7441,0.396262,0.084617,0.075579,0.593016,0.016667,0.0,Bellevue_150th_SE38th
7442,0.460005,0.119665,0.088114,0.466667,0.033333,0.166667,Bellevue_150th_SE38th
7443,0.362576,0.06272,0.064342,0.233333,0.0,0.011111,Bellevue_150th_SE38th
7444,0.300991,0.038384,0.043667,0.2,0.0,0.0,Bellevue_150th_SE38th
7445,0.409554,0.088585,0.078243,0.269444,0.0,0.077778,Bellevue_150th_SE38th
7446,0.454054,0.112389,0.086672,0.552778,0.038889,0.077778,Bellevue_150th_SE38th
7447,0.375441,0.06094,0.065847,0.622222,0.215,0.033333,Bellevue_150th_SE38th
7448,0.480635,0.120164,0.090207,0.516667,0.099206,0.154762,Bellevue_150th_SE38th
7449,0.41861,0.089508,0.079798,0.380556,0.033333,0.033333,Bellevue_150th_SE38th
7450,0.429894,0.095835,0.082183,0.394444,0.119444,0.033333,Bellevue_150th_SE38th
7451,0.398814,0.079433,0.074955,0.676667,0.116667,0.033333,Bellevue_150th_SE38th
7452,0.424561,0.090172,0.080694,0.566667,0.041667,0.033333,Bellevue_150th_SE38th
7453,0.423575,0.100987,0.080239,0.849444,0.062222,0.142778,Bellevue_150th_SE38th
7454,0.429486,0.091046,0.081249,0.678889,0.083333,0.008333,Bellevue_150th_SE38th
7455,0.422437,0.085853,0.079751,0.583333,0.008333,0.016667,Bellevue_150th_SE38th
7456,0.506902,0.130559,0.093968,0.566667,0.056667,0.038889,Bellevue_150th_SE38th
7457,0.435226,0.098516,0.083233,0.433333,0.0,0.0,Bellevue_150th_SE38th
7458,0.349385,0.059746,0.060272,0.441667,0.055556,0.033333,Bellevue_150th_SE38th
7459,0.435046,0.097345,0.083004,0.616667,0.0,0.2,Bellevue_150th_SE38th
7460,0.400983,0.072365,0.073402,0.443333,0.0,0.044444,Bellevue_150th_SE38th
7461,0.494733,0.128111,0.092497,0.297222,0.008333,0.075,Bellevue_150th_SE38th
7462,0.385162,0.058473,0.06352,0.455556,0.033333,0.027778,Bellevue_150th_SE38th
7463,0.331972,0.042285,0.049648,0.266667,0.0,0.0,Bellevue_150th_SE38th
7464,0.308452,0.03517,0.042291,0.4,0.0,0.033333,Bellevue_150th_SE38th
7465,0.378382,0.065411,0.066485,0.266667,0.1,0.15,Bellevue_150th_SE38th
7466,0.326649,0.039822,0.047381,0.333333,0.0,0.0,Bellevue_150th_SE38th
7467,0.31318,0.036318,0.043603,0.4,0.0,0.0,Bellevue_150th_SE38th
7468,0.313814,0.036626,0.043799,0.288889,0.0,0.033333,Bellevue_150th_SE38th
7469,0.399984,0.078206,0.074218,0.480556,0.066667,0.05,Bellevue_150th_SE38th
7470,0.409148,0.079721,0.075234,0.535556,0.083333,0.011111,Bellevue_150th_SE38th
7471,0.458773,0.107693,0.086614,0.540556,0.0,0.066667,Bellevue_150th_SE38th
7472,0.462316,0.111677,0.087437,0.466667,0.0,0.016667,Bellevue_150th_SE38th
7473,0.311792,0.036011,0.043292,0.3,0.0,0.0,Bellevue_150th_SE38th
7474,0.319304,0.03811,0.045525,0.541667,0.091667,0.097222,Bellevue_150th_SE38th
7475,0.500743,0.117945,0.091922,0.584841,0.091667,0.093889,Bellevue_150th_SE38th
7476,0.466418,0.10442,0.086985,0.577778,0.044444,0.1,Bellevue_150th_SE38th
7477,0.404675,0.075007,0.074486,0.503333,0.084444,0.017778,Bellevue_150th_SE38th
7478,0.320836,0.040987,0.048051,0.469444,0.0,0.055556,Bellevue_150th_SE38th
7479,0.443273,0.100323,0.084237,0.53246,0.099206,0.060556,Bellevue_150th_SE38th
7480,0.428547,0.091277,0.081417,0.516667,0.133333,0.033333,Bellevue_150th_SE38th
7481,0.459067,0.108982,0.086806,0.434127,0.0,0.041667,Bellevue_150th_SE38th
7482,0.417588,0.085836,0.078885,0.233333,0.0,0.0,Bellevue_150th_SE38th
7483,0.314901,0.038532,0.045326,0.233333,0.0,0.0,Bellevue_150th_SE38th
7484,0.419531,0.090988,0.08019,0.541111,0.066667,0.073333,Bellevue_150th_SE38th
7485,0.344143,0.046373,0.053889,0.2,0.0,0.0,Bellevue_150th_SE38th
7486,0.400661,0.078718,0.074428,0.416667,0.0,0.066667,Bellevue_150th_SE38th
7487,0.31916,0.038226,0.045681,0.380556,0.016667,0.05,Bellevue_150th_SE38th
7488,0.33101,0.04401,0.05086,0.338889,0.033333,0.122222,Bellevue_150th_SE38th
7489,0.446078,0.099015,0.084367,0.695714,0.0,0.013333,Bellevue_150th_SE38th
7490,0.441265,0.098134,0.083748,0.638333,0.083333,0.055556,Bellevue_150th_SE38th
7491,0.424465,0.086419,0.079985,0.491349,0.075,0.011111,Bellevue_150th_SE38th
7492,0.326958,0.041309,0.048585,0.566587,0.146667,0.03254,Bellevue_150th_SE38th
7493,0.492112,0.114651,0.09069,0.622774,0.0125,0.040317,Bellevue_150th_SE38th
7494,0.429976,0.085728,0.080674,0.301667,0.0,0.0,Bellevue_150th_SE38th
7495,0.314081,0.039628,0.04594,0.083333,0.0,0.166667,Bellevue_150th_SE38th
7496,0.406478,0.077622,0.075375,0.616667,0.016667,0.1,Bellevue_150th_SE38th
7497,0.402083,0.081623,0.07588,0.4,0.033333,0.0,Bellevue_150th_SE38th
7498,0.398572,0.072953,0.071827,0.333333,0.0,0.016667,Bellevue_150th_SE38th
7499,0.39457,0.065538,0.069324,0.316667,0.133333,0.033333,Bellevue_150th_SE38th
7500,0.427248,0.092916,0.081331,0.648889,0.133333,0.077778,Bellevue_150th_SE38th
7501,0.412246,0.084554,0.077542,0.308333,0.033333,0.0,Bellevue_150th_SE38th
7502,0.422549,0.089602,0.080314,0.458333,0.0,0.05,Bellevue_150th_SE38th
7503,0.319446,0.038191,0.045529,0.65,0.116667,0.033333,Bellevue_150th_SE38th
7504,0.441458,0.10196,0.084253,0.471111,0.027778,0.133333,Bellevue_150th_SE38th
7505,0.408639,0.07804,0.07535,0.3,0.0,0.0,Bellevue_150th_SE38th
7506,0.312453,0.036998,0.044054,0.385,0.0,0.061111,Bellevue_150th_SE38th
7507,0.445174,0.100098,0.084392,0.55,0.016667,0.083333,Bellevue_150th_SE38th
7508,0.481449,0.111659,0.089224,0.516667,0.033333,0.0,Bellevue_150th_SE38th
7509,0.31065,0.037035,0.043763,0.572222,0.1,0.116667,Bellevue_150th_SE38th
7510,0.450944,0.104907,0.085511,0.729868,0.03,0.039444,Bellevue_150th_SE38th
7511,0.495715,0.125482,0.092278,0.683254,0.118095,0.017778,Bellevue_150th_SE38th
7512,0.466471,0.10259,0.086771,0.355556,0.133333,0.05,Bellevue_150th_SE38th
7513,0.502443,0.138324,0.094475,0.383016,0.060317,0.056667,Bellevue_150th_SE38th
7514,0.535166,0.147034,0.098663,0.566032,0.058333,0.083333,Bellevue_150th_SE38th
7515,0.511621,0.128154,0.094143,0.72,0.233889,0.070556,Bellevue_150th_SE38th
7516,0.544829,0.155153,0.100516,0.559921,0.040873,0.075,Bellevue_150th_SE38th
7517,0.299971,0.035993,0.041994,0.422778,0.066111,0.058333,Bellevue_150th_SE38th
7518,0.498898,0.129937,0.093118,0.381111,0.04,0.066111,Bellevue_150th_SE38th
7519,0.306899,0.037149,0.043449,0.333333,0.0,0.0,Bellevue_150th_SE38th
7520,0.293414,0.031665,0.038557,0.2,0.0,0.0,Bellevue_150th_SE38th
7521,0.298665,0.03312,0.039909,0.333333,0.0,0.0,Bellevue_150th_SE38th
7522,0.295151,0.03179,0.038774,0.383333,0.016667,0.066667,Bellevue_150th_SE38th
7523,0.398046,0.078033,0.074398,0.3,0.083333,0.0,Bellevue_150th_SE38th
7524,0.39322,0.077077,0.073205,0.697778,0.230556,0.125,Bellevue_150th_SE38th
7525,0.449958,0.107566,0.085711,0.755397,0.101706,0.114802,Bellevue_150th_SE38th
7526,0.400081,0.076028,0.074112,0.743519,0.116667,0.083333,Bellevue_150th_SE38th
7527,0.415641,0.090086,0.079608,0.693796,0.036111,0.027024,Bellevue_150th_SE38th
7528,0.477604,0.117588,0.0896,0.526667,0.008333,0.15,Bellevue_150th_SE38th
7529,0.385978,0.071067,0.070558,0.266667,0.0,0.0,Bellevue_150th_SE38th
7530,0.296582,0.033208,0.039772,0.455556,0.05,0.0,Bellevue_150th_SE38th
7531,0.429067,0.093844,0.081649,0.238889,0.0,0.033333,Bellevue_150th_SE38th
7532,0.371413,0.067825,0.066415,0.433333,0.066667,0.05,Bellevue_150th_SE38th
7533,0.427112,0.09344,0.081375,0.748585,0.01,0.043333,Bellevue_150th_SE38th
7534,0.504889,0.127877,0.093488,0.716746,0.08623,0.061151,Bellevue_150th_SE38th
7535,0.448973,0.098029,0.084542,0.166667,0.0,0.0,Bellevue_150th_SE38th
7536,0.403179,0.083684,0.076197,0.405556,0.061111,0.033333,Bellevue_150th_SE38th
7537,0.327639,0.041822,0.049667,0.426667,0.05,0.0,Bellevue_150th_SE38th
7538,0.463131,0.110788,0.087387,0.507222,0.016667,0.016667,Bellevue_150th_SE38th
7539,0.391101,0.076592,0.072782,0.3,0.0,0.0,Bellevue_150th_SE38th
7540,0.30392,0.032777,0.041085,0.333333,0.0,0.0,Bellevue_150th_SE38th
7541,0.398947,0.078681,0.07422,0.596111,0.087222,0.141667,Bellevue_150th_SE38th
7542,0.504384,0.130928,0.093767,0.676111,0.040992,0.026984,Bellevue_150th_SE38th
7543,0.523636,0.143315,0.0971,0.59881,0.0,0.083333,Bellevue_150th_SE38th
7544,0.408742,0.083181,0.077164,0.433333,0.033333,0.033333,Bellevue_150th_SE38th
7545,0.406514,0.090151,0.078282,0.54246,0.0,0.121429,Bellevue_150th_SE38th
7546,0.298739,0.034361,0.040862,0.722222,0.183333,0.0,Bellevue_150th_SE38th
7547,0.519751,0.149151,0.097452,0.477778,0.036111,0.041667,Bellevue_150th_SE38th
7548,0.487899,0.130251,0.092109,0.533333,0.027778,0.033333,Bellevue_150th_SE38th
7549,0.298837,0.032946,0.039802,0.266667,0.0,0.0,Bellevue_150th_SE38th
7550,0.298756,0.033862,0.040497,0.2,0.0,0.0,Bellevue_150th_SE38th
7551,0.299181,0.036392,0.042157,0.433333,0.0,0.033333,Bellevue_150th_SE38th
7552,0.439437,0.092622,0.082586,0.466667,0.0,0.0,Bellevue_150th_SE38th
7553,0.310381,0.039548,0.045594,0.497222,0.0,0.0,Bellevue_150th_SE38th
7554,0.432899,0.096937,0.082777,0.434921,0.022222,0.044444,Bellevue_150th_SE38th
7555,0.310786,0.038935,0.04515,0.266667,0.0,0.0,Bellevue_150th_SE38th
7556,0.418898,0.093291,0.080405,0.966667,0.0,0.0,Bellevue_150th_SE38th
7557,0.51788,0.133142,0.095346,0.622222,0.055556,0.05,Bellevue_150th_SE38th
7558,0.304973,0.036634,0.042949,0.166667,0.0,0.0,Bellevue_150th_SE38th
7559,0.297576,0.035581,0.041525,0.333333,0.0,0.0,Bellevue_150th_SE38th
7560,0.296353,0.03433,0.040602,0.233333,0.0,0.0,Bellevue_150th_SE38th
7561,0.292373,0.033648,0.039723,0.533333,0.0,0.0,Bellevue_150th_SE38th
7562,0.292133,0.031731,0.038478,0.266667,0.0,0.0,Bellevue_150th_SE38th
7563,0.29484,0.033964,0.040288,0.2,0.0,0.0,Bellevue_150th_SE38th
7564,0.295675,0.033819,0.040207,0.266667,0.0,0.0,Bellevue_150th_SE38th
7565,0.29734,0.033262,0.03996,0.4,0.0,0.0,Bellevue_150th_SE38th
7566,0.298963,0.034843,0.041143,0.452778,0.019444,0.011111,Bellevue_150th_SE38th
7567,0.529967,0.146598,0.098085,0.158333,0.0,0.0,Bellevue_150th_SE38th
7568,0.328497,0.045607,0.051206,0.461111,0.0,0.041667,Bellevue_150th_SE38th
7569,0.404357,0.070294,0.073454,0.45,0.066667,0.1,Bellevue_150th_SE38th
7570,0.297433,0.033747,0.040185,0.266667,0.0,0.0,Bellevue_150th_SE38th
7571,0.299367,0.035077,0.041334,0.2,0.0,0.0,Bellevue_150th_SE38th
7572,0.296836,0.035107,0.041127,0.166667,0.0,0.0,Bellevue_150th_SE38th
7573,0.294944,0.034059,0.040154,0.5,0.0,0.0,Bellevue_150th_SE38th
7574,0.295824,0.033852,0.040133,0.2,0.0,0.0,Bellevue_150th_SE38th
7575,0.297326,0.035936,0.041646,0.4,0.0,0.0,Bellevue_150th_SE38th
7576,0.291412,0.032612,0.038889,0.333333,0.075,0.0,Bellevue_150th_SE38th
7577,0.430066,0.096645,0.082296,0.56,0.044444,0.066667,Bellevue_150th_SE38th
7578,0.421052,0.097169,0.081333,0.590556,0.041667,0.1,Bellevue_150th_SE38th
7579,0.492514,0.13471,0.093083,0.433333,0.066667,0.033333,Bellevue_150th_SE38th
7580,0.407749,0.08511,0.07741,0.233333,0.0,0.0,Bellevue_150th_SE38th
7581,0.419548,0.090586,0.079895,0.379444,0.05,0.0,Bellevue_150th_SE38th
7582,0.476676,0.120705,0.089867,0.633333,0.055556,0.169444,Bellevue_150th_SE38th
7583,0.503436,0.122071,0.092698,0.3,0.0,0.083333,Bellevue_150th_SE38th
7584,0.299893,0.03422,0.040809,0.35,0.1,0.05,Bellevue_150th_SE38th
7585,0.414325,0.087674,0.078833,0.811548,0.081944,0.0525,Bellevue_150th_SE38th
7586,0.489628,0.122326,0.091313,0.64295,0.033333,0.073466,Bellevue_150th_SE38th
7587,0.429318,0.097133,0.081912,0.266667,0.0,0.0,Bellevue_150th_SE38th
7588,0.362376,0.066356,0.064622,0.133333,0.0,0.0,Bellevue_150th_SE38th
7589,0.408696,0.089249,0.078423,0.5,0.0,0.0,Bellevue_150th_SE38th
7590,0.295977,0.035023,0.040983,0.366667,0.033333,0.0,Bellevue_150th_SE38th
7591,0.396559,0.084937,0.075749,0.866667,0.511111,0.033333,Bellevue_150th_SE38th
7592,0.375231,0.069909,0.0684,0.429444,0.033333,0.066667,Bellevue_150th_SE38th
7593,0.289087,0.033969,0.039434,0.233333,0.0,0.0,Bellevue_150th_SE38th
7594,0.292628,0.035513,0.040931,0.466667,0.0,0.0,Bellevue_150th_SE38th
7595,0.408508,0.091175,0.07879,0.387778,0.0,0.038889,Bellevue_150th_SE38th
7596,0.36037,0.066396,0.064974,0.408333,0.033333,0.083333,Bellevue_150th_SE38th
7597,0.298844,0.035453,0.041641,0.233333,0.0,0.0,Bellevue_150th_SE38th
7598,0.291083,0.034557,0.04018,0.438889,0.033333,0.027778,Bellevue_150th_SE38th
7599,0.412647,0.090345,0.079175,0.572222,0.044444,0.0,Bellevue_150th_SE38th
7600,0.502115,0.137523,0.09425,0.466667,0.0,0.0,Bellevue_150th_SE38th
7601,0.455389,0.113378,0.086941,0.537778,0.027778,0.077778,Bellevue_150th_SE38th
7602,0.426555,0.091286,0.081088,0.416667,0.0,0.033333,Bellevue_150th_SE38th
7603,0.291901,0.035536,0.040895,0.3,0.0,0.0,Bellevue_150th_SE38th
7604,0.292381,0.033884,0.039814,0.366667,0.0,0.0,Bellevue_150th_SE38th
7605,0.289111,0.031995,0.038276,0.266667,0.0,0.0,Bellevue_150th_SE38th
7606,0.285163,0.032397,0.038151,0.233333,0.0,0.0,Bellevue_150th_SE38th
7607,0.280993,0.032061,0.037484,0.3,0.0,0.0,Bellevue_150th_SE38th
7608,0.29183,0.034356,0.04012,0.533333,0.0,0.0,Bellevue_150th_SE38th
7609,0.281653,0.032187,0.037606,0.2,0.0,0.0,Bellevue_150th_SE38th
7610,0.286979,0.032325,0.038321,0.266667,0.0,0.0,Bellevue_150th_SE38th
7611,0.291087,0.034109,0.039834,0.133333,0.0,0.0,Bellevue_150th_SE38th
7612,0.291231,0.033539,0.039564,0.233333,0.0,0.0,Bellevue_150th_SE38th
7613,0.288695,0.033317,0.039152,0.616667,0.077778,0.05,Bellevue_150th_SE38th
7614,0.41465,0.082655,0.077915,0.597222,0.163333,0.04,Bellevue_150th_SE38th
7615,0.461382,0.114456,0.087657,0.643704,0.160913,0.045397,Bellevue_150th_SE38th
7616,0.46835,0.10913,0.087716,0.266667,0.077778,0.016667,Bellevue_150th_SE38th
7617,0.283625,0.032329,0.037885,0.2,0.0,0.0,Bellevue_150th_SE38th
7618,0.289257,0.034382,0.039814,0.166667,0.0,0.0,Bellevue_150th_SE38th
7619,0.29283,0.03321,0.039452,0.65,0.011111,0.044444,Bellevue_150th_SE38th
7620,0.45814,0.113377,0.087054,0.85246,0.165913,0.043175,Bellevue_150th_SE38th
7621,0.534421,0.152884,0.099262,0.635556,0.03,0.146667,Bellevue_150th_SE38th
7622,0.39205,0.077138,0.073035,0.266667,0.0,0.0,Bellevue_150th_SE38th
7623,0.287076,0.033453,0.039029,0.35,0.1,0.033333,Bellevue_150th_SE38th
7624,0.405405,0.081829,0.076398,0.4,0.033333,0.016667,Bellevue_150th_SE38th
7625,0.401377,0.080382,0.075374,0.244444,0.0,0.011111,Bellevue_150th_SE38th
7626,0.423384,0.098785,0.081732,0.455556,0.033333,0.016667,Bellevue_150th_SE38th
7627,0.293027,0.031601,0.038331,0.066667,0.0,0.0,Bellevue_150th_SE38th
7628,0.294201,0.029216,0.036635,0.233333,0.0,0.0,Bellevue_150th_SE38th
7629,0.28937,0.033658,0.039345,0.133333,0.0,0.0,Bellevue_150th_SE38th
7630,0.366491,0.066974,0.065484,0.133333,0.0,0.0,Bellevue_150th_SE38th
7631,0.451803,0.111487,0.086123,0.166667,0.0,0.0,Bellevue_150th_SE38th
7632,0.291453,0.03364,0.039596,0.433333,0.016667,0.0,Bellevue_150th_SE38th
7633,0.408473,0.087946,0.078158,0.304365,0.061111,0.029762,Bellevue_150th_SE38th
7634,0.466811,0.112267,0.087922,0.519286,0.006667,0.078651,Bellevue_150th_SE38th
7635,0.309549,0.040751,0.046236,0.48746,0.085556,0.118968,Bellevue_150th_SE38th
7636,0.504236,0.129709,0.093627,0.770489,0.023413,0.034762,Bellevue_150th_SE38th
7637,0.509986,0.144516,0.095842,0.46,0.0,0.016667,Bellevue_150th_SE38th
7638,0.293936,0.033645,0.039813,0.3,0.0,0.0,Bellevue_150th_SE38th
7639,0.292046,0.035689,0.041002,0.166667,0.0,0.0,Bellevue_150th_SE38th
7640,0.292517,0.035379,0.040862,0.683333,0.066667,0.066667,Bellevue_150th_SE38th
7641,0.457192,0.115953,0.087421,0.594841,0.050635,0.063333,Bellevue_150th_SE38th
7642,0.406521,0.089261,0.078145,0.447222,0.016667,0.011111,Bellevue_150th_SE38th
7643,0.386669,0.072951,0.07112,0.266667,0.133333,0.05,Bellevue_150th_SE38th
7644,0.397794,0.078034,0.074292,0.3,0.066667,0.061111,Bellevue_150th_SE38th
7645,0.40728,0.075572,0.07473,0.508333,0.011111,0.063889,Bellevue_150th_SE38th
7646,0.343405,0.044606,0.051995,0.4,0.033333,0.0,Bellevue_150th_SE38th
7647,0.375018,0.072586,0.068866,0.383333,0.066667,0.0,Bellevue_150th_SE38th
7648,0.387508,0.077232,0.072073,0.3,0.0,0.0,Bellevue_150th_SE38th
7649,0.291126,0.033717,0.039576,0.5,0.0,0.0,Bellevue_150th_SE38th
7650,0.287695,0.032844,0.038714,0.233333,0.0,0.033333,Bellevue_150th_SE38th
7651,0.292148,0.03472,0.040325,0.366667,0.0,0.0,Bellevue_150th_SE38th
7652,0.288984,0.033768,0.039459,0.133333,0.0,0.0,Bellevue_150th_SE38th
7653,0.292382,0.034174,0.040021,0.116667,0.033333,0.0,Bellevue_150th_SE38th
7654,0.413661,0.090394,0.079292,0.283333,0.0,0.016667,Bellevue_150th_SE38th
7655,0.289063,0.033305,0.039182,0.266667,0.0,0.0,Bellevue_150th_SE38th
7656,0.285298,0.031925,0.037911,0.166667,0.0,0.0,Bellevue_150th_SE38th
7657,0.284645,0.03188,0.037764,0.133333,0.0,0.0,Bellevue_150th_SE38th
7658,0.292732,0.034661,0.040396,0.166667,0.0,0.0,Bellevue_150th_SE38th
7659,0.292166,0.035564,0.040908,0.333333,0.0,0.0,Bellevue_150th_SE38th
7660,0.290634,0.034944,0.040375,0.666667,0.161111,0.05,Bellevue_150th_SE38th
7661,0.448866,0.111254,0.086049,0.933333,0.466667,0.222222,Bellevue_150th_SE38th
7662,0.47012,0.115836,0.088635,0.639444,0.04,0.118889,Bellevue_150th_SE38th
7663,0.393928,0.081113,0.074074,0.3,0.0,0.0,Bellevue_150th_SE38th
7664,0.285915,0.033821,0.039159,0.166667,0.0,0.0,Bellevue_150th_SE38th
7665,0.288949,0.032281,0.038486,0.233333,0.0,0.0,Bellevue_150th_SE38th
7666,0.289665,0.033474,0.039339,0.2,0.0,0.0,Bellevue_150th_SE38th
7667,0.291073,0.034623,0.040227,0.466667,0.0,0.0,Bellevue_150th_SE38th
7668,0.288914,0.032778,0.038805,0.133333,0.0,0.0,Bellevue_150th_SE38th
7669,0.281744,0.032341,0.037752,0.266667,0.0,0.0,Bellevue_150th_SE38th
7670,0.28188,0.031684,0.03736,0.388889,0.1,0.016667,Bellevue_150th_SE38th
7671,0.429447,0.101067,0.082684,0.35,0.0,0.0,Bellevue_150th_SE38th
7672,0.384208,0.077766,0.071798,0.266667,0.0,0.0,Bellevue_150th_SE38th
7673,0.456497,0.110735,0.086725,0.527778,0.0,0.066667,Bellevue_150th_SE38th
7674,0.286987,0.030069,0.03745,0.333333,0.0,0.0,Bellevue_150th_SE38th
7675,0.281395,0.034135,0.038903,0.233333,0.0,0.0,Bellevue_150th_SE38th
7676,0.399555,0.086548,0.07654,0.366667,0.016667,0.066667,Bellevue_150th_SE38th
7677,0.287348,0.032754,0.038685,0.366667,0.0,0.0,Bellevue_150th_SE38th
7678,0.280776,0.032295,0.037622,0.577778,0.083333,0.111111,Bellevue_150th_SE38th
7679,0.385418,0.07807,0.07203,0.4,0.0,0.0,Bellevue_150th_SE38th
7680,0.283473,0.031686,0.037572,0.666667,0.0,0.233333,Bellevue_150th_SE38th
7681,0.443783,0.094478,0.083642,0.433333,0.016667,0.0,Bellevue_150th_SE38th
7682,0.352673,0.06222,0.061863,0.305556,0.133333,0.072222,Bellevue_150th_SE38th
7683,0.323084,0.045246,0.050625,0.133333,0.0,0.033333,Bellevue_150th_SE38th
7684,0.281127,0.032232,0.037665,0.233333,0.0,0.0,Bellevue_150th_SE38th
7685,0.284255,0.032274,0.037966,0.233333,0.0,0.0,Bellevue_150th_SE38th
7686,0.281651,0.032053,0.037598,0.2,0.0,0.0,Bellevue_150th_SE38th
7687,0.280308,0.032734,0.037912,0.4,0.0,0.0,Bellevue_150th_SE38th
7688,0.288223,0.032098,0.038297,0.166667,0.0,0.0,Bellevue_150th_SE38th
7689,0.451417,0.11023,0.08617,0.416111,0.151111,0.027778,Bellevue_150th_SE38th
7690,0.445773,0.100669,0.084546,0.433333,0.111111,0.05,Bellevue_150th_SE38th
7691,0.292667,0.035603,0.041034,0.1,0.0,0.0,Bellevue_150th_SE38th
7692,0.282376,0.032374,0.037837,0.1,0.0,0.0,Bellevue_150th_SE38th
7693,0.28876,0.034955,0.040156,0.25,0.0,0.1,Bellevue_150th_SE38th
7694,0.464318,0.119549,0.088496,0.222222,0.0,0.0,Bellevue_150th_SE38th
7695,0.310012,0.042044,0.047011,0.233333,0.0,0.0,Bellevue_150th_SE38th
7696,0.282209,0.032002,0.037651,0.505556,0.133333,0.075,Bellevue_150th_SE38th
7697,0.447465,0.110909,0.085863,0.731349,0.0,0.006667,Bellevue_150th_SE38th
7698,0.417417,0.093623,0.080417,0.332222,0.0,0.012222,Bellevue_150th_SE38th
7699,0.291414,0.035672,0.040921,0.333333,0.0,0.0,Bellevue_150th_SE38th
7700,0.287912,0.033511,0.039228,0.066667,0.0,0.0,Bellevue_150th_SE38th
7701,0.28436,0.033684,0.038926,0.45,0.216667,0.044444,Bellevue_150th_SE38th
7702,0.405895,0.082912,0.0767,0.3,0.0,0.0,Bellevue_150th_SE38th
7703,0.442123,0.109166,0.085142,0.405556,0.0,0.061111,Bellevue_150th_SE38th
7704,0.283611,0.033691,0.038905,0.490556,0.066667,0.141667,Bellevue_150th_SE38th
7705,0.376762,0.070205,0.068847,0.480556,0.016667,0.175,Bellevue_150th_SE38th
7706,0.320255,0.045815,0.050411,0.2,0.0,0.0,Bellevue_150th_SE38th
7707,0.284885,0.033528,0.038875,0.233333,0.0,0.0,Bellevue_150th_SE38th
7708,0.285558,0.034793,0.039746,0.266667,0.0,0.0,Bellevue_150th_SE38th
7709,0.347578,0.064017,0.06168,0.361111,0.05,0.011111,Bellevue_150th_SE38th
7710,0.433853,0.105671,0.083524,0.327778,0.033333,0.072222,Bellevue_150th_SE38th
7711,0.427893,0.099687,0.08225,0.2,0.0,0.033333,Bellevue_150th_SE38th
7712,0.286247,0.034917,0.039873,0.166667,0.0,0.0,Bellevue_150th_SE38th
7713,0.286206,0.034056,0.039331,0.133333,0.0,0.0,Bellevue_150th_SE38th
7714,0.285575,0.034207,0.03937,0.404444,0.1,0.195556,Bellevue_150th_SE38th
7715,0.433375,0.098278,0.082987,0.4,0.083333,0.0,Bellevue_150th_SE38th
7716,0.372879,0.077832,0.069996,0.466667,0.05,0.083333,Bellevue_150th_SE38th
7717,0.390615,0.079416,0.073365,0.166667,0.0,0.0,Bellevue_150th_SE38th
7718,0.290224,0.034218,0.039918,0.266667,0.0,0.0,Bellevue_150th_SE38th
7719,0.276573,0.031616,0.036717,0.4,0.0,0.0,Bellevue_150th_SE38th
7720,0.278263,0.031097,0.036621,0.266667,0.0,0.0,Bellevue_150th_SE38th
7721,0.278396,0.031497,0.036878,0.2,0.0,0.0,Bellevue_150th_SE38th
7722,0.278732,0.030877,0.036492,0.366667,0.0,0.033333,Bellevue_150th_SE38th
7723,0.28269,0.033863,0.038839,0.4,0.0,0.083333,Bellevue_150th_SE38th
7724,0.421762,0.099704,0.081853,0.322222,0.1,0.033333,Bellevue_150th_SE38th
7725,0.420474,0.096269,0.081287,0.487778,0.1,0.033333,Bellevue_150th_SE38th
7726,0.282049,0.033786,0.038765,0.1,0.0,0.0,Bellevue_150th_SE38th
7727,0.280954,0.031036,0.036864,0.628889,0.158333,0.091111,Bellevue_150th_SE38th
7728,0.432214,0.100561,0.083194,0.667222,0.044444,0.242778,Bellevue_150th_SE38th
7729,0.39976,0.08763,0.075987,0.133333,0.0,0.0,Bellevue_150th_SE38th
7730,0.280538,0.033003,0.038072,0.233333,0.0,0.0,Bellevue_150th_SE38th
7731,0.278411,0.03146,0.036861,0.4,0.0,0.0,Bellevue_150th_SE38th
7732,0.281337,0.033203,0.038259,0.4,0.0,0.033333,Bellevue_150th_SE38th
7733,0.278077,0.031629,0.036971,0.432222,0.066667,0.023333,Bellevue_150th_SE38th
7734,0.410779,0.093435,0.079475,0.388889,0.016667,0.011111,Bellevue_150th_SE38th
7735,0.279698,0.031413,0.036952,0.233333,0.0,0.0,Bellevue_150th_SE38th
7736,0.282405,0.032998,0.038281,0.272222,0.0,0.066667,Bellevue_150th_SE38th
7737,0.367254,0.070235,0.06686,0.728849,0.142778,0.125317,Bellevue_150th_SE38th
7738,0.409961,0.095258,0.079497,0.618254,0.0,0.066111,Bellevue_150th_SE38th
7739,0.427988,0.09852,0.082123,0.416667,0.0,0.016667,Bellevue_150th_SE38th
7740,0.285131,0.034761,0.039699,0.333333,0.0,0.0,Bellevue_150th_SE38th
7741,0.283435,0.033645,0.038824,0.433333,0.0,0.033333,Bellevue_150th_SE38th
7742,0.412731,0.094239,0.079912,0.45,0.016667,0.066667,Bellevue_150th_SE38th
7743,0.280144,0.032366,0.037647,0.366667,0.0,0.0,Bellevue_150th_SE38th
7744,0.284257,0.034982,0.039695,0.166667,0.0,0.0,Bellevue_150th_SE38th
7745,0.281997,0.032772,0.038111,0.266667,0.016667,0.016667,Bellevue_150th_SE38th
7746,0.385202,0.074774,0.071375,0.3,0.0,0.0,Bellevue_150th_SE38th
7747,0.406805,0.08913,0.078143,0.666667,0.25,0.0,Bellevue_150th_SE38th
7748,0.433026,0.094358,0.08151,0.5,0.166667,0.15,Bellevue_150th_SE38th
7749,0.303542,0.034811,0.043036,0.303333,0.0,0.144444,Bellevue_150th_SE38th
7750,0.506015,0.135937,0.094484,0.525555,0.147222,0.125,Bellevue_150th_SE38th
7751,0.399164,0.077908,0.074595,0.366667,0.033333,0.033333,Bellevue_150th_SE38th
7752,0.424163,0.103144,0.081954,0.31,0.0,0.0,Bellevue_150th_SE38th
7753,0.480762,0.128581,0.091152,0.316667,0.016667,0.027778,Bellevue_150th_SE38th
7754,0.377981,0.070976,0.068873,0.216667,0.0,0.033333,Bellevue_150th_SE38th
7755,0.454026,0.106824,0.085342,0.233333,0.033333,0.0,Bellevue_150th_SE38th
7756,0.322103,0.049399,0.052238,0.483333,0.041667,0.158333,Bellevue_150th_SE38th
7757,0.289016,0.031086,0.037951,0.1,0.0,0.0,Bellevue_150th_SE38th
7758,0.282007,0.03323,0.038333,0.4,0.0,0.0,Bellevue_150th_SE38th
7759,0.279786,0.03219,0.037377,0.366667,0.0,0.0,Bellevue_150th_SE38th
7760,0.28017,0.032757,0.037885,0.233333,0.0,0.0,Bellevue_150th_SE38th
7761,0.286148,0.032946,0.038607,0.233333,0.0,0.0,Bellevue_150th_SE38th
7762,0.282602,0.03135,0.037267,0.338889,0.016667,0.077778,Bellevue_150th_SE38th
7763,0.318548,0.041536,0.048163,0.355556,0.0,0.025,Bellevue_150th_SE38th
7764,0.436635,0.104533,0.083402,0.25,0.0,0.0,Bellevue_150th_SE38th
7765,0.284325,0.033138,0.038518,0.133333,0.0,0.0,Bellevue_150th_SE38th
7766,0.285478,0.034998,0.039805,0.444444,0.033333,0.122222,Bellevue_150th_SE38th
7767,0.453422,0.109652,0.086299,0.338889,0.0,0.027778,Bellevue_150th_SE38th
7768,0.280391,0.03245,0.037693,0.133333,0.0,0.0,Bellevue_150th_SE38th
7769,0.288591,0.033605,0.039292,0.472222,0.066667,0.127778,Bellevue_150th_SE38th
7770,0.464031,0.111347,0.087497,0.383333,0.0,0.016667,Bellevue_150th_SE38th
7771,0.382386,0.073844,0.070856,0.577778,0.116667,0.133333,Bellevue_150th_SE38th
7772,0.389252,0.076953,0.072551,0.355556,0.033333,0.011111,Bellevue_150th_SE38th
7773,0.395636,0.085919,0.075811,0.222222,0.033333,0.0,Bellevue_150th_SE38th
7774,0.286873,0.033234,0.038925,0.266667,0.0,0.0,Bellevue_150th_SE38th
7775,0.279206,0.031654,0.037063,0.4,0.0,0.0,Bellevue_150th_SE38th
7776,0.28399,0.034817,0.0396,0.266667,0.0,0.0,Bellevue_150th_SE38th
7777,0.28398,0.032386,0.03799,0.133333,0.0,0.0,Bellevue_150th_SE38th
7778,0.280431,0.032138,0.03749,0.3,0.0,0.0,Bellevue_150th_SE38th
7779,0.28386,0.033635,0.038889,0.4,0.0,0.0,Bellevue_150th_SE38th
7780,0.281361,0.035988,0.03997,0.2,0.0,0.0,Bellevue_150th_SE38th
7781,0.284678,0.034678,0.039619,0.2,0.0,0.0,Bellevue_150th_SE38th
7782,0.310174,0.04281,0.047377,0.808333,0.033333,0.647222,Bellevue_150th_SE38th
7783,0.503291,0.130388,0.093594,0.290556,0.017778,0.183333,Bellevue_150th_SE38th
7784,0.376006,0.073638,0.069452,0.433333,0.0,0.0,Bellevue_150th_SE38th
7785,0.371385,0.070878,0.068024,0.2,0.0,0.0,Bellevue_150th_SE38th
7786,0.280263,0.032692,0.037872,0.166667,0.0,0.0,Bellevue_150th_SE38th
7787,0.282528,0.032077,0.037743,0.433333,0.0,0.0,Bellevue_150th_SE38th
7788,0.290126,0.036101,0.041038,0.333333,0.0,0.0,Bellevue_150th_SE38th
7789,0.375994,0.073011,0.069338,0.477778,0.0,0.066667,Bellevue_150th_SE38th
7790,0.37674,0.06529,0.066809,0.066667,0.0,0.0,Bellevue_150th_SE38th
7791,0.278775,0.031945,0.03723,0.5,0.111111,0.1,Bellevue_150th_SE38th
7792,0.430846,0.100877,0.083095,0.511349,0.05754,0.041111,Bellevue_150th_SE38th
7793,0.444339,0.107021,0.085103,0.526667,0.1,0.04,Bellevue_150th_SE38th
7794,0.283974,0.030943,0.03725,0.266667,0.0,0.0,Bellevue_150th_SE38th
7795,0.284032,0.031799,0.037672,0.2,0.0,0.0,Bellevue_150th_SE38th
7796,0.286846,0.033227,0.038916,0.333333,0.0,0.0,Bellevue_150th_SE38th
7797,0.28514,0.033425,0.038833,0.2,0.0,0.0,Bellevue_150th_SE38th
7798,0.281688,0.030292,0.036383,0.166667,0.0,0.0,Bellevue_150th_SE38th
7799,0.275781,0.029974,0.035613,0.366667,0.0,0.0,Bellevue_150th_SE38th
7800,0.285491,0.033065,0.038629,0.366667,0.0,0.0,Bellevue_150th_SE38th
7801,0.276621,0.03055,0.036151,0.3,0.0,0.0,Bellevue_150th_SE38th
7802,0.277453,0.031009,0.036406,0.133333,0.0,0.0,Bellevue_150th_SE38th
7803,0.283905,0.031949,0.037734,0.366667,0.0,0.0,Bellevue_150th_SE38th
7804,0.284764,0.034825,0.039719,0.233333,0.0,0.0,Bellevue_150th_SE38th
7805,0.281252,0.032571,0.037912,0.266667,0.0,0.0,Bellevue_150th_SE38th
7806,0.284529,0.03259,0.038211,0.4,0.0,0.0,Bellevue_150th_SE38th
7807,0.282805,0.031893,0.037612,0.427778,0.038889,0.066667,Bellevue_150th_SE38th
7808,0.453765,0.108714,0.086242,0.45,0.052778,0.033333,Bellevue_150th_SE38th
7809,0.311312,0.038249,0.045113,0.266667,0.0,0.0,Bellevue_150th_SE38th
7810,0.315291,0.039395,0.046019,0.3,0.0,0.0,Bellevue_150th_SE38th
7811,0.278677,0.031207,0.036723,0.233333,0.0,0.0,Bellevue_150th_SE38th
7812,0.280445,0.031743,0.037336,0.354444,0.033333,0.033333,Bellevue_150th_SE38th
7813,0.431988,0.102081,0.083293,0.575727,0.079484,0.110741,Bellevue_150th_SE38th
7814,0.52782,0.135608,0.096673,0.721349,0.260397,0.097937,Bellevue_150th_SE38th
7815,0.404224,0.095752,0.078882,0.611111,0.018889,0.046667,Bellevue_150th_SE38th
7816,0.29155,0.031937,0.039271,0.3,0.0,0.0,Bellevue_150th_SE38th
7817,0.278045,0.031928,0.037111,0.266667,0.033333,0.0,Bellevue_150th_SE38th
7818,0.376175,0.07331,0.069463,0.291667,0.0,0.0,Bellevue_150th_SE38th
7819,0.384484,0.079134,0.072532,0.344444,0.033333,0.127778,Bellevue_150th_SE38th
7820,0.29416,0.034603,0.040818,0.386111,0.033333,0.044444,Bellevue_150th_SE38th
7821,0.413219,0.091643,0.07948,0.083333,0.0,0.016667,Bellevue_150th_SE38th
7822,0.280669,0.03371,0.038542,0.333333,0.0,0.0,Bellevue_150th_SE38th
7823,0.278076,0.030928,0.036465,0.416667,0.0,0.133333,Bellevue_150th_SE38th
7824,0.498041,0.133286,0.093419,0.5,0.05,0.0,Bellevue_150th_SE38th
7825,0.285731,0.033631,0.039423,0.266667,0.0,0.0,Bellevue_150th_SE38th
7826,0.282133,0.031873,0.037575,0.166667,0.0,0.0,Bellevue_150th_SE38th
7827,0.279234,0.031637,0.037097,0.166667,0.0,0.0,Bellevue_150th_SE38th
7828,0.279696,0.032942,0.037957,0.433333,0.0,0.0,Bellevue_150th_SE38th
7829,0.282998,0.032795,0.038263,0.133333,0.033333,0.0,Bellevue_150th_SE38th
7830,0.421551,0.097332,0.081534,0.266667,0.0,0.016667,Bellevue_150th_SE38th
7831,0.394612,0.084853,0.075469,0.422222,0.05,0.05,Bellevue_150th_SE38th
7832,0.275461,0.031859,0.036876,0.333333,0.0,0.0,Bellevue_150th_SE38th
7833,0.27942,0.032066,0.037414,0.166667,0.0,0.0,Bellevue_150th_SE38th
7834,0.277499,0.031437,0.036769,0.3,0.0,0.0,Bellevue_150th_SE38th
7835,0.28075,0.031447,0.037116,0.133333,0.0,0.0,Bellevue_150th_SE38th
7836,0.285389,0.033608,0.039021,0.266667,0.0,0.0,Bellevue_150th_SE38th
7837,0.376695,0.074326,0.069747,0.166667,0.0,0.0,Bellevue_150th_SE38th
7838,0.279497,0.031994,0.037273,0.166667,0.0,0.0,Bellevue_150th_SE38th
7839,0.277793,0.031867,0.037046,0.1,0.0,0.0,Bellevue_150th_SE38th
7840,0.28117,0.033626,0.03854,0.266667,0.0,0.0,Bellevue_150th_SE38th
7841,0.277664,0.032189,0.037299,0.1,0.0,0.0,Bellevue_150th_SE38th
7842,0.278026,0.032511,0.03756,0.3,0.0,0.0,Bellevue_150th_SE38th
7843,0.279737,0.032391,0.037657,0.683333,0.066667,0.061111,Bellevue_150th_SE38th
7844,0.403411,0.091445,0.078097,0.653333,0.111111,0.238333,Bellevue_150th_SE38th
7845,0.417252,0.093875,0.080497,0.422222,0.183333,0.066667,Bellevue_150th_SE38th
7846,0.279625,0.030724,0.036565,0.233333,0.0,0.0,Bellevue_150th_SE38th
7847,0.274749,0.030338,0.035794,0.233333,0.0,0.0,Bellevue_150th_SE38th
7848,0.282699,0.032605,0.038075,0.2,0.0,0.0,Bellevue_150th_SE38th
7849,0.283778,0.032576,0.038159,0.166667,0.0,0.0,Bellevue_150th_SE38th
7850,0.282149,0.031746,0.037476,0.366667,0.0,0.033333,Bellevue_150th_SE38th
7851,0.394557,0.079667,0.074289,0.488889,0.033333,0.011111,Bellevue_150th_SE38th
7852,0.405609,0.087932,0.077638,0.620556,0.013889,0.106389,Bellevue_150th_SE38th
7853,0.410217,0.089733,0.078618,0.663889,0.05,0.094444,Bellevue_150th_SE38th
7854,0.383885,0.071944,0.070494,0.347222,0.0,0.0,Bellevue_150th_SE38th
7855,0.291495,0.031351,0.038492,0.528333,0.016667,0.137222,Bellevue_150th_SE38th
7856,0.462764,0.115419,0.087893,0.397222,0.0,0.063889,Bellevue_150th_SE38th
7857,0.289715,0.033163,0.03916,0.166667,0.0,0.0,Bellevue_150th_SE38th
7858,0.283741,0.032992,0.038417,0.2,0.0,0.0,Bellevue_150th_SE38th
7859,0.285021,0.033749,0.038992,0.468333,0.011111,0.028889,Bellevue_150th_SE38th
7860,0.435093,0.111606,0.083761,0.488889,0.0,0.011111,Bellevue_150th_SE38th
7861,0.282983,0.035,0.039552,0.133333,0.0,0.0,Bellevue_150th_SE38th
7862,0.283146,0.034726,0.039404,0.466667,0.0,0.0,Bellevue_150th_SE38th
7863,0.290495,0.03532,0.040616,0.366667,0.0,0.0,Bellevue_150th_SE38th
7864,0.283701,0.034947,0.039633,0.2,0.0,0.0,Bellevue_150th_SE38th
7865,0.28429,0.033216,0.038562,0.133333,0.0,0.0,Bellevue_150th_SE38th
7866,0.378935,0.074088,0.07013,0.355556,0.0,0.0,Bellevue_150th_SE38th
7867,0.285004,0.033506,0.038869,0.266667,0.0,0.0,Bellevue_150th_SE38th
7868,0.284526,0.034063,0.039188,0.366667,0.0,0.016667,Bellevue_150th_SE38th
7869,0.28176,0.033939,0.038794,0.233333,0.0,0.0,Bellevue_150th_SE38th
7870,0.282038,0.032689,0.038064,0.433333,0.0,0.0,Bellevue_150th_SE38th
7871,0.28931,0.03474,0.040066,0.233333,0.0,0.0,Bellevue_150th_SE38th
7872,0.286375,0.036395,0.040789,0.466667,0.1,0.066667,Bellevue_150th_SE38th
7873,0.416847,0.091799,0.080095,0.45,0.122222,0.077778,Bellevue_150th_SE38th
7874,0.448559,0.110133,0.085912,0.325,0.0,0.041667,Bellevue_150th_SE38th
7875,0.286398,0.033143,0.038802,0.166667,0.0,0.0,Bellevue_150th_SE38th
7876,0.287916,0.035671,0.040539,0.266667,0.0,0.0,Bellevue_150th_SE38th
7877,0.284454,0.034685,0.039577,0.366667,0.033333,0.05,Bellevue_150th_SE38th
7878,0.409503,0.091789,0.079047,0.575,0.088889,0.158333,Bellevue_150th_SE38th
7879,0.353175,0.058449,0.061032,0.266667,0.0,0.0,Bellevue_150th_SE38th
7880,0.290788,0.034802,0.040278,0.133333,0.0,0.033333,Bellevue_150th_SE38th
7881,0.291692,0.034946,0.040513,0.166667,0.0,0.0,Bellevue_150th_SE38th
7882,0.287047,0.033076,0.038775,0.033333,0.0,0.0,Bellevue_150th_SE38th
7883,0.283346,0.034663,0.039412,0.4,0.0,0.233333,Bellevue_150th_SE38th
7884,0.52293,0.158246,0.098415,0.69,0.022222,0.377778,Bellevue_150th_SE38th
7885,0.500747,0.133278,0.093717,0.530556,0.025,0.061111,Bellevue_150th_SE38th
7886,0.330377,0.050564,0.054262,0.233333,0.0,0.0,Bellevue_150th_SE38th
7887,0.283676,0.034235,0.039149,0.333333,0.0,0.0,Bellevue_150th_SE38th
7888,0.290751,0.035928,0.040988,0.133333,0.0,0.016667,Bellevue_150th_SE38th
7889,0.288288,0.033867,0.039494,0.2,0.0,0.0,Bellevue_150th_SE38th
7890,0.28274,0.033153,0.038434,0.233333,0.0,0.0,Bellevue_150th_SE38th
7891,0.283025,0.033293,0.03854,0.466667,0.0,0.0,Bellevue_150th_SE38th
7892,0.286043,0.035067,0.03994,0.033333,0.0,0.0,Bellevue_150th_SE38th
7893,0.285,0.034362,0.039407,0.266667,0.0,0.0,Bellevue_150th_SE38th
7894,0.287318,0.035137,0.040132,0.316667,0.0,0.066667,Bellevue_150th_SE38th
7895,0.463081,0.109953,0.087321,0.677778,0.05,0.262222,Bellevue_150th_SE38th
7896,0.418706,0.093635,0.080609,0.625,0.086111,0.138889,Bellevue_150th_SE38th
7897,0.453396,0.105946,0.085882,0.592778,0.105556,0.1,Bellevue_150th_SE38th
7898,0.288911,0.036177,0.040976,0.3,0.0,0.0,Bellevue_150th_SE38th
7899,0.292257,0.037841,0.042395,0.233333,0.0,0.016667,Bellevue_150th_SE38th
7900,0.406261,0.091719,0.07853,0.466667,0.0,0.083333,Bellevue_150th_SE38th
7901,0.282496,0.035768,0.04,0.443333,0.0,0.066667,Bellevue_150th_SE38th
7902,0.383345,0.076908,0.071754,0.366667,0.0,0.0,Bellevue_150th_SE38th
7903,0.41327,0.091347,0.079294,0.55,0.166667,0.0,Bellevue_150th_SE38th
7904,0.484688,0.139309,0.092387,0.430556,0.1,0.05,Bellevue_150th_SE38th
7905,0.417203,0.0911,0.077936,0.266667,0.0,0.0,Bellevue_150th_SE38th
7906,0.375406,0.073806,0.069237,0.333333,0.0,0.0,Bellevue_150th_SE38th
7907,0.41715,0.098144,0.080041,0.448889,0.083333,0.04,Bellevue_150th_SE38th
7908,0.470557,0.121089,0.089301,0.477778,0.066667,0.094444,Bellevue_150th_SE38th
7909,0.302804,0.038102,0.043883,0.4,0.033333,0.016667,Bellevue_150th_SE38th
7910,0.42239,0.096264,0.08155,0.282222,0.0,0.033333,Bellevue_150th_SE38th
7911,0.295986,0.038105,0.04291,0.3,0.0,0.0,Bellevue_150th_SE38th
7912,0.291813,0.036052,0.04133,0.233333,0.0,0.0,Bellevue_150th_SE38th
7913,0.395212,0.084787,0.075547,0.1,0.0,0.033333,Bellevue_150th_SE38th
7914,0.293032,0.035425,0.040891,0.2,0.0,0.0,Bellevue_150th_SE38th
7915,0.29088,0.036283,0.041276,0.4,0.0,0.0,Bellevue_150th_SE38th
7916,0.288735,0.033323,0.039178,0.133333,0.0,0.0,Bellevue_150th_SE38th
7917,0.28597,0.033233,0.038773,0.266667,0.0,0.0,Bellevue_150th_SE38th
7918,0.286081,0.033888,0.039238,0.2,0.0,0.0,Bellevue_150th_SE38th
7919,0.28892,0.03642,0.041136,0.133333,0.0,0.0,Bellevue_150th_SE38th
7920,0.295901,0.036799,0.042145,0.166667,0.0,0.0,Bellevue_150th_SE38th
7921,0.292397,0.036069,0.04129,0.433333,0.0,0.0,Bellevue_150th_SE38th
7922,0.289582,0.034539,0.040046,0.233333,0.0,0.0,Bellevue_150th_SE38th
7923,0.289439,0.036061,0.041018,0.166667,0.0,0.0,Bellevue_150th_SE38th
7924,0.295495,0.036499,0.041879,0.266667,0.0,0.0,Bellevue_150th_SE38th
7925,0.286822,0.033506,0.039058,0.585,0.011111,0.051111,Bellevue_150th_SE38th
7926,0.528144,0.153332,0.098713,0.725,0.008333,0.062222,Bellevue_150th_SE38th
7927,0.498564,0.127543,0.092771,0.661111,0.055556,0.016667,Bellevue_150th_SE38th
7928,0.292191,0.03445,0.04027,0.166667,0.0,0.0,Bellevue_150th_SE38th
7929,0.285713,0.033541,0.038956,0.333333,0.0,0.016667,Bellevue_150th_SE38th
7930,0.287615,0.034351,0.039639,0.2,0.0,0.0,Bellevue_150th_SE38th
7931,0.294493,0.035371,0.041047,0.333333,0.0,0.0,Bellevue_150th_SE38th
7932,0.287939,0.033731,0.03935,0.1,0.0,0.0,Bellevue_150th_SE38th
7933,0.290124,0.034015,0.039787,0.3,0.0,0.0,Bellevue_150th_SE38th
7934,0.292048,0.035056,0.040618,0.233333,0.0,0.0,Bellevue_150th_SE38th
7935,0.290715,0.036796,0.041598,0.5,0.083333,0.127778,Bellevue_150th_SE38th
7936,0.386702,0.076632,0.072161,0.1,0.0,0.0,Bellevue_150th_SE38th
7937,0.286525,0.035177,0.040163,0.133333,0.0,0.0,Bellevue_150th_SE38th
7938,0.289747,0.035524,0.040682,0.233333,0.0,0.0,Bellevue_150th_SE38th
7939,0.294223,0.035269,0.041071,0.433333,0.0,0.033333,Bellevue_150th_SE38th
7940,0.295776,0.036072,0.041607,0.233333,0.0,0.0,Bellevue_150th_SE38th
7941,0.292414,0.036037,0.041253,0.366667,0.0,0.0,Bellevue_150th_SE38th
7942,0.286648,0.032705,0.0386,0.3,0.0,0.033333,Bellevue_150th_SE38th
7943,0.291223,0.036542,0.041499,0.266667,0.0,0.0,Bellevue_150th_SE38th
7944,0.292354,0.034464,0.0403,0.233333,0.0,0.0,Bellevue_150th_SE38th
7945,0.290153,0.034749,0.040221,0.233333,0.0,0.0,Bellevue_150th_SE38th
7946,0.293829,0.034946,0.040743,0.2,0.0,0.0,Bellevue_150th_SE38th
7947,0.292405,0.037152,0.041953,0.4,0.0,0.0,Bellevue_150th_SE38th
7948,0.291255,0.034966,0.04046,0.266667,0.0,0.0,Bellevue_150th_SE38th
7949,0.286405,0.034693,0.039814,0.1,0.0,0.0,Bellevue_150th_SE38th
7950,0.289191,0.034287,0.039812,0.233333,0.0,0.0,Bellevue_150th_SE38th
7951,0.29581,0.036631,0.04203,0.333333,0.0,0.0,Bellevue_150th_SE38th
7952,0.295597,0.034663,0.040778,0.266667,0.0,0.0,Bellevue_150th_SE38th
7953,0.285589,0.03427,0.039418,0.166667,0.0,0.0,Bellevue_150th_SE38th
7954,0.28844,0.033646,0.039347,0.366667,0.0,0.0,Bellevue_150th_SE38th
7955,0.294295,0.035125,0.040865,0.366667,0.0,0.0,Bellevue_150th_SE38th
7956,0.288996,0.034697,0.040048,0.233333,0.0,0.033333,Bellevue_150th_SE38th
7957,0.289629,0.034205,0.039805,0.266667,0.0,0.0,Bellevue_150th_SE38th
7958,0.292048,0.03513,0.040686,0.166667,0.0,0.0,Bellevue_150th_SE38th
7959,0.294522,0.037273,0.042305,0.433333,0.0,0.15,Bellevue_150th_SE38th
7960,0.395211,0.077591,0.073864,0.516667,0.2,0.016667,Bellevue_150th_SE38th
7961,0.298788,0.036529,0.042529,0.166667,0.0,0.0,Bellevue_150th_SE38th
7962,0.290775,0.034897,0.040375,0.266667,0.0,0.0,Bellevue_150th_SE38th
7963,0.292394,0.037065,0.041952,0.266667,0.0,0.0,Bellevue_150th_SE38th
7964,0.288783,0.034441,0.039883,0.233333,0.0,0.0,Bellevue_150th_SE38th
7965,0.287849,0.034209,0.039627,0.266667,0.0,0.0,Bellevue_150th_SE38th
7966,0.288622,0.034624,0.040051,0.4,0.0,0.0,Bellevue_150th_SE38th
7967,0.291057,0.036614,0.041557,0.1,0.0,0.0,Bellevue_150th_SE38th
7968,0.294205,0.036229,0.041531,0.2,0.0,0.0,Bellevue_150th_SE38th
7969,0.294804,0.036035,0.041505,0.233333,0.0,0.0,Bellevue_150th_SE38th
7970,0.283919,0.033083,0.038509,0.2,0.0,0.0,Bellevue_150th_SE38th
7971,0.281927,0.034932,0.039425,0.166667,0.0,0.0,Bellevue_150th_SE38th
7972,0.287076,0.034282,0.039595,0.233333,0.0,0.0,Bellevue_150th_SE38th
7973,0.283221,0.033704,0.038765,0.3,0.0,0.0,Bellevue_150th_SE38th
7974,0.29033,0.035987,0.041044,0.333333,0.0,0.0,Bellevue_150th_SE38th
7975,0.292791,0.037454,0.042215,0.2,0.0,0.0,Bellevue_150th_SE38th
7976,0.286758,0.035334,0.040292,0.266667,0.0,0.0,Bellevue_150th_SE38th
7977,0.29026,0.036459,0.041349,0.2,0.0,0.0,Bellevue_150th_SE38th
7978,0.28561,0.034857,0.039842,0.233333,0.0,0.0,Bellevue_150th_SE38th
7979,0.289002,0.035823,0.040823,0.233333,0.0,0.0,Bellevue_150th_SE38th
7980,0.29311,0.036281,0.041509,0.266667,0.0,0.0,Bellevue_150th_SE38th
7981,0.28721,0.034283,0.039656,0.2,0.0,0.0,Bellevue_150th_SE38th
7982,0.283844,0.032315,0.038025,0.266667,0.0,0.0,Bellevue_150th_SE38th
7983,0.290898,0.035809,0.041041,0.266667,0.0,0.0,Bellevue_150th_SE38th
7984,0.291063,0.035837,0.041094,0.2,0.0,0.016667,Bellevue_150th_SE38th
7985,0.292538,0.034186,0.040096,0.433333,0.0,0.0,Bellevue_150th_SE38th
7986,0.291234,0.035223,0.040655,0.3,0.0,0.0,Bellevue_150th_SE38th
7987,0.290644,0.036139,0.041177,0.066667,0.0,0.0,Bellevue_150th_SE38th
7988,0.28604,0.034548,0.039662,0.433333,0.0,0.0,Bellevue_150th_SE38th
7989,0.293075,0.035477,0.040975,0.5,0.0,0.0,Bellevue_150th_SE38th
7990,0.287521,0.035055,0.040186,0.066667,0.0,0.0,Bellevue_150th_SE38th
7991,0.289618,0.036472,0.041281,0.266667,0.0,0.0,Bellevue_150th_SE38th
7992,0.291126,0.035808,0.041007,0.333333,0.0,0.0,Bellevue_150th_SE38th
7993,0.287104,0.035174,0.040158,0.3,0.016667,0.066667,Bellevue_150th_SE38th
7994,0.387615,0.080111,0.072694,0.133333,0.0,0.0,Bellevue_150th_SE38th
7995,0.291375,0.037115,0.041802,0.233333,0.016667,0.0,Bellevue_150th_SE38th
7996,0.488584,0.134372,0.092613,0.355556,0.0,0.0,Bellevue_150th_SE38th
7997,0.289144,0.035245,0.040328,0.3,0.0,0.0,Bellevue_150th_SE38th
7998,0.288553,0.034185,0.039778,0.366667,0.0,0.0,Bellevue_150th_SE38th
7999,0.391547,0.084115,0.074809,0.422222,0.033333,0.066667,Bellevue_150th_SE38th
8000,0.288512,0.034782,0.040106,0.2,0.0,0.0,Bellevue_150th_SE38th
8001,0.288077,0.034188,0.039653,0.266667,0.0,0.0,Bellevue_150th_SE38th
8002,0.287536,0.03437,0.03977,0.233333,0.0,0.0,Bellevue_150th_SE38th
8003,0.374925,0.074009,0.06932,0.333333,0.0,0.0,Bellevue_150th_SE38th
8004,0.384765,0.077249,0.072051,0.372222,0.127778,0.1,Bellevue_150th_SE38th
8005,0.411747,0.088399,0.076883,0.233333,0.016667,0.0,Bellevue_150th_SE38th
8006,0.292482,0.03605,0.041253,0.166667,0.0,0.0,Bellevue_150th_SE38th
8007,0.285751,0.03548,0.040245,0.266667,0.0,0.0,Bellevue_150th_SE38th
8008,0.289065,0.034661,0.040076,0.4,0.0,0.0,Bellevue_150th_SE38th
8009,0.285737,0.033709,0.039072,0.2,0.0,0.0,Bellevue_150th_SE38th
8010,0.290318,0.036231,0.041155,0.266667,0.0,0.011111,Bellevue_150th_SE38th
8011,0.291651,0.036749,0.041686,0.2,0.0,0.0,Bellevue_150th_SE38th
8012,0.292076,0.036599,0.041605,0.4,0.0,0.0,Bellevue_150th_SE38th
8013,0.284918,0.0341,0.039238,0.366667,0.0,0.0,Bellevue_150th_SE38th
8014,0.28985,0.03617,0.041125,0.2,0.0,0.0,Bellevue_150th_SE38th
8015,0.295407,0.036945,0.042165,0.233333,0.0,0.0,Bellevue_150th_SE38th
8016,0.407974,0.094563,0.079126,0.672222,0.25,0.05,Bellevue_150th_SE38th
8017,0.382184,0.072412,0.070259,0.4,0.0,0.0,Bellevue_150th_SE38th
8018,0.28598,0.03451,0.039589,0.3,0.0,0.0,Bellevue_150th_SE38th
8019,0.287613,0.036338,0.040913,0.2,0.0,0.0,Bellevue_150th_SE38th
8020,0.289351,0.035419,0.040575,0.233333,0.033333,0.016667,Bellevue_150th_SE38th
8021,0.430854,0.101129,0.082999,0.233333,0.033333,0.0,Bellevue_150th_SE38th
8022,0.286802,0.034475,0.03968,0.166667,0.0,0.0,Bellevue_150th_SE38th
8023,0.288424,0.035434,0.040506,0.233333,0.0,0.0,Bellevue_150th_SE38th
8024,0.289384,0.034505,0.040004,0.133333,0.0,0.0,Bellevue_150th_SE38th
8025,0.280929,0.031871,0.037387,0.333333,0.0,0.0,Bellevue_150th_SE38th
8026,0.28391,0.032958,0.038455,0.166667,0.0,0.0,Bellevue_150th_SE38th
8027,0.283287,0.034028,0.03908,0.233333,0.0,0.0,Bellevue_150th_SE38th
8028,0.289911,0.035613,0.040683,0.422222,0.083333,0.083333,Bellevue_150th_SE38th
8029,0.374897,0.070213,0.068495,0.3,0.0,0.0,Bellevue_150th_SE38th
8030,0.283964,0.033535,0.038747,0.166667,0.0,0.0,Bellevue_150th_SE38th
8031,0.291955,0.035454,0.040848,0.2,0.0,0.0,Bellevue_150th_SE38th
8032,0.289713,0.0347,0.040177,0.3,0.0,0.0,Bellevue_150th_SE38th
8033,0.289301,0.033877,0.039566,0.3,0.0,0.0,Bellevue_150th_SE38th
8034,0.291711,0.034291,0.040076,0.266667,0.0,0.0,Bellevue_150th_SE38th
8035,0.293365,0.036267,0.04149,0.538889,0.033333,0.052778,Bellevue_150th_SE38th
8036,0.338442,0.050746,0.055748,0.2,0.0,0.0,Bellevue_150th_SE38th
8037,0.291414,0.033471,0.039489,0.366667,0.0,0.0,Bellevue_150th_SE38th
8038,0.28949,0.034404,0.03998,0.233333,0.0,0.0,Bellevue_150th_SE38th
8039,0.287132,0.035516,0.040418,0.383333,0.066667,0.1,Bellevue_150th_SE38th
8040,0.387773,0.079586,0.072108,0.1,0.0,0.0,Bellevue_150th_SE38th
8041,0.288265,0.034568,0.039865,0.233333,0.0,0.0,Bellevue_150th_SE38th
8042,0.29242,0.034428,0.040227,0.066667,0.0,0.0,Bellevue_150th_SE38th
8043,0.292027,0.035512,0.040849,0.366667,0.0,0.0,Bellevue_150th_SE38th
8044,0.290391,0.033934,0.039731,0.266667,0.0,0.0,Bellevue_150th_SE38th
8045,0.2891,0.03438,0.039822,0.4,0.0,0.0,Bellevue_150th_SE38th
8046,0.286872,0.033275,0.038955,0.233333,0.0,0.0,Bellevue_150th_SE38th
8047,0.291121,0.035173,0.040615,0.3,0.0,0.0,Bellevue_150th_SE38th
8048,0.288944,0.034227,0.039789,0.233333,0.0,0.0,Bellevue_150th_SE38th
8049,0.283843,0.033004,0.038398,0.2,0.0,0.0,Bellevue_150th_SE38th
8050,0.290663,0.035324,0.040611,0.466667,0.0,0.0,Bellevue_150th_SE38th
8051,0.290247,0.035605,0.040739,0.3,0.0,0.0,Bellevue_150th_SE38th
8052,0.292428,0.035702,0.041011,0.166667,0.0,0.0,Bellevue_150th_SE38th
8053,0.29657,0.035808,0.041538,0.562778,0.183333,0.108333,Bellevue_150th_SE38th
8054,0.456112,0.112597,0.086927,0.327778,0.077778,0.061111,Bellevue_150th_SE38th
8055,0.488949,0.126308,0.09171,0.522222,0.066667,0.0,Bellevue_150th_SE38th
8056,0.405661,0.080032,0.0759,0.629444,0.133333,0.116667,Bellevue_150th_SE38th
8057,0.449093,0.116745,0.086496,0.394444,0.066667,0.008333,Bellevue_150th_SE38th
8058,0.301729,0.03504,0.042779,0.433333,0.0,0.0,Bellevue_150th_SE38th
8059,0.290953,0.037193,0.041821,0.366667,0.0,0.0,Bellevue_150th_SE38th
8060,0.291219,0.034945,0.04048,0.333333,0.0,0.0,Bellevue_150th_SE38th
8061,0.2896,0.03471,0.04015,0.5,0.0,0.094444,Bellevue_150th_SE38th
8062,0.397722,0.088262,0.075607,0.266667,0.0,0.0,Bellevue_150th_SE38th
8063,0.290907,0.036132,0.041175,0.233333,0.0,0.0,Bellevue_150th_SE38th
8064,0.283215,0.034942,0.039594,0.133333,0.0,0.0,Bellevue_150th_SE38th
8065,0.288469,0.033817,0.039439,0.366667,0.0,0.0,Bellevue_150th_SE38th
8066,0.289271,0.035709,0.040707,0.466667,0.0,0.0,Bellevue_150th_SE38th
8067,0.294661,0.037084,0.042175,0.433333,0.0,0.0,Bellevue_150th_SE38th
8068,0.292813,0.036261,0.041458,0.266667,0.0,0.0,Bellevue_150th_SE38th
8069,0.290627,0.033642,0.039609,0.2,0.0,0.0,Bellevue_150th_SE38th
8070,0.293629,0.035391,0.040986,0.266667,0.0,0.0,Bellevue_150th_SE38th
8071,0.294782,0.036409,0.041734,0.133333,0.0,0.0,Bellevue_150th_SE38th
8072,0.29471,0.035763,0.041275,0.233333,0.0,0.0,Bellevue_150th_SE38th
8073,0.288315,0.034484,0.039838,0.3,0.0,0.0,Bellevue_150th_SE38th
8074,0.290263,0.035313,0.04057,0.35,0.033333,0.033333,Bellevue_150th_SE38th
8075,0.331228,0.043092,0.051186,0.166667,0.0,0.0,Bellevue_150th_SE38th
8076,0.292539,0.035949,0.041177,0.3,0.0,0.0,Bellevue_150th_SE38th
8077,0.288178,0.034456,0.039719,0.233333,0.0,0.0,Bellevue_150th_SE38th
8078,0.288996,0.035218,0.040391,0.266667,0.0,0.0,Bellevue_150th_SE38th
8079,0.295892,0.038709,0.043299,0.3,0.0,0.0,Bellevue_150th_SE38th
8080,0.292375,0.036392,0.041463,0.066667,0.0,0.0,Bellevue_150th_SE38th
8081,0.294247,0.036075,0.041465,0.366667,0.0,0.0,Bellevue_150th_SE38th
8082,0.28842,0.033948,0.039529,0.2,0.0,0.0,Bellevue_150th_SE38th
8083,0.29145,0.035251,0.040713,0.166667,0.0,0.0,Bellevue_150th_SE38th
8084,0.294995,0.03594,0.041493,0.266667,0.0,0.0,Bellevue_150th_SE38th
8085,0.290237,0.034468,0.04003,0.333333,0.0,0.0,Bellevue_150th_SE38th
8086,0.285442,0.03313,0.038683,0.133333,0.0,0.0,Bellevue_150th_SE38th
8087,0.289682,0.035774,0.040769,0.033333,0.0,0.0,Bellevue_150th_SE38th
8088,0.282965,0.034205,0.039127,0.2,0.0,0.0,Bellevue_150th_SE38th
8089,0.286485,0.034244,0.039456,0.4,0.0,0.0,Bellevue_150th_SE38th
8090,0.28285,0.033114,0.038454,0.2,0.0,0.0,Bellevue_150th_SE38th
8091,0.287197,0.034328,0.03966,0.366667,0.0,0.0,Bellevue_150th_SE38th
8092,0.282243,0.031893,0.037508,0.366667,0.0,0.0,Bellevue_150th_SE38th
8093,0.281269,0.031808,0.03739,0.2,0.0,0.0,Bellevue_150th_SE38th
8094,0.291178,0.034835,0.040336,0.2,0.0,0.0,Bellevue_150th_SE38th
8095,0.289823,0.03597,0.040939,0.433333,0.0,0.0,Bellevue_150th_SE38th
8096,0.29478,0.036242,0.041574,0.2,0.0,0.0,Bellevue_150th_SE38th
8097,0.291224,0.034636,0.040167,0.266667,0.0,0.0,Bellevue_150th_SE38th
8098,0.288675,0.033785,0.039441,0.166667,0.0,0.0,Bellevue_150th_SE38th
8099,0.290972,0.03533,0.040641,0.433333,0.0,0.0,Bellevue_150th_SE38th
8100,0.293989,0.034962,0.04074,0.2,0.0,0.0,Bellevue_150th_SE38th
8101,0.287528,0.032201,0.038316,0.233333,0.0,0.0,Bellevue_150th_SE38th
8102,0.282629,0.03264,0.038083,0.233333,0.0,0.0,Bellevue_150th_SE38th
8103,0.287128,0.034464,0.039716,0.433333,0.0,0.0,Bellevue_150th_SE38th
8104,0.288831,0.034317,0.039807,0.133333,0.0,0.0,Bellevue_150th_SE38th
8105,0.280793,0.031866,0.03743,0.4,0.0,0.0,Bellevue_150th_SE38th
8106,0.28567,0.03337,0.038845,0.266667,0.0,0.0,Bellevue_150th_SE38th
8107,0.289609,0.035228,0.040485,0.2,0.0,0.0,Bellevue_150th_SE38th
8108,0.28796,0.034417,0.039826,0.1,0.0,0.0,Bellevue_150th_SE38th
8109,0.287426,0.033521,0.039141,0.2,0.0,0.0,Bellevue_150th_SE38th
8110,0.283172,0.033831,0.038865,0.233333,0.0,0.033333,Bellevue_150th_SE38th
8111,0.289663,0.035575,0.040651,0.1,0.0,0.0,Bellevue_150th_SE38th
8112,0.290968,0.034961,0.040383,0.133333,0.0,0.0,Bellevue_150th_SE38th
8113,0.281893,0.032704,0.038022,0.2,0.0,0.0,Bellevue_150th_SE38th
8114,0.280981,0.031922,0.037397,0.266667,0.0,0.0,Bellevue_150th_SE38th
8115,0.284592,0.034022,0.039201,0.528333,0.15,0.033333,Bellevue_150th_SE38th
8116,0.418061,0.095006,0.080769,0.671389,0.020556,0.012222,Bellevue_150th_SE38th
8117,0.466952,0.11588,0.088342,0.527778,0.1,0.027778,Bellevue_150th_SE38th
8118,0.375714,0.070266,0.068666,0.433333,0.0,0.0,Bellevue_150th_SE38th
8119,0.287915,0.035348,0.040381,0.166667,0.0,0.0,Bellevue_150th_SE38th
8120,0.287456,0.034732,0.039904,0.233333,0.0,0.0,Bellevue_150th_SE38th
8121,0.287533,0.033877,0.039328,0.233333,0.0,0.0,Bellevue_150th_SE38th
8122,0.282475,0.031044,0.037071,0.433333,0.0,0.0,Bellevue_150th_SE38th
8123,0.290582,0.035776,0.040928,0.6,0.0,0.1,Bellevue_150th_SE38th
8124,0.447521,0.102242,0.084264,0.391667,0.008333,0.0,Bellevue_150th_SE38th
8125,0.35856,0.06449,0.063971,0.233333,0.0,0.0,Bellevue_150th_SE38th
8126,0.285177,0.034668,0.039633,0.3,0.0,0.0,Bellevue_150th_SE38th
8127,0.288064,0.033947,0.039482,0.266667,0.0,0.0,Bellevue_150th_SE38th
8128,0.29141,0.035841,0.041081,0.333333,0.0,0.0,Bellevue_150th_SE38th
8129,0.290707,0.035305,0.040625,0.166667,0.0,0.0,Bellevue_150th_SE38th
8130,0.28648,0.03409,0.039434,0.2,0.0,0.0,Bellevue_150th_SE38th
8131,0.285691,0.033651,0.039049,0.366667,0.0,0.0,Bellevue_150th_SE38th
8132,0.290159,0.035492,0.040675,0.133333,0.0,0.0,Bellevue_150th_SE38th
8133,0.290379,0.035152,0.040469,0.1,0.0,0.0,Bellevue_150th_SE38th
8134,0.290419,0.033347,0.039361,0.266667,0.0,0.0,Bellevue_150th_SE38th
8135,0.289568,0.035484,0.040647,0.266667,0.0,0.0,Bellevue_150th_SE38th
8136,0.290701,0.035151,0.040553,0.2,0.0,0.0,Bellevue_150th_SE38th
8137,0.285878,0.034408,0.039613,0.333333,0.0,0.0,Bellevue_150th_SE38th
8138,0.289219,0.03571,0.040723,0.166667,0.0,0.0,Bellevue_150th_SE38th
8139,0.282051,0.032884,0.038208,0.4,0.0,0.0,Bellevue_150th_SE38th
8140,0.288853,0.035435,0.040514,0.333333,0.0,0.0,Bellevue_150th_SE38th
8141,0.285681,0.0341,0.039326,0.3,0.033333,0.05,Bellevue_150th_SE38th
8142,0.429243,0.105607,0.082262,0.2,0.083333,0.0,Bellevue_150th_SE38th
8143,0.417952,0.094354,0.080591,0.644444,0.0,0.041111,Bellevue_150th_SE38th
8144,0.421888,0.099327,0.081822,0.402778,0.0,0.075,Bellevue_150th_SE38th
8145,0.400474,0.081756,0.075669,0.333333,0.033333,0.1,Bellevue_150th_SE38th
8146,0.410291,0.09,0.078828,0.372222,0.044444,0.0,Bellevue_150th_SE38th
8147,0.29219,0.034888,0.040517,0.4,0.0,0.0,Bellevue_150th_SE38th
8148,0.294817,0.038625,0.043086,0.383333,0.066667,0.016667,Bellevue_150th_SE38th
8149,0.45845,0.10886,0.086739,0.233333,0.0,0.0,Bellevue_150th_SE38th
8150,0.310248,0.039512,0.045715,0.2,0.0,0.0,Bellevue_150th_SE38th
8151,0.290663,0.033147,0.039192,0.166667,0.0,0.0,Bellevue_150th_SE38th
8152,0.293244,0.036363,0.041575,0.5,0.0,0.0,Bellevue_150th_SE38th
8153,0.28736,0.03398,0.039502,0.133333,0.0,0.0,Bellevue_150th_SE38th
8154,0.284712,0.035027,0.039783,0.433333,0.0,0.0,Bellevue_150th_SE38th
8155,0.398144,0.084495,0.07567,0.297222,0.0,0.105556,Bellevue_150th_SE38th
8156,0.45266,0.110695,0.086345,0.433333,0.0,0.0,Bellevue_150th_SE38th
8157,0.294504,0.03462,0.040669,0.366667,0.0,0.0,Bellevue_150th_SE38th
8158,0.289014,0.033435,0.039249,0.333333,0.0,0.0,Bellevue_150th_SE38th
8159,0.291955,0.03583,0.04106,0.466667,0.0,0.0,Bellevue_150th_SE38th
8160,0.295524,0.038204,0.042982,0.446905,0.083333,0.008333,Bellevue_150th_SE38th
8161,0.425241,0.098705,0.082134,0.405556,0.097222,0.044444,Bellevue_150th_SE38th
8162,0.430227,0.104033,0.083086,0.266667,0.0,0.0,Bellevue_150th_SE38th
8163,0.289053,0.034428,0.039857,0.266667,0.0,0.0,Bellevue_150th_SE38th
8164,0.290138,0.035702,0.040826,0.3,0.0,0.0,Bellevue_150th_SE38th
8165,0.288296,0.035338,0.040381,0.3,0.0,0.0,Bellevue_150th_SE38th
8166,0.285831,0.035064,0.039942,0.3,0.0,0.0,Bellevue_150th_SE38th
8167,0.28693,0.03351,0.039116,0.1,0.0,0.0,Bellevue_150th_SE38th
8168,0.29069,0.034831,0.040388,0.233333,0.0,0.0,Bellevue_150th_SE38th
8169,0.289909,0.037139,0.041671,0.4,0.0,0.0,Bellevue_150th_SE38th
8170,0.290837,0.03456,0.0401,0.3,0.0,0.0,Bellevue_150th_SE38th
8171,0.289043,0.035171,0.040372,0.266667,0.0,0.0,Bellevue_150th_SE38th
8172,0.284908,0.034997,0.039857,0.2,0.0,0.0,Bellevue_150th_SE38th
8173,0.290578,0.034534,0.040148,0.466667,0.0,0.0,Bellevue_150th_SE38th
8174,0.29322,0.035403,0.040949,0.233333,0.0,0.0,Bellevue_150th_SE38th
8175,0.288559,0.034996,0.040193,0.433333,0.055556,0.016667,Bellevue_150th_SE38th
8176,0.536938,0.157246,0.099971,0.583889,0.041111,0.078889,Bellevue_150th_SE38th
8177,0.51248,0.131642,0.094646,0.540556,0.077778,0.083333,Bellevue_150th_SE38th
8178,0.45393,0.117379,0.087254,0.333333,0.116667,0.1,Bellevue_150th_SE38th
8179,0.285382,0.032634,0.038332,0.166667,0.0,0.0,Bellevue_150th_SE38th
8180,0.286068,0.03489,0.039866,0.333333,0.0,0.0,Bellevue_150th_SE38th
8181,0.289102,0.0344,0.039921,0.266667,0.0,0.0,Bellevue_150th_SE38th
8182,0.379729,0.076424,0.070717,0.166667,0.0,0.0,Bellevue_150th_SE38th
8183,0.407795,0.090884,0.078625,0.316667,0.033333,0.066667,Bellevue_150th_SE38th
8184,0.295131,0.036991,0.042167,0.2,0.0,0.0,Bellevue_150th_SE38th
8185,0.285922,0.034608,0.039682,0.266667,0.0,0.0,Bellevue_150th_SE38th
8186,0.282102,0.033312,0.038479,0.166667,0.0,0.0,Bellevue_150th_SE38th
8187,0.281351,0.032966,0.038174,0.2,0.0,0.0,Bellevue_150th_SE38th
8188,0.285265,0.033955,0.039175,0.366667,0.0,0.0,Bellevue_150th_SE38th
8189,0.524887,0.155817,0.098698,0.955556,0.177778,0.405556,Bellevue_150th_SE38th
8190,0.455861,0.104025,0.085901,0.591667,0.061111,0.127778,Bellevue_150th_SE38th
8191,0.350198,0.055797,0.058974,0.366667,0.011111,0.0,Bellevue_150th_SE38th
8192,0.409481,0.092799,0.079213,0.319444,0.0,0.0,Bellevue_150th_SE38th
8193,0.404546,0.091201,0.078123,0.497222,0.036111,0.0,Bellevue_150th_SE38th
8194,0.457639,0.106867,0.086426,0.266667,0.016667,0.0,Bellevue_150th_SE38th
8195,0.367888,0.070025,0.066814,0.340556,0.0,0.029762,Bellevue_150th_SE38th
8196,0.493266,0.12641,0.092151,0.429444,0.094444,0.011111,Bellevue_150th_SE38th
8197,0.451485,0.106956,0.085505,0.433333,0.0,0.144444,Bellevue_150th_SE38th
8198,0.293807,0.032536,0.039088,0.3,0.0,0.0,Bellevue_150th_SE38th
8199,0.291109,0.035487,0.040732,0.233333,0.0,0.0,Bellevue_150th_SE38th
8200,0.383519,0.077744,0.071951,0.355556,0.033333,0.011111,Bellevue_150th_SE38th
8201,0.296514,0.035753,0.041564,0.233333,0.0,0.0,Bellevue_150th_SE38th
8202,0.284815,0.033275,0.038725,0.2,0.0,0.0,Bellevue_150th_SE38th
8203,0.288201,0.032981,0.038883,0.266667,0.0,0.0,Bellevue_150th_SE38th
8204,0.369469,0.064927,0.065608,0.233333,0.0,0.0,Bellevue_150th_SE38th
8205,0.444055,0.106541,0.084783,0.2,0.0,0.0,Bellevue_150th_SE38th
8206,0.286747,0.032351,0.03835,0.233333,0.0,0.0,Bellevue_150th_SE38th
8207,0.381096,0.073359,0.070143,0.2,0.0,0.0,Bellevue_150th_SE38th
8208,0.476451,0.126624,0.090521,0.35,0.094444,0.05,Bellevue_150th_SE38th
8209,0.296859,0.032405,0.040892,0.2,0.0,0.0,Bellevue_150th_SE38th
8210,0.286469,0.033232,0.038797,0.379444,0.033333,0.077778,Bellevue_150th_SE38th
8211,0.33376,0.039976,0.049405,0.26,0.011111,0.038889,Bellevue_150th_SE38th
8212,0.474647,0.124938,0.09018,0.283333,0.0,0.05,Bellevue_150th_SE38th
8213,0.291667,0.034312,0.039996,0.366667,0.0,0.0,Bellevue_150th_SE38th
8214,0.286755,0.032527,0.038406,0.266667,0.0,0.0,Bellevue_150th_SE38th
8215,0.288781,0.033893,0.039436,0.333333,0.0,0.0,Bellevue_150th_SE38th
8216,0.290426,0.034335,0.039954,0.233333,0.0,0.0,Bellevue_150th_SE38th
8217,0.291876,0.034637,0.040245,0.333333,0.0,0.1,Bellevue_150th_SE38th
8218,0.462128,0.101575,0.086244,0.593333,0.192778,0.05,Bellevue_150th_SE38th
8219,0.440493,0.101598,0.084118,0.54373,0.022222,0.026111,Bellevue_150th_SE38th
8220,0.384133,0.076679,0.07184,0.386111,0.011111,0.016667,Bellevue_150th_SE38th
8221,0.293289,0.033697,0.039894,0.266667,0.0,0.0,Bellevue_150th_SE38th
8222,0.288212,0.032718,0.038685,0.3,0.0,0.0,Bellevue_150th_SE38th
8223,0.289944,0.034985,0.040333,0.133333,0.0,0.0,Bellevue_150th_SE38th
8224,0.293868,0.036462,0.041706,0.066667,0.0,0.0,Bellevue_150th_SE38th
8225,0.384196,0.077928,0.072154,0.6,0.033333,0.080556,Bellevue_150th_SE38th
8226,0.480814,0.1229,0.090426,0.972222,0.132778,0.117778,Bellevue_150th_SE38th
8227,0.478867,0.121847,0.09021,0.365556,0.041667,0.033333,Bellevue_150th_SE38th
8228,0.318633,0.040586,0.047208,0.133333,0.0,0.033333,Bellevue_150th_SE38th
8229,0.504419,0.136084,0.094363,0.166667,0.016667,0.033333,Bellevue_150th_SE38th
8230,0.28956,0.033449,0.039288,0.3,0.0,0.0,Bellevue_150th_SE38th
8231,0.288744,0.031819,0.038143,0.2,0.0,0.0,Bellevue_150th_SE38th
8232,0.289131,0.0338,0.039456,0.133333,0.0,0.0,Bellevue_150th_SE38th
8233,0.285819,0.031825,0.037829,0.1,0.0,0.0,Bellevue_150th_SE38th
8234,0.284937,0.031652,0.037678,0.066667,0.0,0.0,Bellevue_150th_SE38th
8235,0.292316,0.032607,0.038977,0.373889,0.054167,0.0,Bellevue_150th_SE38th
8236,0.446193,0.110501,0.085645,0.567222,0.016667,0.161111,Bellevue_150th_SE38th
8237,0.379625,0.070616,0.069222,0.266667,0.0,0.0,Bellevue_150th_SE38th
8238,0.291262,0.032128,0.03858,0.133333,0.0,0.0,Bellevue_150th_SE38th
8239,0.287737,0.033423,0.039062,0.133333,0.0,0.0,Bellevue_150th_SE38th
8240,0.388337,0.079816,0.07327,0.413889,0.094444,0.1,Bellevue_150th_SE38th
8241,0.403469,0.080206,0.075613,0.233333,0.0,0.0,Bellevue_150th_SE38th
8242,0.417684,0.0918,0.080091,0.695423,0.052778,0.068704,Bellevue_150th_SE38th
8243,0.474966,0.119511,0.089585,0.667778,0.0,0.032778,Bellevue_150th_SE38th
8244,0.434221,0.103137,0.0831,0.133333,0.0,0.0,Bellevue_150th_SE38th
8245,0.288792,0.033377,0.039168,0.1,0.0,0.0,Bellevue_150th_SE38th
8246,0.335905,0.053073,0.055627,0.1,0.0,0.066667,Bellevue_150th_SE38th
8247,0.450465,0.112707,0.086375,0.455556,0.0,0.033333,Bellevue_150th_SE38th
8248,0.287623,0.033276,0.038959,0.166667,0.0,0.0,Bellevue_150th_SE38th
8249,0.294473,0.032892,0.039349,0.266667,0.0,0.0,Bellevue_150th_SE38th
8250,0.288852,0.032615,0.038642,0.033333,0.0,0.0,Bellevue_150th_SE38th
8251,0.289344,0.032326,0.03854,0.166667,0.0,0.0,Bellevue_150th_SE38th
8252,0.289829,0.034908,0.040221,0.233333,0.0,0.0,Bellevue_150th_SE38th
8253,0.289243,0.033984,0.039561,0.166667,0.0,0.0,Bellevue_150th_SE38th
8254,0.290571,0.032905,0.039027,0.166667,0.0,0.0,Bellevue_150th_SE38th
8255,0.284698,0.032338,0.038073,0.2,0.0,0.0,Bellevue_150th_SE38th
8256,0.290735,0.033871,0.039636,0.133333,0.0,0.0,Bellevue_150th_SE38th
8257,0.289115,0.033135,0.039004,0.166667,0.0,0.0,Bellevue_150th_SE38th
8258,0.286417,0.033471,0.038919,0.366667,0.0,0.0,Bellevue_150th_SE38th
8259,0.286426,0.032234,0.038147,0.066667,0.0,0.0,Bellevue_150th_SE38th
8260,0.286895,0.032902,0.038695,0.233333,0.0,0.0,Bellevue_150th_SE38th
8261,0.288772,0.032299,0.038397,0.2,0.0,0.0,Bellevue_150th_SE38th
8262,0.289504,0.032285,0.038518,0.366667,0.0,0.0,Bellevue_150th_SE38th
8263,0.291442,0.03337,0.039357,0.2,0.0,0.0,Bellevue_150th_SE38th
8264,0.288789,0.034687,0.040046,0.316667,0.133333,0.066667,Bellevue_150th_SE38th
8265,0.404075,0.088145,0.077517,0.325,0.041667,0.033333,Bellevue_150th_SE38th
8266,0.471129,0.117321,0.08893,0.25,0.0,0.033333,Bellevue_150th_SE38th
8267,0.397128,0.082167,0.075196,0.3,0.0,0.0,Bellevue_150th_SE38th
8268,0.378672,0.071203,0.069169,0.388889,0.016667,0.077778,Bellevue_150th_SE38th
8269,0.456521,0.110039,0.086679,0.533333,0.016667,0.233333,Bellevue_150th_SE38th
8270,0.416034,0.087225,0.079082,0.266667,0.016667,0.066667,Bellevue_150th_SE38th
8271,0.287798,0.031307,0.03786,0.133333,0.0,0.0,Bellevue_150th_SE38th
8272,0.290298,0.034276,0.03993,0.503333,0.116667,0.033333,Bellevue_150th_SE38th
8273,0.293784,0.035164,0.040981,0.3,0.0,0.0,Bellevue_150th_SE38th
8274,0.285761,0.032155,0.03802,0.166667,0.0,0.0,Bellevue_150th_SE38th
8275,0.29145,0.03357,0.039565,0.1,0.0,0.0,Bellevue_150th_SE38th
8276,0.290343,0.034761,0.04022,0.266667,0.0,0.0,Bellevue_150th_SE38th
8277,0.29189,0.033075,0.039269,0.1,0.0,0.0,Bellevue_150th_SE38th
8278,0.284212,0.031889,0.037698,0.166667,0.0,0.0,Bellevue_150th_SE38th
8279,0.289383,0.033084,0.039011,0.266667,0.0,0.0,Bellevue_150th_SE38th
8280,0.287976,0.035482,0.040372,0.266667,0.0,0.0,Bellevue_150th_SE38th
8281,0.291695,0.03569,0.040935,0.166667,0.0,0.0,Bellevue_150th_SE38th
8282,0.293405,0.033884,0.039902,0.1,0.0,0.0,Bellevue_150th_SE38th
8283,0.292685,0.032785,0.039179,0.233333,0.0,0.0,Bellevue_150th_SE38th
8284,0.297307,0.035921,0.041691,0.166667,0.0,0.0,Bellevue_150th_SE38th
8285,0.289829,0.034846,0.040201,0.333333,0.0,0.0,Bellevue_150th_SE38th
8286,0.288649,0.034118,0.039639,0.2,0.0,0.0,Bellevue_150th_SE38th
8287,0.292211,0.033501,0.039528,0.276667,0.066667,0.116667,Bellevue_150th_SE38th
8288,0.404466,0.087193,0.077318,0.0,0.0,0.0,Bellevue_150th_SE38th
8289,0.287698,0.033381,0.039015,0.133333,0.0,0.0,Bellevue_150th_SE38th
8290,0.283764,0.03252,0.038082,0.3,0.0,0.0,Bellevue_150th_SE38th
8291,0.28882,0.032678,0.038673,0.233333,0.0,0.0,Bellevue_150th_SE38th
8292,0.293692,0.03633,0.041573,0.188889,0.0,0.011111,Bellevue_150th_SE38th
8293,0.394833,0.084502,0.075373,0.482222,0.044444,0.011111,Bellevue_150th_SE38th
8294,0.294427,0.034588,0.040552,0.033333,0.0,0.0,Bellevue_150th_SE38th
8295,0.287487,0.033984,0.039388,0.133333,0.0,0.0,Bellevue_150th_SE38th
8296,0.29296,0.034866,0.040567,0.3,0.0,0.0,Bellevue_150th_SE38th
8297,0.297948,0.035863,0.04175,0.4,0.0,0.0,Bellevue_150th_SE38th
8298,0.294287,0.033775,0.039855,0.1,0.0,0.0,Bellevue_150th_SE38th
8299,0.287848,0.031885,0.038113,0.233333,0.0,0.0,Bellevue_150th_SE38th
8300,0.29314,0.03462,0.040463,0.366667,0.0,0.0,Bellevue_150th_SE38th
8301,0.290101,0.034023,0.039711,0.166667,0.0,0.0,Bellevue_150th_SE38th
8302,0.287641,0.032088,0.038186,0.2,0.0,0.0,Bellevue_150th_SE38th
8303,0.288753,0.032927,0.038876,0.166667,0.0,0.0,Bellevue_150th_SE38th
8304,0.295637,0.036247,0.041748,0.35,0.05,0.0,Bellevue_150th_SE38th
8305,0.401736,0.087663,0.0771,0.363889,0.033333,0.083333,Bellevue_150th_SE38th
8306,0.413911,0.090856,0.079426,0.2,0.0,0.0,Bellevue_150th_SE38th
8307,0.288103,0.033251,0.038987,0.066667,0.0,0.0,Bellevue_150th_SE38th
8308,0.388317,0.075549,0.071773,0.144444,0.0,0.008333,Bellevue_150th_SE38th
8309,0.443303,0.102194,0.084466,0.272222,0.0,0.0,Bellevue_150th_SE38th
8310,0.35908,0.05886,0.061839,0.276667,0.033333,0.016667,Bellevue_150th_SE38th
8311,0.485116,0.123873,0.091038,0.452778,0.033333,0.033333,Bellevue_150th_SE38th
8312,0.384597,0.074846,0.070347,0.1,0.0,0.0,Bellevue_150th_SE38th
8313,0.296373,0.038025,0.042689,0.366667,0.0,0.0,Bellevue_150th_SE38th
8314,0.286943,0.032708,0.038479,0.233333,0.0,0.0,Bellevue_150th_SE38th
8315,0.29207,0.033934,0.039832,0.366667,0.0,0.0,Bellevue_150th_SE38th
8316,0.29248,0.033589,0.039597,0.333333,0.0,0.0,Bellevue_150th_SE38th
8317,0.418545,0.096313,0.081033,0.166667,0.0,0.033333,Bellevue_150th_SE38th
8318,0.410772,0.090537,0.078964,0.433333,0.0,0.0,Bellevue_150th_SE38th
8319,0.294971,0.037703,0.042599,0.133333,0.0,0.0,Bellevue_150th_SE38th
8320,0.277465,0.032662,0.037544,0.365556,0.066667,0.1,Bellevue_150th_SE38th
8321,0.292615,0.034929,0.040789,0.166667,0.0,0.0,Bellevue_150th_SE38th
8322,0.274953,0.030954,0.036128,0.2,0.0,0.0,Bellevue_150th_SE38th
8323,0.275958,0.029952,0.03568,0.266667,0.0,0.0,Bellevue_150th_SE38th
8324,0.269124,0.03015,0.03504,0.133333,0.0,0.0,Bellevue_150th_SE38th
8325,0.27469,0.030345,0.035786,0.266667,0.0,0.0,Bellevue_150th_SE38th
8326,0.272112,0.029278,0.034736,0.4,0.0,0.0,Bellevue_150th_SE38th
8327,0.272426,0.027814,0.03382,0.1,0.0,0.0,Bellevue_150th_SE38th
8328,0.295755,0.038442,0.042939,0.476667,0.0,0.13,Bellevue_150th_SE38th
8329,0.284224,0.032052,0.037724,0.366667,0.0,0.0,Bellevue_150th_SE38th
8330,0.273712,0.028633,0.034445,0.338889,0.0,0.133333,Bellevue_150th_SE38th
8331,0.324158,0.044062,0.050233,0.166667,0.0,0.0,Bellevue_150th_SE38th
8332,0.278525,0.031272,0.036695,0.2,0.0,0.0,Bellevue_150th_SE38th
8333,0.277836,0.031189,0.03655,0.3,0.0,0.0,Bellevue_150th_SE38th
8334,0.269901,0.028583,0.034078,0.466667,0.0,0.0,Bellevue_150th_SE38th
8335,0.271672,0.027757,0.033728,0.166667,0.0,0.0,Bellevue_150th_SE38th
8336,0.275081,0.03059,0.035856,0.3,0.0,0.0,Bellevue_150th_SE38th
8337,0.270034,0.027933,0.033727,0.333333,0.0,0.0,Bellevue_150th_SE38th
8338,0.369184,0.067187,0.066327,0.416667,0.0,0.066667,Bellevue_150th_SE38th
8339,0.276762,0.025875,0.033084,0.266667,0.0,0.0,Bellevue_150th_SE38th
8340,0.282289,0.031992,0.037555,0.2,0.0,0.0,Bellevue_150th_SE38th
8341,0.273455,0.02837,0.034302,0.166667,0.0,0.0,Bellevue_150th_SE38th
8342,0.27291,0.028122,0.034086,0.266667,0.0,0.0,Bellevue_150th_SE38th
8343,0.272256,0.027598,0.03374,0.333333,0.0,0.0,Bellevue_150th_SE38th
8344,0.277291,0.030475,0.036121,0.166667,0.0,0.0,Bellevue_150th_SE38th
8345,0.367502,0.070067,0.067121,0.4,0.0,0.033333,Bellevue_150th_SE38th
8346,0.372469,0.070092,0.067874,0.416667,0.016667,0.058333,Bellevue_150th_SE38th
8347,0.488857,0.118754,0.090871,0.563333,0.056667,0.072222,Bellevue_150th_SE38th
8348,0.275749,0.027678,0.034168,0.436111,0.066667,0.066667,Bellevue_150th_SE38th
8349,0.386295,0.069275,0.0696,0.133333,0.0,0.0,Bellevue_150th_SE38th
8350,0.386812,0.081883,0.073495,0.433333,0.0,0.061111,Bellevue_150th_SE38th
8351,0.267838,0.027766,0.033381,0.366667,0.0,0.0,Bellevue_150th_SE38th
8352,0.268337,0.028643,0.033973,0.166667,0.0,0.0,Bellevue_150th_SE38th
8353,0.273375,0.0293,0.034939,0.233333,0.0,0.0,Bellevue_150th_SE38th
8354,0.272256,0.029426,0.034891,0.333333,0.0,0.0,Bellevue_150th_SE38th
8355,0.269481,0.028771,0.034153,0.233333,0.0,0.0,Bellevue_150th_SE38th
8356,0.271234,0.029484,0.034843,0.233333,0.0,0.0,Bellevue_150th_SE38th
8357,0.275606,0.03165,0.036701,0.3,0.0,0.0,Bellevue_150th_SE38th
8358,0.270099,0.029799,0.034894,0.433333,0.0,0.0,Bellevue_150th_SE38th
8359,0.268677,0.028948,0.034212,0.266667,0.0,0.0,Bellevue_150th_SE38th
8360,0.27177,0.031249,0.035993,0.455556,0.033333,0.05,Bellevue_150th_SE38th
8361,0.376742,0.072379,0.069444,0.066667,0.0,0.0,Bellevue_150th_SE38th
8362,0.270608,0.029065,0.034495,0.166667,0.0,0.0,Bellevue_150th_SE38th
8363,0.269848,0.029183,0.034439,0.333333,0.0,0.0,Bellevue_150th_SE38th
8364,0.272313,0.030358,0.035469,0.166667,0.0,0.0,Bellevue_150th_SE38th
8365,0.439455,0.110329,0.085017,0.4,0.033333,0.033333,Bellevue_150th_SE38th
8366,0.275146,0.029354,0.035158,0.366667,0.0,0.0,Bellevue_150th_SE38th
8367,0.270952,0.028461,0.034094,0.233333,0.0,0.0,Bellevue_150th_SE38th
8368,0.269887,0.030751,0.035464,0.3,0.0,0.0,Bellevue_150th_SE38th
8369,0.274656,0.03243,0.037038,0.3,0.0,0.0,Bellevue_150th_SE38th
8370,0.277618,0.032837,0.037687,0.4,0.033333,0.116667,Bellevue_150th_SE38th
8371,0.408833,0.085245,0.077142,0.4,0.0,0.0,Bellevue_150th_SE38th
8372,0.272658,0.030739,0.035756,0.266667,0.0,0.0,Bellevue_150th_SE38th
8373,0.270064,0.029863,0.035076,0.483333,0.083333,0.05,Bellevue_150th_SE38th
8374,0.426999,0.101744,0.082625,0.455556,0.027778,0.144444,Bellevue_150th_SE38th
8375,0.474628,0.119585,0.089518,0.461111,0.033333,0.041667,Bellevue_150th_SE38th
8376,0.382071,0.077649,0.071642,0.25,0.0,0.1,Bellevue_150th_SE38th
8377,0.397171,0.087719,0.075292,0.366667,0.0,0.0,Bellevue_150th_SE38th
8378,0.273801,0.031178,0.036133,0.433333,0.083333,0.033333,Bellevue_150th_SE38th
8379,0.379989,0.074662,0.070534,0.3,0.0,0.0,Bellevue_150th_SE38th
8380,0.376143,0.072993,0.069303,0.333333,0.0,0.033333,Bellevue_150th_SE38th
8381,0.476529,0.124518,0.090302,0.366667,0.0,0.033333,Bellevue_150th_SE38th
8382,0.269984,0.029795,0.034877,0.166667,0.0,0.0,Bellevue_150th_SE38th
8383,0.267264,0.029144,0.034137,0.416667,0.033333,0.044444,Bellevue_150th_SE38th
8384,0.492187,0.129563,0.092398,0.35,0.0,0.033333,Bellevue_150th_SE38th
8385,0.31502,0.042024,0.047762,0.133333,0.0,0.0,Bellevue_150th_SE38th
8386,0.27498,0.032155,0.036918,0.266667,0.0,0.0,Bellevue_150th_SE38th
8387,0.385466,0.083781,0.073591,0.655556,0.108333,0.05,Bellevue_150th_SE38th
8388,0.424241,0.100879,0.082354,0.731508,0.021151,0.035913,Bellevue_150th_SE38th
8389,0.40687,0.085418,0.077392,0.593492,0.027302,0.065,Bellevue_150th_SE38th
8390,0.373624,0.064682,0.066625,0.133333,0.0,0.0,Bellevue_150th_SE38th
8391,0.374561,0.07163,0.068532,0.316667,0.0,0.033333,Bellevue_150th_SE38th
8392,0.476769,0.123257,0.090175,0.561111,0.166667,0.066667,Bellevue_150th_SE38th
8393,0.304739,0.035462,0.043559,0.4,0.0,0.0,Bellevue_150th_SE38th
8394,0.279444,0.032324,0.037475,0.333333,0.0,0.0,Bellevue_150th_SE38th
8395,0.273448,0.030717,0.035807,0.2,0.0,0.0,Bellevue_150th_SE38th
8396,0.274137,0.030231,0.035623,0.3,0.0,0.0,Bellevue_150th_SE38th
8397,0.278012,0.031543,0.036867,0.133333,0.0,0.0,Bellevue_150th_SE38th
8398,0.277044,0.031241,0.036593,0.266667,0.0,0.0,Bellevue_150th_SE38th
8399,0.400213,0.087876,0.076864,0.533333,0.033333,0.05,Bellevue_150th_SE38th
8400,0.401595,0.084526,0.076264,0.468333,0.033333,0.083333,Bellevue_150th_SE38th
8401,0.400689,0.085927,0.076591,0.213889,0.0,0.077778,Bellevue_150th_SE38th
8402,0.29816,0.035956,0.041953,0.533333,0.0,0.016667,Bellevue_150th_SE38th
8403,0.368713,0.069517,0.067279,0.466667,0.0,0.0,Bellevue_150th_SE38th
8404,0.271822,0.030492,0.035534,0.466667,0.033333,0.0,Bellevue_150th_SE38th
8405,0.39777,0.087142,0.076316,0.729127,0.194444,0.008333,Bellevue_150th_SE38th
8406,0.473808,0.122889,0.089445,0.756071,0.051111,0.011111,Bellevue_150th_SE38th
8407,0.501455,0.13931,0.094473,0.729643,0.126468,0.100635,Bellevue_150th_SE38th
8408,0.435058,0.110744,0.084578,0.589444,0.033333,0.255556,Bellevue_150th_SE38th
8409,0.432792,0.099509,0.083133,0.741667,0.027778,0.033333,Bellevue_150th_SE38th
8410,0.280238,0.03128,0.037425,0.766667,0.0,0.0,Bellevue_150th_SE38th
8411,0.274717,0.032217,0.036932,0.533333,0.0,0.0,Bellevue_150th_SE38th
8412,0.291148,0.034506,0.040229,0.4,0.077778,0.022222,Bellevue_150th_SE38th
8413,0.446739,0.11094,0.085782,0.616111,0.119444,0.065,Bellevue_150th_SE38th
8414,0.435134,0.105142,0.084003,0.618413,0.074206,0.055556,Bellevue_150th_SE38th
8415,0.273863,0.02849,0.034822,0.3,0.0,0.0,Bellevue_150th_SE38th
8416,0.282367,0.03287,0.03843,0.451667,0.016667,0.111111,Bellevue_150th_SE38th
8417,0.452117,0.115651,0.086044,0.266667,0.0,0.066667,Bellevue_150th_SE38th
8418,0.274686,0.031216,0.036313,0.033333,0.0,0.0,Bellevue_150th_SE38th
8419,0.272644,0.029792,0.035193,0.166667,0.0,0.0,Bellevue_150th_SE38th
8420,0.404431,0.09054,0.078025,0.133333,0.0,0.0,Bellevue_150th_SE38th
8421,0.280025,0.031009,0.036798,0.288889,0.0,0.066667,Bellevue_150th_SE38th
8422,0.520852,0.14448,0.096944,0.339444,0.038889,0.063889,Bellevue_150th_SE38th
8423,0.529243,0.148923,0.098289,0.52,0.036111,0.059444,Bellevue_150th_SE38th
8424,0.368699,0.070052,0.067345,0.355556,0.0,0.033333,Bellevue_150th_SE38th
8425,0.284786,0.031297,0.038163,0.266667,0.0,0.0,Bellevue_150th_SE38th
8426,0.390842,0.081597,0.074173,0.676667,0.008333,0.150556,Bellevue_150th_SE38th
8427,0.536837,0.145481,0.098628,0.725,0.077778,0.110556,Bellevue_150th_SE38th
8428,0.268987,0.024785,0.033139,0.2,0.0,0.0,Bellevue_150th_SE38th
8429,0.326805,0.053348,0.054438,0.3,0.0,0.0,Bellevue_150th_SE38th
8430,0.392363,0.084724,0.074994,0.2,0.011111,0.033333,Bellevue_150th_SE38th
8431,0.374899,0.069623,0.068172,0.25,0.033333,0.016667,Bellevue_150th_SE38th
8432,0.402173,0.087339,0.077086,0.205556,0.0,0.083333,Bellevue_150th_SE38th
8433,0.41976,0.098704,0.08145,0.508333,0.088889,0.116667,Bellevue_150th_SE38th
8434,0.408843,0.083343,0.076228,0.747222,0.058333,0.027778,Bellevue_150th_SE38th
8435,0.478951,0.117792,0.08975,0.741667,0.027778,0.061111,Bellevue_150th_SE38th
8436,0.4813,0.121686,0.090455,0.716667,0.033333,0.172222,Bellevue_150th_SE38th
8437,0.430794,0.093608,0.081977,0.391667,0.05,0.052778,Bellevue_150th_SE38th
8438,0.531311,0.148068,0.098425,0.714127,0.107857,0.07254,Bellevue_150th_SE38th
8439,0.452588,0.109569,0.086222,0.566667,0.05,0.033333,Bellevue_150th_SE38th
8440,0.418002,0.100089,0.081308,0.633333,0.0,0.005556,Bellevue_150th_SE38th
8441,0.375767,0.08051,0.071352,0.558333,0.027778,0.05,Bellevue_150th_SE38th
8442,0.283875,0.036914,0.040689,0.321111,0.05,0.066667,Bellevue_150th_SE38th
8443,0.377861,0.075739,0.070299,0.266667,0.0,0.0,Bellevue_150th_SE38th
8444,0.402635,0.091762,0.077936,0.527778,0.058333,0.0,Bellevue_150th_SE38th
8445,0.377986,0.07666,0.070626,0.794524,0.052778,0.060833,Bellevue_150th_SE38th
8446,0.482474,0.124177,0.09088,0.859696,0.045556,0.124854,Bellevue_150th_SE38th
8447,0.526965,0.137591,0.096806,0.569444,0.0,0.230556,Bellevue_150th_SE38th
8448,0.44295,0.110631,0.085106,0.643333,0.055556,0.011111,Bellevue_150th_SE38th
8449,0.396411,0.083117,0.075353,0.333333,0.0,0.0,Bellevue_150th_SE38th
8450,0.269749,0.031022,0.035636,0.2,0.0,0.0,Bellevue_150th_SE38th
8451,0.376805,0.07833,0.070984,0.549444,0.091667,0.088333,Bellevue_150th_SE38th
8452,0.358604,0.063862,0.063613,0.233333,0.0,0.0,Bellevue_150th_SE38th
8453,0.272244,0.031409,0.036154,0.033333,0.0,0.0,Bellevue_150th_SE38th
8454,0.271152,0.031112,0.035851,0.6,0.0,0.0,Bellevue_150th_SE38th
8455,0.360875,0.072971,0.066633,0.596667,0.006667,0.1,Bellevue_150th_SE38th
8456,0.302814,0.041134,0.045523,0.166667,0.0,0.0,Bellevue_150th_SE38th
8457,0.273301,0.034617,0.038106,0.4,0.0,0.0,Bellevue_150th_SE38th
8458,0.395324,0.085302,0.075558,0.703849,0.016667,0.1,Bellevue_150th_SE38th
8459,0.53885,0.143957,0.098707,0.731124,0.022857,0.07,Bellevue_150th_SE38th
8460,0.512323,0.138635,0.095502,0.583333,0.016667,0.077778,Bellevue_150th_SE38th
8461,0.275856,0.029954,0.035955,0.444444,0.077778,0.083333,Bellevue_150th_SE38th
8462,0.43622,0.10275,0.083824,0.455556,0.011111,0.086111,Bellevue_150th_SE38th
8463,0.291108,0.034884,0.040276,0.556111,0.094444,0.031667,Bellevue_150th_SE38th
8464,0.399007,0.08781,0.076664,0.490556,0.0,0.011111,Bellevue_150th_SE38th
8465,0.439161,0.109981,0.08489,0.641667,0.044444,0.094444,Bellevue_150th_SE38th
8466,0.522403,0.145578,0.097225,0.464683,0.016667,0.138095,Bellevue_150th_SE38th
8467,0.373013,0.069829,0.068015,0.393333,0.05,0.0,Bellevue_150th_SE38th
8468,0.435026,0.102243,0.083124,0.4,0.061111,0.027778,Bellevue_150th_SE38th
8469,0.41656,0.096,0.080553,0.488889,0.0,0.011111,Bellevue_150th_SE38th
8470,0.365021,0.066937,0.065557,0.5,0.033333,0.011111,Bellevue_150th_SE38th
8471,0.317097,0.04347,0.049592,0.366667,0.0,0.0,Bellevue_150th_SE38th
8472,0.36926,0.07147,0.067767,0.405556,0.0,0.127778,Bellevue_150th_SE38th
8473,0.441457,0.097531,0.08358,0.363889,0.033333,0.05,Bellevue_150th_SE38th
8474,0.42928,0.102219,0.083082,0.783333,0.016667,0.066667,Bellevue_150th_SE38th
8475,0.482268,0.122787,0.090642,0.656111,0.126111,0.077778,Bellevue_150th_SE38th
8476,0.386427,0.071326,0.07073,0.233333,0.0,0.0,Bellevue_150th_SE38th
8477,0.274383,0.032008,0.036785,0.351667,0.008333,0.027778,Bellevue_150th_SE38th
8478,0.434851,0.105641,0.084017,0.592698,0.061111,0.048333,Bellevue_150th_SE38th
8479,0.467507,0.118817,0.088768,0.463333,0.019444,0.016667,Bellevue_150th_SE38th
8480,0.280024,0.03115,0.037066,0.2,0.0,0.0,Bellevue_150th_SE38th
8481,0.270683,0.032133,0.036428,0.723849,0.061111,0.038611,Bellevue_150th_SE38th
8482,0.394549,0.0882,0.075726,0.741548,0.058333,0.015873,Bellevue_150th_SE38th
8483,0.49762,0.138751,0.094037,0.538889,0.0,0.0,Bellevue_150th_SE38th
8484,0.302577,0.049211,0.049465,0.583889,0.059444,0.016667,Bellevue_150th_SE38th
8485,0.281364,0.033638,0.038656,0.3,0.0,0.0,Bellevue_150th_SE38th
8486,0.263598,0.0288,0.033666,0.233333,0.0,0.0,Bellevue_150th_SE38th
8487,0.269775,0.029078,0.034366,0.366667,0.0,0.0,Bellevue_150th_SE38th
8488,0.270618,0.029398,0.034623,0.4,0.0,0.0,Bellevue_150th_SE38th
8489,0.393818,0.084915,0.075318,0.466667,0.0,0.0,Bellevue_150th_SE38th
8490,0.531242,0.154604,0.099151,0.436111,0.011111,0.075,Bellevue_150th_SE38th
8491,0.342926,0.055454,0.05807,0.472222,0.033333,0.0,Bellevue_150th_SE38th
8492,0.417199,0.098255,0.080489,0.5475,0.066667,0.033333,Bellevue_150th_SE38th
8493,0.389422,0.084594,0.074507,0.441667,0.1,0.016667,Bellevue_150th_SE38th
8494,0.332389,0.052691,0.055964,0.505556,0.05,0.027778,Bellevue_150th_SE38th
8495,0.422894,0.093786,0.081221,0.523889,0.141667,0.026111,Bellevue_150th_SE38th
8496,0.468073,0.115037,0.088392,0.740556,0.111111,0.05,Bellevue_150th_SE38th
8497,0.557371,0.158338,0.102168,0.714444,0.022222,0.094444,Bellevue_150th_SE38th
8498,0.372301,0.056866,0.06363,0.327778,0.0,0.05,Bellevue_150th_SE38th
8499,0.437903,0.094201,0.082667,0.233333,0.0,0.011111,Bellevue_150th_SE38th
8500,0.273209,0.03064,0.035749,0.5,0.0,0.083333,Bellevue_150th_SE38th
8501,0.389287,0.085311,0.074663,0.540556,0.044444,0.069444,Bellevue_150th_SE38th
8502,0.395291,0.081893,0.074935,0.668016,0.116667,0.088095,Bellevue_150th_SE38th
8503,0.378522,0.065726,0.067594,0.533333,0.0,0.0,Bellevue_150th_SE38th
8504,0.289221,0.034869,0.040227,0.3,0.0,0.0,Bellevue_150th_SE38th
8505,0.273433,0.033551,0.037538,0.3,0.0,0.0,Bellevue_150th_SE38th
8506,0.278944,0.034513,0.038788,0.563889,0.077778,0.083333,Bellevue_150th_SE38th
8507,0.44256,0.101816,0.084338,0.266667,0.033333,0.0,Bellevue_150th_SE38th
8508,0.274807,0.030838,0.036019,0.266667,0.0,0.0,Bellevue_150th_SE38th
8509,0.293439,0.039492,0.043269,0.660397,0.089484,0.027222,Bellevue_150th_SE38th
8510,0.423814,0.099095,0.081533,0.754378,0.152897,0.0,Bellevue_150th_SE38th
8511,0.487872,0.129996,0.092017,0.607381,0.127222,0.0375,Bellevue_150th_SE38th
8512,0.492613,0.123571,0.091776,0.273333,0.0,0.013333,Bellevue_150th_SE38th
8513,0.278736,0.031783,0.037041,0.3,0.05,0.0,Bellevue_150th_SE38th
8514,0.40788,0.092983,0.078994,0.701032,0.155556,0.044444,Bellevue_150th_SE38th
8515,0.444095,0.109662,0.085376,0.640476,0.0,0.028095,Bellevue_150th_SE38th
8516,0.4966,0.138733,0.093943,0.486111,0.023333,0.126111,Bellevue_150th_SE38th
8517,0.401981,0.082445,0.076083,0.669444,0.15,0.080556,Bellevue_150th_SE38th
8518,0.530287,0.149808,0.098525,0.790238,0.135873,0.042778,Bellevue_150th_SE38th
8519,0.385744,0.081269,0.073218,0.482222,0.016667,0.094444,Bellevue_150th_SE38th
8520,0.43526,0.109946,0.083016,0.133333,0.0,0.0,Bellevue_150th_SE38th
8521,0.276658,0.032522,0.037268,0.333333,0.033333,0.0,Bellevue_150th_SE38th
8522,0.400157,0.085148,0.076124,0.327778,0.05,0.1,Bellevue_150th_SE38th
8523,0.43047,0.100207,0.082664,0.2,0.0,0.0,Bellevue_150th_SE38th
8524,0.272362,0.028731,0.034409,0.601667,0.155556,0.041667,Bellevue_150th_SE38th
8525,0.43789,0.101718,0.083875,0.5,0.116667,0.0,Bellevue_150th_SE38th
8526,0.42921,0.097446,0.082225,0.4,0.0,0.033333,Bellevue_150th_SE38th
8527,0.450465,0.107241,0.085769,0.538889,0.1,0.2,Bellevue_150th_SE38th
8528,0.473146,0.116618,0.08908,0.592222,0.033333,0.134444,Bellevue_150th_SE38th
8529,0.437458,0.099145,0.08354,0.4,0.0,0.016667,Bellevue_150th_SE38th
8530,0.484228,0.134629,0.092234,0.283333,0.0,0.0,Bellevue_150th_SE38th
8531,0.40061,0.08228,0.075538,0.316667,0.0,0.033333,Bellevue_150th_SE38th
8532,0.480953,0.121668,0.090381,0.416667,0.0,0.011111,Bellevue_150th_SE38th
8533,0.525798,0.143386,0.097308,0.511667,0.018889,0.063333,Bellevue_150th_SE38th
8534,0.426815,0.089257,0.080875,0.4,0.0,0.066667,Bellevue_150th_SE38th
8535,0.269256,0.029456,0.034569,0.441667,0.088889,0.023333,Bellevue_150th_SE38th
8536,0.436028,0.102665,0.083794,0.496667,0.04,0.025,Bellevue_150th_SE38th
8537,0.44018,0.108853,0.084903,0.570238,0.053095,0.033333,Bellevue_150th_SE38th
8538,0.525867,0.147126,0.097759,0.562381,0.053889,0.033889,Bellevue_150th_SE38th
8539,0.455753,0.117653,0.087465,0.194444,0.0,0.0,Bellevue_150th_SE38th
8540,0.277339,0.03019,0.035969,0.1,0.0,0.0,Bellevue_150th_SE38th
8541,0.373031,0.071114,0.068275,0.133333,0.0,0.0,Bellevue_150th_SE38th
8542,0.486289,0.131588,0.092051,0.266667,0.0,0.033333,Bellevue_150th_SE38th
8543,0.279344,0.031013,0.036609,0.166667,0.0,0.0,Bellevue_150th_SE38th
8544,0.276436,0.031054,0.036419,0.133333,0.0,0.0,Bellevue_150th_SE38th
8545,0.278244,0.033188,0.037929,0.366667,0.0,0.0,Bellevue_150th_SE38th
8546,0.413525,0.098739,0.080573,0.440556,0.0,0.136111,Bellevue_150th_SE38th
8547,0.382293,0.077511,0.071459,0.333333,0.066667,0.066667,Bellevue_150th_SE38th
8548,0.463096,0.113343,0.087674,0.753333,0.145556,0.117778,Bellevue_150th_SE38th
8549,0.433612,0.094939,0.082682,0.524921,0.038889,0.066111,Bellevue_150th_SE38th
8550,0.545161,0.151979,0.100222,0.564683,0.011111,0.061111,Bellevue_150th_SE38th
8551,0.437073,0.097121,0.083224,0.576944,0.0,0.047222,Bellevue_150th_SE38th
8552,0.513917,0.143257,0.096115,0.391111,0.061111,0.017778,Bellevue_150th_SE38th
8553,0.53033,0.149816,0.098507,0.649048,0.059444,0.034762,Bellevue_150th_SE38th
8554,0.449863,0.108,0.085778,0.695344,0.0,0.044286,Bellevue_150th_SE38th
8555,0.477838,0.124542,0.090425,0.427778,0.066667,0.177778,Bellevue_150th_SE38th
8556,0.454272,0.103703,0.085698,0.478889,0.116667,0.111111,Bellevue_150th_SE38th
8557,0.350401,0.054341,0.059374,0.2,0.0,0.0,Bellevue_150th_SE38th
8558,0.419367,0.096096,0.081062,0.568889,0.14,0.071667,Bellevue_150th_SE38th
8559,0.40008,0.080803,0.075185,0.651111,0.192778,0.053333,Bellevue_150th_SE38th
8560,0.519551,0.139748,0.096276,0.538889,0.033333,0.033333,Bellevue_150th_SE38th
8561,0.327717,0.052404,0.054136,0.3,0.066667,0.1,Bellevue_150th_SE38th
8562,0.425234,0.097259,0.081934,0.6,0.0,0.294444,Bellevue_150th_SE38th
8563,0.4175,0.080285,0.076451,0.316667,0.016667,0.016667,Bellevue_150th_SE38th
8564,0.272705,0.028021,0.034082,0.166667,0.0,0.0,Bellevue_150th_SE38th
8565,0.324457,0.051572,0.053388,0.591667,0.195556,0.032778,Bellevue_150th_SE38th
8566,0.503979,0.130502,0.093697,0.686283,0.151521,0.119762,Bellevue_150th_SE38th
8567,0.499126,0.130942,0.093286,0.559841,0.055317,0.063095,Bellevue_150th_SE38th
8568,0.509378,0.139841,0.095314,0.375,0.07,0.058333,Bellevue_150th_SE38th
8569,0.276202,0.031996,0.036929,0.233333,0.083333,0.0,Bellevue_150th_SE38th
8570,0.467802,0.120148,0.08891,0.441111,0.011111,0.066667,Bellevue_150th_SE38th
8571,0.393663,0.077322,0.073183,0.508333,0.161111,0.091667,Bellevue_150th_SE38th
8572,0.479947,0.122256,0.09038,0.572222,0.086111,0.163889,Bellevue_150th_SE38th
8573,0.398852,0.092115,0.077356,0.925,0.139524,0.033333,Bellevue_150th_SE38th
8574,0.482308,0.133186,0.091848,0.625,0.086111,0.044444,Bellevue_150th_SE38th
8575,0.41917,0.094262,0.080793,0.458889,0.034444,0.125,Bellevue_150th_SE38th
8576,0.493605,0.126443,0.092203,0.384921,0.044444,0.099206,Bellevue_150th_SE38th
8577,0.379468,0.077211,0.07117,0.516667,0.0,0.083333,Bellevue_150th_SE38th
8578,0.456632,0.109975,0.086688,0.266667,0.066667,0.1,Bellevue_150th_SE38th
8579,0.379045,0.0812,0.07196,0.45,0.066667,0.066667,Bellevue_150th_SE38th
8580,0.499151,0.134802,0.093675,0.545556,0.0,0.102778,Bellevue_150th_SE38th
8581,0.432389,0.098389,0.082777,0.583333,0.116667,0.0,Bellevue_150th_SE38th
8582,0.419895,0.099976,0.081568,0.266667,0.1,0.0,Bellevue_150th_SE38th
8583,0.274649,0.034114,0.038035,0.266667,0.0,0.0,Bellevue_150th_SE38th
8584,0.380799,0.07678,0.071126,0.345397,0.094444,0.008333,Bellevue_150th_SE38th
8585,0.539717,0.155509,0.100068,0.489683,0.12254,0.066667,Bellevue_150th_SE38th
8586,0.484847,0.131537,0.091952,0.673889,0.158333,0.108333,Bellevue_150th_SE38th
8587,0.406938,0.092821,0.078754,0.580556,0.0,0.036667,Bellevue_150th_SE38th
8588,0.366913,0.080483,0.069831,0.695278,0.136944,0.093333,Bellevue_150th_SE38th
8589,0.516482,0.128405,0.094672,0.58873,0.046468,0.061508,Bellevue_150th_SE38th
8590,0.396737,0.088679,0.076505,0.429444,0.044444,0.008333,Bellevue_150th_SE38th
8591,0.436032,0.105694,0.082912,0.455556,0.0,0.066667,Bellevue_150th_SE38th
8592,0.516919,0.139055,0.095926,0.3,0.0,0.133333,Bellevue_150th_SE38th
8593,0.512551,0.138468,0.09545,0.616667,0.1,0.066667,Bellevue_150th_SE38th
8594,0.433573,0.10248,0.083508,0.416667,0.016667,0.166667,Bellevue_150th_SE38th
8595,0.289001,0.03353,0.039591,0.288889,0.033333,0.016667,Bellevue_150th_SE38th
8596,0.392413,0.08085,0.074256,0.316667,0.0,0.05,Bellevue_150th_SE38th
8597,0.52286,0.146801,0.097412,0.638889,0.0,0.077778,Bellevue_150th_SE38th
8598,0.430066,0.094348,0.081915,0.408333,0.016667,0.116667,Bellevue_150th_SE38th
8599,0.445009,0.11225,0.085385,0.325,0.0,0.033333,Bellevue_150th_SE38th
8600,0.405811,0.090733,0.078323,0.266667,0.033333,0.066667,Bellevue_150th_SE38th
8601,0.426164,0.098414,0.082281,0.402778,0.0,0.044444,Bellevue_150th_SE38th
8602,0.454271,0.116571,0.087156,0.662778,0.144444,0.030556,Bellevue_150th_SE38th
8603,0.506873,0.138717,0.094913,0.680198,0.0,0.065595,Bellevue_150th_SE38th
8604,0.378309,0.081923,0.071884,0.658016,0.005556,0.175,Bellevue_150th_SE38th
8605,0.520137,0.144616,0.09691,0.333333,0.066667,0.0,Bellevue_150th_SE38th
8606,0.383054,0.076361,0.071351,0.5,0.133333,0.016667,Bellevue_150th_SE38th
8607,0.424299,0.095273,0.081328,0.338889,0.05,0.072222,Bellevue_150th_SE38th
8608,0.432991,0.096086,0.082441,0.133333,0.0,0.0,Bellevue_150th_SE38th
8609,0.270553,0.031168,0.0357,0.366667,0.0,0.0,Bellevue_150th_SE38th
8610,0.283839,0.034703,0.039512,0.266667,0.0,0.033333,Bellevue_150th_SE38th
8611,0.399475,0.085286,0.076249,0.483333,0.05,0.016667,Bellevue_150th_SE38th
8612,0.462868,0.116075,0.08797,0.41881,0.08,0.101111,Bellevue_150th_SE38th
8613,0.513762,0.146411,0.096524,0.366667,0.0,0.033333,Bellevue_150th_SE38th
8614,0.469021,0.119887,0.089024,0.305556,0.027778,0.0,Bellevue_150th_SE38th
8615,0.280392,0.034021,0.03863,0.1,0.0,0.0,Bellevue_150th_SE38th
8616,0.377099,0.072445,0.069248,0.472222,0.116667,0.066667,Bellevue_150th_SE38th
8617,0.433916,0.096685,0.082837,0.42746,0.027778,0.058333,Bellevue_150th_SE38th
8618,0.51117,0.141379,0.095684,0.568333,0.066667,0.123333,Bellevue_150th_SE38th
8619,0.474031,0.11973,0.089475,0.327778,0.027778,0.033333,Bellevue_150th_SE38th
8620,0.481735,0.128104,0.091206,0.361111,0.016667,0.0,Bellevue_150th_SE38th
8621,0.398679,0.086303,0.076375,0.305556,0.027778,0.062222,Bellevue_150th_SE38th
8622,0.511035,0.13828,0.09526,0.61,0.2,0.069444,Bellevue_150th_SE38th
8623,0.306389,0.037428,0.04467,0.385,0.166667,0.033333,Bellevue_150th_SE38th
8624,0.390026,0.081658,0.073419,0.166667,0.0,0.0,Bellevue_150th_SE38th
8625,0.281637,0.032703,0.038018,0.366667,0.0,0.0,Bellevue_150th_SE38th
8626,0.379816,0.072739,0.069998,0.561667,0.033333,0.156667,Bellevue_150th_SE38th
8627,0.479149,0.111518,0.089074,0.455556,0.244444,0.0,Bellevue_150th_SE38th
8628,0.378224,0.073387,0.069816,0.166667,0.0,0.0,Bellevue_150th_SE38th
8629,0.278712,0.029094,0.035779,0.370556,0.075,0.084444,Bellevue_150th_SE38th
8630,0.519198,0.146236,0.097012,0.5,0.09,0.1,Bellevue_150th_SE38th
8631,0.489702,0.128904,0.092116,0.576111,0.035556,0.045556,Bellevue_150th_SE38th
8632,0.40707,0.08638,0.077665,0.432222,0.066667,0.117778,Bellevue_150th_SE38th
8633,0.525434,0.144298,0.097382,0.455556,0.138889,0.016667,Bellevue_150th_SE38th
8634,0.468135,0.110807,0.087722,0.266667,0.033333,0.0,Bellevue_150th_SE38th
8635,0.379134,0.075915,0.070632,0.2,0.0,0.0,Bellevue_150th_SE38th
8636,0.482288,0.135525,0.092133,0.411111,0.086111,0.111111,Bellevue_150th_SE38th
8637,0.4836,0.124014,0.090946,0.587778,0.077778,0.086111,Bellevue_150th_SE38th
8638,0.418035,0.096095,0.080845,0.693016,0.040873,0.085556,Bellevue_150th_SE38th
8639,0.497894,0.135025,0.093646,0.658333,0.033333,0.191667,Bellevue_150th_SE38th
8640,0.450102,0.103337,0.085273,0.701905,0.161111,0.04,Bellevue_150th_SE38th
8641,0.483518,0.12335,0.090835,0.686177,0.048122,0.107645,Bellevue_150th_SE38th
8642,0.514543,0.135798,0.095387,0.76,0.127778,0.27,Bellevue_150th_SE38th
8643,0.49278,0.12239,0.091639,0.35,0.066667,0.016667,Bellevue_150th_SE38th
8644,0.389864,0.073072,0.069973,0.322222,0.0,0.077778,Bellevue_150th_SE38th
8645,0.502045,0.130705,0.093508,0.35,0.0,0.083333,Bellevue_150th_SE38th
8646,0.503311,0.151435,0.096073,0.405556,0.033333,0.016667,Bellevue_150th_SE38th
8647,0.340166,0.057036,0.058163,0.327778,0.066667,0.077778,Bellevue_150th_SE38th
8648,0.368114,0.066356,0.066118,0.664167,0.170556,0.101389,Bellevue_150th_SE38th
8649,0.489201,0.126653,0.091777,0.664418,0.114841,0.094286,Bellevue_150th_SE38th
8650,0.513831,0.149372,0.096839,0.653995,0.054206,0.074577,Bellevue_150th_SE38th
8651,0.526419,0.152377,0.098418,0.667222,0.057778,0.205,Bellevue_150th_SE38th
8652,0.46687,0.119287,0.088743,0.2,0.0,0.0,Bellevue_150th_SE38th
8653,0.275377,0.033101,0.037467,0.366667,0.0,0.0,Bellevue_150th_SE38th
8654,0.406346,0.094426,0.078898,0.709683,0.128889,0.094444,Bellevue_150th_SE38th
8655,0.455318,0.107859,0.086299,0.505556,0.05,0.077778,Bellevue_150th_SE38th
8656,0.454002,0.106734,0.085861,0.583889,0.1,0.091667,Bellevue_150th_SE38th
8657,0.459289,0.113078,0.087283,0.596667,0.022222,0.077778,Bellevue_150th_SE38th
8658,0.45303,0.111961,0.086544,0.711032,0.008333,0.096429,Bellevue_150th_SE38th
8659,0.381818,0.081648,0.072622,0.672976,0.033333,0.078373,Bellevue_150th_SE38th
8660,0.46077,0.113839,0.087517,0.447222,0.0,0.016667,Bellevue_150th_SE38th
8661,0.507491,0.139771,0.095109,0.68127,0.022222,0.080079,Bellevue_150th_SE38th
8662,0.554564,0.137964,0.099531,0.541667,0.016667,0.044444,Bellevue_150th_SE38th
8663,0.452628,0.115688,0.086937,0.541667,0.077778,0.244444,Bellevue_150th_SE38th
8664,0.496731,0.131406,0.093087,0.593571,0.052222,0.11754,Bellevue_150th_SE38th
8665,0.384232,0.070646,0.070138,0.283333,0.0,0.05,Bellevue_150th_SE38th
8666,0.406043,0.091455,0.07845,0.25,0.033333,0.033333,Bellevue_150th_SE38th
8667,0.371802,0.071749,0.068299,0.427778,0.066667,0.061111,Bellevue_150th_SE38th
8668,0.345572,0.052495,0.057931,0.2,0.0,0.0,Bellevue_150th_SE38th
8669,0.373129,0.07563,0.069668,0.502778,0.122222,0.0,Bellevue_150th_SE38th
8670,0.419912,0.099512,0.081653,0.557381,0.083333,0.067778,Bellevue_150th_SE38th
8671,0.542567,0.153526,0.10011,0.749127,0.009524,0.045357,Bellevue_150th_SE38th
8672,0.54565,0.146799,0.099708,0.799683,0.017778,0.33619,Bellevue_150th_SE38th
8673,0.425162,0.099507,0.081708,0.45,0.0,0.033333,Bellevue_150th_SE38th
8674,0.472567,0.123106,0.089747,0.661111,0.04,0.125,Bellevue_150th_SE38th
8675,0.435932,0.097092,0.083149,0.358889,0.04,0.05,Bellevue_150th_SE38th
8676,0.470554,0.122618,0.089466,0.475,0.066667,0.086111,Bellevue_150th_SE38th
8677,0.422796,0.093674,0.081192,0.422222,0.083333,0.166667,Bellevue_150th_SE38th
8678,0.486997,0.123738,0.091228,0.405556,0.0,0.044444,Bellevue_150th_SE38th
8679,0.417744,0.100392,0.081467,0.776508,0.067222,0.074444,Bellevue_150th_SE38th
8680,0.379965,0.076801,0.070633,0.797222,0.011111,0.0,Bellevue_150th_SE38th
8681,0.454917,0.10911,0.086404,0.2,0.033333,0.0,Bellevue_150th_SE38th
8682,0.373764,0.0742,0.069386,0.486111,0.1,0.083333,Bellevue_150th_SE38th
8683,0.507482,0.139457,0.095033,0.636667,0.034444,0.184444,Bellevue_150th_SE38th
8684,0.475359,0.115144,0.089088,0.642315,0.041944,0.093003,Bellevue_150th_SE38th
8685,0.524603,0.147341,0.097651,0.702828,0.033333,0.058586,Bellevue_150th_SE38th
8686,0.448102,0.107318,0.085513,0.383333,0.0,0.133333,Bellevue_150th_SE38th
8687,0.388031,0.074489,0.071506,0.35,0.05,0.1,Bellevue_150th_SE38th
8688,0.478951,0.127262,0.090875,0.3,0.0,0.033333,Bellevue_150th_SE38th
8689,0.499754,0.14104,0.094486,0.4,0.033333,0.033333,Bellevue_150th_SE38th
8690,0.276517,0.033871,0.038116,0.133333,0.0,0.0,Bellevue_150th_SE38th
8691,0.292117,0.037808,0.042288,0.689444,0.061667,0.052222,Bellevue_150th_SE38th
8692,0.560514,0.168601,0.103574,0.616614,0.017778,0.137698,Bellevue_150th_SE38th
8693,0.515372,0.144148,0.096386,0.337778,0.0,0.038889,Bellevue_150th_SE38th
8694,0.495441,0.136651,0.093551,0.255556,0.0,0.033333,Bellevue_150th_SE38th
8695,0.295929,0.040898,0.044376,0.711111,0.1,0.0,Bellevue_150th_SE38th
8696,0.486157,0.128568,0.091706,0.638254,0.064444,0.162778,Bellevue_150th_SE38th
8697,0.462934,0.121742,0.088653,0.707341,0.095556,0.195556,Bellevue_150th_SE38th
8698,0.486002,0.120557,0.090777,0.263889,0.044444,0.033333,Bellevue_150th_SE38th
8699,0.559782,0.160275,0.102608,0.398889,0.03,0.158333,Bellevue_150th_SE38th
8700,0.528064,0.151672,0.098513,0.6,0.0,0.209444,Bellevue_150th_SE38th
8701,0.397161,0.085733,0.075346,0.266667,0.0,0.033333,Bellevue_150th_SE38th
8702,0.334517,0.057977,0.057685,0.494444,0.033333,0.072222,Bellevue_150th_SE38th
8703,0.487992,0.132893,0.092392,0.4,0.033333,0.016667,Bellevue_150th_SE38th
8704,0.408727,0.097003,0.078963,0.569444,0.041667,0.033333,Bellevue_150th_SE38th
8705,0.433133,0.099162,0.083004,0.461349,0.09754,0.022222,Bellevue_150th_SE38th
8706,0.453877,0.112757,0.086718,0.405556,0.05,0.094444,Bellevue_150th_SE38th
8707,0.490307,0.134299,0.092777,0.419444,0.111111,0.1,Bellevue_150th_SE38th
8708,0.483498,0.123624,0.090866,0.485556,0.061111,0.10619,Bellevue_150th_SE38th
8709,0.533576,0.153885,0.099273,0.441667,0.006667,0.1,Bellevue_150th_SE38th
8710,0.392456,0.076789,0.073273,0.2,0.0,0.033333,Bellevue_150th_SE38th
8711,0.508225,0.150068,0.096362,0.514048,0.094444,0.081667,Bellevue_150th_SE38th
8712,0.42172,0.098232,0.08161,0.475,0.058333,0.144444,Bellevue_150th_SE38th
8713,0.425362,0.09947,0.081954,0.565556,0.116667,0.072222,Bellevue_150th_SE38th
8714,0.475383,0.126656,0.090427,0.679405,0.112857,0.154167,Bellevue_150th_SE38th
8715,0.470221,0.110053,0.088002,0.813436,0.107765,0.146711,Bellevue_150th_SE38th
8716,0.546764,0.160944,0.101397,0.487183,0.104246,0.0675,Bellevue_150th_SE38th
8717,0.529907,0.151911,0.098699,0.680992,0.130159,0.129524,Bellevue_150th_SE38th
8718,0.532696,0.146508,0.098351,0.47746,0.057857,0.052222,Bellevue_150th_SE38th
8719,0.369977,0.076048,0.068881,0.661111,0.133333,0.144444,Bellevue_150th_SE38th
8720,0.454778,0.110482,0.08653,0.729921,0.068228,0.058333,Bellevue_150th_SE38th
8721,0.371143,0.070255,0.067863,0.57463,0.0,0.118704,Bellevue_150th_SE38th
8722,0.413852,0.088949,0.079131,0.544444,0.097222,0.005556,Bellevue_150th_SE38th
8723,0.473687,0.121056,0.08964,0.388889,0.0,0.0,Bellevue_150th_SE38th
8724,0.378413,0.078882,0.071325,0.700847,0.084444,0.09,Bellevue_150th_SE38th
8725,0.520228,0.146158,0.09708,0.668532,0.164722,0.0425,Bellevue_150th_SE38th
8726,0.571661,0.168774,0.104735,0.813889,0.180556,0.311746,Bellevue_150th_SE38th
8727,0.504672,0.157252,0.096872,0.468651,0.107778,0.053333,Bellevue_150th_SE38th
8728,0.431515,0.103397,0.083446,0.461111,0.075,0.111111,Bellevue_150th_SE38th
8729,0.4483,0.1157,0.086502,0.53504,0.041746,0.223135,Bellevue_150th_SE38th
8730,0.577902,0.177508,0.106292,0.481032,0.127857,0.080582,Bellevue_150th_SE38th
8731,0.503865,0.145857,0.095453,0.50418,0.065648,0.088466,Bellevue_150th_SE38th
8732,0.518636,0.149391,0.097314,0.305556,0.011111,0.1,Bellevue_150th_SE38th
8733,0.428413,0.10374,0.082936,0.305556,0.0,0.066667,Bellevue_150th_SE38th
8734,0.469631,0.1255,0.089719,0.641667,0.177778,0.15,Bellevue_150th_SE38th
8735,0.494931,0.146307,0.094628,0.2,0.0,0.016667,Bellevue_150th_SE38th
8736,0.382767,0.080532,0.072474,0.646111,0.144444,0.025,Bellevue_150th_SE38th
8737,0.533869,0.158396,0.099825,0.673056,0.054722,0.051667,Bellevue_150th_SE38th
8738,0.460202,0.119028,0.088066,0.316032,0.04,0.017778,Bellevue_150th_SE38th
8739,0.458241,0.118069,0.087773,0.528413,0.084762,0.105873,Bellevue_150th_SE38th
8740,0.56163,0.173809,0.104301,0.661111,0.075,0.122222,Bellevue_150th_SE38th
8741,0.453088,0.121047,0.087622,0.638889,0.027778,0.091667,Bellevue_150th_SE38th
8742,0.524064,0.152946,0.09826,0.638889,0.027778,0.405556,Bellevue_150th_SE38th
8743,0.537367,0.163921,0.100788,0.826667,0.033333,0.508333,Bellevue_150th_SE38th
8744,0.538374,0.161206,0.100598,0.753267,0.130265,0.12713,Bellevue_150th_SE38th
8745,0.563348,0.177985,0.104935,0.776931,0.098466,0.112989,Bellevue_150th_SE38th
8746,0.518438,0.155395,0.097971,0.946389,0.018056,0.464167,Bellevue_150th_SE38th
8747,0.414089,0.095742,0.080253,0.936111,0.061111,0.492778,Bellevue_150th_SE38th
8748,0.406708,0.097192,0.079427,0.784061,0.0,0.276561,Bellevue_150th_SE38th
8749,0.499616,0.150333,0.0956,0.893241,0.0,0.434537,Bellevue_150th_SE38th
8750,0.406728,0.101533,0.08009,0.922698,0.036508,0.517619,Bellevue_150th_SE38th
8751,0.584227,0.180684,0.107262,0.809484,0.074444,0.192024,Bellevue_150th_SE38th
8752,0.508263,0.150354,0.096398,0.941667,0.011111,0.597222,Bellevue_150th_SE38th
8753,0.440426,0.11332,0.085453,0.865701,0.030556,0.418691,Bellevue_150th_SE38th
8754,0.43647,0.117805,0.085573,0.966667,0.0,0.427222,Bellevue_150th_SE38th
8755,0.443112,0.124019,0.086718,0.93,0.019444,0.357778,Bellevue_150th_SE38th
8756,0.409515,0.09724,0.079849,0.838571,0.011429,0.373413,Bellevue_150th_SE38th
8757,0.467909,0.137325,0.090838,0.905556,0.0,0.505556,Bellevue_150th_SE38th
8758,0.321765,0.069206,0.058875,0.874444,0.040873,0.224444,Bellevue_150th_SE38th
8759,0.395656,0.098839,0.078047,0.777421,0.128175,0.132063,Bellevue_150th_SE38th
8760,0.533876,0.161014,0.100112,0.737434,0.02537,0.148876,Bellevue_150th_SE38th
8761,0.464759,0.131859,0.089993,0.650159,0.08119,0.142222,Bellevue_150th_SE38th
8762,0.538531,0.168846,0.101447,0.714603,0.093413,0.120833,Bellevue_150th_SE38th
8763,0.520724,0.16541,0.099309,0.684048,0.219008,0.081746,Bellevue_150th_SE38th
8764,0.452239,0.135151,0.089151,0.724444,0.131667,0.302222,Bellevue_150th_SE38th
8765,0.518021,0.143566,0.096566,0.640556,0.063889,0.181111,Bellevue_150th_SE38th
8766,0.452948,0.133977,0.089074,0.605,0.061111,0.083889,Bellevue_150th_SE38th
8767,0.534641,0.1709,0.10128,0.544444,0.0,0.233333,Bellevue_150th_SE38th
8768,0.371003,0.093188,0.07304,0.133333,0.0,0.0,Bellevue_150th_SE38th
8769,0.46389,0.133921,0.090122,0.661667,0.084444,0.111667,Bellevue_150th_SE38th
8770,0.539138,0.175914,0.102235,0.759903,0.247992,0.125808,Bellevue_150th_SE38th
8771,0.551855,0.185074,0.104325,0.531019,0.152222,0.06332,Bellevue_150th_SE38th
8772,0.539658,0.17815,0.10246,0.458889,0.011111,0.131667,Bellevue_150th_SE38th
8773,0.39698,0.1151,0.080179,0.583333,0.066667,0.183333,Bellevue_150th_SE38th
8774,0.537733,0.176468,0.102109,0.616111,0.070556,0.118889,Bellevue_150th_SE38th
8775,0.493918,0.151549,0.095106,0.508333,0.127222,0.088889,Bellevue_150th_SE38th
8776,0.484396,0.138113,0.092609,0.283333,0.0,0.05,Bellevue_150th_SE38th
8777,0.459874,0.133175,0.089658,0.481402,0.032116,0.048836,Bellevue_150th_SE38th
8778,0.42873,0.11768,0.08474,0.508571,0.201429,0.064206,Bellevue_150th_SE38th
8779,0.530858,0.166713,0.100462,0.358333,0.016667,0.011111,Bellevue_150th_SE38th
8780,0.394985,0.105503,0.078924,0.487222,0.110556,0.042778,Bellevue_150th_SE38th
8781,0.464969,0.140505,0.09102,0.672222,0.266667,0.116667,Bellevue_150th_SE38th
8782,0.489211,0.151989,0.094689,0.803889,0.325556,0.201667,Bellevue_150th_SE38th
8783,0.438035,0.131616,0.087141,0.697778,0.184444,0.103333,Bellevue_150th_SE38th
8784,0.474017,0.143047,0.092173,0.508333,0.044444,0.161111,Bellevue_150th_SE38th
8785,0.488026,0.157006,0.095151,0.377778,0.127778,0.016667,Bellevue_150th_SE38th
8786,0.467666,0.143461,0.091598,0.577222,0.005556,0.042778,Bellevue_150th_SE38th
8787,0.437755,0.134206,0.087279,0.47,0.024444,0.046667,Bellevue_150th_SE38th
8788,0.392294,0.111764,0.079256,0.584444,0.133333,0.117778,Bellevue_150th_SE38th
8789,0.54433,0.176364,0.102764,0.768221,0.067383,0.19281,Bellevue_150th_SE38th
8790,0.525249,0.170332,0.10026,0.895794,0.005556,0.205556,Bellevue_150th_SE38th
8791,0.529211,0.170785,0.10069,0.68499,0.066287,0.153353,Bellevue_150th_SE38th
8792,0.518472,0.175429,0.099969,0.754786,0.063956,0.085053,Bellevue_150th_SE38th
8793,0.508417,0.168136,0.09828,0.757619,0.018651,0.24373,Bellevue_150th_SE38th
8794,0.487241,0.156077,0.094923,0.769229,0.098587,0.138862,Bellevue_150th_SE38th
8795,0.491115,0.161006,0.095828,0.762262,0.036706,0.125397,Bellevue_150th_SE38th
8796,0.510187,0.169493,0.098599,0.68205,0.056799,0.158704,Bellevue_150th_SE38th
8797,0.47056,0.155243,0.093162,0.707765,0.042712,0.161587,Bellevue_150th_SE38th
8798,0.493979,0.149935,0.09493,0.726667,0.063889,0.033333,Bellevue_150th_SE38th
8799,0.423322,0.120046,0.083919,0.694444,0.111111,0.0,Bellevue_150th_SE38th
8800,0.420718,0.119745,0.083423,0.610794,0.076111,0.052778,Bellevue_150th_SE38th
8801,0.37798,0.096054,0.074772,0.608413,0.083333,0.193175,Bellevue_150th_SE38th
8802,0.450127,0.145018,0.089209,0.681508,0.064444,0.111429,Bellevue_150th_SE38th
8803,0.440166,0.138755,0.088,0.581331,0.033878,0.104182,Bellevue_150th_SE38th
8804,0.384074,0.099329,0.076288,0.572249,0.109021,0.109894,Bellevue_150th_SE38th
8805,0.464504,0.119083,0.088484,0.704568,0.135357,0.136177,Bellevue_150th_SE38th
8806,0.466899,0.126419,0.089557,0.726878,0.063611,0.081389,Bellevue_150th_SE38th
8807,0.405067,0.097474,0.079077,0.658095,0.036098,0.081799,Bellevue_150th_SE38th
8808,0.519313,0.156181,0.098143,0.706825,0.021944,0.248505,Bellevue_150th_SE38th
8809,0.280091,0.047295,0.045191,0.766587,0.027778,0.298056,Bellevue_150th_SE38th
8810,0.419053,0.109545,0.082156,0.667513,0.066508,0.070648,Bellevue_150th_SE38th
8811,0.465422,0.133854,0.090307,0.672712,0.019762,0.139974,Bellevue_150th_SE38th
8812,0.45058,0.129236,0.087966,0.752222,0.033333,0.062222,Bellevue_150th_SE38th
8813,0.439809,0.097273,0.08349,0.822619,0.034762,0.08373,Bellevue_150th_SE38th
8814,0.388844,0.074697,0.072113,0.875,0.016667,0.038889,Bellevue_150th_SE38th
8815,0.376353,0.080664,0.071478,0.652672,0.083638,0.122804,Bellevue_150th_SE38th
8816,0.45456,0.111632,0.086662,0.673956,0.061841,0.177591,Bellevue_150th_SE38th
8817,0.483014,0.134476,0.092094,0.719009,0.123428,0.143242,Bellevue_150th_SE38th
8818,0.499099,0.12847,0.092965,0.752674,0.114364,0.212298,Bellevue_150th_SE38th
8819,0.519578,0.124721,0.094524,0.629083,0.108234,0.138359,Bellevue_150th_SE38th
8820,0.510744,0.107048,0.091601,0.455099,0.075307,0.079924,Bellevue_150th_SE38th
8821,0.504408,0.119904,0.092506,0.730856,0.262579,0.098533,Bellevue_150th_SE38th
8822,0.454743,0.104115,0.085829,0.578721,0.153095,0.110945,Bellevue_150th_SE38th
8823,0.544549,0.10502,0.092891,0.76381,0.102063,0.099365,Bellevue_150th_SE38th
8824,0.457647,0.074438,0.077873,0.938889,0.038889,0.044444,Bellevue_150th_SE38th
8825,0.414969,0.070765,0.073611,0.86537,0.021429,0.155661,Bellevue_150th_SE38th
8826,0.4655,0.09235,0.085487,0.764172,0.081046,0.09573,Bellevue_150th_SE38th
8827,0.489024,0.106089,0.089391,0.859365,0.033333,0.13873,Bellevue_150th_SE38th
8828,0.437599,0.093952,0.082894,0.901905,0.046667,0.068651,Bellevue_150th_SE38th
8829,0.419049,0.091149,0.080267,0.84763,0.033333,0.101103,Bellevue_150th_SE38th
8830,0.475265,0.120928,0.089773,0.83078,0.082302,0.182354,Bellevue_150th_SE38th
8831,0.450036,0.113933,0.086492,0.799524,0.150238,0.236984,Bellevue_150th_SE38th
8832,0.440937,0.112446,0.085262,0.741786,0.146627,0.111508,Bellevue_150th_SE38th
8833,0.46088,0.116765,0.087887,0.652738,0.10004,0.109127,Bellevue_150th_SE38th
8834,0.456498,0.118533,0.087662,0.755556,0.067222,0.234008,Bellevue_150th_SE38th
8835,0.468377,0.113783,0.088278,0.668942,0.173069,0.120066,Bellevue_150th_SE38th
8836,0.45611,0.10489,0.086049,0.659722,0.227566,0.044339,Bellevue_150th_SE38th
8837,0.46936,0.118554,0.088914,0.652659,0.130317,0.154669,Bellevue_150th_SE38th
8838,0.45035,0.103074,0.085273,0.735913,0.101243,0.10369,Bellevue_150th_SE38th
8839,0.470806,0.082081,0.084039,0.606053,0.166457,0.05369,Bellevue_150th_SE38th
8840,0.494138,0.082011,0.083831,0.702394,0.105079,0.063889,Bellevue_150th_SE38th
8841,0.487526,0.094189,0.087872,0.754689,0.114411,0.156069,Bellevue_150th_SE38th
8842,0.459619,0.09935,0.085769,0.515017,0.060821,0.116855,Bellevue_150th_SE38th
8843,0.419524,0.078712,0.077846,0.527995,0.046005,0.108598,Bellevue_150th_SE38th
8844,0.474361,0.104842,0.087832,0.798545,0.108981,0.186746,Bellevue_150th_SE38th
8845,0.458833,0.111967,0.087141,0.536867,0.127656,0.14351,Bellevue_150th_SE38th
8846,0.43992,0.113165,0.08505,0.453599,0.0917,0.197922,Bellevue_150th_SE38th
8847,0.418417,0.104224,0.081158,0.652987,0.210311,0.133796,Bellevue_150th_SE38th
8848,0.410189,0.101935,0.079788,0.525487,0.11739,0.099769,Bellevue_150th_SE38th
8849,0.474086,0.096878,0.086876,0.601243,0.110886,0.225106,Bellevue_150th_SE38th
8850,0.478451,0.107309,0.088516,0.64685,0.076854,0.186014,Bellevue_150th_SE38th
8851,0.450586,0.108302,0.085921,0.559,0.047237,0.151451,Bellevue_150th_SE38th
8852,0.463194,0.093951,0.08548,0.824127,0.018095,0.383333,Bellevue_150th_SE38th
8853,0.412477,0.073857,0.075597,0.809127,0.0,0.343175,Bellevue_150th_SE38th
8854,0.457306,0.105618,0.08626,0.634217,0.048232,0.243711,Bellevue_150th_SE38th
8855,0.448573,0.106241,0.085475,0.488823,0.047156,0.072976,Bellevue_150th_SE38th
8856,0.443149,0.101439,0.084315,0.580494,0.071815,0.15671,Bellevue_150th_SE38th
8857,0.444901,0.107229,0.085114,0.742817,0.081614,0.194788,Bellevue_150th_SE38th
8858,0.444073,0.112386,0.085529,0.708214,0.064881,0.202063,Bellevue_150th_SE38th
8859,0.454335,0.117116,0.087274,0.785685,0.199346,0.265513,Bellevue_150th_SE38th
8860,0.438587,0.115546,0.084996,0.613685,0.225005,0.162972,Bellevue_150th_SE38th
8861,0.439096,0.117253,0.085449,0.559123,0.091116,0.046103,Bellevue_150th_SE38th
8862,0.434416,0.108058,0.083833,0.719893,0.15504,0.086643,Bellevue_150th_SE38th
8863,0.458877,0.115902,0.087606,0.575119,0.255317,0.101071,Bellevue_150th_SE38th
8864,0.438062,0.11481,0.084901,0.513016,0.189683,0.058413,Bellevue_150th_SE38th
8865,0.42219,0.102851,0.081418,0.528836,0.090079,0.132474,Bellevue_150th_SE38th
8866,0.460242,0.11078,0.087139,0.687302,0.070317,0.046746,Bellevue_150th_SE38th
8867,0.448274,0.10451,0.085192,0.901667,0.059444,0.056667,Bellevue_150th_SE38th
8868,0.447428,0.109021,0.085633,0.805794,0.109762,0.214444,Bellevue_150th_SE38th
8869,0.453943,0.113539,0.086807,0.586545,0.131855,0.17671,Bellevue_150th_SE38th
8870,0.436429,0.116092,0.084807,0.579504,0.074119,0.185994,Bellevue_150th_SE38th
8871,0.474464,0.103315,0.087668,0.467481,0.107064,0.118662,Bellevue_150th_SE38th
8872,0.470996,0.106645,0.08772,0.530238,0.154365,0.12873,Bellevue_150th_SE38th
8873,0.451746,0.115794,0.08672,0.676675,0.152778,0.077635,Bellevue_150th_SE38th
8874,0.442461,0.107973,0.084747,0.76595,0.164435,0.065728,Bellevue_150th_SE38th
8875,0.444096,0.108915,0.085182,0.676965,0.18963,0.180863,Bellevue_150th_SE38th
8876,0.446836,0.116403,0.086224,0.440965,0.065104,0.137163,Bellevue_150th_SE38th
8877,0.437693,0.11601,0.085083,0.574123,0.052354,0.11194,Bellevue_150th_SE38th
8878,0.461779,0.11271,0.08752,0.688651,0.192103,0.171587,Bellevue_150th_SE38th
8879,0.459217,0.112981,0.087285,0.584566,0.208385,0.146727,Bellevue_150th_SE38th
8880,0.444583,0.113225,0.085606,0.522081,0.035225,0.106064,Bellevue_150th_SE38th
8881,0.439151,0.114079,0.08505,0.611555,0.127897,0.177492,Bellevue_150th_SE38th
8882,0.446112,0.114198,0.085833,0.549677,0.104815,0.165452,Bellevue_150th_SE38th
8883,0.479859,0.110913,0.089072,0.606819,0.117223,0.115254,Bellevue_150th_SE38th
8884,0.454521,0.113455,0.086884,0.69246,0.159762,0.226296,Bellevue_150th_SE38th
8885,0.450682,0.115781,0.086543,0.612495,0.19971,0.193323,Bellevue_150th_SE38th
8886,0.441274,0.114897,0.08525,0.787205,0.103323,0.221682,Bellevue_150th_SE38th
8887,0.460291,0.109817,0.087027,0.757457,0.175177,0.093283,Bellevue_150th_SE38th
8888,0.470469,0.109501,0.087981,0.939921,0.150595,0.213492,Bellevue_150th_SE38th
8889,0.472199,0.108636,0.088046,0.612479,0.150686,0.152098,Bellevue_150th_SE38th
8890,0.47784,0.117967,0.089705,0.651123,0.139568,0.205978,Bellevue_150th_SE38th
8891,0.444778,0.11691,0.085996,0.489231,0.112976,0.100859,Bellevue_150th_SE38th
8892,0.472548,0.124068,0.089884,0.480703,0.100238,0.081517,Bellevue_150th_SE38th
8893,0.452561,0.126342,0.087946,0.589167,0.084013,0.174735,Bellevue_150th_SE38th
8894,0.466055,0.118241,0.088566,0.574269,0.113888,0.124752,Bellevue_150th_SE38th
8895,0.499407,0.116678,0.091619,0.790794,0.091508,0.125476,Bellevue_150th_SE38th
8896,0.517352,0.118125,0.093533,0.478949,0.030463,0.178499,Bellevue_150th_SE38th
8897,0.461826,0.115089,0.087772,0.640926,0.076204,0.111786,Bellevue_150th_SE38th
8898,0.53996,0.122138,0.096197,0.780714,0.030556,0.047143,Bellevue_150th_SE38th
8899,0.473763,0.116498,0.089117,0.65,0.023611,0.13078,Bellevue_150th_SE38th
8900,0.459453,0.115167,0.08757,0.620253,0.150545,0.097311,Bellevue_150th_SE38th
8901,0.461805,0.114229,0.087672,0.734394,0.144679,0.099654,Bellevue_150th_SE38th
8902,0.531989,0.12781,0.096082,0.764444,0.048333,0.111667,Bellevue_150th_SE38th
8903,0.478658,0.114795,0.089388,0.638084,0.052579,0.127497,Bellevue_150th_SE38th
8904,0.510774,0.124963,0.093671,0.828122,0.053743,0.074802,Bellevue_150th_SE38th
8905,0.491903,0.119111,0.091181,0.936111,0.073889,0.041111,Bellevue_150th_SE38th
8906,0.490245,0.118591,0.090965,0.575346,0.069879,0.123,Bellevue_150th_SE38th
8907,0.532608,0.130002,0.096385,0.666325,0.04303,0.114044,Bellevue_150th_SE38th
8908,0.542274,0.127698,0.097063,0.740754,0.074206,0.182923,Bellevue_150th_SE38th
8909,0.520765,0.1261,0.094795,0.685714,0.128029,0.246759,Bellevue_150th_SE38th
8910,0.541053,0.12889,0.097073,0.603904,0.122108,0.164624,Bellevue_150th_SE38th
8911,0.487389,0.124632,0.091371,0.501611,0.036937,0.118439,Bellevue_150th_SE38th
8912,0.546085,0.125583,0.096474,0.609194,0.076419,0.218973,Bellevue_150th_SE38th
8913,0.5697,0.12925,0.099512,0.746124,0.104752,0.282478,Bellevue_150th_SE38th
8914,0.502183,0.126568,0.093046,0.66277,0.051464,0.237346,Bellevue_150th_SE38th
8915,0.491946,0.123082,0.091631,0.665444,0.059628,0.174253,Bellevue_150th_SE38th
8916,0.542671,0.129416,0.097286,0.703757,0.023816,0.22507,Bellevue_150th_SE38th
8917,0.512796,0.128249,0.094261,0.845357,0.030107,0.207407,Bellevue_150th_SE38th
8918,0.507248,0.124406,0.093281,0.622411,0.046928,0.137811,Bellevue_150th_SE38th
8919,0.539792,0.126483,0.096684,0.660767,0.102391,0.092352,Bellevue_150th_SE38th
8920,0.566417,0.121982,0.09711,0.756947,0.058263,0.21652,Bellevue_150th_SE38th
8921,0.583268,0.128362,0.099733,0.810603,0.067396,0.285433,Bellevue_150th_SE38th
8922,0.55098,0.127062,0.09785,0.632742,0.036272,0.240291,Bellevue_150th_SE38th
8923,0.552292,0.135806,0.098983,0.680212,0.03705,0.214434,Bellevue_150th_SE38th
8924,0.562712,0.125557,0.096884,0.840663,0.074349,0.266281,Bellevue_150th_SE38th
8925,0.59006,0.128447,0.100129,0.680087,0.120409,0.161467,Bellevue_150th_SE38th
8926,0.511339,0.126452,0.09391,0.587644,0.0544,0.089972,Bellevue_150th_SE38th
8927,0.572082,0.134551,0.099751,0.844769,0.042845,0.097053,Bellevue_150th_SE38th
8928,0.59096,0.136241,0.102617,0.828929,0.022698,0.076283,Bellevue_150th_SE38th
8929,0.585117,0.137279,0.10235,0.65155,0.028263,0.087648,Bellevue_150th_SE38th
8930,0.55548,0.13608,0.099308,0.709043,0.064547,0.141682,Bellevue_150th_SE38th
8931,0.577108,0.139114,0.101778,0.784456,0.087859,0.183802,Bellevue_150th_SE38th
8932,0.58503,0.140716,0.102747,0.734061,0.006667,0.177077,Bellevue_150th_SE38th
8933,0.588083,0.139437,0.102883,0.779033,0.053323,0.094749,Bellevue_150th_SE38th
8934,0.580892,0.135348,0.10134,0.570995,0.072063,0.169657,Bellevue_150th_SE38th
8935,0.561911,0.137528,0.100112,0.635147,0.066137,0.224913,Bellevue_150th_SE38th
8936,0.560482,0.136069,0.099807,0.600421,0.071682,0.158938,Bellevue_150th_SE38th
8937,0.565001,0.134463,0.099544,0.581611,0.136823,0.127187,Bellevue_150th_SE38th
8938,0.56752,0.137163,0.100619,0.518021,0.128766,0.100436,Bellevue_150th_SE38th
8939,0.563659,0.115006,0.092892,0.640364,0.068269,0.161512,Bellevue_150th_SE38th
8940,0.563829,0.131648,0.099086,0.701427,0.160624,0.07417,Bellevue_150th_SE38th
8941,0.594136,0.128806,0.099198,0.749841,0.06254,0.105,Bellevue_150th_SE38th
8942,0.602477,0.128808,0.09961,0.629339,0.064286,0.144299,Bellevue_150th_SE38th
8943,0.582146,0.122417,0.095645,0.719388,0.063202,0.101764,Bellevue_150th_SE38th
8944,0.608733,0.130726,0.100588,0.932222,0.120833,0.095556,Bellevue_150th_SE38th
8945,0.614384,0.105298,0.090857,0.567275,0.053175,0.217526,Bellevue_150th_SE38th
8946,0.57949,0.132044,0.100098,0.593563,0.065954,0.23421,Bellevue_150th_SE38th
8947,0.593382,0.134473,0.101836,0.536089,0.10489,0.220754,Bellevue_150th_SE38th
8948,0.560603,0.132941,0.099457,0.607224,0.036567,0.334062,Bellevue_150th_SE38th
8949,0.557819,0.131704,0.099035,0.620715,0.053362,0.158016,Bellevue_150th_SE38th
8950,0.558456,0.128952,0.097684,0.478026,0.063862,0.100029,Bellevue_150th_SE38th
8951,0.559622,0.135678,0.098944,0.681009,0.07245,0.106794,Bellevue_150th_SE38th
8952,0.579666,0.137179,0.101605,0.653999,0.125491,0.172084,Bellevue_150th_SE38th
8953,0.594502,0.137759,0.101886,0.712982,0.052269,0.237293,Bellevue_150th_SE38th
8954,0.564774,0.13765,0.100411,0.501322,0.071172,0.091879,Bellevue_150th_SE38th
8955,0.530535,0.131989,0.096392,0.44571,0.104137,0.081504,Bellevue_150th_SE38th
8956,0.55915,0.130161,0.097435,0.556072,0.069692,0.129625,Bellevue_150th_SE38th
8957,0.569895,0.135145,0.100375,0.535408,0.040663,0.189781,Bellevue_150th_SE38th
8958,0.569554,0.137753,0.10088,0.628482,0.064405,0.156242,Bellevue_150th_SE38th
8959,0.607205,0.127028,0.098427,0.67898,0.095705,0.136643,Bellevue_150th_SE38th
8960,0.595405,0.127023,0.098157,0.596184,0.09747,0.14903,Bellevue_150th_SE38th
8961,0.576034,0.138278,0.101578,0.497863,0.081235,0.169689,Bellevue_150th_SE38th
8962,0.574814,0.137553,0.101376,0.402249,0.062025,0.160349,Bellevue_150th_SE38th
8963,0.545808,0.132045,0.097809,0.508262,0.091671,0.155052,Bellevue_150th_SE38th
8964,0.558533,0.12756,0.097624,0.431332,0.045071,0.083207,Bellevue_150th_SE38th
8965,0.566434,0.127503,0.097,0.611875,0.122003,0.04439,Bellevue_150th_SE38th
8966,0.586304,0.135114,0.101517,0.507374,0.109288,0.08373,Bellevue_150th_SE38th
8967,0.513712,0.132303,0.094823,0.304487,0.056537,0.126636,Bellevue_150th_SE38th
8968,0.512416,0.129145,0.094332,0.526704,0.100762,0.046994,Bellevue_150th_SE38th
8969,0.547483,0.13186,0.098038,0.581835,0.175214,0.068423,Bellevue_150th_SE38th
8970,0.556761,0.133473,0.098263,0.50474,0.075272,0.102651,Bellevue_150th_SE38th
8971,0.579189,0.129763,0.098274,0.592316,0.105283,0.186967,Bellevue_150th_SE38th
8972,0.582062,0.140833,0.10246,0.678392,0.159382,0.173007,Bellevue_150th_SE38th
8973,0.583311,0.140448,0.102544,0.488199,0.097348,0.133747,Bellevue_150th_SE38th
8974,0.554767,0.140419,0.09975,0.584254,0.108402,0.178192,Bellevue_150th_SE38th
8975,0.566328,0.142519,0.101111,0.626396,0.131947,0.243907,Bellevue_150th_SE38th
8976,0.585813,0.142059,0.102978,0.562644,0.081339,0.126363,Bellevue_150th_SE38th
8977,0.545435,0.143967,0.099255,0.447917,0.124228,0.121571,Bellevue_150th_SE38th
8978,0.574828,0.142482,0.101958,0.46039,0.061892,0.20364,Bellevue_150th_SE38th
8979,0.576184,0.140642,0.101866,0.480987,0.105725,0.153993,Bellevue_150th_SE38th
8980,0.528522,0.145568,0.097791,0.529764,0.072053,0.124578,Bellevue_150th_SE38th
8981,0.542391,0.143108,0.098863,0.421632,0.104661,0.129542,Bellevue_150th_SE38th
8982,0.559041,0.145248,0.100733,0.407685,0.084013,0.082883,Bellevue_150th_SE38th
8983,0.548707,0.142303,0.099376,0.564923,0.104902,0.198431,Bellevue_150th_SE38th
8984,0.548578,0.144182,0.099605,0.60638,0.13943,0.205811,Bellevue_150th_SE38th
8985,0.465909,0.135862,0.09059,0.500373,0.064292,0.160781,Bellevue_150th_SE38th
8986,0.530655,0.15073,0.098589,0.460933,0.070585,0.129522,Bellevue_150th_SE38th
8987,0.532658,0.157231,0.099511,0.582764,0.128809,0.194688,Bellevue_150th_SE38th
8988,0.517416,0.149641,0.097194,0.555476,0.10827,0.238181,Bellevue_150th_SE38th
8989,0.501713,0.148138,0.095488,0.562748,0.042396,0.24088,Bellevue_150th_SE38th
8990,0.488983,0.14705,0.0941,0.697641,0.08108,0.250874,Bellevue_150th_SE38th
8991,0.557187,0.143502,0.100356,0.582661,0.129935,0.113944,Bellevue_150th_SE38th
8992,0.523032,0.14766,0.097509,0.565185,0.142876,0.109469,Bellevue_150th_SE38th
8993,0.499487,0.151339,0.095646,0.586699,0.089975,0.189215,Bellevue_150th_SE38th
8994,0.550585,0.138229,0.099102,0.665612,0.089502,0.175202,Bellevue_150th_SE38th
8995,0.452404,0.134417,0.088922,0.688162,0.122574,0.215593,Bellevue_150th_SE38th
8996,0.483049,0.142765,0.093044,0.758844,0.1093,0.219711,Bellevue_150th_SE38th
8997,0.462299,0.135672,0.090155,0.551116,0.080468,0.207544,Bellevue_150th_SE38th
8998,0.442432,0.134363,0.087342,0.656031,0.177171,0.264395,Bellevue_150th_SE38th
8999,0.469313,0.142106,0.091647,0.671855,0.181379,0.200771,Bellevue_150th_SE38th
9000,0.49319,0.132056,0.092796,0.647897,0.100997,0.180306,Bellevue_150th_SE38th
9001,0.447838,0.139893,0.088929,0.607809,0.114786,0.1034,Bellevue_150th_SE38th
9002,0.535563,0.150796,0.099067,0.827151,0.138587,0.161112,Bellevue_150th_SE38th
9003,0.501621,0.1379,0.094285,0.623463,0.085524,0.199762,Bellevue_150th_SE38th
9004,0.514229,0.144545,0.096298,0.750505,0.104406,0.181131,Bellevue_150th_SE38th
9005,0.415921,0.123508,0.082089,0.762496,0.077344,0.171086,Bellevue_150th_SE38th
9006,0.440722,0.131915,0.086783,0.700636,0.094479,0.186211,Bellevue_150th_SE38th
9007,0.432425,0.131424,0.085518,0.542295,0.138945,0.141975,Bellevue_150th_SE38th
9008,0.478057,0.142058,0.092484,0.68052,0.1521,0.160583,Bellevue_150th_SE38th
9009,0.434843,0.134549,0.086303,0.680857,0.143619,0.16377,Bellevue_150th_SE38th
9010,0.549697,0.141239,0.099369,0.619138,0.13013,0.205882,Bellevue_150th_SE38th
9011,0.469106,0.133817,0.090664,0.615517,0.107702,0.150165,Bellevue_150th_SE38th
9012,0.441565,0.130023,0.087026,0.535598,0.16295,0.08919,Bellevue_150th_SE38th
9013,0.468051,0.141898,0.091487,0.637465,0.165774,0.101626,Bellevue_150th_SE38th
9014,0.496385,0.127208,0.09255,0.483728,0.182075,0.081697,Bellevue_150th_SE38th
9015,0.539375,0.136541,0.097816,0.643041,0.123617,0.151329,Bellevue_150th_SE38th
9016,0.454799,0.122181,0.087814,0.570934,0.130525,0.119368,Bellevue_150th_SE38th
9017,0.410886,0.114412,0.080595,0.652894,0.183301,0.0641,Bellevue_150th_SE38th
9018,0.467977,0.132279,0.09037,0.804639,0.111775,0.132514,Bellevue_150th_SE38th
9019,0.430119,0.11925,0.083898,0.814736,0.142852,0.080799,Bellevue_150th_SE38th
9020,0.45309,0.124914,0.087949,0.463853,0.103411,0.044306,Bellevue_150th_SE38th
9021,0.449698,0.129125,0.087957,0.578174,0.081771,0.061739,Bellevue_150th_SE38th
9022,0.426843,0.124388,0.083995,0.618177,0.051811,0.115776,Bellevue_150th_SE38th
9023,0.464042,0.150591,0.09204,0.561797,0.124692,0.06751,Bellevue_150th_SE38th
9024,0.524044,0.163063,0.099301,0.52744,0.129271,0.070331,Bellevue_150th_SE38th
9025,0.552931,0.163431,0.102194,0.602994,0.105813,0.096304,Bellevue_150th_SE38th
9026,0.544185,0.149862,0.099825,0.578877,0.096968,0.084925,Bellevue_150th_SE38th
9027,0.530244,0.157059,0.099255,0.509385,0.119025,0.057548,Bellevue_150th_SE38th
9028,0.496392,0.155286,0.095752,0.504115,0.078135,0.072966,Bellevue_150th_SE38th
9029,0.524659,0.159454,0.098985,0.491524,0.105048,0.08911,Bellevue_150th_SE38th
9030,0.481247,0.153495,0.094084,0.521596,0.183958,0.041479,Bellevue_150th_SE38th
9031,0.527288,0.152962,0.098514,0.512998,0.142269,0.087606,Bellevue_150th_SE38th
9032,0.530072,0.153954,0.098896,0.637797,0.186001,0.068189,Bellevue_150th_SE38th
9033,0.54133,0.152756,0.099868,0.601574,0.085027,0.096987,Bellevue_150th_SE38th
9034,0.562143,0.154395,0.102088,0.721864,0.141551,0.081526,Bellevue_150th_SE38th
9035,0.556227,0.157348,0.101833,0.604456,0.115515,0.074971,Bellevue_150th_SE38th
9036,0.53278,0.162582,0.100153,0.624348,0.066696,0.136641,Bellevue_150th_SE38th
9037,0.525813,0.15268,0.098351,0.513722,0.135343,0.13604,Bellevue_150th_SE38th
9038,0.502573,0.160907,0.09699,0.493872,0.043498,0.199733,Bellevue_150th_SE38th
9039,0.507174,0.15285,0.096565,0.538672,0.142354,0.044116,Bellevue_150th_SE38th
9040,0.504199,0.154939,0.096492,0.606939,0.155059,0.113611,Bellevue_150th_SE38th
9041,0.511853,0.15695,0.097481,0.535979,0.095349,0.077246,Bellevue_150th_SE38th
9042,0.45169,0.145981,0.089539,0.467132,0.118819,0.040683,Bellevue_150th_SE38th
9043,0.477804,0.14528,0.092833,0.468868,0.168509,0.076641,Bellevue_150th_SE38th
9044,0.467113,0.148008,0.092076,0.496573,0.139708,0.076269,Bellevue_150th_SE38th
9045,0.509839,0.157782,0.097342,0.566584,0.239202,0.063632,Bellevue_150th_SE38th
9046,0.484791,0.152894,0.094366,0.7,0.35,0.05,Bellevue_150th_SE38th
9047,0.366731,0.119278,0.073893,0.593832,0.210532,0.060288,Bellevue_150th_SE38th
9048,0.485096,0.151608,0.094259,0.533351,0.196789,0.187769,Bellevue_150th_SE38th
9049,0.536872,0.157157,0.099941,0.560616,0.257713,0.130912,Bellevue_150th_SE38th
9050,0.4692,0.14921,0.092424,0.558098,0.265555,0.104611,Bellevue_150th_SE38th
9051,0.499296,0.157162,0.096243,0.547042,0.232705,0.105797,Bellevue_150th_SE38th
9052,0.463752,0.151118,0.092059,0.372881,0.115241,0.060215,Bellevue_150th_SE38th
9053,0.522597,0.160405,0.098876,0.434237,0.133183,0.035266,Bellevue_150th_SE38th
9054,0.508895,0.156775,0.09718,0.562097,0.168739,0.047319,Bellevue_150th_SE38th
9055,0.484391,0.151167,0.094149,0.58964,0.222872,0.01013,Bellevue_150th_SE38th
9056,0.44448,0.144765,0.088522,0.605265,0.202278,0.020774,Bellevue_150th_SE38th
9057,0.445176,0.14579,0.088761,0.608483,0.196033,0.033381,Bellevue_150th_SE38th
9058,0.466017,0.151534,0.092335,0.487377,0.193427,0.052012,Bellevue_150th_SE38th
9059,0.551961,0.162863,0.102025,0.506709,0.133475,0.078581,Bellevue_150th_SE38th
9060,0.534659,0.160835,0.10016,0.466972,0.135113,0.11892,Bellevue_150th_SE38th
9061,0.545314,0.153738,0.100373,0.617584,0.246065,0.090515,Bellevue_150th_SE38th
9062,0.528161,0.156425,0.098998,0.761534,0.221401,0.063682,Bellevue_150th_SE38th
9063,0.461413,0.149383,0.091476,0.494741,0.11171,0.097614,Bellevue_150th_SE38th
9064,0.552079,0.163267,0.102104,0.369084,0.145744,0.059144,Bellevue_150th_SE38th
9065,0.52402,0.161752,0.099195,0.360132,0.103365,0.083545,Bellevue_150th_SE38th
9066,0.518513,0.162434,0.098732,0.371222,0.03692,0.120719,Bellevue_150th_SE38th
9067,0.505755,0.160157,0.097222,0.458558,0.074244,0.095991,Bellevue_150th_SE38th
9068,0.48066,0.155821,0.094239,0.446682,0.051693,0.10995,Bellevue_150th_SE38th
9069,0.510197,0.16161,0.097822,0.328178,0.084027,0.03934,Bellevue_150th_SE38th
9070,0.528109,0.164741,0.099914,0.447286,0.102845,0.083954,Bellevue_150th_SE38th
9071,0.565519,0.16322,0.103411,0.40743,0.058977,0.116536,Bellevue_150th_SE38th
9072,0.582175,0.161131,0.10479,0.559553,0.086864,0.193941,Bellevue_150th_SE38th
9073,0.526074,0.163211,0.099549,0.494106,0.076554,0.042918,Bellevue_150th_SE38th
9074,0.520682,0.167244,0.099447,0.508267,0.094099,0.038018,Bellevue_150th_SE38th
9075,0.578987,0.163909,0.10476,0.370763,0.11159,0.051881,Bellevue_150th_SE38th
9076,0.566692,0.164575,0.103685,0.38452,0.073506,0.040374,Bellevue_150th_SE38th
9077,0.567908,0.160633,0.103368,0.498711,0.138781,0.05533,Bellevue_150th_SE38th
9078,0.551832,0.160357,0.101756,0.571241,0.08419,0.071934,Bellevue_150th_SE38th
9079,0.545339,0.161917,0.101296,0.445218,0.020526,0.14657,Bellevue_150th_SE38th
9080,0.547377,0.16157,0.101442,0.451769,0.086264,0.046139,Bellevue_150th_SE38th
9081,0.562775,0.172301,0.104143,0.436506,0.074632,0.069434,Bellevue_150th_SE38th
9082,0.587583,0.166298,0.105898,0.499484,0.105736,0.089169,Bellevue_150th_SE38th
9083,0.59062,0.16429,0.105982,0.563847,0.151564,0.109467,Bellevue_150th_SE38th
9084,0.618341,0.147848,0.103937,0.489845,0.04841,0.262122,Bellevue_150th_SE38th
9085,0.616786,0.163679,0.10811,0.513623,0.060988,0.21729,Bellevue_150th_SE38th
9086,0.565931,0.166125,0.103765,0.619283,0.206816,0.069135,Bellevue_150th_SE38th
9087,0.570899,0.163559,0.103944,0.550644,0.092011,0.141319,Bellevue_150th_SE38th
9088,0.594301,0.169297,0.106897,0.471352,0.133076,0.099398,Bellevue_150th_SE38th
9089,0.586612,0.168271,0.106019,0.530187,0.18583,0.118514,Bellevue_150th_SE38th
9090,0.611819,0.16723,0.108396,0.510366,0.11657,0.092731,Bellevue_150th_SE38th
9091,0.621796,0.167425,0.109387,0.651539,0.312569,0.080787,Bellevue_150th_SE38th
9092,0.554033,0.164487,0.102439,0.694541,0.320134,0.090356,Bellevue_150th_SE38th
9093,0.575092,0.167941,0.104865,0.452197,0.133219,0.04285,Bellevue_150th_SE38th
9094,0.579021,0.171816,0.105663,0.425236,0.095046,0.070203,Bellevue_150th_SE38th
9095,0.589612,0.171547,0.106655,0.465259,0.175014,0.063384,Bellevue_150th_SE38th
9096,0.593815,0.171401,0.107076,0.524151,0.219912,0.05602,Bellevue_150th_SE38th
9097,0.619897,0.170369,0.109402,0.466643,0.182602,0.073657,Bellevue_150th_SE38th
9098,0.617757,0.157842,0.107041,0.470735,0.205775,0.060652,Bellevue_150th_SE38th
9099,0.607473,0.172232,0.108493,0.577807,0.250207,0.052352,Bellevue_150th_SE38th
9100,0.59249,0.170109,0.10677,0.586567,0.222955,0.065111,Bellevue_150th_SE38th
9101,0.586303,0.148373,0.10243,0.366495,0.021638,0.066128,Bellevue_150th_SE38th
9102,0.481245,0.153739,0.09407,0.375,0.0,0.083333,Bellevue_150th_SE38th
9103,0.624944,0.117569,0.092328,0.432315,0.095336,0.08547,Bellevue_150th_SE38th
9104,0.608416,0.135025,0.097709,0.645341,0.29263,0.051314,Bellevue_150th_SE38th
9105,0.549318,0.170249,0.102578,0.635128,0.188967,0.090044,Bellevue_150th_SE38th
9106,0.610708,0.153467,0.104984,0.499664,0.132648,0.077713,Bellevue_150th_SE38th
9107,0.615149,0.166869,0.10724,0.401974,0.128461,0.051591,Bellevue_150th_SE38th
9108,0.619604,0.161735,0.105278,0.427796,0.125269,0.102657,Bellevue_150th_SE38th
9109,0.633346,0.15619,0.104763,0.586484,0.267465,0.049967,Bellevue_150th_SE38th
9110,0.635459,0.156727,0.106615,0.614667,0.235302,0.092566,Bellevue_150th_SE38th
9111,0.635088,0.164092,0.10865,0.757247,0.232956,0.044959,Bellevue_150th_SE38th
9112,0.573178,0.167866,0.104653,0.619396,0.232772,0.0,Bellevue_150th_SE38th
9113,0.605672,0.16902,0.107957,0.692077,0.293809,0.0,Bellevue_150th_SE38th
9114,0.63602,0.120458,0.092727,0.504439,0.1814,0.030131,Bellevue_150th_SE38th
9115,0.618438,0.152271,0.101508,0.429126,0.188597,0.029371,Bellevue_150th_SE38th
9116,0.611928,0.171127,0.108822,0.499945,0.255131,0.024375,Bellevue_150th_SE38th
9117,0.633675,0.1662,0.109681,0.600004,0.3094,0.043133,Bellevue_150th_SE38th
9118,0.617386,0.15452,0.105763,0.688937,0.345413,0.036501,Bellevue_150th_SE38th
9119,0.602405,0.168463,0.107283,0.558801,0.18318,0.079665,Bellevue_150th_SE38th
9120,0.611257,0.149812,0.100644,0.480335,0.104261,0.11158,Bellevue_150th_SE38th
9121,0.627578,0.143215,0.098533,0.476129,0.108914,0.11434,Bellevue_150th_SE38th
9122,0.621903,0.142766,0.098355,0.413972,0.165435,0.034434,Bellevue_150th_SE38th
9123,0.633308,0.139393,0.098617,0.513399,0.195125,0.091592,Bellevue_150th_SE38th
9124,0.641276,0.132107,0.09562,0.624888,0.176412,0.205445,Bellevue_150th_SE38th
9125,0.649568,0.128697,0.095682,0.588819,0.128242,0.165378,Bellevue_150th_SE38th
9126,0.644687,0.133964,0.096887,0.531604,0.100892,0.130433,Bellevue_150th_SE38th
9127,0.634476,0.134949,0.095935,0.442283,0.093425,0.127465,Bellevue_150th_SE38th
9128,0.616149,0.172568,0.109415,0.510692,0.092037,0.141014,Bellevue_150th_SE38th
9129,0.586207,0.176398,0.106904,0.539994,0.192938,0.083337,Bellevue_150th_SE38th
9130,0.606024,0.169817,0.108083,0.602961,0.170268,0.186468,Bellevue_150th_SE38th
9131,0.600539,0.141262,0.103511,0.67817,0.115146,0.153816,Bellevue_150th_SE38th
9132,0.568965,0.161315,0.103531,0.497307,0.137965,0.096456,Bellevue_150th_SE38th
9133,0.5417,0.169406,0.101732,0.579184,0.177417,0.045005,Bellevue_150th_SE38th
9134,0.596889,0.168033,0.106997,0.50394,0.150201,0.072679,Bellevue_150th_SE38th
9135,0.629887,0.167147,0.108042,0.425339,0.115161,0.061463,Bellevue_150th_SE38th
9136,0.621508,0.172984,0.109998,0.41979,0.066867,0.075283,Bellevue_150th_SE38th
9137,0.625389,0.141977,0.10137,0.465965,0.128808,0.058167,Bellevue_150th_SE38th
9138,0.634891,0.152506,0.106258,0.578818,0.140785,0.117581,Bellevue_150th_SE38th
9139,0.573643,0.159454,0.103767,0.580649,0.124858,0.136108,Bellevue_150th_SE38th
9140,0.523111,0.155123,0.098329,0.548237,0.174239,0.090159,Bellevue_150th_SE38th
9141,0.596504,0.16912,0.107054,0.492688,0.168751,0.091385,Bellevue_150th_SE38th
9142,0.612632,0.180945,0.10999,0.597343,0.19126,0.156143,Bellevue_150th_SE38th
9143,0.603544,0.172014,0.108101,0.664054,0.226536,0.055634,Bellevue_150th_SE38th
9144,0.578558,0.172654,0.105738,0.722611,0.231967,0.097569,Bellevue_150th_SE38th
9145,0.628934,0.16036,0.108268,0.699351,0.254965,0.084426,Bellevue_150th_SE38th
9146,0.614561,0.158713,0.106898,0.692648,0.284512,0.110659,Bellevue_150th_SE38th
9147,0.613267,0.164721,0.10825,0.593264,0.268637,0.064381,Bellevue_150th_SE38th
9148,0.611748,0.178802,0.109682,0.448643,0.124631,0.042451,Bellevue_150th_SE38th
9149,0.617815,0.174932,0.109773,0.394742,0.150474,0.062253,Bellevue_150th_SE38th
9150,0.619691,0.181366,0.110734,0.536897,0.153009,0.037327,Bellevue_150th_SE38th
9151,0.598568,0.182718,0.108834,0.5274,0.146462,0.034336,Bellevue_150th_SE38th
9152,0.651605,0.142446,0.101227,0.592362,0.223096,0.033343,Bellevue_150th_SE38th
9153,0.620775,0.169521,0.109419,0.614071,0.168267,0.077713,Bellevue_150th_SE38th
9154,0.605253,0.183207,0.109534,0.628666,0.186438,0.093198,Bellevue_150th_SE38th
9155,0.611552,0.172419,0.108931,0.554016,0.154178,0.058115,Bellevue_150th_SE38th
9156,0.586258,0.159687,0.104896,0.513235,0.133404,0.072056,Bellevue_150th_SE38th
9157,0.616548,0.16672,0.107965,0.443483,0.170782,0.075198,Bellevue_150th_SE38th
9158,0.611917,0.180786,0.10989,0.535165,0.121532,0.10954,Bellevue_150th_SE38th
9159,0.611977,0.181949,0.110046,0.577775,0.112864,0.087797,Bellevue_150th_SE38th
9160,0.569966,0.1706,0.10468,0.717716,0.253981,0.117824,Bellevue_150th_SE38th
9161,0.643525,0.148377,0.103986,0.684411,0.198469,0.102262,Bellevue_150th_SE38th
9162,0.620474,0.164249,0.108905,0.646578,0.198396,0.065049,Bellevue_150th_SE38th
9163,0.612165,0.172781,0.109025,0.574895,0.193434,0.114282,Bellevue_150th_SE38th
9164,0.616793,0.157722,0.106411,0.472052,0.156693,0.088734,Bellevue_150th_SE38th
9165,0.609453,0.18422,0.110041,0.478039,0.11412,0.121899,Bellevue_150th_SE38th
9166,0.612822,0.183382,0.110286,0.535714,0.142857,0.142857,Bellevue_150th_SE38th
9167,0.497403,0.148675,0.095019,0.573474,0.173746,0.119537,Bellevue_150th_SE38th
9168,0.578328,0.177823,0.106313,0.576817,0.143969,0.124116,Bellevue_150th_SE38th
9169,0.602835,0.167889,0.107594,0.520967,0.174869,0.093113,Bellevue_150th_SE38th
9170,0.584434,0.177599,0.106876,0.537083,0.086038,0.151383,Bellevue_150th_SE38th
9171,0.56534,0.178053,0.105033,0.496946,0.055439,0.153636,Bellevue_150th_SE38th
9172,0.617487,0.169253,0.108103,0.501569,0.113063,0.142877,Bellevue_150th_SE38th
9173,0.599348,0.187103,0.10939,0.554077,0.12649,0.170119,Bellevue_150th_SE38th
9174,0.619706,0.17716,0.110269,0.541257,0.128189,0.130967,Bellevue_150th_SE38th
9175,0.597034,0.172489,0.10754,0.537437,0.120382,0.164932,Bellevue_150th_SE38th
9176,0.58835,0.164709,0.10583,0.622042,0.165263,0.159991,Bellevue_150th_SE38th
9177,0.590465,0.150892,0.104438,0.735452,0.195703,0.179437,Bellevue_150th_SE38th
9178,0.538826,0.162909,0.100772,0.765865,0.202769,0.175697,Bellevue_150th_SE38th
9179,0.56038,0.166066,0.103208,0.712431,0.253236,0.117886,Bellevue_150th_SE38th
9180,0.563695,0.170039,0.103975,0.532646,0.119791,0.083486,Bellevue_150th_SE38th
9181,0.604282,0.16831,0.10777,0.547325,0.117429,0.101687,Bellevue_150th_SE38th
9182,0.599868,0.168191,0.10733,0.521721,0.140073,0.047957,Bellevue_150th_SE38th
9183,0.539224,0.16353,0.100893,0.557496,0.217454,0.130957,Bellevue_150th_SE38th
9184,0.546286,0.168173,0.102099,0.582943,0.24735,0.11026,Bellevue_150th_SE38th
9185,0.563535,0.168687,0.103837,0.635679,0.252984,0.090959,Bellevue_150th_SE38th
9186,0.546605,0.170676,0.1024,0.625345,0.26246,0.040579,Bellevue_150th_SE38th
9187,0.517728,0.164173,0.098831,0.643435,0.222284,0.030789,Bellevue_150th_SE38th
9188,0.547566,0.168458,0.102233,0.395521,0.130433,0.063666,Bellevue_150th_SE38th
9189,0.589435,0.169283,0.106398,0.495261,0.186042,0.09148,Bellevue_150th_SE38th
9190,0.555758,0.156087,0.101636,0.507916,0.163232,0.087939,Bellevue_150th_SE38th
9191,0.518254,0.143394,0.096568,0.524397,0.212992,0.10118,Bellevue_150th_SE38th
9192,0.499806,0.140624,0.094432,0.488895,0.204254,0.092571,Bellevue_150th_SE38th
9193,0.477495,0.141218,0.092325,0.547854,0.216419,0.113209,Bellevue_150th_SE38th
9194,0.500206,0.143291,0.094781,0.625635,0.191495,0.112997,Bellevue_150th_SE38th
9195,0.462619,0.138641,0.090401,0.579817,0.140434,0.15404,Bellevue_150th_SE38th
9196,0.438324,0.129168,0.085987,0.530314,0.10869,0.097914,Bellevue_150th_SE38th
9197,0.483733,0.136462,0.092372,0.513586,0.13094,0.090424,Bellevue_150th_SE38th
9198,0.512491,0.150993,0.096828,0.379329,0.118862,0.060705,Bellevue_150th_SE38th
9199,0.545696,0.152912,0.100314,0.456226,0.135599,0.077058,Bellevue_150th_SE38th
9200,0.56428,0.157348,0.102625,0.374679,0.107854,0.07387,Bellevue_150th_SE38th
9201,0.505535,0.141785,0.095134,0.386686,0.116856,0.057625,Bellevue_150th_SE38th
9202,0.509438,0.146284,0.096023,0.65933,0.256027,0.057689,Bellevue_150th_SE38th
9203,0.520236,0.157424,0.098326,0.694391,0.146011,0.151418,Bellevue_150th_SE38th
9204,0.513972,0.153493,0.097291,0.766509,0.186769,0.11484,Bellevue_150th_SE38th
9205,0.506048,0.158504,0.097062,0.681775,0.203555,0.062635,Bellevue_150th_SE38th
9206,0.495952,0.15709,0.095913,0.681154,0.219681,0.112851,Bellevue_150th_SE38th
9207,0.470689,0.149721,0.092615,0.694722,0.25329,0.068217,Bellevue_150th_SE38th
9208,0.564698,0.167191,0.103772,0.672242,0.259812,0.087751,Bellevue_150th_SE38th
9209,0.484322,0.155839,0.094621,0.729457,0.332273,0.155964,Bellevue_150th_SE38th
9210,0.505369,0.155434,0.096653,0.59499,0.272876,0.117296,Bellevue_150th_SE38th
9211,0.563303,0.168396,0.103749,0.641079,0.366867,0.05038,Bellevue_150th_SE38th
9212,0.461889,0.145877,0.091332,0.529771,0.222114,0.094178,Bellevue_150th_SE38th
9213,0.527712,0.162124,0.099594,0.456435,0.26349,0.010737,Bellevue_150th_SE38th
9214,0.514196,0.158344,0.09785,0.500799,0.224912,0.038548,Bellevue_150th_SE38th
9215,0.55854,0.167539,0.10322,0.642192,0.165973,0.128833,Bellevue_150th_SE38th
9216,0.556758,0.170054,0.103307,0.658357,0.230226,0.098735,Bellevue_150th_SE38th
9217,0.512079,0.160779,0.097916,0.455777,0.216955,0.084727,Bellevue_150th_SE38th
9218,0.655838,0.138114,0.098221,0.664637,0.178686,0.175674,Bellevue_150th_SE38th
9219,0.656579,0.133682,0.096698,0.691147,0.247188,0.093293,Bellevue_150th_SE38th
9220,0.624388,0.137811,0.097822,0.780232,0.203069,0.117103,Bellevue_150th_SE38th
9221,0.645359,0.142004,0.100098,0.684043,0.190281,0.100097,Bellevue_150th_SE38th
9222,0.63268,0.135509,0.09588,0.688833,0.193371,0.067358,Bellevue_150th_SE38th
9223,0.630617,0.142791,0.09919,0.584815,0.125949,0.109473,Bellevue_150th_SE38th
9224,0.637355,0.140004,0.098012,0.495212,0.107971,0.034052,Bellevue_150th_SE38th
9225,0.647855,0.144269,0.100494,0.592412,0.160928,0.055973,Bellevue_150th_SE38th
9226,0.650067,0.132611,0.096414,0.711176,0.144354,0.115428,Bellevue_150th_SE38th
9227,0.66226,0.133788,0.097026,0.740565,0.183708,0.144332,Bellevue_150th_SE38th
9228,0.665262,0.130067,0.096646,0.705142,0.209593,0.137473,Bellevue_150th_SE38th
9229,0.636872,0.137574,0.09709,0.689797,0.16153,0.113846,Bellevue_150th_SE38th
9230,0.650264,0.135128,0.097383,0.57953,0.131537,0.141425,Bellevue_150th_SE38th
9231,0.620759,0.159969,0.106311,0.543343,0.131352,0.140486,Bellevue_150th_SE38th
9232,0.623702,0.168604,0.109465,0.488827,0.117343,0.076523,Bellevue_150th_SE38th
9233,0.648118,0.147019,0.10392,0.527899,0.178038,0.082585,Bellevue_150th_SE38th
9234,0.645613,0.129575,0.095564,0.668984,0.181513,0.106551,Bellevue_150th_SE38th
9235,0.665083,0.120749,0.092688,0.717147,0.094293,0.29357,Bellevue_150th_SE38th
9236,0.637729,0.128345,0.096334,0.502803,0.081832,0.141843,Bellevue_150th_SE38th
9237,0.621678,0.166198,0.10911,0.579219,0.171794,0.096789,Bellevue_150th_SE38th
9238,0.658356,0.125949,0.094956,0.629113,0.283013,0.049093,Bellevue_150th_SE38th
9239,0.648417,0.131628,0.096503,0.641925,0.351741,0.042872,Bellevue_150th_SE38th
9240,0.585194,0.166277,0.105683,0.702543,0.366826,0.065404,Bellevue_150th_SE38th
9241,0.656056,0.125012,0.094345,0.759637,0.331319,0.073016,Bellevue_150th_SE38th
9242,0.632774,0.163549,0.108393,0.837339,0.276437,0.108221,Bellevue_150th_SE38th
9243,0.612275,0.179148,0.109802,0.738579,0.181959,0.131511,Bellevue_150th_SE38th
9244,0.610427,0.162488,0.106882,0.688549,0.120687,0.09172,Bellevue_150th_SE38th
9245,0.634981,0.151419,0.104059,0.611412,0.129526,0.100087,Bellevue_150th_SE38th
9246,0.638822,0.129229,0.093958,0.524467,0.167091,0.069628,Bellevue_150th_SE38th
9247,0.567158,0.164116,0.103653,0.325959,0.049697,0.086764,Bellevue_150th_SE38th
9248,0.560713,0.167909,0.103476,0.480676,0.095769,0.099245,Bellevue_150th_SE38th
9249,0.657636,0.133893,0.097176,0.619713,0.18717,0.17189,Bellevue_150th_SE38th
9250,0.657104,0.132676,0.096612,0.636842,0.16043,0.230928,Bellevue_150th_SE38th
9251,0.669757,0.123343,0.094598,0.630799,0.128184,0.204735,Bellevue_150th_SE38th
9252,0.640361,0.131924,0.095768,0.662388,0.110006,0.214784,Bellevue_150th_SE38th
9253,0.661766,0.13058,0.095728,0.496128,0.127234,0.128459,Bellevue_150th_SE38th
9254,0.644826,0.132887,0.095628,0.402249,0.07092,0.111877,Bellevue_150th_SE38th
9255,0.633489,0.129498,0.093623,0.502162,0.105855,0.090347,Bellevue_150th_SE38th
9256,0.629709,0.148915,0.103347,0.443253,0.077168,0.115093,Bellevue_150th_SE38th
9257,0.661729,0.126049,0.094567,0.445728,0.054526,0.197612,Bellevue_150th_SE38th
9258,0.659121,0.121657,0.093374,0.55671,0.104455,0.231794,Bellevue_150th_SE38th
9259,0.660466,0.118235,0.09222,0.503511,0.106225,0.215545,Bellevue_150th_SE38th
9260,0.640745,0.127461,0.094318,0.537051,0.113846,0.162695,Bellevue_150th_SE38th
9261,0.61367,0.141292,0.100107,0.532664,0.132814,0.105276,Bellevue_150th_SE38th
9262,0.636399,0.116979,0.090799,0.626563,0.20013,0.111808,Bellevue_150th_SE38th
9263,0.626779,0.128967,0.094159,0.567694,0.247518,0.139648,Bellevue_150th_SE38th
9264,0.529092,0.165289,0.100048,0.692779,0.14196,0.178082,Bellevue_150th_SE38th
9265,0.661002,0.1221,0.094854,0.588235,0.058824,0.117647,Bellevue_150th_SE38th
9266,0.661669,0.120277,0.094366,0.638933,0.09056,0.145893,Bellevue_150th_SE38th
9267,0.655465,0.114083,0.091865,0.799784,0.234014,0.186925,Bellevue_150th_SE38th
9268,0.550823,0.169336,0.102659,0.676276,0.186674,0.160477,Bellevue_150th_SE38th
9269,0.612985,0.173858,0.109117,0.764758,0.115487,0.162955,Bellevue_150th_SE38th
9270,0.647584,0.136748,0.098209,0.614292,0.134553,0.066776,Bellevue_150th_SE38th
9271,0.638761,0.124767,0.092259,0.490273,0.092219,0.075969,Bellevue_150th_SE38th
9272,0.614015,0.155808,0.104076,0.469192,0.124165,0.047267,Bellevue_150th_SE38th
9273,0.621549,0.172351,0.10992,0.469882,0.115903,0.069041,Bellevue_150th_SE38th
9274,0.653629,0.120875,0.093007,0.610776,0.229823,0.117063,Bellevue_150th_SE38th
9275,0.664667,0.123877,0.093616,0.701698,0.377405,0.049031,Bellevue_150th_SE38th
9276,0.669158,0.120355,0.092902,0.696058,0.197746,0.039502,Bellevue_150th_SE38th
9277,0.667519,0.121746,0.093446,0.617853,0.171006,0.017393,Bellevue_150th_SE38th
9278,0.630266,0.129547,0.094658,0.590881,0.072821,0.054339,Bellevue_150th_SE38th
9279,0.612381,0.122388,0.092109,0.412909,0.066134,0.073351,Bellevue_150th_SE38th
9280,0.613382,0.146835,0.100746,0.432668,0.110293,0.096799,Bellevue_150th_SE38th
9281,0.561294,0.167856,0.10352,0.423496,0.056497,0.070291,Bellevue_150th_SE38th
9282,0.664056,0.121554,0.093812,0.355591,0.051612,0.05858,Bellevue_150th_SE38th
9283,0.659006,0.11487,0.091472,0.483751,0.140799,0.070775,Bellevue_150th_SE38th
9284,0.661855,0.119606,0.093714,0.427433,0.104455,0.044741,Bellevue_150th_SE38th
9285,0.604515,0.123021,0.093751,0.458048,0.064695,0.041467,Bellevue_150th_SE38th
9286,0.62932,0.13105,0.095517,0.403694,0.142083,0.040229,Bellevue_150th_SE38th
9287,0.609318,0.171618,0.108398,0.348477,0.141746,0.048116,Bellevue_150th_SE38th
9288,0.595956,0.173676,0.107533,0.579956,0.162265,0.143822,Bellevue_150th_SE38th
9289,0.654327,0.131818,0.098721,0.531234,0.122337,0.135956,Bellevue_150th_SE38th
9290,0.672551,0.123486,0.094457,0.628203,0.177944,0.17061,Bellevue_150th_SE38th
9291,0.65469,0.119144,0.093063,0.654728,0.208221,0.131868,Bellevue_150th_SE38th
9292,0.6571,0.124395,0.093777,0.697462,0.154899,0.153984,Bellevue_150th_SE38th
9293,0.661165,0.118075,0.093175,0.659941,0.180094,0.138164,Bellevue_150th_SE38th
9294,0.615445,0.163489,0.107073,0.569612,0.175468,0.135416,Bellevue_150th_SE38th
9295,0.628749,0.130697,0.094617,0.386565,0.109452,0.085715,Bellevue_150th_SE38th
9296,0.633244,0.122214,0.09344,0.396701,0.097386,0.089368,Bellevue_150th_SE38th
9297,0.634108,0.129952,0.095405,0.549724,0.091564,0.029011,Bellevue_150th_SE38th
9298,0.655378,0.124502,0.09478,0.401677,0.025207,0.005128,Bellevue_150th_SE38th
9299,0.651434,0.113,0.091115,0.489187,0.193633,0.024009,Bellevue_150th_SE38th
9300,0.627941,0.12538,0.094166,0.555507,0.278609,0.018186,Bellevue_150th_SE38th
9301,0.652519,0.111062,0.090424,0.659511,0.281687,0.102981,Bellevue_150th_SE38th
9302,0.561178,0.16605,0.10331,0.715463,0.251435,0.175443,Bellevue_150th_SE38th
9303,0.5881,0.139729,0.099577,0.72,0.2,0.24,Bellevue_150th_SE38th
9304,0.621215,0.131932,0.098466,0.677932,0.160073,0.249095,Bellevue_150th_SE38th
9305,0.623433,0.116619,0.090684,0.540796,0.114849,0.12954,Bellevue_150th_SE38th
9306,0.601894,0.173345,0.108139,0.660536,0.238939,0.060436,Bellevue_150th_SE38th
9307,0.667593,0.121436,0.093506,0.626275,0.298737,0.047859,Bellevue_150th_SE38th
9308,0.673317,0.114624,0.091837,0.542073,0.228399,0.039258,Bellevue_150th_SE38th
9309,0.669426,0.111634,0.091552,0.583117,0.257243,0.055419,Bellevue_150th_SE38th
9310,0.664582,0.115039,0.091593,0.534715,0.199556,0.0458,Bellevue_150th_SE38th
9311,0.654534,0.117893,0.091401,0.471373,0.09377,0.074071,Bellevue_150th_SE38th
9312,0.607511,0.118416,0.091486,0.448259,0.035453,0.107189,Bellevue_150th_SE38th
9313,0.658802,0.107936,0.089803,0.513879,0.059604,0.060795,Bellevue_150th_SE38th
9314,0.66391,0.112195,0.090958,0.49548,0.090634,0.064555,Bellevue_150th_SE38th
9315,0.649328,0.122464,0.093501,0.405885,0.038076,0.079773,Bellevue_150th_SE38th
9316,0.620332,0.115243,0.091872,0.50841,0.04972,0.082077,Bellevue_150th_SE38th
9317,0.657498,0.112419,0.091438,0.600712,0.132302,0.072804,Bellevue_150th_SE38th
9318,0.651862,0.110688,0.09123,0.628483,0.157011,0.063534,Bellevue_150th_SE38th
9319,0.631035,0.141025,0.099086,0.615174,0.182239,0.053978,Bellevue_150th_SE38th
9320,0.583543,0.165022,0.105344,0.512865,0.05857,0.060289,Bellevue_150th_SE38th
9321,0.656949,0.114161,0.090599,0.488504,0.112328,0.059167,Bellevue_150th_SE38th
9322,0.594195,0.1484,0.103789,0.567756,0.200585,0.032538,Bellevue_150th_SE38th
9323,0.549526,0.163566,0.101902,0.655814,0.222194,0.036608,Bellevue_150th_SE38th
9324,0.644331,0.107319,0.089734,0.676849,0.174822,0.07504,Bellevue_150th_SE38th
9325,0.634293,0.121575,0.093907,0.761055,0.207764,0.079506,Bellevue_150th_SE38th
9326,0.638153,0.120615,0.093014,0.774163,0.25425,0.050952,Bellevue_150th_SE38th
9327,0.650509,0.111013,0.091958,0.739381,0.224256,0.079002,Bellevue_150th_SE38th
9328,0.628856,0.110975,0.090578,0.655783,0.176586,0.049643,Bellevue_150th_SE38th
9329,0.612139,0.147804,0.10179,0.673679,0.132716,0.066218,Bellevue_150th_SE38th
9330,0.602843,0.124629,0.093475,0.551183,0.14799,0.023837,Bellevue_150th_SE38th
9331,0.611532,0.15992,0.106353,0.658531,0.189217,0.069321,Bellevue_150th_SE38th
9332,0.547261,0.161104,0.10141,0.692917,0.229716,0.021078,Bellevue_150th_SE38th
9333,0.629939,0.110821,0.090685,0.717671,0.250049,0.031015,Bellevue_150th_SE38th
9334,0.638287,0.105249,0.087477,0.761909,0.174833,0.162459,Bellevue_150th_SE38th
9335,0.649259,0.115562,0.09227,0.790306,0.145029,0.17523,Bellevue_150th_SE38th
9336,0.630916,0.117333,0.093006,0.797077,0.091922,0.170477,Bellevue_150th_SE38th
9337,0.604543,0.114077,0.091956,0.682042,0.099234,0.138351,Bellevue_150th_SE38th
9338,0.628638,0.1187,0.091439,0.612017,0.084467,0.152162,Bellevue_150th_SE38th
9339,0.565615,0.138707,0.098547,0.645,0.0905,0.156696,Bellevue_150th_SE38th
9340,0.631983,0.119581,0.092106,0.626495,0.09942,0.11121,Bellevue_150th_SE38th
9341,0.585611,0.162607,0.105309,0.59654,0.151384,0.142385,Bellevue_150th_SE38th
9342,0.529782,0.155774,0.099105,0.684669,0.136745,0.176682,Bellevue_150th_SE38th
9343,0.598725,0.127728,0.096298,0.778938,0.134745,0.207023,Bellevue_150th_SE38th
9344,0.503418,0.149613,0.095821,0.70765,0.137139,0.094981,Bellevue_150th_SE38th
9345,0.605142,0.169368,0.107719,0.730404,0.152736,0.083169,Bellevue_150th_SE38th
9346,0.622222,0.106211,0.087903,0.592004,0.144848,0.059153,Bellevue_150th_SE38th
9347,0.626601,0.137749,0.099517,0.630993,0.102703,0.111526,Bellevue_150th_SE38th
9348,0.617533,0.166098,0.108837,0.741511,0.166143,0.037169,Bellevue_150th_SE38th
9349,0.611157,0.131534,0.098448,0.82101,0.18186,0.026896,Bellevue_150th_SE38th
9350,0.65209,0.106957,0.089934,0.739226,0.220129,0.00624,Bellevue_150th_SE38th
9351,0.554148,0.157907,0.101714,0.690985,0.176632,0.002671,Bellevue_150th_SE38th
9352,0.573236,0.138839,0.100812,0.64642,0.152052,0.059396,Bellevue_150th_SE38th
9353,0.602555,0.162168,0.106805,0.677937,0.122436,0.063194,Bellevue_150th_SE38th
9354,0.624519,0.120021,0.091092,0.610075,0.108306,0.089681,Bellevue_150th_SE38th
9355,0.590355,0.144995,0.101939,0.631579,0.105263,0.157895,Bellevue_150th_SE38th
9356,0.450225,0.130848,0.088309,0.631579,0.105263,0.157895,Bellevue_150th_SE38th
9357,0.654143,0.111399,0.091127,0.579185,0.058136,0.041474,Bellevue_150th_SE38th
9358,0.583015,0.108167,0.090425,0.605382,0.071684,0.038076,Bellevue_150th_SE38th
9359,0.646288,0.106805,0.089937,0.634653,0.096389,0.035365,Bellevue_150th_SE38th
9360,0.616012,0.100672,0.087921,0.683563,0.116578,0.133597,Bellevue_150th_SE38th
9361,0.613422,0.124735,0.094243,0.825896,0.144655,0.228045,Bellevue_150th_SE38th
9362,0.602488,0.110276,0.090819,0.484415,0.080637,0.044274,Bellevue_150th_SE38th
9363,0.578982,0.153818,0.103652,0.490974,0.114745,0.022978,Bellevue_150th_SE38th
9364,0.584208,0.16289,0.105208,0.612814,0.137695,0.037411,Bellevue_150th_SE38th
9365,0.620803,0.121606,0.094145,0.539116,0.085468,0.054478,Bellevue_150th_SE38th
9366,0.60101,0.112058,0.092049,0.664295,0.189998,0.050324,Bellevue_150th_SE38th
9367,0.604929,0.107632,0.089455,0.862492,0.185863,0.185776,Bellevue_150th_SE38th
9368,0.538355,0.148786,0.09915,0.837624,0.158052,0.158967,Bellevue_150th_SE38th
9369,0.59765,0.141196,0.10084,0.752379,0.112462,0.141271,Bellevue_150th_SE38th
9370,0.529898,0.15564,0.099058,0.561442,0.07685,0.101135,Bellevue_150th_SE38th
9371,0.588053,0.16694,0.106009,0.510568,0.079054,0.106525,Bellevue_150th_SE38th
9372,0.635346,0.119468,0.090792,0.744582,0.082265,0.103726,Bellevue_150th_SE38th
9373,0.619528,0.100566,0.087235,0.661538,0.065217,0.181952,Bellevue_150th_SE38th
9374,0.624401,0.103535,0.088159,0.555841,0.071516,0.086647,Bellevue_150th_SE38th
9375,0.542753,0.157396,0.100545,0.630273,0.164042,0.053131,Bellevue_150th_SE38th
9376,0.620958,0.103016,0.088689,0.630124,0.130491,0.144691,Bellevue_150th_SE38th
9377,0.542255,0.158531,0.100617,0.712757,0.180443,0.16754,Bellevue_150th_SE38th
9378,0.590083,0.160346,0.105482,0.618279,0.179874,0.079025,Bellevue_150th_SE38th
9379,0.593437,0.124284,0.097105,0.57313,0.182979,0.08235,Bellevue_150th_SE38th
9380,0.518012,0.151808,0.097489,0.628012,0.210412,0.11477,Bellevue_150th_SE38th
9381,0.57001,0.124252,0.09779,0.552201,0.181574,0.107506,Bellevue_150th_SE38th
9382,0.620653,0.099449,0.086867,0.669225,0.249147,0.126223,Bellevue_150th_SE38th
9383,0.609816,0.107998,0.090218,0.78826,0.371251,0.09091,Bellevue_150th_SE38th
9384,0.580193,0.099864,0.087987,0.713621,0.225975,0.096408,Bellevue_150th_SE38th
9385,0.615883,0.123634,0.092738,0.844567,0.213799,0.036572,Bellevue_150th_SE38th
9386,0.631479,0.103439,0.088149,0.866667,0.2,0.0,Bellevue_150th_SE38th
9387,0.64728,0.106076,0.089017,0.866667,0.2,0.0,Bellevue_150th_SE38th
9388,0.647492,0.106007,0.08899,0.866667,0.2,0.0,Bellevue_150th_SE38th
9389,0.647492,0.106007,0.08899,0.830191,0.21351,0.023827,Bellevue_150th_SE38th
9390,0.559715,0.113325,0.090156,0.677025,0.250135,0.042668,Bellevue_150th_SE38th
9391,0.5298,0.126821,0.095757,0.660311,0.169567,0.133244,Bellevue_150th_SE38th
9392,0.513758,0.140625,0.095776,0.599952,0.116395,0.144194,Bellevue_150th_SE38th
9393,0.560267,0.140756,0.100336,0.569413,0.199081,0.121996,Bellevue_150th_SE38th
9394,0.625946,0.126787,0.096412,0.643138,0.173013,0.183314,Bellevue_150th_SE38th
9395,0.49373,0.137375,0.093464,0.682642,0.156295,0.21395,Bellevue_150th_SE38th
9396,0.522453,0.144879,0.097134,0.673333,0.134435,0.21456,Bellevue_150th_SE38th
9397,0.527735,0.132814,0.096249,0.59714,0.173717,0.142333,Bellevue_150th_SE38th
9398,0.522876,0.142494,0.096903,0.649987,0.216897,0.175983,Bellevue_150th_SE38th
9399,0.492402,0.143958,0.094088,0.556051,0.085221,0.106358,Bellevue_150th_SE38th
9400,0.522624,0.148538,0.097546,0.690838,0.181086,0.187729,Bellevue_150th_SE38th
9401,0.56401,0.149614,0.101709,0.595599,0.141834,0.118677,Bellevue_150th_SE38th
9402,0.517688,0.142977,0.096459,0.676131,0.163465,0.139443,Bellevue_150th_SE38th
9403,0.52607,0.142901,0.097259,0.653513,0.125741,0.152961,Bellevue_150th_SE38th
9404,0.517815,0.15271,0.097603,0.61996,0.072033,0.239144,Bellevue_150th_SE38th
9405,0.569989,0.116085,0.093012,0.724065,0.091654,0.343353,Bellevue_150th_SE38th
9406,0.600981,0.137702,0.10035,0.530245,0.120836,0.110921,Bellevue_150th_SE38th
9407,0.578617,0.092131,0.084937,0.523874,0.091034,0.132725,Bellevue_150th_SE38th
9408,0.593445,0.159014,0.105683,0.575873,0.179894,0.101402,Bellevue_150th_SE38th
9409,0.635701,0.093273,0.08486,0.612745,0.141304,0.127173,Bellevue_150th_SE38th
9410,0.625362,0.096619,0.086406,0.540746,0.127233,0.160209,Bellevue_150th_SE38th
9411,0.615229,0.105802,0.08878,0.453217,0.167031,0.114728,Bellevue_150th_SE38th
9412,0.630488,0.096499,0.086306,0.656819,0.126801,0.181591,Bellevue_150th_SE38th
9413,0.613041,0.113487,0.090104,0.704397,0.13399,0.264535,Bellevue_150th_SE38th
9414,0.550952,0.147204,0.100176,0.568882,0.150592,0.124737,Bellevue_150th_SE38th
9415,0.511153,0.148768,0.096498,0.365938,0.069885,0.157988,Bellevue_150th_SE38th
9416,0.50678,0.14452,0.095573,0.449135,0.160734,0.089267,Bellevue_150th_SE38th
9417,0.581641,0.107678,0.092115,0.468263,0.138624,0.127071,Bellevue_150th_SE38th
9418,0.608553,0.088618,0.083742,0.403727,0.166328,0.095045,Bellevue_150th_SE38th
9419,0.518228,0.14915,0.097218,0.370647,0.201058,0.052962,Bellevue_150th_SE38th
9420,0.616,0.093422,0.084565,0.484196,0.134333,0.126256,Bellevue_150th_SE38th
9421,0.53324,0.149264,0.098672,0.778459,0.055777,0.366546,Bellevue_150th_SE38th
9422,0.591467,0.094463,0.086001,0.677977,0.207072,0.217078,Bellevue_150th_SE38th
9423,0.64298,0.109611,0.089494,0.582857,0.182105,0.162243,Bellevue_150th_SE38th
9424,0.606164,0.098411,0.087575,0.629793,0.205496,0.172755,Bellevue_150th_SE38th
9425,0.616717,0.095329,0.086989,0.648423,0.205142,0.151813,Bellevue_150th_SE38th
9426,0.609959,0.102634,0.08829,0.669711,0.183557,0.191999,Bellevue_150th_SE38th
9427,0.606917,0.091088,0.084007,0.572999,0.183467,0.13871,Bellevue_150th_SE38th
9428,0.547943,0.110137,0.092793,0.582894,0.111356,0.167504,Bellevue_150th_SE38th
9429,0.529076,0.152865,0.098671,0.574428,0.115297,0.141309,Bellevue_150th_SE38th
9430,0.548565,0.151636,0.100435,0.565031,0.150769,0.138075,Bellevue_150th_SE38th
9431,0.55739,0.152828,0.10143,0.492198,0.112411,0.119382,Bellevue_150th_SE38th
9432,0.543842,0.152486,0.100117,0.465529,0.079666,0.208219,Bellevue_150th_SE38th
9433,0.598958,0.093198,0.085264,0.532617,0.1438,0.139958,Bellevue_150th_SE38th
9434,0.607876,0.092812,0.08627,0.627188,0.152308,0.103253,Bellevue_150th_SE38th
9435,0.595232,0.095311,0.086,0.583933,0.217429,0.075544,Bellevue_150th_SE38th
9436,0.588725,0.107323,0.089093,0.614215,0.166228,0.128547,Bellevue_150th_SE38th
9437,0.626102,0.093205,0.084589,0.575794,0.227381,0.189206,Bellevue_150th_SE38th
9438,0.581302,0.103448,0.090694,0.515763,0.186513,0.135349,Bellevue_150th_SE38th
9439,0.536563,0.146731,0.098737,0.548682,0.269404,0.055286,Bellevue_150th_SE38th
9440,0.604429,0.087988,0.082708,0.461072,0.226768,0.023276,Bellevue_150th_SE38th
9441,0.616942,0.091141,0.083861,0.493448,0.214905,0.025543,Bellevue_150th_SE38th
9442,0.610735,0.095904,0.086614,0.501278,0.199448,0.074397,Bellevue_150th_SE38th
9443,0.615088,0.087437,0.082586,0.699036,0.05999,0.07908,Bellevue_150th_SE38th
9444,0.619998,0.09097,0.083135,0.644751,0.059773,0.124083,Bellevue_150th_SE38th
9445,0.513149,0.148877,0.096672,0.60642,0.072947,0.162316,Bellevue_150th_SE38th
9446,0.560786,0.137082,0.099838,0.577805,0.092611,0.169582,Bellevue_150th_SE38th
9447,0.542376,0.143245,0.098875,0.674062,0.139383,0.187961,Bellevue_150th_SE38th
9448,0.53295,0.140988,0.097717,0.619099,0.218325,0.16766,Bellevue_150th_SE38th
9449,0.48972,0.14492,0.093959,0.523526,0.235646,0.150485,Bellevue_150th_SE38th
9450,0.612213,0.088433,0.083366,0.557162,0.200718,0.102892,Bellevue_150th_SE38th
9451,0.58412,0.106548,0.090053,0.575994,0.156977,0.176905,Bellevue_150th_SE38th
9452,0.50027,0.138407,0.094238,0.450212,0.075218,0.132584,Bellevue_150th_SE38th
9453,0.521397,0.152349,0.097864,0.489448,0.012377,0.220051,Bellevue_150th_SE38th
9454,0.586851,0.090366,0.083313,0.48631,0.099025,0.154944,Bellevue_150th_SE38th
9455,0.575958,0.098305,0.08693,0.530375,0.156483,0.153138,Bellevue_150th_SE38th
9456,0.525597,0.152997,0.09839,0.593193,0.297195,0.09761,Bellevue_150th_SE38th
9457,0.551649,0.137463,0.099112,0.649095,0.26451,0.0823,Bellevue_150th_SE38th
9458,0.60493,0.091426,0.085231,0.611422,0.212652,0.106472,Bellevue_150th_SE38th
9459,0.520653,0.149945,0.097515,0.555842,0.126878,0.102026,Bellevue_150th_SE38th
9460,0.538457,0.151434,0.099422,0.531593,0.094041,0.098852,Bellevue_150th_SE38th
9461,0.520016,0.144436,0.096844,0.510701,0.133608,0.076982,Bellevue_150th_SE38th
9462,0.540712,0.119267,0.094839,0.517336,0.107594,0.113366,Bellevue_150th_SE38th
9463,0.606789,0.089737,0.084244,0.470357,0.05754,0.178929,Bellevue_150th_SE38th
9464,0.622863,0.081536,0.080037,0.50797,0.070464,0.15094,Bellevue_150th_SE38th
9465,0.613383,0.085047,0.081777,0.539985,0.144402,0.106306,Bellevue_150th_SE38th
9466,0.516057,0.138511,0.095783,0.633489,0.074567,0.084994,Bellevue_150th_SE38th
9467,0.529725,0.136271,0.096851,0.567451,0.083099,0.123704,Bellevue_150th_SE38th
9468,0.54911,0.141565,0.099346,0.76504,0.080337,0.23964,Bellevue_150th_SE38th
9469,0.619177,0.084809,0.081797,0.701691,0.068436,0.261276,Bellevue_150th_SE38th
9470,0.599455,0.084276,0.080679,0.675268,0.087258,0.193191,Bellevue_150th_SE38th
9471,0.54901,0.101104,0.089494,0.600066,0.228587,0.104047,Bellevue_150th_SE38th
9472,0.522252,0.145268,0.097158,0.745561,0.189636,0.068828,Bellevue_150th_SE38th
9473,0.576622,0.098841,0.088791,0.712752,0.230593,0.098653,Bellevue_150th_SE38th
9474,0.597329,0.093634,0.08482,0.563986,0.122197,0.112834,Bellevue_150th_SE38th
9475,0.54962,0.129629,0.096096,0.520856,0.097415,0.126453,Bellevue_150th_SE38th
9476,0.495547,0.144775,0.094481,0.55093,0.119699,0.098619,Bellevue_150th_SE38th
9477,0.560063,0.152625,0.101668,0.569388,0.081861,0.10705,Bellevue_150th_SE38th
9478,0.518376,0.146006,0.096854,0.646126,0.218667,0.081243,Bellevue_150th_SE38th
9479,0.537912,0.139745,0.098048,0.759842,0.281022,0.122394,Bellevue_150th_SE38th
9480,0.601042,0.084521,0.082049,0.686469,0.245166,0.108028,Bellevue_150th_SE38th
9481,0.517566,0.147172,0.096935,0.627013,0.193613,0.071565,Bellevue_150th_SE38th
9482,0.504368,0.142624,0.095111,0.618309,0.083036,0.129842,Bellevue_150th_SE38th
9483,0.524502,0.151998,0.098116,0.573005,0.097779,0.144256,Bellevue_150th_SE38th
9484,0.506633,0.14482,0.095574,0.527045,0.071056,0.159658,Bellevue_150th_SE38th
9485,0.533687,0.149513,0.09872,0.651048,0.154203,0.155431,Bellevue_150th_SE38th
9486,0.541333,0.134969,0.097818,0.648479,0.170117,0.12635,Bellevue_150th_SE38th
9487,0.524624,0.14365,0.09722,0.691154,0.237757,0.121115,Bellevue_150th_SE38th
9488,0.580925,0.091177,0.084565,0.713826,0.134886,0.169094,Bellevue_150th_SE38th
9489,0.512916,0.135459,0.09512,0.637383,0.164108,0.201342,Bellevue_150th_SE38th
9490,0.539771,0.125748,0.09659,0.519807,0.077052,0.183992,Bellevue_150th_SE38th
9491,0.527035,0.145285,0.097628,0.61317,0.107268,0.205649,Bellevue_150th_SE38th
9492,0.453754,0.136198,0.088972,0.554504,0.100755,0.231523,Bellevue_150th_SE38th
9493,0.468739,0.131847,0.090403,0.625209,0.074596,0.267892,Bellevue_150th_SE38th
9494,0.592723,0.084707,0.082193,0.655624,0.220705,0.27341,Bellevue_150th_SE38th
9495,0.474242,0.140303,0.091903,0.674274,0.11106,0.245874,Bellevue_150th_SE38th
9496,0.537733,0.147033,0.09886,0.662432,0.199839,0.175419,Bellevue_150th_SE38th
9497,0.580984,0.096977,0.085486,0.754266,0.202225,0.230851,Bellevue_150th_SE38th
9498,0.462439,0.137141,0.090397,0.620467,0.147204,0.19858,Bellevue_150th_SE38th
9499,0.514278,0.137486,0.095493,0.443287,0.073571,0.198054,Bellevue_150th_SE38th
9500,0.511936,0.148616,0.096557,0.578824,0.211256,0.205946,Bellevue_150th_SE38th
9501,0.467393,0.130486,0.090115,0.45283,0.163555,0.125936,Bellevue_150th_SE38th
9502,0.536253,0.13189,0.09697,0.567136,0.244633,0.131577,Bellevue_150th_SE38th
9503,0.564844,0.093404,0.085411,0.600665,0.129896,0.165063,Bellevue_150th_SE38th
9504,0.515412,0.148872,0.096875,0.634622,0.080395,0.17649,Bellevue_150th_SE38th
9505,0.513792,0.144242,0.096186,0.596334,0.074011,0.161411,Bellevue_150th_SE38th
9506,0.56166,0.107192,0.090571,0.613477,0.076769,0.193084,Bellevue_150th_SE38th
9507,0.5755,0.089719,0.083026,0.562608,0.081212,0.135636,Bellevue_150th_SE38th
9508,0.509543,0.145976,0.096004,0.605024,0.136514,0.123115,Bellevue_150th_SE38th
9509,0.516731,0.142012,0.096241,0.703812,0.138938,0.161931,Bellevue_150th_SE38th
9510,0.583434,0.086327,0.081834,0.559239,0.155079,0.095812,Bellevue_150th_SE38th
9511,0.491565,0.142987,0.093891,0.664656,0.136351,0.097943,Bellevue_150th_SE38th
9512,0.540982,0.127166,0.096747,0.631915,0.087919,0.12967,Bellevue_150th_SE38th
9513,0.557288,0.146351,0.100691,0.914345,0.177538,0.279862,Bellevue_150th_SE38th
9514,0.611151,0.0858,0.081767,0.654482,0.091926,0.207892,Bellevue_150th_SE38th
9515,0.594774,0.087295,0.081822,0.643937,0.17029,0.14898,Bellevue_150th_SE38th
9516,0.57152,0.093452,0.085987,0.631024,0.215003,0.074837,Bellevue_150th_SE38th
9517,0.590596,0.091548,0.084205,0.532073,0.141435,0.073919,Bellevue_150th_SE38th
9518,0.547057,0.10042,0.087067,0.411423,0.099629,0.072494,Bellevue_150th_SE38th
9519,0.472011,0.142336,0.09191,0.45705,0.081095,0.095751,Bellevue_150th_SE38th
9520,0.530557,0.142421,0.097608,0.476272,0.03902,0.169779,Bellevue_150th_SE38th
9521,0.592024,0.089459,0.082527,0.515112,0.073151,0.119782,Bellevue_150th_SE38th
9522,0.5238,0.122168,0.094564,0.617353,0.100608,0.118683,Bellevue_150th_SE38th
9523,0.556046,0.140188,0.099869,0.741649,0.130952,0.073502,Bellevue_150th_SE38th
9524,0.609438,0.08597,0.081951,0.749435,0.14711,0.13222,Bellevue_150th_SE38th
9525,0.600991,0.088948,0.082999,0.612207,0.116421,0.084141,Bellevue_150th_SE38th
9526,0.596709,0.091766,0.083879,0.53716,0.093913,0.080183,Bellevue_150th_SE38th
9527,0.581639,0.100215,0.085568,0.525968,0.067128,0.070058,Bellevue_150th_SE38th
9528,0.598527,0.093621,0.082726,0.677877,0.164679,0.070543,Bellevue_150th_SE38th
9529,0.608998,0.09318,0.083801,0.771484,0.165166,0.077625,Bellevue_150th_SE38th
9530,0.608971,0.081793,0.0799,0.717152,0.258401,0.073207,Bellevue_150th_SE38th
9531,0.607177,0.090007,0.082247,0.691905,0.264769,0.024941,Bellevue_150th_SE38th
9532,0.613135,0.081778,0.079983,0.703308,0.266189,0.07796,Bellevue_150th_SE38th
9533,0.615328,0.083814,0.080152,0.698203,0.303163,0.0316,Bellevue_150th_SE38th
9534,0.571994,0.10232,0.0863,0.722208,0.269098,0.062686,Bellevue_150th_SE38th
9535,0.528316,0.13891,0.097004,0.64803,0.221184,0.08794,Bellevue_150th_SE38th
9536,0.584656,0.095408,0.08423,0.632491,0.263069,0.042623,Bellevue_150th_SE38th
9537,0.575439,0.095758,0.085432,0.607896,0.282938,0.027368,Bellevue_150th_SE38th
9538,0.600762,0.08895,0.083158,0.721603,0.26557,0.077952,Bellevue_150th_SE38th
9539,0.615308,0.094517,0.083972,0.56325,0.1456,0.051764,Bellevue_150th_SE38th
9540,0.561508,0.102535,0.08703,0.4906,0.067232,0.052695,Bellevue_150th_SE38th
9541,0.485169,0.147048,0.093711,0.495104,0.051984,0.100444,Bellevue_150th_SE38th
9542,0.518513,0.126164,0.094318,0.597896,0.168814,0.102667,Bellevue_150th_SE38th
9543,0.580624,0.102318,0.08548,0.557793,0.203268,0.174317,Bellevue_150th_SE38th
9544,0.460586,0.131459,0.089554,0.536808,0.17867,0.166511,Bellevue_150th_SE38th
9545,0.481246,0.094637,0.086234,0.663608,0.26371,0.068711,Bellevue_150th_SE38th
9546,0.531314,0.132904,0.096598,0.68144,0.225348,0.103692,Bellevue_150th_SE38th
9547,0.505253,0.140473,0.094956,0.717467,0.191867,0.11997,Bellevue_150th_SE38th
9548,0.526999,0.128727,0.095686,0.685823,0.111466,0.166724,Bellevue_150th_SE38th
9549,0.496826,0.125158,0.092348,0.467372,0.086199,0.129862,Bellevue_150th_SE38th
9550,0.540337,0.135746,0.097814,0.577837,0.158538,0.12969,Bellevue_150th_SE38th
9551,0.513147,0.138837,0.095534,0.690066,0.24491,0.127876,Bellevue_150th_SE38th
9552,0.456553,0.133811,0.089358,0.555074,0.2375,0.077309,Bellevue_150th_SE38th
9553,0.510703,0.127969,0.09405,0.659002,0.290217,0.102536,Bellevue_150th_SE38th
9554,0.571298,0.084245,0.081951,0.653688,0.14973,0.175856,Bellevue_150th_SE38th
9555,0.457081,0.134492,0.089558,0.613483,0.131775,0.17958,Bellevue_150th_SE38th
9556,0.515031,0.132636,0.094987,0.550684,0.177836,0.097568,Bellevue_150th_SE38th
9557,0.516382,0.141484,0.096125,0.526194,0.207227,0.061884,Bellevue_150th_SE38th
9558,0.55688,0.109373,0.090747,0.603992,0.253137,0.068053,Bellevue_150th_SE38th
9559,0.521834,0.13258,0.095643,0.647328,0.312264,0.118649,Bellevue_150th_SE38th
9560,0.508766,0.122648,0.093219,0.489342,0.179241,0.079988,Bellevue_150th_SE38th
9561,0.496204,0.140719,0.094066,0.541927,0.081592,0.133044,Bellevue_150th_SE38th
9562,0.56564,0.081466,0.079607,0.658599,0.205926,0.14442,Bellevue_150th_SE38th
9563,0.542655,0.096625,0.087492,0.646937,0.215496,0.084729,Bellevue_150th_SE38th
9564,0.535015,0.125744,0.096136,0.708046,0.227519,0.101335,Bellevue_150th_SE38th
9565,0.482315,0.131524,0.091697,0.599308,0.219931,0.053719,Bellevue_150th_SE38th
9566,0.444595,0.128095,0.087257,0.560596,0.203733,0.03975,Bellevue_150th_SE38th
9567,0.570437,0.113967,0.090989,0.687659,0.250585,0.047785,Bellevue_150th_SE38th
9568,0.548614,0.107845,0.088964,0.690142,0.215472,0.062676,Bellevue_150th_SE38th
9569,0.591149,0.096796,0.084568,0.704385,0.244546,0.035662,Bellevue_150th_SE38th
9570,0.567659,0.102541,0.085537,0.623292,0.110459,0.076809,Bellevue_150th_SE38th
9571,0.55744,0.127532,0.097542,0.683535,0.056125,0.165454,Bellevue_150th_SE38th
9572,0.604965,0.078427,0.077585,0.596438,0.056903,0.107553,Bellevue_150th_SE38th
9573,0.6078,0.084034,0.081564,0.624836,0.16,0.089719,Bellevue_150th_SE38th
9574,0.591959,0.09456,0.084132,0.521016,0.09909,0.10215,Bellevue_150th_SE38th
9575,0.557228,0.143288,0.100333,0.53664,0.113638,0.111468,Bellevue_150th_SE38th
9576,0.609641,0.087662,0.081678,0.606733,0.122741,0.164873,Bellevue_150th_SE38th
9577,0.603792,0.085014,0.081166,0.619506,0.137913,0.096109,Bellevue_150th_SE38th
9578,0.612815,0.085292,0.080239,0.693623,0.187345,0.154073,Bellevue_150th_SE38th
9579,0.593334,0.085534,0.08138,0.706034,0.189104,0.135851,Bellevue_150th_SE38th
9580,0.584095,0.100503,0.086487,0.703737,0.193498,0.113695,Bellevue_150th_SE38th
9581,0.600446,0.088541,0.082478,0.682015,0.133995,0.09444,Bellevue_150th_SE38th
9582,0.593135,0.089026,0.082067,0.697851,0.137804,0.128195,Bellevue_150th_SE38th
9583,0.573115,0.091273,0.083842,0.596192,0.080458,0.179991,Bellevue_150th_SE38th
9584,0.536508,0.132321,0.096822,0.685412,0.099154,0.182268,Bellevue_150th_SE38th
9585,0.58924,0.101573,0.084437,0.674262,0.173092,0.149458,Bellevue_150th_SE38th
9586,0.547259,0.141749,0.099059,0.582386,0.222998,0.062205,Bellevue_150th_SE38th
9587,0.597453,0.086311,0.08137,0.619714,0.254545,0.063043,Bellevue_150th_SE38th
9588,0.604299,0.088197,0.081437,0.682341,0.271674,0.094555,Bellevue_150th_SE38th
9589,0.561297,0.098596,0.086297,0.73944,0.258254,0.214441,Bellevue_150th_SE38th
9590,0.572515,0.098949,0.087476,0.789277,0.25626,0.178034,Bellevue_150th_SE38th
9591,0.611384,0.089788,0.082879,0.676351,0.167834,0.125149,Bellevue_150th_SE38th
9592,0.582964,0.108397,0.086909,0.636088,0.209245,0.177451,Bellevue_150th_SE38th
9593,0.522278,0.124427,0.094296,0.641892,0.186449,0.220785,Bellevue_150th_SE38th
9594,0.591131,0.095661,0.083635,0.586349,0.155564,0.133461,Bellevue_150th_SE38th
9595,0.600743,0.093707,0.083069,0.700044,0.18547,0.164202,Bellevue_150th_SE38th
9596,0.506549,0.139976,0.095028,0.638619,0.201516,0.133704,Bellevue_150th_SE38th
9597,0.479359,0.137171,0.092059,0.661913,0.274955,0.107873,Bellevue_150th_SE38th
9598,0.567656,0.088069,0.084482,0.703194,0.38357,0.062438,Bellevue_150th_SE38th
9599,0.578564,0.083767,0.081306,0.719961,0.245943,0.138894,Bellevue_150th_SE38th
9600,0.509338,0.13884,0.095148,0.739298,0.219231,0.109951,Bellevue_150th_SE38th
9601,0.574579,0.077339,0.078495,0.54472,0.137574,0.096455,Bellevue_150th_SE38th
9602,0.599128,0.079652,0.077805,0.696061,0.170217,0.167471,Bellevue_150th_SE38th
9603,0.573387,0.090685,0.084615,0.544921,0.085069,0.163012,Bellevue_150th_SE38th
9604,0.547366,0.091182,0.084848,0.54033,0.106713,0.151899,Bellevue_150th_SE38th
9605,0.533285,0.101332,0.089694,0.591074,0.09962,0.129437,Bellevue_150th_SE38th
9606,0.526946,0.109708,0.092141,0.628316,0.063759,0.136333,Bellevue_150th_SE38th
9607,0.49862,0.132542,0.093393,0.645788,0.079665,0.121456,Bellevue_150th_SE38th
9608,0.532673,0.134256,0.09689,0.739567,0.118502,0.13788,Bellevue_150th_SE38th
9609,0.500343,0.127872,0.093018,0.723472,0.183382,0.123237,Bellevue_150th_SE38th
9610,0.527405,0.128404,0.095716,0.713085,0.182918,0.123665,Bellevue_150th_SE38th
9611,0.441858,0.122135,0.086097,0.6668,0.200003,0.071,Bellevue_150th_SE38th
9612,0.528712,0.133081,0.096384,0.769738,0.146204,0.129972,Bellevue_150th_SE38th
9613,0.454454,0.126731,0.088404,0.610718,0.198585,0.069512,Bellevue_150th_SE38th
9614,0.465219,0.128181,0.089641,0.535843,0.128381,0.044391,Bellevue_150th_SE38th
9615,0.49283,0.135413,0.093134,0.637348,0.104492,0.092428,Bellevue_150th_SE38th
9616,0.524818,0.106833,0.091219,0.471716,0.052263,0.06247,Bellevue_150th_SE38th
9617,0.52079,0.141902,0.096619,0.482916,0.089296,0.069949,Bellevue_150th_SE38th
9618,0.548809,0.121296,0.095112,0.635794,0.123748,0.066512,Bellevue_150th_SE38th
9619,0.53359,0.126635,0.096109,0.615533,0.169342,0.12437,Bellevue_150th_SE38th
9620,0.430875,0.127726,0.084961,0.488978,0.194698,0.043683,Bellevue_150th_SE38th
9621,0.447388,0.134683,0.088619,0.610903,0.244177,0.059101,Bellevue_150th_SE38th
9622,0.476221,0.140027,0.09205,0.606901,0.299968,0.078448,Bellevue_150th_SE38th
9623,0.506006,0.145678,0.095592,0.589278,0.205999,0.104711,Bellevue_150th_SE38th
9624,0.538603,0.133785,0.09741,0.753781,0.240105,0.100249,Bellevue_150th_SE38th
9625,0.580661,0.082621,0.082049,0.682676,0.189866,0.101729,Bellevue_150th_SE38th
9626,0.605505,0.091614,0.08216,0.717406,0.209044,0.151813,Bellevue_150th_SE38th
9627,0.584749,0.089038,0.083012,0.67642,0.181641,0.130796,Bellevue_150th_SE38th
9628,0.55351,0.109927,0.089089,0.70236,0.119915,0.147538,Bellevue_150th_SE38th
9629,0.52589,0.13132,0.095899,0.628926,0.09665,0.123192,Bellevue_150th_SE38th
9630,0.580782,0.094101,0.083851,0.669033,0.113052,0.112046,Bellevue_150th_SE38th
9631,0.607578,0.084068,0.080456,0.676644,0.179541,0.093058,Bellevue_150th_SE38th
9632,0.604626,0.083275,0.080253,0.620276,0.301818,0.037475,Bellevue_150th_SE38th
9633,0.61442,0.076216,0.077381,0.688757,0.28707,0.046591,Bellevue_150th_SE38th
9634,0.614425,0.077482,0.077809,0.645737,0.127497,0.110801,Bellevue_150th_SE38th
9635,0.58145,0.086302,0.082379,0.632993,0.052221,0.211448,Bellevue_150th_SE38th
9636,0.571027,0.090081,0.082318,0.556978,0.042952,0.195665,Bellevue_150th_SE38th
9637,0.582956,0.094582,0.083026,0.556984,0.093648,0.090281,Bellevue_150th_SE38th
9638,0.580954,0.08541,0.080762,0.662176,0.112159,0.145062,Bellevue_150th_SE38th
9639,0.581069,0.085412,0.083193,0.505646,0.154597,0.070838,Bellevue_150th_SE38th
9640,0.567786,0.089488,0.084832,0.61111,0.193085,0.06641,Bellevue_150th_SE38th
9641,0.55646,0.095069,0.085132,0.615506,0.109539,0.047326,Bellevue_150th_SE38th
9642,0.575197,0.081064,0.079177,0.568426,0.171958,0.105211,Bellevue_150th_SE38th
9643,0.589654,0.077826,0.07886,0.532174,0.178284,0.049369,Bellevue_150th_SE38th
9644,0.597953,0.078414,0.07797,0.565359,0.216714,0.038327,Bellevue_150th_SE38th
9645,0.579172,0.090166,0.082403,0.765337,0.439564,0.111172,Bellevue_150th_SE38th
9646,0.583971,0.084367,0.082802,0.836782,0.406233,0.13565,Bellevue_150th_SE38th
9647,0.541537,0.092364,0.086915,0.702089,0.275967,0.071815,Bellevue_150th_SE38th
9648,0.55645,0.085292,0.082634,0.691284,0.179511,0.15658,Bellevue_150th_SE38th
9649,0.541467,0.090071,0.083873,0.494583,0.058992,0.145836,Bellevue_150th_SE38th
9650,0.521782,0.127094,0.094989,0.511721,0.077309,0.136365,Bellevue_150th_SE38th
9651,0.561998,0.09548,0.083977,0.558306,0.108056,0.110796,Bellevue_150th_SE38th
9652,0.554162,0.091194,0.084149,0.73063,0.198982,0.086368,Bellevue_150th_SE38th
9653,0.531788,0.122867,0.095469,0.717026,0.181944,0.148775,Bellevue_150th_SE38th
9654,0.55116,0.093441,0.085845,0.632891,0.219912,0.119968,Bellevue_150th_SE38th
9655,0.56529,0.109985,0.088255,0.523694,0.133656,0.128526,Bellevue_150th_SE38th
9656,0.570202,0.088811,0.082223,0.50992,0.134298,0.097364,Bellevue_150th_SE38th
9657,0.581606,0.087161,0.080843,0.547564,0.074352,0.170454,Bellevue_150th_SE38th
9658,0.584848,0.083517,0.08125,0.632288,0.136485,0.184088,Bellevue_150th_SE38th
9659,0.60982,0.080493,0.079692,0.695237,0.099209,0.306665,Bellevue_150th_SE38th
9660,0.602026,0.07938,0.078049,0.631923,0.139796,0.173805,Bellevue_150th_SE38th
9661,0.56913,0.090913,0.0833,0.595099,0.088025,0.082131,Bellevue_150th_SE38th
9662,0.557344,0.088244,0.081373,0.595703,0.082331,0.135484,Bellevue_150th_SE38th
9663,0.572068,0.090401,0.082453,0.487272,0.160994,0.069399,Bellevue_150th_SE38th
9664,0.582398,0.081047,0.079889,0.501209,0.108599,0.118928,Bellevue_150th_SE38th
9665,0.586669,0.085191,0.081254,0.501762,0.094106,0.080765,Bellevue_150th_SE38th
9666,0.565838,0.085291,0.083108,0.466845,0.147808,0.056493,Bellevue_150th_SE38th
9667,0.545031,0.089064,0.082652,0.344883,0.077825,0.026828,Bellevue_150th_SE38th
9668,0.52357,0.126977,0.094978,0.650623,0.116744,0.066817,Bellevue_150th_SE38th
9669,0.538386,0.119065,0.094587,0.749188,0.138444,0.140002,Bellevue_150th_SE38th
9670,0.579149,0.086374,0.082644,0.834626,0.249063,0.113706,Bellevue_150th_SE38th
9671,0.5621,0.094292,0.084837,0.635878,0.149865,0.06299,Bellevue_150th_SE38th
9672,0.5323,0.096871,0.085994,0.465631,0.08984,0.069758,Bellevue_150th_SE38th
9673,0.577055,0.091795,0.082397,0.410107,0.043274,0.112323,Bellevue_150th_SE38th
9674,0.552402,0.090492,0.082541,0.476665,0.106614,0.091764,Bellevue_150th_SE38th
9675,0.52893,0.127842,0.095577,0.494961,0.111357,0.068212,Bellevue_150th_SE38th
9676,0.559337,0.093372,0.085313,0.679264,0.215093,0.042273,Bellevue_150th_SE38th
9677,0.566858,0.086716,0.083419,0.6886,0.219958,0.02451,Bellevue_150th_SE38th
9678,0.5822,0.084325,0.080042,0.609509,0.216661,0.046717,Bellevue_150th_SE38th
9679,0.546347,0.097801,0.085702,0.535035,0.170268,0.086338,Bellevue_150th_SE38th
9680,0.575942,0.084135,0.079862,0.49946,0.143767,0.074205,Bellevue_150th_SE38th
9681,0.566255,0.082473,0.079615,0.488981,0.174937,0.058315,Bellevue_150th_SE38th
9682,0.553077,0.086079,0.08232,0.461274,0.170851,0.064302,Bellevue_150th_SE38th
9683,0.561955,0.085059,0.082357,0.391554,0.068798,0.04832,Bellevue_150th_SE38th
9684,0.487056,0.131328,0.092107,0.443202,0.099501,0.041648,Bellevue_150th_SE38th
9685,0.461389,0.131629,0.089661,0.623702,0.14225,0.112242,Bellevue_150th_SE38th
9686,0.551432,0.079653,0.079315,0.588639,0.112997,0.056517,Bellevue_150th_SE38th
9687,0.506565,0.139652,0.094988,0.661175,0.232276,0.077994,Bellevue_150th_SE38th
9688,0.551186,0.117857,0.0945,0.672327,0.152749,0.083621,Bellevue_150th_SE38th
9689,0.580347,0.075442,0.077021,0.671782,0.086652,0.109411,Bellevue_150th_SE38th
9690,0.508504,0.125619,0.093536,0.654294,0.055704,0.160077,Bellevue_150th_SE38th
9691,0.587603,0.078166,0.079346,0.65673,0.024554,0.181975,Bellevue_150th_SE38th
9692,0.57765,0.07947,0.079375,0.558394,0.057887,0.170567,Bellevue_150th_SE38th
9693,0.438742,0.131037,0.086773,0.446842,0.083616,0.04597,Bellevue_150th_SE38th
9694,0.481782,0.1368,0.092221,0.520417,0.069457,0.087691,Bellevue_150th_SE38th
9695,0.521737,0.141592,0.096652,0.58556,0.139003,0.061023,Bellevue_150th_SE38th
9696,0.542831,0.099161,0.088001,0.639973,0.226481,0.017447,Bellevue_150th_SE38th
9697,0.48475,0.127082,0.091395,0.547727,0.231762,0.03422,Bellevue_150th_SE38th
9698,0.464525,0.133723,0.090198,0.59606,0.164848,0.070035,Bellevue_150th_SE38th
9699,0.475828,0.134557,0.091407,0.717047,0.1571,0.058898,Bellevue_150th_SE38th
9700,0.502145,0.094438,0.088216,0.596511,0.165811,0.001667,Bellevue_150th_SE38th
9701,0.483617,0.111706,0.089496,0.573127,0.073411,0.021211,Bellevue_150th_SE38th
9702,0.511783,0.130749,0.094446,0.599465,0.071465,0.079749,Bellevue_150th_SE38th
9703,0.575654,0.091387,0.081668,0.583206,0.136817,0.025044,Bellevue_150th_SE38th
9704,0.537972,0.103815,0.0888,0.665001,0.084104,0.067048,Bellevue_150th_SE38th
9705,0.562091,0.081068,0.080728,0.720396,0.197301,0.033996,Bellevue_150th_SE38th
9706,0.537771,0.09052,0.085584,0.657909,0.165994,0.056119,Bellevue_150th_SE38th
9707,0.583414,0.078246,0.078747,0.593139,0.148979,0.030935,Bellevue_150th_SE38th
9708,0.518071,0.087385,0.083106,0.537232,0.085527,0.123953,Bellevue_150th_SE38th
9709,0.51391,0.114587,0.092504,0.599904,0.132205,0.052281,Bellevue_150th_SE38th
9710,0.560933,0.094868,0.084556,0.724135,0.088368,0.09185,Bellevue_150th_SE38th
9711,0.581262,0.076815,0.07853,0.580638,0.16056,0.050002,Bellevue_150th_SE38th
9712,0.500422,0.137076,0.094086,0.635606,0.158372,0.089323,Bellevue_150th_SE38th
9713,0.559507,0.083345,0.08151,0.667426,0.141736,0.135296,Bellevue_150th_SE38th
9714,0.556834,0.084217,0.0823,0.703239,0.199271,0.177983,Bellevue_150th_SE38th
9715,0.498599,0.080102,0.082184,0.654556,0.232657,0.080374,Bellevue_150th_SE38th
9716,0.513466,0.101329,0.089556,0.660049,0.151588,0.11183,Bellevue_150th_SE38th
9717,0.496334,0.135727,0.09352,0.677098,0.15172,0.131842,Bellevue_150th_SE38th
9718,0.518031,0.123421,0.094192,0.567652,0.142256,0.082364,Bellevue_150th_SE38th
9719,0.464377,0.130696,0.089825,0.425255,0.106236,0.055322,Bellevue_150th_SE38th
9720,0.524723,0.134433,0.096116,0.587282,0.114785,0.027239,Bellevue_150th_SE38th
9721,0.553462,0.097225,0.085793,0.43236,0.077604,0.050148,Bellevue_150th_SE38th
9722,0.454013,0.124588,0.088091,0.554758,0.106076,0.029792,Bellevue_150th_SE38th
9723,0.423077,0.115821,0.082798,0.654424,0.112131,0.099361,Bellevue_150th_SE38th
9724,0.514179,0.131887,0.094813,0.552459,0.04447,0.064265,Bellevue_150th_SE38th
9725,0.495522,0.128726,0.092627,0.642596,0.106854,0.044495,Bellevue_150th_SE38th
9726,0.520789,0.127938,0.095,0.682689,0.118512,0.076714,Bellevue_150th_SE38th
9727,0.427358,0.12005,0.083617,0.62358,0.170144,0.054085,Bellevue_150th_SE38th
9728,0.47309,0.129278,0.09052,0.670015,0.282023,0.039168,Bellevue_150th_SE38th
9729,0.46614,0.129449,0.08988,0.78603,0.318409,0.101535,Bellevue_150th_SE38th
9730,0.434012,0.123685,0.084975,0.675015,0.190436,0.04715,Bellevue_150th_SE38th
9731,0.451986,0.120741,0.087488,0.508366,0.119391,0.0383,Bellevue_150th_SE38th
9732,0.5097,0.134949,0.094724,0.543803,0.0699,0.196196,Bellevue_150th_SE38th
9733,0.464918,0.122987,0.089002,0.599475,0.230518,0.023165,Bellevue_150th_SE38th
9734,0.519059,0.120848,0.094006,0.634431,0.180435,0.05554,Bellevue_150th_SE38th
9735,0.573058,0.080308,0.079,0.682644,0.232797,0.056151,Bellevue_150th_SE38th
9736,0.584107,0.074669,0.076969,0.634229,0.247529,0.06023,Bellevue_150th_SE38th
9737,0.570875,0.077273,0.07845,0.581904,0.183509,0.031257,Bellevue_150th_SE38th
9738,0.42757,0.128131,0.084682,0.536343,0.141737,0.024168,Bellevue_150th_SE38th
9739,0.5492,0.09204,0.083409,0.426161,0.066393,0.02188,Bellevue_150th_SE38th
9740,0.591184,0.081864,0.078412,0.454318,0.081479,0.05165,Bellevue_150th_SE38th
9741,0.573163,0.094485,0.083197,0.560701,0.142097,0.059549,Bellevue_150th_SE38th
9742,0.533595,0.114747,0.092785,0.734095,0.15112,0.070175,Bellevue_150th_SE38th
9743,0.560144,0.082683,0.081354,0.80822,0.193568,0.083747,Bellevue_150th_SE38th
9744,0.571019,0.081296,0.079995,0.825979,0.169344,0.132288,Bellevue_150th_SE38th
9745,0.515386,0.11271,0.091601,0.619164,0.147993,0.077683,Bellevue_150th_SE38th
9746,0.523255,0.124959,0.094893,0.63418,0.107485,0.085206,Bellevue_150th_SE38th
9747,0.540832,0.101099,0.087866,0.586922,0.077924,0.077537,Bellevue_150th_SE38th
9748,0.548559,0.090702,0.085605,0.604734,0.156431,0.045609,Bellevue_150th_SE38th
9749,0.427648,0.121274,0.083808,0.595457,0.195303,0.056941,Bellevue_150th_SE38th
9750,0.555938,0.081545,0.080551,0.582956,0.247666,0.004167,Bellevue_150th_SE38th
9751,0.520244,0.098803,0.087821,0.612369,0.240947,0.01805,Bellevue_150th_SE38th
9752,0.527213,0.094297,0.085117,0.584329,0.078475,0.172052,Bellevue_150th_SE38th
9753,0.520346,0.13663,0.095962,0.533888,0.024884,0.150205,Bellevue_150th_SE38th
9754,0.562927,0.075763,0.076861,0.458164,0.091951,0.058755,Bellevue_150th_SE38th
9755,0.511035,0.128138,0.09408,0.425633,0.066653,0.007407,Bellevue_150th_SE38th
9756,0.4924,0.089837,0.086934,0.468576,0.143975,0.029096,Bellevue_150th_SE38th
9757,0.55362,0.080971,0.080288,0.504434,0.171416,0.035149,Bellevue_150th_SE38th
9758,0.480958,0.119084,0.090116,0.520178,0.123351,0.080578,Bellevue_150th_SE38th
9759,0.510354,0.120371,0.093094,0.536726,0.097679,0.118078,Bellevue_150th_SE38th
9760,0.506036,0.13546,0.094425,0.419416,0.039074,0.057111,Bellevue_150th_SE38th
9761,0.500824,0.123401,0.092543,0.45245,0.076369,0.027627,Bellevue_150th_SE38th
9762,0.518292,0.134731,0.095555,0.57714,0.064789,0.021112,Bellevue_150th_SE38th
9763,0.533487,0.084334,0.084071,0.593702,0.052839,0.065965,Bellevue_150th_SE38th
9764,0.443247,0.118185,0.086007,0.480782,0.040184,0.04397,Bellevue_150th_SE38th
9765,0.463769,0.129196,0.089612,0.485999,0.061379,0.077898,Bellevue_150th_SE38th
9766,0.432684,0.129825,0.086031,0.421189,0.09083,0.05117,Bellevue_150th_SE38th
9767,0.493791,0.128373,0.092414,0.363056,0.066962,0.057698,Bellevue_150th_SE38th
9768,0.531326,0.097176,0.084805,0.367701,0.065668,0.029945,Bellevue_150th_SE38th
9769,0.523177,0.139903,0.096615,0.527486,0.069744,0.057341,Bellevue_150th_SE38th
9770,0.524498,0.138139,0.09654,0.721106,0.026557,0.229195,Bellevue_150th_SE38th
9771,0.451155,0.124215,0.0878,0.634219,0.113458,0.131988,Bellevue_150th_SE38th
9772,0.476085,0.128456,0.090698,0.568864,0.076302,0.113521,Bellevue_150th_SE38th
9773,0.477978,0.135791,0.091731,0.551427,0.11004,0.122489,Bellevue_150th_SE38th
9774,0.49555,0.117533,0.091333,0.45572,0.060369,0.064555,Bellevue_150th_SE38th
9775,0.525274,0.126496,0.095217,0.602517,0.135988,0.009271,Bellevue_150th_SE38th
9776,0.452941,0.122167,0.087741,0.608822,0.052426,0.136457,Bellevue_150th_SE38th
9777,0.496655,0.088695,0.084746,0.531154,0.103477,0.083084,Bellevue_150th_SE38th
9778,0.503751,0.133908,0.094031,0.459863,0.05362,0.125602,Bellevue_150th_SE38th
9779,0.510919,0.137496,0.095133,0.647624,0.115862,0.074497,Bellevue_150th_SE38th
9780,0.560125,0.080298,0.079875,0.614797,0.122526,0.118806,Bellevue_150th_SE38th
9781,0.479962,0.135265,0.091887,0.578878,0.145529,0.102212,Bellevue_150th_SE38th
9782,0.496511,0.139384,0.093966,0.556382,0.075716,0.10255,Bellevue_150th_SE38th
9783,0.517977,0.143831,0.096538,0.488916,0.076441,0.031249,Bellevue_150th_SE38th
9784,0.440166,0.128338,0.087178,0.388487,0.086055,0.026068,Bellevue_150th_SE38th
9785,0.532348,0.101049,0.086706,0.405609,0.052584,0.040036,Bellevue_150th_SE38th
9786,0.523441,0.114741,0.092524,0.435114,0.07107,0.044555,Bellevue_150th_SE38th
9787,0.520764,0.104285,0.091486,0.444753,0.057941,0.077173,Bellevue_150th_SE38th
9788,0.597194,0.082119,0.079259,0.483804,0.029361,0.088522,Bellevue_150th_SE38th
9789,0.572848,0.078957,0.079343,0.563197,0.067574,0.06964,Bellevue_150th_SE38th
9790,0.572535,0.07776,0.07884,0.572457,0.087667,0.052198,Bellevue_150th_SE38th
9791,0.515937,0.139659,0.095877,0.586486,0.065436,0.055857,Bellevue_150th_SE38th
9792,0.434545,0.124354,0.085988,0.576608,0.062015,0.058732,Bellevue_150th_SE38th
9793,0.600508,0.07265,0.074613,0.546539,0.117293,0.067051,Bellevue_150th_SE38th
9794,0.510896,0.138663,0.095286,0.558748,0.130622,0.112564,Bellevue_150th_SE38th
9795,0.532417,0.098236,0.089108,0.700021,0.184882,0.100218,Bellevue_150th_SE38th
9796,0.448234,0.129064,0.087731,0.76011,0.286964,0.07058,Bellevue_150th_SE38th
9797,0.487559,0.131923,0.09225,0.712471,0.170037,0.105463,Bellevue_150th_SE38th
9798,0.521973,0.142629,0.096795,0.658887,0.096475,0.115022,Bellevue_150th_SE38th
9799,0.514009,0.116526,0.092907,0.551382,0.126002,0.064234,Bellevue_150th_SE38th
9800,0.505307,0.119077,0.092462,0.598997,0.152093,0.039766,Bellevue_150th_SE38th
9801,0.528865,0.117158,0.094532,0.638889,0.206325,0.055405,Bellevue_150th_SE38th
9802,0.513306,0.110645,0.092265,0.710563,0.166373,0.096183,Bellevue_150th_SE38th
9803,0.468281,0.108491,0.087648,0.644522,0.13421,0.048153,Bellevue_150th_SE38th
9804,0.471582,0.122288,0.089575,0.536367,0.131588,0.067584,Bellevue_150th_SE38th
9805,0.469598,0.134646,0.090801,0.556764,0.106343,0.056842,Bellevue_150th_SE38th
9806,0.500333,0.136506,0.093996,0.643962,0.161233,0.085374,Bellevue_150th_SE38th
9807,0.549505,0.085077,0.082013,0.6273,0.252884,0.046193,Bellevue_150th_SE38th
9808,0.467396,0.130004,0.090061,0.719437,0.29829,0.064852,Bellevue_150th_SE38th
9809,0.485242,0.085269,0.084772,0.675959,0.279893,0.026346,Bellevue_150th_SE38th
9810,0.57625,0.075492,0.076577,0.610858,0.25708,0.047721,Bellevue_150th_SE38th
9811,0.49745,0.130231,0.092995,0.439399,0.108623,0.096917,Bellevue_150th_SE38th
9812,0.426128,0.12905,0.084811,0.390305,0.096761,0.042305,Bellevue_150th_SE38th
9813,0.503496,0.129966,0.093542,0.425148,0.09799,0.065923,Bellevue_150th_SE38th
9814,0.535654,0.11364,0.090402,0.494241,0.08149,0.022681,Bellevue_150th_SE38th
9815,0.544279,0.092663,0.085781,0.596444,0.065111,0.050285,Bellevue_150th_SE38th
9816,0.506786,0.132971,0.094237,0.672183,0.097268,0.053669,Bellevue_150th_SE38th
9817,0.540225,0.087485,0.084448,0.56123,0.123317,0.04772,Bellevue_150th_SE38th
9818,0.505016,0.138392,0.094675,0.613409,0.058503,0.044503,Bellevue_150th_SE38th
9819,0.440312,0.129682,0.087071,0.575234,0.067069,0.042748,Bellevue_150th_SE38th
9820,0.510826,0.135222,0.094872,0.575234,0.139313,0.048036,Bellevue_150th_SE38th
9821,0.480099,0.131981,0.091523,0.663472,0.267692,0.043567,Bellevue_150th_SE38th
9822,0.512026,0.121272,0.093388,0.750791,0.373063,0.023407,Bellevue_150th_SE38th
9823,0.428112,0.121693,0.084108,0.679558,0.298013,0.032501,Bellevue_150th_SE38th
9824,0.498626,0.099765,0.088177,0.556755,0.161553,0.031578,Bellevue_150th_SE38th
9825,0.465339,0.131708,0.090043,0.472476,0.088745,0.09651,Bellevue_150th_SE38th
9826,0.49151,0.139011,0.093418,0.517417,0.035166,0.228369,Bellevue_150th_SE38th
9827,0.473678,0.123293,0.089872,0.438631,0.090295,0.02505,Bellevue_150th_SE38th
9828,0.518038,0.127299,0.09464,0.535237,0.09764,0.046458,Bellevue_150th_SE38th
9829,0.513934,0.142609,0.096047,0.523343,0.065145,0.035569,Bellevue_150th_SE38th
9830,0.436237,0.124114,0.085592,0.545412,0.153461,0.021362,Bellevue_150th_SE38th
9831,0.492749,0.12682,0.092155,0.573589,0.111172,0.11043,Bellevue_150th_SE38th
9832,0.472933,0.128424,0.090388,0.505962,0.094159,0.124856,Bellevue_150th_SE38th
9833,0.489904,0.132752,0.092558,0.42017,0.072219,0.050615,Bellevue_150th_SE38th
9834,0.492857,0.12787,0.092265,0.308246,0.061824,0.06504,Bellevue_150th_SE38th
9835,0.523104,0.137432,0.096317,0.458455,0.130375,0.040973,Bellevue_150th_SE38th
9836,0.502065,0.124992,0.092848,0.421044,0.1278,0.050642,Bellevue_150th_SE38th
9837,0.498705,0.13297,0.093434,0.532295,0.151894,0.062834,Bellevue_150th_SE38th
9838,0.493592,0.131885,0.092806,0.457309,0.054606,0.129336,Bellevue_150th_SE38th
9839,0.452956,0.127843,0.088379,0.507797,0.051054,0.198457,Bellevue_150th_SE38th
9840,0.506427,0.138606,0.094839,0.412262,0.07554,0.081862,Bellevue_150th_SE38th
9841,0.45903,0.127014,0.088873,0.327501,0.055945,0.037906,Bellevue_150th_SE38th
9842,0.542577,0.080308,0.079627,0.505379,0.069666,0.045357,Bellevue_150th_SE38th
9843,0.522394,0.125518,0.09489,0.48096,0.085971,0.034579,Bellevue_150th_SE38th
9844,0.412068,0.115416,0.081046,0.637844,0.200076,0.05169,Bellevue_150th_SE38th
9845,0.534874,0.086752,0.08335,0.576115,0.150238,0.058288,Bellevue_150th_SE38th
9846,0.425212,0.123435,0.084095,0.403931,0.096966,0.039335,Bellevue_150th_SE38th
9847,0.501353,0.114684,0.09156,0.44393,0.06093,0.099275,Bellevue_150th_SE38th
9848,0.518506,0.110743,0.090494,0.610241,0.113222,0.116068,Bellevue_150th_SE38th
9849,0.514746,0.127608,0.094372,0.572645,0.077054,0.109748,Bellevue_150th_SE38th
9850,0.502557,0.132026,0.093709,0.590103,0.102937,0.17012,Bellevue_150th_SE38th
9851,0.490198,0.135573,0.092907,0.446521,0.080974,0.142695,Bellevue_150th_SE38th
9852,0.483588,0.133891,0.09207,0.407248,0.058049,0.165327,Bellevue_150th_SE38th
9853,0.442941,0.125823,0.087163,0.392733,0.023924,0.222598,Bellevue_150th_SE38th
9854,0.513154,0.078731,0.079968,0.456239,0.062212,0.211509,Bellevue_150th_SE38th
9855,0.547364,0.075744,0.076886,0.452579,0.054719,0.1055,Bellevue_150th_SE38th
9856,0.532974,0.131714,0.096622,0.494331,0.113211,0.091438,Bellevue_150th_SE38th
9857,0.463672,0.1272,0.08937,0.530585,0.161486,0.078052,Bellevue_150th_SE38th
9858,0.459251,0.124701,0.088632,0.475683,0.085714,0.137014,Bellevue_150th_SE38th
9859,0.497734,0.13228,0.09325,0.71257,0.15537,0.12399,Bellevue_150th_SE38th
9860,0.502461,0.130485,0.093515,0.668148,0.125873,0.130913,Bellevue_150th_SE38th
9861,0.415153,0.119621,0.081781,0.488895,0.106815,0.135991,Bellevue_150th_SE38th
9862,0.421565,0.12102,0.083091,0.633939,0.167295,0.092735,Bellevue_150th_SE38th
9863,0.425591,0.120194,0.083679,0.564787,0.191842,0.090524,Bellevue_150th_SE38th
9864,0.498538,0.129469,0.09302,0.626315,0.116075,0.090674,Bellevue_150th_SE38th
9865,0.463473,0.13131,0.08982,0.568547,0.186407,0.086975,Bellevue_150th_SE38th
9866,0.51245,0.142214,0.095817,0.609647,0.198812,0.122878,Bellevue_150th_SE38th
9867,0.450841,0.129787,0.088408,0.475189,0.146071,0.025188,Bellevue_150th_SE38th
9868,0.480441,0.129281,0.091232,0.630168,0.162879,0.067752,Bellevue_150th_SE38th
9869,0.50307,0.125904,0.093051,0.660128,0.256071,0.065985,Bellevue_150th_SE38th
9870,0.50836,0.113088,0.092062,0.610636,0.163737,0.160922,Bellevue_150th_SE38th
9871,0.434239,0.122566,0.085222,0.470745,0.088107,0.113505,Bellevue_150th_SE38th
9872,0.493982,0.131398,0.092776,0.365681,0.067124,0.135282,Bellevue_150th_SE38th
9873,0.499687,0.113812,0.091303,0.384001,0.083827,0.127976,Bellevue_150th_SE38th
9874,0.53367,0.128995,0.095936,0.449426,0.08347,0.06086,Bellevue_150th_SE38th
9875,0.528403,0.120171,0.094842,0.532948,0.114961,0.045619,Bellevue_150th_SE38th
9876,0.566416,0.06988,0.075414,0.796577,0.373833,0.052546,Bellevue_150th_SE38th
9877,0.465437,0.094294,0.085742,0.738297,0.376893,0.040053,Bellevue_150th_SE38th
9878,0.429511,0.117794,0.084014,0.560986,0.235994,0.021157,Bellevue_150th_SE38th
9879,0.438728,0.12352,0.086151,0.53899,0.160697,0.038907,Bellevue_150th_SE38th
9880,0.490133,0.13338,0.092644,0.362958,0.081434,0.062966,Bellevue_150th_SE38th
9881,0.45596,0.128291,0.088736,0.357234,0.096364,0.031768,Bellevue_150th_SE38th
9882,0.538622,0.138062,0.097749,0.409972,0.082278,0.057494,Bellevue_150th_SE38th
9883,0.519472,0.122711,0.094036,0.478056,0.111044,0.048895,Bellevue_150th_SE38th
9884,0.499243,0.127507,0.092855,0.457077,0.111995,0.090707,Bellevue_150th_SE38th
9885,0.411866,0.115978,0.081074,0.404212,0.117958,0.04712,Bellevue_150th_SE38th
9886,0.483528,0.136058,0.092302,0.358852,0.047937,0.105503,Bellevue_150th_SE38th
9887,0.464572,0.131193,0.0899,0.345401,0.125249,0.042365,Bellevue_150th_SE38th
9888,0.47951,0.12807,0.091008,0.421732,0.096198,0.046927,Bellevue_150th_SE38th
9889,0.514984,0.135087,0.095278,0.499651,0.162448,0.034746,Bellevue_150th_SE38th
9890,0.470999,0.126971,0.090057,0.563898,0.257625,0.029462,Bellevue_150th_SE38th
9891,0.446101,0.125987,0.087401,0.653794,0.20778,0.084151,Bellevue_150th_SE38th
9892,0.507323,0.126297,0.093509,0.749102,0.203868,0.138947,Bellevue_150th_SE38th
9893,0.528975,0.11304,0.092579,0.609746,0.149388,0.082761,Bellevue_150th_SE38th
9894,0.472147,0.117904,0.089132,0.706766,0.16457,0.068043,Bellevue_150th_SE38th
9895,0.448024,0.115109,0.086264,0.678729,0.1449,0.049626,Bellevue_150th_SE38th
9896,0.462548,0.112677,0.087574,0.725201,0.172152,0.047945,Bellevue_150th_SE38th
9897,0.412655,0.112726,0.080778,0.615385,0.133409,0.053791,Bellevue_150th_SE38th
9898,0.46326,0.12105,0.088598,0.561917,0.182112,0.065433,Bellevue_150th_SE38th
9899,0.517402,0.103573,0.089656,0.443078,0.139695,0.076286,Bellevue_150th_SE38th
9900,0.502869,0.128781,0.093339,0.560163,0.172933,0.015773,Bellevue_150th_SE38th
9901,0.409961,0.098097,0.079654,0.586923,0.17676,0.187939,Bellevue_150th_SE38th
9902,0.451118,0.119363,0.087224,0.721049,0.234012,0.224282,Bellevue_150th_SE38th
9903,0.41258,0.114728,0.081025,0.698675,0.210925,0.14072,Bellevue_150th_SE38th
9904,0.412708,0.116208,0.081271,0.67318,0.153305,0.145174,Bellevue_150th_SE38th
9905,0.410938,0.114078,0.081161,0.527702,0.108061,0.053759,Bellevue_150th_SE38th
9906,0.506116,0.118826,0.092418,0.358004,0.053517,0.028609,Bellevue_150th_SE38th
9907,0.441278,0.111965,0.085425,0.384606,0.057058,0.047507,Bellevue_150th_SE38th
9908,0.527775,0.120694,0.094838,0.414515,0.101629,0.104963,Bellevue_150th_SE38th
9909,0.522419,0.108842,0.091512,0.521455,0.111014,0.183721,Bellevue_150th_SE38th
9910,0.432968,0.112947,0.083915,0.449094,0.095133,0.091167,Bellevue_150th_SE38th
9911,0.435872,0.112194,0.08455,0.396857,0.09607,0.04283,Bellevue_150th_SE38th
9912,0.469559,0.112607,0.088249,0.434524,0.092429,0.061351,Bellevue_150th_SE38th
9913,0.400089,0.112292,0.079248,0.428989,0.087571,0.136647,Bellevue_150th_SE38th
9914,0.495044,0.134852,0.093276,0.276334,0.043885,0.121837,Bellevue_150th_SE38th
9915,0.506299,0.099334,0.087993,0.366308,0.064532,0.092657,Bellevue_150th_SE38th
9916,0.442127,0.116107,0.085979,0.458858,0.081139,0.053906,Bellevue_150th_SE38th
9917,0.500078,0.127432,0.092924,0.588476,0.181065,0.082007,Bellevue_150th_SE38th
9918,0.445553,0.117955,0.086418,0.44411,0.083388,0.131643,Bellevue_150th_SE38th
9919,0.455676,0.113592,0.087008,0.385556,0.062785,0.083802,Bellevue_150th_SE38th
9920,0.46042,0.109262,0.086975,0.305991,0.059036,0.041008,Bellevue_150th_SE38th
9921,0.519956,0.102689,0.088624,0.395244,0.127503,0.081248,Bellevue_150th_SE38th
9922,0.482574,0.114129,0.08967,0.383022,0.153517,0.040183,Bellevue_150th_SE38th
9923,0.500845,0.091138,0.086355,0.412762,0.170099,0.023789,Bellevue_150th_SE38th
9924,0.556283,0.07837,0.078037,0.453066,0.226611,0.057672,Bellevue_150th_SE38th
9925,0.412301,0.114183,0.080936,0.450245,0.164944,0.032668,Bellevue_150th_SE38th
9926,0.442684,0.11622,0.086055,0.419451,0.039995,0.07473,Bellevue_150th_SE38th
9927,0.449763,0.122493,0.087451,0.364068,0.081871,0.048457,Bellevue_150th_SE38th
9928,0.512523,0.109094,0.090981,0.371602,0.105438,0.019628,Bellevue_150th_SE38th
9929,0.501788,0.097633,0.087031,0.403162,0.128017,0.064779,Bellevue_150th_SE38th
9930,0.524658,0.112209,0.093494,0.547952,0.186247,0.135263,Bellevue_150th_SE38th
9931,0.423225,0.117449,0.083189,0.568414,0.181459,0.081141,Bellevue_150th_SE38th
9932,0.452244,0.113057,0.086619,0.703718,0.24912,0.084884,Bellevue_150th_SE38th
9933,0.428259,0.105682,0.082689,0.64882,0.217114,0.08565,Bellevue_150th_SE38th
9934,0.42456,0.116635,0.083392,0.515652,0.108296,0.12018,Bellevue_150th_SE38th
9935,0.428279,0.120728,0.084672,0.385697,0.01875,0.11328,Bellevue_150th_SE38th
9936,0.493046,0.118845,0.091235,0.374034,0.035459,0.125699,Bellevue_150th_SE38th
9937,0.454364,0.124654,0.088142,0.430121,0.099949,0.099866,Bellevue_150th_SE38th
9938,0.464943,0.123136,0.089018,0.518155,0.155037,0.022155,Bellevue_150th_SE38th
9939,0.439328,0.111252,0.084775,0.645227,0.162001,0.083366,Bellevue_150th_SE38th
9940,0.462584,0.116292,0.087994,0.567973,0.127868,0.100696,Bellevue_150th_SE38th
9941,0.483978,0.117046,0.090148,0.484677,0.024627,0.167042,Bellevue_150th_SE38th
9942,0.436506,0.11274,0.085019,0.393017,0.011368,0.227246,Bellevue_150th_SE38th
9943,0.48084,0.109797,0.089006,0.320465,0.030256,0.188262,Bellevue_150th_SE38th
9944,0.443287,0.116934,0.086184,0.325223,0.070287,0.077058,Bellevue_150th_SE38th
9945,0.511467,0.103601,0.088792,0.559102,0.265138,0.031994,Bellevue_150th_SE38th
9946,0.460859,0.117881,0.088029,0.493392,0.231339,0.019971,Bellevue_150th_SE38th
9947,0.463781,0.11514,0.087972,0.554524,0.184638,0.063756,Bellevue_150th_SE38th
9948,0.482267,0.11898,0.090225,0.663714,0.219201,0.033249,Bellevue_150th_SE38th
9949,0.420996,0.115342,0.082578,0.517,0.103636,0.031265,Bellevue_150th_SE38th
9950,0.49832,0.125994,0.092575,0.423281,0.086463,0.038016,Bellevue_150th_SE38th
9951,0.515952,0.129242,0.094674,0.454947,0.119959,0.036946,Bellevue_150th_SE38th
9952,0.448512,0.118861,0.086842,0.493082,0.148743,0.095589,Bellevue_150th_SE38th
9953,0.410823,0.11493,0.080767,0.58828,0.320635,0.087143,Bellevue_150th_SE38th
9954,0.3977,0.109991,0.077953,0.610776,0.321243,0.053255,Bellevue_150th_SE38th
9955,0.405101,0.106832,0.079068,0.456999,0.215645,0.037155,Bellevue_150th_SE38th
9956,0.420768,0.117355,0.08283,0.342897,0.076753,0.075381,Bellevue_150th_SE38th
9957,0.411131,0.110759,0.080817,0.297065,0.097108,0.02523,Bellevue_150th_SE38th
9958,0.435756,0.119639,0.085721,0.333778,0.108964,0.086908,Bellevue_150th_SE38th
9959,0.435586,0.11562,0.085184,0.35841,0.113568,0.013282,Bellevue_150th_SE38th
9960,0.451388,0.120228,0.087341,0.334291,0.162276,0.015545,Bellevue_150th_SE38th
9961,0.426375,0.113637,0.083853,0.523213,0.186167,0.147905,Bellevue_150th_SE38th
9962,0.470374,0.118709,0.089029,0.624412,0.244199,0.18817,Bellevue_150th_SE38th
9963,0.438275,0.11243,0.08494,0.725962,0.262752,0.223925,Bellevue_150th_SE38th
9964,0.45948,0.117597,0.087846,0.61079,0.234101,0.171641,Bellevue_150th_SE38th
9965,0.502736,0.104488,0.089659,0.447894,0.072106,0.205076,Bellevue_150th_SE38th
9966,0.474528,0.132538,0.091004,0.360782,0.03875,0.113,Bellevue_150th_SE38th
9967,0.497028,0.093987,0.085492,0.277125,0.071671,0.10002,Bellevue_150th_SE38th
9968,0.508257,0.129592,0.093952,0.347107,0.103958,0.068993,Bellevue_150th_SE38th
9969,0.479977,0.112769,0.089276,0.553652,0.209492,0.081911,Bellevue_150th_SE38th
9970,0.460042,0.117525,0.0879,0.540018,0.062632,0.15511,Bellevue_150th_SE38th
9971,0.417096,0.113833,0.081663,0.577057,0.154691,0.160207,Bellevue_150th_SE38th
9972,0.417002,0.110732,0.081495,0.580719,0.133987,0.147025,Bellevue_150th_SE38th
9973,0.421801,0.112162,0.082511,0.543997,0.129966,0.120559,Bellevue_150th_SE38th
9974,0.474014,0.126919,0.090312,0.549433,0.123258,0.14715,Bellevue_150th_SE38th
9975,0.480781,0.117035,0.08983,0.636364,0.045455,0.227273,Bellevue_150th_SE38th
9976,0.353428,0.078868,0.06584,0.636364,0.045455,0.227273,Bellevue_150th_SE38th
9977,0.578682,0.068541,0.073452,0.636364,0.045455,0.227273,Bellevue_150th_SE38th
9978,0.578682,0.068541,0.073452,0.669633,0.126985,0.152359,Bellevue_150th_SE38th
9979,0.51458,0.076814,0.07826,0.721823,0.325198,0.020453,Bellevue_150th_SE38th
9980,0.415827,0.111077,0.081445,0.554788,0.151902,0.074142,Bellevue_150th_SE38th
9981,0.485929,0.126382,0.091407,0.499515,0.068243,0.104086,Bellevue_150th_SE38th
9982,0.474878,0.12096,0.089713,0.480666,0.080041,0.06959,Bellevue_150th_SE38th
9983,0.485679,0.124985,0.091226,0.475591,0.084245,0.044947,Bellevue_150th_SE38th
9984,0.469746,0.11252,0.088253,0.552741,0.114774,0.072099,Bellevue_150th_SE38th
9985,0.407316,0.108471,0.079651,0.489397,0.141951,0.046106,Bellevue_150th_SE38th
9986,0.439915,0.11111,0.085146,0.518681,0.120711,0.065708,Bellevue_150th_SE38th
9987,0.410258,0.107224,0.080229,0.599668,0.182781,0.105637,Bellevue_150th_SE38th
9988,0.428817,0.098265,0.082226,0.567254,0.095744,0.083268,Bellevue_150th_SE38th
9989,0.434805,0.111079,0.084595,0.529355,0.124366,0.041212,Bellevue_150th_SE38th
9990,0.452306,0.115199,0.086868,0.441412,0.034518,0.04712,Bellevue_150th_SE38th
9991,0.448495,0.112418,0.086188,0.439866,0.096285,0.076048,Bellevue_150th_SE38th
9992,0.518883,0.112258,0.092633,0.555306,0.207215,0.040911,Bellevue_150th_SE38th
9993,0.418683,0.110121,0.081911,0.512431,0.189025,0.03272,Bellevue_150th_SE38th
9994,0.442905,0.114698,0.08573,0.628554,0.203778,0.077842,Bellevue_150th_SE38th
9995,0.411959,0.111441,0.080759,0.516095,0.16304,0.058557,Bellevue_150th_SE38th
9996,0.444593,0.116196,0.086241,0.576243,0.102325,0.116361,Bellevue_150th_SE38th
9997,0.419669,0.114547,0.082723,0.479281,0.11966,0.08719,Bellevue_150th_SE38th
9998,0.481347,0.106395,0.088625,0.482169,0.107655,0.084082,Bellevue_150th_SE38th
9999,0.486624,0.098629,0.086851,0.529272,0.137269,0.104692,Bellevue_150th_SE38th
10000,0.501272,0.123084,0.092398,0.516029,0.115337,0.093473,Bellevue_150th_SE38th
10001,0.528004,0.119674,0.093284,0.462143,0.077413,0.163159,Bellevue_150th_SE38th
10002,0.394566,0.094331,0.076978,0.475389,0.124691,0.028661,Bellevue_150th_SE38th
10003,0.428915,0.110981,0.083408,0.477854,0.048898,0.125771,Bellevue_150th_SE38th
10004,0.431583,0.117415,0.084478,0.453222,0.046703,0.137179,Bellevue_150th_SE38th
10005,0.456962,0.123458,0.08826,0.47532,0.168077,0.12177,Bellevue_150th_SE38th
10006,0.449371,0.115607,0.086626,0.450481,0.177689,0.158291,Bellevue_150th_SE38th
10007,0.406618,0.112157,0.080569,0.335572,0.104974,0.125468,Bellevue_150th_SE38th
10008,0.482891,0.105575,0.088672,0.410316,0.186766,0.042043,Bellevue_150th_SE38th
10009,0.533079,0.091069,0.084932,0.766873,0.297886,0.184943,Bellevue_150th_SE38th
10010,0.407483,0.109729,0.079843,0.71044,0.262158,0.211958,Bellevue_150th_SE38th
10011,0.427954,0.109367,0.083276,0.535021,0.216761,0.106249,Bellevue_150th_SE38th
10012,0.438463,0.115887,0.085589,0.453695,0.114179,0.100572,Bellevue_150th_SE38th
10013,0.480054,0.117359,0.089805,0.422819,0.091357,0.112495,Bellevue_150th_SE38th
10014,0.496686,0.117501,0.091427,0.368898,0.060684,0.063361,Bellevue_150th_SE38th
10015,0.495446,0.113827,0.09089,0.544749,0.081351,0.053861,Bellevue_150th_SE38th
10016,0.500857,0.103031,0.089997,0.507774,0.079562,0.039316,Bellevue_150th_SE38th
10017,0.470378,0.112051,0.088262,0.512618,0.091681,0.012728,Bellevue_150th_SE38th
10018,0.435214,0.110289,0.084237,0.433702,0.104082,0.017552,Bellevue_150th_SE38th
10019,0.419316,0.108408,0.081758,0.315817,0.074122,0.027232,Bellevue_150th_SE38th
10020,0.42586,0.111781,0.083393,0.277948,0.055703,0.064088,Bellevue_150th_SE38th
10021,0.469493,0.114642,0.088466,0.448523,0.131028,0.081118,Bellevue_150th_SE38th
10022,0.506817,0.113723,0.09199,0.440258,0.146431,0.022691,Bellevue_150th_SE38th
10023,0.415932,0.105189,0.080798,0.463838,0.174175,0.027037,Bellevue_150th_SE38th
10024,0.397023,0.107058,0.077566,0.542268,0.19647,0.042348,Bellevue_150th_SE38th
10025,0.417946,0.110317,0.081464,0.601389,0.245056,0.069641,Bellevue_150th_SE38th
10026,0.407714,0.113791,0.080435,0.441365,0.08681,0.127856,Bellevue_150th_SE38th
10027,0.45978,0.118689,0.08799,0.347017,0.028655,0.182818,Bellevue_150th_SE38th
10028,0.475825,0.119759,0.089678,0.361872,0.084855,0.033954,Bellevue_150th_SE38th
10029,0.504742,0.119422,0.092451,0.555389,0.10795,0.095677,Bellevue_150th_SE38th
10030,0.499009,0.09421,0.08717,0.583504,0.094837,0.045215,Bellevue_150th_SE38th
10031,0.479305,0.120534,0.090124,0.709273,0.115157,0.066144,Bellevue_150th_SE38th
10032,0.420457,0.109184,0.08186,0.706344,0.104036,0.04618,Bellevue_150th_SE38th
10033,0.470339,0.106257,0.08761,0.65351,0.104911,0.116403,Bellevue_150th_SE38th
10034,0.422278,0.104963,0.08201,0.636677,0.135236,0.083969,Bellevue_150th_SE38th
10035,0.424426,0.106924,0.082396,0.433103,0.094934,0.105668,Bellevue_150th_SE38th
10036,0.482263,0.118286,0.090128,0.405031,0.082349,0.080598,Bellevue_150th_SE38th
10037,0.423708,0.109618,0.082717,0.401184,0.096252,0.075234,Bellevue_150th_SE38th
10038,0.474363,0.117469,0.089258,0.447769,0.150659,0.034537,Bellevue_150th_SE38th
10039,0.525645,0.102272,0.090427,0.687738,0.272751,0.045926,Bellevue_150th_SE38th
10040,0.402323,0.106801,0.078391,0.724378,0.264405,0.024603,Bellevue_150th_SE38th
10041,0.401112,0.108506,0.07846,0.606003,0.195648,0.047926,Bellevue_150th_SE38th
10042,0.415449,0.108202,0.081053,0.404051,0.169448,0.069155,Bellevue_150th_SE38th
10043,0.425752,0.110882,0.083389,0.233576,0.050173,0.061846,Bellevue_150th_SE38th
10044,0.415834,0.112931,0.081907,0.196158,0.082292,0.029305,Bellevue_150th_SE38th
10045,0.480527,0.117584,0.089878,0.349242,0.105211,0.013637,Bellevue_150th_SE38th
10046,0.486786,0.122171,0.091027,0.411381,0.082485,0.015119,Bellevue_150th_SE38th
10047,0.430172,0.10877,0.083387,0.5061,0.125236,0.063757,Bellevue_150th_SE38th
10048,0.396646,0.1077,0.077629,0.486344,0.097418,0.027357,Bellevue_150th_SE38th
10049,0.411867,0.109479,0.080586,0.440922,0.067672,0.009891,Bellevue_150th_SE38th
10050,0.448494,0.108451,0.08572,0.424089,0.079605,0.064507,Bellevue_150th_SE38th
10051,0.41213,0.107905,0.08099,0.382631,0.12409,0.09453,Bellevue_150th_SE38th
10052,0.438962,0.116293,0.085688,0.24399,0.058229,0.045497,Bellevue_150th_SE38th
10053,0.483346,0.111486,0.089437,0.301552,0.080497,0.065834,Bellevue_150th_SE38th
10054,0.528143,0.103022,0.090373,0.366917,0.138212,0.018639,Bellevue_150th_SE38th
10055,0.423227,0.110348,0.082424,0.418813,0.170945,0.023724,Bellevue_150th_SE38th
10056,0.455506,0.111981,0.086812,0.499867,0.228507,0.056077,Bellevue_150th_SE38th
10057,0.426433,0.107794,0.082755,0.422982,0.112976,0.071416,Bellevue_150th_SE38th
10058,0.41998,0.107388,0.082032,0.427353,0.077311,0.075724,Bellevue_150th_SE38th
10059,0.473205,0.110511,0.088345,0.421168,0.104315,0.115102,Bellevue_150th_SE38th
10060,0.444311,0.111683,0.085677,0.346474,0.140339,0.0503,Bellevue_150th_SE38th
10061,0.467558,0.118114,0.088693,0.37438,0.184025,0.005937,Bellevue_150th_SE38th
10062,0.423022,0.111319,0.082711,0.308647,0.132099,0.012025,Bellevue_150th_SE38th
10063,0.400186,0.105786,0.078514,0.403638,0.195275,0.038295,Bellevue_150th_SE38th
10064,0.437916,0.112455,0.084536,0.425407,0.163635,0.119818,Bellevue_150th_SE38th
10065,0.454545,0.102868,0.085686,0.409782,0.081856,0.11369,Bellevue_150th_SE38th
10066,0.424211,0.108891,0.08264,0.257269,0.041999,0.154214,Bellevue_150th_SE38th
10067,0.423265,0.110957,0.082906,0.212345,0.054311,0.028928,Bellevue_150th_SE38th
10068,0.490223,0.122772,0.091439,0.317647,0.056387,0.03301,Bellevue_150th_SE38th
10069,0.438446,0.109273,0.084712,0.497606,0.07373,0.239775,Bellevue_150th_SE38th
10070,0.3931,0.106077,0.07669,0.498461,0.117472,0.176382,Bellevue_150th_SE38th
10071,0.400076,0.107192,0.078387,0.540784,0.103668,0.15338,Bellevue_150th_SE38th
10072,0.425847,0.103795,0.08246,0.537603,0.095794,0.137699,Bellevue_150th_SE38th
10073,0.407419,0.109299,0.080377,0.435489,0.106659,0.151568,Bellevue_150th_SE38th
10074,0.42489,0.11602,0.083666,0.353784,0.063304,0.109162,Bellevue_150th_SE38th
10075,0.478305,0.121636,0.090127,0.443411,0.154586,0.097678,Bellevue_150th_SE38th
10076,0.481278,0.113195,0.089444,0.542057,0.212758,0.088842,Bellevue_150th_SE38th
10077,0.47456,0.115017,0.089022,0.647666,0.317622,0.120466,Bellevue_150th_SE38th
10078,0.419513,0.110689,0.081915,0.655674,0.216972,0.127375,Bellevue_150th_SE38th
10079,0.443466,0.108793,0.085254,0.688744,0.244664,0.138335,Bellevue_150th_SE38th
10080,0.402161,0.110443,0.079051,0.440257,0.113788,0.082785,Bellevue_150th_SE38th
10081,0.506818,0.121003,0.092827,0.328123,0.071048,0.072421,Bellevue_150th_SE38th
10082,0.468965,0.122331,0.089301,0.30541,0.05161,0.074621,Bellevue_150th_SE38th
10083,0.431902,0.114159,0.084507,0.32866,0.084837,0.039711,Bellevue_150th_SE38th
10084,0.425266,0.113541,0.083302,0.348967,0.071628,0.034113,Bellevue_150th_SE38th
10085,0.440907,0.113182,0.085262,0.427644,0.084421,0.034875,Bellevue_150th_SE38th
10086,0.43694,0.107023,0.084322,0.481254,0.101899,0.055677,Bellevue_150th_SE38th
10087,0.413464,0.108759,0.080785,0.424968,0.105255,0.060593,Bellevue_150th_SE38th
10088,0.43282,0.115386,0.084569,0.36845,0.072999,0.066397,Bellevue_150th_SE38th
10089,0.432695,0.116942,0.085029,0.405094,0.044307,0.113308,Bellevue_150th_SE38th
10090,0.425235,0.109987,0.083077,0.315083,0.087257,0.064605,Bellevue_150th_SE38th
10091,0.445573,0.117556,0.086478,0.427426,0.128894,0.054753,Bellevue_150th_SE38th
10092,0.525056,0.103782,0.090095,0.659306,0.216231,0.137877,Bellevue_150th_SE38th
10093,0.409044,0.102533,0.079195,0.599768,0.194478,0.121902,Bellevue_150th_SE38th
10094,0.409865,0.10377,0.079807,0.615584,0.187561,0.084147,Bellevue_150th_SE38th
10095,0.418492,0.107979,0.081477,0.615116,0.233952,0.114298,Bellevue_150th_SE38th
10096,0.42152,0.111024,0.082312,0.353967,0.085092,0.044901,Bellevue_150th_SE38th
10097,0.482611,0.122028,0.090597,0.281313,0.020238,0.070678,Bellevue_150th_SE38th
10098,0.402004,0.102267,0.078586,0.336296,0.076441,0.03221,Bellevue_150th_SE38th
10099,0.504367,0.120329,0.092522,0.349383,0.080474,0.029379,Bellevue_150th_SE38th
10100,0.437475,0.109974,0.084576,0.419252,0.07867,0.046058,Bellevue_150th_SE38th
10101,0.391775,0.10442,0.076297,0.45323,0.12806,0.06213,Bellevue_150th_SE38th
10102,0.5149,0.093355,0.086418,0.553218,0.25503,0.03588,Bellevue_150th_SE38th
10103,0.447576,0.108249,0.085618,0.46208,0.159157,0.036458,Bellevue_150th_SE38th
10104,0.427566,0.110718,0.083646,0.450659,0.111932,0.028252,Bellevue_150th_SE38th
10105,0.458524,0.119055,0.087904,0.410415,0.12448,0.0284,Bellevue_150th_SE38th
10106,0.443004,0.117247,0.086184,0.30475,0.089566,0.050474,Bellevue_150th_SE38th
10107,0.525997,0.106159,0.090071,0.428048,0.070482,0.114333,Bellevue_150th_SE38th
10108,0.458427,0.108483,0.086683,0.499552,0.166,0.041359,Bellevue_150th_SE38th
10109,0.428217,0.104539,0.082625,0.344922,0.17343,0.026107,Bellevue_150th_SE38th
10110,0.400079,0.105377,0.078517,0.357685,0.075284,0.056648,Bellevue_150th_SE38th
10111,0.461861,0.115887,0.08787,0.299047,0.068817,0.046761,Bellevue_150th_SE38th
10112,0.463572,0.111697,0.087543,0.357465,0.115714,0.007089,Bellevue_150th_SE38th
10113,0.462405,0.111312,0.087395,0.4042,0.079753,0.036476,Bellevue_150th_SE38th
10114,0.417862,0.109628,0.081514,0.368883,0.086209,0.048421,Bellevue_150th_SE38th
10115,0.400656,0.106264,0.078494,0.521935,0.241562,0.050704,Bellevue_150th_SE38th
10116,0.399701,0.103643,0.078572,0.53627,0.11236,0.225652,Bellevue_150th_SE38th
10117,0.4167,0.107984,0.081493,0.542996,0.038344,0.274441,Bellevue_150th_SE38th
10118,0.428478,0.111429,0.083885,0.287467,0.113696,0.019359,Bellevue_150th_SE38th
10119,0.498149,0.09808,0.087409,0.363297,0.091005,0.015067,Bellevue_150th_SE38th
10120,0.448525,0.10556,0.085404,0.49975,0.169027,0.029156,Bellevue_150th_SE38th
10121,0.392915,0.103787,0.076501,0.401635,0.104528,0.035133,Bellevue_150th_SE38th
10122,0.386676,0.101819,0.075192,0.384997,0.112746,0.068668,Bellevue_150th_SE38th
10123,0.413457,0.103054,0.080551,0.337973,0.093413,0.079299,Bellevue_150th_SE38th
10124,0.436598,0.112894,0.084914,0.359918,0.124281,0.024125,Bellevue_150th_SE38th
10125,0.505929,0.107906,0.091234,0.428204,0.181871,0.026832,Bellevue_150th_SE38th
10126,0.479048,0.100942,0.087807,0.59701,0.245972,0.065941,Bellevue_150th_SE38th
10127,0.401527,0.099265,0.077652,0.561858,0.205405,0.011006,Bellevue_150th_SE38th
10128,0.394851,0.103612,0.07716,0.520812,0.254588,0.006548,Bellevue_150th_SE38th
10129,0.375976,0.095452,0.07255,0.427796,0.124166,0.082011,Bellevue_150th_SE38th
10130,0.490241,0.111683,0.090136,0.385524,0.11325,0.056154,Bellevue_150th_SE38th
10131,0.41628,0.10883,0.081556,0.378264,0.103754,0.051044,Bellevue_150th_SE38th
10132,0.526449,0.089982,0.084561,0.49231,0.066151,0.076112,Bellevue_150th_SE38th
10133,0.401079,0.102225,0.0778,0.564472,0.115789,0.110001,Bellevue_150th_SE38th
10134,0.418247,0.106498,0.081419,0.41878,0.054299,0.12996,Bellevue_150th_SE38th
10135,0.40611,0.104907,0.079466,0.245284,0.033337,0.016248,Bellevue_150th_SE38th
10136,0.402815,0.097802,0.078512,0.249922,0.038411,0.0291,Bellevue_150th_SE38th
10137,0.420443,0.105305,0.081957,0.395141,0.080736,0.03226,Bellevue_150th_SE38th
10138,0.445666,0.103003,0.084832,0.508758,0.165967,0.061806,Bellevue_150th_SE38th
10139,0.405544,0.103655,0.079222,0.374119,0.116343,0.006984,Bellevue_150th_SE38th
10140,0.415028,0.099925,0.080157,0.441062,0.120504,0.010936,Bellevue_150th_SE38th
10141,0.387165,0.098793,0.074875,0.566651,0.230154,0.019805,Bellevue_150th_SE38th
10142,0.395791,0.101175,0.07683,0.503312,0.147101,0.017504,Bellevue_150th_SE38th
10143,0.468998,0.111028,0.087998,0.45182,0.169196,0.014071,Bellevue_150th_SE38th
10144,0.410475,0.10043,0.079804,0.389169,0.041975,0.027448,Bellevue_150th_SE38th
10145,0.421664,0.102643,0.081781,0.344134,0.049542,0.060251,Bellevue_150th_SE38th
10146,0.497339,0.112684,0.090943,0.364171,0.083032,0.013519,Bellevue_150th_SE38th
10147,0.515546,0.0903,0.085906,0.553192,0.135961,0.056372,Bellevue_150th_SE38th
10148,0.390535,0.102028,0.075889,0.41709,0.091053,0.02976,Bellevue_150th_SE38th
10149,0.412769,0.104184,0.080505,0.376565,0.115141,0.038024,Bellevue_150th_SE38th
10150,0.451633,0.10595,0.08572,0.302869,0.070878,0.033029,Bellevue_150th_SE38th
10151,0.497471,0.102002,0.089453,0.518366,0.106721,0.038466,Bellevue_150th_SE38th
10152,0.44026,0.102808,0.0842,0.410248,0.084856,0.058292,Bellevue_150th_SE38th
10153,0.403392,0.098756,0.077961,0.343329,0.077189,0.025892,Bellevue_150th_SE38th
10154,0.395938,0.102617,0.077164,0.378326,0.097172,0.020505,Bellevue_150th_SE38th
10155,0.39813,0.101596,0.07746,0.458265,0.111552,0.098743,Bellevue_150th_SE38th
10156,0.409131,0.100432,0.079501,0.267115,0.110783,0.064109,Bellevue_150th_SE38th
10157,0.378233,0.098978,0.073618,0.273063,0.070888,0.0776,Bellevue_150th_SE38th
10158,0.380978,0.094948,0.073493,0.326282,0.144935,0.032936,Bellevue_150th_SE38th
10159,0.424745,0.107135,0.082331,0.346139,0.081199,0.023644,Bellevue_150th_SE38th
10160,0.417211,0.101507,0.080776,0.361872,0.10996,0.052259,Bellevue_150th_SE38th
10161,0.437313,0.099753,0.083597,0.377025,0.141349,0.034508,Bellevue_150th_SE38th
10162,0.473092,0.102283,0.087385,0.408332,0.131426,0.027736,Bellevue_150th_SE38th
10163,0.399935,0.104042,0.078095,0.393789,0.107946,0.077992,Bellevue_150th_SE38th
10164,0.444768,0.111485,0.085694,0.399144,0.086492,0.121367,Bellevue_150th_SE38th
10165,0.47653,0.103283,0.087828,0.381573,0.114353,0.113594,Bellevue_150th_SE38th
10166,0.454539,0.099221,0.085236,0.37801,0.093318,0.101983,Bellevue_150th_SE38th
10167,0.44714,0.101534,0.084793,0.39186,0.139811,0.057725,Bellevue_150th_SE38th
10168,0.392806,0.100386,0.07605,0.396448,0.131747,0.048983,Bellevue_150th_SE38th
10169,0.386005,0.09842,0.074478,0.309107,0.098561,0.043158,Bellevue_150th_SE38th
10170,0.456055,0.099257,0.085387,0.323069,0.120418,0.059809,Bellevue_150th_SE38th
10171,0.41554,0.104387,0.080832,0.3985,0.183702,0.028178,Bellevue_150th_SE38th
10172,0.427437,0.104446,0.082863,0.398476,0.127161,0.057157,Bellevue_150th_SE38th
10173,0.394262,0.106291,0.077563,0.508992,0.271297,0.016156,Bellevue_150th_SE38th
10174,0.392861,0.099585,0.076278,0.361574,0.104736,0.016204,Bellevue_150th_SE38th
10175,0.431172,0.104811,0.082939,0.438074,0.084547,0.02977,Bellevue_150th_SE38th
10176,0.406239,0.103586,0.079089,0.411956,0.078565,0.063499,Bellevue_150th_SE38th
10177,0.409387,0.103738,0.07976,0.35977,0.04417,0.080339,Bellevue_150th_SE38th
10178,0.487857,0.085639,0.084059,0.371324,0.071692,0.074318,Bellevue_150th_SE38th
10179,0.416692,0.105714,0.081356,0.378886,0.130404,0.083662,Bellevue_150th_SE38th
10180,0.441824,0.106905,0.08488,0.313891,0.111645,0.051022,Bellevue_150th_SE38th
10181,0.503931,0.094156,0.086365,0.463135,0.119791,0.049103,Bellevue_150th_SE38th
10182,0.449131,0.102981,0.08515,0.41983,0.076116,0.070544,Bellevue_150th_SE38th
10183,0.403501,0.101482,0.078615,0.452938,0.05219,0.026402,Bellevue_150th_SE38th
10184,0.380057,0.097847,0.073396,0.415878,0.078591,0.05283,Bellevue_150th_SE38th
10185,0.415187,0.105992,0.081094,0.313935,0.064361,0.102647,Bellevue_150th_SE38th
10186,0.39636,0.102563,0.07772,0.439986,0.084308,0.126699,Bellevue_150th_SE38th
10187,0.418067,0.103683,0.081078,0.38613,0.100423,0.089155,Bellevue_150th_SE38th
10188,0.430246,0.104736,0.083008,0.364243,0.105014,0.070996,Bellevue_150th_SE38th
10189,0.456602,0.099082,0.085447,0.459599,0.094696,0.151079,Bellevue_150th_SE38th
10190,0.399797,0.097466,0.077306,0.539421,0.122391,0.085851,Bellevue_150th_SE38th
10191,0.395151,0.099174,0.076347,0.547563,0.19049,0.039179,Bellevue_150th_SE38th
10192,0.426195,0.089437,0.08078,0.452099,0.082267,0.046553,Bellevue_150th_SE38th
10193,0.406224,0.098888,0.079052,0.263248,0.085239,0.038736,Bellevue_150th_SE38th
10194,0.445476,0.113628,0.086012,0.1538,0.047587,0.02385,Bellevue_150th_SE38th
10195,0.471132,0.099539,0.086865,0.258121,0.05127,0.062862,Bellevue_150th_SE38th
10196,0.486444,0.09135,0.086559,0.392792,0.112873,0.049478,Bellevue_150th_SE38th
10197,0.402757,0.100034,0.078373,0.43639,0.109236,0.130137,Bellevue_150th_SE38th
10198,0.432668,0.096883,0.08268,0.502192,0.199329,0.129167,Bellevue_150th_SE38th
10199,0.411905,0.099361,0.079878,0.492506,0.107161,0.14671,Bellevue_150th_SE38th
10200,0.394906,0.096378,0.076758,0.437859,0.05327,0.159948,Bellevue_150th_SE38th
10201,0.426408,0.098043,0.08215,0.394671,0.071178,0.139893,Bellevue_150th_SE38th
10202,0.44397,0.105054,0.084871,0.375336,0.096859,0.056211,Bellevue_150th_SE38th
10203,0.493764,0.103428,0.089526,0.711722,0.149005,0.122818,Bellevue_150th_SE38th
10204,0.38086,0.090045,0.072429,0.716562,0.103476,0.127416,Bellevue_150th_SE38th
10205,0.391194,0.096986,0.075447,0.654208,0.062926,0.106905,Bellevue_150th_SE38th
10206,0.421481,0.092333,0.080684,0.57143,0.031008,0.128742,Bellevue_150th_SE38th
10207,0.37028,0.093906,0.071564,0.362311,0.025759,0.120313,Bellevue_150th_SE38th
10208,0.412017,0.102338,0.080378,0.30692,0.044229,0.095731,Bellevue_150th_SE38th
10209,0.413667,0.103834,0.080751,0.347679,0.070658,0.0295,Bellevue_150th_SE38th
10210,0.493731,0.09618,0.087861,0.375546,0.059936,0.020559,Bellevue_150th_SE38th
10211,0.420849,0.099263,0.081104,0.445743,0.080673,0.077494,Bellevue_150th_SE38th
10212,0.38807,0.092463,0.074246,0.434392,0.072458,0.067931,Bellevue_150th_SE38th
10213,0.4231,0.095927,0.081367,0.349131,0.071765,0.050829,Bellevue_150th_SE38th
10214,0.419507,0.105854,0.081865,0.337592,0.073521,0.042744,Bellevue_150th_SE38th
10215,0.466643,0.101148,0.086623,0.274519,0.054417,0.028651,Bellevue_150th_SE38th
10216,0.487645,0.115274,0.090289,0.316919,0.080245,0.022329,Bellevue_150th_SE38th
10217,0.502989,0.0859,0.083967,0.440845,0.104968,0.035823,Bellevue_150th_SE38th
10218,0.442674,0.102841,0.084504,0.452795,0.100503,0.037811,Bellevue_150th_SE38th
10219,0.400403,0.105541,0.078234,0.38959,0.203687,0.01677,Bellevue_150th_SE38th
10220,0.402667,0.103695,0.078692,0.308079,0.09615,0.02984,Bellevue_150th_SE38th
10221,0.39858,0.097807,0.0774,0.33665,0.076659,0.062823,Bellevue_150th_SE38th
10222,0.441168,0.101077,0.084146,0.355759,0.108196,0.024428,Bellevue_150th_SE38th
10223,0.442088,0.10115,0.084239,0.296024,0.125795,0.032603,Bellevue_150th_SE38th
10224,0.456564,0.093135,0.084739,0.47888,0.215406,0.046578,Bellevue_150th_SE38th
10225,0.383852,0.096689,0.073958,0.509026,0.237047,0.080612,Bellevue_150th_SE38th
10226,0.387544,0.090822,0.07414,0.36183,0.119715,0.071504,Bellevue_150th_SE38th
10227,0.443859,0.101607,0.084477,0.288819,0.085136,0.058609,Bellevue_150th_SE38th
10228,0.444216,0.104042,0.084794,0.313873,0.159425,0.052796,Bellevue_150th_SE38th
10229,0.407838,0.094881,0.078854,0.384442,0.125146,0.079972,Bellevue_150th_SE38th
10230,0.473313,0.094924,0.086457,0.413499,0.175274,0.041376,Bellevue_150th_SE38th
10231,0.418679,0.088536,0.079617,0.384498,0.173986,0.030794,Bellevue_150th_SE38th
10232,0.422336,0.093586,0.080878,0.49616,0.225591,0.078916,Bellevue_150th_SE38th
10233,0.394043,0.087792,0.074744,0.365635,0.164529,0.03147,Bellevue_150th_SE38th
10234,0.469077,0.103257,0.08711,0.267137,0.083924,0.040154,Bellevue_150th_SE38th
10235,0.42927,0.096415,0.082181,0.286007,0.086353,0.020728,Bellevue_150th_SE38th
10236,0.425246,0.091764,0.081133,0.384357,0.102025,0.04513,Bellevue_150th_SE38th
10237,0.488818,0.092453,0.086947,0.523754,0.210404,0.017475,Bellevue_150th_SE38th
10238,0.393896,0.087749,0.07471,0.531906,0.19503,0.005128,Bellevue_150th_SE38th
10239,0.386317,0.094124,0.074365,0.559765,0.202346,0.021277,Bellevue_150th_SE38th
10240,0.435733,0.082469,0.080761,0.474339,0.205401,0.00303,Bellevue_150th_SE38th
10241,0.452071,0.082619,0.082283,0.449203,0.200585,0.004857,Bellevue_150th_SE38th
10242,0.390569,0.095705,0.075635,0.32101,0.053109,0.111026,Bellevue_150th_SE38th
10243,0.458675,0.100522,0.085781,0.213359,0.034664,0.111082,Bellevue_150th_SE38th
10244,0.401813,0.081288,0.075137,0.333808,0.092874,0.041552,Bellevue_150th_SE38th
10245,0.489713,0.096848,0.087382,0.278873,0.040625,0.075263,Bellevue_150th_SE38th
10246,0.423583,0.090409,0.080687,0.392988,0.072994,0.030211,Bellevue_150th_SE38th
10247,0.404214,0.084982,0.075968,0.460018,0.089676,0.032523,Bellevue_150th_SE38th
10248,0.405408,0.097642,0.078869,0.37454,0.095356,0.05815,Bellevue_150th_SE38th
10249,0.410098,0.094998,0.079154,0.411776,0.065672,0.038168,Bellevue_150th_SE38th
10250,0.47106,0.102429,0.087211,0.608971,0.084683,0.029881,Bellevue_150th_SE38th
10251,0.416882,0.089765,0.07926,0.616154,0.097944,0.043289,Bellevue_150th_SE38th
10252,0.412357,0.097008,0.079396,0.569685,0.157827,0.006667,Bellevue_150th_SE38th
10253,0.394584,0.085406,0.074432,0.571131,0.16268,0.029086,Bellevue_150th_SE38th
10254,0.415854,0.077098,0.076475,0.45739,0.154546,0.021992,Bellevue_150th_SE38th
10255,0.458553,0.087709,0.083881,0.508577,0.142484,0.031423,Bellevue_150th_SE38th
10256,0.410561,0.092158,0.078931,0.444318,0.143025,0.013477,Bellevue_150th_SE38th
10257,0.474349,0.101172,0.087377,0.380197,0.109503,0.036513,Bellevue_150th_SE38th
10258,0.44633,0.108313,0.085466,0.333216,0.091853,0.035205,Bellevue_150th_SE38th
10259,0.497959,0.088917,0.083712,0.425726,0.084251,0.014391,Bellevue_150th_SE38th
10260,0.442322,0.10433,0.084646,0.492223,0.094991,0.020632,Bellevue_150th_SE38th
10261,0.379844,0.093765,0.073034,0.538201,0.112047,0.043915,Bellevue_150th_SE38th
10262,0.381542,0.096805,0.073656,0.467082,0.098962,0.033248,Bellevue_150th_SE38th
10263,0.409383,0.092533,0.078641,0.501214,0.083712,0.08119,Bellevue_150th_SE38th
10264,0.416745,0.102947,0.081238,0.344721,0.066894,0.047849,Bellevue_150th_SE38th
10265,0.389688,0.089808,0.074892,0.39133,0.095237,0.022268,Bellevue_150th_SE38th
10266,0.515642,0.098366,0.086784,0.446067,0.101079,0.060106,Bellevue_150th_SE38th
10267,0.455698,0.089193,0.08399,0.467352,0.197638,0.052626,Bellevue_150th_SE38th
10268,0.466845,0.095584,0.086017,0.471096,0.20623,0.040617,Bellevue_150th_SE38th
10269,0.419046,0.091029,0.080072,0.369063,0.171475,0.020031,Bellevue_150th_SE38th
10270,0.422518,0.098624,0.081583,0.256252,0.085316,0.039226,Bellevue_150th_SE38th
10271,0.494733,0.107592,0.089449,0.383076,0.10433,0.032211,Bellevue_150th_SE38th
10272,0.479768,0.092542,0.086215,0.519829,0.150626,0.12787,Bellevue_150th_SE38th
10273,0.536852,0.063014,0.071162,0.50275,0.186619,0.076596,Bellevue_150th_SE38th
10274,0.445991,0.083425,0.082013,0.465229,0.169853,0.035535,Bellevue_150th_SE38th
10275,0.458611,0.096501,0.085328,0.478371,0.181739,0.00754,Bellevue_150th_SE38th
10276,0.420798,0.088747,0.07966,0.473703,0.204668,0.028746,Bellevue_150th_SE38th
10277,0.400091,0.096319,0.077569,0.482045,0.260179,0.006683,Bellevue_150th_SE38th
10278,0.383126,0.096929,0.074639,0.322259,0.096936,0.024206,Bellevue_150th_SE38th
10279,0.477393,0.100553,0.087487,0.312677,0.130365,0.026407,Bellevue_150th_SE38th
10280,0.460394,0.1009,0.085988,0.347072,0.111288,0.050397,Bellevue_150th_SE38th
10281,0.504663,0.100461,0.088232,0.417188,0.118762,0.009416,Bellevue_150th_SE38th
10282,0.497965,0.085583,0.083647,0.458547,0.074442,0.021047,Bellevue_150th_SE38th
10283,0.417513,0.093758,0.080274,0.314453,0.093408,0.014671,Bellevue_150th_SE38th
10284,0.403477,0.090488,0.077263,0.315625,0.083451,0.036526,Bellevue_150th_SE38th
10285,0.407834,0.092116,0.078565,0.266171,0.084969,0.02197,Bellevue_150th_SE38th
10286,0.41476,0.097064,0.080158,0.205691,0.045227,0.041395,Bellevue_150th_SE38th
10287,0.396717,0.088885,0.075522,0.325998,0.07796,0.039877,Bellevue_150th_SE38th
10288,0.427126,0.097547,0.082063,0.538982,0.183679,0.048211,Bellevue_150th_SE38th
10289,0.430988,0.097906,0.082484,0.6619,0.33159,0.102056,Bellevue_150th_SE38th
10290,0.406705,0.091054,0.077649,0.608439,0.293075,0.120622,Bellevue_150th_SE38th
10291,0.438765,0.096648,0.083409,0.526527,0.217224,0.08181,Bellevue_150th_SE38th
10292,0.416861,0.096781,0.080624,0.441979,0.053278,0.051732,Bellevue_150th_SE38th
10293,0.448254,0.094592,0.084055,0.442629,0.027794,0.064662,Bellevue_150th_SE38th
10294,0.401038,0.098679,0.078222,0.332247,0.055338,0.075306,Bellevue_150th_SE38th
10295,0.50187,0.090711,0.084627,0.421404,0.089881,0.028753,Bellevue_150th_SE38th
10296,0.465597,0.078946,0.082431,0.410331,0.14971,0.026368,Bellevue_150th_SE38th
10297,0.399821,0.094126,0.076789,0.47576,0.188964,0.060177,Bellevue_150th_SE38th
10298,0.379933,0.087879,0.07225,0.417531,0.05267,0.128356,Bellevue_150th_SE38th
10299,0.455134,0.101168,0.085511,0.383333,0.063381,0.172154,Bellevue_150th_SE38th
10300,0.432292,0.096581,0.082665,0.383354,0.089854,0.078149,Bellevue_150th_SE38th
10301,0.505632,0.081802,0.081106,0.473584,0.172597,0.088041,Bellevue_150th_SE38th
10302,0.48255,0.095119,0.087486,0.632822,0.383048,0.082362,Bellevue_150th_SE38th
10303,0.393245,0.08707,0.074652,0.585993,0.320253,0.123583,Bellevue_150th_SE38th
10304,0.529032,0.075977,0.07837,0.539566,0.246371,0.102472,Bellevue_150th_SE38th
10305,0.407297,0.100387,0.079449,0.354595,0.143644,0.031092,Bellevue_150th_SE38th
10306,0.475052,0.102976,0.087657,0.407375,0.151807,0.034547,Bellevue_150th_SE38th
10307,0.453358,0.104459,0.085713,0.451371,0.168944,0.033833,Bellevue_150th_SE38th
10308,0.509221,0.091507,0.084778,0.521499,0.15789,0.015612,Bellevue_150th_SE38th
10309,0.459973,0.09596,0.085402,0.513193,0.20842,0.043447,Bellevue_150th_SE38th
10310,0.436813,0.086117,0.081582,0.435694,0.159423,0.102404,Bellevue_150th_SE38th
10311,0.418114,0.093061,0.080191,0.45982,0.093531,0.17645,Bellevue_150th_SE38th
10312,0.424784,0.086231,0.080164,0.349167,0.036972,0.178015,Bellevue_150th_SE38th
10313,0.482481,0.092789,0.086097,0.438837,0.102025,0.104566,Bellevue_150th_SE38th
10314,0.484175,0.09082,0.084383,0.29991,0.087557,0.038029,Bellevue_150th_SE38th
10315,0.448836,0.091653,0.083685,0.422295,0.147004,0.038297,Bellevue_150th_SE38th
10316,0.501504,0.083448,0.081354,0.407901,0.087695,0.019787,Bellevue_150th_SE38th
10317,0.492188,0.092313,0.08632,0.475375,0.090646,0.078556,Bellevue_150th_SE38th
10318,0.414815,0.082914,0.077756,0.432487,0.14493,0.049131,Bellevue_150th_SE38th
10319,0.435726,0.08353,0.080843,0.491212,0.19857,0.016845,Bellevue_150th_SE38th
10320,0.455558,0.090936,0.084246,0.44902,0.192968,0.044557,Bellevue_150th_SE38th
10321,0.490902,0.096359,0.085944,0.404422,0.150107,0.035924,Bellevue_150th_SE38th
10322,0.491327,0.101016,0.087452,0.337572,0.080677,0.052798,Bellevue_150th_SE38th
10323,0.538572,0.076849,0.077891,0.528279,0.273682,0.033968,Bellevue_150th_SE38th
10324,0.496792,0.085786,0.083877,0.649477,0.303198,0.120991,Bellevue_150th_SE38th
10325,0.46726,0.08556,0.083499,0.658414,0.27555,0.150544,Bellevue_150th_SE38th
10326,0.569986,0.066862,0.072899,0.592289,0.216897,0.123543,Bellevue_150th_SE38th
10327,0.568803,0.073823,0.075258,0.349687,0.119524,0.033668,Bellevue_150th_SE38th
10328,0.492238,0.086432,0.082751,0.325857,0.079687,0.079404,Bellevue_150th_SE38th
10329,0.485378,0.095611,0.086449,0.395622,0.06839,0.064636,Bellevue_150th_SE38th
10330,0.540957,0.06881,0.073848,0.396406,0.082815,0.086836,Bellevue_150th_SE38th
10331,0.514476,0.069263,0.075133,0.427166,0.032873,0.117541,Bellevue_150th_SE38th
10332,0.447805,0.080697,0.081451,0.409696,0.020122,0.157069,Bellevue_150th_SE38th
10333,0.568822,0.068113,0.072711,0.532277,0.100504,0.145302,Bellevue_150th_SE38th
10334,0.388688,0.083266,0.073218,0.389829,0.068268,0.080559,Bellevue_150th_SE38th
10335,0.475503,0.094316,0.085666,0.374041,0.082216,0.049199,Bellevue_150th_SE38th
10336,0.456555,0.094437,0.084833,0.30439,0.075983,0.04368,Bellevue_150th_SE38th
10337,0.492449,0.090548,0.084275,0.273384,0.088373,0.015431,Bellevue_150th_SE38th
10338,0.478859,0.091132,0.085807,0.449496,0.21902,0.035863,Bellevue_150th_SE38th
10339,0.530686,0.065553,0.072885,0.533555,0.266369,0.02605,Bellevue_150th_SE38th
10340,0.374649,0.070894,0.067651,0.562571,0.260071,0.032178,Bellevue_150th_SE38th
10341,0.47544,0.074896,0.079367,0.480976,0.233276,0.020681,Bellevue_150th_SE38th
10342,0.417029,0.087144,0.079174,0.36631,0.127857,0.031304,Bellevue_150th_SE38th
10343,0.462675,0.089968,0.084281,0.438339,0.224515,0.029655,Bellevue_150th_SE38th
10344,0.431343,0.09121,0.081866,0.541726,0.248928,0.055011,Bellevue_150th_SE38th
10345,0.429685,0.077969,0.079098,0.599471,0.289125,0.078625,Bellevue_150th_SE38th
10346,0.436893,0.08115,0.080437,0.700173,0.336185,0.127961,Bellevue_150th_SE38th
10347,0.473725,0.083437,0.083059,0.658878,0.286557,0.109877,Bellevue_150th_SE38th
10348,0.471226,0.086307,0.083865,0.638165,0.260637,0.096368,Bellevue_150th_SE38th
10349,0.430743,0.087591,0.081035,0.585491,0.183444,0.112834,Bellevue_150th_SE38th
10350,0.402431,0.087789,0.076896,0.38763,0.080308,0.079412,Bellevue_150th_SE38th
10351,0.44394,0.095754,0.083687,0.37603,0.083945,0.091111,Bellevue_150th_SE38th
10352,0.46183,0.085128,0.082233,0.410584,0.072,0.105387,Bellevue_150th_SE38th
10353,0.507223,0.095345,0.085043,0.28,0.0,0.04,Bellevue_150th_SE38th
10354,0.336122,0.062382,0.058369,0.3356,0.027366,0.053116,Bellevue_150th_SE38th
10355,0.57029,0.070268,0.073794,0.565098,0.132376,0.136888,Bellevue_150th_SE38th
10356,0.391281,0.07478,0.071609,0.569377,0.173886,0.099831,Bellevue_150th_SE38th
10357,0.396547,0.062694,0.069487,0.529312,0.149158,0.093805,Bellevue_150th_SE38th
10358,0.429611,0.085522,0.080634,0.441644,0.085622,0.054869,Bellevue_150th_SE38th
10359,0.472208,0.096288,0.08597,0.342956,0.02809,0.029627,Bellevue_150th_SE38th
10360,0.456767,0.091717,0.084448,0.279804,0.06416,0.057028,Bellevue_150th_SE38th
10361,0.478952,0.090674,0.084079,0.363797,0.054893,0.059646,Bellevue_150th_SE38th
10362,0.475139,0.092657,0.085979,0.533827,0.198897,0.032643,Bellevue_150th_SE38th
10363,0.431226,0.081529,0.08005,0.538705,0.212285,0.052121,Bellevue_150th_SE38th
10364,0.415955,0.075268,0.076297,0.593014,0.309817,0.016961,Bellevue_150th_SE38th
10365,0.389063,0.070545,0.070148,0.508272,0.181508,0.053092,Bellevue_150th_SE38th
10366,0.475186,0.094354,0.085836,0.35858,0.083403,0.097488,Bellevue_150th_SE38th
10367,0.449018,0.09816,0.08457,0.431302,0.143605,0.096466,Bellevue_150th_SE38th
10368,0.39299,0.098787,0.077093,0.378446,0.070764,0.035988,Bellevue_150th_SE38th
10369,0.506602,0.085216,0.084214,0.45836,0.098578,0.056552,Bellevue_150th_SE38th
10370,0.577919,0.073035,0.075498,0.41935,0.088173,0.056878,Bellevue_150th_SE38th
10371,0.589116,0.070443,0.074518,0.393271,0.123819,0.024764,Bellevue_150th_SE38th
10372,0.570494,0.071098,0.074837,0.372591,0.127382,0.005342,Bellevue_150th_SE38th
10373,0.576638,0.074777,0.075108,0.333151,0.087106,0.024265,Bellevue_150th_SE38th
10374,0.426289,0.096046,0.081947,0.379064,0.047607,0.047952,Bellevue_150th_SE38th
10375,0.504727,0.09038,0.084224,0.458701,0.052476,0.021839,Bellevue_150th_SE38th
10376,0.582296,0.069439,0.073376,0.530444,0.137319,0.073083,Bellevue_150th_SE38th
10377,0.569309,0.075785,0.075968,0.503874,0.247244,0.040464,Bellevue_150th_SE38th
10378,0.49848,0.09256,0.085455,0.515199,0.264249,0.019151,Bellevue_150th_SE38th
10379,0.569808,0.074994,0.076168,0.535847,0.258144,0.053738,Bellevue_150th_SE38th
10380,0.563882,0.076035,0.077344,0.513674,0.201321,0.12242,Bellevue_150th_SE38th
10381,0.468874,0.102297,0.086977,0.396321,0.070593,0.166283,Bellevue_150th_SE38th
10382,0.488389,0.104733,0.087882,0.439019,0.106457,0.148321,Bellevue_150th_SE38th
10383,0.478429,0.102093,0.087826,0.386257,0.133238,0.107926,Bellevue_150th_SE38th
10384,0.543663,0.113452,0.089294,0.387058,0.19615,0.053857,Bellevue_150th_SE38th
10385,0.512621,0.097153,0.085704,0.337077,0.111301,0.019689,Bellevue_150th_SE38th
10386,0.524373,0.098558,0.086659,0.395163,0.114801,0.005106,Bellevue_150th_SE38th
10387,0.502696,0.091291,0.086043,0.401661,0.122985,0.016235,Bellevue_150th_SE38th
10388,0.511275,0.089768,0.083763,0.456767,0.149677,0.060799,Bellevue_150th_SE38th
10389,0.507849,0.100913,0.086554,0.284928,0.067861,0.035617,Bellevue_150th_SE38th
10390,0.503217,0.084424,0.081766,0.3576,0.030684,0.105279,Bellevue_150th_SE38th
10391,0.577343,0.074415,0.075015,0.47463,0.190503,0.06978,Bellevue_150th_SE38th
10392,0.584158,0.09291,0.082406,0.68396,0.429574,0.049875,Bellevue_150th_SE38th
10393,0.417313,0.095424,0.080529,0.544232,0.228836,0.03269,Bellevue_150th_SE38th
10394,0.476347,0.09331,0.08662,0.520931,0.219857,0.041883,Bellevue_150th_SE38th
10395,0.581883,0.075389,0.076675,0.474495,0.2154,0.043457,Bellevue_150th_SE38th
10396,0.490856,0.103163,0.087633,0.432552,0.223327,0.065583,Bellevue_150th_SE38th
10397,0.495882,0.098885,0.086863,0.600425,0.23466,0.081635,Bellevue_150th_SE38th
10398,0.491378,0.096274,0.085647,0.56604,0.16353,0.111466,Bellevue_150th_SE38th
10399,0.492012,0.09007,0.084298,0.412815,0.086253,0.049839,Bellevue_150th_SE38th
10400,0.500479,0.086156,0.083935,0.435923,0.088121,0.013002,Bellevue_150th_SE38th
10401,0.551695,0.066522,0.072793,0.417057,0.188876,0.029342,Bellevue_150th_SE38th
10402,0.576637,0.076922,0.076454,0.32663,0.123459,0.018976,Bellevue_150th_SE38th
10403,0.490369,0.094978,0.085636,0.403588,0.102657,0.029921,Bellevue_150th_SE38th
10404,0.44752,0.095963,0.084066,0.331694,0.080208,0.029326,Bellevue_150th_SE38th
10405,0.555489,0.084594,0.080725,0.541891,0.263075,0.073665,Bellevue_150th_SE38th
10406,0.517884,0.076017,0.079212,0.681124,0.293505,0.138571,Bellevue_150th_SE38th
10407,0.588031,0.068323,0.073605,0.625892,0.309908,0.099002,Bellevue_150th_SE38th
10408,0.536437,0.079494,0.079864,0.747145,0.501557,0.034579,Bellevue_150th_SE38th
10409,0.46163,0.088433,0.084351,0.464624,0.19753,0.041383,Bellevue_150th_SE38th
10410,0.543284,0.091772,0.08354,0.488453,0.131249,0.059384,Bellevue_150th_SE38th
10411,0.462709,0.093576,0.085304,0.466158,0.131606,0.082737,Bellevue_150th_SE38th
10412,0.578645,0.071937,0.075145,0.501634,0.127576,0.061837,Bellevue_150th_SE38th
10413,0.581534,0.073528,0.075154,0.54325,0.074915,0.026233,Bellevue_150th_SE38th
10414,0.502501,0.09046,0.084284,0.51351,0.061412,0.066792,Bellevue_150th_SE38th
10415,0.511488,0.079486,0.080611,0.491683,0.135415,0.095723,Bellevue_150th_SE38th
10416,0.470317,0.08829,0.08444,0.430303,0.107756,0.068457,Bellevue_150th_SE38th
10417,0.463647,0.095048,0.085442,0.378242,0.12709,0.064812,Bellevue_150th_SE38th
10418,0.476902,0.096658,0.08677,0.384147,0.112857,0.035833,Bellevue_150th_SE38th
10419,0.523659,0.078937,0.079043,0.447557,0.105653,0.045441,Bellevue_150th_SE38th
10420,0.578088,0.071923,0.074836,0.354116,0.088547,0.0318,Bellevue_150th_SE38th
10421,0.49519,0.088205,0.084875,0.394269,0.113248,0.052517,Bellevue_150th_SE38th
10422,0.518065,0.081444,0.081461,0.426569,0.198831,0.011111,Bellevue_150th_SE38th
10423,0.508143,0.08116,0.081538,0.439116,0.060493,0.181572,Bellevue_150th_SE38th
10424,0.490773,0.086846,0.082106,0.401494,0.055408,0.148483,Bellevue_150th_SE38th
10425,0.5723,0.073871,0.074865,0.427536,0.147171,0.062454,Bellevue_150th_SE38th
10426,0.536922,0.079144,0.079367,0.426018,0.175814,0.058467,Bellevue_150th_SE38th
10427,0.503039,0.093567,0.085719,0.432784,0.218889,0.055708,Bellevue_150th_SE38th
10428,0.516603,0.09086,0.084749,0.481382,0.265811,0.040062,Bellevue_150th_SE38th
10429,0.522778,0.079153,0.080049,0.477692,0.213977,0.084179,Bellevue_150th_SE38th
10430,0.568052,0.076693,0.076828,0.450641,0.153194,0.094156,Bellevue_150th_SE38th
10431,0.500304,0.095278,0.085328,0.389148,0.100151,0.024421,Bellevue_150th_SE38th
10432,0.495633,0.084742,0.082942,0.377676,0.120905,0.046259,Bellevue_150th_SE38th
10433,0.556993,0.081844,0.079651,0.404687,0.098316,0.063416,Bellevue_150th_SE38th
10434,0.535624,0.079041,0.079061,0.472419,0.054051,0.075972,Bellevue_150th_SE38th
10435,0.590729,0.071332,0.074395,0.559101,0.084966,0.078929,Bellevue_150th_SE38th
10436,0.549181,0.078614,0.079261,0.735397,0.208872,0.106138,Bellevue_150th_SE38th
10437,0.553637,0.078628,0.078959,0.501075,0.148434,0.130231,Bellevue_150th_SE38th
10438,0.488537,0.094982,0.085529,0.480959,0.155152,0.148772,Bellevue_150th_SE38th
10439,0.427083,0.09151,0.081396,0.351223,0.14066,0.054963,Bellevue_150th_SE38th
10440,0.559549,0.082313,0.07802,0.456526,0.086624,0.035689,Bellevue_150th_SE38th
10441,0.563343,0.072943,0.075971,0.530082,0.11002,0.063902,Bellevue_150th_SE38th
10442,0.570281,0.06922,0.073961,0.488816,0.077585,0.069952,Bellevue_150th_SE38th
10443,0.560251,0.074531,0.076337,0.465485,0.142687,0.092388,Bellevue_150th_SE38th
10444,0.465149,0.110724,0.087575,0.587982,0.148395,0.151635,Bellevue_150th_SE38th
10445,0.450894,0.097953,0.08473,0.51166,0.175827,0.041001,Bellevue_150th_SE38th
10446,0.572248,0.092571,0.08331,0.497985,0.132693,0.015235,Bellevue_150th_SE38th
10447,0.538502,0.079895,0.079124,0.450781,0.130888,0.010104,Bellevue_150th_SE38th
10448,0.562639,0.075941,0.076859,0.607268,0.278548,0.071517,Bellevue_150th_SE38th
10449,0.530034,0.081229,0.080877,0.55641,0.2041,0.065515,Bellevue_150th_SE38th
10450,0.571928,0.075801,0.075791,0.462357,0.177102,0.046626,Bellevue_150th_SE38th
10451,0.502175,0.096823,0.086183,0.527924,0.159404,0.082717,Bellevue_150th_SE38th
10452,0.467932,0.096767,0.086244,0.50607,0.141976,0.049621,Bellevue_150th_SE38th
10453,0.552057,0.081532,0.080273,0.472604,0.104892,0.033327,Bellevue_150th_SE38th
10454,0.58809,0.070727,0.073655,0.469852,0.147019,0.021018,Bellevue_150th_SE38th
10455,0.557758,0.074524,0.076439,0.514531,0.176808,0.018724,Bellevue_150th_SE38th
10456,0.589455,0.073353,0.074991,0.510362,0.175227,0.0568,Bellevue_150th_SE38th
10457,0.438996,0.097213,0.083499,0.39425,0.096698,0.075209,Bellevue_150th_SE38th
10458,0.517838,0.101709,0.087226,0.544077,0.145053,0.114454,Bellevue_150th_SE38th
10459,0.51851,0.101256,0.086569,0.474286,0.184294,0.055852,Bellevue_150th_SE38th
10460,0.565157,0.093021,0.08324,0.583159,0.205819,0.12981,Bellevue_150th_SE38th
10461,0.600613,0.079156,0.076793,0.549522,0.266195,0.077235,Bellevue_150th_SE38th
10462,0.582977,0.075657,0.075968,0.423509,0.177524,0.046971,Bellevue_150th_SE38th
10463,0.529917,0.107672,0.08833,0.45975,0.148951,0.072558,Bellevue_150th_SE38th
10464,0.495463,0.101549,0.088134,0.458068,0.147302,0.048807,Bellevue_150th_SE38th
10465,0.596316,0.081439,0.077147,0.612853,0.139418,0.129949,Bellevue_150th_SE38th
10466,0.582487,0.077707,0.075995,0.551069,0.172894,0.213476,Bellevue_150th_SE38th
10467,0.462012,0.099535,0.085986,0.571142,0.154072,0.137105,Bellevue_150th_SE38th
10468,0.507026,0.093602,0.086845,0.592953,0.158672,0.124276,Bellevue_150th_SE38th
10469,0.588327,0.07023,0.073804,0.425327,0.118583,0.071715,Bellevue_150th_SE38th
10470,0.55493,0.093063,0.084144,0.473019,0.140613,0.080919,Bellevue_150th_SE38th
10471,0.520752,0.097818,0.085911,0.615864,0.169472,0.05735,Bellevue_150th_SE38th
10472,0.598141,0.076265,0.075475,0.536102,0.148444,0.076306,Bellevue_150th_SE38th
10473,0.586006,0.073093,0.074443,0.492331,0.148369,0.088214,Bellevue_150th_SE38th
10474,0.579571,0.077593,0.076486,0.448543,0.11034,0.070449,Bellevue_150th_SE38th
10475,0.592515,0.078159,0.076556,0.55316,0.142908,0.075659,Bellevue_150th_SE38th
10476,0.557078,0.084058,0.080379,0.549984,0.14693,0.110423,Bellevue_150th_SE38th
10477,0.432277,0.081523,0.079924,0.466135,0.121277,0.135663,Bellevue_150th_SE38th
10478,0.570172,0.089322,0.080347,0.491693,0.190273,0.087086,Bellevue_150th_SE38th
10479,0.521462,0.104868,0.088515,0.645538,0.291518,0.059341,Bellevue_150th_SE38th
10480,0.576066,0.084594,0.078437,0.514794,0.183707,0.059707,Bellevue_150th_SE38th
10481,0.581523,0.082258,0.078145,0.587678,0.258871,0.011039,Bellevue_150th_SE38th
10482,0.437861,0.099491,0.083596,0.416163,0.154119,0.036259,Bellevue_150th_SE38th
10483,0.498568,0.10223,0.088136,0.416347,0.136387,0.052583,Bellevue_150th_SE38th
10484,0.505528,0.108379,0.08924,0.513034,0.240797,0.093927,Bellevue_150th_SE38th
10485,0.514486,0.101978,0.088104,0.490647,0.255051,0.077673,Bellevue_150th_SE38th
10486,0.605103,0.079867,0.076241,0.423803,0.119398,0.099125,Bellevue_150th_SE38th
10487,0.586843,0.078656,0.076124,0.401683,0.149495,0.025644,Bellevue_150th_SE38th
10488,0.538879,0.082139,0.080426,0.480231,0.236323,0.027064,Bellevue_150th_SE38th
10489,0.495593,0.094362,0.086206,0.517921,0.122384,0.158419,Bellevue_150th_SE38th
10490,0.580126,0.075677,0.076642,0.470198,0.163613,0.096273,Bellevue_150th_SE38th
10491,0.498364,0.098973,0.087224,0.485136,0.21611,0.078103,Bellevue_150th_SE38th
10492,0.506394,0.10221,0.087658,0.585685,0.322767,0.107725,Bellevue_150th_SE38th
10493,0.516687,0.097763,0.086305,0.474513,0.209177,0.048229,Bellevue_150th_SE38th
10494,0.590852,0.076038,0.075153,0.483697,0.156641,0.047534,Bellevue_150th_SE38th
10495,0.507256,0.091466,0.085312,0.50144,0.161226,0.029004,Bellevue_150th_SE38th
10496,0.580126,0.072433,0.074785,0.59108,0.234958,0.032741,Bellevue_150th_SE38th
10497,0.578437,0.078087,0.07726,0.53721,0.203973,0.013448,Bellevue_150th_SE38th
10498,0.571742,0.075332,0.076801,0.467196,0.152752,0.109315,Bellevue_150th_SE38th
10499,0.520311,0.099649,0.086133,0.399347,0.163291,0.134925,Bellevue_150th_SE38th
10500,0.519901,0.102155,0.08715,0.305024,0.142482,0.036291,Bellevue_150th_SE38th
10501,0.574472,0.070554,0.07415,0.388067,0.120102,0.055942,Bellevue_150th_SE38th
10502,0.603135,0.070584,0.073421,0.40642,0.166638,0.038837,Bellevue_150th_SE38th
10503,0.573573,0.077547,0.077552,0.369302,0.158806,0.01389,Bellevue_150th_SE38th
10504,0.504955,0.089748,0.085337,0.525078,0.273224,0.015108,Bellevue_150th_SE38th
10505,0.558159,0.076323,0.077523,0.514909,0.250471,0.061846,Bellevue_150th_SE38th
10506,0.528767,0.095356,0.086425,0.518443,0.118017,0.172577,Bellevue_150th_SE38th
10507,0.523435,0.095241,0.085132,0.507884,0.12121,0.128949,Bellevue_150th_SE38th
10508,0.532776,0.096915,0.086062,0.433082,0.14671,0.056739,Bellevue_150th_SE38th
10509,0.565487,0.091285,0.082007,0.42743,0.083877,0.035951,Bellevue_150th_SE38th
10510,0.508572,0.09791,0.087022,0.555936,0.152484,0.07122,Bellevue_150th_SE38th
10511,0.58311,0.07982,0.078674,0.623301,0.205258,0.072128,Bellevue_150th_SE38th
10512,0.584192,0.076969,0.077138,0.541356,0.138156,0.083454,Bellevue_150th_SE38th
10513,0.575032,0.084543,0.079224,0.515195,0.144431,0.079023,Bellevue_150th_SE38th
10514,0.490438,0.096218,0.087111,0.495051,0.18429,0.05356,Bellevue_150th_SE38th
10515,0.536287,0.093443,0.084887,0.633081,0.207614,0.037644,Bellevue_150th_SE38th
10516,0.586089,0.06794,0.072355,0.635948,0.20344,0.109453,Bellevue_150th_SE38th
10517,0.570839,0.067334,0.072031,0.463814,0.151822,0.083871,Bellevue_150th_SE38th
10518,0.549652,0.088877,0.083608,0.583057,0.181497,0.07054,Bellevue_150th_SE38th
10519,0.534287,0.087251,0.082712,0.613362,0.12854,0.091951,Bellevue_150th_SE38th
10520,0.59472,0.074254,0.075376,0.726354,0.23888,0.050401,Bellevue_150th_SE38th
10521,0.591616,0.075294,0.075691,0.653133,0.246655,0.070179,Bellevue_150th_SE38th
10522,0.599884,0.072942,0.074954,0.494011,0.206309,0.085669,Bellevue_150th_SE38th
10523,0.579591,0.096459,0.082422,0.520588,0.249495,0.061847,Bellevue_150th_SE38th
10524,0.585227,0.089862,0.081285,0.411472,0.201551,0.06593,Bellevue_150th_SE38th
10525,0.573335,0.103155,0.086707,0.454604,0.151318,0.076098,Bellevue_150th_SE38th
10526,0.587985,0.084328,0.078659,0.492314,0.149667,0.054628,Bellevue_150th_SE38th
10527,0.594353,0.075978,0.076049,0.700955,0.245757,0.061695,Bellevue_150th_SE38th
10528,0.588686,0.071298,0.073679,0.669139,0.201974,0.103215,Bellevue_150th_SE38th
10529,0.606779,0.071456,0.074372,0.545935,0.146151,0.122805,Bellevue_150th_SE38th
10530,0.576163,0.089929,0.080342,0.687167,0.324006,0.072943,Bellevue_150th_SE38th
10531,0.541453,0.095797,0.084829,0.59288,0.299907,0.047493,Bellevue_150th_SE38th
10532,0.58792,0.099539,0.083999,0.405164,0.109659,0.02037,Bellevue_150th_SE38th
10533,0.563479,0.092275,0.084087,0.459685,0.142894,0.023041,Bellevue_150th_SE38th
10534,0.586508,0.076079,0.07625,0.613807,0.233402,0.050574,Bellevue_150th_SE38th
10535,0.599493,0.071186,0.073896,0.600587,0.194504,0.068028,Bellevue_150th_SE38th
10536,0.582657,0.076065,0.075682,0.599931,0.27571,0.020345,Bellevue_150th_SE38th
10537,0.537456,0.09994,0.087635,0.456487,0.152633,0.035913,Bellevue_150th_SE38th
10538,0.5393,0.113926,0.089604,0.410739,0.152288,0.039144,Bellevue_150th_SE38th
10539,0.541235,0.097936,0.085888,0.597792,0.254559,0.088027,Bellevue_150th_SE38th
10540,0.55995,0.093559,0.085004,0.587053,0.197776,0.130319,Bellevue_150th_SE38th
10541,0.52903,0.095603,0.086251,0.649012,0.200243,0.149703,Bellevue_150th_SE38th
10542,0.548938,0.076163,0.077614,0.415441,0.144274,0.03976,Bellevue_150th_SE38th
10543,0.605845,0.092505,0.082737,0.478203,0.202125,0.037185,Bellevue_150th_SE38th
10544,0.545642,0.081874,0.081469,0.592032,0.228706,0.05483,Bellevue_150th_SE38th
10545,0.540778,0.07313,0.07808,0.701877,0.348507,0.030995,Bellevue_150th_SE38th
10546,0.612499,0.071439,0.075172,0.710072,0.273617,0.073366,Bellevue_150th_SE38th
10547,0.500257,0.090106,0.085229,0.624334,0.222069,0.044974,Bellevue_150th_SE38th
10548,0.565299,0.087122,0.082747,0.603166,0.188435,0.012608,Bellevue_150th_SE38th
10549,0.54842,0.079434,0.079156,0.540065,0.183978,0.056219,Bellevue_150th_SE38th
10550,0.62438,0.089507,0.07992,0.474101,0.164139,0.069737,Bellevue_150th_SE38th
10551,0.586258,0.090078,0.083093,0.504223,0.116091,0.078409,Bellevue_150th_SE38th
10552,0.548005,0.084966,0.08307,0.481633,0.095892,0.102919,Bellevue_150th_SE38th
10553,0.580699,0.071928,0.075455,0.609665,0.211936,0.053284,Bellevue_150th_SE38th
10554,0.618614,0.073587,0.07503,0.649937,0.234736,0.065686,Bellevue_150th_SE38th
10555,0.531151,0.100664,0.088751,0.669299,0.31171,0.091952,Bellevue_150th_SE38th
10556,0.551169,0.10097,0.08714,0.610282,0.189498,0.134804,Bellevue_150th_SE38th
10557,0.453301,0.110936,0.086463,0.588235,0.147059,0.147059,Bellevue_150th_SE38th
10558,0.613949,0.087681,0.082287,0.588235,0.147059,0.147059,Bellevue_150th_SE38th
10559,0.613949,0.087681,0.082287,0.500216,0.134719,0.058864,Bellevue_150th_SE38th
10560,0.575414,0.088743,0.083079,0.530194,0.120272,0.070985,Bellevue_150th_SE38th
10561,0.564239,0.084976,0.08224,0.599282,0.146963,0.103333,Bellevue_150th_SE38th
10562,0.56136,0.113126,0.090373,0.796481,0.365288,0.052606,Bellevue_150th_SE38th
10563,0.572991,0.104653,0.086635,0.730018,0.343763,0.083638,Bellevue_150th_SE38th
10564,0.531514,0.117288,0.092747,0.815986,0.364962,0.04208,Bellevue_150th_SE38th
10565,0.61678,0.080149,0.076355,0.804334,0.334988,0.073402,Bellevue_150th_SE38th
10566,0.628204,0.090238,0.079873,0.769962,0.325756,0.081452,Bellevue_150th_SE38th
10567,0.635028,0.092896,0.080913,0.725563,0.234594,0.074454,Bellevue_150th_SE38th
10568,0.643482,0.087455,0.081074,0.650737,0.147697,0.143908,Bellevue_150th_SE38th
10569,0.632198,0.091419,0.080449,0.692403,0.143636,0.099863,Bellevue_150th_SE38th
10570,0.64854,0.086575,0.079869,0.707046,0.262293,0.09905,Bellevue_150th_SE38th
10571,0.630206,0.096567,0.085105,0.701607,0.296503,0.053805,Bellevue_150th_SE38th
10572,0.609761,0.089536,0.080144,0.781799,0.348181,0.094494,Bellevue_150th_SE38th
10573,0.5953,0.091955,0.081727,0.748378,0.311376,0.100999,Bellevue_150th_SE38th
10574,0.625117,0.097025,0.082145,0.742398,0.241159,0.088678,Bellevue_150th_SE38th
10575,0.637557,0.093356,0.081334,0.641026,0.183297,0.072855,Bellevue_150th_SE38th
10576,0.641125,0.096999,0.083693,0.663463,0.158265,0.036657,Bellevue_150th_SE38th
10577,0.654712,0.093899,0.082375,0.646004,0.14974,0.019769,Bellevue_150th_SE38th
10578,0.63625,0.093673,0.081266,0.661504,0.195869,0.035544,Bellevue_150th_SE38th
10579,0.609924,0.084772,0.078687,0.726404,0.181087,0.058938,Bellevue_150th_SE38th
10580,0.600433,0.078977,0.076434,0.664464,0.133628,0.129446,Bellevue_150th_SE38th
10581,0.54987,0.112604,0.091013,0.703527,0.18448,0.127751,Bellevue_150th_SE38th
10582,0.611197,0.093453,0.082652,0.793103,0.275862,0.103448,Bellevue_150th_SE38th
10583,0.564312,0.094901,0.086012,0.734888,0.195517,0.061067,Bellevue_150th_SE38th
