frame_idx,pred_nano,pred_recovery_ns,pred_recovery_sm,true_nano,true_recovery_ns,true_recovery_sm,intersection
0,0.184848,0.004462,0.013553,0.233333,0.0,0.0,Bellevue_116th_NE12th
1,0.188124,0.006781,0.013901,0.166667,0.0,0.0,Bellevue_116th_NE12th
2,0.188921,0.00737,0.014031,0.233333,0.0,0.0,Bellevue_116th_NE12th
3,0.191293,0.009335,0.014289,0.133333,0.0,0.0,Bellevue_116th_NE12th
4,0.194084,0.01153,0.014728,0.033333,0.0,0.0,Bellevue_116th_NE12th
5,0.186991,0.006151,0.013686,0.133333,0.0,0.0,Bellevue_116th_NE12th
6,0.187185,0.006162,0.013764,0.266667,0.0,0.0,Bellevue_116th_NE12th
7,0.187722,0.00647,0.013832,0.2,0.0,0.0,Bellevue_116th_NE12th
8,0.186441,0.005568,0.013714,0.2,0.0,0.0,Bellevue_116th_NE12th
9,0.187645,0.006642,0.013878,0.2,0.0,0.0,Bellevue_116th_NE12th
10,0.18906,0.007499,0.014118,0.1,0.0,0.0,Bellevue_116th_NE12th
11,0.190506,0.008671,0.014314,0.266667,0.0,0.0,Bellevue_116th_NE12th
12,0.187509,0.006896,0.013926,0.233333,0.0,0.0,Bellevue_116th_NE12th
13,0.187634,0.006514,0.013771,0.066667,0.0,0.0,Bellevue_116th_NE12th
14,0.187582,0.006594,0.013894,0.3,0.0,0.0,Bellevue_116th_NE12th
15,0.184721,0.004309,0.013507,0.066667,0.0,0.0,Bellevue_116th_NE12th
16,0.190323,0.00869,0.01418,0.233333,0.0,0.0,Bellevue_116th_NE12th
17,0.187583,0.006496,0.013866,0.066667,0.0,0.0,Bellevue_116th_NE12th
18,0.1924,0.009861,0.014376,0.2,0.0,0.0,Bellevue_116th_NE12th
19,0.195587,0.012687,0.014906,0.133333,0.0,0.0,Bellevue_116th_NE12th
20,0.191674,0.009963,0.014423,0.266667,0.0,0.0,Bellevue_116th_NE12th
21,0.187027,0.006279,0.0138,0.066667,0.0,0.0,Bellevue_116th_NE12th
22,0.188496,0.007072,0.013927,0.166667,0.0,0.0,Bellevue_116th_NE12th
23,0.188763,0.007558,0.013978,0.166667,0.0,0.0,Bellevue_116th_NE12th
24,0.190301,0.008605,0.014211,0.066667,0.0,0.0,Bellevue_116th_NE12th
25,0.191017,0.008968,0.014293,0.333333,0.0,0.0,Bellevue_116th_NE12th
26,0.193339,0.010875,0.014691,0.166667,0.0,0.0,Bellevue_116th_NE12th
27,0.192334,0.010237,0.014555,0.266667,0.0,0.0,Bellevue_116th_NE12th
28,0.499035,0.17085,0.033813,0.333333,0.216667,0.0,Bellevue_116th_NE12th
29,0.47951,0.15073,0.02327,0.383333,0.033333,0.0,Bellevue_116th_NE12th
30,0.200584,0.011536,0.014268,0.0,0.0,0.0,Bellevue_116th_NE12th
31,0.18803,0.00704,0.013865,0.166667,0.0,0.0,Bellevue_116th_NE12th
32,0.191321,0.009486,0.014444,0.133333,0.0,0.0,Bellevue_116th_NE12th
33,0.189182,0.00784,0.014141,0.366667,0.0,0.0,Bellevue_116th_NE12th
34,0.187415,0.006504,0.013926,0.266667,0.0,0.0,Bellevue_116th_NE12th
35,0.190217,0.008644,0.014197,0.266667,0.0,0.0,Bellevue_116th_NE12th
36,0.191116,0.009266,0.014343,0.166667,0.0,0.0,Bellevue_116th_NE12th
37,0.189445,0.007824,0.014006,0.033333,0.0,0.0,Bellevue_116th_NE12th
38,0.187077,0.006163,0.013661,0.1,0.0,0.0,Bellevue_116th_NE12th
39,0.190309,0.008688,0.014156,0.2,0.0,0.0,Bellevue_116th_NE12th
40,0.19287,0.010573,0.014577,0.1,0.0,0.0,Bellevue_116th_NE12th
41,0.188111,0.006638,0.0139,0.2,0.0,0.0,Bellevue_116th_NE12th
42,0.194835,0.011695,0.01473,0.2,0.0,0.0,Bellevue_116th_NE12th
43,0.191039,0.009078,0.014357,0.066667,0.0,0.0,Bellevue_116th_NE12th
44,0.195935,0.01263,0.014879,0.133333,0.0,0.0,Bellevue_116th_NE12th
45,0.192869,0.010944,0.014519,0.266667,0.0,0.0,Bellevue_116th_NE12th
46,0.18858,0.007202,0.01397,0.1,0.0,0.0,Bellevue_116th_NE12th
47,0.192677,0.010357,0.014486,0.533333,0.0,0.033333,Bellevue_116th_NE12th
48,0.46635,0.146272,0.030055,0.643333,0.058333,0.075,Bellevue_116th_NE12th
49,0.344624,0.078262,0.019065,0.516667,0.033333,0.05,Bellevue_116th_NE12th
50,0.300028,0.064988,0.018232,0.4,0.1,0.0,Bellevue_116th_NE12th
51,0.276191,0.054339,0.018604,0.1,0.0,0.0,Bellevue_116th_NE12th
52,0.193055,0.01098,0.014637,0.266667,0.0,0.0,Bellevue_116th_NE12th
53,0.187555,0.006717,0.013745,0.2,0.0,0.0,Bellevue_116th_NE12th
54,0.190904,0.008959,0.014287,0.233333,0.0,0.0,Bellevue_116th_NE12th
55,0.190713,0.008798,0.014168,0.166667,0.0,0.0,Bellevue_116th_NE12th
56,0.190396,0.008751,0.014234,0.033333,0.0,0.0,Bellevue_116th_NE12th
57,0.194711,0.011706,0.014717,0.266667,0.0,0.0,Bellevue_116th_NE12th
58,0.192822,0.010586,0.014545,0.2,0.0,0.0,Bellevue_116th_NE12th
59,0.191188,0.009565,0.014317,0.433333,0.116667,0.0,Bellevue_116th_NE12th
60,0.262685,0.045955,0.01677,0.3,0.016667,0.0,Bellevue_116th_NE12th
61,0.288607,0.056232,0.019772,0.133333,0.0,0.0,Bellevue_116th_NE12th
62,0.189522,0.007828,0.014138,0.066667,0.0,0.0,Bellevue_116th_NE12th
63,0.185708,0.005191,0.013621,0.1,0.0,0.0,Bellevue_116th_NE12th
64,0.185153,0.004622,0.013611,0.133333,0.0,0.0,Bellevue_116th_NE12th
65,0.192703,0.010462,0.014564,0.133333,0.0,0.0,Bellevue_116th_NE12th
66,0.192472,0.010087,0.014478,0.133333,0.0,0.0,Bellevue_116th_NE12th
67,0.190364,0.00917,0.014272,0.2,0.0,0.0,Bellevue_116th_NE12th
68,0.189467,0.007913,0.01417,0.233333,0.0,0.0,Bellevue_116th_NE12th
69,0.191104,0.009012,0.014339,0.166667,0.0,0.0,Bellevue_116th_NE12th
70,0.19322,0.010836,0.014548,0.1,0.0,0.0,Bellevue_116th_NE12th
71,0.194996,0.012054,0.01479,0.133333,0.0,0.0,Bellevue_116th_NE12th
72,0.190994,0.009196,0.01436,0.133333,0.0,0.0,Bellevue_116th_NE12th
73,0.188478,0.007146,0.013939,0.133333,0.0,0.0,Bellevue_116th_NE12th
74,0.189459,0.008152,0.014169,0.266667,0.0,0.0,Bellevue_116th_NE12th
75,0.18596,0.005221,0.013651,0.166667,0.0,0.0,Bellevue_116th_NE12th
76,0.187629,0.006163,0.013866,0.166667,0.0,0.0,Bellevue_116th_NE12th
77,0.187538,0.006461,0.013857,0.166667,0.0,0.0,Bellevue_116th_NE12th
78,0.192017,0.009761,0.014513,0.066667,0.0,0.0,Bellevue_116th_NE12th
79,0.191549,0.009384,0.014427,0.266667,0.033333,0.066667,Bellevue_116th_NE12th
80,0.477541,0.149349,0.029273,0.5,0.05,0.016667,Bellevue_116th_NE12th
81,0.379539,0.105725,0.025522,0.2,-0.016667,0.033333,Bellevue_116th_NE12th
82,0.187528,0.00635,0.013486,0.233333,0.0,0.0,Bellevue_116th_NE12th
83,0.188629,0.007567,0.013994,0.1,0.0,0.0,Bellevue_116th_NE12th
84,0.442026,0.140991,0.030546,0.3,0.0,0.0,Bellevue_116th_NE12th
85,0.257685,0.039247,0.017158,0.166667,0.0,0.0,Bellevue_116th_NE12th
86,0.20461,0.019635,0.016033,0.2,0.0,0.0,Bellevue_116th_NE12th
87,0.183608,0.005561,0.014374,0.166667,0.0,0.0,Bellevue_116th_NE12th
88,0.181921,0.004474,0.014213,0.033333,0.0,0.0,Bellevue_116th_NE12th
89,0.176698,0.000347,0.013619,0.133333,0.0,0.0,Bellevue_116th_NE12th
90,0.181835,0.004327,0.014185,0.233333,0.0,0.0,Bellevue_116th_NE12th
91,0.18027,0.003168,0.014118,0.433333,0.0,0.0,Bellevue_116th_NE12th
92,0.181779,0.00428,0.014244,0.233333,0.0,0.0,Bellevue_116th_NE12th
93,0.19113,0.009109,0.014272,0.166667,0.0,0.0,Bellevue_116th_NE12th
94,0.187047,0.006228,0.013759,0.3,0.0,0.0,Bellevue_116th_NE12th
95,0.189741,0.008187,0.014081,0.2,0.0,0.0,Bellevue_116th_NE12th
96,0.186818,0.006254,0.013766,0.066667,0.0,0.0,Bellevue_116th_NE12th
97,0.18777,0.006375,0.013864,0.166667,0.0,0.0,Bellevue_116th_NE12th
98,0.193114,0.010794,0.014702,0.166667,0.0,0.0,Bellevue_116th_NE12th
99,0.19027,0.008577,0.014207,0.2,0.0,0.0,Bellevue_116th_NE12th
100,0.18967,0.007845,0.014006,0.166667,0.0,0.0,Bellevue_116th_NE12th
101,0.191574,0.009614,0.014366,0.3,0.0,0.0,Bellevue_116th_NE12th
102,0.193078,0.010779,0.01453,0.1,0.0,0.0,Bellevue_116th_NE12th
103,0.186001,0.005648,0.013647,0.133333,0.0,0.0,Bellevue_116th_NE12th
104,0.18617,0.005577,0.013591,0.266667,0.0,0.0,Bellevue_116th_NE12th
105,0.190534,0.009017,0.014325,0.333333,0.0,0.0,Bellevue_116th_NE12th
106,0.189935,0.008491,0.014185,0.433333,0.0,0.0,Bellevue_116th_NE12th
107,0.188035,0.00663,0.013904,0.283333,0.0,0.0,Bellevue_116th_NE12th
108,0.470687,0.159264,0.032375,0.35,0.033333,-0.05,Bellevue_116th_NE12th
109,0.19584,0.012055,0.01488,0.133333,0.0,0.0,Bellevue_116th_NE12th
110,0.189331,0.007479,0.014061,0.066667,0.0,0.0,Bellevue_116th_NE12th
111,0.188524,0.007617,0.014011,0.266667,0.0,0.0,Bellevue_116th_NE12th
112,0.190585,0.008664,0.014244,0.266667,0.0,0.0,Bellevue_116th_NE12th
113,0.187811,0.006775,0.01395,0.233333,0.0,0.033333,Bellevue_116th_NE12th
114,0.418379,0.131862,0.027557,0.433333,0.05,0.0,Bellevue_116th_NE12th
115,0.191363,0.009405,0.014404,0.366667,0.0,0.0,Bellevue_116th_NE12th
116,0.189918,0.008091,0.014135,0.133333,0.0,0.016667,Bellevue_116th_NE12th
117,0.461004,0.154465,0.033965,0.794444,0.283333,0.166667,Bellevue_116th_NE12th
118,0.493218,0.159661,0.02921,0.466667,0.366667,-0.033333,Bellevue_116th_NE12th
119,0.231073,0.027156,0.015917,0.4,0.0,0.0,Bellevue_116th_NE12th
120,0.191186,0.009408,0.014264,0.2,0.0,0.0,Bellevue_116th_NE12th
121,0.19451,0.01098,0.014598,0.133333,0.0,0.0,Bellevue_116th_NE12th
122,0.183048,0.003002,0.013219,0.1,0.0,0.0,Bellevue_116th_NE12th
123,0.18876,0.007315,0.014062,0.166667,0.0,0.0,Bellevue_116th_NE12th
124,0.187844,0.006615,0.013918,0.266667,0.0,0.0,Bellevue_116th_NE12th
125,0.187352,0.006127,0.01378,0.1,0.0,0.0,Bellevue_116th_NE12th
126,0.189956,0.008415,0.014172,0.3,0.0,0.0,Bellevue_116th_NE12th
127,0.189489,0.007943,0.014077,0.133333,0.0,0.0,Bellevue_116th_NE12th
128,0.187796,0.006924,0.013965,0.233333,0.0,0.0,Bellevue_116th_NE12th
129,0.185833,0.005308,0.013652,0.133333,0.0,0.0,Bellevue_116th_NE12th
130,0.189128,0.0077,0.01416,0.2,0.0,0.0,Bellevue_116th_NE12th
131,0.186741,0.005584,0.013732,0.133333,0.0,0.0,Bellevue_116th_NE12th
132,0.185083,0.004084,0.013404,0.166667,0.0,0.0,Bellevue_116th_NE12th
133,0.189485,0.008228,0.014163,0.333333,0.1,-0.05,Bellevue_116th_NE12th
134,0.186762,0.002955,0.012791,0.133333,0.0,0.0,Bellevue_116th_NE12th
135,0.189108,0.007725,0.014091,0.166667,0.0,0.0,Bellevue_116th_NE12th
136,0.187495,0.006499,0.013794,0.1,0.0,0.0,Bellevue_116th_NE12th
137,0.316331,0.080076,0.023159,0.366667,0.0,0.0,Bellevue_116th_NE12th
138,0.197655,0.013627,0.015243,0.233333,0.0,0.0,Bellevue_116th_NE12th
139,0.186275,0.005472,0.013686,0.233333,0.0,0.0,Bellevue_116th_NE12th
140,0.188288,0.007007,0.014035,0.2,0.0,0.0,Bellevue_116th_NE12th
141,0.191703,0.00975,0.014546,0.2,0.0,0.0,Bellevue_116th_NE12th
142,0.193278,0.010941,0.014679,0.2,0.0,0.0,Bellevue_116th_NE12th
143,0.483833,0.167324,0.034709,0.577778,0.233333,0.005556,Bellevue_116th_NE12th
144,0.312991,0.069769,0.01982,0.233333,0.0,0.0,Bellevue_116th_NE12th
145,0.192435,0.009883,0.01455,0.266667,0.0,0.0,Bellevue_116th_NE12th
146,0.188164,0.006847,0.013991,0.2,0.0,0.0,Bellevue_116th_NE12th
147,0.186754,0.005676,0.013771,0.233333,0.0,0.0,Bellevue_116th_NE12th
148,0.260791,0.051933,0.020293,0.166667,0.0,0.0,Bellevue_116th_NE12th
149,0.18819,0.006681,0.013903,0.166667,0.0,0.0,Bellevue_116th_NE12th
150,0.187675,0.006466,0.013702,0.233333,0.0,0.0,Bellevue_116th_NE12th
151,0.19163,0.009936,0.014427,0.333333,0.0,0.0,Bellevue_116th_NE12th
152,0.378396,0.10338,0.027305,0.616667,0.05,0.183333,Bellevue_116th_NE12th
153,0.462751,0.144747,0.02576,0.805556,0.341667,0.211111,Bellevue_116th_NE12th
154,0.509811,0.170341,0.027145,0.3,0.033333,0.0,Bellevue_116th_NE12th
155,0.499913,0.167217,0.031944,0.811111,0.044444,0.041667,Bellevue_116th_NE12th
156,0.468024,0.150766,0.028435,0.472222,0.116667,-0.033333,Bellevue_116th_NE12th
157,0.211823,0.019169,0.015646,0.233333,0.0,0.0,Bellevue_116th_NE12th
158,0.194537,0.011535,0.014794,0.333333,0.0,0.0,Bellevue_116th_NE12th
159,0.194413,0.011561,0.014749,0.266667,0.0,0.0,Bellevue_116th_NE12th
160,0.197759,0.012891,0.015191,0.233333,0.0,0.0,Bellevue_116th_NE12th
161,0.187792,0.006626,0.0139,0.066667,0.0,0.0,Bellevue_116th_NE12th
162,0.1906,0.008957,0.014335,0.366667,0.0,0.0,Bellevue_116th_NE12th
163,0.195754,0.012791,0.015114,0.2,0.0,0.0,Bellevue_116th_NE12th
164,0.191506,0.009765,0.014523,0.2,0.0,0.0,Bellevue_116th_NE12th
165,0.189228,0.007643,0.014297,0.133333,0.0,0.0,Bellevue_116th_NE12th
166,0.190078,0.008599,0.01437,0.2,0.0,0.0,Bellevue_116th_NE12th
167,0.19009,0.008268,0.014238,0.2,0.0,0.0,Bellevue_116th_NE12th
168,0.192192,0.010361,0.014608,0.2,0.0,0.0,Bellevue_116th_NE12th
169,0.194286,0.011833,0.014837,0.166667,0.0,0.0,Bellevue_116th_NE12th
170,0.238996,0.04109,0.01889,0.383333,0.094444,0.033333,Bellevue_116th_NE12th
171,0.40058,0.113268,0.024892,0.4,0.033333,0.033333,Bellevue_116th_NE12th
172,0.207696,0.017182,0.016024,0.166667,0.0,0.0,Bellevue_116th_NE12th
173,0.186636,0.005692,0.013797,0.233333,0.0,0.0,Bellevue_116th_NE12th
174,0.187319,0.006149,0.013865,0.1,0.0,0.0,Bellevue_116th_NE12th
175,0.312241,0.074564,0.022712,0.3,0.066667,0.0,Bellevue_116th_NE12th
176,0.258151,0.041128,0.015722,0.1,0.0,0.0,Bellevue_116th_NE12th
177,0.186288,0.005427,0.013846,0.3,0.0,0.0,Bellevue_116th_NE12th
178,0.186123,0.005466,0.013633,0.3,0.033333,0.0,Bellevue_116th_NE12th
179,0.543293,0.192251,0.035056,0.386111,0.061111,0.066667,Bellevue_116th_NE12th
180,0.506368,0.161934,0.025763,0.4,0.0,0.0,Bellevue_116th_NE12th
181,0.208788,0.019654,0.015732,0.583333,0.216667,0.011111,Bellevue_116th_NE12th
182,0.352309,0.092539,0.02159,0.266667,0.033333,0.066667,Bellevue_116th_NE12th
183,0.195663,0.012468,0.015097,0.3,0.0,0.0,Bellevue_116th_NE12th
184,0.189644,0.007927,0.014048,0.2,0.0,0.0,Bellevue_116th_NE12th
185,0.186075,0.005548,0.013664,0.166667,0.0,0.0,Bellevue_116th_NE12th
186,0.185799,0.005077,0.0136,0.233333,0.0,0.0,Bellevue_116th_NE12th
187,0.187113,0.005909,0.013862,0.233333,0.0,0.0,Bellevue_116th_NE12th
188,0.184061,0.003921,0.013343,0.133333,0.0,0.0,Bellevue_116th_NE12th
189,0.186416,0.005411,0.013851,0.233333,0.0,0.0,Bellevue_116th_NE12th
190,0.186228,0.00514,0.013807,0.166667,0.0,0.0,Bellevue_116th_NE12th
191,0.291039,0.062715,0.019939,0.3,0.033333,0.033333,Bellevue_116th_NE12th
192,0.225994,0.01766,0.013879,0.1,0.0,0.0,Bellevue_116th_NE12th
193,0.443574,0.142863,0.031703,0.633333,0.116667,-0.016667,Bellevue_116th_NE12th
194,0.509147,0.164705,0.024985,0.55,0.15,-0.116667,Bellevue_116th_NE12th
195,0.472366,0.152059,0.030082,0.266667,0.0,0.0,Bellevue_116th_NE12th
196,0.182569,0.002645,0.012953,0.033333,0.0,0.0,Bellevue_116th_NE12th
197,0.187817,0.006665,0.013971,0.1,0.0,0.0,Bellevue_116th_NE12th
198,0.184733,0.004079,0.013551,0.2,0.0,0.0,Bellevue_116th_NE12th
199,0.185828,0.004818,0.013699,0.133333,0.0,0.0,Bellevue_116th_NE12th
200,0.189024,0.007564,0.014,0.2,0.0,0.0,Bellevue_116th_NE12th
201,0.18846,0.007063,0.014077,0.166667,0.0,0.0,Bellevue_116th_NE12th
202,0.189752,0.007893,0.014109,0.133333,0.0,0.0,Bellevue_116th_NE12th
203,0.191004,0.00904,0.014423,0.333333,0.0,0.0,Bellevue_116th_NE12th
204,0.190986,0.009136,0.014364,0.4,0.0,0.0,Bellevue_116th_NE12th
205,0.191382,0.009465,0.014487,0.1,0.0,0.0,Bellevue_116th_NE12th
206,0.186525,0.005593,0.013743,0.4,0.166667,-0.016667,Bellevue_116th_NE12th
207,0.264406,0.054482,0.020452,0.2,0.133333,0.0,Bellevue_116th_NE12th
208,0.467968,0.153221,0.03163,0.358333,0.1,0.033333,Bellevue_116th_NE12th
209,0.195816,0.010087,0.014085,0.166667,0.0,0.0,Bellevue_116th_NE12th
210,0.18703,0.005956,0.013834,0.2,0.0,0.0,Bellevue_116th_NE12th
211,0.190425,0.008387,0.014204,0.233333,0.0,0.0,Bellevue_116th_NE12th
212,0.188853,0.007406,0.014107,0.233333,0.0,0.0,Bellevue_116th_NE12th
213,0.189337,0.007975,0.014168,0.266667,0.0,0.0,Bellevue_116th_NE12th
214,0.217144,0.025007,0.016956,0.366667,0.083333,-0.016667,Bellevue_116th_NE12th
215,0.254253,0.03461,0.01669,0.3,0.0,0.0,Bellevue_116th_NE12th
216,0.184121,0.00406,0.013514,0.3,0.0,0.0,Bellevue_116th_NE12th
217,0.187706,0.006616,0.01407,0.266667,0.0,0.0,Bellevue_116th_NE12th
218,0.186843,0.005611,0.013922,0.2,0.0,0.0,Bellevue_116th_NE12th
219,0.190635,0.008852,0.014287,0.033333,0.0,0.0,Bellevue_116th_NE12th
220,0.191429,0.009327,0.0145,0.2,0.0,0.0,Bellevue_116th_NE12th
221,0.190797,0.008818,0.014415,0.166667,0.0,0.0,Bellevue_116th_NE12th
222,0.191926,0.009395,0.014564,0.266667,0.0,0.0,Bellevue_116th_NE12th
223,0.359347,0.100845,0.02596,0.476667,0.1,0.026667,Bellevue_116th_NE12th
224,0.264379,0.055774,0.020003,0.466667,0.011111,-0.033333,Bellevue_116th_NE12th
225,0.265268,0.048,0.017916,0.338889,0.016667,0.05,Bellevue_116th_NE12th
226,0.386986,0.110305,0.023806,0.366667,0.066667,0.066667,Bellevue_116th_NE12th
227,0.193158,0.010661,0.014555,0.266667,0.0,0.0,Bellevue_116th_NE12th
228,0.245901,0.042115,0.018879,0.166667,0.0,0.0,Bellevue_116th_NE12th
229,0.185368,0.005023,0.013591,0.1,0.0,0.0,Bellevue_116th_NE12th
230,0.186833,0.005908,0.01382,0.166667,0.0,0.0,Bellevue_116th_NE12th
231,0.188789,0.007509,0.014031,0.066667,0.0,0.0,Bellevue_116th_NE12th
232,0.190231,0.008221,0.014172,0.266667,0.0,0.0,Bellevue_116th_NE12th
233,0.192283,0.010063,0.014463,0.166667,0.0,0.0,Bellevue_116th_NE12th
234,0.192028,0.010112,0.014476,0.2,0.0,0.0,Bellevue_116th_NE12th
235,0.187938,0.006911,0.013916,0.133333,0.0,0.0,Bellevue_116th_NE12th
236,0.188765,0.00753,0.014094,0.1,0.0,0.0,Bellevue_116th_NE12th
237,0.188049,0.006424,0.013603,0.166667,0.0,0.0,Bellevue_116th_NE12th
238,0.191846,0.009767,0.014509,0.033333,0.0,0.0,Bellevue_116th_NE12th
239,0.188055,0.00693,0.013999,0.166667,0.0,0.0,Bellevue_116th_NE12th
240,0.188846,0.007352,0.013997,0.166667,0.0,0.0,Bellevue_116th_NE12th
241,0.189811,0.00807,0.014048,0.733333,0.0,0.2,Bellevue_116th_NE12th
242,0.496697,0.160513,0.030928,0.433333,0.208333,-0.283333,Bellevue_116th_NE12th
243,0.49119,0.161267,0.031414,0.4,0.1,0.0,Bellevue_116th_NE12th
244,0.222305,0.019946,0.016223,0.3,0.0,0.0,Bellevue_116th_NE12th
245,0.186135,0.005011,0.01365,0.2,0.0,0.0,Bellevue_116th_NE12th
246,0.188839,0.007169,0.013969,0.266667,0.0,0.0,Bellevue_116th_NE12th
247,0.18869,0.007143,0.013995,0.6,0.316667,0.094444,Bellevue_116th_NE12th
248,0.512466,0.177883,0.034945,0.708333,0.316667,0.094444,Bellevue_116th_NE12th
249,0.397108,0.112188,0.021148,0.2,0.0,0.0,Bellevue_116th_NE12th
250,0.190159,0.008787,0.01427,0.033333,0.0,0.0,Bellevue_116th_NE12th
251,0.186174,0.005368,0.013728,0.133333,0.0,0.0,Bellevue_116th_NE12th
252,0.189225,0.007452,0.014093,0.166667,0.0,0.0,Bellevue_116th_NE12th
253,0.19003,0.008518,0.014396,0.1,0.0,0.0,Bellevue_116th_NE12th
254,0.192564,0.010183,0.014572,0.3,0.0,0.0,Bellevue_116th_NE12th
255,0.190268,0.008074,0.014317,0.166667,0.0,0.0,Bellevue_116th_NE12th
256,0.187304,0.006289,0.013989,0.033333,0.0,0.0,Bellevue_116th_NE12th
257,0.194608,0.011867,0.015027,0.0,0.0,0.0,Bellevue_116th_NE12th
258,0.190202,0.008649,0.014316,0.133333,0.0,0.0,Bellevue_116th_NE12th
259,0.188942,0.007742,0.014192,0.066667,0.0,0.0,Bellevue_116th_NE12th
260,0.186081,0.005109,0.013628,0.333333,0.0,0.0,Bellevue_116th_NE12th
261,0.203924,0.01797,0.016127,0.233333,0.0,0.0,Bellevue_116th_NE12th
262,0.283333,0.061636,0.02126,0.3,0.0,0.0,Bellevue_116th_NE12th
263,0.272216,0.058859,0.020965,0.372222,0.0,0.0,Bellevue_116th_NE12th
264,0.47367,0.145379,0.02976,0.605556,0.2,0.033333,Bellevue_116th_NE12th
265,0.473389,0.139931,0.0254,0.725,0.352778,-0.022222,Bellevue_116th_NE12th
266,0.269199,0.048587,0.017078,0.166667,0.0,0.0,Bellevue_116th_NE12th
267,0.195877,0.012739,0.015117,0.133333,0.0,0.0,Bellevue_116th_NE12th
268,0.191884,0.00998,0.014653,0.2,0.0,0.0,Bellevue_116th_NE12th
269,0.186941,0.005787,0.013836,0.2,0.0,0.0,Bellevue_116th_NE12th
270,0.186529,0.005391,0.0138,0.266667,0.016667,0.05,Bellevue_116th_NE12th
271,0.219414,0.016189,0.015128,0.1,0.0,0.0,Bellevue_116th_NE12th
272,0.190293,0.008524,0.014352,0.166667,0.0,0.0,Bellevue_116th_NE12th
273,0.186152,0.005184,0.013713,0.133333,0.0,0.0,Bellevue_116th_NE12th
274,0.186411,0.005557,0.013875,0.133333,0.0,0.0,Bellevue_116th_NE12th
275,0.205295,0.015438,0.015768,0.344444,0.116667,-0.033333,Bellevue_116th_NE12th
276,0.335869,0.084967,0.019726,0.45,0.116667,0.033333,Bellevue_116th_NE12th
277,0.289592,0.058424,0.018735,0.3,0.0,0.0,Bellevue_116th_NE12th
278,0.18799,0.007049,0.014099,0.366667,0.116667,0.0,Bellevue_116th_NE12th
279,0.254989,0.042307,0.016614,0.066667,0.0,0.0,Bellevue_116th_NE12th
280,0.193601,0.010708,0.014926,0.3,0.0,0.033333,Bellevue_116th_NE12th
281,0.178716,-0.004043,0.011417,0.266667,0.0,0.0,Bellevue_116th_NE12th
282,0.186032,0.005054,0.013856,0.2,0.0,0.0,Bellevue_116th_NE12th
283,0.188427,0.006648,0.014005,0.166667,0.0,0.0,Bellevue_116th_NE12th
284,0.187854,0.006546,0.014181,0.266667,0.0,0.0,Bellevue_116th_NE12th
285,0.189636,0.008199,0.014374,0.1,0.0,0.0,Bellevue_116th_NE12th
286,0.183888,0.003997,0.01337,0.266667,0.0,0.0,Bellevue_116th_NE12th
287,0.278512,0.058547,0.020513,0.283333,0.0,0.033333,Bellevue_116th_NE12th
288,0.401337,0.119344,0.025533,0.233333,0.0,0.0,Bellevue_116th_NE12th
289,0.190819,0.008804,0.014536,0.2,0.0,0.0,Bellevue_116th_NE12th
290,0.194271,0.0116,0.014918,0.3,0.0,0.0,Bellevue_116th_NE12th
291,0.185025,0.004229,0.013615,0.266667,0.0,0.0,Bellevue_116th_NE12th
292,0.187033,0.005869,0.013836,0.166667,0.0,0.0,Bellevue_116th_NE12th
293,0.180086,0.00024,0.012719,0.166667,0.0,0.0,Bellevue_116th_NE12th
294,0.185228,0.004357,0.013482,0.522222,0.111111,0.05,Bellevue_116th_NE12th
295,0.483837,0.141666,0.036431,0.5,0.05,0.133333,Bellevue_116th_NE12th
296,0.316416,0.067069,0.020565,0.166667,0.0,0.0,Bellevue_116th_NE12th
297,0.187495,0.005878,0.014009,0.066667,0.0,0.0,Bellevue_116th_NE12th
298,0.183443,0.002973,0.013427,0.166667,0.0,0.0,Bellevue_116th_NE12th
299,0.18369,0.003429,0.01341,0.166667,0.0,0.0,Bellevue_116th_NE12th
300,0.184858,0.004202,0.013649,0.2,0.0,0.0,Bellevue_116th_NE12th
301,0.186332,0.005252,0.013683,0.133333,0.0,0.0,Bellevue_116th_NE12th
302,0.188975,0.007473,0.014089,0.266667,0.0,0.0,Bellevue_116th_NE12th
303,0.190479,0.008693,0.014254,0.066667,0.0,0.0,Bellevue_116th_NE12th
304,0.188179,0.006945,0.013963,0.266667,0.0,0.0,Bellevue_116th_NE12th
305,0.190854,0.009063,0.014373,0.133333,0.0,0.0,Bellevue_116th_NE12th
306,0.194895,0.011834,0.014888,0.658333,0.072222,0.152778,Bellevue_116th_NE12th
307,0.567713,0.205551,0.035483,0.687222,0.462222,-0.016111,Bellevue_116th_NE12th
308,0.371486,0.076572,0.013136,0.2,0.0,0.0,Bellevue_116th_NE12th
309,0.197066,0.013381,0.014888,0.411111,0.088889,0.022222,Bellevue_116th_NE12th
310,0.527762,0.175725,0.030919,0.461667,0.152778,0.055556,Bellevue_116th_NE12th
311,0.407519,0.12199,0.022485,0.466667,0.1,0.033333,Bellevue_116th_NE12th
312,0.38686,0.116061,0.028047,0.402778,0.166667,0.033333,Bellevue_116th_NE12th
313,0.358525,0.104951,0.025772,0.272222,0.0,0.0,Bellevue_116th_NE12th
314,0.201475,0.015511,0.015046,0.25,0.066667,0.066667,Bellevue_116th_NE12th
315,0.528069,0.185344,0.032536,0.533333,0.361111,0.022222,Bellevue_116th_NE12th
316,0.538529,0.190826,0.032301,0.305556,0.011111,-0.033333,Bellevue_116th_NE12th
317,0.202704,0.015186,0.014386,0.133333,0.0,0.0,Bellevue_116th_NE12th
318,0.194678,0.011683,0.014789,0.45,-0.033333,0.2,Bellevue_116th_NE12th
319,0.367879,0.098993,0.02244,0.3,0.033333,0.033333,Bellevue_116th_NE12th
320,0.198284,0.013034,0.014719,0.166667,0.0,0.0,Bellevue_116th_NE12th
321,0.19019,0.008187,0.014163,0.3,0.0,0.0,Bellevue_116th_NE12th
322,0.241086,0.038164,0.017837,0.2,0.0,0.0,Bellevue_116th_NE12th
323,0.190102,0.008486,0.014093,0.166667,0.0,0.0,Bellevue_116th_NE12th
324,0.184778,0.004272,0.013583,0.166667,0.0,0.0,Bellevue_116th_NE12th
325,0.187837,0.006664,0.014018,0.033333,0.0,0.0,Bellevue_116th_NE12th
326,0.184913,0.004009,0.013603,0.1,0.0,0.0,Bellevue_116th_NE12th
327,0.18823,0.006772,0.013859,0.505556,0.116667,0.066667,Bellevue_116th_NE12th
328,0.206729,0.008068,0.01399,0.266667,0.0,0.0,Bellevue_116th_NE12th
329,0.22178,0.027307,0.017405,0.233333,0.0,0.0,Bellevue_116th_NE12th
330,0.186814,0.005676,0.013808,0.233333,0.0,0.0,Bellevue_116th_NE12th
331,0.193942,0.011079,0.0148,0.516667,-0.033333,-0.083333,Bellevue_116th_NE12th
332,0.369417,0.096852,0.022287,0.333333,0.066667,0.066667,Bellevue_116th_NE12th
333,0.315117,0.065256,0.020537,0.2,0.0,0.0,Bellevue_116th_NE12th
334,0.326995,0.080259,0.023139,0.266667,0.055556,-0.011111,Bellevue_116th_NE12th
335,0.454541,0.145477,0.027664,0.433333,0.122222,0.0,Bellevue_116th_NE12th
336,0.277816,0.059968,0.02077,0.233333,0.0,0.0,Bellevue_116th_NE12th
337,0.186677,0.005859,0.013835,0.2,0.0,0.0,Bellevue_116th_NE12th
338,0.185414,0.004637,0.013549,0.233333,0.0,0.0,Bellevue_116th_NE12th
339,0.23026,0.034473,0.018544,0.45,0.061111,0.016667,Bellevue_116th_NE12th
340,0.488408,0.159537,0.030318,0.363889,-0.305556,0.058333,Bellevue_116th_NE12th
341,0.270819,0.035823,0.010612,0.544444,-0.033333,0.022222,Bellevue_116th_NE12th
342,0.51289,0.177195,0.031296,0.813889,0.463889,0.108333,Bellevue_116th_NE12th
343,0.444951,0.14309,0.027399,0.5,0.216667,-0.016667,Bellevue_116th_NE12th
344,0.235549,0.036162,0.017617,0.494444,0.083333,-0.05,Bellevue_116th_NE12th
345,0.326318,0.074925,0.019308,0.2,0.0,0.0,Bellevue_116th_NE12th
346,0.187465,0.00639,0.01389,0.266667,0.0,0.0,Bellevue_116th_NE12th
347,0.183221,0.003014,0.013266,0.066667,0.0,0.0,Bellevue_116th_NE12th
348,0.193761,0.009671,0.014559,0.283333,0.083333,0.033333,Bellevue_116th_NE12th
349,0.559686,0.199757,0.036627,0.25,0.066667,-0.066667,Bellevue_116th_NE12th
350,0.50211,0.166748,0.027162,0.3,0.0,0.0,Bellevue_116th_NE12th
351,0.19254,0.009761,0.014235,0.4,0.0,0.0,Bellevue_116th_NE12th
352,0.187356,0.006352,0.013843,0.366667,-0.055556,0.083333,Bellevue_116th_NE12th
353,0.397342,0.111632,0.026294,0.533333,-0.133333,0.3,Bellevue_116th_NE12th
354,0.392259,0.112551,0.024565,0.7,0.0,0.7,Bellevue_116th_NE12th
355,0.182115,0.001066,0.013362,0.416667,0.0,0.0,Bellevue_116th_NE12th
356,0.539613,0.190751,0.036776,0.588889,0.166667,0.088889,Bellevue_116th_NE12th
357,0.361757,0.101327,0.024193,0.15,0.033333,-0.033333,Bellevue_116th_NE12th
358,0.372221,0.103,0.025072,0.683333,0.25,0.066667,Bellevue_116th_NE12th
359,0.363259,0.102243,0.021514,0.25,0.033333,-0.1,Bellevue_116th_NE12th
360,0.490092,0.167881,0.033689,0.555556,0.133333,0.15,Bellevue_116th_NE12th
361,0.27435,0.048996,0.017723,0.2,0.0,0.0,Bellevue_116th_NE12th
362,0.186042,0.004977,0.01369,0.233333,0.0,0.0,Bellevue_116th_NE12th
363,0.197925,0.013813,0.01548,0.483333,0.033333,-0.05,Bellevue_116th_NE12th
364,0.195523,0.008267,0.014351,0.2,0.0,0.0,Bellevue_116th_NE12th
365,0.190963,0.008853,0.014429,0.233333,0.0,0.0,Bellevue_116th_NE12th
366,0.188026,0.006732,0.013913,0.233333,0.0,0.0,Bellevue_116th_NE12th
367,0.188997,0.007672,0.014112,0.233333,0.0,0.0,Bellevue_116th_NE12th
368,0.181569,0.001864,0.013104,0.2,0.0,0.0,Bellevue_116th_NE12th
369,0.185144,0.004371,0.013544,0.166667,0.0,0.0,Bellevue_116th_NE12th
370,0.250171,0.042737,0.019094,0.333333,0.033333,-0.033333,Bellevue_116th_NE12th
371,0.386091,0.114921,0.027594,0.383333,0.016667,0.15,Bellevue_116th_NE12th
372,0.438672,0.130271,0.027206,0.516667,0.016667,0.066667,Bellevue_116th_NE12th
373,0.508775,0.162346,0.03093,0.605556,0.066667,0.0,Bellevue_116th_NE12th
374,0.324013,0.08239,0.021259,0.266667,0.033333,-0.016667,Bellevue_116th_NE12th
375,0.269664,0.049739,0.0169,0.5,0.15,-0.066667,Bellevue_116th_NE12th
376,0.27558,0.052057,0.017573,0.3,0.0,0.0,Bellevue_116th_NE12th
377,0.193755,0.010808,0.014866,0.166667,0.0,0.0,Bellevue_116th_NE12th
378,0.183098,0.002895,0.013381,0.266667,0.0,0.0,Bellevue_116th_NE12th
379,0.185648,0.00481,0.013715,0.066667,0.0,0.0,Bellevue_116th_NE12th
380,0.186821,0.005433,0.013894,0.2,0.0,0.0,Bellevue_116th_NE12th
381,0.189459,0.007674,0.014218,0.3,0.0,0.0,Bellevue_116th_NE12th
382,0.193326,0.010631,0.014823,0.3,0.0,0.0,Bellevue_116th_NE12th
383,0.185922,0.005149,0.013662,0.166667,0.0,0.0,Bellevue_116th_NE12th
384,0.382218,0.116322,0.028427,0.188889,0.1,-0.016667,Bellevue_116th_NE12th
385,0.510042,0.169703,0.027258,0.241667,0.0,0.016667,Bellevue_116th_NE12th
386,0.199898,0.008674,0.014023,0.3,0.0,0.0,Bellevue_116th_NE12th
387,0.212517,0.016681,0.015272,0.533333,-0.066667,0.35,Bellevue_116th_NE12th
388,0.507947,0.167375,0.031306,0.616667,0.061111,0.15,Bellevue_116th_NE12th
389,0.334658,0.080484,0.021401,0.566667,0.0,0.0,Bellevue_116th_NE12th
390,0.198374,0.015428,0.01565,0.166667,0.0,0.0,Bellevue_116th_NE12th
391,0.187263,0.006307,0.013896,0.55,0.233333,-0.033333,Bellevue_116th_NE12th
392,0.496282,0.167287,0.030477,0.358333,0.011111,0.133333,Bellevue_116th_NE12th
393,0.471734,0.154744,0.025426,0.3,-0.033333,0.033333,Bellevue_116th_NE12th
394,0.251127,0.045293,0.019537,0.5,0.044444,-0.011111,Bellevue_116th_NE12th
395,0.257321,0.03548,0.015896,0.366667,0.0,0.0,Bellevue_116th_NE12th
396,0.186831,0.005668,0.013758,0.166667,0.0,0.0,Bellevue_116th_NE12th
397,0.186711,0.005475,0.013783,0.233333,-0.033333,0.0,Bellevue_116th_NE12th
398,0.182515,0.001829,0.012627,0.3,0.0,0.0,Bellevue_116th_NE12th
399,0.186914,0.005684,0.013814,0.4,0.0,0.0,Bellevue_116th_NE12th
400,0.286569,0.063437,0.02133,0.555556,0.183333,0.116667,Bellevue_116th_NE12th
401,0.510451,0.174758,0.026632,0.511667,0.153889,0.006667,Bellevue_116th_NE12th
402,0.497251,0.168795,0.026977,0.521111,0.233333,0.094444,Bellevue_116th_NE12th
403,0.367724,0.09888,0.020521,0.616667,0.233333,-0.033333,Bellevue_116th_NE12th
404,0.203853,0.01762,0.016284,0.833333,0.0,0.0,Bellevue_116th_NE12th
405,0.182771,0.001797,0.013469,0.133333,0.0,0.0,Bellevue_116th_NE12th
406,0.189229,0.007588,0.014145,0.2,0.0,0.0,Bellevue_116th_NE12th
407,0.283503,0.065643,0.021499,0.366667,0.066667,-0.066667,Bellevue_116th_NE12th
408,0.267465,0.042655,0.017825,0.166667,0.0,0.0,Bellevue_116th_NE12th
409,0.182386,0.002101,0.013238,0.438889,0.027778,0.022222,Bellevue_116th_NE12th
410,0.449628,0.143008,0.030066,0.277778,0.0,-0.016667,Bellevue_116th_NE12th
411,0.462684,0.134081,0.034323,0.572222,0.2,0.05,Bellevue_116th_NE12th
412,0.36899,0.094725,0.022133,0.35,0.15,-0.05,Bellevue_116th_NE12th
413,0.181497,0.00055,0.012614,0.4,0.0,0.0,Bellevue_116th_NE12th
414,0.18895,0.007261,0.014236,0.133333,0.0,0.0,Bellevue_116th_NE12th
415,0.426798,0.140896,0.032941,0.333333,0.066667,0.066667,Bellevue_116th_NE12th
416,0.450667,0.144622,0.031186,0.666667,0.233333,0.233333,Bellevue_116th_NE12th
417,0.361049,0.094743,0.022266,0.2,0.0,0.0,Bellevue_116th_NE12th
418,0.287696,0.069373,0.022038,0.85,0.594444,-0.044444,Bellevue_116th_NE12th
419,0.409083,0.117069,0.02598,0.444444,0.2,0.0,Bellevue_116th_NE12th
420,0.19028,0.008412,0.014097,0.62,0.15,0.061111,Bellevue_116th_NE12th
421,0.490304,0.161528,0.030209,0.738889,0.422222,-0.016667,Bellevue_116th_NE12th
422,0.432786,0.13514,0.028625,0.372222,0.016667,0.033333,Bellevue_116th_NE12th
423,0.21115,0.019113,0.016331,0.2,0.0,0.0,Bellevue_116th_NE12th
424,0.187768,0.006479,0.013997,0.5,-0.133333,0.233333,Bellevue_116th_NE12th
425,0.515476,0.172798,0.03395,0.683889,0.069444,0.055556,Bellevue_116th_NE12th
426,0.379325,0.105245,0.022389,0.538889,0.05,0.0,Bellevue_116th_NE12th
427,0.219368,0.018731,0.016459,0.3,0.0,0.0,Bellevue_116th_NE12th
428,0.225264,0.030752,0.018266,0.1,0.0,0.0,Bellevue_116th_NE12th
429,0.215713,0.016795,0.016129,0.4,0.0,0.0,Bellevue_116th_NE12th
430,0.183648,0.002482,0.013343,0.266667,0.0,0.0,Bellevue_116th_NE12th
431,0.207839,0.014544,0.015472,0.833333,0.0,0.5,Bellevue_116th_NE12th
432,0.418565,0.12335,0.028215,0.711111,0.113889,0.211111,Bellevue_116th_NE12th
433,0.396531,0.113324,0.023646,0.133333,0.033333,0.0,Bellevue_116th_NE12th
434,0.387597,0.101216,0.016039,0.488889,0.383333,0.044444,Bellevue_116th_NE12th
435,0.565451,0.204606,0.032472,0.427778,0.183333,0.0,Bellevue_116th_NE12th
436,0.523024,0.184624,0.034327,0.405556,0.188889,0.044444,Bellevue_116th_NE12th
437,0.51076,0.176449,0.031083,0.183333,0.027778,0.0,Bellevue_116th_NE12th
438,0.517858,0.178627,0.032414,0.538889,0.1,0.05,Bellevue_116th_NE12th
439,0.387081,0.112644,0.023516,0.5,0.133333,0.1,Bellevue_116th_NE12th
440,0.248795,0.038476,0.016793,0.4,0.0,0.0,Bellevue_116th_NE12th
441,0.299574,0.072416,0.0216,0.191667,-0.016667,0.033333,Bellevue_116th_NE12th
442,0.42989,0.130731,0.0254,0.672222,0.033333,0.027778,Bellevue_116th_NE12th
443,0.611845,0.168963,0.106416,0.530556,0.123333,0.071667,Bellevue_116th_NE12th
444,0.636588,0.190608,0.112974,0.466667,0.183333,-0.05,Bellevue_116th_NE12th
445,0.559096,0.163534,0.095876,0.35,0.088889,-0.061111,Bellevue_116th_NE12th
446,0.582109,0.170614,0.092045,0.575556,0.175,0.155556,Bellevue_116th_NE12th
447,0.562572,0.160085,0.099053,0.288889,0.1,0.05,Bellevue_116th_NE12th
448,0.462666,0.148362,0.059783,0.266667,0.05,0.033333,Bellevue_116th_NE12th
449,0.499922,0.151393,0.077147,0.497222,-0.255556,0.525,Bellevue_116th_NE12th
450,0.586639,0.170031,0.102011,0.478333,0.109286,0.025238,Bellevue_116th_NE12th
451,0.601023,0.17463,0.098481,0.876984,0.582341,0.116429,Bellevue_116th_NE12th
452,0.536048,0.162336,0.077665,0.52627,0.154444,0.030556,Bellevue_116th_NE12th
453,0.647025,0.18845,0.083067,0.522222,0.055556,0.030556,Bellevue_116th_NE12th
454,0.527929,0.163923,0.040725,0.566667,0.083333,0.216667,Bellevue_116th_NE12th
455,0.517476,0.16481,0.052923,0.291667,0.044444,0.016667,Bellevue_116th_NE12th
456,0.546586,0.160191,0.079106,0.411111,0.15,0.0,Bellevue_116th_NE12th
457,0.490708,0.157365,0.057305,0.541667,0.208889,0.101111,Bellevue_116th_NE12th
458,0.594473,0.179032,0.09908,0.66172,0.248148,0.145767,Bellevue_116th_NE12th
459,0.595041,0.197011,0.049278,0.564405,0.14123,0.079206,Bellevue_116th_NE12th
460,0.542651,0.134846,0.029607,0.633333,0.072222,0.019444,Bellevue_116th_NE12th
461,0.542979,0.173515,0.042864,0.416111,0.136667,-0.024444,Bellevue_116th_NE12th
462,0.555892,0.18151,0.03748,0.437222,0.06,0.059444,Bellevue_116th_NE12th
463,0.508383,0.170191,0.027075,0.555556,0.461111,-0.016667,Bellevue_116th_NE12th
464,0.510918,0.170984,0.024055,0.4,0.033333,0.1,Bellevue_116th_NE12th
465,0.467397,0.156919,0.029867,0.066667,0.033333,0.033333,Bellevue_116th_NE12th
466,0.515583,0.168928,0.049137,0.383333,0.116667,0.0,Bellevue_116th_NE12th
467,0.516504,0.169943,0.051667,0.363889,0.125,0.019444,Bellevue_116th_NE12th
468,0.558264,0.184942,0.057998,0.475,0.263889,0.052778,Bellevue_116th_NE12th
469,0.537125,0.178586,0.034761,0.387778,0.122222,0.033333,Bellevue_116th_NE12th
470,0.512923,0.172015,0.040493,0.488889,0.177778,0.05,Bellevue_116th_NE12th
471,0.457071,0.151025,0.035904,0.190556,0.036667,0.018333,Bellevue_116th_NE12th
472,0.490097,0.165497,0.033857,0.567222,0.297778,0.065,Bellevue_116th_NE12th
473,0.549228,0.173089,0.064616,0.30381,0.109762,0.049206,Bellevue_116th_NE12th
474,0.46636,0.151583,0.021959,0.416667,0.233333,0.0,Bellevue_116th_NE12th
475,0.490718,0.159031,0.040873,0.605556,0.066667,0.116667,Bellevue_116th_NE12th
476,0.448199,0.145605,0.024294,0.283333,0.116667,-0.033333,Bellevue_116th_NE12th
477,0.477519,0.153828,0.031326,0.466667,-0.016667,0.133333,Bellevue_116th_NE12th
478,0.478442,0.151232,0.037846,0.486111,0.155556,-0.008333,Bellevue_116th_NE12th
479,0.495378,0.138064,0.030601,0.586111,0.105556,0.05,Bellevue_116th_NE12th
480,0.456423,0.142881,0.025152,0.533333,0.15,0.05,Bellevue_116th_NE12th
481,0.4519,0.146515,0.02667,0.477381,0.045833,0.067778,Bellevue_116th_NE12th
482,0.475052,0.144284,0.029302,0.538135,0.103452,0.024762,Bellevue_116th_NE12th
483,0.494163,0.15102,0.026419,0.508189,0.110123,-0.014297,Bellevue_116th_NE12th
484,0.477297,0.137118,0.027533,0.628373,0.025,0.154484,Bellevue_116th_NE12th
485,0.482289,0.111884,0.034833,0.700397,0.127302,0.181984,Bellevue_116th_NE12th
486,0.430981,0.124536,0.029312,0.527778,0.075,0.169444,Bellevue_116th_NE12th
487,0.45597,0.132335,0.034827,0.386111,-0.111667,0.294444,Bellevue_116th_NE12th
488,0.431603,0.127624,0.028885,0.412468,0.1618,-0.021652,Bellevue_116th_NE12th
489,0.457767,0.128466,0.037009,0.592411,0.117795,0.118365,Bellevue_116th_NE12th
490,0.443245,0.130724,0.0382,0.734272,0.110582,0.247077,Bellevue_116th_NE12th
491,0.427942,0.114094,0.026702,0.534524,0.132778,0.021667,Bellevue_116th_NE12th
492,0.451518,0.122028,0.027636,0.488889,0.15,-0.005556,Bellevue_116th_NE12th
493,0.425632,0.11814,0.025846,0.365556,0.056667,0.0,Bellevue_116th_NE12th
494,0.420931,0.114299,0.029712,0.546667,0.104444,0.042778,Bellevue_116th_NE12th
495,0.405245,0.108448,0.029778,0.630556,0.088889,0.05,Bellevue_116th_NE12th
496,0.400884,0.112728,0.030126,0.616587,0.181905,0.089127,Bellevue_116th_NE12th
497,0.429827,0.122569,0.035448,0.497923,0.08418,0.092116,Bellevue_116th_NE12th
498,0.462882,0.094826,0.032764,0.867063,0.523968,0.088651,Bellevue_116th_NE12th
499,0.444586,0.074819,0.025449,0.720476,0.13623,0.159405,Bellevue_116th_NE12th
500,0.41996,0.109767,0.031357,0.573452,0.134246,0.079246,Bellevue_116th_NE12th
501,0.426174,0.118143,0.034344,0.521111,0.039405,0.09041,Bellevue_116th_NE12th
502,0.423879,0.122018,0.03849,0.556587,0.126429,0.019762,Bellevue_116th_NE12th
503,0.417803,0.127271,0.032568,0.518333,0.076667,0.052222,Bellevue_116th_NE12th
504,0.414048,0.12568,0.032424,0.45,0.016667,0.05,Bellevue_116th_NE12th
505,0.431384,0.134567,0.030902,0.541667,-0.002778,0.211111,Bellevue_116th_NE12th
506,0.426277,0.123269,0.033531,0.544299,0.131944,0.005741,Bellevue_116th_NE12th
507,0.4172,0.124194,0.032886,0.66627,0.036111,0.034444,Bellevue_116th_NE12th
508,0.418071,0.125768,0.036286,0.505556,0.159484,-0.019246,Bellevue_116th_NE12th
509,0.439631,0.127838,0.036815,0.506905,0.282685,-0.102381,Bellevue_116th_NE12th
510,0.435558,0.127713,0.040266,0.574401,0.178496,0.033308,Bellevue_116th_NE12th
511,0.420074,0.126723,0.036361,0.580159,0.038333,0.118333,Bellevue_116th_NE12th
512,0.418438,0.125843,0.032972,0.568016,0.098413,0.095,Bellevue_116th_NE12th
513,0.417053,0.126554,0.035925,0.450556,0.074444,0.051667,Bellevue_116th_NE12th
514,0.437574,0.133498,0.033887,0.40004,0.040317,0.059841,Bellevue_116th_NE12th
515,0.424069,0.125013,0.035803,0.609365,0.135873,0.085873,Bellevue_116th_NE12th
516,0.419403,0.129455,0.033605,0.416667,0.152778,0.025,Bellevue_116th_NE12th
517,0.419271,0.128286,0.031704,0.408611,0.178333,-0.017222,Bellevue_116th_NE12th
518,0.454182,0.139373,0.029782,0.621047,0.197629,0.123784,Bellevue_116th_NE12th
519,0.459159,0.132722,0.034119,0.57026,0.168815,0.134221,Bellevue_116th_NE12th
520,0.458601,0.131148,0.035208,0.530152,0.167977,0.108469,Bellevue_116th_NE12th
521,0.460737,0.134985,0.031456,0.680754,0.10463,0.095899,Bellevue_116th_NE12th
522,0.409642,0.121267,0.037649,0.61345,0.078163,0.087964,Bellevue_116th_NE12th
523,0.42436,0.130064,0.036056,0.59119,0.063413,0.124206,Bellevue_116th_NE12th
524,0.4211,0.129701,0.037993,0.360556,0.075,0.1,Bellevue_116th_NE12th
525,0.448478,0.144456,0.028301,0.630556,0.175,0.108333,Bellevue_116th_NE12th
526,0.423926,0.13223,0.033784,0.481587,0.102222,0.011111,Bellevue_116th_NE12th
527,0.420364,0.130891,0.032524,0.618254,0.040556,0.049444,Bellevue_116th_NE12th
528,0.418327,0.129708,0.035062,0.627778,0.102778,0.044444,Bellevue_116th_NE12th
529,0.421244,0.132062,0.034761,0.454444,0.041812,0.034114,Bellevue_116th_NE12th
530,0.42342,0.129751,0.032934,0.595394,0.226629,-0.003557,Bellevue_116th_NE12th
531,0.448479,0.134093,0.036304,0.806429,0.221508,0.046548,Bellevue_116th_NE12th
532,0.438879,0.130768,0.036672,0.699048,0.057937,0.075278,Bellevue_116th_NE12th
533,0.417955,0.131025,0.028895,0.388889,0.04,0.037778,Bellevue_116th_NE12th
534,0.431369,0.136349,0.02955,0.766945,0.101111,0.069444,Bellevue_116th_NE12th
535,0.420498,0.118885,0.025836,0.706071,0.132857,-0.025595,Bellevue_116th_NE12th
536,0.474825,0.107268,0.056919,0.674444,0.101865,0.048929,Bellevue_116th_NE12th
537,0.491711,0.062928,0.039458,0.746773,0.209272,0.041591,Bellevue_116th_NE12th
538,0.532628,0.077291,0.021417,0.744885,0.310662,0.033956,Bellevue_116th_NE12th
539,0.426958,0.13254,0.037833,0.603199,0.069313,0.052977,Bellevue_116th_NE12th
540,0.440609,0.136375,0.035711,0.591438,0.09986,0.066989,Bellevue_116th_NE12th
541,0.418871,0.108335,0.04678,0.727364,0.14196,0.101985,Bellevue_116th_NE12th
542,0.434759,0.136448,0.035722,0.637644,0.158058,0.046126,Bellevue_116th_NE12th
543,0.440857,0.137532,0.036327,0.634619,0.090663,0.115099,Bellevue_116th_NE12th
544,0.468391,0.147814,0.03246,0.648889,0.140476,0.027024,Bellevue_116th_NE12th
545,0.442947,0.140906,0.031497,0.566667,0.0,0.066667,Bellevue_116th_NE12th
546,0.446328,0.143923,0.024153,0.352778,-0.116111,0.131667,Bellevue_116th_NE12th
547,0.444398,0.138964,0.031472,0.726667,0.148651,0.016667,Bellevue_116th_NE12th
548,0.436634,0.138455,0.029755,0.744444,0.158333,-0.002222,Bellevue_116th_NE12th
549,0.428274,0.133125,0.033252,0.569579,0.142172,0.068123,Bellevue_116th_NE12th
550,0.449293,0.136567,0.027974,0.527763,0.013849,0.048244,Bellevue_116th_NE12th
551,0.435596,0.135563,0.031097,0.624582,0.126114,-0.088615,Bellevue_116th_NE12th
552,0.434284,0.122802,0.031684,0.683743,0.156348,0.070427,Bellevue_116th_NE12th
553,0.433953,0.136566,0.033799,0.756218,0.107194,0.026532,Bellevue_116th_NE12th
554,0.461756,0.134969,0.033344,0.588404,0.08573,0.025135,Bellevue_116th_NE12th
555,0.449164,0.137974,0.031105,0.574607,0.067939,0.089155,Bellevue_116th_NE12th
556,0.445549,0.134759,0.028385,0.650895,0.18009,0.055083,Bellevue_116th_NE12th
557,0.435804,0.134871,0.032391,0.453468,0.057146,0.060132,Bellevue_116th_NE12th
558,0.440669,0.133295,0.02819,0.566141,0.04349,0.084298,Bellevue_116th_NE12th
559,0.445457,0.139214,0.024061,0.483625,0.019754,0.098269,Bellevue_116th_NE12th
560,0.444902,0.134576,0.028888,0.56727,0.130456,0.044787,Bellevue_116th_NE12th
561,0.432566,0.122907,0.032148,0.50602,0.088792,0.039906,Bellevue_116th_NE12th
562,0.432751,0.132069,0.030541,0.526297,0.036202,0.042554,Bellevue_116th_NE12th
563,0.462419,0.145681,0.025948,0.554042,0.110345,-0.013451,Bellevue_116th_NE12th
564,0.484952,0.090638,0.028423,0.779603,0.233452,0.072024,Bellevue_116th_NE12th
565,0.463236,0.121872,0.026003,0.642222,0.128889,0.088889,Bellevue_116th_NE12th
566,0.432252,0.134397,0.028824,0.633333,0.138889,0.161111,Bellevue_116th_NE12th
567,0.437849,0.136775,0.02927,0.513889,0.05213,0.00787,Bellevue_116th_NE12th
568,0.472989,0.146722,0.024576,0.60658,0.108896,0.031203,Bellevue_116th_NE12th
569,0.456361,0.137828,0.029349,0.381954,0.066287,0.010138,Bellevue_116th_NE12th
570,0.442808,0.136127,0.029953,0.280423,-0.005556,0.014484,Bellevue_116th_NE12th
571,0.465299,0.147323,0.01979,0.469444,0.057222,0.067222,Bellevue_116th_NE12th
572,0.444296,0.136018,0.02429,0.62504,0.157262,0.134193,Bellevue_116th_NE12th
573,0.441481,0.130736,0.026486,0.544899,0.128744,0.028894,Bellevue_116th_NE12th
574,0.466479,0.137412,0.027892,0.462552,0.066765,0.07762,Bellevue_116th_NE12th
575,0.476644,0.144109,0.027101,0.720556,0.22,-0.083889,Bellevue_116th_NE12th
576,0.46473,0.145755,0.023283,0.334722,0.083333,0.055556,Bellevue_116th_NE12th
577,0.470604,0.14415,0.025638,0.399652,0.079129,0.026918,Bellevue_116th_NE12th
578,0.504245,0.138411,0.042107,0.452793,0.035603,0.101906,Bellevue_116th_NE12th
579,0.545424,0.134306,0.087095,0.527835,0.110047,0.082594,Bellevue_116th_NE12th
580,0.471362,0.133414,0.040609,0.672222,0.040556,0.008333,Bellevue_116th_NE12th
581,0.449865,0.138895,0.024407,0.579471,0.235066,0.034444,Bellevue_116th_NE12th
582,0.457129,0.12868,0.023958,0.52928,0.218071,0.020289,Bellevue_116th_NE12th
583,0.453594,0.131881,0.027653,0.483537,0.097066,0.004224,Bellevue_116th_NE12th
584,0.454173,0.132504,0.032167,0.552758,0.109926,0.006647,Bellevue_116th_NE12th
585,0.479499,0.118101,0.026848,0.482269,0.145613,0.030586,Bellevue_116th_NE12th
586,0.545452,0.111363,0.037857,0.475705,0.030067,0.116246,Bellevue_116th_NE12th
587,0.494,0.114644,0.03744,0.509031,0.050837,0.062181,Bellevue_116th_NE12th
588,0.455675,0.131415,0.03004,0.479147,0.098781,0.038877,Bellevue_116th_NE12th
589,0.470137,0.135255,0.031197,0.436398,0.089322,0.064119,Bellevue_116th_NE12th
590,0.488136,0.12965,0.047682,0.330904,0.019842,0.050191,Bellevue_116th_NE12th
591,0.457165,0.131925,0.025019,0.43166,0.060635,0.032418,Bellevue_116th_NE12th
592,0.464491,0.134812,0.02581,0.564426,0.057953,0.041017,Bellevue_116th_NE12th
593,0.458644,0.129078,0.028127,0.443175,0.131386,0.056079,Bellevue_116th_NE12th
594,0.536506,0.119016,0.049522,0.531206,0.169435,0.052011,Bellevue_116th_NE12th
595,0.634368,0.118425,0.060169,0.573696,-0.00291,0.098306,Bellevue_116th_NE12th
596,0.560748,0.123173,0.071981,0.664312,0.069259,0.075132,Bellevue_116th_NE12th
597,0.488922,0.140243,0.036392,0.600952,0.120556,0.02254,Bellevue_116th_NE12th
598,0.45682,0.141676,0.029784,0.505823,0.109066,0.030783,Bellevue_116th_NE12th
599,0.556611,0.117166,0.049299,0.665854,0.163018,0.07922,Bellevue_116th_NE12th
600,0.508305,0.093709,0.02481,0.617196,0.145291,0.029577,Bellevue_116th_NE12th
601,0.513014,0.101482,0.027822,0.569686,0.088056,0.025176,Bellevue_116th_NE12th
602,0.523208,0.136701,0.047937,0.421043,0.10905,-0.001178,Bellevue_116th_NE12th
603,0.548828,0.138226,0.063717,0.708975,0.121889,0.155126,Bellevue_116th_NE12th
604,0.5826,0.123743,0.06365,0.620221,0.091735,0.037737,Bellevue_116th_NE12th
605,0.459955,0.13447,0.027653,0.579191,0.043136,0.167964,Bellevue_116th_NE12th
606,0.491065,0.131301,0.032161,0.690833,0.096667,0.077222,Bellevue_116th_NE12th
607,0.464722,0.141068,0.024226,0.47944,0.057346,0.067389,Bellevue_116th_NE12th
608,0.466753,0.132404,0.033301,0.656047,0.071344,0.08032,Bellevue_116th_NE12th
609,0.475707,0.140339,0.026167,0.603902,0.049334,0.05907,Bellevue_116th_NE12th
610,0.468626,0.137312,0.028507,0.485445,0.036611,0.063105,Bellevue_116th_NE12th
611,0.535262,0.121565,0.05982,0.612466,0.072989,0.034061,Bellevue_116th_NE12th
612,0.483723,0.124873,0.03825,0.56421,0.039252,0.024049,Bellevue_116th_NE12th
613,0.507417,0.135867,0.038205,0.54519,0.10775,0.013308,Bellevue_116th_NE12th
614,0.527693,0.130102,0.063092,0.650992,0.068373,0.08,Bellevue_116th_NE12th
615,0.481193,0.133466,0.023286,0.635013,0.133399,-0.020728,Bellevue_116th_NE12th
616,0.52506,0.134562,0.036227,0.671043,0.097068,0.027104,Bellevue_116th_NE12th
617,0.458694,0.136254,0.03034,0.497507,0.059722,0.062599,Bellevue_116th_NE12th
618,0.497608,0.114009,0.045293,0.48286,0.1072,0.040141,Bellevue_116th_NE12th
619,0.512054,0.123016,0.019338,0.505256,0.117988,0.060234,Bellevue_116th_NE12th
620,0.595762,0.139463,0.045894,0.723176,0.150238,0.084017,Bellevue_116th_NE12th
621,0.671105,0.125795,0.059984,0.649666,0.116414,0.016555,Bellevue_116th_NE12th
622,0.549041,0.133427,0.062912,0.483173,0.007803,0.007037,Bellevue_116th_NE12th
623,0.501186,0.136243,0.049803,0.41422,0.046812,0.037923,Bellevue_116th_NE12th
624,0.507345,0.132912,0.045072,0.649286,0.066984,0.044762,Bellevue_116th_NE12th
625,0.479274,0.149659,0.026237,0.639525,0.057645,0.108662,Bellevue_116th_NE12th
626,0.490628,0.149008,0.03009,0.55341,0.05358,0.061747,Bellevue_116th_NE12th
627,0.527246,0.145511,0.057193,0.591623,0.078275,0.048325,Bellevue_116th_NE12th
628,0.531302,0.154837,0.065344,0.591489,0.039137,0.018651,Bellevue_116th_NE12th
629,0.505315,0.143108,0.051019,0.630238,0.088333,0.004484,Bellevue_116th_NE12th
630,0.49357,0.149123,0.02681,0.807989,0.128704,0.09373,Bellevue_116th_NE12th
631,0.548566,0.140231,0.055892,0.607919,0.132705,0.0345,Bellevue_116th_NE12th
632,0.532004,0.15031,0.083624,0.512324,0.162594,0.041089,Bellevue_116th_NE12th
633,0.5298,0.14993,0.053523,0.576941,0.081456,0.010196,Bellevue_116th_NE12th
634,0.538103,0.145194,0.075302,0.51276,0.079054,0.073153,Bellevue_116th_NE12th
635,0.528332,0.144532,0.053833,0.675918,0.053971,0.113365,Bellevue_116th_NE12th
636,0.509781,0.142131,0.027798,0.619286,0.110873,0.02,Bellevue_116th_NE12th
637,0.497292,0.14432,0.040221,0.545714,0.078095,-0.051429,Bellevue_116th_NE12th
638,0.520025,0.151144,0.035275,0.668413,0.060556,-0.003016,Bellevue_116th_NE12th
639,0.532104,0.152045,0.075037,0.640869,0.068917,0.082288,Bellevue_116th_NE12th
640,0.507356,0.149026,0.027388,0.706071,0.069484,0.020556,Bellevue_116th_NE12th
641,0.490282,0.153508,0.023336,0.583333,0.066667,0.0,Bellevue_116th_NE12th
642,0.478183,0.146308,0.024091,0.623492,0.173333,0.061111,Bellevue_116th_NE12th
643,0.484156,0.139143,0.036649,0.614257,0.256972,0.056443,Bellevue_116th_NE12th
644,0.515247,0.137124,0.053953,0.517781,0.198011,0.026604,Bellevue_116th_NE12th
645,0.543356,0.148187,0.032989,0.455344,0.070157,-0.001594,Bellevue_116th_NE12th
646,0.591923,0.153334,0.075484,0.579151,0.100795,-0.005517,Bellevue_116th_NE12th
647,0.525588,0.145465,0.063584,0.695233,0.169834,0.019867,Bellevue_116th_NE12th
648,0.547195,0.132936,0.035571,0.680156,0.151477,-0.039393,Bellevue_116th_NE12th
649,0.527356,0.148528,0.031391,0.618294,0.045317,-0.015278,Bellevue_116th_NE12th
650,0.52636,0.14322,0.049947,0.636574,0.041098,0.043452,Bellevue_116th_NE12th
651,0.509929,0.143016,0.031108,0.768571,0.048333,0.055556,Bellevue_116th_NE12th
652,0.511157,0.140936,0.049781,0.618528,0.080535,0.054258,Bellevue_116th_NE12th
653,0.512815,0.143596,0.065993,0.550763,0.112773,0.060751,Bellevue_116th_NE12th
654,0.518428,0.144099,0.077489,0.582801,0.178613,0.069206,Bellevue_116th_NE12th
655,0.610669,0.15052,0.056635,0.651032,0.186905,0.053968,Bellevue_116th_NE12th
656,0.513509,0.140394,0.066201,0.492421,0.084791,0.007486,Bellevue_116th_NE12th
657,0.528982,0.142157,0.072279,0.406885,0.095394,0.010897,Bellevue_116th_NE12th
658,0.532276,0.152832,0.075946,0.441519,0.054682,0.003197,Bellevue_116th_NE12th
659,0.584256,0.154195,0.045657,0.692259,0.218993,0.063636,Bellevue_116th_NE12th
660,0.651814,0.144677,0.030344,0.498452,0.117533,0.004735,Bellevue_116th_NE12th
661,0.616915,0.142561,0.058282,0.775538,0.128247,0.138495,Bellevue_116th_NE12th
662,0.593988,0.163571,0.070252,0.541408,0.120475,0.041436,Bellevue_116th_NE12th
663,0.575591,0.162147,0.088838,0.641201,0.019595,0.062107,Bellevue_116th_NE12th
664,0.532547,0.15458,0.083762,0.666597,0.033653,0.097493,Bellevue_116th_NE12th
665,0.526461,0.14834,0.077079,0.702886,0.038689,0.06671,Bellevue_116th_NE12th
666,0.514436,0.147029,0.041083,0.62455,0.035635,0.03164,Bellevue_116th_NE12th
667,0.571216,0.159388,0.075148,0.566201,0.060967,0.012051,Bellevue_116th_NE12th
668,0.596641,0.157702,0.061141,0.534553,0.121074,0.203357,Bellevue_116th_NE12th
669,0.57881,0.161878,0.087215,0.396922,0.120905,-0.001627,Bellevue_116th_NE12th
670,0.62905,0.162993,0.070239,0.485126,0.084871,0.066525,Bellevue_116th_NE12th
671,0.599065,0.168881,0.09171,0.436788,0.078977,0.069481,Bellevue_116th_NE12th
672,0.589025,0.169241,0.094524,0.300471,0.095883,0.009091,Bellevue_116th_NE12th
673,0.584275,0.167264,0.079957,0.295164,0.052392,0.030754,Bellevue_116th_NE12th
674,0.59709,0.162812,0.066489,0.364703,0.08628,0.020181,Bellevue_116th_NE12th
675,0.601327,0.17284,0.076702,0.468018,0.122392,0.039733,Bellevue_116th_NE12th
676,0.599459,0.169955,0.09189,0.377532,0.064066,0.03053,Bellevue_116th_NE12th
677,0.582955,0.169138,0.081123,0.476826,0.126412,-0.00629,Bellevue_116th_NE12th
678,0.589495,0.162793,0.086984,0.523324,0.201276,-0.005816,Bellevue_116th_NE12th
679,0.588626,0.157061,0.064386,0.389358,0.131922,0.025463,Bellevue_116th_NE12th
680,0.670563,0.158898,0.045853,0.779,0.258297,0.179035,Bellevue_116th_NE12th
681,0.687834,0.158187,0.026862,0.877688,0.321798,0.117926,Bellevue_116th_NE12th
682,0.679712,0.156491,0.028,0.602243,0.11915,0.136742,Bellevue_116th_NE12th
683,0.672372,0.163426,0.025866,0.515786,0.113855,0.102227,Bellevue_116th_NE12th
684,0.622917,0.151632,0.049773,0.455453,0.112738,0.060232,Bellevue_116th_NE12th
685,0.657575,0.155854,0.051619,0.504874,0.073286,0.155619,Bellevue_116th_NE12th
686,0.677521,0.156413,0.033295,0.489134,0.049662,0.128585,Bellevue_116th_NE12th
687,0.673038,0.156292,0.031187,0.496792,-0.025896,0.150695,Bellevue_116th_NE12th
688,0.683597,0.161134,0.023903,0.658152,0.054022,0.171405,Bellevue_116th_NE12th
689,0.660827,0.156377,0.040164,0.637099,0.108304,0.199841,Bellevue_116th_NE12th
690,0.635209,0.142872,0.047317,0.589438,0.104641,0.131786,Bellevue_116th_NE12th
691,0.650713,0.152983,0.028056,0.544696,0.040992,0.071362,Bellevue_116th_NE12th
692,0.631829,0.1496,0.032131,0.52719,0.057872,0.050754,Bellevue_116th_NE12th
693,0.631028,0.155692,0.027338,0.272038,-0.114394,0.049315,Bellevue_116th_NE12th
694,0.647722,0.155347,0.032151,0.463669,0.02698,0.09361,Bellevue_116th_NE12th
695,0.658988,0.155113,0.039313,0.707774,0.24675,0.1246,Bellevue_116th_NE12th
696,0.638666,0.150036,0.049554,0.701497,0.234501,0.132449,Bellevue_116th_NE12th
697,0.635846,0.146509,0.042354,0.667608,0.200844,0.141225,Bellevue_116th_NE12th
698,0.660405,0.160037,0.037856,0.715444,0.241478,0.115748,Bellevue_116th_NE12th
699,0.676351,0.153797,0.027997,0.492565,0.156466,0.064102,Bellevue_116th_NE12th
700,0.678716,0.159828,0.029165,0.524713,0.160603,0.033924,Bellevue_116th_NE12th
701,0.680266,0.157083,0.030964,0.524745,0.13472,0.083415,Bellevue_116th_NE12th
702,0.682283,0.163149,0.026271,0.481449,0.110602,0.061702,Bellevue_116th_NE12th
703,0.646389,0.160962,0.026274,0.614246,0.08342,0.160562,Bellevue_116th_NE12th
704,0.654723,0.140608,0.039173,0.639281,0.061104,0.152904,Bellevue_116th_NE12th
705,0.641143,0.158618,0.047689,0.535866,0.007416,0.062001,Bellevue_116th_NE12th
706,0.578654,0.137561,0.042346,0.772473,0.190059,0.100761,Bellevue_116th_NE12th
707,0.586363,0.130581,0.048775,0.64717,0.249756,0.00076,Bellevue_116th_NE12th
708,0.652719,0.148227,0.037414,0.594388,0.223641,0.031064,Bellevue_116th_NE12th
709,0.639751,0.155868,0.044414,0.506638,0.230704,0.028372,Bellevue_116th_NE12th
710,0.640029,0.154071,0.054064,0.47677,0.181947,0.005169,Bellevue_116th_NE12th
711,0.657824,0.148686,0.040705,0.610566,0.272798,0.096996,Bellevue_116th_NE12th
712,0.64681,0.144633,0.041005,0.382391,0.026997,0.036424,Bellevue_116th_NE12th
713,0.66358,0.157001,0.035949,0.53144,0.09355,0.11552,Bellevue_116th_NE12th
714,0.629215,0.14614,0.057236,0.570695,0.090171,0.136313,Bellevue_116th_NE12th
715,0.57095,0.126617,0.046694,0.611867,0.102492,0.129198,Bellevue_116th_NE12th
716,0.646832,0.14989,0.051018,0.577997,0.099249,0.075138,Bellevue_116th_NE12th
717,0.655951,0.151703,0.03064,0.59164,0.179154,0.084331,Bellevue_116th_NE12th
718,0.644747,0.154107,0.041408,0.571068,0.180312,0.106252,Bellevue_116th_NE12th
719,0.65911,0.147502,0.045496,0.6159,0.162923,0.11823,Bellevue_116th_NE12th
720,0.666995,0.15136,0.032166,0.667202,0.149755,0.08293,Bellevue_116th_NE12th
721,0.67078,0.157542,0.041,0.681253,0.215574,0.103502,Bellevue_116th_NE12th
722,0.637903,0.152917,0.052607,0.593262,0.134693,0.155554,Bellevue_116th_NE12th
723,0.638844,0.146014,0.041909,0.677121,0.084661,0.198948,Bellevue_116th_NE12th
724,0.590026,0.134042,0.039817,0.810363,0.145923,0.096551,Bellevue_116th_NE12th
725,0.578192,0.133975,0.047734,0.638777,0.192386,0.032415,Bellevue_116th_NE12th
726,0.586411,0.143678,0.052451,0.605878,0.235095,-0.122634,Bellevue_116th_NE12th
727,0.61338,0.14752,0.047682,0.651513,0.147898,-0.027951,Bellevue_116th_NE12th
728,0.640545,0.151742,0.0484,0.657361,0.183839,0.116882,Bellevue_116th_NE12th
729,0.626055,0.160729,0.055376,0.713995,0.136646,0.167025,Bellevue_116th_NE12th
730,0.583796,0.142,0.055438,0.805224,0.143361,0.108357,Bellevue_116th_NE12th
731,0.585486,0.134539,0.04312,0.81476,0.166281,0.144915,Bellevue_116th_NE12th
732,0.596589,0.140868,0.040439,0.766161,0.194218,0.157619,Bellevue_116th_NE12th
733,0.596423,0.145591,0.044646,0.598399,0.150009,0.101801,Bellevue_116th_NE12th
734,0.647395,0.153055,0.046253,0.607632,0.132316,0.08378,Bellevue_116th_NE12th
735,0.657413,0.157763,0.036149,0.75544,0.274013,0.049859,Bellevue_116th_NE12th
736,0.667735,0.151235,0.029754,0.57992,0.124398,0.061987,Bellevue_116th_NE12th
737,0.667263,0.166324,0.029925,0.671551,0.129878,0.063283,Bellevue_116th_NE12th
738,0.646757,0.150668,0.048769,0.644017,0.130748,0.038086,Bellevue_116th_NE12th
739,0.591152,0.14061,0.0524,0.713719,0.073862,0.113563,Bellevue_116th_NE12th
740,0.60525,0.144444,0.034819,0.727879,0.099574,0.275731,Bellevue_116th_NE12th
741,0.646767,0.147068,0.05228,0.623906,0.131994,0.167821,Bellevue_116th_NE12th
742,0.655314,0.146286,0.046791,0.62432,0.093287,0.266189,Bellevue_116th_NE12th
743,0.672639,0.152409,0.027182,0.689324,0.126189,0.316247,Bellevue_116th_NE12th
744,0.682414,0.155424,0.027262,0.75184,0.176987,0.274993,Bellevue_116th_NE12th
745,0.663747,0.161984,0.031581,0.658702,0.09427,0.146382,Bellevue_116th_NE12th
746,0.649189,0.156149,0.048143,0.612018,-0.018024,0.16606,Bellevue_116th_NE12th
747,0.578375,0.132101,0.053806,0.619048,0.047619,0.095238,Bellevue_116th_NE12th
748,0.618581,0.147236,0.025483,0.606213,0.094039,0.0436,Bellevue_116th_NE12th
749,0.60958,0.149851,0.033476,0.669467,0.210266,0.057118,Bellevue_116th_NE12th
750,0.636189,0.148127,0.045606,0.550397,0.246706,0.024987,Bellevue_116th_NE12th
751,0.63774,0.153772,0.031281,0.507794,0.226592,0.020491,Bellevue_116th_NE12th
752,0.591029,0.1254,0.049001,0.495846,0.096128,0.034621,Bellevue_116th_NE12th
753,0.643204,0.141435,0.056269,0.426197,0.043151,-0.048344,Bellevue_116th_NE12th
754,0.642635,0.137475,0.050968,0.482141,0.134576,-0.101006,Bellevue_116th_NE12th
755,0.626113,0.146062,0.033272,0.350954,0.016992,0.017932,Bellevue_116th_NE12th
756,0.553325,0.111791,0.04402,0.388398,0.061735,-0.001579,Bellevue_116th_NE12th
757,0.550548,0.117262,0.04214,0.360427,0.036013,0.072038,Bellevue_116th_NE12th
758,0.556332,0.126555,0.049952,0.562954,0.166341,0.022803,Bellevue_116th_NE12th
759,0.581867,0.127518,0.047978,0.650189,0.22126,-0.041018,Bellevue_116th_NE12th
760,0.60504,0.123874,0.041218,0.597219,0.167259,0.013541,Bellevue_116th_NE12th
761,0.621562,0.143584,0.038332,0.3922,0.025084,0.082106,Bellevue_116th_NE12th
762,0.634291,0.104898,0.051867,0.426375,0.057665,0.018606,Bellevue_116th_NE12th
763,0.637927,0.149786,0.026275,0.484331,0.062039,-0.020412,Bellevue_116th_NE12th
764,0.627863,0.14654,0.030755,0.429527,0.031937,0.084104,Bellevue_116th_NE12th
765,0.58886,0.127968,0.047679,0.432432,0.0,0.135135,Bellevue_116th_NE12th
766,0.686562,0.137782,0.024875,0.415684,0.061245,0.071198,Bellevue_116th_NE12th
767,0.619085,0.136982,0.040375,0.412562,0.089394,0.014914,Bellevue_116th_NE12th
768,0.675906,0.140792,0.034297,0.358285,0.068346,0.058382,Bellevue_116th_NE12th
769,0.63284,0.137661,0.035645,0.626332,0.332262,0.066773,Bellevue_116th_NE12th
770,0.64597,0.129342,0.037833,0.457224,0.08546,0.057992,Bellevue_116th_NE12th
771,0.572502,0.101862,0.033892,0.437765,0.053058,0.053846,Bellevue_116th_NE12th
772,0.61696,0.112744,0.057669,0.475673,0.009528,0.03701,Bellevue_116th_NE12th
773,0.602367,0.105098,0.053983,0.468022,-0.025507,0.058755,Bellevue_116th_NE12th
774,0.61434,0.113859,0.050552,0.462091,0.008872,0.09372,Bellevue_116th_NE12th
775,0.629582,0.1098,0.049757,0.365695,0.050648,0.013886,Bellevue_116th_NE12th
776,0.62255,0.119514,0.039561,0.435273,0.13044,0.009962,Bellevue_116th_NE12th
777,0.632212,0.131297,0.037578,0.518405,0.188485,0.004135,Bellevue_116th_NE12th
778,0.631554,0.118472,0.046437,0.658935,0.241817,0.005311,Bellevue_116th_NE12th
779,0.609414,0.105418,0.037292,0.500486,0.126424,-0.021957,Bellevue_116th_NE12th
780,0.592574,0.123014,0.055813,0.370021,0.055313,-0.030224,Bellevue_116th_NE12th
781,0.615844,0.125045,0.050433,0.426163,0.113408,-0.028478,Bellevue_116th_NE12th
782,0.63242,0.087086,0.05803,0.450236,0.121342,-0.173495,Bellevue_116th_NE12th
783,0.631752,0.115885,0.055411,0.339855,0.044353,-0.223073,Bellevue_116th_NE12th
784,0.629761,0.119059,0.052885,0.316878,0.114921,-0.151234,Bellevue_116th_NE12th
785,0.622846,0.123961,0.044912,0.320412,0.021811,0.017198,Bellevue_116th_NE12th
786,0.633065,0.102257,0.053356,0.453758,0.015565,0.010609,Bellevue_116th_NE12th
787,0.609234,0.127676,0.038185,0.48678,0.046858,0.036082,Bellevue_116th_NE12th
788,0.576462,0.12242,0.05499,0.541667,0.125,0.0,Bellevue_116th_NE12th
789,0.660649,0.124229,0.032437,0.235216,0.043057,0.027843,Bellevue_116th_NE12th
790,0.602822,0.112063,0.056092,0.237422,0.090735,-0.004545,Bellevue_116th_NE12th
791,0.629365,0.111971,0.034421,0.38694,0.102635,0.010066,Bellevue_116th_NE12th
792,0.637787,0.111117,0.045186,0.329133,0.071629,0.051298,Bellevue_116th_NE12th
793,0.630473,0.13086,0.044142,0.255499,0.006618,0.000178,Bellevue_116th_NE12th
794,0.599107,0.125981,0.048754,0.3726,0.06523,0.066013,Bellevue_116th_NE12th
795,0.618255,0.135105,0.027513,0.503817,0.120158,0.016216,Bellevue_116th_NE12th
796,0.643831,0.114436,0.042844,0.492981,0.168941,-0.021144,Bellevue_116th_NE12th
797,0.64123,0.08942,0.050279,0.392975,0.154605,0.04305,Bellevue_116th_NE12th
798,0.627857,0.133182,0.044308,0.365841,0.140523,0.018052,Bellevue_116th_NE12th
799,0.691474,0.148637,0.028754,0.418923,0.151902,0.054497,Bellevue_116th_NE12th
800,0.698338,0.120508,0.048256,0.486027,0.103629,0.188432,Bellevue_116th_NE12th
801,0.671274,0.139243,0.027,0.692144,0.145009,0.353453,Bellevue_116th_NE12th
802,0.617306,0.09177,0.058934,0.764706,0.176471,0.411765,Bellevue_116th_NE12th
803,0.694682,0.108825,0.04528,0.660188,0.193807,0.216713,Bellevue_116th_NE12th
804,0.619649,0.126407,0.045239,0.4554,0.167123,0.039319,Bellevue_116th_NE12th
805,0.697001,0.117703,0.049648,0.341234,0.075759,0.034945,Bellevue_116th_NE12th
806,0.676742,0.132411,0.04412,0.397828,0.122921,0.044634,Bellevue_116th_NE12th
807,0.671885,0.117765,0.057322,0.483871,0.16129,0.064516,Bellevue_116th_NE12th
808,0.742241,0.126511,0.045955,0.444938,0.154921,0.044021,Bellevue_116th_NE12th
809,0.707007,0.106557,0.056328,0.389301,0.092038,0.11015,Bellevue_116th_NE12th
810,0.697553,0.149826,0.054001,0.780244,0.286055,0.05986,Bellevue_150th_Eastgate
811,0.661504,0.148112,0.050527,0.806471,0.269312,0.040525,Bellevue_150th_Eastgate
812,0.669815,0.143661,0.063111,0.67015,0.161612,-0.017039,Bellevue_150th_Eastgate
813,0.677861,0.15114,0.061515,0.599511,0.149363,0.020698,Bellevue_150th_Eastgate
814,0.676019,0.150125,0.053146,0.582146,0.268275,-0.002202,Bellevue_150th_Eastgate
815,0.674655,0.149301,0.051447,0.605835,0.27146,0.026482,Bellevue_150th_Eastgate
816,0.675,0.147689,0.053696,0.644849,0.282329,0.04431,Bellevue_150th_Eastgate
817,0.674339,0.145095,0.046586,0.717111,0.188334,0.064632,Bellevue_150th_Eastgate
818,0.659532,0.147198,0.052591,0.776724,0.243164,0.04956,Bellevue_150th_Eastgate
819,0.658782,0.147555,0.051744,0.734205,0.17775,0.067716,Bellevue_150th_Eastgate
820,0.669318,0.148249,0.062238,0.801952,0.178952,0.045141,Bellevue_150th_Eastgate
821,0.661122,0.14606,0.061655,0.79685,0.210161,0.059209,Bellevue_150th_Eastgate
822,0.653204,0.150061,0.049949,0.681037,0.166783,0.026276,Bellevue_150th_Eastgate
823,0.659117,0.149151,0.053499,0.729679,0.163,0.048136,Bellevue_150th_Eastgate
824,0.654568,0.14756,0.052393,0.717261,0.157923,0.00399,Bellevue_150th_Eastgate
825,0.62973,0.144641,0.057047,0.761026,0.155832,0.012463,Bellevue_150th_Eastgate
826,0.623547,0.140952,0.059854,0.757156,0.138868,0.041151,Bellevue_150th_Eastgate
827,0.621701,0.142695,0.049985,0.831804,0.184191,0.070197,Bellevue_150th_Eastgate
828,0.612761,0.143593,0.056089,0.78053,0.253816,0.045553,Bellevue_150th_Eastgate
829,0.65325,0.147225,0.062055,0.790526,0.267198,0.061782,Bellevue_150th_Eastgate
830,0.648785,0.150026,0.053854,0.764728,0.299314,0.053997,Bellevue_150th_Eastgate
831,0.657571,0.152263,0.04887,0.748644,0.296997,0.009727,Bellevue_150th_Eastgate
832,0.664728,0.149854,0.048943,0.760435,0.282735,0.002352,Bellevue_150th_Eastgate
833,0.670963,0.144718,0.050713,0.754833,0.316394,-0.036069,Bellevue_150th_Eastgate
834,0.669544,0.146825,0.051137,0.778088,0.313657,-0.011043,Bellevue_150th_Eastgate
835,0.659397,0.150634,0.04605,0.743579,0.293997,0.005061,Bellevue_150th_Eastgate
836,0.655425,0.151903,0.054788,0.838649,0.323259,-0.021423,Bellevue_150th_Eastgate
837,0.650302,0.139367,0.061425,0.816346,0.287996,-0.004185,Bellevue_150th_Eastgate
838,0.6625,0.136863,0.06013,0.6492,0.220376,0.104559,Bellevue_150th_Eastgate
839,0.664356,0.151513,0.055738,0.631736,0.169928,0.152805,Bellevue_150th_Eastgate
840,0.686806,0.154779,0.039612,0.677664,0.18474,0.150719,Bellevue_150th_Eastgate
841,0.676232,0.144075,0.048404,0.7454,0.195052,0.148263,Bellevue_150th_Eastgate
842,0.666214,0.145751,0.061684,0.818584,0.157528,0.139491,Bellevue_150th_Eastgate
843,0.677817,0.147119,0.061366,0.742001,0.276756,0.037138,Bellevue_150th_Eastgate
844,0.642678,0.145224,0.051216,0.74898,0.256972,0.08103,Bellevue_150th_Eastgate
845,0.63574,0.140218,0.064095,0.699857,0.253116,0.082492,Bellevue_150th_Eastgate
846,0.668387,0.147304,0.05604,0.684191,0.266254,0.058026,Bellevue_150th_Eastgate
847,0.673093,0.14544,0.050577,0.638003,0.244463,0.067834,Bellevue_150th_Eastgate
848,0.637066,0.142185,0.040407,0.633045,0.207384,0.063909,Bellevue_150th_Eastgate
849,0.674011,0.147625,0.05016,0.720863,0.190301,0.102624,Bellevue_150th_Eastgate
850,0.681439,0.14251,0.058753,0.674022,0.164761,0.000131,Bellevue_150th_Eastgate
851,0.670069,0.148659,0.060261,0.64296,0.189854,0.014646,Bellevue_150th_Eastgate
852,0.62136,0.149597,0.050397,0.715768,0.209869,0.019429,Bellevue_150th_Eastgate
853,0.676106,0.145646,0.061137,0.737946,0.269227,0.049744,Bellevue_150th_Eastgate
854,0.66227,0.150909,0.058357,0.701586,0.236852,0.041742,Bellevue_150th_Eastgate
855,0.686648,0.151951,0.047765,0.759182,0.239712,0.023264,Bellevue_150th_Eastgate
856,0.674884,0.149695,0.049954,0.784888,0.234955,0.051581,Bellevue_150th_Eastgate
857,0.699485,0.153002,0.051007,0.860463,0.222961,0.039324,Bellevue_150th_Eastgate
858,0.671876,0.143957,0.055278,0.773262,0.287265,0.003447,Bellevue_150th_Eastgate
859,0.658484,0.14669,0.054283,0.705932,0.211339,-0.002027,Bellevue_150th_Eastgate
860,0.656973,0.147697,0.06254,0.784282,0.20438,0.013946,Bellevue_150th_Eastgate
861,0.621893,0.142011,0.063367,0.700441,0.206638,0.067399,Bellevue_150th_Eastgate
862,0.610005,0.147436,0.054827,0.679359,0.266505,0.056429,Bellevue_150th_Eastgate
863,0.678487,0.154185,0.040519,0.717998,0.288037,0.018568,Bellevue_150th_Eastgate
864,0.666911,0.146498,0.053846,0.734643,0.254575,-0.003321,Bellevue_150th_Eastgate
865,0.679267,0.145088,0.057019,0.871063,0.266762,0.044505,Bellevue_150th_Eastgate
866,0.648546,0.137907,0.045943,0.765918,0.175293,0.086049,Bellevue_150th_Eastgate
867,0.644405,0.143588,0.061991,0.830512,0.183442,0.004649,Bellevue_150th_Eastgate
868,0.645885,0.140497,0.059123,0.739654,0.210268,-0.020312,Bellevue_150th_Eastgate
869,0.617999,0.138641,0.053071,0.625661,0.198394,0.035222,Bellevue_150th_Eastgate
870,0.662403,0.152737,0.044331,0.6154,0.236364,0.021565,Bellevue_150th_Eastgate
871,0.662644,0.145165,0.0499,0.67579,0.231531,-0.005574,Bellevue_150th_Eastgate
872,0.656412,0.145512,0.050601,0.684351,0.165538,0.020793,Bellevue_150th_Eastgate
873,0.660544,0.145128,0.058264,0.819916,0.209879,0.006931,Bellevue_150th_Eastgate
874,0.615121,0.141772,0.05214,0.732059,0.225006,0.026171,Bellevue_150th_Eastgate
875,0.626226,0.144097,0.058248,0.774825,0.251182,-0.005312,Bellevue_150th_Eastgate
876,0.620058,0.14081,0.060918,0.678748,0.174935,0.024064,Bellevue_150th_Eastgate
877,0.615415,0.148826,0.052419,0.548628,0.140619,-0.007081,Bellevue_150th_Eastgate
878,0.670557,0.1495,0.048985,0.562671,0.13587,-0.002831,Bellevue_150th_Eastgate
879,0.67122,0.146945,0.041926,0.500795,0.176763,-0.035012,Bellevue_150th_Eastgate
880,0.663749,0.149977,0.050136,0.591311,0.134679,-0.007368,Bellevue_150th_Eastgate
881,0.663123,0.146461,0.059237,0.692842,0.156068,0.031238,Bellevue_150th_Eastgate
882,0.647399,0.148254,0.052093,0.777903,0.18135,0.05876,Bellevue_150th_Eastgate
883,0.665786,0.149231,0.051957,0.806364,0.192068,0.05956,Bellevue_150th_Eastgate
884,0.676546,0.146563,0.065452,0.795948,0.178491,0.092702,Bellevue_150th_Eastgate
885,0.658779,0.147275,0.05283,0.74417,0.185811,0.066806,Bellevue_150th_Eastgate
886,0.625127,0.147926,0.049374,0.713152,0.167624,0.097049,Bellevue_150th_Eastgate
887,0.626565,0.143281,0.055101,0.686803,0.082345,0.130851,Bellevue_150th_Eastgate
888,0.62103,0.139657,0.05552,0.711517,0.156325,0.087475,Bellevue_150th_Eastgate
889,0.618429,0.141556,0.053005,0.720415,0.199468,0.089585,Bellevue_150th_Eastgate
890,0.629622,0.14255,0.058598,0.787296,0.193185,0.113603,Bellevue_150th_Eastgate
891,0.625599,0.141204,0.057334,0.784421,0.226856,0.046528,Bellevue_150th_Eastgate
892,0.620155,0.148525,0.053302,0.788478,0.227496,0.002171,Bellevue_150th_Eastgate
893,0.635929,0.138496,0.064704,0.761146,0.228392,0.031124,Bellevue_150th_Eastgate
894,0.628618,0.139175,0.059985,0.745425,0.253396,0.015496,Bellevue_150th_Eastgate
895,0.672927,0.146033,0.062192,0.686729,0.199939,0.012694,Bellevue_150th_Eastgate
896,0.671134,0.148767,0.056569,0.784365,0.25088,-0.000585,Bellevue_150th_Eastgate
897,0.670794,0.144446,0.055126,0.631218,0.183819,0.005498,Bellevue_150th_Eastgate
898,0.672509,0.146412,0.055722,0.733115,0.187953,0.049064,Bellevue_150th_Eastgate
899,0.677996,0.147398,0.057049,0.816002,0.224435,0.024463,Bellevue_150th_Eastgate
900,0.674188,0.150528,0.059656,0.716165,0.206747,0.018253,Bellevue_150th_Eastgate
901,0.635843,0.149092,0.052925,0.842341,0.215326,0.043211,Bellevue_150th_Eastgate
902,0.621538,0.135111,0.052531,0.693784,0.258273,0.045509,Bellevue_150th_Eastgate
903,0.666884,0.151549,0.056733,0.707689,0.284478,0.033286,Bellevue_150th_Eastgate
904,0.620131,0.141033,0.049493,0.731491,0.276358,0.026969,Bellevue_150th_Eastgate
905,0.608894,0.142642,0.052026,0.652605,0.258767,0.016916,Bellevue_150th_Eastgate
906,0.601931,0.146298,0.048809,0.645628,0.298597,-0.006822,Bellevue_150th_Eastgate
907,0.624959,0.14212,0.049681,0.749086,0.299004,0.030741,Bellevue_150th_Eastgate
908,0.674316,0.147625,0.064791,0.786365,0.292618,0.096802,Bellevue_150th_Eastgate
909,0.66912,0.143541,0.061486,0.700416,0.161236,0.043421,Bellevue_150th_Eastgate
910,0.622913,0.145871,0.060121,0.782704,0.206968,-0.008545,Bellevue_150th_Eastgate
911,0.628428,0.132,0.059664,0.665084,0.196813,0.046755,Bellevue_150th_Eastgate
912,0.626257,0.139755,0.055775,0.678816,0.293823,0.013091,Bellevue_150th_Eastgate
913,0.613806,0.141169,0.054277,0.666819,0.349872,-0.001967,Bellevue_150th_Eastgate
914,0.638857,0.14096,0.048936,0.612533,0.261774,0.042294,Bellevue_150th_Eastgate
915,0.656109,0.146883,0.054452,0.600358,0.224364,0.04919,Bellevue_150th_Eastgate
916,0.663299,0.14594,0.051771,0.711538,0.314935,0.00927,Bellevue_150th_Eastgate
917,0.669488,0.144325,0.058078,0.654923,0.212858,0.049103,Bellevue_150th_Eastgate
918,0.657865,0.142193,0.057335,0.694525,0.177946,0.110346,Bellevue_150th_Eastgate
919,0.632322,0.157286,0.051517,0.675581,0.17632,0.026366,Bellevue_150th_Eastgate
920,0.613681,0.140544,0.062236,0.65222,0.226242,0.073551,Bellevue_150th_Eastgate
921,0.611105,0.147834,0.060228,0.792351,0.352451,0.031615,Bellevue_150th_Eastgate
922,0.620481,0.138575,0.051865,0.688054,0.275692,0.006954,Bellevue_150th_Eastgate
923,0.607055,0.134657,0.050313,0.558738,0.196979,0.000132,Bellevue_150th_Eastgate
924,0.631903,0.143205,0.047756,0.604306,0.132736,0.027492,Bellevue_150th_Eastgate
925,0.626892,0.139861,0.033775,0.656835,0.167107,0.007796,Bellevue_150th_Eastgate
926,0.619541,0.135742,0.043548,0.723697,0.217755,0.008912,Bellevue_150th_Eastgate
927,0.634113,0.140264,0.048496,0.670411,0.085688,0.055534,Bellevue_150th_Eastgate
928,0.621993,0.142592,0.066492,0.690893,0.119497,0.032662,Bellevue_150th_Eastgate
929,0.620088,0.136967,0.059651,0.623118,0.108626,0.139038,Bellevue_150th_Eastgate
930,0.646741,0.149785,0.084528,0.698367,0.119807,0.134544,Bellevue_150th_Eastgate
931,0.667495,0.154034,0.036054,0.702776,0.223622,0.038012,Bellevue_150th_Eastgate
932,0.667494,0.150961,0.045107,0.723968,0.214173,0.053895,Bellevue_150th_Eastgate
933,0.671391,0.149561,0.044545,0.7393,0.192874,0.057053,Bellevue_150th_Eastgate
934,0.664933,0.151163,0.059422,0.793519,0.217917,0.063304,Bellevue_150th_Eastgate
935,0.669422,0.150463,0.055387,0.678837,0.225113,0.032862,Bellevue_150th_Eastgate
936,0.661494,0.165536,0.039423,0.709304,0.233638,0.087677,Bellevue_150th_Eastgate
937,0.645533,0.142881,0.064269,0.735293,0.248596,0.068786,Bellevue_150th_Eastgate
938,0.615585,0.133923,0.063353,0.642036,0.18903,0.087824,Bellevue_150th_Eastgate
939,0.60625,0.145736,0.055941,0.563119,0.150601,0.081879,Bellevue_150th_Eastgate
940,0.663215,0.144506,0.054643,0.55237,0.116069,0.08131,Bellevue_150th_Eastgate
941,0.663303,0.146061,0.055427,0.629421,0.129475,0.077146,Bellevue_150th_Eastgate
942,0.672054,0.147548,0.041233,0.683281,0.175876,-0.003457,Bellevue_150th_Eastgate
943,0.658095,0.141224,0.047881,0.724491,0.216761,-0.038291,Bellevue_150th_Eastgate
944,0.660877,0.145486,0.047962,0.822163,0.157179,0.120567,Bellevue_150th_Eastgate
945,0.617883,0.141294,0.054535,0.747823,0.188252,0.066555,Bellevue_150th_Eastgate
946,0.599013,0.149669,0.059085,0.717184,0.173954,0.06496,Bellevue_150th_Eastgate
947,0.616965,0.144331,0.063037,0.761497,0.205192,0.060756,Bellevue_150th_Eastgate
948,0.614844,0.134613,0.057672,0.707539,0.16467,0.070159,Bellevue_150th_Eastgate
949,0.614171,0.145987,0.058372,0.720788,0.214597,0.033891,Bellevue_150th_Eastgate
950,0.658429,0.151666,0.048616,0.794202,0.253412,0.049619,Bellevue_150th_Eastgate
951,0.650616,0.143612,0.053138,0.864787,0.269767,0.020976,Bellevue_150th_Eastgate
952,0.637089,0.135561,0.050344,0.868032,0.289929,-0.046075,Bellevue_150th_Eastgate
953,0.624627,0.137973,0.044392,0.835981,0.295568,-0.032151,Bellevue_150th_Eastgate
954,0.658778,0.141562,0.041447,0.639419,0.151789,0.008766,Bellevue_150th_Eastgate
955,0.614468,0.143962,0.059188,0.737086,0.186706,0.04183,Bellevue_150th_Eastgate
956,0.620813,0.140647,0.058953,0.655035,0.168175,0.093724,Bellevue_150th_Eastgate
957,0.601928,0.14727,0.052105,0.660733,0.188448,0.045338,Bellevue_150th_Eastgate
958,0.65424,0.150159,0.048521,0.723712,0.19259,0.055273,Bellevue_150th_Eastgate
959,0.651531,0.149403,0.048704,0.642561,0.111988,0.053876,Bellevue_150th_Eastgate
960,0.64795,0.147764,0.052648,0.61477,0.136092,0.027122,Bellevue_150th_Eastgate
961,0.609106,0.142855,0.054569,0.693242,0.124789,0.04123,Bellevue_150th_Eastgate
962,0.604106,0.141543,0.047662,0.729906,0.168161,0.064719,Bellevue_150th_Eastgate
963,0.661003,0.150765,0.051097,0.763792,0.17732,0.077617,Bellevue_150th_Eastgate
964,0.658197,0.148134,0.057195,0.677306,0.174735,0.041407,Bellevue_150th_Eastgate
965,0.613567,0.147515,0.055777,0.644203,0.192356,0.085528,Bellevue_150th_Eastgate
966,0.659557,0.147821,0.046631,0.657713,0.211049,0.039322,Bellevue_150th_Eastgate
967,0.612475,0.138019,0.060031,0.725647,0.213732,0.033404,Bellevue_150th_Eastgate
968,0.604776,0.134487,0.059706,0.726803,0.26627,-0.00724,Bellevue_150th_Eastgate
969,0.63086,0.143083,0.054003,0.750828,0.195677,-0.002795,Bellevue_150th_Eastgate
970,0.604707,0.140266,0.059511,0.808948,0.17734,0.035219,Bellevue_150th_Eastgate
971,0.626739,0.141083,0.064259,0.640272,0.123776,0.065915,Bellevue_150th_Eastgate
972,0.604826,0.142996,0.056714,0.606972,0.188974,-0.008514,Bellevue_150th_Eastgate
973,0.616102,0.13087,0.044109,0.555997,0.226557,-0.023299,Bellevue_150th_Eastgate
974,0.620913,0.137398,0.056261,0.590034,0.193765,0.05621,Bellevue_150th_Eastgate
975,0.601979,0.146538,0.052318,0.663212,0.194359,0.124548,Bellevue_150th_Eastgate
976,0.625844,0.136372,0.05844,0.758832,0.285134,0.09295,Bellevue_150th_Eastgate
977,0.62484,0.136277,0.056222,0.713148,0.28383,0.016989,Bellevue_150th_Eastgate
978,0.612535,0.14832,0.059069,0.824764,0.264544,0.007923,Bellevue_150th_Eastgate
979,0.635722,0.131709,0.062893,0.720486,0.254442,0.050175,Bellevue_150th_Eastgate
980,0.610479,0.143288,0.05671,0.683381,0.213243,0.033163,Bellevue_150th_Eastgate
981,0.626983,0.140348,0.044034,0.660082,0.246939,-0.003005,Bellevue_150th_Eastgate
982,0.620432,0.139285,0.050389,0.623803,0.240458,0.003994,Bellevue_150th_Eastgate
983,0.602119,0.144259,0.052113,0.688241,0.219568,0.037084,Bellevue_150th_Eastgate
984,0.608185,0.139613,0.057682,0.708282,0.170363,0.009173,Bellevue_150th_Eastgate
985,0.616271,0.135297,0.062536,0.6951,0.160185,0.009937,Bellevue_150th_Eastgate
986,0.625554,0.140715,0.054171,0.774843,0.176701,0.007738,Bellevue_150th_Eastgate
987,0.614942,0.138269,0.058601,0.788248,0.18426,0.029783,Bellevue_150th_Eastgate
988,0.596807,0.134579,0.061262,0.700427,0.232273,0.02348,Bellevue_150th_Eastgate
989,0.663062,0.149936,0.054987,0.725297,0.30653,-0.017824,Bellevue_150th_Eastgate
990,0.666063,0.152293,0.037856,0.751373,0.301357,0.021635,Bellevue_150th_Eastgate
991,0.662,0.144866,0.04342,0.692812,0.199704,0.033946,Bellevue_150th_Eastgate
992,0.669868,0.150698,0.044813,0.762219,0.252181,0.022424,Bellevue_150th_Eastgate
993,0.650962,0.138862,0.047501,0.742357,0.223203,0.036461,Bellevue_150th_Eastgate
994,0.604848,0.140089,0.050031,0.735952,0.127378,0.037527,Bellevue_150th_Eastgate
995,0.652798,0.154187,0.04893,0.686085,0.106115,0.062626,Bellevue_150th_Eastgate
996,0.626021,0.145099,0.06028,0.679262,0.197805,0.050154,Bellevue_150th_Eastgate
997,0.607811,0.14115,0.059278,0.569627,0.210802,0.003612,Bellevue_150th_Eastgate
998,0.657127,0.150903,0.043644,0.65499,0.213113,0.061494,Bellevue_150th_Eastgate
999,0.615299,0.136916,0.052844,0.693154,0.22682,0.033312,Bellevue_150th_Eastgate
1000,0.605296,0.141993,0.05541,0.700457,0.201474,0.007342,Bellevue_150th_Eastgate
1001,0.612461,0.138814,0.04916,0.787672,0.19847,0.005259,Bellevue_150th_Eastgate
1002,0.627301,0.133495,0.043423,0.790225,0.216594,0.036992,Bellevue_150th_Eastgate
1003,0.617898,0.142356,0.050456,0.764274,0.229272,0.066332,Bellevue_150th_Eastgate
1004,0.595466,0.15338,0.061478,0.823265,0.190734,0.024301,Bellevue_150th_Eastgate
1005,0.601457,0.144442,0.060012,0.765944,0.209468,0.010366,Bellevue_150th_Eastgate
1006,0.592261,0.147687,0.052961,0.687222,0.223879,-0.039345,Bellevue_150th_Eastgate
1007,0.602868,0.146564,0.048681,0.737025,0.271179,-0.053089,Bellevue_150th_Eastgate
1008,0.603184,0.144112,0.050461,0.731734,0.24409,-0.049547,Bellevue_150th_Eastgate
1009,0.612323,0.135865,0.053717,0.783279,0.27176,-0.052937,Bellevue_150th_Eastgate
1010,0.616432,0.137872,0.048474,0.804776,0.256613,-0.049035,Bellevue_150th_Eastgate
1011,0.611907,0.133609,0.04847,0.820246,0.307976,0.002867,Bellevue_150th_Eastgate
1012,0.609262,0.143243,0.053698,0.800847,0.243187,0.075294,Bellevue_150th_Eastgate
1013,0.651105,0.146595,0.063459,0.80959,0.276711,0.0145,Bellevue_150th_Eastgate
1014,0.632898,0.131394,0.060306,0.683347,0.241534,0.015633,Bellevue_150th_Eastgate
1015,0.617081,0.14241,0.064607,0.656442,0.213529,0.067732,Bellevue_150th_Eastgate
1016,0.611805,0.146041,0.055869,0.618326,0.165941,0.06466,Bellevue_150th_Eastgate
1017,0.616005,0.144613,0.058403,0.681743,0.205897,0.074111,Bellevue_150th_Eastgate
1018,0.620525,0.140775,0.057805,0.759986,0.194911,0.071505,Bellevue_150th_Eastgate
1019,0.607943,0.140901,0.055947,0.724202,0.187028,0.085532,Bellevue_150th_Eastgate
1020,0.65343,0.145879,0.056182,0.732008,0.21116,0.042886,Bellevue_150th_Eastgate
1021,0.60212,0.146699,0.063878,0.782656,0.234622,0.068365,Bellevue_150th_Eastgate
1022,0.606897,0.137947,0.064887,0.79639,0.223881,0.076624,Bellevue_150th_Eastgate
1023,0.608597,0.139291,0.059315,0.660319,0.238466,0.029109,Bellevue_150th_Eastgate
1024,0.615013,0.142381,0.054901,0.606842,0.191311,0.05967,Bellevue_150th_Eastgate
1025,0.604588,0.142838,0.057619,0.644081,0.218762,0.066487,Bellevue_150th_Eastgate
1026,0.612109,0.134712,0.056084,0.672614,0.206932,0.049864,Bellevue_150th_Eastgate
1027,0.606988,0.13404,0.05348,0.707936,0.237639,0.048447,Bellevue_150th_Eastgate
1028,0.607919,0.135837,0.054044,0.712588,0.198714,0.050186,Bellevue_150th_Eastgate
1029,0.599651,0.144079,0.056691,0.793149,0.202417,0.094969,Bellevue_150th_Eastgate
1030,0.60936,0.142333,0.063366,0.822255,0.209721,0.081176,Bellevue_150th_Eastgate
1031,0.614904,0.138333,0.058181,0.722254,0.203616,0.088813,Bellevue_150th_Eastgate
1032,0.605123,0.141824,0.05677,0.650083,0.207809,0.094045,Bellevue_150th_Eastgate
1033,0.613055,0.137508,0.057453,0.689656,0.140618,0.068387,Bellevue_150th_Eastgate
1034,0.607849,0.139449,0.05865,0.741484,0.166334,0.023445,Bellevue_150th_Eastgate
1035,0.612199,0.134647,0.060964,0.680011,0.169968,0.015291,Bellevue_150th_Eastgate
1036,0.629098,0.142798,0.054534,0.689419,0.155119,0.004759,Bellevue_150th_Eastgate
1037,0.607095,0.146811,0.054694,0.73816,0.156816,0.002575,Bellevue_150th_Eastgate
1038,0.606656,0.147533,0.064091,0.863107,0.204648,-0.007863,Bellevue_150th_Eastgate
1039,0.615361,0.129141,0.058726,0.711484,0.204377,0.076363,Bellevue_150th_Eastgate
1040,0.615233,0.139486,0.058966,0.523044,0.075774,0.053982,Bellevue_150th_Eastgate
1041,0.610314,0.139305,0.056633,0.529742,0.0975,0.085901,Bellevue_150th_Eastgate
1042,0.618175,0.136665,0.056912,0.632655,0.109835,0.120026,Bellevue_150th_Eastgate
1043,0.621668,0.135543,0.058881,0.691079,0.15982,0.055502,Bellevue_150th_Eastgate
1044,0.598502,0.129774,0.045612,0.738716,0.188812,0.034939,Bellevue_150th_Eastgate
1045,0.598667,0.136344,0.056322,0.816629,0.173588,0.012346,Bellevue_150th_Eastgate
1046,0.612773,0.139982,0.065918,0.856186,0.203386,0.018396,Bellevue_150th_Eastgate
1047,0.619741,0.137119,0.061323,0.740197,0.186618,0.047263,Bellevue_150th_Eastgate
1048,0.600926,0.139306,0.055999,0.534762,0.19303,0.056409,Bellevue_150th_Eastgate
1049,0.617598,0.139864,0.055046,0.458535,0.169657,0.025846,Bellevue_150th_Eastgate
1050,0.669192,0.147802,0.050822,0.532017,0.194471,0.03267,Bellevue_150th_Eastgate
1051,0.630172,0.13679,0.053886,0.634189,0.28286,0.043303,Bellevue_150th_Eastgate
1052,0.625233,0.13578,0.050963,0.704983,0.212707,0.088187,Bellevue_150th_Eastgate
1053,0.618574,0.128859,0.048081,0.751549,0.274773,0.020951,Bellevue_150th_Eastgate
1054,0.612332,0.138149,0.063571,0.794912,0.232835,0.031792,Bellevue_150th_Eastgate
1055,0.604697,0.13821,0.054054,0.61124,0.174428,-0.002779,Bellevue_150th_Eastgate
1056,0.602309,0.140231,0.053526,0.635486,0.259513,-0.049634,Bellevue_150th_Eastgate
1057,0.602771,0.136151,0.057189,0.65375,0.305374,0.044872,Bellevue_150th_Eastgate
1058,0.612857,0.13555,0.05926,0.676816,0.247483,0.11359,Bellevue_150th_Eastgate
1059,0.600653,0.140565,0.052923,0.662682,0.251085,0.049935,Bellevue_150th_Eastgate
1060,0.613839,0.13985,0.059561,0.653163,0.280024,0.03385,Bellevue_150th_Eastgate
1061,0.605115,0.141535,0.055766,0.65898,0.212386,-0.053876,Bellevue_150th_Eastgate
1062,0.601416,0.137717,0.050794,0.606796,0.173292,-0.024454,Bellevue_150th_Eastgate
1063,0.596711,0.147705,0.060823,0.702552,0.215119,-0.067492,Bellevue_150th_Eastgate
1064,0.604449,0.138379,0.060884,0.7302,0.146917,0.037511,Bellevue_150th_Eastgate
1065,0.591512,0.142868,0.055783,0.663829,0.136428,0.103644,Bellevue_150th_Eastgate
1066,0.606753,0.145582,0.051967,0.64521,0.111873,0.155183,Bellevue_150th_Eastgate
1067,0.606582,0.134529,0.059279,0.661914,0.128666,0.112492,Bellevue_150th_Eastgate
1068,0.605691,0.137693,0.059321,0.638036,0.167829,0.113281,Bellevue_150th_Eastgate
1069,0.599761,0.140716,0.062987,0.769059,0.26469,0.09368,Bellevue_150th_Eastgate
1070,0.610201,0.134696,0.058714,0.84873,0.268131,0.046896,Bellevue_150th_Eastgate
1071,0.624981,0.122952,0.056857,0.624075,0.200116,0.054692,Bellevue_150th_Eastgate
1072,0.616546,0.142368,0.05893,0.69225,0.29519,-0.055689,Bellevue_150th_Eastgate
1073,0.618624,0.134103,0.057179,0.734152,0.334294,0.031448,Bellevue_150th_Eastgate
1074,0.611184,0.138659,0.061341,0.720017,0.310358,0.101026,Bellevue_150th_Eastgate
1075,0.609196,0.138559,0.057408,0.689513,0.277586,0.11332,Bellevue_150th_Eastgate
1076,0.61844,0.139,0.062169,0.707662,0.290309,0.072975,Bellevue_150th_Eastgate
1077,0.603933,0.133867,0.05732,0.655043,0.298905,0.008296,Bellevue_150th_Eastgate
1078,0.606438,0.141696,0.055959,0.632254,0.24818,-0.084547,Bellevue_150th_Eastgate
1079,0.62602,0.13361,0.064014,0.55407,0.204037,-0.102894,Bellevue_150th_Eastgate
1080,0.610727,0.132154,0.05795,0.536067,0.175831,-0.0307,Bellevue_150th_Eastgate
1081,0.617002,0.137546,0.054449,0.517929,0.163817,-0.020201,Bellevue_150th_Eastgate
1082,0.615723,0.138655,0.051836,0.580213,0.1756,0.024172,Bellevue_150th_Eastgate
1083,0.616582,0.133752,0.049965,0.570987,0.16085,0.081141,Bellevue_150th_Eastgate
1084,0.61283,0.137613,0.057204,0.685829,0.212042,0.1167,Bellevue_150th_Eastgate
1085,0.614744,0.138438,0.058145,0.738404,0.254417,0.035525,Bellevue_150th_Eastgate
1086,0.655262,0.141208,0.058685,0.681038,0.175754,0.030217,Bellevue_150th_Eastgate
1087,0.598186,0.146676,0.063018,0.80302,0.182947,0.088308,Bellevue_150th_Eastgate
1088,0.614462,0.134409,0.064842,0.701397,0.122811,0.108301,Bellevue_150th_Eastgate
1089,0.602024,0.142074,0.060372,0.715472,0.114055,0.115715,Bellevue_150th_Eastgate
1090,0.600385,0.139289,0.053275,0.727232,0.103026,0.176447,Bellevue_150th_Eastgate
1091,0.601003,0.136984,0.058705,0.722923,0.067716,0.200608,Bellevue_150th_Eastgate
1092,0.605606,0.143368,0.06163,0.705573,0.049549,0.149084,Bellevue_150th_Eastgate
1093,0.620102,0.137747,0.053751,0.758826,0.12331,0.088356,Bellevue_150th_Eastgate
1094,0.623115,0.149012,0.049635,0.710998,0.139579,0.047911,Bellevue_150th_Eastgate
1095,0.621579,0.138959,0.062716,0.806401,0.165574,0.003602,Bellevue_150th_Eastgate
1096,0.624075,0.132255,0.063629,0.742232,0.152118,0.027693,Bellevue_150th_Eastgate
1097,0.596616,0.136012,0.059413,0.607983,0.120822,0.042824,Bellevue_150th_Eastgate
1098,0.615722,0.137738,0.058912,0.542006,0.105759,-0.008896,Bellevue_150th_Eastgate
1099,0.623912,0.138234,0.058304,0.549955,0.095685,0.036104,Bellevue_150th_Eastgate
1100,0.609256,0.139921,0.055745,0.61156,0.18715,0.044258,Bellevue_150th_Eastgate
1101,0.608694,0.13829,0.057695,0.676151,0.165213,0.087732,Bellevue_150th_Eastgate
1102,0.610132,0.138302,0.060561,0.715276,0.130259,0.131432,Bellevue_150th_Eastgate
1103,0.60294,0.136361,0.054065,0.739177,0.222874,0.091327,Bellevue_150th_Eastgate
1104,0.599456,0.135364,0.061924,0.757335,0.212599,0.097975,Bellevue_150th_Eastgate
1105,0.608007,0.135528,0.063494,0.797372,0.206162,0.032261,Bellevue_150th_Eastgate
1106,0.60978,0.134971,0.059813,0.629434,0.165856,0.001126,Bellevue_150th_Eastgate
1107,0.600228,0.139679,0.06008,0.703636,0.256972,0.066252,Bellevue_150th_Eastgate
1108,0.60665,0.137135,0.056081,0.773907,0.260681,0.113979,Bellevue_150th_Eastgate
1109,0.629861,0.135112,0.042474,0.752598,0.206451,0.137177,Bellevue_150th_Eastgate
1110,0.599757,0.137036,0.059118,0.706782,0.153827,0.067878,Bellevue_150th_Eastgate
1111,0.598507,0.148672,0.062149,0.887292,0.175908,0.09947,Bellevue_150th_Eastgate
1112,0.627733,0.122987,0.060581,0.782304,0.212478,0.058827,Bellevue_150th_Eastgate
1113,0.611946,0.135124,0.055481,0.752214,0.197586,-0.000567,Bellevue_150th_Eastgate
1114,0.619027,0.130521,0.059702,0.810272,0.230725,-0.015267,Bellevue_150th_Eastgate
1115,0.599296,0.132684,0.056081,0.686468,0.136039,0.000912,Bellevue_150th_Eastgate
1116,0.597562,0.132905,0.061002,0.752129,0.169623,0.037392,Bellevue_150th_Eastgate
1117,0.592383,0.137511,0.056023,0.725271,0.176759,0.008402,Bellevue_150th_Eastgate
1118,0.61134,0.139451,0.063507,0.883656,0.204914,0.045047,Bellevue_150th_Eastgate
1119,0.614579,0.118074,0.056642,0.664314,0.176328,-0.002109,Bellevue_150th_Eastgate
1120,0.610544,0.139132,0.062428,0.667736,0.13134,-0.015852,Bellevue_150th_Eastgate
1121,0.619546,0.135323,0.053072,0.748823,0.172716,-0.001966,Bellevue_150th_Eastgate
1122,0.624029,0.125661,0.045616,0.736528,0.195857,-0.037893,Bellevue_150th_Eastgate
1123,0.611435,0.139381,0.057263,0.866952,0.189032,0.002086,Bellevue_150th_Eastgate
1124,0.626057,0.134308,0.039023,0.770419,0.211943,-0.042957,Bellevue_150th_Eastgate
1125,0.601886,0.141952,0.063204,0.77321,0.238476,-0.001864,Bellevue_150th_Eastgate
1126,0.598193,0.131006,0.059199,0.720414,0.140379,-0.04613,Bellevue_150th_Eastgate
1127,0.611772,0.134324,0.050297,0.786474,0.233932,-0.038859,Bellevue_150th_Eastgate
1128,0.584777,0.132654,0.063684,0.694154,0.242754,0.028453,Bellevue_150th_Eastgate
1129,0.579893,0.130389,0.059808,0.680647,0.205027,0.05765,Bellevue_150th_Eastgate
1130,0.611346,0.131067,0.061643,0.735891,0.235266,0.041611,Bellevue_150th_Eastgate
1131,0.600943,0.132567,0.055736,0.802492,0.279073,0.109136,Bellevue_150th_Eastgate
1132,0.611818,0.129429,0.063648,0.783044,0.179864,0.125046,Bellevue_150th_Eastgate
1133,0.611241,0.128339,0.063077,0.711019,0.214232,0.047818,Bellevue_150th_Eastgate
1134,0.589903,0.147306,0.062149,0.689387,0.225313,-0.010439,Bellevue_150th_Eastgate
1135,0.597062,0.141069,0.049226,0.661091,0.276275,-0.036889,Bellevue_150th_Eastgate
1136,0.591825,0.138614,0.05506,0.759138,0.359456,-0.03529,Bellevue_150th_Eastgate
1137,0.607791,0.140187,0.044519,0.642062,0.31943,-0.036843,Bellevue_150th_Eastgate
1138,0.590198,0.144571,0.043952,0.668335,0.262237,-0.025862,Bellevue_150th_Eastgate
1139,0.605139,0.139048,0.052593,0.729463,0.223946,-0.031205,Bellevue_150th_Eastgate
1140,0.578826,0.148612,0.05647,0.727359,0.185355,-0.000749,Bellevue_150th_Eastgate
1141,0.589326,0.145242,0.064761,0.689238,0.199513,0.041601,Bellevue_150th_Eastgate
1142,0.586661,0.149099,0.05867,0.615433,0.169212,0.043882,Bellevue_150th_Eastgate
1143,0.604606,0.146521,0.042484,0.742796,0.294217,0.018509,Bellevue_150th_Eastgate
1144,0.599218,0.144073,0.046294,0.648754,0.251995,0.049645,Bellevue_150th_Eastgate
1145,0.601832,0.13514,0.053933,0.67071,0.195384,0.081005,Bellevue_150th_Eastgate
1146,0.585621,0.135205,0.048818,0.688734,0.329117,-0.007024,Bellevue_150th_Eastgate
1147,0.653696,0.141789,0.050032,0.646922,0.241555,0.023522,Bellevue_150th_Eastgate
1148,0.609784,0.137013,0.064445,0.794928,0.300144,0.038461,Bellevue_150th_Eastgate
1149,0.59138,0.132985,0.059987,0.763015,0.340795,-0.006737,Bellevue_150th_Eastgate
1150,0.60709,0.134329,0.049008,0.655201,0.297144,0.029771,Bellevue_150th_Eastgate
1151,0.604264,0.138555,0.058109,0.685064,0.230246,0.12901,Bellevue_150th_Eastgate
1152,0.605713,0.132997,0.05442,0.639091,0.250719,0.102422,Bellevue_150th_Eastgate
1153,0.607979,0.133044,0.046176,0.695224,0.21922,0.168328,Bellevue_150th_Eastgate
1154,0.614568,0.136048,0.050395,0.648416,0.337504,0.005679,Bellevue_150th_Eastgate
1155,0.598592,0.149283,0.060139,0.666987,0.35999,-0.11312,Bellevue_150th_Eastgate
1156,0.614303,0.138236,0.062586,0.696701,0.345611,-0.125895,Bellevue_150th_Eastgate
1157,0.608383,0.142119,0.059214,0.620546,0.227443,-0.030664,Bellevue_150th_Eastgate
1158,0.618729,0.134727,0.046277,0.608399,0.21032,-0.020573,Bellevue_150th_Eastgate
1159,0.614225,0.133858,0.058224,0.589436,0.313349,0.018246,Bellevue_150th_Eastgate
1160,0.596476,0.138148,0.055735,0.669391,0.291446,0.021659,Bellevue_150th_Eastgate
1161,0.60509,0.131696,0.057731,0.743454,0.195008,0.066385,Bellevue_150th_Eastgate
1162,0.599514,0.133894,0.055256,0.785737,0.166104,0.09228,Bellevue_150th_Eastgate
1163,0.599343,0.127044,0.056298,0.721077,0.211862,0.034728,Bellevue_150th_Eastgate
1164,0.606154,0.14048,0.060328,0.664228,0.235336,-0.017381,Bellevue_150th_Eastgate
1165,0.608384,0.138258,0.05238,0.757776,0.320767,0.008877,Bellevue_150th_Eastgate
1166,0.611527,0.132659,0.048579,0.66339,0.201736,0.088765,Bellevue_150th_Eastgate
1167,0.603375,0.136639,0.05178,0.63026,0.222625,0.059576,Bellevue_150th_Eastgate
1168,0.5848,0.141093,0.053459,0.639854,0.179558,0.052373,Bellevue_150th_Eastgate
1169,0.615729,0.130556,0.047908,0.52923,0.253713,0.021637,Bellevue_150th_Eastgate
1170,0.633869,0.124597,0.050668,0.60662,0.287252,0.074167,Bellevue_150th_Eastgate
1171,0.593052,0.134441,0.048843,0.568324,0.22938,-0.039044,Bellevue_150th_Eastgate
1172,0.59301,0.139384,0.068237,0.793582,0.480785,-0.092991,Bellevue_150th_Eastgate
1173,0.609666,0.123897,0.057253,0.737238,0.322318,0.047098,Bellevue_150th_Eastgate
1174,0.592818,0.141013,0.061087,0.677079,0.297024,0.028947,Bellevue_150th_Eastgate
1175,0.595018,0.141471,0.059828,0.692732,0.280466,0.062368,Bellevue_150th_Eastgate
1176,0.600236,0.13407,0.050651,0.627949,0.2656,0.039933,Bellevue_150th_Eastgate
1177,0.597759,0.140857,0.051619,0.661629,0.214271,0.101504,Bellevue_150th_Eastgate
1178,0.595699,0.139065,0.052336,0.735612,0.361881,0.088746,Bellevue_150th_Eastgate
1179,0.623183,0.140472,0.052802,0.643736,0.214663,0.09065,Bellevue_150th_Eastgate
1180,0.585715,0.147605,0.063537,0.748218,0.256961,0.027408,Bellevue_150th_Eastgate
1181,0.588659,0.130415,0.054543,0.664795,0.25652,-0.025183,Bellevue_150th_Eastgate
1182,0.605653,0.14328,0.050198,0.663858,0.218947,0.038714,Bellevue_150th_Eastgate
1183,0.629824,0.126165,0.060539,0.735152,0.264769,-0.011036,Bellevue_150th_Eastgate
1184,0.620265,0.134463,0.056294,0.831272,0.30258,0.054745,Bellevue_150th_Eastgate
1185,0.646972,0.127002,0.064309,0.812463,0.289633,0.020489,Bellevue_150th_Eastgate
1186,0.594541,0.133554,0.055621,0.730158,0.258862,0.042504,Bellevue_150th_Eastgate
1187,0.583939,0.129309,0.060897,0.845352,0.196739,0.070546,Bellevue_150th_Eastgate
1188,0.611528,0.113767,0.064663,0.683965,0.236928,-0.043417,Bellevue_150th_Eastgate
1189,0.592646,0.145933,0.063121,0.638851,0.240442,-0.029973,Bellevue_150th_Eastgate
1190,0.600726,0.136963,0.060204,0.753058,0.27201,-0.015724,Bellevue_150th_Eastgate
1191,0.610839,0.125738,0.055536,0.690389,0.212307,0.002094,Bellevue_150th_Eastgate
1192,0.595044,0.127871,0.061523,0.720032,0.30145,0.007827,Bellevue_150th_Eastgate
1193,0.601955,0.13331,0.061092,0.716126,0.179198,0.017885,Bellevue_150th_Eastgate
1194,0.590602,0.149741,0.066237,0.844609,0.249908,-0.019839,Bellevue_150th_Eastgate
1195,0.595211,0.128585,0.058707,0.702383,0.217205,0.042799,Bellevue_150th_Eastgate
1196,0.599059,0.143882,0.066496,0.764136,0.300967,0.0972,Bellevue_150th_Eastgate
1197,0.599356,0.14146,0.060928,0.766229,0.296612,0.104624,Bellevue_150th_Eastgate
1198,0.617548,0.128187,0.050606,0.82529,0.262773,0.105555,Bellevue_150th_Eastgate
1199,0.609549,0.130287,0.047119,0.797545,0.198064,0.154003,Bellevue_150th_Eastgate
1200,0.608978,0.12841,0.053307,0.712027,0.249458,0.100411,Bellevue_150th_Eastgate
1201,0.608526,0.137524,0.049294,0.657076,0.135006,0.118496,Bellevue_150th_Eastgate
1202,0.596931,0.140185,0.062156,0.699485,0.187007,0.091785,Bellevue_150th_Eastgate
1203,0.582032,0.128927,0.054141,0.683094,0.168034,0.05524,Bellevue_150th_Eastgate
1204,0.601955,0.126195,0.050831,0.652501,0.199244,0.025356,Bellevue_150th_Eastgate
1205,0.601724,0.12431,0.057752,0.663497,0.302303,0.074823,Bellevue_150th_Eastgate
1206,0.594412,0.126349,0.054691,0.638676,0.352705,0.034732,Bellevue_150th_Eastgate
1207,0.587776,0.132394,0.056163,0.56442,0.254618,0.057968,Bellevue_150th_Eastgate
1208,0.582772,0.131627,0.061419,0.755996,0.190826,0.039459,Bellevue_150th_Eastgate
1209,0.579739,0.138365,0.069132,0.809355,0.179938,0.006411,Bellevue_150th_Eastgate
1210,0.583485,0.132628,0.067426,0.752045,0.150134,0.023133,Bellevue_150th_Eastgate
1211,0.577435,0.133256,0.060254,0.670242,0.216431,-0.035541,Bellevue_150th_Eastgate
1212,0.592583,0.132254,0.059914,0.734267,0.29107,-0.064528,Bellevue_150th_Eastgate
1213,0.587143,0.131686,0.064142,0.720213,0.303083,-0.124375,Bellevue_150th_Eastgate
1214,0.605852,0.128714,0.052974,0.644334,0.266075,-0.039486,Bellevue_150th_Eastgate
1215,0.589853,0.131683,0.054911,0.637471,0.182684,0.021418,Bellevue_150th_Eastgate
1216,0.588373,0.141961,0.057162,0.721677,0.212722,0.019386,Bellevue_150th_Eastgate
1217,0.586456,0.14517,0.063367,0.799423,0.289024,0.0055,Bellevue_150th_Eastgate
1218,0.536138,0.102056,0.034279,0.692785,0.256677,0.01028,Bellevue_150th_Eastgate
1219,0.583838,0.136448,0.067061,0.697649,0.238879,0.076137,Bellevue_150th_Eastgate
1220,0.586956,0.13843,0.05626,0.706249,0.225251,0.093653,Bellevue_150th_Eastgate
1221,0.598832,0.133251,0.05347,0.616841,0.129519,0.149153,Bellevue_150th_Eastgate
1222,0.596052,0.136311,0.060228,0.769518,0.283242,0.143886,Bellevue_150th_Eastgate
1223,0.611808,0.129208,0.053546,0.727676,0.252307,0.075274,Bellevue_150th_Eastgate
1224,0.588502,0.147728,0.067066,0.760071,0.228479,0.070838,Bellevue_150th_Eastgate
1225,0.580701,0.135197,0.06293,0.645134,0.285806,-0.002304,Bellevue_150th_Eastgate
1226,0.580777,0.142459,0.065254,0.504429,0.233747,-0.031295,Bellevue_150th_Eastgate
1227,0.591091,0.142972,0.052656,0.603789,0.240077,-0.060343,Bellevue_150th_Eastgate
1228,0.602917,0.134458,0.051429,0.639066,0.279815,-0.01353,Bellevue_150th_Eastgate
1229,0.606914,0.13274,0.053378,0.659886,0.246551,0.004457,Bellevue_150th_Eastgate
1230,0.606531,0.128983,0.053878,0.510704,0.079287,0.09127,Bellevue_150th_Eastgate
1231,0.581345,0.150874,0.067382,0.646008,0.133749,0.048934,Bellevue_150th_Eastgate
1232,0.583592,0.137402,0.066796,0.635999,0.208636,0.025711,Bellevue_150th_Eastgate
1233,0.583225,0.139173,0.062587,0.689733,0.287522,0.002843,Bellevue_150th_Eastgate
1234,0.595077,0.12712,0.05403,0.679804,0.209841,0.018798,Bellevue_150th_Eastgate
1235,0.589963,0.12432,0.058424,0.627518,0.210657,0.068485,Bellevue_150th_Eastgate
1236,0.586186,0.132039,0.058298,0.711551,0.184659,0.084886,Bellevue_150th_Eastgate
1237,0.581044,0.127446,0.063379,0.754484,0.148138,0.057904,Bellevue_150th_Eastgate
1238,0.583547,0.136496,0.056125,0.794155,0.1354,0.031064,Bellevue_150th_Eastgate
1239,0.587816,0.128361,0.058333,0.747098,0.080627,0.048431,Bellevue_150th_Eastgate
1240,0.5868,0.127406,0.05795,0.712806,0.196263,-0.013979,Bellevue_150th_Eastgate
1241,0.581998,0.148128,0.062646,0.652908,0.190732,0.022962,Bellevue_150th_Eastgate
1242,0.59977,0.142707,0.061956,0.766587,0.239547,0.064777,Bellevue_150th_Eastgate
1243,0.605845,0.124154,0.047948,0.640859,0.243591,0.046044,Bellevue_150th_Eastgate
1244,0.593326,0.125081,0.05714,0.674796,0.286026,0.028837,Bellevue_150th_Eastgate
1245,0.596448,0.138499,0.058855,0.684516,0.252852,0.031641,Bellevue_150th_Eastgate
1246,0.585186,0.142759,0.064955,0.827499,0.261562,0.066595,Bellevue_150th_Eastgate
1247,0.589632,0.126167,0.058168,0.615889,0.217258,-0.008531,Bellevue_150th_Eastgate
1248,0.585246,0.142334,0.05531,0.600093,0.202356,-0.037033,Bellevue_150th_Eastgate
1249,0.597022,0.130699,0.050581,0.727217,0.230634,0.061179,Bellevue_150th_Eastgate
1250,0.57519,0.117754,0.066411,0.774558,0.251271,0.086919,Bellevue_150th_Eastgate
1251,0.582692,0.127023,0.040694,0.73926,0.180162,0.099183,Bellevue_150th_Eastgate
1252,0.598617,0.121512,0.061196,0.697924,0.142032,0.140441,Bellevue_150th_Eastgate
1253,0.592682,0.122405,0.054106,0.605455,0.159739,0.049077,Bellevue_150th_Eastgate
1254,0.574302,0.148358,0.068359,0.896457,0.220567,0.111607,Bellevue_150th_Eastgate
1255,0.595097,0.108424,0.063516,0.67603,0.19919,-0.003733,Bellevue_150th_Eastgate
1256,0.583586,0.139036,0.06895,0.671748,0.19738,-0.006321,Bellevue_150th_Eastgate
1257,0.588359,0.139879,0.05796,0.658402,0.215026,-0.081358,Bellevue_150th_Eastgate
1258,0.591994,0.121873,0.05614,0.685919,0.163572,0.056732,Bellevue_150th_Eastgate
1259,0.593001,0.130563,0.054172,0.69392,0.137459,0.152953,Bellevue_150th_Eastgate
1260,0.570138,0.137648,0.059377,0.916499,0.314383,0.037465,Bellevue_150th_Eastgate
1261,0.585145,0.115043,0.061088,0.730576,0.211852,0.014454,Bellevue_150th_Eastgate
1262,0.576746,0.131211,0.064823,0.748709,0.256161,-0.065106,Bellevue_150th_Eastgate
1263,0.504849,0.085899,0.066417,0.640246,0.218103,-0.00161,Bellevue_150th_Eastgate
1264,0.585913,0.126436,0.061016,0.654058,0.290324,-0.021527,Bellevue_150th_Eastgate
1265,0.578606,0.124937,0.062083,0.621564,0.183097,-0.005267,Bellevue_150th_Eastgate
1266,0.567559,0.132887,0.058489,0.692986,0.301452,0.029486,Bellevue_150th_Eastgate
1267,0.58019,0.142199,0.058089,0.845893,0.356943,-0.01835,Bellevue_150th_Eastgate
1268,0.604273,0.124057,0.063232,0.742436,0.345628,0.020582,Bellevue_150th_Eastgate
1269,0.602561,0.130358,0.047559,0.706099,0.340896,0.067207,Bellevue_150th_Eastgate
1270,0.601018,0.127671,0.063733,0.904861,0.291734,0.292036,Bellevue_150th_Eastgate
1271,0.6238,0.116952,0.063742,0.915836,0.255357,0.290029,Bellevue_150th_Eastgate
1272,0.62063,0.117416,0.058174,0.853631,0.174281,0.266213,Bellevue_150th_Eastgate
1273,0.633199,0.115806,0.061855,0.819569,0.224496,0.322659,Bellevue_150th_Eastgate
1274,0.633379,0.117001,0.05989,0.714863,0.200345,0.13299,Bellevue_150th_Eastgate
1275,0.586304,0.144441,0.065852,0.727112,0.202856,0.045617,Bellevue_150th_Eastgate
1276,0.578329,0.125093,0.061795,0.663618,0.271947,-0.038671,Bellevue_150th_Eastgate
1277,0.590765,0.136645,0.050413,0.716903,0.228099,-0.095263,Bellevue_150th_Eastgate
1278,0.605046,0.125969,0.050677,0.745142,0.271572,-0.095313,Bellevue_150th_Eastgate
1279,0.590672,0.123006,0.054639,0.713376,0.2414,0.037344,Bellevue_150th_Eastgate
1280,0.573302,0.117589,0.056304,0.822964,0.195739,0.118877,Bellevue_150th_Eastgate
1281,0.575712,0.135926,0.056583,0.836056,0.129048,0.107447,Bellevue_150th_Eastgate
1282,0.594845,0.133677,0.056073,0.701194,0.181468,0.071573,Bellevue_150th_Eastgate
1283,0.584636,0.137038,0.059717,0.68457,0.279074,0.025252,Bellevue_150th_Eastgate
1284,0.603013,0.129048,0.04916,0.671592,0.276583,-0.011126,Bellevue_150th_Eastgate
1285,0.618455,0.124599,0.044836,0.702315,0.278419,0.014806,Bellevue_150th_Eastgate
1286,0.602862,0.135839,0.04533,0.681303,0.224064,0.083793,Bellevue_150th_Eastgate
1287,0.604281,0.128874,0.050988,0.650997,0.275636,0.033829,Bellevue_150th_Eastgate
1288,0.590081,0.138739,0.056574,0.663758,0.26768,-0.068179,Bellevue_150th_Eastgate
1289,0.598561,0.129262,0.056668,0.588128,0.235845,0.002788,Bellevue_150th_Eastgate
1290,0.587352,0.136135,0.057399,0.536901,0.161928,0.078837,Bellevue_150th_Eastgate
1291,0.584664,0.130015,0.055773,0.590782,0.158008,0.052518,Bellevue_150th_Eastgate
1292,0.583455,0.124946,0.061076,0.516097,0.03708,0.033535,Bellevue_150th_Eastgate
1293,0.570136,0.141347,0.05805,0.499615,0.09828,0.018953,Bellevue_150th_Eastgate
1294,0.604121,0.130655,0.054496,0.567486,0.183479,0.057083,Bellevue_150th_Eastgate
1295,0.58712,0.138558,0.059301,0.681392,0.290933,0.011937,Bellevue_150th_Eastgate
1296,0.571199,0.125067,0.062535,0.615384,0.111715,0.077367,Bellevue_150th_Eastgate
1297,0.56245,0.152097,0.069937,0.630329,0.155074,0.078754,Bellevue_150th_Eastgate
1298,0.594979,0.127458,0.048416,0.605143,0.163483,0.135524,Bellevue_150th_Eastgate
1299,0.598559,0.125476,0.044738,0.640795,0.187485,0.117773,Bellevue_150th_Eastgate
1300,0.59116,0.123844,0.052506,0.65015,0.202995,0.096624,Bellevue_150th_Eastgate
1301,0.593804,0.130038,0.052429,0.685323,0.170433,0.128012,Bellevue_150th_Eastgate
1302,0.575263,0.133997,0.054236,0.614831,0.085082,0.057774,Bellevue_150th_Eastgate
1303,0.572311,0.151135,0.061835,0.661875,0.146285,0.034037,Bellevue_150th_Eastgate
1304,0.576815,0.135784,0.061042,0.502416,0.136253,0.01882,Bellevue_150th_Eastgate
1305,0.597053,0.131372,0.055637,0.491024,0.10801,0.104341,Bellevue_150th_Eastgate
1306,0.590151,0.140378,0.057628,0.57044,0.121173,0.047631,Bellevue_150th_Eastgate
1307,0.616065,0.1291,0.043758,0.606884,0.184085,0.003079,Bellevue_150th_Eastgate
1308,0.615465,0.12503,0.048211,0.57443,0.187564,-0.001756,Bellevue_150th_Eastgate
1309,0.603829,0.13215,0.046794,0.594685,0.11015,0.032179,Bellevue_150th_Eastgate
1310,0.592566,0.132356,0.054276,0.607881,0.057158,0.015102,Bellevue_150th_Eastgate
1311,0.582108,0.131041,0.063768,0.691987,0.079781,0.045456,Bellevue_150th_Eastgate
1312,0.597601,0.109006,0.059602,0.705871,0.188072,0.007846,Bellevue_150th_Eastgate
1313,0.595434,0.131465,0.060112,0.578788,0.200582,0.011922,Bellevue_150th_Eastgate
1314,0.601665,0.133385,0.055499,0.825387,0.284193,0.047686,Bellevue_150th_Eastgate
1315,0.622052,0.119663,0.053614,0.804154,0.313178,0.027957,Bellevue_150th_Eastgate
1316,0.617967,0.119416,0.05188,0.806964,0.339614,-0.017763,Bellevue_150th_Eastgate
1317,0.600675,0.128182,0.052067,0.815775,0.31278,0.08123,Bellevue_150th_Eastgate
1318,0.583603,0.138146,0.061893,0.850972,0.281299,0.053505,Bellevue_150th_Eastgate
1319,0.577428,0.113954,0.064356,0.80189,0.222371,0.084483,Bellevue_150th_Eastgate
1320,0.578231,0.1336,0.064127,0.667768,0.138962,0.068145,Bellevue_150th_Eastgate
1321,0.578857,0.126721,0.066433,0.65711,0.140129,0.059723,Bellevue_150th_Eastgate
1322,0.596454,0.13201,0.050628,0.634568,0.140563,0.033969,Bellevue_150th_Eastgate
1323,0.599335,0.137981,0.059571,0.685908,0.194934,0.015399,Bellevue_150th_Eastgate
1324,0.611174,0.130389,0.046292,0.637045,0.205019,0.030132,Bellevue_150th_Eastgate
1325,0.606225,0.133068,0.049158,0.664772,0.219984,0.041669,Bellevue_150th_Eastgate
1326,0.573992,0.142372,0.063462,0.756691,0.202138,0.074029,Bellevue_150th_Eastgate
1327,0.571074,0.130329,0.065816,0.70218,0.124767,0.026473,Bellevue_150th_Eastgate
1328,0.577314,0.127978,0.065439,0.737522,0.156445,0.009857,Bellevue_150th_Eastgate
1329,0.590721,0.121579,0.063414,0.648281,0.245824,0.054644,Bellevue_150th_Eastgate
1330,0.594737,0.124391,0.058416,0.719977,0.23455,0.101753,Bellevue_150th_Eastgate
1331,0.602675,0.123347,0.05031,0.71856,0.194772,0.089841,Bellevue_150th_Eastgate
1332,0.549182,0.091419,0.056085,0.707423,0.310861,0.019745,Bellevue_150th_Eastgate
1333,0.600448,0.126467,0.060482,0.605855,0.234273,0.01126,Bellevue_150th_Eastgate
1334,0.570276,0.141874,0.067786,0.752085,0.313115,-0.028364,Bellevue_150th_Eastgate
1335,0.559331,0.12206,0.064465,0.691899,0.227654,-0.046226,Bellevue_150th_Eastgate
1336,0.572028,0.134812,0.057953,0.726911,0.23296,0.002453,Bellevue_150th_Eastgate
1337,0.598421,0.126421,0.055844,0.802875,0.192563,0.015564,Bellevue_150th_Eastgate
1338,0.560056,0.10234,0.058997,0.777404,0.168201,0.125403,Bellevue_150th_Eastgate
1339,0.62941,0.138984,0.065298,0.776855,0.222112,0.090773,Bellevue_150th_Eastgate
1340,0.597437,0.134684,0.059664,0.739241,0.310804,-0.017546,Bellevue_150th_Eastgate
1341,0.583998,0.136649,0.053356,0.653489,0.268211,0.009407,Bellevue_150th_Eastgate
1342,0.576329,0.121679,0.064837,0.767191,0.372518,0.005933,Bellevue_150th_Eastgate
1343,0.570647,0.111933,0.057973,0.609086,0.192768,0.022035,Bellevue_150th_Eastgate
1344,0.572258,0.149632,0.060962,0.664882,0.259049,0.109544,Bellevue_150th_Eastgate
1345,0.586092,0.121478,0.055043,0.705222,0.242736,0.154796,Bellevue_150th_Eastgate
1346,0.606093,0.116339,0.048398,0.729567,0.131637,0.184974,Bellevue_150th_Eastgate
1347,0.611683,0.109168,0.059141,0.759937,0.037321,0.290989,Bellevue_150th_Eastgate
1348,0.619922,0.110991,0.055078,0.638808,0.13299,0.112106,Bellevue_150th_Eastgate
1349,0.577944,0.1386,0.06475,0.8621,0.323618,0.051149,Bellevue_150th_Eastgate
1350,0.56483,0.117841,0.058495,0.670558,0.224007,-0.062279,Bellevue_150th_Eastgate
1351,0.585218,0.121801,0.052271,0.544906,0.181905,0.017853,Bellevue_150th_Eastgate
1352,0.594405,0.136294,0.049514,0.729446,0.169295,0.077672,Bellevue_150th_Eastgate
1353,0.576154,0.128089,0.040679,0.584747,0.17589,-0.004394,Bellevue_150th_Eastgate
1354,0.564585,0.13852,0.057933,0.74804,0.204622,0.058228,Bellevue_150th_Eastgate
1355,0.553074,0.11318,0.053386,0.659397,0.150586,0.103488,Bellevue_150th_Eastgate
1356,0.582173,0.13354,0.054571,0.707417,0.088498,0.05712,Bellevue_150th_Eastgate
1357,0.564247,0.118143,0.060987,0.580048,0.036229,0.086781,Bellevue_150th_Eastgate
1358,0.587261,0.120324,0.052975,0.549436,0.152472,0.047087,Bellevue_150th_Eastgate
1359,0.59257,0.129615,0.050124,0.567206,0.176911,0.035318,Bellevue_150th_Eastgate
1360,0.592914,0.133749,0.039723,0.572201,0.159248,0.035378,Bellevue_150th_Eastgate
1361,0.579851,0.116326,0.054955,0.535869,0.147361,0.067391,Bellevue_150th_Eastgate
1362,0.600298,0.125639,0.056896,0.62254,0.147053,0.061631,Bellevue_150th_Eastgate
1363,0.586107,0.136472,0.053103,0.648999,0.132729,0.026433,Bellevue_150th_Eastgate
1364,0.582695,0.135118,0.05734,0.648227,0.171847,0.030309,Bellevue_150th_Eastgate
1365,0.582511,0.135046,0.058918,0.58326,0.232372,0.037018,Bellevue_150th_Eastgate
1366,0.583624,0.128232,0.051104,0.617819,0.256831,0.071889,Bellevue_150th_Eastgate
1367,0.57774,0.121788,0.051533,0.68501,0.191396,0.219867,Bellevue_150th_Eastgate
1368,0.570786,0.121751,0.055134,0.730961,0.197006,0.077339,Bellevue_150th_Eastgate
1369,0.565947,0.111442,0.063215,0.730077,0.229504,-0.068107,Bellevue_150th_Eastgate
1370,0.571973,0.125342,0.059345,0.603392,0.167547,-0.023775,Bellevue_150th_Eastgate
1371,0.5857,0.116638,0.055023,0.508727,0.167127,0.064724,Bellevue_150th_Eastgate
1372,0.583835,0.127108,0.05781,0.478998,0.177654,0.08017,Bellevue_150th_Eastgate
1373,0.588695,0.115152,0.051668,0.543811,0.13294,0.033237,Bellevue_150th_Eastgate
1374,0.588881,0.125579,0.056268,0.65256,0.180406,-0.007147,Bellevue_150th_Eastgate
1375,0.580999,0.132198,0.058117,0.778215,0.207408,0.084299,Bellevue_150th_Eastgate
1376,0.562703,0.124817,0.07242,0.628864,0.225905,0.079792,Bellevue_150th_Eastgate
1377,0.577716,0.128571,0.064427,0.747964,0.298259,-0.012087,Bellevue_150th_Eastgate
1378,0.609226,0.116019,0.053251,0.777799,0.384766,-0.060769,Bellevue_150th_Eastgate
1379,0.620092,0.113637,0.051189,0.784298,0.325467,0.026595,Bellevue_150th_Eastgate
1380,0.619817,0.120163,0.048856,0.74065,0.36058,-0.038461,Bellevue_150th_Eastgate
1381,0.621256,0.119666,0.051498,0.692146,0.264136,0.07033,Bellevue_150th_Eastgate
1382,0.575681,0.128949,0.069753,0.587829,0.225692,0.073446,Bellevue_150th_Eastgate
1383,0.577992,0.129421,0.058277,0.599926,0.127475,-0.027933,Bellevue_150th_Eastgate
1384,0.592372,0.132852,0.049122,0.770177,0.203845,-0.067445,Bellevue_150th_Eastgate
1385,0.604245,0.113463,0.051357,0.74505,0.162739,-0.037212,Bellevue_150th_Eastgate
1386,0.589637,0.126805,0.051687,0.774155,0.15281,-0.030454,Bellevue_150th_Eastgate
1387,0.581692,0.116649,0.049976,0.75313,0.209731,-0.011253,Bellevue_150th_Eastgate
1388,0.576228,0.121639,0.054197,0.672689,0.195252,0.024411,Bellevue_150th_Eastgate
1389,0.580984,0.131785,0.067337,0.716919,0.197319,0.068591,Bellevue_150th_Eastgate
1390,0.564102,0.127517,0.067347,0.642428,0.175761,0.014901,Bellevue_150th_Eastgate
1391,0.58592,0.127915,0.057442,0.677569,0.180075,0.035307,Bellevue_150th_Eastgate
1392,0.594864,0.124228,0.060609,0.663337,0.163571,0.026872,Bellevue_150th_Eastgate
1393,0.621101,0.121693,0.038953,0.701941,0.249379,0.060215,Bellevue_150th_Eastgate
1394,0.577833,0.114539,0.06454,0.62198,0.242567,-0.014398,Bellevue_150th_Eastgate
1395,0.58104,0.127169,0.053253,0.508898,0.215667,-0.018638,Bellevue_150th_Eastgate
1396,0.584326,0.122731,0.058168,0.41498,0.203162,0.014286,Bellevue_150th_Eastgate
1397,0.575873,0.124452,0.061771,0.562277,0.298288,0.033408,Bellevue_150th_Eastgate
1398,0.5994,0.123071,0.053367,0.59235,0.21859,0.031714,Bellevue_150th_Eastgate
1399,0.574651,0.138798,0.061488,0.791094,0.241419,0.041996,Bellevue_150th_Eastgate
1400,0.556708,0.096722,0.070236,0.744909,0.168409,-0.040868,Bellevue_150th_Eastgate
1401,0.57684,0.113468,0.057234,0.786364,0.236011,-0.04597,Bellevue_150th_Eastgate
1402,0.572123,0.121522,0.067248,0.734118,0.230484,-0.016741,Bellevue_150th_Eastgate
1403,0.560707,0.117158,0.063026,0.744196,0.195677,0.066105,Bellevue_150th_Eastgate
1404,0.565999,0.118317,0.058727,0.647129,0.269829,0.109047,Bellevue_150th_Eastgate
1405,0.574568,0.113454,0.051901,0.557259,0.218531,0.042909,Bellevue_150th_Eastgate
1406,0.578468,0.134203,0.070472,0.629943,0.247622,-0.039029,Bellevue_150th_Eastgate
1407,0.575732,0.123918,0.063138,0.578939,0.163815,0.011594,Bellevue_150th_Eastgate
1408,0.51841,0.100848,0.068463,0.561184,0.199808,0.00615,Bellevue_150th_Eastgate
1409,0.564571,0.125717,0.061425,0.569854,0.207283,0.071447,Bellevue_150th_Eastgate
1410,0.582948,0.132177,0.054663,0.555518,0.171494,0.072869,Bellevue_150th_Eastgate
1411,0.591042,0.133617,0.056446,0.60129,0.23444,0.078005,Bellevue_150th_Eastgate
1412,0.590311,0.137053,0.053892,0.6095,0.216501,0.103256,Bellevue_150th_Eastgate
1413,0.572059,0.139921,0.069965,0.533298,0.211811,0.020241,Bellevue_150th_Eastgate
1414,0.58035,0.12509,0.064679,0.462311,0.11654,-0.014778,Bellevue_150th_Eastgate
1415,0.597468,0.124813,0.050045,0.597516,0.15298,0.010561,Bellevue_150th_Eastgate
1416,0.602281,0.112759,0.055435,0.558133,0.147553,0.039847,Bellevue_150th_Eastgate
1417,0.590302,0.115778,0.053972,0.559768,0.171847,0.006771,Bellevue_150th_Eastgate
1418,0.58721,0.117158,0.05236,0.622991,0.250782,-0.005521,Bellevue_150th_Eastgate
1419,0.581021,0.121136,0.056167,0.651602,0.225043,-0.016039,Bellevue_150th_Eastgate
1420,0.582188,0.13229,0.057771,0.762623,0.291981,-0.065334,Bellevue_150th_Eastgate
1421,0.580735,0.106284,0.054091,0.588109,0.148676,-0.023387,Bellevue_150th_Eastgate
1422,0.589284,0.12749,0.051853,0.595065,0.171588,0.056517,Bellevue_150th_Eastgate
1423,0.570971,0.119386,0.063604,0.631889,0.140775,0.085271,Bellevue_150th_Eastgate
1424,0.57858,0.124828,0.043296,0.672353,0.18992,0.115837,Bellevue_150th_Eastgate
1425,0.577559,0.123518,0.051264,0.689712,0.174184,0.156545,Bellevue_150th_Eastgate
1426,0.572931,0.114993,0.054402,0.674028,0.195709,0.055228,Bellevue_150th_Eastgate
1427,0.584136,0.118906,0.056024,0.673404,0.181872,0.062601,Bellevue_150th_Eastgate
1428,0.581553,0.127007,0.069285,0.859064,0.258961,0.0845,Bellevue_150th_Eastgate
1429,0.567346,0.101903,0.063195,0.576154,0.203788,0.003512,Bellevue_150th_Eastgate
1430,0.590141,0.118252,0.065883,0.524997,0.182779,0.010848,Bellevue_150th_Eastgate
1431,0.587451,0.1109,0.058358,0.604821,0.146666,0.121713,Bellevue_150th_Eastgate
1432,0.590708,0.112373,0.059662,0.508976,0.072598,0.090634,Bellevue_150th_Eastgate
1433,0.59949,0.113414,0.055305,0.539436,0.10703,0.117859,Bellevue_150th_Eastgate
1434,0.5899,0.102217,0.056644,0.567809,0.211175,0.141489,Bellevue_150th_Eastgate
1435,0.583454,0.119904,0.061476,0.597237,0.199287,0.072335,Bellevue_150th_Eastgate
1436,0.5848,0.124864,0.066092,0.708263,0.266699,0.025442,Bellevue_150th_Eastgate
1437,0.565515,0.098534,0.061415,0.55072,0.231352,-0.038367,Bellevue_150th_Eastgate
1438,0.585507,0.120239,0.056865,0.549881,0.235708,-0.052627,Bellevue_150th_Eastgate
1439,0.597578,0.115643,0.062995,0.593173,0.260232,-0.034599,Bellevue_150th_Eastgate
1440,0.632871,0.100339,0.053425,0.57825,0.282527,-0.051935,Bellevue_150th_Eastgate
1441,0.610371,0.113964,0.057342,0.561843,0.266345,-0.027457,Bellevue_150th_Eastgate
1442,0.596149,0.124601,0.052935,0.612254,0.29587,0.004097,Bellevue_150th_Eastgate
1443,0.590561,0.132986,0.05386,0.63791,0.282534,0.03249,Bellevue_150th_Eastgate
1444,0.559931,0.144691,0.091251,0.68611,0.250626,0.030051,Bellevue_150th_Eastgate
1445,0.597753,0.111593,0.061957,0.610864,0.282055,-0.008656,Bellevue_150th_Eastgate
1446,0.593787,0.111938,0.060256,0.574112,0.221899,0.071168,Bellevue_150th_Eastgate
1447,0.597208,0.106211,0.062014,0.603278,0.232144,-0.004758,Bellevue_150th_Eastgate
1448,0.597191,0.1174,0.057661,0.622824,0.17111,0.017879,Bellevue_150th_Eastgate
1449,0.600482,0.115302,0.060903,0.698702,0.166282,0.064601,Bellevue_150th_Eastgate
1450,0.592275,0.115145,0.06228,0.675883,0.215583,0.058284,Bellevue_150th_Eastgate
1451,0.589493,0.143056,0.056961,0.760384,0.162565,0.156522,Bellevue_150th_Eastgate
1452,0.562594,0.095577,0.07113,0.649514,0.179166,0.06653,Bellevue_150th_Eastgate
1453,0.575653,0.127802,0.06942,0.551079,0.121944,0.08019,Bellevue_150th_Eastgate
1454,0.567915,0.122681,0.068989,0.522598,0.160126,0.080614,Bellevue_150th_Eastgate
1455,0.577749,0.127081,0.063156,0.558938,0.198336,0.050411,Bellevue_150th_Eastgate
1456,0.584708,0.126738,0.064502,0.566337,0.202678,0.065526,Bellevue_150th_Eastgate
1457,0.596146,0.122783,0.057466,0.570915,0.17423,0.002119,Bellevue_150th_Eastgate
1458,0.592243,0.122942,0.050588,0.648779,0.17344,-0.045794,Bellevue_150th_Eastgate
1459,0.582771,0.13203,0.068713,0.712212,0.134584,-0.031458,Bellevue_150th_Eastgate
1460,0.591486,0.08965,0.062737,0.535435,0.160419,0.007639,Bellevue_150th_Eastgate
1461,0.600741,0.125978,0.063429,0.557243,0.218146,-0.040737,Bellevue_150th_Eastgate
1462,0.619969,0.127656,0.049223,0.687573,0.22044,0.018932,Bellevue_150th_Eastgate
1463,0.615429,0.114405,0.054151,0.690867,0.233141,0.091872,Bellevue_150th_Eastgate
1464,0.593225,0.112912,0.050137,0.776411,0.327884,0.057427,Bellevue_150th_Eastgate
1465,0.596165,0.11228,0.055216,0.638021,0.167791,0.060601,Bellevue_150th_Eastgate
1466,0.584048,0.116929,0.067528,0.68047,0.20646,0.070969,Bellevue_150th_Eastgate
1467,0.574191,0.112661,0.064282,0.605282,0.197686,0.001577,Bellevue_150th_Eastgate
1468,0.578201,0.126964,0.063503,0.602037,0.213785,-0.017503,Bellevue_150th_Eastgate
1469,0.583263,0.130401,0.0607,0.600435,0.273662,-0.0202,Bellevue_150th_Eastgate
1470,0.579943,0.126422,0.062523,0.669459,0.2713,0.04616,Bellevue_150th_Eastgate
1471,0.587826,0.116512,0.062344,0.570845,0.187398,0.090095,Bellevue_150th_Eastgate
1472,0.579259,0.132628,0.06412,0.712972,0.213851,0.156824,Bellevue_150th_Eastgate
1473,0.564796,0.104902,0.067412,0.551461,0.162244,0.038469,Bellevue_150th_Eastgate
1474,0.572737,0.122967,0.065406,0.502044,0.138888,0.018474,Bellevue_150th_Eastgate
1475,0.58597,0.119451,0.064223,0.560389,0.185795,0.004512,Bellevue_150th_Eastgate
1476,0.544237,0.097321,0.060262,0.646204,0.248835,-0.007169,Bellevue_150th_Eastgate
1477,0.542226,0.083708,0.063677,0.647236,0.250942,0.029994,Bellevue_150th_Eastgate
1478,0.580499,0.093743,0.05594,0.640842,0.203725,0.082949,Bellevue_150th_Eastgate
1479,0.543959,0.122648,0.071147,0.617822,0.188692,0.065573,Bellevue_150th_Eastgate
1480,0.538442,0.117337,0.06756,0.675633,0.161983,0.052749,Bellevue_150th_Eastgate
1481,0.536795,0.083211,0.067981,0.626591,0.093597,0.209482,Bellevue_150th_Eastgate
1482,0.553204,0.076573,0.057503,0.623785,0.176145,0.102782,Bellevue_150th_Eastgate
1483,0.574107,0.089331,0.058339,0.711367,0.116886,0.139093,Bellevue_150th_Eastgate
1484,0.562458,0.089964,0.063746,0.689053,0.252842,0.024838,Bellevue_150th_Eastgate
1485,0.573038,0.118256,0.064256,0.685774,0.292905,0.004981,Bellevue_150th_Eastgate
1486,0.556528,0.091279,0.067888,0.700525,0.267678,-0.048163,Bellevue_150th_Eastgate
1487,0.589239,0.120809,0.063194,0.670175,-0.004194,0.158906,Bellevue_150th_Eastgate
1488,0.600764,0.104969,0.065739,0.618946,0.02523,0.101711,Bellevue_150th_Eastgate
1489,0.619632,0.111011,0.060007,0.649819,0.034166,0.072784,Bellevue_150th_Eastgate
1490,0.608345,0.12347,0.054379,0.656939,0.068811,0.10879,Bellevue_150th_Eastgate
1491,0.588398,0.112845,0.055204,0.693176,0.150129,0.129867,Bellevue_150th_Eastgate
1492,0.582663,0.133258,0.064968,0.677118,0.216051,0.037247,Bellevue_150th_Eastgate
1493,0.556688,0.151155,0.096786,0.51751,0.179826,0.008813,Bellevue_150th_Eastgate
1494,0.570447,0.138838,0.08619,0.525177,0.220496,-0.088387,Bellevue_150th_Eastgate
1495,0.590734,0.103553,0.065622,0.547486,0.166692,-0.002609,Bellevue_150th_Eastgate
1496,0.598066,0.102434,0.060593,0.60801,0.091764,0.115203,Bellevue_150th_Eastgate
1497,0.582421,0.107689,0.063908,0.633133,0.220373,0.126651,Bellevue_150th_Eastgate
1498,0.550539,0.094415,0.063126,0.677222,0.219317,0.120048,Bellevue_150th_Eastgate
1499,0.584754,0.112074,0.073726,0.678584,0.25568,0.089296,Bellevue_150th_Eastgate
1500,0.574968,0.124293,0.063697,0.591111,0.149052,0.043007,Bellevue_150th_Eastgate
1501,0.593265,0.127756,0.06181,0.61986,0.208694,0.001249,Bellevue_150th_Eastgate
1502,0.577895,0.124704,0.0596,0.633515,0.200627,-0.032857,Bellevue_150th_Eastgate
1503,0.573644,0.128042,0.060523,0.648068,0.264431,0.049221,Bellevue_150th_Eastgate
1504,0.595085,0.131092,0.054375,0.617486,0.219146,0.035879,Bellevue_150th_Eastgate
1505,0.586139,0.129416,0.071642,0.582701,0.160062,0.024801,Bellevue_150th_Eastgate
1506,0.546076,0.139812,0.114352,0.560364,0.207428,-0.011415,Bellevue_150th_Eastgate
1507,0.605404,0.119057,0.058195,0.61637,0.183026,0.041852,Bellevue_150th_Eastgate
1508,0.616615,0.106692,0.056657,0.592786,0.197659,0.006922,Bellevue_150th_Eastgate
1509,0.607675,0.102976,0.059014,0.663953,0.167502,0.070138,Bellevue_150th_Eastgate
1510,0.605216,0.099691,0.055458,0.51699,0.193041,0.002744,Bellevue_150th_Eastgate
1511,0.538609,0.11731,0.064883,0.760132,0.211073,0.097082,Bellevue_150th_Eastgate
1512,0.548234,0.090751,0.068139,0.540861,0.170203,0.046344,Bellevue_150th_Eastgate
1513,0.575872,0.125532,0.072135,0.663746,0.174289,0.03562,Bellevue_150th_Eastgate
1514,0.591386,0.123244,0.053091,0.730784,0.310021,-0.031303,Bellevue_150th_Eastgate
1515,0.568247,0.112596,0.063685,0.749596,0.233356,0.125105,Bellevue_150th_Eastgate
1516,0.576099,0.112455,0.064675,0.576755,0.182732,0.046709,Bellevue_150th_Eastgate
1517,0.575558,0.115091,0.063177,0.602741,0.172019,0.078218,Bellevue_150th_Eastgate
1518,0.576442,0.131493,0.064721,0.708033,0.172524,0.108073,Bellevue_150th_Eastgate
1519,0.516902,0.073099,0.071195,0.62455,0.222772,0.004857,Bellevue_150th_Eastgate
1520,0.547291,0.114729,0.074952,0.591666,0.206189,0.065332,Bellevue_150th_Eastgate
1521,0.557728,0.120396,0.067157,0.549412,0.196047,0.054754,Bellevue_150th_Eastgate
1522,0.546678,0.109444,0.069689,0.566829,0.227817,0.012489,Bellevue_150th_Eastgate
1523,0.519863,0.12872,0.10793,0.591236,0.278707,-0.003943,Bellevue_150th_Eastgate
1524,0.587079,0.114871,0.067593,0.655557,0.274128,0.058433,Bellevue_150th_Eastgate
1525,0.564503,0.136976,0.070483,0.683308,0.17439,0.118355,Bellevue_150th_Eastgate
1526,0.55103,0.10422,0.073319,0.687206,0.24838,0.001905,Bellevue_150th_Eastgate
1527,0.522029,0.107531,0.081171,0.616354,0.227126,0.023921,Bellevue_150th_Eastgate
1528,0.531846,0.077214,0.065135,0.724452,0.225407,0.052639,Bellevue_150th_Eastgate
1529,0.481193,0.073682,0.077246,0.65204,0.231103,0.007415,Bellevue_150th_Eastgate
1530,0.546942,0.114683,0.067669,0.656571,0.229225,0.085964,Bellevue_150th_Eastgate
1531,0.594512,0.135076,0.049602,0.788912,0.318133,0.033208,Bellevue_150th_Eastgate
1532,0.57355,0.117846,0.068456,0.753984,0.245851,0.071606,Bellevue_150th_Eastgate
1533,0.57282,0.104218,0.070183,0.550952,0.132394,0.020374,Bellevue_150th_Eastgate
1534,0.580293,0.112809,0.066465,0.493335,0.122323,-0.021886,Bellevue_150th_Eastgate
1535,0.605813,0.124443,0.057292,0.529919,0.141865,0.002026,Bellevue_150th_Eastgate
1536,0.59384,0.101483,0.056389,0.595587,0.214817,-0.032026,Bellevue_150th_Eastgate
1537,0.52708,0.070286,0.065504,0.550648,0.24651,-0.025302,Bellevue_150th_Eastgate
1538,0.575603,0.108581,0.051707,0.536256,0.267758,0.000929,Bellevue_150th_Eastgate
1539,0.581032,0.136567,0.061745,0.636823,0.272246,-0.020676,Bellevue_150th_Eastgate
1540,0.528699,0.119698,0.079581,0.406523,0.168972,-0.010649,Bellevue_150th_Eastgate
1541,0.589276,0.125176,0.057148,0.555154,0.153314,0.109658,Bellevue_150th_Eastgate
1542,0.59188,0.105602,0.057317,0.626547,0.106401,0.14999,Bellevue_150th_Eastgate
1543,0.587427,0.090213,0.060052,0.53168,0.090834,0.122065,Bellevue_150th_Eastgate
1544,0.572304,0.100099,0.062219,0.468699,0.064245,0.090212,Bellevue_150th_Eastgate
1545,0.570535,0.107365,0.057072,0.566105,0.210438,0.016561,Bellevue_150th_Eastgate
1546,0.568933,0.140692,0.064722,0.620616,0.206745,0.002658,Bellevue_150th_Eastgate
1547,0.501016,0.111975,0.1248,0.548987,0.226444,-0.013011,Bellevue_150th_Eastgate
1548,0.513511,0.119518,0.124534,0.512555,0.20074,-0.030534,Bellevue_150th_Eastgate
1549,0.496822,0.083705,0.077987,0.492663,0.172253,-0.015912,Bellevue_150th_Eastgate
1550,0.519597,0.084787,0.069373,0.483813,0.154075,-0.01858,Bellevue_150th_Eastgate
1551,0.577639,0.121511,0.047461,0.543905,0.265386,-0.004214,Bellevue_150th_Eastgate
1552,0.565799,0.134026,0.06719,0.612102,0.277875,-0.003512,Bellevue_150th_Eastgate
1553,0.535728,0.108398,0.073285,0.649869,0.225454,0.016506,Bellevue_150th_Eastgate
1554,0.536669,0.092536,0.066441,0.564463,0.20568,0.028798,Bellevue_150th_Eastgate
1555,0.588627,0.113025,0.063927,0.643012,0.226499,0.036032,Bellevue_150th_Eastgate
1556,0.569595,0.094938,0.06142,0.690497,0.261952,0.088874,Bellevue_150th_Eastgate
1557,0.531603,0.078819,0.068817,0.641861,0.204856,0.050957,Bellevue_150th_Eastgate
1558,0.590979,0.128238,0.055305,0.761533,0.162627,0.072579,Bellevue_150th_Eastgate
1559,0.510529,0.100387,0.083528,0.624976,0.247181,0.014846,Bellevue_150th_Eastgate
1560,0.493827,0.090569,0.066621,0.565238,0.281543,-0.091625,Bellevue_150th_Eastgate
1561,0.539354,0.082655,0.05621,0.656725,0.256786,0.010867,Bellevue_150th_Eastgate
1562,0.580049,0.086721,0.057189,0.648836,0.301767,-0.018133,Bellevue_150th_Eastgate
1563,0.569817,0.084732,0.058012,0.566517,0.285868,-0.053019,Bellevue_150th_Eastgate
1564,0.520986,0.113992,0.06825,0.733133,0.213445,0.029122,Bellevue_150th_Eastgate
1565,0.5325,0.139188,0.09992,0.636204,0.158778,0.028897,Bellevue_150th_Eastgate
1566,0.56619,0.14828,0.071883,0.732107,0.187373,0.049017,Bellevue_150th_Eastgate
1567,0.439634,0.063682,0.090081,0.488433,0.18167,0.02009,Bellevue_150th_Eastgate
1568,0.46462,0.079356,0.123086,0.485245,0.160221,0.049088,Bellevue_150th_Eastgate
1569,0.587845,0.115664,0.060241,0.513195,0.168736,0.047777,Bellevue_150th_Eastgate
1570,0.597463,0.119452,0.057505,0.600711,0.175814,0.030523,Bellevue_150th_Eastgate
1571,0.569465,0.101582,0.063938,0.602725,0.216139,0.029892,Bellevue_150th_Eastgate
1572,0.582634,0.112285,0.061216,0.609623,0.197283,0.057274,Bellevue_150th_Eastgate
1573,0.565689,0.13901,0.067541,0.719413,0.23923,0.061324,Bellevue_150th_Eastgate
1574,0.454589,0.066038,0.082051,0.667513,0.17907,0.048725,Bellevue_150th_Eastgate
1575,0.489709,0.117309,0.09742,0.491066,0.146419,0.00189,Bellevue_150th_Eastgate
1576,0.583754,0.123834,0.059178,0.581252,0.101033,0.100219,Bellevue_150th_Eastgate
1577,0.581157,0.10848,0.059735,0.503836,0.156584,0.064057,Bellevue_150th_Eastgate
1578,0.555972,0.10835,0.065732,0.585594,0.218779,0.128117,Bellevue_150th_Eastgate
1579,0.547477,0.100293,0.064458,0.623579,0.170871,0.161001,Bellevue_150th_Eastgate
1580,0.498801,0.096905,0.074347,0.697988,0.250939,0.099541,Bellevue_150th_Eastgate
1581,0.423456,0.078219,0.103144,0.655428,0.232622,0.027059,Bellevue_150th_Eastgate
1582,0.507571,0.082992,0.068003,0.552005,0.270918,-0.01463,Bellevue_150th_Eastgate
1583,0.514703,0.130318,0.100059,0.519526,0.320057,-0.012922,Bellevue_150th_Eastgate
1584,0.525626,0.09287,0.068591,0.49681,0.223646,0.01323,Bellevue_150th_Eastgate
1585,0.518315,0.094226,0.074607,0.596266,0.213348,0.049688,Bellevue_150th_Eastgate
1586,0.494363,0.120188,0.103342,0.7716,0.234015,0.021457,Bellevue_150th_Eastgate
1587,0.453922,0.05001,0.075531,0.470308,0.150531,-0.042144,Bellevue_150th_Eastgate
1588,0.501938,0.123665,0.103687,0.482051,0.126527,-0.086757,Bellevue_150th_Eastgate
1589,0.493736,0.066886,0.072879,0.472057,0.138629,-0.06517,Bellevue_150th_Eastgate
1590,0.476638,0.05833,0.062208,0.547767,0.135508,0.004123,Bellevue_150th_Eastgate
1591,0.497513,0.081674,0.062926,0.485342,0.097263,0.037161,Bellevue_150th_Eastgate
1592,0.532057,0.104377,0.059444,0.575437,0.121246,0.012827,Bellevue_150th_Eastgate
1593,0.526419,0.140974,0.097874,0.641686,0.116285,0.09267,Bellevue_150th_Eastgate
1594,0.481343,0.102235,0.078997,0.642068,0.170871,0.051041,Bellevue_150th_Eastgate
1595,0.513469,0.083511,0.074774,0.732933,0.180202,0.112185,Bellevue_150th_Eastgate
1596,0.492635,0.05922,0.066831,0.664097,0.243963,0.071445,Bellevue_150th_Eastgate
1597,0.456356,0.045371,0.072771,0.609612,0.187016,0.043068,Bellevue_150th_Eastgate
1598,0.48961,0.067043,0.069874,0.607346,0.233907,-0.006381,Bellevue_150th_Eastgate
1599,0.517318,0.090838,0.072222,0.685756,0.271911,0.045558,Bellevue_150th_Eastgate
1600,0.424579,0.075024,0.107053,0.598797,0.197657,0.01407,Bellevue_150th_Eastgate
1601,0.475576,0.107246,0.102631,0.559248,0.202334,-0.034792,Bellevue_150th_Eastgate
1602,0.487447,0.068653,0.072456,0.623279,0.203089,0.019327,Bellevue_150th_Eastgate
1603,0.551001,0.084442,0.063308,0.654366,0.229328,0.074537,Bellevue_150th_Eastgate
1604,0.485576,0.04857,0.067059,0.633505,0.223236,0.048919,Bellevue_150th_Eastgate
1605,0.57165,0.117497,0.067739,0.721642,0.322886,0.058872,Bellevue_150th_Eastgate
1606,0.494576,0.109434,0.120838,0.699675,0.287471,0.086002,Bellevue_150th_Eastgate
1607,0.495397,0.092378,0.084185,0.730859,0.254573,-0.001496,Bellevue_150th_Eastgate
1608,0.440868,0.071811,0.104276,0.583805,0.193415,-0.004038,Bellevue_150th_Eastgate
1609,0.579322,0.122895,0.066025,0.545179,0.223142,-0.022638,Bellevue_150th_Eastgate
1610,0.547359,0.13995,0.103945,0.653403,0.304169,-0.015926,Bellevue_150th_Eastgate
1611,0.627156,0.125976,0.070013,0.617055,0.257993,0.032419,Bellevue_150th_Eastgate
1612,0.491342,0.117091,0.10061,0.624782,0.243132,0.017602,Bellevue_150th_Eastgate
1613,0.578501,0.120509,0.063881,0.5858,0.257822,0.001911,Bellevue_150th_Eastgate
1614,0.510537,0.13784,0.087394,0.736727,0.337977,0.069851,Bellevue_150th_Eastgate
1615,0.473087,0.037682,0.069212,0.500959,0.161457,0.025209,Bellevue_150th_Eastgate
1616,0.548321,0.146264,0.090803,0.536494,0.13749,0.011116,Bellevue_150th_Eastgate
1617,0.589045,0.108167,0.052001,0.512977,0.196081,-0.007944,Bellevue_150th_Eastgate
1618,0.55391,0.1066,0.059065,0.573405,0.207736,0.00962,Bellevue_150th_Eastgate
1619,0.508443,0.136478,0.089529,0.643973,0.228892,0.084748,Bellevue_150th_Eastgate
1620,0.425012,0.071613,0.097711,0.440914,0.20965,0.00432,Bellevue_150th_Eastgate
1621,0.465753,0.06936,0.08396,0.438256,0.153838,0.036482,Bellevue_150th_Eastgate
1622,0.48677,0.075748,0.069164,0.414328,0.098493,0.082309,Bellevue_150th_Eastgate
1623,0.450053,0.075909,0.082751,0.494528,0.100544,0.083504,Bellevue_150th_Eastgate
1624,0.46888,0.061717,0.070507,0.54777,0.137307,0.050953,Bellevue_150th_Eastgate
1625,0.491347,0.061891,0.065978,0.534628,0.119561,0.051002,Bellevue_150th_Eastgate
1626,0.489884,0.120131,0.096515,0.65318,0.17148,0.064821,Bellevue_150th_Eastgate
1627,0.421653,0.058951,0.088751,0.456189,0.172593,-0.011271,Bellevue_150th_Eastgate
1628,0.468682,0.080665,0.082518,0.479192,0.152058,0.016785,Bellevue_150th_Eastgate
1629,0.579734,0.117061,0.064511,0.574526,0.238373,0.020853,Bellevue_150th_Eastgate
1630,0.526924,0.082811,0.0592,0.623134,0.262768,0.016399,Bellevue_150th_Eastgate
1631,0.497886,0.079495,0.062325,0.62124,0.298756,0.095248,Bellevue_150th_Eastgate
1632,0.510827,0.077772,0.057712,0.525667,0.242151,0.020217,Bellevue_150th_Eastgate
1633,0.50191,0.133835,0.087987,0.625801,0.338136,0.007894,Bellevue_150th_Eastgate
1634,0.449905,0.084194,0.081623,0.527539,0.221656,0.019245,Bellevue_150th_Eastgate
1635,0.452416,0.092681,0.099972,0.477863,0.148306,0.042794,Bellevue_150th_Eastgate
1636,0.561707,0.10104,0.065169,0.536918,0.200107,0.094749,Bellevue_150th_Eastgate
1637,0.479292,0.109463,0.104902,0.568023,0.247681,0.062172,Bellevue_150th_Eastgate
1638,0.505355,0.113554,0.088671,0.622264,0.186234,0.060565,Bellevue_150th_Eastgate
1639,0.488249,0.125863,0.091673,0.682057,0.183748,0.078328,Bellevue_150th_Eastgate
1640,0.419334,0.073173,0.106839,0.591355,0.207465,0.01387,Bellevue_150th_Eastgate
1641,0.48238,0.117259,0.100886,0.473772,0.196653,0.022274,Bellevue_150th_Eastgate
1642,0.516512,0.1325,0.101737,0.510454,0.247012,0.006696,Bellevue_150th_Eastgate
1643,0.480906,0.116478,0.098668,0.573324,0.29731,-0.0089,Bellevue_150th_Eastgate
1644,0.413302,0.078205,0.094939,0.572333,0.317795,0.030115,Bellevue_150th_Eastgate
1645,0.494861,0.129837,0.088648,0.607476,0.221172,0.077865,Bellevue_150th_Eastgate
1646,0.47175,0.11271,0.102451,0.760601,0.239513,0.185093,Bellevue_150th_Eastgate
1647,0.419515,0.0649,0.112842,0.715335,0.252031,0.140981,Bellevue_150th_Eastgate
1648,0.441087,0.093223,0.104582,0.586078,0.222387,0.083901,Bellevue_150th_Eastgate
1649,0.464397,0.102955,0.105756,0.628845,0.225814,0.079234,Bellevue_150th_Eastgate
1650,0.435817,0.06856,0.094606,0.714755,0.327523,0.117943,Bellevue_150th_Eastgate
1651,0.454532,0.075272,0.088509,0.700355,0.278934,0.143184,Bellevue_150th_Eastgate
1652,0.531742,0.110473,0.127652,0.579972,0.169469,0.092053,Bellevue_150th_Eastgate
1653,0.565954,0.157806,0.089785,0.840164,0.31697,0.09057,Bellevue_150th_Eastgate
1654,0.420028,0.058115,0.113099,0.516438,0.199827,0.010861,Bellevue_150th_Eastgate
1655,0.439962,0.092017,0.105383,0.440284,0.160791,-0.01481,Bellevue_150th_Eastgate
1656,0.513885,0.1214,0.120219,0.542415,0.246568,0.02475,Bellevue_150th_Eastgate
1657,0.484969,0.082453,0.073537,0.528512,0.253926,0.074985,Bellevue_150th_Eastgate
1658,0.415379,0.074931,0.095507,0.461541,0.160477,0.030444,Bellevue_150th_Eastgate
1659,0.492713,0.082297,0.081925,0.439231,0.207779,0.03139,Bellevue_150th_Eastgate
1660,0.517966,0.131725,0.098886,0.532197,0.214719,0.053565,Bellevue_150th_Eastgate
1661,0.544618,0.150943,0.088755,0.598157,0.219126,0.027274,Bellevue_150th_Eastgate
1662,0.522748,0.138662,0.097844,0.719958,0.284451,0.012312,Bellevue_150th_Eastgate
1663,0.424759,0.076176,0.106642,0.685181,0.301173,-0.009038,Bellevue_150th_Eastgate
1664,0.623173,0.13121,0.073722,0.586033,0.17987,-0.026411,Bellevue_150th_Eastgate
1665,0.571778,0.138898,0.070922,0.594331,0.21213,0.007271,Bellevue_150th_Eastgate
1666,0.510668,0.128137,0.095812,0.639722,0.252335,0.038263,Bellevue_150th_Eastgate
1667,0.480179,0.118623,0.094549,0.725561,0.331587,-0.000259,Bellevue_150th_Eastgate
1668,0.537883,0.146132,0.095488,0.648864,0.247697,0.006704,Bellevue_150th_Eastgate
1669,0.566177,0.160087,0.081695,0.620206,0.216847,0.044471,Bellevue_150th_Eastgate
1670,0.477544,0.116852,0.099669,0.746754,0.239731,0.007749,Bellevue_150th_Eastgate
1671,0.41855,0.063309,0.107942,0.546121,0.179756,0.030022,Bellevue_150th_Eastgate
1672,0.515377,0.134256,0.097368,0.647117,0.237938,0.049114,Bellevue_150th_Eastgate
1673,0.522841,0.118891,0.125138,0.682487,0.26874,0.052145,Bellevue_150th_Eastgate
1674,0.545333,0.142755,0.093834,0.652516,0.23931,0.042174,Bellevue_150th_Eastgate
1675,0.435248,0.081433,0.106502,0.678186,0.294264,0.020668,Bellevue_150th_Eastgate
1676,0.445469,0.099161,0.098268,0.619183,0.182474,0.053515,Bellevue_150th_Eastgate
1677,0.488797,0.117865,0.099062,0.715135,0.200041,0.026165,Bellevue_150th_Eastgate
1678,0.441704,0.076218,0.110703,0.552153,0.211658,-0.018314,Bellevue_150th_Eastgate
1679,0.484833,0.117498,0.101231,0.51723,0.196827,-0.036773,Bellevue_150th_Eastgate
1680,0.508005,0.125134,0.107315,0.654365,0.298663,0.000221,Bellevue_150th_Eastgate
1681,0.439295,0.073866,0.10667,0.581331,0.226403,-0.009054,Bellevue_150th_Eastgate
1682,0.458136,0.092118,0.093101,0.618734,0.191628,0.024538,Bellevue_150th_Eastgate
1683,0.437621,0.092219,0.099463,0.633681,0.176255,0.018305,Bellevue_150th_Eastgate
1684,0.470333,0.094752,0.100081,0.562407,0.172794,0.034591,Bellevue_150th_Eastgate
1685,0.566577,0.158594,0.08656,0.629644,0.186892,0.022772,Bellevue_150th_Eastgate
1686,0.496988,0.120935,0.103651,0.658377,0.175817,0.02091,Bellevue_150th_Eastgate
1687,0.487554,0.112829,0.10719,0.533595,0.061259,0.039825,Bellevue_150th_Eastgate
1688,0.546928,0.144593,0.100799,0.58219,0.11298,0.045916,Bellevue_150th_Eastgate
1689,0.465784,0.097175,0.109033,0.611228,0.16837,0.043907,Bellevue_150th_Eastgate
1690,0.433606,0.084599,0.102642,0.544285,0.183403,0.011879,Bellevue_150th_Eastgate
1691,0.469491,0.115745,0.096808,0.533343,0.189778,0.051549,Bellevue_150th_Eastgate
1692,0.53621,0.139196,0.103834,0.564502,0.217096,0.028285,Bellevue_150th_Eastgate
1693,0.555755,0.154891,0.090282,0.709296,0.270508,0.084967,Bellevue_150th_Eastgate
1694,0.419662,0.071165,0.105831,0.665836,0.233327,0.035359,Bellevue_150th_Eastgate
1695,0.449006,0.093088,0.105059,0.515062,0.148549,0.002055,Bellevue_150th_Eastgate
1696,0.49821,0.125764,0.097086,0.668504,0.224063,0.085421,Bellevue_150th_Eastgate
1697,0.455811,0.080622,0.079238,0.618752,0.226613,0.094646,Bellevue_150th_Eastgate
1698,0.461319,0.105441,0.10156,0.652943,0.250847,0.042157,Bellevue_150th_Eastgate
1699,0.454652,0.102088,0.099051,0.604674,0.269571,0.018815,Bellevue_150th_Eastgate
1700,0.509397,0.096607,0.068779,0.445836,0.163195,0.007989,Bellevue_150th_Eastgate
1701,0.510861,0.132904,0.097553,0.690284,0.191684,0.148787,Bellevue_150th_Eastgate
1702,0.416425,0.069235,0.106579,0.565558,0.205995,0.042946,Bellevue_150th_Eastgate
1703,0.415735,0.07757,0.101938,0.525526,0.137698,0.04161,Bellevue_150th_Eastgate
1704,0.535405,0.143816,0.093524,0.666559,0.187524,-0.006006,Bellevue_150th_Eastgate
1705,0.470417,0.1032,0.102764,0.714658,0.238439,0.018951,Bellevue_150th_Eastgate
1706,0.455849,0.10169,0.097302,0.619375,0.140705,0.065995,Bellevue_150th_Eastgate
1707,0.442893,0.08736,0.103331,0.688769,0.1813,0.051737,Bellevue_150th_Eastgate
1708,0.496364,0.12932,0.09187,0.77018,0.274877,0.058594,Bellevue_150th_Eastgate
1709,0.426356,0.064521,0.108063,0.538657,0.190296,-0.006036,Bellevue_150th_Eastgate
1710,0.475194,0.112896,0.103214,0.521668,0.202242,-0.053458,Bellevue_150th_Eastgate
1711,0.486621,0.109146,0.112091,0.63535,0.266289,0.015644,Bellevue_150th_Eastgate
1712,0.428431,0.088466,0.098971,0.582331,0.200753,0.000126,Bellevue_150th_Eastgate
1713,0.424683,0.088251,0.096626,0.61251,0.206634,-0.007695,Bellevue_150th_Eastgate
1714,0.428052,0.089983,0.092565,0.70128,0.290326,-0.03991,Bellevue_150th_Eastgate
1715,0.531986,0.144387,0.083903,0.61744,0.281386,-0.043788,Bellevue_150th_Eastgate
1716,0.508251,0.132108,0.096003,0.584068,0.210304,0.002246,Bellevue_150th_Eastgate
1717,0.422187,0.085244,0.101114,0.613476,0.269072,-0.028813,Bellevue_150th_Eastgate
1718,0.472715,0.11549,0.096756,0.526736,0.259595,-0.051295,Bellevue_150th_Eastgate
1719,0.47023,0.1089,0.106582,0.550955,0.184619,0.000882,Bellevue_150th_Eastgate
1720,0.438486,0.089772,0.098761,0.557552,0.191061,-0.027,Bellevue_150th_Eastgate
1721,0.427824,0.085494,0.103399,0.604636,0.191164,-0.06192,Bellevue_150th_Eastgate
1722,0.443375,0.092155,0.088233,0.646298,0.244483,-0.044486,Bellevue_150th_Eastgate
1723,0.449242,0.10468,0.09946,0.62162,0.21585,0.026992,Bellevue_150th_Eastgate
1724,0.466028,0.112368,0.090167,0.592224,0.146859,0.021831,Bellevue_150th_Eastgate
1725,0.456066,0.085504,0.121231,0.566604,0.133179,0.002766,Bellevue_150th_Eastgate
1726,0.44266,0.071391,0.05979,0.522897,0.085249,-0.006706,Bellevue_150th_Eastgate
1727,0.446711,0.07224,0.034702,0.60095,0.141223,0.003907,Bellevue_150th_Eastgate
1728,0.477877,0.075706,0.048954,0.650233,0.145154,0.037239,Bellevue_150th_Eastgate
1729,0.414826,0.082528,0.091581,0.62809,0.238605,0.000346,Bellevue_150th_Eastgate
1730,0.444418,0.108219,0.089154,0.705744,0.282977,-0.00938,Bellevue_150th_Eastgate
1731,0.4564,0.101786,0.094382,0.580913,0.191467,0.022884,Bellevue_150th_Eastgate
1732,0.468551,0.111185,0.100834,0.658804,0.176723,0.104404,Bellevue_150th_Eastgate
1733,0.421646,0.074574,0.106939,0.532593,0.141631,0.018705,Bellevue_150th_Eastgate
1734,0.471016,0.11113,0.102975,0.43436,0.13722,-0.028209,Bellevue_150th_Eastgate
1735,0.56362,0.145212,0.07159,0.417275,0.076197,-0.003395,Bellevue_150th_Eastgate
1736,0.440645,0.093111,0.10189,0.467431,0.17525,0.041746,Bellevue_150th_Eastgate
1737,0.46174,0.111997,0.093714,0.518545,0.180474,0.022254,Bellevue_150th_Eastgate
1738,0.448251,0.10495,0.093653,0.546552,0.217626,-0.031378,Bellevue_150th_Eastgate
1739,0.421911,0.074781,0.102065,0.614513,0.223474,-0.015077,Bellevue_150th_Eastgate
1740,0.468789,0.103308,0.106073,0.694262,0.28734,-0.015027,Bellevue_150th_Eastgate
1741,0.415442,0.048159,0.123449,0.503914,0.165488,0.009734,Bellevue_150th_Eastgate
1742,0.479522,0.121072,0.095371,0.472742,0.160966,-0.023583,Bellevue_150th_Eastgate
1743,0.521166,0.139891,0.089592,0.758959,0.339304,-0.027226,Bellevue_150th_Eastgate
1744,0.409594,0.078945,0.09347,0.666736,0.369658,-0.073066,Bellevue_150th_Eastgate
1745,0.417171,0.081354,0.093616,0.601534,0.410026,-0.069309,Bellevue_150th_Eastgate
1746,0.462169,0.101631,0.096917,0.542521,0.250062,-0.041349,Bellevue_150th_Eastgate
1747,0.517561,0.135931,0.09138,0.578588,0.180544,-0.001376,Bellevue_150th_Eastgate
1748,0.45368,0.102036,0.103844,0.656279,0.221312,0.005644,Bellevue_150th_Eastgate
1749,0.433748,0.068808,0.120456,0.49639,0.139119,-0.005856,Bellevue_150th_Eastgate
1750,0.485911,0.109016,0.116288,0.514021,0.180613,-0.01599,Bellevue_150th_Eastgate
1751,0.485258,0.114569,0.107087,0.483083,0.217597,0.012953,Bellevue_150th_Eastgate
1752,0.436929,0.098316,0.097985,0.556769,0.231659,0.057942,Bellevue_150th_Eastgate
1753,0.436631,0.092243,0.101946,0.600382,0.372837,-0.011031,Bellevue_150th_Eastgate
1754,0.431799,0.091829,0.098798,0.618515,0.3207,0.078384,Bellevue_150th_Eastgate
1755,0.429554,0.076674,0.108083,0.526623,0.265489,-0.029596,Bellevue_150th_Eastgate
1756,0.437373,0.081135,0.110371,0.497153,0.216598,-0.006268,Bellevue_150th_Eastgate
1757,0.431624,0.067561,0.117307,0.486408,0.123823,0.041566,Bellevue_150th_Eastgate
1758,0.414558,0.071519,0.098989,0.569954,0.15804,0.03243,Bellevue_150th_Eastgate
1759,0.434443,0.081509,0.10601,0.50239,0.153557,0.015424,Bellevue_150th_Eastgate
1760,0.417417,0.076628,0.103294,0.53789,0.191613,0.025949,Bellevue_150th_Eastgate
1761,0.431599,0.085244,0.102884,0.494048,0.13971,0.053475,Bellevue_150th_Eastgate
1762,0.462887,0.086043,0.121623,0.534818,0.180897,0.039216,Bellevue_150th_Eastgate
1763,0.523681,0.128639,0.120814,0.517786,0.142557,0.038134,Bellevue_150th_Eastgate
1764,0.454955,0.083629,0.122367,0.503167,0.127013,0.030151,Bellevue_150th_Eastgate
1765,0.453951,0.081174,0.123634,0.511695,0.174368,0.001545,Bellevue_150th_Eastgate
1766,0.508069,0.120083,0.117764,0.560135,0.166231,-0.020753,Bellevue_150th_Eastgate
1767,0.47547,0.115006,0.104086,0.660317,0.271918,-0.017343,Bellevue_150th_Eastgate
1768,0.432171,0.064344,0.123425,0.673777,0.244752,-0.025734,Bellevue_150th_Eastgate
1769,0.449267,0.081809,0.120439,0.682178,0.297893,-0.033054,Bellevue_150th_Eastgate
1770,0.433382,0.08856,0.104141,0.611699,0.258945,-0.02574,Bellevue_150th_Eastgate
1771,0.475288,0.106194,0.113666,0.789852,0.344196,0.039834,Bellevue_150th_Eastgate
1772,0.418145,0.057783,0.116521,0.527308,0.227786,-0.005747,Bellevue_150th_Eastgate
1773,0.436093,0.071777,0.119483,0.575556,0.255511,0.048699,Bellevue_150th_Eastgate
1774,0.494513,0.099097,0.065009,0.661134,0.217605,0.10346,Bellevue_150th_Eastgate
1775,0.41253,0.083507,0.091884,0.659863,0.24388,0.031706,Bellevue_150th_Eastgate
1776,0.462542,0.103551,0.09989,0.67271,0.323646,0.006846,Bellevue_150th_Eastgate
1777,0.492957,0.072116,0.064327,0.569414,0.287195,-0.013778,Bellevue_150th_Eastgate
1778,0.494077,0.12458,0.090599,0.59987,0.268279,-0.017395,Bellevue_150th_Eastgate
1779,0.441448,0.089566,0.10923,0.747778,0.241561,0.05181,Bellevue_150th_Eastgate
1780,0.433572,0.06515,0.124273,0.618406,0.176469,0.012468,Bellevue_150th_Eastgate
1781,0.451887,0.098894,0.10461,0.552375,0.103198,0.025796,Bellevue_150th_Eastgate
1782,0.470789,0.115659,0.098084,0.588091,0.115736,0.062502,Bellevue_150th_Eastgate
1783,0.461527,0.108757,0.102388,0.518349,0.161841,0.049784,Bellevue_150th_Eastgate
1784,0.465595,0.113066,0.09963,0.45132,0.162142,0.015223,Bellevue_150th_Eastgate
1785,0.46415,0.118353,0.0925,0.635153,0.228698,0.05308,Bellevue_150th_Eastgate
1786,0.413753,0.077909,0.101988,0.591203,0.196975,0.089963,Bellevue_150th_Eastgate
1787,0.465642,0.09295,0.11967,0.503988,0.151146,-0.003488,Bellevue_150th_Eastgate
1788,0.422618,0.056312,0.122655,0.536016,0.197009,-0.008952,Bellevue_150th_Eastgate
1789,0.418366,0.067546,0.109344,0.600438,0.231882,0.024972,Bellevue_150th_Eastgate
1790,0.453541,0.108675,0.095163,0.569403,0.227751,0.009851,Bellevue_150th_Eastgate
1791,0.452036,0.102007,0.101132,0.568252,0.182639,0.059949,Bellevue_150th_Eastgate
1792,0.469681,0.109153,0.101512,0.56722,0.11352,0.040316,Bellevue_150th_Eastgate
1793,0.5051,0.13699,0.088742,0.610686,0.116249,0.093531,Bellevue_150th_Eastgate
1794,0.450742,0.10599,0.097437,0.5657,0.144912,0.102471,Bellevue_150th_Eastgate
1795,0.468415,0.116079,0.094104,0.43032,0.142456,0.035115,Bellevue_150th_Eastgate
1796,0.515495,0.137488,0.091612,0.5777,0.208335,0.093986,Bellevue_150th_Eastgate
1797,0.41185,0.071784,0.099943,0.5728,0.191056,0.072632,Bellevue_150th_Eastgate
1798,0.458044,0.109895,0.095346,0.688834,0.32244,0.068417,Bellevue_150th_Eastgate
1799,0.423067,0.085066,0.098575,0.641546,0.321502,0.124074,Bellevue_150th_Eastgate
1800,0.451253,0.091678,0.099197,0.526697,0.17869,0.087624,Bellevue_150th_Eastgate
1801,0.524459,0.142899,0.089413,0.681185,0.306274,0.103487,Bellevue_150th_Eastgate
1802,0.417417,0.071379,0.106326,0.478126,0.174695,0.023605,Bellevue_150th_Eastgate
1803,0.539241,0.140976,0.091336,0.439936,0.174577,0.018831,Bellevue_150th_Eastgate
1804,0.524126,0.135335,0.094775,0.468996,0.17254,0.021192,Bellevue_150th_Eastgate
1805,0.420704,0.077518,0.098979,0.523749,0.192012,0.06579,Bellevue_150th_Eastgate
1806,0.470066,0.111043,0.100757,0.67688,0.249009,0.081204,Bellevue_150th_Eastgate
1807,0.442967,0.097532,0.092779,0.685031,0.230065,0.032764,Bellevue_150th_Eastgate
1808,0.597046,0.146829,0.079931,0.536914,0.116998,0.038366,Bellevue_150th_Eastgate
1809,0.486322,0.124911,0.095045,0.675321,0.116174,0.117298,Bellevue_150th_Eastgate
1810,0.42584,0.051897,0.126545,0.487993,0.08406,0.070568,Bellevue_150th_Eastgate
1811,0.492483,0.115402,0.11551,0.524437,0.155328,0.066961,Bellevue_150th_Eastgate
1812,0.432691,0.083877,0.108813,0.526098,0.170409,0.087598,Bellevue_150th_Eastgate
1813,0.433906,0.095861,0.077527,0.600013,0.198272,0.065194,Bellevue_150th_Eastgate
1814,0.425431,0.092973,0.096944,0.578227,0.216808,0.073439,Bellevue_150th_Eastgate
1815,0.517882,0.099972,0.064792,0.612804,0.196578,0.106227,Bellevue_150th_Eastgate
1816,0.408873,0.075994,0.09789,0.654776,0.273826,0.045618,Bellevue_150th_Eastgate
1817,0.423537,0.081295,0.103214,0.731262,0.266652,0.056489,Bellevue_150th_Eastgate
1818,0.413724,0.042539,0.128049,0.595569,0.165962,0.073334,Bellevue_150th_Eastgate
1819,0.435844,0.088127,0.104541,0.596773,0.116795,0.088955,Bellevue_150th_Eastgate
1820,0.453108,0.080383,0.123996,0.627763,0.126741,0.171595,Bellevue_150th_Eastgate
1821,0.42126,0.056496,0.122189,0.632681,0.160848,0.109475,Bellevue_150th_Eastgate
1822,0.431076,0.066779,0.121495,0.519538,0.224822,0.004721,Bellevue_150th_Eastgate
1823,0.424127,0.063268,0.119585,0.553332,0.170486,0.015661,Bellevue_150th_Eastgate
1824,0.476338,0.104988,0.117426,0.911716,0.358421,0.091078,Bellevue_150th_Eastgate
1825,0.409417,0.052513,0.11133,0.620375,0.25503,0.13923,Bellevue_150th_Eastgate
1826,0.43012,0.072468,0.116993,0.623972,0.222582,0.136842,Bellevue_150th_Eastgate
1827,0.422536,0.088509,0.098062,0.664027,0.276693,0.076955,Bellevue_150th_Eastgate
1828,0.42051,0.078884,0.10254,0.63428,0.2603,0.048724,Bellevue_150th_Eastgate
1829,0.406887,0.067215,0.099836,0.60502,0.214235,0.080525,Bellevue_150th_Eastgate
1830,0.414109,0.079482,0.096933,0.573755,0.207086,0.061159,Bellevue_150th_Eastgate
1831,0.445946,0.082901,0.119872,0.733945,0.203881,0.066971,Bellevue_150th_Eastgate
1832,0.426674,0.062975,0.121426,0.636122,0.195118,0.027754,Bellevue_150th_Eastgate
1833,0.424787,0.066449,0.118918,0.451998,0.114045,0.037216,Bellevue_150th_Eastgate
1834,0.476463,0.103513,0.117852,0.480221,0.139803,0.012578,Bellevue_150th_Eastgate
1835,0.449518,0.079258,0.120922,0.672128,0.226884,0.06155,Bellevue_150th_Eastgate
1836,0.413908,0.066275,0.107532,0.654217,0.314956,0.076501,Bellevue_150th_Eastgate
1837,0.466928,0.099846,0.090011,0.570695,0.201565,0.018166,Bellevue_150th_Eastgate
1838,0.437784,0.070892,0.121255,0.623362,0.209588,-0.020635,Bellevue_150th_Eastgate
1839,0.420657,0.059574,0.120429,0.501845,0.166678,-0.011069,Bellevue_150th_Eastgate
1840,0.436184,0.069923,0.123576,0.458622,0.172609,-0.016382,Bellevue_150th_Eastgate
1841,0.426094,0.05939,0.124572,0.553084,0.158597,0.024597,Bellevue_150th_Eastgate
1842,0.429913,0.065515,0.121558,0.554476,0.21478,0.012913,Bellevue_150th_Eastgate
1843,0.434862,0.058421,0.129242,0.620854,0.243555,0.009927,Bellevue_150th_Eastgate
1844,0.410456,0.077245,0.092954,0.512549,0.196715,0.00713,Bellevue_150th_Eastgate
1845,0.419564,0.066497,0.091926,0.641788,0.172123,0.048423,Bellevue_150th_Eastgate
1846,0.410376,0.068696,0.103365,0.672823,0.166822,0.05936,Bellevue_150th_Eastgate
1847,0.432239,0.082745,0.108484,0.613049,0.232325,0.036452,Bellevue_150th_Eastgate
1848,0.422639,0.078156,0.105448,0.595683,0.253033,0.048292,Bellevue_150th_Eastgate
1849,0.417191,0.066482,0.113211,0.647914,0.253707,0.053296,Bellevue_150th_Eastgate
1850,0.430501,0.08861,0.102828,0.463853,0.12022,-0.010471,Bellevue_150th_Eastgate
1851,0.440483,0.087243,0.10645,0.496255,0.09687,0.061225,Bellevue_150th_Eastgate
1852,0.400655,0.059674,0.100699,0.516535,0.198577,0.00491,Bellevue_150th_Eastgate
1853,0.417243,0.074325,0.096515,0.517651,0.194282,-0.009579,Bellevue_150th_Eastgate
1854,0.448939,0.083834,0.106643,0.508618,0.253905,-0.081319,Bellevue_150th_Eastgate
1855,0.442859,0.108801,0.089537,0.744469,0.40976,0.01929,Bellevue_150th_Eastgate
1856,0.422244,0.066157,0.111309,0.569543,0.273157,-0.02641,Bellevue_150th_Eastgate
1857,0.434504,0.089014,0.102564,0.405949,0.173297,-0.049411,Bellevue_150th_Eastgate
1858,0.420798,0.075721,0.104727,0.586813,0.261592,-0.029758,Bellevue_150th_Eastgate
1859,0.39274,0.064037,0.096602,0.588014,0.27584,0.025706,Bellevue_150th_Eastgate
1860,0.411658,0.076793,0.097917,0.541188,0.287477,-0.062896,Bellevue_150th_Eastgate
1861,0.474042,0.11185,0.096183,0.639016,0.245343,0.032462,Bellevue_150th_Eastgate
1862,0.43193,0.089713,0.102268,0.639852,0.255926,0.058264,Bellevue_150th_Eastgate
1863,0.424709,0.074803,0.109885,0.597658,0.188644,0.036467,Bellevue_150th_Eastgate
1864,0.501254,0.131314,0.091517,0.464308,0.130778,0.020238,Bellevue_150th_Eastgate
1865,0.499586,0.121812,0.08417,0.486553,0.132786,0.006933,Bellevue_150th_Eastgate
1866,0.409272,0.078468,0.092085,0.549425,0.17502,0.019395,Bellevue_150th_Eastgate
1867,0.431903,0.087896,0.102335,0.450939,0.16127,-0.000996,Bellevue_150th_Eastgate
1868,0.423395,0.082699,0.100512,0.550019,0.196715,0.058474,Bellevue_150th_Eastgate
1869,0.463735,0.117338,0.092414,0.679523,0.180271,0.094624,Bellevue_150th_Eastgate
1870,0.416488,0.069121,0.10824,0.54979,0.128714,0.011345,Bellevue_150th_Eastgate
1871,0.423534,0.084592,0.101826,0.494848,0.110574,-0.040434,Bellevue_150th_Eastgate
1872,0.408914,0.06682,0.10339,0.46437,0.106242,-0.010112,Bellevue_150th_Eastgate
1873,0.409845,0.065933,0.099807,0.472515,0.11271,0.0263,Bellevue_150th_Eastgate
1874,0.435854,0.096062,0.100485,0.541854,0.183979,0.03671,Bellevue_150th_Eastgate
1875,0.458422,0.104744,0.102037,0.628358,0.254993,0.034585,Bellevue_150th_Eastgate
1876,0.499906,0.133527,0.090242,0.832502,0.298185,-0.010697,Bellevue_150th_Eastgate
1877,0.412686,0.064359,0.100774,0.80134,0.240848,0.051335,Bellevue_150th_Eastgate
1878,0.439811,0.092371,0.087869,0.671958,0.189667,0.022159,Bellevue_150th_Eastgate
1879,0.478725,0.114343,0.100821,0.684582,0.174539,0.0129,Bellevue_150th_Eastgate
1880,0.427788,0.081236,0.102854,0.595251,0.160781,0.002658,Bellevue_150th_Eastgate
1881,0.443531,0.094531,0.086484,0.583185,0.139186,0.073364,Bellevue_150th_Eastgate
1882,0.402221,0.05162,0.084084,0.50067,0.136622,0.031678,Bellevue_150th_Eastgate
1883,0.437528,0.079303,0.09977,0.597096,0.108189,0.135656,Bellevue_150th_Eastgate
1884,0.436409,0.087736,0.105042,0.815027,0.199035,0.162058,Bellevue_150th_Eastgate
1885,0.413492,0.050969,0.105887,0.571376,0.125743,0.019527,Bellevue_150th_Eastgate
1886,0.473961,0.10883,0.104035,0.542942,0.071415,0.024035,Bellevue_150th_Eastgate
1887,0.473191,0.115449,0.094962,0.573721,0.114553,0.054075,Bellevue_150th_Eastgate
1888,0.469661,0.109314,0.103204,0.531728,0.09987,0.042901,Bellevue_150th_Eastgate
1889,0.415752,0.071707,0.106117,0.550913,0.195359,0.01345,Bellevue_150th_Eastgate
1890,0.413414,0.063851,0.09863,0.600624,0.224906,0.053166,Bellevue_150th_Eastgate
1891,0.419019,0.061409,0.117781,0.733149,0.225804,0.129768,Bellevue_150th_Eastgate
1892,0.422466,0.059926,0.119512,0.668576,0.181886,0.103282,Bellevue_150th_Eastgate
1893,0.411581,0.072719,0.103641,0.615836,0.254503,0.080718,Bellevue_150th_Eastgate
1894,0.422482,0.078574,0.104892,0.623401,0.21025,0.014744,Bellevue_150th_Eastgate
1895,0.394724,0.069695,0.096669,0.626419,0.166803,0.039156,Bellevue_150th_Eastgate
1896,0.434973,0.094089,0.098619,0.593352,0.204854,0.06131,Bellevue_150th_Eastgate
1897,0.443245,0.087927,0.104753,0.59836,0.201351,0.07332,Bellevue_150th_Eastgate
1898,0.447989,0.098843,0.096623,0.616961,0.197203,0.041386,Bellevue_150th_Eastgate
1899,0.442957,0.09086,0.102813,0.696844,0.225369,0.071488,Bellevue_150th_Eastgate
1900,0.431901,0.082809,0.104868,0.620581,0.224669,0.001421,Bellevue_150th_Eastgate
1901,0.418273,0.076332,0.100773,0.732182,0.235495,0.00155,Bellevue_150th_Eastgate
1902,0.412887,0.069855,0.097556,0.720299,0.19784,0.035139,Bellevue_150th_Eastgate
1903,0.425362,0.073155,0.105964,0.732746,0.272007,0.047646,Bellevue_150th_Eastgate
1904,0.428622,0.072555,0.102338,0.721257,0.289206,0.083393,Bellevue_150th_Eastgate
1905,0.470834,0.113471,0.09475,0.654805,0.155182,0.132351,Bellevue_150th_Eastgate
1906,0.429562,0.076299,0.107796,0.596335,0.144322,0.075523,Bellevue_150th_Eastgate
1907,0.429563,0.076999,0.108997,0.570362,0.173879,0.015043,Bellevue_150th_Eastgate
1908,0.415453,0.063054,0.10909,0.601628,0.152974,-0.021374,Bellevue_150th_Eastgate
1909,0.419827,0.056006,0.10888,0.519563,0.138649,0.029957,Bellevue_150th_Eastgate
1910,0.413812,0.056408,0.106552,0.386999,0.118426,0.009514,Bellevue_150th_Eastgate
1911,0.412132,0.058273,0.107672,0.530094,0.192815,0.020193,Bellevue_150th_Eastgate
1912,0.484056,0.118822,0.095331,0.71053,0.309396,0.030137,Bellevue_150th_Eastgate
1913,0.418451,0.056749,0.113193,0.436667,0.194165,-0.031782,Bellevue_150th_Eastgate
1914,0.441394,0.092572,0.102788,0.373737,0.163297,-0.059712,Bellevue_150th_Eastgate
1915,0.415228,0.067185,0.106235,0.369281,0.152849,-0.035308,Bellevue_150th_Eastgate
1916,0.414053,0.074395,0.101504,0.398079,0.079524,-0.011402,Bellevue_150th_Eastgate
1917,0.419832,0.068915,0.108354,0.544803,0.280955,-0.023703,Bellevue_150th_Eastgate
1918,0.432545,0.081634,0.106032,0.57119,0.177822,-0.002109,Bellevue_150th_Eastgate
1919,0.423736,0.076408,0.104843,0.712252,0.233464,0.174153,Bellevue_150th_Eastgate
1920,0.412704,0.058038,0.112454,0.535065,0.12638,0.030767,Bellevue_150th_Eastgate
1921,0.460027,0.101587,0.10067,0.512632,0.106272,-0.016292,Bellevue_150th_Eastgate
1922,0.41526,0.065722,0.10786,0.477253,0.051779,0.007019,Bellevue_150th_Eastgate
1923,0.416644,0.04066,0.126242,0.579776,0.173115,0.017617,Bellevue_150th_Eastgate
1924,0.451935,0.091993,0.106997,0.601071,0.301142,-0.046844,Bellevue_150th_Eastgate
1925,0.444617,0.091208,0.104166,0.647849,0.198986,0.001293,Bellevue_150th_Eastgate
1926,0.431517,0.074647,0.109382,0.618074,0.239529,0.017259,Bellevue_150th_Eastgate
1927,0.472311,0.107084,0.104872,0.558982,0.240672,-0.010586,Bellevue_150th_Eastgate
1928,0.41838,0.062533,0.110492,0.426572,0.227481,-0.056883,Bellevue_150th_Eastgate
1929,0.412172,0.061172,0.107714,0.578248,0.282333,-0.0241,Bellevue_150th_Eastgate
1930,0.408615,0.062442,0.106036,0.607684,0.269605,0.05298,Bellevue_150th_Eastgate
1931,0.423999,0.061826,0.107921,0.573162,0.259182,0.099473,Bellevue_150th_Eastgate
1932,0.45399,0.080105,0.105393,0.583991,0.153845,0.164749,Bellevue_150th_Eastgate
1933,0.493423,0.116848,0.104105,0.601174,0.237955,0.024173,Bellevue_150th_Eastgate
1934,0.451391,0.094597,0.099495,0.410118,0.162946,0.057588,Bellevue_150th_Eastgate
1935,0.496868,0.110901,0.095957,0.490692,0.162416,0.092064,Bellevue_150th_Eastgate
1936,0.431911,0.072172,0.107396,0.443994,0.158127,0.100225,Bellevue_150th_Eastgate
1937,0.45926,0.079436,0.087242,0.425914,0.137179,0.09203,Bellevue_150th_Eastgate
1938,0.464701,0.108843,0.100695,0.46461,0.179931,0.056175,Bellevue_150th_Eastgate
1939,0.470281,0.111085,0.100629,0.558915,0.188928,0.058187,Bellevue_150th_Eastgate
1940,0.487491,0.119575,0.095031,0.641052,0.230781,0.040274,Bellevue_150th_Eastgate
1941,0.416914,0.058986,0.11161,0.557403,0.215012,0.016504,Bellevue_150th_Eastgate
1942,0.502838,0.12291,0.095112,0.626258,0.242215,-0.016202,Bellevue_150th_Eastgate
1943,0.460439,0.071276,0.120563,0.574313,0.258819,-0.043249,Bellevue_150th_Eastgate
1944,0.466914,0.083615,0.124815,0.610203,0.179262,0.007641,Bellevue_150th_Eastgate
1945,0.43536,0.068841,0.111017,0.523063,0.0875,0.018789,Bellevue_150th_Eastgate
1946,0.456609,0.092298,0.105554,0.519951,0.06886,0.020578,Bellevue_150th_Eastgate
1947,0.409418,0.064136,0.108714,0.445975,0.141113,0.016193,Bellevue_150th_Eastgate
1948,0.474537,0.109922,0.10545,0.473802,0.121521,0.046109,Bellevue_150th_Eastgate
1949,0.434731,0.053171,0.131538,0.549228,0.149701,0.070259,Bellevue_150th_Eastgate
1950,0.429486,0.057166,0.121615,0.593186,0.223985,0.062575,Bellevue_150th_Eastgate
1951,0.408097,0.04695,0.109918,0.60136,0.231193,0.070362,Bellevue_150th_Eastgate
1952,0.451561,0.090373,0.107674,0.543509,0.217563,0.055245,Bellevue_150th_Eastgate
1953,0.506512,0.129487,0.095498,0.725923,0.298973,0.042342,Bellevue_150th_Eastgate
1954,0.435222,0.059769,0.118628,0.764519,0.276884,0.08761,Bellevue_150th_Eastgate
1955,0.429004,0.066685,0.112542,0.612911,0.202337,0.02973,Bellevue_150th_Eastgate
1956,0.426796,0.078884,0.105772,0.617395,0.276012,0.02008,Bellevue_150th_Eastgate
1957,0.428004,0.078856,0.106796,0.62025,0.306649,0.052514,Bellevue_150th_Eastgate
1958,0.426731,0.084696,0.101246,0.630807,0.296299,0.066398,Bellevue_150th_Eastgate
1959,0.396492,0.061265,0.099973,0.604658,0.301136,0.131479,Bellevue_150th_Eastgate
1960,0.437018,0.101116,0.092217,0.704527,0.262014,0.155894,Bellevue_150th_Eastgate
1961,0.430388,0.068167,0.107226,0.580353,0.21678,0.039936,Bellevue_150th_Eastgate
1962,0.436228,0.067815,0.110073,0.532885,0.129666,0.053581,Bellevue_150th_Eastgate
1963,0.49204,0.04855,0.082593,0.504353,0.088441,0.069534,Bellevue_150th_Eastgate
1964,0.398843,0.065494,0.089961,0.510195,0.089363,0.08774,Bellevue_150th_Eastgate
1965,0.430067,0.055297,0.068034,0.500307,0.106948,0.075049,Bellevue_150th_Eastgate
1966,0.426842,0.052096,0.087902,0.505446,0.187481,0.030241,Bellevue_150th_Eastgate
1967,0.508736,0.083382,0.060145,0.527993,0.146558,0.039726,Bellevue_150th_Eastgate
1968,0.498582,0.115663,0.082855,0.688846,0.216825,0.073695,Bellevue_150th_Eastgate
1969,0.486423,0.047024,0.070548,0.490393,0.143286,0.006215,Bellevue_150th_Eastgate
1970,0.527902,0.077649,0.060244,0.493511,0.160231,0.000336,Bellevue_150th_Eastgate
1971,0.488595,0.038189,0.068252,0.469868,0.116486,0.069314,Bellevue_150th_Eastgate
1972,0.498826,0.048745,0.062726,0.606581,0.220349,0.072337,Bellevue_150th_Eastgate
1973,0.469819,0.047115,0.077086,0.593583,0.255413,0.037032,Bellevue_150th_Eastgate
1974,0.407706,0.048655,0.098081,0.538472,0.182134,0.004518,Bellevue_150th_Eastgate
1975,0.470783,0.108068,0.101336,0.594572,0.233115,0.069158,Bellevue_150th_Eastgate
1976,0.404718,0.058097,0.104347,0.388342,0.175394,-0.002827,Bellevue_150th_Eastgate
1977,0.471619,0.096975,0.108912,0.381429,0.15781,0.013439,Bellevue_150th_Eastgate
1978,0.437284,0.083814,0.107344,0.44377,0.244242,-0.038437,Bellevue_150th_Eastgate
1979,0.436332,0.086226,0.103658,0.529184,0.125158,0.132942,Bellevue_150th_Eastgate
1980,0.425986,0.076935,0.106244,0.515169,0.203898,0.033122,Bellevue_150th_Eastgate
1981,0.464231,0.098575,0.109122,0.484097,0.191824,0.030312,Bellevue_150th_Eastgate
1982,0.473752,0.111423,0.101425,0.619777,0.227897,0.052048,Bellevue_150th_Eastgate
1983,0.420204,0.048053,0.123504,0.516418,0.191925,0.036722,Bellevue_150th_Eastgate
1984,0.495157,0.116428,0.101559,0.591731,0.185651,0.142438,Bellevue_150th_Eastgate
1985,0.432732,0.06873,0.10755,0.573218,0.118601,0.175411,Bellevue_150th_Eastgate
1986,0.43893,0.037293,0.097572,0.551316,0.136947,0.177606,Bellevue_150th_Eastgate
1987,0.441334,0.067611,0.104305,0.51787,0.195956,0.135712,Bellevue_150th_Eastgate
1988,0.439799,0.078184,0.108051,0.454596,0.200161,0.116234,Bellevue_150th_Eastgate
1989,0.439096,0.067976,0.103049,0.603618,0.230245,0.07292,Bellevue_150th_Eastgate
1990,0.504617,0.129904,0.088965,0.632203,0.237215,0.005948,Bellevue_150th_Eastgate
1991,0.413754,0.063259,0.10674,0.497541,0.178051,0.021731,Bellevue_150th_Eastgate
1992,0.500444,0.127943,0.093969,0.523016,0.162951,-0.034064,Bellevue_150th_Eastgate
1993,0.492255,0.114952,0.103743,0.465622,0.135257,-0.020837,Bellevue_150th_Eastgate
1994,0.443371,0.087554,0.099444,0.539108,0.153828,-0.009518,Bellevue_150th_Eastgate
1995,0.425882,0.052277,0.110314,0.467268,0.238844,0.014316,Bellevue_150th_Eastgate
1996,0.422811,0.061254,0.110808,0.536513,0.11003,0.066606,Bellevue_150th_Eastgate
1997,0.456006,0.100779,0.102335,0.526319,0.139886,0.055093,Bellevue_150th_Eastgate
1998,0.488131,0.10702,0.106317,0.479235,0.175369,0.024087,Bellevue_150th_Eastgate
1999,0.44208,0.060452,0.130716,0.441051,0.128569,0.04934,Bellevue_150th_Eastgate
2000,0.433473,0.075585,0.106114,0.415255,0.122402,0.075415,Bellevue_150th_Eastgate
2001,0.41649,0.069292,0.099987,0.473905,0.17172,0.068668,Bellevue_150th_Eastgate
2002,0.425297,0.075081,0.106574,0.543178,0.214727,0.085535,Bellevue_150th_Eastgate
2003,0.409386,0.068859,0.101976,0.666808,0.231538,0.029901,Bellevue_150th_Eastgate
2004,0.420098,0.065045,0.110303,0.697385,0.240494,0.104008,Bellevue_150th_Eastgate
2005,0.402114,0.047842,0.111883,0.429409,0.130157,0.024999,Bellevue_150th_Eastgate
2006,0.455393,0.102303,0.103025,0.289316,0.077094,0.021038,Bellevue_150th_Eastgate
2007,0.459438,0.095801,0.098504,0.452477,0.106718,0.005528,Bellevue_150th_Eastgate
2008,0.412164,0.065454,0.097523,0.611963,0.112999,0.111731,Bellevue_150th_Eastgate
2009,0.417941,0.068413,0.103388,0.543206,0.122728,0.056735,Bellevue_150th_Eastgate
2010,0.412564,0.06538,0.103337,0.568759,0.222051,0.020415,Bellevue_150th_Eastgate
2011,0.467445,0.106638,0.10386,0.671947,0.226329,0.024495,Bellevue_150th_Eastgate
2012,0.437488,0.085691,0.105245,0.5187,0.146143,0.038363,Bellevue_150th_Eastgate
2013,0.477667,0.065391,0.091986,0.554572,0.137734,0.068219,Bellevue_150th_Eastgate
2014,0.416383,0.007853,0.067893,0.543289,0.153205,0.066434,Bellevue_150th_Eastgate
2015,0.460681,0.020826,0.07577,0.639356,0.295692,0.042619,Bellevue_150th_Eastgate
2016,0.432637,0.033048,0.089267,0.698368,0.304208,0.055505,Bellevue_150th_Eastgate
2017,0.408053,0.043991,0.100706,0.624201,0.124438,0.1132,Bellevue_150th_Eastgate
2018,0.467916,0.105114,0.107996,0.646487,0.145596,0.093661,Bellevue_150th_Eastgate
2019,0.433109,0.0455,0.129897,0.500983,0.221094,0.118918,Bellevue_150th_Eastgate
2020,0.452795,0.073608,0.125082,0.481813,0.181419,0.180762,Bellevue_150th_Eastgate
2021,0.449872,0.022495,0.08199,0.515487,0.160439,0.167645,Bellevue_150th_Eastgate
2022,0.447472,0.022534,0.077535,0.51375,0.175861,0.078305,Bellevue_150th_Eastgate
2023,0.411326,0.063482,0.104381,0.588964,0.203619,0.154111,Bellevue_150th_Eastgate
2024,0.484017,0.082765,0.07739,0.566388,0.207002,0.046659,Bellevue_150th_Eastgate
2025,0.481609,0.108787,0.1036,0.56053,0.177228,0.095723,Bellevue_150th_Eastgate
2026,0.439689,0.086619,0.10731,0.408992,0.127651,0.017588,Bellevue_150th_Eastgate
2027,0.498188,0.116674,0.103029,0.453274,0.170077,0.005644,Bellevue_150th_Eastgate
2028,0.467964,0.094658,0.110433,0.425819,0.163376,0.046386,Bellevue_150th_Eastgate
2029,0.47044,0.096008,0.107211,0.289032,0.095738,0.004854,Bellevue_150th_Eastgate
2030,0.507917,0.026114,0.072938,0.409084,0.107222,0.03908,Bellevue_150th_Eastgate
2031,0.49415,0.111001,0.105123,0.592258,0.208952,0.07284,Bellevue_150th_Eastgate
2032,0.433206,0.066114,0.109258,0.46427,0.123357,0.06011,Bellevue_150th_Eastgate
2033,0.469968,0.083185,0.097544,0.612279,0.158093,0.081492,Bellevue_150th_Eastgate
2034,0.442599,0.022491,0.080404,0.5801,0.21124,0.040833,Bellevue_150th_Eastgate
2035,0.490063,0.050727,0.071498,0.613436,0.259478,0.04341,Bellevue_150th_Eastgate
2036,0.443865,0.071571,0.104569,0.588139,0.278056,0.028931,Bellevue_150th_Eastgate
2037,0.45076,0.094756,0.100368,0.671056,0.299703,0.125407,Bellevue_150th_Eastgate
2038,0.428401,0.066183,0.111176,0.656377,0.309482,0.031075,Bellevue_150th_Eastgate
2039,0.465397,0.082075,0.094399,0.619188,0.289692,0.059082,Bellevue_150th_Eastgate
2040,0.431076,0.070543,0.105959,0.639447,0.347035,0.042237,Bellevue_150th_Eastgate
2041,0.466042,0.041622,0.080831,0.530169,0.187892,0.028813,Bellevue_150th_Eastgate
2042,0.453603,0.093378,0.106775,0.502325,0.182689,0.062873,Bellevue_150th_Eastgate
2043,0.42071,0.073807,0.106561,0.526933,0.153574,0.058842,Bellevue_150th_Eastgate
2044,0.474071,0.09583,0.113349,0.557454,0.20584,-0.046533,Bellevue_150th_Eastgate
2045,0.455803,0.072683,0.127723,0.614364,0.238007,-0.050517,Bellevue_150th_Eastgate
2046,0.426333,0.060696,0.120075,0.669273,0.25648,-0.003601,Bellevue_150th_Eastgate
2047,0.426243,0.081862,0.099504,0.761693,0.209217,0.105658,Bellevue_150th_Eastgate
2048,0.441268,0.086353,0.103715,0.598392,0.216339,0.081942,Bellevue_150th_Eastgate
2049,0.482429,0.114582,0.0977,0.671441,0.163456,0.051328,Bellevue_150th_Eastgate
2050,0.418127,0.055256,0.112599,0.574417,0.148574,0.058769,Bellevue_150th_Eastgate
2051,0.485714,0.091146,0.127955,0.517942,0.130272,0.115403,Bellevue_150th_Eastgate
2052,0.450601,0.099969,0.101126,0.627383,0.183839,0.138481,Bellevue_150th_Eastgate
2053,0.416196,0.076478,0.095958,0.671615,0.254313,0.075943,Bellevue_150th_Eastgate
2054,0.456798,0.093182,0.086201,0.693456,0.220548,0.142246,Bellevue_150th_Eastgate
2055,0.417653,0.077738,0.099153,0.575506,0.169162,0.051279,Bellevue_150th_Eastgate
2056,0.476465,0.112486,0.104688,0.734093,0.235478,0.096961,Bellevue_150th_Eastgate
2057,0.409649,0.052797,0.112824,0.586036,0.204777,0.065805,Bellevue_150th_Eastgate
2058,0.445618,0.084438,0.102631,0.497411,0.134419,0.11344,Bellevue_150th_Eastgate
2059,0.433931,0.065038,0.105614,0.678878,0.136282,0.287718,Bellevue_150th_Eastgate
2060,0.42499,0.024002,0.093959,0.624395,0.223076,0.089373,Bellevue_150th_Eastgate
2061,0.422566,0.049439,0.107673,0.592916,0.175473,0.170606,Bellevue_150th_Eastgate
2062,0.435579,0.022092,0.095257,0.570198,0.221415,0.040471,Bellevue_150th_Eastgate
2063,0.472505,0.108985,0.103823,0.725825,0.265678,0.064779,Bellevue_150th_Eastgate
2064,0.412809,0.0435,0.102328,0.50586,0.153684,0.094218,Bellevue_150th_Eastgate
2065,0.452558,0.08779,0.112012,0.438447,0.170952,0.085417,Bellevue_150th_Eastgate
2066,0.427443,0.058583,0.123016,0.49457,0.192141,0.094492,Bellevue_150th_Eastgate
2067,0.417929,0.074674,0.102739,0.472951,0.194821,0.105865,Bellevue_150th_Eastgate
2068,0.416671,0.058279,0.096284,0.499048,0.255675,0.081731,Bellevue_150th_Eastgate
2069,0.417601,0.073083,0.102509,0.465973,0.215242,0.069283,Bellevue_150th_Eastgate
2070,0.431763,0.076424,0.106235,0.488029,0.219449,0.048896,Bellevue_150th_Eastgate
2071,0.51118,0.129878,0.085438,0.598481,0.202396,0.054574,Bellevue_150th_Eastgate
2072,0.481347,0.082073,0.086639,0.668468,0.216912,0.040814,Bellevue_150th_Eastgate
2073,0.479522,0.05248,0.079524,0.459385,0.086918,0.083994,Bellevue_150th_Eastgate
2074,0.514776,0.04172,0.06857,0.473029,0.113587,0.053472,Bellevue_150th_Eastgate
2075,0.506693,0.03715,0.073948,0.437495,0.137328,0.024692,Bellevue_150th_Eastgate
2076,0.477136,0.039042,0.080376,0.456016,0.138879,0.030754,Bellevue_150th_Eastgate
2077,0.5109,0.070588,0.067745,0.526929,0.202541,0.047631,Bellevue_150th_Eastgate
2078,0.481889,0.11537,0.099108,0.349847,0.123844,0.038162,Bellevue_150th_Eastgate
2079,0.487721,0.108191,0.086214,0.380441,0.081125,0.048178,Bellevue_150th_Eastgate
2080,0.474952,0.115695,0.096263,0.391485,0.049223,0.089769,Bellevue_150th_Eastgate
2081,0.432929,0.071894,0.10617,0.415865,0.143253,-0.000597,Bellevue_150th_Eastgate
2082,0.477891,0.096275,0.108961,0.444479,0.167028,0.044351,Bellevue_150th_Eastgate
2083,0.437665,0.07535,0.102206,0.379379,0.14837,0.045288,Bellevue_150th_Eastgate
2084,0.471787,0.101627,0.098592,0.443057,0.173908,0.101806,Bellevue_150th_Eastgate
2085,0.466274,0.096463,0.106939,0.569569,0.280138,0.13341,Bellevue_150th_Eastgate
2086,0.464747,0.102713,0.100493,0.533478,0.271421,0.132172,Bellevue_150th_Eastgate
2087,0.47806,0.110881,0.10361,0.588513,0.330192,0.128386,Bellevue_150th_Eastgate
2088,0.420076,0.061157,0.110209,0.533493,0.227531,0.018737,Bellevue_150th_Eastgate
2089,0.429989,0.075086,0.10754,0.413164,0.169874,0.074044,Bellevue_150th_Eastgate
2090,0.439969,0.054732,0.132628,0.445043,0.171668,0.096719,Bellevue_150th_Eastgate
2091,0.421502,0.07493,0.107951,0.505013,0.218635,0.069983,Bellevue_150th_Eastgate
2092,0.407742,0.066226,0.104302,0.518007,0.216439,0.090526,Bellevue_150th_Eastgate
2093,0.439264,0.089237,0.095897,0.58884,0.277793,0.042033,Bellevue_150th_Eastgate
2094,0.393909,0.057473,0.102573,0.489316,0.196032,0.045439,Bellevue_150th_Eastgate
2095,0.479363,0.109497,0.103298,0.557245,0.149556,0.052709,Bellevue_150th_Eastgate
2096,0.429308,0.077149,0.106867,0.569481,0.202974,-0.010014,Bellevue_150th_Eastgate
2097,0.435312,0.081427,0.103545,0.480455,0.081761,0.040817,Bellevue_150th_Eastgate
2098,0.415526,0.074875,0.102604,0.493804,0.129629,0.006175,Bellevue_150th_Eastgate
2099,0.409295,0.07949,0.097602,0.507069,0.113133,0.026121,Bellevue_150th_Eastgate
2100,0.423971,0.090816,0.095472,0.505422,0.105243,0.030447,Bellevue_150th_Eastgate
2101,0.465621,0.079035,0.065582,0.580545,0.121333,0.064648,Bellevue_150th_Eastgate
2102,0.435895,0.097026,0.094751,0.590333,0.170762,0.083184,Bellevue_150th_Eastgate
2103,0.484777,0.106106,0.069793,0.584672,0.162194,0.059199,Bellevue_150th_Eastgate
2104,0.468925,0.111475,0.099418,0.621646,0.11503,0.04601,Bellevue_150th_Eastgate
2105,0.432349,0.085253,0.097667,0.466016,0.125827,0.038856,Bellevue_150th_Eastgate
2106,0.443837,0.092863,0.101963,0.355245,0.060825,0.033482,Bellevue_150th_Eastgate
2107,0.430706,0.064219,0.098365,0.388336,0.111683,0.079794,Bellevue_150th_Eastgate
2108,0.426158,0.071008,0.094997,0.363387,0.122456,0.03951,Bellevue_150th_Eastgate
2109,0.411809,0.032817,0.075668,0.33308,0.137566,0.071463,Bellevue_150th_Eastgate
2110,0.45411,0.088108,0.088255,0.660432,0.39594,0.011651,Bellevue_150th_Eastgate
2111,0.408867,0.060538,0.102115,0.570515,0.253207,-0.01658,Bellevue_150th_Eastgate
2112,0.447262,0.093619,0.099571,0.492375,0.19885,-0.005183,Bellevue_150th_Eastgate
2113,0.407919,0.062894,0.100244,0.564398,0.226023,0.036619,Bellevue_150th_Eastgate
2114,0.500918,0.121582,0.094558,0.529501,0.246109,0.061001,Bellevue_150th_Eastgate
2115,0.461174,0.104384,0.102048,0.510106,0.25843,0.057417,Bellevue_150th_Eastgate
2116,0.410828,0.071296,0.102814,0.615358,0.270823,0.072353,Bellevue_150th_Eastgate
2117,0.436849,0.09655,0.095848,0.777769,0.363755,0.149305,Bellevue_150th_Eastgate
2118,0.412624,0.066739,0.103643,0.621601,0.210889,0.103571,Bellevue_150th_Eastgate
2119,0.464925,0.109734,0.096696,0.664961,0.25116,0.079578,Bellevue_150th_Eastgate
2120,0.415816,0.051798,0.097206,0.5794,0.230759,0.061887,Bellevue_150th_Eastgate
2121,0.467477,0.09873,0.088289,0.572088,0.214222,0.063836,Bellevue_150th_Eastgate
2122,0.453381,0.101799,0.096772,0.57413,0.209251,0.051212,Bellevue_150th_Eastgate
2123,0.486724,0.077717,0.071097,0.466434,0.241824,0.043079,Bellevue_150th_Eastgate
2124,0.482754,0.114883,0.101063,0.567906,0.163602,0.10558,Bellevue_150th_Eastgate
2125,0.429569,0.070977,0.111419,0.610184,0.155789,0.106247,Bellevue_150th_Eastgate
2126,0.44316,0.084286,0.100513,0.580098,0.129932,0.120953,Bellevue_150th_Eastgate
2127,0.439649,0.084039,0.107023,0.573066,0.175977,0.110404,Bellevue_150th_Eastgate
2128,0.415425,0.059863,0.101458,0.61944,0.109697,0.1726,Bellevue_150th_Eastgate
2129,0.422822,0.024397,0.084199,0.596275,0.150609,0.107674,Bellevue_150th_Eastgate
2130,0.431114,0.043685,0.094931,0.515264,0.167072,0.029776,Bellevue_150th_Eastgate
2131,0.421141,0.062675,0.099099,0.592971,0.092093,0.005663,Bellevue_150th_Eastgate
2132,0.438005,0.07963,0.105152,0.670808,0.120414,0.091342,Bellevue_150th_Eastgate
2133,0.44996,0.083789,0.099182,0.52263,0.166717,-0.050129,Bellevue_150th_Eastgate
2134,0.530293,0.125676,0.085829,0.516327,0.252749,-0.148485,Bellevue_150th_Eastgate
2135,0.468066,0.073716,0.130982,0.590898,0.239178,-0.006029,Bellevue_150th_Eastgate
2136,0.479995,0.112043,0.103618,0.632893,0.251374,-0.082374,Bellevue_150th_Eastgate
2137,0.431038,0.056057,0.094209,0.658035,0.244874,-0.092692,Bellevue_150th_Eastgate
2138,0.519917,0.101238,0.064681,0.487223,0.1127,0.057489,Bellevue_150th_Eastgate
2139,0.469149,0.113909,0.093077,0.598237,0.114605,0.064484,Bellevue_150th_Eastgate
2140,0.422651,0.062358,0.100391,0.502373,0.120349,0.057371,Bellevue_150th_Eastgate
2141,0.525163,0.108408,0.073984,0.523394,0.120895,0.069628,Bellevue_150th_Eastgate
2142,0.481707,0.083326,0.074114,0.641553,0.225103,0.088172,Bellevue_150th_Eastgate
2143,0.474619,0.040863,0.06707,0.617492,0.227092,0.032968,Bellevue_150th_Eastgate
2144,0.457199,0.090374,0.092871,0.698169,0.221378,0.169405,Bellevue_150th_Eastgate
2145,0.499274,0.046589,0.068781,0.553058,0.207945,0.030674,Bellevue_150th_Eastgate
2146,0.508231,0.127196,0.085619,0.602177,0.241233,0.033138,Bellevue_150th_Eastgate
2147,0.471169,0.103009,0.092892,0.514295,0.270444,0.03508,Bellevue_150th_Eastgate
2148,0.470643,0.105634,0.100856,0.727074,0.301416,0.055616,Bellevue_150th_Eastgate
2149,0.41347,0.051913,0.103832,0.668085,0.306776,0.029716,Bellevue_150th_Eastgate
2150,0.426108,0.054624,0.098183,0.609617,0.218793,0.061381,Bellevue_150th_Eastgate
2151,0.418171,0.063408,0.107448,0.655053,0.258496,0.061785,Bellevue_150th_Eastgate
2152,0.415872,0.064885,0.104052,0.592082,0.158103,0.082721,Bellevue_150th_Eastgate
2153,0.450149,0.08756,0.105566,0.629543,0.148867,0.122068,Bellevue_150th_Eastgate
2154,0.408792,0.054555,0.103914,0.534332,0.110787,0.087509,Bellevue_150th_Eastgate
2155,0.475864,0.109274,0.101024,0.681636,0.107208,0.116766,Bellevue_150th_Eastgate
2156,0.428034,0.063945,0.106251,0.644724,0.097134,0.111751,Bellevue_150th_Eastgate
2157,0.479454,0.035307,0.073693,0.623543,0.181359,0.128434,Bellevue_150th_Eastgate
2158,0.484236,0.055254,0.082337,0.602788,0.252221,0.089,Bellevue_150th_Eastgate
2159,0.490594,0.116202,0.0965,0.562535,0.144027,0.029842,Bellevue_150th_Eastgate
2160,0.481861,0.115686,0.09962,0.631064,0.114256,0.068976,Bellevue_150th_Eastgate
2161,0.427957,0.051633,0.094973,0.5321,0.085815,0.072618,Bellevue_150th_Eastgate
2162,0.527805,0.134141,0.092202,0.539669,0.139425,0.091471,Bellevue_150th_Eastgate
2163,0.441583,0.085563,0.101777,0.575144,0.221178,0.018808,Bellevue_150th_Eastgate
2164,0.494503,0.049465,0.061136,0.682791,0.231945,0.060471,Bellevue_150th_Eastgate
2165,0.466035,0.047227,0.069951,0.700369,0.26062,0.034339,Bellevue_150th_Eastgate
2166,0.475195,0.036866,0.067334,0.616013,0.17748,0.028796,Bellevue_150th_Eastgate
2167,0.473687,0.116367,0.091331,0.773405,0.13764,0.1792,Bellevue_150th_Eastgate
2168,0.41838,0.035819,0.095892,0.611413,0.137546,0.07936,Bellevue_150th_Eastgate
2169,0.490848,0.09767,0.124611,0.586262,0.080353,0.087793,Bellevue_150th_Eastgate
2170,0.44102,0.071072,0.106289,0.532202,0.095251,0.088439,Bellevue_150th_Eastgate
2171,0.468013,0.101047,0.107528,0.452087,0.123297,0.065488,Bellevue_150th_Eastgate
2172,0.435232,0.090912,0.098924,0.503085,0.173963,0.044583,Bellevue_150th_Eastgate
2173,0.464223,0.108113,0.097297,0.637596,0.205399,0.070128,Bellevue_150th_Eastgate
2174,0.421981,0.058758,0.099001,0.47753,0.108595,0.0254,Bellevue_150th_Eastgate
2175,0.473666,0.103798,0.108011,0.471598,0.149672,-0.017103,Bellevue_150th_Eastgate
2176,0.453443,0.089714,0.108856,0.626661,0.231035,-0.068069,Bellevue_150th_Eastgate
2177,0.434235,0.047746,0.08557,0.70545,0.34219,-0.031202,Bellevue_150th_Eastgate
2178,0.440418,0.041066,0.07548,0.60752,0.309559,0.034407,Bellevue_150th_Eastgate
2179,0.438609,0.080121,0.092347,0.629135,0.233089,0.088234,Bellevue_150th_Eastgate
2180,0.42998,0.031925,0.082882,0.416948,0.101774,-0.024628,Bellevue_150th_Eastgate
2181,0.456081,0.099736,0.101291,0.409381,0.145296,-0.002731,Bellevue_150th_Eastgate
2182,0.451771,0.07525,0.098094,0.404938,0.154464,0.051937,Bellevue_150th_Eastgate
2183,0.488897,0.033721,0.076566,0.537142,0.143145,0.122553,Bellevue_150th_Eastgate
2184,0.506316,0.031239,0.078144,0.604865,0.224367,0.099951,Bellevue_150th_Eastgate
2185,0.468692,0.033951,0.075531,0.571817,0.139729,0.067145,Bellevue_150th_Eastgate
2186,0.488554,0.119259,0.097801,0.734529,0.162912,0.082772,Bellevue_150th_Eastgate
2187,0.428959,0.043598,0.081891,0.385366,0.092736,-0.016739,Bellevue_150th_Eastgate
2188,0.484562,0.111579,0.093852,0.372366,0.126338,-0.017467,Bellevue_150th_Eastgate
2189,0.446982,0.090918,0.100771,0.402099,0.18698,-0.028818,Bellevue_150th_Eastgate
2190,0.417981,0.059431,0.104747,0.470825,0.214241,0.038986,Bellevue_150th_Eastgate
2191,0.438738,0.067977,0.109518,0.504915,0.179699,0.037471,Bellevue_150th_Eastgate
2192,0.465605,0.089643,0.103034,0.643093,0.103156,0.058825,Bellevue_150th_Eastgate
2193,0.429628,0.045462,0.128845,0.519111,0.123033,0.053704,Bellevue_150th_Eastgate
2194,0.474678,0.069077,0.085675,0.476538,0.171543,-0.00561,Bellevue_150th_Eastgate
2195,0.494473,0.121735,0.099729,0.490203,0.207199,-0.021349,Bellevue_150th_Eastgate
2196,0.450196,0.097028,0.099102,0.556215,0.267588,0.001911,Bellevue_150th_Eastgate
2197,0.47069,0.099852,0.098493,0.800878,0.305343,0.069456,Bellevue_150th_Eastgate
2198,0.446203,0.039618,0.082032,0.656912,0.200491,0.041879,Bellevue_150th_Eastgate
2199,0.497014,0.092451,0.080323,0.650415,0.153472,0.046464,Bellevue_150th_Eastgate
2200,0.472885,0.0951,0.108876,0.457984,0.142114,0.060759,Bellevue_150th_Eastgate
2201,0.483559,0.099973,0.094691,0.40982,0.150523,0.059775,Bellevue_150th_Eastgate
2202,0.465063,0.099903,0.100535,0.440068,0.156179,0.079523,Bellevue_150th_Eastgate
2203,0.431607,0.047313,0.103488,0.55446,0.181807,0.105667,Bellevue_150th_Eastgate
2204,0.452423,0.051212,0.104586,0.547959,0.163384,0.101229,Bellevue_150th_Eastgate
2205,0.447472,0.072012,0.102949,0.584393,0.164956,0.106223,Bellevue_150th_Eastgate
2206,0.481214,0.113404,0.09821,0.70792,0.198569,0.127298,Bellevue_150th_Eastgate
2207,0.416218,0.049352,0.101722,0.570467,0.180504,0.027086,Bellevue_150th_Eastgate
2208,0.459177,0.098017,0.095802,0.681235,0.182564,0.05482,Bellevue_150th_Eastgate
2209,0.431042,0.071269,0.10364,0.576825,0.113334,0.056898,Bellevue_150th_Eastgate
2210,0.435152,0.077741,0.10631,0.675678,0.135332,0.05578,Bellevue_150th_Eastgate
2211,0.464772,0.092193,0.108038,0.628615,0.130879,0.026764,Bellevue_150th_Eastgate
2212,0.514791,0.054899,0.076683,0.555315,0.089602,0.030433,Bellevue_150th_Eastgate
2213,0.489861,0.11519,0.099799,0.69141,0.182872,0.038577,Bellevue_150th_Eastgate
2214,0.520036,0.061516,0.063031,0.434891,0.169116,0.038251,Bellevue_150th_Eastgate
2215,0.475882,0.080881,0.096198,0.425251,0.158054,0.074362,Bellevue_150th_Eastgate
2216,0.457351,0.081103,0.101631,0.471315,0.194409,0.050564,Bellevue_150th_Eastgate
2217,0.470097,0.079053,0.101857,0.535043,0.16416,0.026373,Bellevue_150th_Eastgate
2218,0.481652,0.105615,0.10469,0.541752,0.163962,0.054897,Bellevue_150th_Eastgate
2219,0.484294,0.099187,0.104736,0.546374,0.120938,0.054145,Bellevue_150th_Eastgate
2220,0.482314,0.114457,0.085327,0.498971,0.084734,0.05419,Bellevue_150th_Eastgate
2221,0.475524,0.099839,0.10528,0.560337,0.104346,0.020904,Bellevue_150th_Eastgate
2222,0.470249,0.051867,0.08814,0.428235,0.14639,-0.039276,Bellevue_150th_Eastgate
2223,0.486023,0.086215,0.100508,0.456608,0.233244,-0.006782,Bellevue_150th_Eastgate
2224,0.472527,0.082028,0.125834,0.623607,0.326934,-0.035991,Bellevue_150th_Eastgate
2225,0.453549,0.071769,0.111211,0.64513,0.262345,0.028617,Bellevue_150th_Eastgate
2226,0.437564,0.047804,0.102086,0.549375,0.215362,0.049902,Bellevue_150th_Eastgate
2227,0.499561,0.045117,0.072854,0.584381,0.264278,0.041113,Bellevue_150th_Eastgate
2228,0.481825,0.036442,0.068319,0.552942,0.220567,0.055811,Bellevue_150th_Eastgate
2229,0.425761,0.053137,0.08908,0.535257,0.149599,0.039837,Bellevue_150th_Eastgate
2230,0.523809,0.082851,0.078109,0.356146,0.135692,0.048113,Bellevue_150th_Eastgate
2231,0.469025,0.107922,0.097333,0.397314,0.157528,0.062183,Bellevue_150th_Eastgate
2232,0.478108,0.101259,0.090581,0.5376,0.170247,0.130109,Bellevue_150th_Eastgate
2233,0.495092,0.121703,0.09585,0.599289,0.156243,0.088725,Bellevue_150th_Eastgate
2234,0.473476,0.102789,0.108804,0.50169,0.09293,0.076033,Bellevue_150th_Eastgate
2235,0.46482,0.099301,0.103975,0.547771,0.130602,-0.003489,Bellevue_150th_Eastgate
2236,0.492464,0.114143,0.101609,0.776048,0.177359,0.020227,Bellevue_150th_Eastgate
2237,0.454728,0.023486,0.086415,0.575689,0.183922,0.041683,Bellevue_150th_Eastgate
2238,0.461777,0.059512,0.109098,0.531479,0.209897,0.066405,Bellevue_150th_Eastgate
2239,0.468611,0.078277,0.114066,0.601481,0.235492,0.135926,Bellevue_150th_Eastgate
2240,0.476454,0.088098,0.109159,0.748475,0.357901,0.072309,Bellevue_150th_Eastgate
2241,0.46441,0.028376,0.086972,0.57867,0.29618,0.068504,Bellevue_150th_Eastgate
2242,0.524136,0.068316,0.075849,0.570746,0.313958,0.058628,Bellevue_150th_Eastgate
2243,0.502718,0.107153,0.083923,0.576323,0.239083,0.064169,Bellevue_150th_Eastgate
2244,0.457098,0.074312,0.107726,0.61796,0.329843,0.02114,Bellevue_150th_Eastgate
2245,0.495217,0.058659,0.075566,0.603501,0.294701,0.021872,Bellevue_150th_Eastgate
2246,0.482703,0.096243,0.104088,0.705117,0.229387,0.099273,Bellevue_150th_Eastgate
2247,0.474881,0.068513,0.097105,0.737378,0.259072,0.108985,Bellevue_150th_Eastgate
2248,0.4939,0.03368,0.073227,0.653191,0.207763,0.039547,Bellevue_150th_Eastgate
2249,0.429495,0.038147,0.106527,0.544989,0.2269,0.067041,Bellevue_150th_Eastgate
2250,0.46141,0.072097,0.110977,0.535366,0.186017,0.034595,Bellevue_150th_Eastgate
2251,0.489294,0.117607,0.098592,0.627358,0.191155,0.035487,Bellevue_150th_Eastgate
2252,0.440301,0.066393,0.106525,0.430235,0.193766,-0.001651,Bellevue_150th_Eastgate
2253,0.450213,0.073991,0.101371,0.590737,0.246772,0.011328,Bellevue_150th_Eastgate
2254,0.460206,0.033266,0.093138,0.617998,0.321142,-0.083833,Bellevue_150th_Eastgate
2255,0.477584,0.017079,0.08177,0.49625,0.278315,-1.3e-05,Bellevue_150th_Eastgate
2256,0.487664,0.039685,0.081062,0.505918,0.235836,0.028824,Bellevue_150th_Eastgate
2257,0.463603,0.051615,0.097005,0.527132,0.22783,0.033318,Bellevue_150th_Eastgate
2258,0.500187,0.035361,0.073864,0.583605,0.271433,-0.017837,Bellevue_150th_Eastgate
2259,0.460137,0.079568,0.106715,0.65783,0.194905,0.133822,Bellevue_150th_Eastgate
2260,0.469332,0.039715,0.088414,0.505905,0.160588,0.040772,Bellevue_150th_Eastgate
2261,0.493921,0.121501,0.089469,0.60988,0.196745,0.048892,Bellevue_150th_Eastgate
2262,0.45108,0.085566,0.104785,0.656222,0.176234,0.046737,Bellevue_150th_Eastgate
2263,0.477664,0.021777,0.076411,0.580239,0.208806,0.065842,Bellevue_150th_Eastgate
2264,0.490926,0.095912,0.094555,0.57993,0.179972,0.011777,Bellevue_150th_Eastgate
2265,0.50753,0.049649,0.080024,0.549032,0.229291,-0.000988,Bellevue_150th_Eastgate
2266,0.502204,0.062364,0.07041,0.573464,0.159988,0.031453,Bellevue_150th_Eastgate
2267,0.459538,0.058586,0.102687,0.537395,0.207703,0.024077,Bellevue_150th_Eastgate
2268,0.504455,0.121146,0.101195,0.500766,0.176444,0.026562,Bellevue_150th_Eastgate
2269,0.506771,0.122643,0.098792,0.522814,0.16335,0.098861,Bellevue_150th_Eastgate
2270,0.511117,0.116139,0.093488,0.593179,0.091683,0.177435,Bellevue_150th_Eastgate
2271,0.504917,0.051902,0.082238,0.593793,0.109486,0.123522,Bellevue_150th_Eastgate
2272,0.475491,0.076157,0.0926,0.681508,0.178514,0.120797,Bellevue_150th_Eastgate
2273,0.515206,0.044601,0.069873,0.66599,0.175987,0.050123,Bellevue_150th_Eastgate
2274,0.5035,0.069666,0.072287,0.63088,0.168765,0.050465,Bellevue_150th_Eastgate
2275,0.509691,0.129548,0.081779,0.593473,0.13669,-0.005739,Bellevue_150th_Eastgate
2276,0.514181,0.118452,0.104568,0.615323,0.198526,0.085025,Bellevue_150th_Eastgate
2277,0.49575,0.102834,0.095073,0.522712,0.190395,0.066306,Bellevue_150th_Eastgate
2278,0.49773,0.109674,0.101144,0.550277,0.192276,0.10122,Bellevue_150th_Eastgate
2279,0.480524,0.083982,0.10435,0.663129,0.214785,0.14695,Bellevue_150th_Eastgate
2280,0.506295,0.034157,0.075408,0.701212,0.182673,0.152864,Bellevue_150th_Eastgate
2281,0.505262,0.050119,0.074968,0.61576,0.168622,0.133353,Bellevue_150th_Eastgate
2282,0.489797,0.055859,0.080391,0.534548,0.120958,0.061889,Bellevue_150th_Eastgate
2283,0.496565,0.115137,0.089239,0.599189,0.140655,0.017283,Bellevue_150th_Eastgate
2284,0.47995,0.110189,0.094094,0.703483,0.195956,0.06998,Bellevue_150th_Eastgate
2285,0.473206,0.05001,0.09039,0.571459,0.261792,0.035546,Bellevue_150th_Eastgate
2286,0.49413,0.093742,0.103417,0.56656,0.239868,0.0813,Bellevue_150th_Eastgate
2287,0.519291,0.066914,0.065567,0.608999,0.237894,0.138593,Bellevue_150th_Eastgate
2288,0.517769,0.060194,0.062111,0.653325,0.219475,0.094796,Bellevue_150th_Eastgate
2289,0.502163,0.049423,0.066116,0.664558,0.187839,0.077896,Bellevue_150th_Eastgate
2290,0.532215,0.083266,0.054576,0.517067,0.182406,0.01991,Bellevue_150th_Eastgate
2291,0.513702,0.081493,0.071809,0.74888,0.198441,0.099789,Bellevue_150th_Eastgate
2292,0.508888,0.027651,0.074458,0.585429,0.14335,0.049739,Bellevue_150th_Eastgate
2293,0.508464,0.054255,0.068072,0.475787,0.121935,0.076028,Bellevue_150th_Eastgate
2294,0.517463,0.078456,0.066397,0.518729,0.178357,0.03523,Bellevue_150th_Eastgate
2295,0.532223,0.05535,0.071455,0.623168,0.190189,0.104995,Bellevue_150th_Eastgate
2296,0.543412,0.038857,0.071624,0.666893,0.180407,0.110985,Bellevue_150th_Eastgate
2297,0.53351,0.034849,0.066151,0.696671,0.183953,0.11208,Bellevue_150th_Eastgate
2298,0.530701,0.050668,0.074255,0.672619,0.149995,0.135538,Bellevue_150th_Eastgate
2299,0.53568,0.03434,0.068453,0.495785,0.168985,-0.003331,Bellevue_150th_Eastgate
2300,0.517754,0.112881,0.091592,0.602835,0.139196,0.002355,Bellevue_150th_Eastgate
2301,0.483447,0.039562,0.093387,0.647762,0.165507,0.038223,Bellevue_150th_Eastgate
2302,0.530857,0.042549,0.065523,0.514094,0.142207,0.013495,Bellevue_150th_Eastgate
2303,0.542196,0.075447,0.060795,0.59745,0.168841,0.006617,Bellevue_150th_Eastgate
2304,0.518604,0.092233,0.093798,0.675822,0.20889,0.022345,Bellevue_150th_Eastgate
2305,0.516341,0.064372,0.092957,0.767556,0.253081,0.024212,Bellevue_150th_Eastgate
2306,0.536952,0.042043,0.059987,0.791762,0.202835,0.111986,Bellevue_150th_Eastgate
2307,0.532287,0.037149,0.064714,0.798474,0.173275,0.083343,Bellevue_150th_Eastgate
2308,0.527299,0.05011,0.060315,0.578421,0.119572,0.032489,Bellevue_150th_Eastgate
2309,0.532522,0.065719,0.056645,0.642454,0.134709,0.016004,Bellevue_150th_Eastgate
2310,0.511689,0.04234,0.066491,0.456607,0.140728,0.054501,Bellevue_150th_Eastgate
2311,0.527862,0.074384,0.063838,0.570095,0.205531,0.051717,Bellevue_150th_Eastgate
2312,0.518779,0.039209,0.067468,0.525453,0.159359,0.093492,Bellevue_150th_Eastgate
2313,0.525904,0.061061,0.062874,0.541831,0.14829,0.102977,Bellevue_150th_Eastgate
2314,0.514816,0.040571,0.067981,0.660736,0.214211,0.068175,Bellevue_150th_Eastgate
2315,0.523718,0.055046,0.062491,0.61463,0.223398,0.026713,Bellevue_150th_Eastgate
2316,0.51826,0.057575,0.071591,0.56376,0.180603,-0.017047,Bellevue_150th_Eastgate
2317,0.531564,0.084291,0.054912,0.745901,0.192246,0.055086,Bellevue_150th_Eastgate
2318,0.529373,0.045852,0.069937,0.671911,0.132816,0.091741,Bellevue_150th_Eastgate
2319,0.520915,0.066833,0.062478,0.553946,0.130759,0.078711,Bellevue_150th_Eastgate
2320,0.535681,0.058426,0.063093,0.586861,0.193248,0.019232,Bellevue_150th_Eastgate
2321,0.540592,0.032767,0.070048,0.603408,0.126042,0.073342,Bellevue_150th_Eastgate
2322,0.533383,0.033853,0.069127,0.517248,0.122483,0.0509,Bellevue_150th_Eastgate
2323,0.537829,0.03936,0.07234,0.510154,0.117501,0.040212,Bellevue_150th_Eastgate
2324,0.551019,0.026898,0.069692,0.521219,0.191807,0.025362,Bellevue_150th_Eastgate
2325,0.539603,0.058863,0.059687,0.591709,0.199019,0.002278,Bellevue_150th_Eastgate
2326,0.543862,0.076638,0.053095,0.566907,0.171853,0.006506,Bellevue_150th_Eastgate
2327,0.535139,0.060266,0.058675,0.682224,0.209145,0.070318,Bellevue_150th_Eastgate
2328,0.522299,0.053865,0.062799,0.521936,0.183046,-0.03522,Bellevue_150th_Eastgate
2329,0.54,0.077726,0.062605,0.60399,0.187449,0.0369,Bellevue_150th_Eastgate
2330,0.54195,0.042767,0.064927,0.598626,0.176641,0.054416,Bellevue_150th_Eastgate
2331,0.546309,0.043799,0.063246,0.586237,0.211559,0.028982,Bellevue_150th_Eastgate
2332,0.532783,0.029171,0.060506,0.660951,0.288852,0.010745,Bellevue_150th_Eastgate
2333,0.530685,0.03591,0.063487,0.657177,0.27701,0.086574,Bellevue_150th_Eastgate
2334,0.507883,0.041033,0.067541,0.549127,0.258633,0.050058,Bellevue_150th_Eastgate
2335,0.518938,0.045853,0.064042,0.507244,0.165603,0.044922,Bellevue_150th_Eastgate
2336,0.523087,0.067007,0.05623,0.546055,0.170257,0.022723,Bellevue_150th_Eastgate
2337,0.498941,0.114722,0.09223,0.724729,0.291953,0.088495,Bellevue_150th_Eastgate
2338,0.508494,0.034264,0.064244,0.675177,0.293796,0.039431,Bellevue_150th_Eastgate
2339,0.544045,0.058714,0.047694,0.523145,0.2192,0.053424,Bellevue_150th_Eastgate
2340,0.558078,0.080108,0.071129,0.481545,0.213901,0.047892,Bellevue_150th_Eastgate
2341,0.516797,0.06001,0.07348,0.47572,0.202709,0.025336,Bellevue_150th_Eastgate
2342,0.529381,0.068985,0.073549,0.513092,0.2314,0.035828,Bellevue_150th_Eastgate
2343,0.521109,0.041469,0.065834,0.543412,0.178717,0.073182,Bellevue_150th_Eastgate
2344,0.516874,0.054346,0.060021,0.644749,0.179636,0.200199,Bellevue_150th_Eastgate
2345,0.531215,0.056477,0.057508,0.51979,0.12434,0.109947,Bellevue_150th_Eastgate
2346,0.527058,0.080231,0.066534,0.614232,0.108213,0.162199,Bellevue_150th_Eastgate
2347,0.541756,0.052808,0.069496,0.601145,0.168303,0.137225,Bellevue_150th_Eastgate
2348,0.551211,0.060078,0.061747,0.634906,0.180636,0.135188,Bellevue_150th_Eastgate
2349,0.537426,0.060544,0.066385,0.675459,0.157487,0.114567,Bellevue_150th_Eastgate
2350,0.528533,0.050914,0.055882,0.635641,0.16196,0.102379,Bellevue_150th_Eastgate
2351,0.513948,0.043686,0.059941,0.62279,0.147792,0.135144,Bellevue_150th_Eastgate
2352,0.528097,0.064569,0.068963,0.634229,0.20865,0.115309,Bellevue_150th_Eastgate
2353,0.511699,0.055767,0.062257,0.705719,0.178006,0.070833,Bellevue_150th_Eastgate
2354,0.524489,0.078192,0.06435,0.659464,0.151419,0.03236,Bellevue_150th_Eastgate
2355,0.494992,0.11157,0.087204,0.635699,0.209199,0.058209,Bellevue_150th_Eastgate
2356,0.538645,0.075556,0.065447,0.485554,0.191541,0.067207,Bellevue_150th_Eastgate
2357,0.553788,0.063758,0.051427,0.58736,0.231426,0.081846,Bellevue_150th_Eastgate
2358,0.541685,0.039429,0.06375,0.565707,0.241941,0.106764,Bellevue_150th_Eastgate
2359,0.537763,0.055652,0.065175,0.57631,0.211462,0.050848,Bellevue_150th_Eastgate
2360,0.527632,0.054201,0.052825,0.623286,0.176567,0.035604,Bellevue_150th_Eastgate
2361,0.524252,0.060472,0.065791,0.707898,0.17744,0.08566,Bellevue_150th_Eastgate
2362,0.5322,0.063905,0.062865,0.56794,0.130025,0.026096,Bellevue_150th_Eastgate
2363,0.521254,0.119607,0.09148,0.748758,0.189195,0.028895,Bellevue_150th_Eastgate
2364,0.554946,0.041255,0.068069,0.571233,0.174407,0.020907,Bellevue_150th_Eastgate
2365,0.571005,0.088583,0.05935,0.554679,0.150827,0.10325,Bellevue_150th_Eastgate
2366,0.530705,0.07253,0.07789,0.608303,0.160079,0.080122,Bellevue_150th_Eastgate
2367,0.534579,0.053676,0.069979,0.597861,0.089182,0.175544,Bellevue_150th_Eastgate
2368,0.527393,0.057211,0.054032,0.650426,0.164166,0.097104,Bellevue_150th_Eastgate
2369,0.543869,0.070813,0.062214,0.583766,0.182608,0.068043,Bellevue_150th_Eastgate
2370,0.540666,0.073857,0.058625,0.568456,0.148209,-0.006558,Bellevue_150th_Eastgate
2371,0.503511,0.113388,0.09929,0.726139,0.276424,-0.018583,Bellevue_150th_Eastgate
2372,0.524856,0.042421,0.067734,0.587006,0.202567,-0.005268,Bellevue_150th_Eastgate
2373,0.553351,0.062434,0.057735,0.513999,0.185857,0.060644,Bellevue_150th_Eastgate
2374,0.525248,0.056541,0.073091,0.475264,0.176037,0.058897,Bellevue_150th_Eastgate
2375,0.537644,0.051136,0.066935,0.623238,0.246135,0.105334,Bellevue_150th_Eastgate
2376,0.509084,0.040555,0.074515,0.574877,0.275027,0.066271,Bellevue_150th_Eastgate
2377,0.526068,0.050434,0.06576,0.54702,0.17375,0.065324,Bellevue_150th_Eastgate
2378,0.548122,0.081298,0.055424,0.787622,0.360038,0.071431,Bellevue_150th_Eastgate
2379,0.55243,0.041428,0.067782,0.564126,0.159597,0.068986,Bellevue_150th_Eastgate
2380,0.548103,0.052386,0.066091,0.582976,0.17729,0.007244,Bellevue_150th_Eastgate
2381,0.522898,0.056214,0.069986,0.585114,0.250327,0.034126,Bellevue_150th_Eastgate
2382,0.534783,0.083153,0.059954,0.594843,0.275398,0.080411,Bellevue_150th_Eastgate
2383,0.539963,0.077891,0.055543,0.612724,0.302035,0.047238,Bellevue_150th_Eastgate
2384,0.540829,0.111437,0.074187,0.652133,0.250483,0.10258,Bellevue_150th_Eastgate
2385,0.582636,0.098243,0.059791,0.646113,0.180111,0.090489,Bellevue_150th_Eastgate
2386,0.545568,0.093357,0.049242,0.622882,0.123941,0.164788,Bellevue_150th_Eastgate
2387,0.548851,0.055794,0.063069,0.559093,0.163295,0.093912,Bellevue_150th_Eastgate
2388,0.534789,0.048508,0.067652,0.530318,0.160629,0.125701,Bellevue_150th_Eastgate
2389,0.546826,0.05355,0.065978,0.593165,0.168385,0.135015,Bellevue_150th_Eastgate
2390,0.535593,0.046333,0.059213,0.599582,0.148056,0.117554,Bellevue_150th_Eastgate
2391,0.540056,0.041344,0.059535,0.778493,0.276511,0.11791,Bellevue_150th_Eastgate
2392,0.538834,0.041385,0.063571,0.666957,0.306091,-0.016167,Bellevue_150th_Eastgate
2393,0.542741,0.052291,0.063378,0.585811,0.206901,-0.063498,Bellevue_150th_Eastgate
2394,0.542716,0.073722,0.052214,0.548537,0.130682,0.011397,Bellevue_150th_Eastgate
2395,0.552605,0.045696,0.064172,0.558915,0.104308,0.045187,Bellevue_150th_Eastgate
2396,0.562818,0.051725,0.061319,0.491284,0.08678,0.072418,Bellevue_150th_Eastgate
2397,0.535597,0.077112,0.070979,0.50455,0.116868,0.038038,Bellevue_150th_Eastgate
2398,0.550857,0.074492,0.065288,0.461678,0.157782,-0.025212,Bellevue_150th_Eastgate
2399,0.541058,0.029746,0.062063,0.454976,0.130996,0.010927,Bellevue_150th_Eastgate
2400,0.543752,0.05248,0.062195,0.606929,0.247075,0.043721,Bellevue_150th_Eastgate
2401,0.539808,0.047383,0.066791,0.605541,0.222607,0.096007,Bellevue_150th_Eastgate
2402,0.530906,0.049986,0.060796,0.594229,0.226398,0.029826,Bellevue_150th_Eastgate
2403,0.547995,0.056819,0.069348,0.583423,0.224679,0.063158,Bellevue_150th_Eastgate
2404,0.577143,0.08547,0.035924,0.513411,0.159999,0.102963,Bellevue_150th_Eastgate
2405,0.546256,0.073649,0.061925,0.514969,0.184251,0.092611,Bellevue_150th_Eastgate
2406,0.548256,0.068362,0.063174,0.573251,0.230381,0.074376,Bellevue_150th_Eastgate
2407,0.551745,0.049606,0.066523,0.727492,0.238524,0.141027,Bellevue_150th_Eastgate
2408,0.575671,0.043355,0.069207,0.702066,0.258805,0.052685,Bellevue_150th_Eastgate
2409,0.557037,0.049096,0.061214,0.548805,0.128185,0.073023,Bellevue_150th_Eastgate
2410,0.550282,0.098438,0.060387,0.648601,0.19403,0.073019,Bellevue_150th_Eastgate
2411,0.592307,0.075188,0.060315,0.548449,0.16534,0.037785,Bellevue_150th_Eastgate
2412,0.566562,0.094231,0.060978,0.591762,0.189341,0.042301,Bellevue_150th_Eastgate
2413,0.570995,0.078596,0.054784,0.679548,0.226013,0.087254,Bellevue_150th_Eastgate
2414,0.610486,0.08855,0.060455,0.642816,0.194344,0.100821,Bellevue_150th_Eastgate
2415,0.559692,0.064687,0.045473,0.654414,0.18889,0.136082,Bellevue_150th_Eastgate
2416,0.541338,0.063966,0.051587,0.619857,0.19654,0.065378,Bellevue_150th_Eastgate
2417,0.572069,0.087975,0.052628,0.558505,0.147679,0.000451,Bellevue_150th_Eastgate
2418,0.561045,0.07283,0.0555,0.635916,0.173976,0.07098,Bellevue_150th_Eastgate
2419,0.544667,0.067894,0.064112,0.561979,0.146385,0.082342,Bellevue_150th_Eastgate
2420,0.539961,0.06139,0.059009,0.621078,0.182638,0.062691,Bellevue_150th_Eastgate
2421,0.557129,0.04184,0.064103,0.652424,0.191055,0.075182,Bellevue_150th_Eastgate
2422,0.551432,0.042199,0.062389,0.659813,0.214149,0.062789,Bellevue_150th_Eastgate
2423,0.550182,0.082549,0.053639,0.663047,0.29329,0.035694,Bellevue_150th_Eastgate
2424,0.539903,0.079596,0.057465,0.644781,0.262139,0.026472,Bellevue_150th_Eastgate
2425,0.546105,0.086854,0.054852,0.697523,0.18474,0.08562,Bellevue_150th_Eastgate
2426,0.589945,0.067937,0.068876,0.576112,0.209256,0.001349,Bellevue_150th_Eastgate
2427,0.577631,0.084253,0.064748,0.59453,0.16963,0.046948,Bellevue_150th_Eastgate
2428,0.595742,0.099108,0.064672,0.636686,0.148913,0.075234,Bellevue_150th_Eastgate
2429,0.605694,0.101712,0.059761,0.638076,0.186432,0.024557,Bellevue_150th_Eastgate
2430,0.580706,0.070783,0.051182,0.661471,0.179624,0.020467,Bellevue_150th_Eastgate
2431,0.543866,0.077856,0.062969,0.650071,0.198427,0.014667,Bellevue_150th_Eastgate
2432,0.57317,0.092882,0.052101,0.673497,0.161063,-0.003146,Bellevue_150th_Eastgate
2433,0.558517,0.090782,0.050905,0.754239,0.14398,0.047054,Bellevue_150th_Eastgate
2434,0.544594,0.072856,0.063117,0.671339,0.196363,0.04089,Bellevue_150th_Eastgate
2435,0.601736,0.118124,0.047943,0.527556,0.156416,0.034418,Bellevue_150th_Eastgate
2436,0.598757,0.12171,0.05554,0.661754,0.208922,0.053634,Bellevue_150th_Eastgate
2437,0.6206,0.10925,0.055172,0.666575,0.267272,0.084029,Bellevue_150th_Eastgate
2438,0.611796,0.106517,0.048081,0.68454,0.202154,0.098198,Bellevue_150th_Eastgate
2439,0.598701,0.103589,0.05616,0.591349,0.19792,0.069984,Bellevue_150th_Eastgate
2440,0.5791,0.099253,0.051079,0.551115,0.119621,0.07208,Bellevue_150th_Eastgate
2441,0.600896,0.133404,0.057906,0.725579,0.160873,0.142793,Bellevue_150th_Eastgate
2442,0.616184,0.07889,0.05843,0.616059,0.13573,0.117868,Bellevue_150th_Eastgate
2443,0.624028,0.107224,0.044362,0.688167,0.148361,0.090356,Bellevue_150th_Eastgate
2444,0.621924,0.102326,0.06287,0.723667,0.233911,0.05715,Bellevue_150th_Eastgate
2445,0.633894,0.113322,0.062108,0.770075,0.284962,0.071758,Bellevue_150th_Eastgate
2446,0.604265,0.066933,0.061079,0.680683,0.253703,0.059132,Bellevue_150th_Eastgate
2447,0.623489,0.107442,0.054244,0.615066,0.193689,0.096502,Bellevue_150th_Eastgate
2448,0.599621,0.125014,0.04613,0.627765,0.11584,0.099731,Bellevue_150th_Eastgate
2449,0.530711,0.055245,0.051782,0.656358,0.179821,0.025224,Bellevue_150th_Eastgate
2450,0.571576,0.082591,0.047101,0.56431,0.124762,0.00038,Bellevue_150th_Eastgate
2451,0.632622,0.1193,0.034498,0.595756,0.131517,-0.014578,Bellevue_150th_Eastgate
2452,0.620043,0.105348,0.051692,0.579573,0.155795,-0.01797,Bellevue_150th_Eastgate
2453,0.597878,0.091105,0.045543,0.592623,0.206645,-0.063516,Bellevue_150th_Eastgate
2454,0.570956,0.061242,0.055315,0.614457,0.243365,-0.040014,Bellevue_150th_Eastgate
2455,0.57308,0.090389,0.05292,0.607262,0.239487,0.028148,Bellevue_150th_Eastgate
2456,0.603254,0.096013,0.052585,0.612047,0.145893,0.042616,Bellevue_150th_Eastgate
2457,0.600039,0.109737,0.04441,0.790518,0.18463,0.167973,Bellevue_150th_Eastgate
2458,0.614212,0.074094,0.060323,0.712236,0.191941,0.121134,Bellevue_150th_Eastgate
2459,0.612,0.088248,0.059393,0.660021,0.185928,0.10206,Bellevue_150th_Eastgate
2460,0.573232,0.053145,0.052868,0.678151,0.185115,0.146339,Bellevue_150th_Eastgate
2461,0.569191,0.054387,0.05299,0.60408,0.170936,0.143558,Bellevue_150th_Eastgate
2462,0.591692,0.08898,0.052981,0.518868,0.168892,0.051399,Bellevue_150th_Eastgate
2463,0.557102,0.089984,0.051441,0.560374,0.174411,0.054104,Bellevue_150th_Eastgate
2464,0.593731,0.109756,0.048722,0.603679,0.270369,0.038045,Bellevue_150th_Eastgate
2465,0.603447,0.089284,0.05188,0.540561,0.186275,0.007714,Bellevue_150th_Eastgate
2466,0.569128,0.095366,0.04762,0.788492,0.249412,0.060906,Bellevue_150th_Eastgate
2467,0.633434,0.086022,0.060918,0.641048,0.129161,0.110746,Bellevue_150th_Eastgate
2468,0.623091,0.112743,0.056654,0.742138,0.224426,0.101645,Bellevue_150th_Eastgate
2469,0.636539,0.107359,0.053193,0.656059,0.205084,0.059548,Bellevue_150th_Eastgate
2470,0.639181,0.102733,0.043581,0.65793,0.193707,0.066469,Bellevue_150th_Eastgate
2471,0.633014,0.08823,0.054573,0.680351,0.194876,0.045715,Bellevue_150th_Eastgate
2472,0.596712,0.081695,0.050468,0.637085,0.140673,0.068422,Bellevue_150th_Eastgate
2473,0.650688,0.104487,0.043447,0.637049,0.154366,0.028571,Bellevue_150th_Eastgate
2474,0.61878,0.121698,0.040843,0.633025,0.199022,-0.012941,Bellevue_150th_Eastgate
2475,0.624682,0.117522,0.048282,0.640334,0.198673,0.061415,Bellevue_150th_Eastgate
2476,0.615267,0.123058,0.046389,0.5601,0.195071,0.050549,Bellevue_150th_Eastgate
2477,0.62847,0.109598,0.047148,0.588078,0.249439,0.092835,Bellevue_150th_Eastgate
2478,0.615926,0.118056,0.046455,0.646763,0.294119,0.106017,Bellevue_150th_Eastgate
2479,0.627264,0.114378,0.046865,0.674914,0.226371,0.099364,Bellevue_150th_Eastgate
2480,0.615374,0.112256,0.047729,0.650781,0.223964,0.038251,Bellevue_150th_Eastgate
2481,0.568777,0.088756,0.052221,0.564891,0.204337,-0.001831,Bellevue_150th_Eastgate
2482,0.619681,0.129431,0.045359,0.543975,0.155901,-0.01373,Bellevue_150th_Eastgate
2483,0.611714,0.130499,0.044966,0.673142,0.191203,0.015854,Bellevue_150th_Eastgate
2484,0.614772,0.091277,0.060831,0.571363,0.146205,0.028367,Bellevue_150th_Eastgate
2485,0.622279,0.108614,0.056052,0.692175,0.237491,-0.007638,Bellevue_150th_Eastgate
2486,0.628584,0.085345,0.055336,0.666615,0.219795,0.008757,Bellevue_150th_Eastgate
2487,0.6495,0.092036,0.058931,0.718709,0.238538,-0.019315,Bellevue_150th_Eastgate
2488,0.657998,0.087054,0.053311,0.73831,0.243915,-0.018651,Bellevue_150th_Eastgate
2489,0.618302,0.07984,0.052158,0.661133,0.157429,0.036573,Bellevue_150th_Eastgate
2490,0.632033,0.09052,0.056781,0.566174,0.133793,0.002128,Bellevue_150th_Eastgate
2491,0.611862,0.108891,0.045026,0.658032,0.130473,0.050765,Bellevue_150th_Eastgate
2492,0.627258,0.077745,0.057724,0.524954,0.116233,0.078526,Bellevue_150th_Eastgate
2493,0.609733,0.119279,0.0511,0.708877,0.174568,0.141991,Bellevue_150th_Eastgate
2494,0.616612,0.103605,0.048904,0.584761,0.180752,0.071353,Bellevue_150th_Eastgate
2495,0.620855,0.092255,0.056358,0.612893,0.231763,0.057153,Bellevue_150th_Eastgate
2496,0.622549,0.089788,0.050788,0.690817,0.248841,0.103282,Bellevue_150th_Eastgate
2497,0.616008,0.066465,0.053705,0.713228,0.254231,0.076957,Bellevue_150th_Eastgate
2498,0.618293,0.092695,0.047207,0.713328,0.28544,0.04042,Bellevue_150th_Eastgate
2499,0.619735,0.073097,0.05579,0.6334,0.271796,0.00937,Bellevue_150th_Eastgate
2500,0.572454,0.086666,0.047897,0.638644,0.264864,-0.010684,Bellevue_150th_Eastgate
2501,0.61585,0.109586,0.049625,0.52937,0.076274,0.01379,Bellevue_150th_Eastgate
2502,0.628379,0.125388,0.035653,0.650303,0.162435,0.034281,Bellevue_150th_Eastgate
2503,0.644562,0.089544,0.061884,0.598997,0.124685,0.09593,Bellevue_150th_Eastgate
2504,0.626244,0.107981,0.049219,0.565826,0.164538,0.052351,Bellevue_150th_Eastgate
2505,0.628984,0.114063,0.049072,0.608913,0.231018,0.048177,Bellevue_150th_Eastgate
2506,0.600637,0.115381,0.036637,0.661727,0.244413,0.039445,Bellevue_150th_Eastgate
2507,0.57169,0.090989,0.042915,0.68726,0.187745,0.06424,Bellevue_150th_Eastgate
2508,0.605095,0.122143,0.038956,0.650563,0.184688,0.05011,Bellevue_150th_Eastgate
2509,0.623082,0.115764,0.038758,0.516786,0.085809,0.008981,Bellevue_150th_Eastgate
2510,0.611891,0.114243,0.048509,0.669886,0.074136,0.070346,Bellevue_150th_Eastgate
2511,0.638628,0.092383,0.058132,0.595291,0.084756,0.058816,Bellevue_150th_Eastgate
2512,0.561967,0.084241,0.056832,0.651756,0.083893,0.099644,Bellevue_150th_Eastgate
2513,0.643115,0.088014,0.054629,0.706175,0.095597,0.126113,Bellevue_150th_Eastgate
2514,0.623836,0.084963,0.053521,0.661376,0.153983,0.103954,Bellevue_150th_Eastgate
2515,0.611379,0.092524,0.054053,0.659871,0.176321,0.036095,Bellevue_150th_Eastgate
2516,0.603713,0.09707,0.048836,0.567253,0.144714,-0.008525,Bellevue_150th_Eastgate
2517,0.623073,0.114741,0.05371,0.550584,0.099793,-0.016224,Bellevue_150th_Eastgate
2518,0.619375,0.115677,0.042937,0.590804,0.107236,0.019563,Bellevue_150th_Eastgate
2519,0.616157,0.105168,0.056189,0.663665,0.153138,0.032338,Bellevue_150th_Eastgate
2520,0.62766,0.090271,0.060688,0.545388,0.133591,0.015144,Bellevue_150th_Eastgate
2521,0.637557,0.102829,0.044194,0.54559,0.164438,0.007569,Bellevue_150th_Eastgate
2522,0.639439,0.082211,0.057289,0.437321,0.131105,-0.005961,Bellevue_150th_Eastgate
2523,0.633559,0.086247,0.050599,0.565298,0.175315,0.007238,Bellevue_150th_Eastgate
2524,0.628536,0.098694,0.047326,0.609714,0.163077,0.091056,Bellevue_150th_Eastgate
2525,0.612527,0.093459,0.055973,0.524553,0.172492,0.087749,Bellevue_150th_Eastgate
2526,0.640131,0.081303,0.052972,0.535193,0.11492,0.087153,Bellevue_150th_Eastgate
2527,0.618175,0.124988,0.049408,0.798555,0.188713,0.208037,Bellevue_150th_Eastgate
2528,0.639651,0.07068,0.063865,0.580455,0.157608,0.077118,Bellevue_150th_Eastgate
2529,0.63497,0.103249,0.051945,0.536327,0.118312,0.072583,Bellevue_150th_Eastgate
2530,0.627613,0.112615,0.052288,0.552369,0.152815,0.091602,Bellevue_150th_Eastgate
2531,0.641245,0.085897,0.057576,0.568369,0.183142,0.078909,Bellevue_150th_Eastgate
2532,0.64459,0.091249,0.056765,0.68876,0.208498,0.054876,Bellevue_150th_Eastgate
2533,0.650157,0.074395,0.060162,0.650541,0.151277,0.037953,Bellevue_150th_Eastgate
2534,0.634713,0.076829,0.051929,0.623003,0.169312,0.046565,Bellevue_150th_Eastgate
2535,0.606943,0.112135,0.046846,0.726851,0.144062,0.044404,Bellevue_150th_Eastgate
2536,0.646393,0.088881,0.06714,0.79782,0.140691,0.091116,Bellevue_150th_Eastgate
2537,0.640256,0.107128,0.045942,0.638828,0.080767,0.086721,Bellevue_150th_Eastgate
2538,0.632603,0.085965,0.055735,0.633014,0.153442,0.057672,Bellevue_150th_Eastgate
2539,0.637508,0.09124,0.053475,0.601865,0.132437,0.086145,Bellevue_150th_Eastgate
2540,0.649592,0.072724,0.054152,0.633308,0.1305,0.051474,Bellevue_150th_Eastgate
2541,0.657594,0.0606,0.049068,0.670246,0.181054,0.055028,Bellevue_150th_Eastgate
2542,0.627869,0.087857,0.053065,0.660613,0.143174,0.027274,Bellevue_150th_Eastgate
2543,0.658508,0.075965,0.058576,0.600075,0.084042,-0.006985,Bellevue_150th_Eastgate
2544,0.616495,0.111295,0.040692,0.541375,0.046928,0.010164,Bellevue_150th_Eastgate
2545,0.617813,0.094032,0.045971,0.632262,0.106733,0.007261,Bellevue_150th_Eastgate
2546,0.621519,0.09974,0.058617,0.600271,0.109601,0.029479,Bellevue_150th_Eastgate
2547,0.648701,0.094433,0.063896,0.614879,0.073296,0.033668,Bellevue_150th_Eastgate
2548,0.635247,0.097861,0.050262,0.54493,0.115259,0.015652,Bellevue_150th_Eastgate
2549,0.62404,0.107492,0.054212,0.55978,0.21001,-0.026561,Bellevue_150th_Eastgate
2550,0.641692,0.112426,0.053835,0.527857,0.173383,0.032424,Bellevue_150th_Eastgate
2551,0.633839,0.111598,0.057773,0.563383,0.251544,0.023463,Bellevue_150th_Eastgate
2552,0.647249,0.085557,0.056881,0.533479,0.184152,0.027607,Bellevue_150th_Eastgate
2553,0.635135,0.117915,0.038884,0.637863,0.147178,0.099741,Bellevue_150th_Eastgate
2554,0.655444,0.080245,0.062393,0.722438,0.19216,0.026877,Bellevue_150th_Eastgate
2555,0.626072,0.110596,0.044286,0.662089,0.184278,0.00473,Bellevue_150th_Eastgate
2556,0.642365,0.11227,0.047461,0.668589,0.188708,0.055677,Bellevue_150th_Eastgate
2557,0.647922,0.121707,0.048931,0.713577,0.167385,0.116987,Bellevue_150th_Eastgate
2558,0.645739,0.097172,0.052847,0.709054,0.224132,0.066785,Bellevue_150th_Eastgate
2559,0.642445,0.115116,0.045247,0.796766,0.224203,0.16782,Bellevue_150th_Eastgate
2560,0.638996,0.118181,0.050021,0.768554,0.305099,0.106634,Bellevue_150th_Eastgate
2561,0.628113,0.121171,0.042877,0.613414,0.23469,-0.009488,Bellevue_150th_Eastgate
2562,0.629143,0.127216,0.044939,0.765302,0.260426,0.095699,Bellevue_150th_Eastgate
2563,0.644075,0.105046,0.061586,0.722929,0.266419,0.08084,Bellevue_150th_Eastgate
2564,0.635661,0.102074,0.050666,0.689277,0.276166,0.063186,Bellevue_150th_Eastgate
2565,0.625342,0.107532,0.053553,0.741485,0.273836,0.114681,Bellevue_150th_Eastgate
2566,0.662671,0.078359,0.05944,0.850865,0.268899,0.133426,Bellevue_150th_Eastgate
2567,0.639455,0.060999,0.056475,0.799885,0.251705,0.090694,Bellevue_150th_Eastgate
2568,0.649306,0.076911,0.062141,0.648722,0.257914,0.099084,Bellevue_150th_Eastgate
2569,0.647321,0.10522,0.05153,0.510391,0.256918,0.042862,Bellevue_150th_Eastgate
2570,0.616,0.118644,0.0449,0.472518,0.166736,0.013936,Bellevue_150th_Eastgate
2571,0.616439,0.110749,0.048201,0.695582,0.217292,0.070305,Bellevue_150th_Eastgate
2572,0.638584,0.096369,0.047965,0.524132,0.149426,0.021428,Bellevue_150th_Eastgate
2573,0.632955,0.113206,0.051564,0.520842,0.136168,0.071733,Bellevue_150th_Eastgate
2574,0.656203,0.096963,0.052943,0.530679,0.160662,0.043239,Bellevue_150th_Eastgate
2575,0.6646,0.089434,0.052334,0.526182,0.203658,0.03091,Bellevue_150th_Eastgate
2576,0.659956,0.111545,0.04106,0.653948,0.12461,0.102961,Bellevue_150th_Eastgate
2577,0.645537,0.103797,0.048729,0.590486,0.134854,0.125269,Bellevue_150th_Eastgate
2578,0.631956,0.115201,0.043113,0.468441,0.095663,0.05268,Bellevue_150th_Eastgate
2579,0.638438,0.127118,0.048377,0.690642,0.232995,0.05872,Bellevue_150th_Eastgate
2580,0.6541,0.090692,0.054526,0.625318,0.225313,0.004818,Bellevue_150th_Eastgate
2581,0.637327,0.107707,0.049229,0.422694,0.14708,0.026635,Bellevue_150th_Eastgate
2582,0.648476,0.115486,0.051452,0.370455,0.167327,0.040983,Bellevue_150th_Eastgate
2583,0.641661,0.099091,0.046028,0.42058,0.127129,0.066447,Bellevue_150th_Eastgate
2584,0.648406,0.092914,0.054841,0.551182,0.184726,0.061262,Bellevue_150th_Eastgate
2585,0.646811,0.108816,0.052923,0.51845,0.143164,0.082013,Bellevue_150th_Eastgate
2586,0.626536,0.112906,0.04789,0.515295,0.180293,0.060186,Bellevue_150th_Eastgate
2587,0.630746,0.118492,0.042853,0.592111,0.112239,0.081806,Bellevue_150th_Eastgate
2588,0.64118,0.126639,0.03914,0.699284,0.220211,0.050169,Bellevue_150th_Eastgate
2589,0.638957,0.099643,0.055228,0.714286,0.292864,0.037965,Bellevue_150th_Eastgate
2590,0.633656,0.117091,0.032591,0.748381,0.280837,0.053433,Bellevue_150th_Eastgate
2591,0.650084,0.104334,0.050217,0.735589,0.233715,0.108233,Bellevue_150th_Eastgate
2592,0.647058,0.096496,0.047464,0.751726,0.260904,0.059589,Bellevue_150th_Eastgate
2593,0.643692,0.087806,0.054522,0.743924,0.211591,0.056518,Bellevue_150th_Eastgate
2594,0.646226,0.081721,0.056546,0.687799,0.182977,0.07804,Bellevue_150th_Eastgate
2595,0.643841,0.114733,0.042486,0.646392,0.162421,0.062944,Bellevue_150th_Eastgate
2596,0.634189,0.1288,0.041091,0.744895,0.16245,0.062221,Bellevue_150th_Eastgate
2597,0.661886,0.077517,0.059387,0.755833,0.238522,0.064207,Bellevue_150th_Eastgate
2598,0.671766,0.082326,0.05106,0.676183,0.227441,0.006471,Bellevue_150th_Eastgate
2599,0.664028,0.098691,0.044091,0.560708,0.195397,0.068716,Bellevue_150th_Eastgate
2600,0.640561,0.119822,0.041828,0.560702,0.177204,0.109791,Bellevue_150th_Eastgate
2601,0.661549,0.082378,0.059614,0.63461,0.276778,0.081223,Bellevue_150th_Eastgate
2602,0.631862,0.106946,0.049253,0.692409,0.221987,0.126215,Bellevue_150th_Eastgate
2603,0.642999,0.071953,0.053754,0.650152,0.19533,0.102802,Bellevue_150th_Eastgate
2604,0.658191,0.075068,0.055894,0.625066,0.129665,0.107841,Bellevue_150th_Eastgate
2605,0.626101,0.105971,0.041341,0.608384,0.055132,0.063578,Bellevue_150th_Eastgate
2606,0.646342,0.111621,0.046485,0.785944,0.162364,0.010847,Bellevue_150th_Eastgate
2607,0.642827,0.076365,0.054077,0.710115,0.205802,-0.014583,Bellevue_150th_Eastgate
2608,0.660072,0.069749,0.047516,0.632712,0.209897,0.003823,Bellevue_150th_Eastgate
2609,0.654566,0.081339,0.060417,0.612466,0.230835,0.015228,Bellevue_150th_Eastgate
2610,0.66497,0.076981,0.06173,0.662611,0.259828,0.038519,Bellevue_150th_Eastgate
2611,0.655508,0.083471,0.05907,0.66606,0.260113,0.082445,Bellevue_150th_Eastgate
2612,0.65843,0.084864,0.057737,0.6747,0.178888,0.141884,Bellevue_150th_Eastgate
2613,0.677957,0.082425,0.063535,0.587997,0.122534,0.103546,Bellevue_150th_Eastgate
2614,0.64305,0.109164,0.044856,0.691893,0.174724,0.138826,Bellevue_150th_Eastgate
2615,0.663457,0.074159,0.060532,0.582127,0.15855,0.018575,Bellevue_150th_Eastgate
2616,0.658276,0.086879,0.054036,0.63191,0.220525,-0.009643,Bellevue_150th_Eastgate
2617,0.665187,0.06964,0.05647,0.507794,0.175636,0.011422,Bellevue_150th_Eastgate
2618,0.653083,0.084722,0.057246,0.568342,0.224006,0.0638,Bellevue_150th_Eastgate
2619,0.660907,0.081307,0.061512,0.602078,0.1516,0.059968,Bellevue_150th_Eastgate
2620,0.667526,0.077629,0.060362,0.538749,0.177519,0.036511,Bellevue_150th_Eastgate
2621,0.662991,0.075445,0.056605,0.501181,0.193644,0.024964,Bellevue_150th_Eastgate
2622,0.651966,0.092454,0.047226,0.750522,0.286805,0.047093,Bellevue_150th_Eastgate
2623,0.665736,0.077021,0.065388,0.685881,0.218838,0.06688,Bellevue_150th_Eastgate
2624,0.646094,0.089445,0.052783,0.487028,0.164964,0.036012,Bellevue_150th_Eastgate
2625,0.646845,0.084841,0.057275,0.535139,0.206145,0.085918,Bellevue_150th_Eastgate
2626,0.65099,0.077742,0.052237,0.627705,0.187817,0.1378,Bellevue_150th_Eastgate
2627,0.66635,0.071985,0.059136,0.697876,0.247696,0.133305,Bellevue_150th_Eastgate
2628,0.678029,0.087007,0.062572,0.682599,0.279387,0.103094,Bellevue_150th_Eastgate
2629,0.646798,0.088961,0.057818,0.607622,0.27869,0.083747,Bellevue_150th_Eastgate
2630,0.674473,0.095254,0.062038,0.534253,0.144837,0.096186,Bellevue_150th_Eastgate
2631,0.632828,0.118984,0.03563,0.572159,0.114299,0.076565,Bellevue_150th_Eastgate
2632,0.659062,0.101435,0.05491,0.593342,0.110734,0.072021,Bellevue_150th_Eastgate
2633,0.650114,0.103712,0.049152,0.466604,0.106754,0.050203,Bellevue_150th_Eastgate
2634,0.653279,0.114684,0.041126,0.472952,0.077331,0.076062,Bellevue_150th_Eastgate
2635,0.676088,0.080967,0.059347,0.508966,0.093168,0.066062,Bellevue_150th_Eastgate
2636,0.667906,0.076446,0.055096,0.621572,0.148818,0.037668,Bellevue_150th_Eastgate
2637,0.662202,0.069782,0.058662,0.64166,0.10399,0.088826,Bellevue_150th_Eastgate
2638,0.665473,0.077866,0.057996,0.58015,0.064673,0.127216,Bellevue_150th_Eastgate
2639,0.644071,0.093724,0.046925,0.590068,0.085411,0.088872,Bellevue_150th_Eastgate
2640,0.664975,0.101296,0.049439,0.779519,0.131746,0.18321,Bellevue_150th_Eastgate
2641,0.660538,0.070486,0.063127,0.605651,0.207776,0.087537,Bellevue_150th_Eastgate
2642,0.660306,0.088489,0.054084,0.545976,0.204925,0.081197,Bellevue_150th_Eastgate
2643,0.67006,0.076161,0.052795,0.549118,0.197968,0.047366,Bellevue_150th_Eastgate
2644,0.66089,0.093574,0.04484,0.546806,0.190177,0.068226,Bellevue_150th_Eastgate
2645,0.65097,0.099889,0.057701,0.668149,0.233311,0.072651,Bellevue_150th_Eastgate
2646,0.646832,0.081634,0.060454,0.652049,0.250285,0.05337,Bellevue_150th_Eastgate
2647,0.666382,0.090552,0.060508,0.636409,0.223949,0.131295,Bellevue_150th_Eastgate
2648,0.643672,0.102304,0.043343,0.556629,0.156365,0.090347,Bellevue_150th_Eastgate
2649,0.653826,0.100254,0.042501,0.664505,0.142443,0.118551,Bellevue_150th_Eastgate
2650,0.650829,0.080437,0.054928,0.701029,0.201004,0.081623,Bellevue_150th_Eastgate
2651,0.651346,0.088378,0.052367,0.603144,0.182943,0.039881,Bellevue_150th_Eastgate
2652,0.651065,0.081881,0.045163,0.629728,0.174208,0.035512,Bellevue_150th_Eastgate
2653,0.664405,0.082844,0.049682,0.597263,0.162013,0.06964,Bellevue_150th_Eastgate
2654,0.643585,0.094509,0.055817,0.56028,0.219785,0.055087,Bellevue_150th_Eastgate
2655,0.651172,0.087864,0.057609,0.531284,0.208304,0.079764,Bellevue_150th_Eastgate
2656,0.625971,0.059603,0.052745,0.716233,0.235006,0.053947,Bellevue_150th_Eastgate
2657,0.663971,0.085526,0.055178,0.78279,0.258466,0.059889,Bellevue_150th_Eastgate
2658,0.641559,0.076136,0.060508,0.585554,0.20692,0.034674,Bellevue_150th_Eastgate
2659,0.678081,0.085289,0.044953,0.617127,0.294986,0.062609,Bellevue_150th_Eastgate
2660,0.654696,0.092694,0.059223,0.618659,0.283237,0.078693,Bellevue_150th_Eastgate
2661,0.666402,0.07805,0.058868,0.609162,0.289896,0.05603,Bellevue_150th_Eastgate
2662,0.682364,0.076995,0.059029,0.657731,0.330845,0.087579,Bellevue_150th_Eastgate
2663,0.667209,0.078922,0.053624,0.55997,0.28755,0.06262,Bellevue_150th_Eastgate
2664,0.666074,0.090415,0.057713,0.57015,0.184252,0.083191,Bellevue_150th_Eastgate
2665,0.645823,0.118242,0.037346,0.550426,0.093301,0.048177,Bellevue_150th_Eastgate
2666,0.654965,0.105463,0.043063,0.700117,0.172124,0.073775,Bellevue_150th_Eastgate
2667,0.663439,0.089495,0.050396,0.699281,0.198508,0.054041,Bellevue_150th_Eastgate
2668,0.67462,0.0802,0.054906,0.746538,0.222069,0.057622,Bellevue_150th_Eastgate
2669,0.66973,0.082254,0.054242,0.738509,0.202425,0.070977,Bellevue_150th_Eastgate
2670,0.687059,0.089271,0.059837,0.734509,0.248139,0.091452,Bellevue_150th_Eastgate
2671,0.663394,0.071381,0.049121,0.763029,0.200956,0.109782,Bellevue_150th_Eastgate
2672,0.686386,0.090943,0.063209,0.676876,0.181815,0.119534,Bellevue_150th_Eastgate
2673,0.680406,0.096984,0.056495,0.618524,0.158529,0.060001,Bellevue_150th_Eastgate
2674,0.641275,0.124628,0.033114,0.747636,0.146953,0.109337,Bellevue_150th_Eastgate
2675,0.654737,0.081793,0.057472,0.576516,0.196878,0.060398,Bellevue_150th_Eastgate
2676,0.666344,0.088854,0.050997,0.626521,0.213723,0.035216,Bellevue_150th_Eastgate
2677,0.666018,0.072031,0.058751,0.685167,0.254213,0.080316,Bellevue_150th_Eastgate
2678,0.69452,0.084495,0.057504,0.680923,0.294908,0.074868,Bellevue_150th_Eastgate
2679,0.68537,0.082868,0.052184,0.718057,0.263556,0.086012,Bellevue_150th_Eastgate
2680,0.665613,0.084911,0.051192,0.769953,0.201056,0.1082,Bellevue_150th_Eastgate
2681,0.684653,0.085399,0.061116,0.681217,0.129467,0.11643,Bellevue_150th_Eastgate
2682,0.650995,0.099004,0.041311,0.563974,0.062426,0.133586,Bellevue_150th_Eastgate
2683,0.673717,0.103631,0.049345,0.72563,0.23668,0.055796,Bellevue_150th_Eastgate
2684,0.66955,0.076768,0.052757,0.544142,0.148592,0.053993,Bellevue_150th_Eastgate
2685,0.661795,0.086602,0.053829,0.479744,0.215834,0.026586,Bellevue_150th_Eastgate
2686,0.662782,0.085986,0.058936,0.407977,0.164636,0.052813,Bellevue_150th_Eastgate
2687,0.672446,0.081095,0.05476,0.412329,0.153223,0.038847,Bellevue_150th_Eastgate
2688,0.67032,0.075515,0.059498,0.411534,0.16561,0.032099,Bellevue_150th_Eastgate
2689,0.664177,0.078099,0.055097,0.571965,0.310628,0.022797,Bellevue_150th_Eastgate
2690,0.665612,0.08444,0.056911,0.611249,0.285411,0.031294,Bellevue_150th_Eastgate
2691,0.661453,0.074427,0.053534,0.54787,0.150576,0.040811,Bellevue_150th_Eastgate
2692,0.656949,0.11782,0.042728,0.7011,0.227291,0.045546,Bellevue_150th_Eastgate
2693,0.676317,0.081785,0.064319,0.851093,0.339604,0.024616,Bellevue_150th_Eastgate
2694,0.670456,0.074656,0.056441,0.652023,0.274818,0.009921,Bellevue_150th_Eastgate
2695,0.671423,0.086584,0.050237,0.65528,0.233786,0.024527,Bellevue_150th_Eastgate
2696,0.669031,0.087873,0.053693,0.66784,0.270377,0.040066,Bellevue_150th_Eastgate
2697,0.658041,0.07209,0.051434,0.81902,0.380081,0.092251,Bellevue_150th_Eastgate
2698,0.674955,0.077891,0.062352,0.715881,0.225964,0.12906,Bellevue_150th_Eastgate
2699,0.665314,0.090725,0.054087,0.637486,0.130246,0.158465,Bellevue_150th_Eastgate
2700,0.646936,0.092791,0.038919,0.877921,0.245551,0.179013,Bellevue_150th_Eastgate
2701,0.670917,0.081206,0.068187,0.642008,0.179502,0.057099,Bellevue_150th_Eastgate
2702,0.662689,0.083806,0.053902,0.580082,0.168238,0.065257,Bellevue_150th_Eastgate
2703,0.668107,0.092517,0.060454,0.562013,0.152307,0.058231,Bellevue_150th_Eastgate
2704,0.675478,0.081632,0.048045,0.54334,0.130219,0.083586,Bellevue_150th_Eastgate
2705,0.69662,0.084332,0.054058,0.583062,0.192618,0.103296,Bellevue_150th_Eastgate
2706,0.66999,0.096509,0.060389,0.640943,0.265934,0.085244,Bellevue_150th_Eastgate
2707,0.670573,0.104041,0.054888,0.703805,0.259448,0.074878,Bellevue_150th_Eastgate
2708,0.687048,0.098363,0.059889,0.698994,0.198953,0.086576,Bellevue_150th_Eastgate
2709,0.655412,0.10342,0.041197,0.644844,0.160095,0.064844,Bellevue_150th_Eastgate
2710,0.677279,0.080585,0.056988,0.808158,0.228223,0.097345,Bellevue_150th_Eastgate
2711,0.68257,0.085846,0.061036,0.661637,0.206195,0.095484,Bellevue_150th_Eastgate
2712,0.664088,0.108757,0.050871,0.603685,0.195261,0.074089,Bellevue_150th_Eastgate
2713,0.670104,0.103905,0.04726,0.623565,0.270273,0.016897,Bellevue_150th_Eastgate
2714,0.678125,0.092842,0.050352,0.698472,0.359601,0.023386,Bellevue_150th_Eastgate
2715,0.659131,0.084824,0.058861,0.634124,0.221223,0.041206,Bellevue_150th_Eastgate
2716,0.668031,0.087051,0.055289,0.617857,0.221044,0.069792,Bellevue_150th_Eastgate
2717,0.6682,0.088311,0.062802,0.639516,0.196247,0.036952,Bellevue_150th_Eastgate
2718,0.676031,0.091384,0.06401,0.627271,0.152327,0.089955,Bellevue_150th_Eastgate
2719,0.666668,0.085499,0.059038,0.568023,0.110436,0.021509,Bellevue_150th_Eastgate
2720,0.623274,0.118628,0.03454,0.632171,0.142327,0.072056,Bellevue_150th_Eastgate
2721,0.682585,0.094456,0.066655,0.507518,0.188978,0.017922,Bellevue_150th_Eastgate
2722,0.649312,0.096711,0.052431,0.590045,0.237368,0.003498,Bellevue_150th_Eastgate
2723,0.642711,0.091395,0.060041,0.521123,0.222753,0.01259,Bellevue_150th_Eastgate
2724,0.647056,0.077867,0.057125,0.573308,0.194469,0.111734,Bellevue_150th_Eastgate
2725,0.64711,0.095735,0.062169,0.64601,0.265592,0.111677,Bellevue_150th_Eastgate
2726,0.662754,0.08759,0.063708,0.619655,0.152378,0.032803,Bellevue_150th_Eastgate
2727,0.654139,0.078695,0.051393,0.6305,0.092891,0.044875,Bellevue_150th_Eastgate
2728,0.649786,0.100827,0.042829,0.625627,0.02003,0.077754,Bellevue_150th_Eastgate
2729,0.674326,0.081179,0.053703,0.796119,0.166154,0.045611,Bellevue_150th_Eastgate
2730,0.665943,0.079794,0.059418,0.619387,0.164262,0.096125,Bellevue_150th_Eastgate
2731,0.668599,0.08519,0.045724,0.543823,0.165907,0.05522,Bellevue_150th_Eastgate
2732,0.67529,0.087165,0.053876,0.514533,0.177347,0.022731,Bellevue_150th_Eastgate
2733,0.670314,0.076964,0.053511,0.548008,0.193162,0.051063,Bellevue_150th_Eastgate
2734,0.668528,0.07585,0.047986,0.607222,0.161354,0.133821,Bellevue_150th_Eastgate
2735,0.662463,0.082535,0.056405,0.580147,0.152764,0.146479,Bellevue_150th_Eastgate
2736,0.662203,0.089751,0.060159,0.551301,0.146039,0.1202,Bellevue_150th_Eastgate
2737,0.635371,0.110971,0.050507,0.580413,0.12515,0.107139,Bellevue_150th_Eastgate
2738,0.684553,0.095826,0.056233,0.585274,0.150162,0.114924,Bellevue_150th_Eastgate
2739,0.67885,0.094023,0.059118,0.606195,0.177198,0.143856,Bellevue_150th_Eastgate
2740,0.66096,0.089581,0.060035,0.533664,0.18268,0.104295,Bellevue_150th_Eastgate
2741,0.674852,0.094362,0.05938,0.625995,0.212384,0.092542,Bellevue_150th_Eastgate
2742,0.682802,0.098279,0.061572,0.703993,0.263076,0.169247,Bellevue_150th_Eastgate
2743,0.701786,0.099383,0.063295,0.682452,0.2184,0.152418,Bellevue_150th_Eastgate
2744,0.678674,0.092763,0.061324,0.608432,0.180372,0.074912,Bellevue_150th_Eastgate
2745,0.642721,0.097164,0.058692,0.571153,0.100917,0.047891,Bellevue_150th_Eastgate
2746,0.60114,0.151208,0.057086,0.695572,0.186928,0.067182,Bellevue_150th_Eastgate
2747,0.695856,0.094945,0.063079,0.667781,0.250334,0.043669,Bellevue_150th_Eastgate
2748,0.710897,0.099553,0.063132,0.737456,0.274851,0.039077,Bellevue_150th_Eastgate
2749,0.665707,0.083998,0.058087,0.582105,0.236276,0.049824,Bellevue_150th_Eastgate
2750,0.66829,0.097386,0.055668,0.695875,0.288169,0.061109,Bellevue_150th_Eastgate
2751,0.653066,0.092962,0.060655,0.747002,0.23807,0.052895,Bellevue_150th_Eastgate
2752,0.682307,0.09554,0.060907,0.729852,0.267055,0.086922,Bellevue_150th_Eastgate
2753,0.658892,0.099949,0.060224,0.750693,0.229067,0.100611,Bellevue_150th_Eastgate
2754,0.651276,0.102074,0.053641,0.638296,0.102944,0.072863,Bellevue_150th_Eastgate
2755,0.630057,0.121047,0.033857,0.754288,0.15149,0.092343,Bellevue_150th_Eastgate
2756,0.68456,0.08583,0.060695,0.581204,0.152083,0.064371,Bellevue_150th_Eastgate
2757,0.666135,0.088589,0.042065,0.508151,0.139699,0.051598,Bellevue_150th_Eastgate
2758,0.675151,0.099231,0.059075,0.564159,0.171391,0.061393,Bellevue_150th_Eastgate
2759,0.688866,0.092853,0.060676,0.66685,0.233853,0.071226,Bellevue_150th_Eastgate
2760,0.674648,0.082834,0.051405,0.694844,0.238754,0.092066,Bellevue_150th_Eastgate
2761,0.696003,0.091781,0.063372,0.623959,0.231703,0.087107,Bellevue_150th_Eastgate
2762,0.674444,0.08581,0.05486,0.559858,0.217113,0.082141,Bellevue_150th_Eastgate
2763,0.639015,0.111856,0.038255,0.63793,0.185427,0.096013,Bellevue_150th_Eastgate
2764,0.682499,0.090762,0.056524,0.735432,0.184639,0.10595,Bellevue_150th_Eastgate
2765,0.673678,0.088061,0.056419,0.745077,0.200808,0.068432,Bellevue_150th_Eastgate
2766,0.672982,0.1019,0.051273,0.691387,0.209544,0.071179,Bellevue_150th_Eastgate
2767,0.672628,0.09091,0.056481,0.65966,0.184399,0.109289,Bellevue_150th_Eastgate
2768,0.684868,0.08889,0.053166,0.624762,0.167338,0.081383,Bellevue_150th_Eastgate
2769,0.662938,0.116174,0.050376,0.681248,0.151261,0.132477,Bellevue_150th_Eastgate
2770,0.666663,0.103314,0.058176,0.64491,0.155867,0.176599,Bellevue_150th_Eastgate
2771,0.686919,0.102683,0.067023,0.607946,0.121074,0.137534,Bellevue_150th_Eastgate
2772,0.657181,0.088219,0.043419,0.669875,0.092559,0.124717,Bellevue_150th_Eastgate
2773,0.666544,0.090276,0.052806,0.77093,0.223488,0.112786,Bellevue_150th_Eastgate
2774,0.678885,0.089355,0.057464,0.637701,0.248821,0.081611,Bellevue_150th_Eastgate
2775,0.663964,0.074032,0.041603,0.654295,0.23202,0.094327,Bellevue_150th_Eastgate
2776,0.694327,0.097692,0.056708,0.721479,0.209744,0.111538,Bellevue_150th_Eastgate
2777,0.67661,0.082051,0.047353,0.739063,0.232684,0.114767,Bellevue_150th_Eastgate
2778,0.694074,0.095301,0.062482,0.63824,0.200595,0.080167,Bellevue_150th_Eastgate
2779,0.680433,0.092805,0.059106,0.679967,0.164358,0.077306,Bellevue_150th_Eastgate
2780,0.680411,0.08605,0.061424,0.632329,0.113147,0.122863,Bellevue_150th_Eastgate
2781,0.635842,0.076577,0.043968,0.761463,0.183936,0.127772,Bellevue_150th_Eastgate
2782,0.675432,0.082177,0.060743,0.590311,0.155572,0.077876,Bellevue_150th_Eastgate
2783,0.68719,0.097282,0.052999,0.640556,0.170122,0.100892,Bellevue_150th_Eastgate
2784,0.677952,0.078863,0.055471,0.660208,0.209556,0.037026,Bellevue_150th_Eastgate
2785,0.696919,0.086674,0.053402,0.723783,0.243999,0.044331,Bellevue_150th_Eastgate
2786,0.681077,0.075387,0.049181,0.775578,0.285279,0.083291,Bellevue_150th_Eastgate
2787,0.676308,0.081241,0.0606,0.658515,0.179846,0.121561,Bellevue_150th_Eastgate
2788,0.666873,0.093461,0.051887,0.586811,0.138829,0.099747,Bellevue_150th_Eastgate
2789,0.649641,0.085348,0.040231,0.724051,0.197654,0.14076,Bellevue_150th_Eastgate
2790,0.698266,0.097457,0.066009,0.756073,0.23468,0.13571,Bellevue_150th_Eastgate
2791,0.688094,0.093787,0.061074,0.718394,0.176723,0.10757,Bellevue_150th_Eastgate
2792,0.684111,0.090497,0.056756,0.61369,0.168585,0.07296,Bellevue_150th_Eastgate
2793,0.688752,0.096944,0.060051,0.665161,0.160816,0.101544,Bellevue_150th_Eastgate
2794,0.690225,0.100629,0.063175,0.650822,0.196353,0.04847,Bellevue_150th_Eastgate
2795,0.672833,0.093899,0.048998,0.653604,0.215097,0.024327,Bellevue_150th_Eastgate
2796,0.671087,0.096916,0.058192,0.64242,0.199596,0.078348,Bellevue_150th_Eastgate
2797,0.676881,0.08431,0.060002,0.668642,0.111888,0.127879,Bellevue_150th_Eastgate
2798,0.700686,0.103378,0.069819,0.803651,0.16085,0.136388,Bellevue_150th_Eastgate
2799,0.699425,0.106261,0.077288,0.681184,0.184158,0.056646,Bellevue_150th_Eastgate
2800,0.678312,0.090716,0.054813,0.566867,0.193472,0.024309,Bellevue_150th_Eastgate
2801,0.668065,0.089196,0.049377,0.59622,0.147361,0.036915,Bellevue_150th_Eastgate
2802,0.680323,0.089409,0.056919,0.630764,0.214863,0.004505,Bellevue_150th_Eastgate
2803,0.68523,0.094557,0.056242,0.617548,0.155283,0.051802,Bellevue_150th_Eastgate
2804,0.705976,0.096621,0.053749,0.627465,0.147368,0.127271,Bellevue_150th_Eastgate
2805,0.685016,0.090213,0.05867,0.612495,0.143108,0.123383,Bellevue_150th_Eastgate
2806,0.659299,0.088206,0.044029,0.68674,0.082802,0.169436,Bellevue_150th_Eastgate
2807,0.67977,0.077121,0.054558,0.70313,0.08498,0.149634,Bellevue_150th_Eastgate
2808,0.676926,0.087284,0.052669,0.586953,0.135538,0.059371,Bellevue_150th_Eastgate
2809,0.684731,0.095536,0.062097,0.594212,0.162654,0.106653,Bellevue_150th_Eastgate
2810,0.667752,0.075885,0.050005,0.568394,0.203849,0.082716,Bellevue_150th_Eastgate
2811,0.680287,0.109783,0.062958,0.512414,0.125864,0.096011,Bellevue_150th_Eastgate
2812,0.641895,0.095625,0.053066,0.611894,0.167154,0.09874,Bellevue_150th_Eastgate
2813,0.679978,0.096967,0.06406,0.582759,0.180534,0.09401,Bellevue_150th_Eastgate
2814,0.711626,0.097899,0.063802,0.583232,0.168977,0.092717,Bellevue_150th_Eastgate
2815,0.671414,0.093172,0.048142,0.775188,0.210166,0.088057,Bellevue_150th_Eastgate
2816,0.70847,0.101021,0.06405,0.76012,0.231822,0.059559,Bellevue_150th_Eastgate
2817,0.68692,0.089489,0.060226,0.708466,0.242382,0.001039,Bellevue_150th_Eastgate
2818,0.712975,0.106772,0.065604,0.689278,0.274293,0.028333,Bellevue_150th_Eastgate
2819,0.68351,0.081474,0.049956,0.74463,0.194935,0.018107,Bellevue_150th_Eastgate
2820,0.695377,0.088977,0.063402,0.803042,0.241811,0.040241,Bellevue_150th_Eastgate
2821,0.711753,0.114503,0.059645,0.840881,0.268916,0.092891,Bellevue_150th_Eastgate
2822,0.673349,0.067722,0.04815,0.838234,0.185606,0.123385,Bellevue_150th_Eastgate
2823,0.694298,0.092605,0.057351,0.598861,0.090715,0.092481,Bellevue_150th_Eastgate
2824,0.649292,0.100427,0.046805,0.737797,0.144034,0.141926,Bellevue_150th_Eastgate
2825,0.677056,0.097648,0.068827,0.63927,0.160897,0.035007,Bellevue_150th_Eastgate
2826,0.691775,0.093639,0.063142,0.655802,0.179621,0.026663,Bellevue_150th_Eastgate
2827,0.708508,0.098935,0.066216,0.601246,0.154679,0.072565,Bellevue_150th_Eastgate
2828,0.705083,0.095262,0.062167,0.645568,0.137223,0.059699,Bellevue_150th_Eastgate
2829,0.704958,0.100217,0.067202,0.640471,0.116431,0.051731,Bellevue_150th_Eastgate
2830,0.710541,0.109404,0.074147,0.615964,0.086802,0.054053,Bellevue_150th_Eastgate
2831,0.680394,0.083699,0.05814,0.58937,0.161372,0.022418,Bellevue_150th_Eastgate
2832,0.676,0.089483,0.058352,0.58667,0.091004,0.06175,Bellevue_150th_Eastgate
2833,0.646126,0.077076,0.040321,0.730441,0.152069,0.038904,Bellevue_150th_Eastgate
2834,0.71232,0.110101,0.067484,0.761089,0.208398,0.00441,Bellevue_150th_Eastgate
2835,0.658996,0.081726,0.045205,0.615873,0.214592,-0.004785,Bellevue_150th_Eastgate
2836,0.698572,0.10527,0.068158,0.66843,0.225883,0.030699,Bellevue_150th_Eastgate
2837,0.710592,0.102813,0.066397,0.617504,0.205292,0.029538,Bellevue_150th_Eastgate
2838,0.656222,0.064077,0.044284,0.549194,0.161427,0.020535,Bellevue_150th_Eastgate
2839,0.703045,0.102953,0.061529,0.55146,0.150767,0.033461,Bellevue_150th_Eastgate
2840,0.678652,0.088834,0.052509,0.57512,0.168433,0.048534,Bellevue_150th_Eastgate
2841,0.659769,0.094115,0.046354,0.577422,0.111506,0.07205,Bellevue_150th_Eastgate
2842,0.646005,0.106198,0.037768,0.744239,0.107354,0.112028,Bellevue_150th_Eastgate
2843,0.678993,0.093971,0.069028,0.720749,0.196795,0.047701,Bellevue_150th_Eastgate
2844,0.666079,0.068313,0.046767,0.729832,0.207824,0.025818,Bellevue_150th_Eastgate
2845,0.67679,0.074419,0.049475,0.741576,0.238533,0.083844,Bellevue_150th_Eastgate
2846,0.663112,0.101274,0.045744,0.826857,0.271361,0.092519,Bellevue_150th_Eastgate
2847,0.645512,0.080988,0.054471,0.786863,0.279577,0.093423,Bellevue_150th_Eastgate
2848,0.657581,0.103913,0.062116,0.754412,0.219974,0.119344,Bellevue_150th_Eastgate
2849,0.687913,0.106498,0.063155,0.632856,0.199563,0.047022,Bellevue_150th_Eastgate
2850,0.615945,0.125395,0.05417,0.68062,0.189701,0.039107,Bellevue_150th_Eastgate
2851,0.681898,0.097192,0.05364,0.827961,0.283298,0.098138,Bellevue_150th_Eastgate
2852,0.705164,0.098379,0.062411,0.697978,0.269016,0.06712,Bellevue_150th_Eastgate
2853,0.7021,0.104758,0.058018,0.652984,0.247777,0.06358,Bellevue_150th_Eastgate
2854,0.675476,0.096209,0.053426,0.739722,0.230486,0.113369,Bellevue_150th_Eastgate
2855,0.694692,0.101235,0.063355,0.695432,0.201546,0.076698,Bellevue_150th_Eastgate
2856,0.70974,0.107349,0.063004,0.706257,0.203411,0.082649,Bellevue_150th_Eastgate
2857,0.671737,0.104634,0.055006,0.662372,0.218598,0.067614,Bellevue_150th_Eastgate
2858,0.663918,0.116926,0.05841,0.650064,0.102787,0.041842,Bellevue_150th_Eastgate
2859,0.634214,0.127959,0.037176,0.764262,0.094114,0.108254,Bellevue_150th_Eastgate
2860,0.700053,0.114089,0.074798,0.822398,0.22167,0.090471,Bellevue_150th_Eastgate
2861,0.695698,0.105359,0.069327,0.678776,0.187992,0.065785,Bellevue_150th_Eastgate
2862,0.670694,0.082581,0.050574,0.635635,0.194435,0.065651,Bellevue_150th_Eastgate
2863,0.672156,0.105245,0.057456,0.777415,0.347868,0.050996,Bellevue_150th_Eastgate
2864,0.675974,0.083001,0.056315,0.816016,0.324513,0.071218,Bellevue_150th_Eastgate
2865,0.703792,0.105426,0.06731,0.699523,0.262978,0.05452,Bellevue_150th_Eastgate
2866,0.695048,0.107147,0.061349,0.607302,0.212145,0.053332,Bellevue_150th_Eastgate
2867,0.659583,0.106406,0.049574,0.627285,0.17223,0.021288,Bellevue_150th_Eastgate
2868,0.681473,0.121227,0.065933,0.807657,0.289432,-0.011534,Bellevue_150th_Eastgate
2869,0.698271,0.105819,0.070689,0.659492,0.241746,0.054061,Bellevue_150th_Eastgate
2870,0.687934,0.098942,0.049244,0.742918,0.288776,0.067316,Bellevue_150th_Eastgate
2871,0.694648,0.105157,0.062483,0.668185,0.210748,0.086324,Bellevue_150th_Eastgate
2872,0.703924,0.097881,0.063595,0.724051,0.274249,0.090079,Bellevue_150th_Eastgate
2873,0.675395,0.082396,0.051647,0.852584,0.289195,0.128251,Bellevue_150th_Eastgate
2874,0.696241,0.096665,0.0595,0.823564,0.276299,0.149138,Bellevue_150th_Eastgate
2875,0.729647,0.114748,0.067198,0.654116,0.185173,0.098783,Bellevue_150th_Eastgate
2876,0.648677,0.084314,0.04227,0.728322,0.235043,0.121027,Bellevue_150th_Eastgate
2877,0.716223,0.121774,0.077957,0.633991,0.230646,0.094797,Bellevue_150th_Eastgate
2878,0.668576,0.089103,0.052403,0.656076,0.277146,0.066828,Bellevue_150th_Eastgate
2879,0.711763,0.119105,0.074318,0.727718,0.287278,0.090822,Bellevue_150th_Eastgate
2880,0.696758,0.104339,0.068698,0.598167,0.237511,0.100633,Bellevue_150th_Eastgate
2881,0.684909,0.092821,0.054991,0.543516,0.183047,0.104013,Bellevue_150th_Eastgate
2882,0.705145,0.111801,0.069458,0.561793,0.141727,0.157763,Bellevue_150th_Eastgate
2883,0.730066,0.120967,0.073557,0.626554,0.160515,0.18404,Bellevue_150th_Eastgate
2884,0.656603,0.090308,0.050991,0.620731,0.143676,0.139255,Bellevue_150th_Eastgate
2885,0.66595,0.088066,0.048892,0.643756,0.155474,0.136452,Bellevue_150th_Eastgate
2886,0.688848,0.100875,0.06435,0.633712,0.184843,0.062869,Bellevue_150th_Eastgate
2887,0.680444,0.090571,0.051707,0.717876,0.287878,0.038708,Bellevue_150th_Eastgate
2888,0.701701,0.109326,0.069072,0.683256,0.257047,0.036412,Bellevue_150th_Eastgate
2889,0.694961,0.093419,0.056329,0.746899,0.274505,0.066562,Bellevue_150th_Eastgate
2890,0.684137,0.095444,0.054822,0.791797,0.269576,0.002914,Bellevue_150th_Eastgate
2891,0.7109,0.110765,0.069586,0.72269,0.22337,0.036576,Bellevue_150th_Eastgate
2892,0.701057,0.100657,0.061379,0.559846,0.136918,0.066016,Bellevue_150th_Eastgate
2893,0.654804,0.096254,0.043269,0.757219,0.260556,0.076145,Bellevue_150th_Eastgate
2894,0.707355,0.115169,0.072751,0.72437,0.214876,0.100455,Bellevue_150th_Eastgate
2895,0.695121,0.117808,0.078793,0.697226,0.235282,0.104861,Bellevue_150th_Eastgate
2896,0.719642,0.123063,0.077863,0.676385,0.212823,0.082191,Bellevue_150th_Eastgate
2897,0.722467,0.114002,0.070498,0.681112,0.257103,0.051544,Bellevue_150th_Eastgate
2898,0.726402,0.135052,0.085291,0.690219,0.208197,0.05711,Bellevue_150th_Eastgate
2899,0.712517,0.100292,0.055866,0.713287,0.181946,0.065173,Bellevue_150th_Eastgate
2900,0.695183,0.111097,0.073076,0.67506,0.176734,0.071051,Bellevue_150th_Eastgate
2901,0.681025,0.102139,0.064818,0.575467,0.095804,0.082577,Bellevue_150th_Eastgate
2902,0.687872,0.10141,0.06079,0.595779,0.090941,0.100649,Bellevue_150th_Eastgate
2903,0.672547,0.108051,0.0701,0.624165,0.24985,0.018909,Bellevue_150th_Eastgate
2904,0.702636,0.125854,0.084764,0.6411,0.235761,0.007515,Bellevue_150th_Eastgate
2905,0.68766,0.116585,0.079988,0.607044,0.241611,-0.018009,Bellevue_150th_Eastgate
2906,0.695446,0.099295,0.064948,0.625783,0.181323,0.017136,Bellevue_150th_Eastgate
2907,0.712562,0.119247,0.076637,0.632326,0.238806,0.041565,Bellevue_150th_Eastgate
2908,0.685652,0.106155,0.07411,0.565728,0.113097,0.008921,Bellevue_150th_Eastgate
2909,0.676411,0.103554,0.066663,0.552684,0.096361,0.01483,Bellevue_150th_Eastgate
2910,0.641279,0.086747,0.049109,0.588117,0.054192,0.124203,Bellevue_150th_Eastgate
2911,0.703681,0.117934,0.070397,0.801283,0.184046,0.075486,Bellevue_150th_Eastgate
2912,0.67733,0.123111,0.087123,0.632169,0.206694,0.114914,Bellevue_150th_Eastgate
2913,0.65091,0.101788,0.075438,0.541511,0.185347,0.03773,Bellevue_150th_Eastgate
2914,0.684158,0.123277,0.088342,0.606505,0.283803,0.087685,Bellevue_150th_Eastgate
2915,0.704485,0.120506,0.077408,0.738144,0.299439,0.164871,Bellevue_150th_Eastgate
2916,0.71878,0.129058,0.083382,0.688876,0.286465,0.086925,Bellevue_150th_Eastgate
2917,0.671994,0.099036,0.069724,0.615662,0.262108,0.135314,Bellevue_150th_Eastgate
2918,0.688604,0.104335,0.063025,0.594359,0.166965,0.161372,Bellevue_150th_Eastgate
2919,0.629355,0.107909,0.068912,0.647064,0.11955,0.220405,Bellevue_150th_Eastgate
2920,0.715692,0.136496,0.083081,0.798551,0.22736,0.148632,Bellevue_150th_Eastgate
2921,0.696259,0.149181,0.107023,0.890241,0.252593,0.145655,Bellevue_150th_Eastgate
2922,0.695524,0.152006,0.111702,0.858386,0.280571,0.125519,Bellevue_150th_Eastgate
2923,0.667817,0.124334,0.089136,0.74749,0.245337,0.165032,Bellevue_150th_Eastgate
2924,0.677803,0.172745,0.119844,0.735247,0.278205,0.129054,Bellevue_150th_Eastgate
2925,0.662429,0.123016,0.089079,0.740457,0.308232,0.131901,Bellevue_150th_Eastgate
2926,0.665071,0.137017,0.091157,0.755929,0.322892,0.160218,Bellevue_150th_Eastgate
2927,0.708469,0.189127,0.130499,0.710128,0.263327,0.142424,Bellevue_150th_Eastgate
2928,0.654401,0.11008,0.064866,0.853037,0.258013,0.156777,Bellevue_150th_Eastgate
2929,0.736119,0.188836,0.115236,0.756803,0.178545,0.100304,Bellevue_150th_Eastgate
2930,0.742118,0.217205,0.138917,0.790801,0.254219,0.067221,Bellevue_150th_Eastgate
2931,0.658936,0.111363,0.088134,0.798462,0.290711,0.142163,Bellevue_150th_Eastgate
2932,0.641832,0.157204,0.11759,0.818031,0.314396,0.099662,Bellevue_150th_Eastgate
2933,0.700907,0.157894,0.10654,0.754031,0.222595,0.112951,Bellevue_150th_Eastgate
2934,0.715992,0.157009,0.100988,0.743428,0.264502,0.094937,Bellevue_150th_Eastgate
2935,0.709633,0.168493,0.104743,0.731946,0.272343,0.090443,Bellevue_150th_Eastgate
2936,0.694475,0.149927,0.091869,0.553557,0.119495,0.099874,Bellevue_150th_Eastgate
2937,0.678629,0.15878,0.093619,0.746278,0.20485,0.066803,Bellevue_150th_Eastgate
2938,0.77809,0.243412,0.141353,0.773079,0.24027,0.151147,Bellevue_150th_Eastgate
2939,0.75442,0.218828,0.136163,0.70966,0.273544,0.089374,Bellevue_150th_Eastgate
2940,0.72344,0.207801,0.125793,0.804859,0.349727,0.091071,Bellevue_150th_Eastgate
2941,0.781931,0.244055,0.139186,0.773387,0.327365,0.173082,Bellevue_150th_Eastgate
2942,0.770639,0.234441,0.132239,0.748021,0.269808,0.243553,Bellevue_150th_Eastgate
2943,0.098297,-0.062443,0.01621,0.033333,-0.066667,0.0,Bellevue_150th_Newport
2944,0.187403,0.007302,0.019057,0.283333,0.133333,-0.016667,Bellevue_150th_Newport
2945,0.30389,0.079334,0.03244,0.033333,0.0,0.0,Bellevue_150th_Newport
2946,0.130711,-0.040203,0.01573,0.0,-0.033333,0.0,Bellevue_150th_Newport
2947,0.098484,-0.062077,0.01604,0.0,-0.1,0.066667,Bellevue_150th_Newport
2948,0.100816,-0.06002,0.015992,0.033333,-0.066667,0.066667,Bellevue_150th_Newport
2949,0.098871,-0.061721,0.016062,0.0,0.0,0.0,Bellevue_150th_Newport
2950,0.100379,-0.060412,0.016143,0.0,0.0,0.0,Bellevue_150th_Newport
2951,0.187195,0.005692,0.017707,0.233333,0.15,-0.033333,Bellevue_150th_Newport
2952,0.193339,0.009203,0.019075,0.033333,0.033333,-0.033333,Bellevue_150th_Newport
2953,0.173676,-0.009053,0.017417,0.0,0.0,0.0,Bellevue_150th_Newport
2954,0.100145,-0.060744,0.016074,0.0,-0.1,0.033333,Bellevue_150th_Newport
2955,0.099019,-0.061663,0.016155,0.0,-0.066667,0.0,Bellevue_150th_Newport
2956,0.099021,-0.061646,0.016036,0.0,-0.133333,0.066667,Bellevue_150th_Newport
2957,0.099684,-0.061168,0.016136,0.0,-0.133333,0.033333,Bellevue_150th_Newport
2958,0.100817,-0.060007,0.016124,0.2,-0.066667,0.083333,Bellevue_150th_Newport
2959,0.49444,0.159764,0.047309,0.65,0.166667,0.2,Bellevue_150th_Newport
2960,0.277188,0.058894,0.027754,0.166667,0.1,0.033333,Bellevue_150th_Newport
2961,0.106142,-0.056777,0.015959,0.2,0.066667,0.0,Bellevue_150th_Newport
2962,0.311606,0.08258,0.029692,0.833333,0.65,-0.05,Bellevue_150th_Newport
2963,0.344791,0.097583,0.029287,0.438889,0.205556,0.116667,Bellevue_150th_Newport
2964,0.262591,0.053849,0.024432,0.116667,0.033333,0.0,Bellevue_150th_Newport
2965,0.102579,-0.058882,0.0159,0.0,-0.166667,0.0,Bellevue_150th_Newport
2966,0.173494,-0.001509,0.020775,0.1,-0.066667,0.033333,Bellevue_150th_Newport
2967,0.101219,-0.05964,0.016066,0.0,0.0,0.0,Bellevue_150th_Newport
2968,0.097803,-0.062842,0.016089,0.0,0.0,0.0,Bellevue_150th_Newport
2969,0.100483,-0.060426,0.016238,0.0,-0.033333,0.033333,Bellevue_150th_Newport
2970,0.101523,-0.059629,0.016124,0.0,-0.166667,0.133333,Bellevue_150th_Newport
2971,0.103478,-0.057774,0.016146,0.033333,-0.033333,0.033333,Bellevue_150th_Newport
2972,0.205878,0.019189,0.019582,0.3,0.066667,0.0,Bellevue_150th_Newport
2973,0.215212,0.026384,0.021322,0.033333,0.033333,-0.033333,Bellevue_150th_Newport
2974,0.187192,0.003334,0.017959,0.0,-0.033333,0.033333,Bellevue_150th_Newport
2975,0.102361,-0.058707,0.015987,0.0,-0.1,0.066667,Bellevue_150th_Newport
2976,0.098461,-0.062286,0.016088,0.0,-0.066667,0.066667,Bellevue_150th_Newport
2977,0.100836,-0.060054,0.016111,0.0,-0.1,0.0,Bellevue_150th_Newport
2978,0.118646,-0.0459,0.016416,0.333333,0.1,0.066667,Bellevue_150th_Newport
2979,0.22774,0.033657,0.022615,0.05,-0.066667,0.033333,Bellevue_150th_Newport
2980,0.114752,-0.049357,0.015289,0.066667,-0.033333,0.033333,Bellevue_150th_Newport
2981,0.099846,-0.060932,0.016108,0.0,-0.133333,0.1,Bellevue_150th_Newport
2982,0.097857,-0.062663,0.016047,0.0,-0.1,0.066667,Bellevue_150th_Newport
2983,0.102439,-0.058635,0.016109,0.0,-0.066667,0.0,Bellevue_150th_Newport
2984,0.097559,-0.062797,0.016021,0.0,0.0,0.0,Bellevue_150th_Newport
2985,0.100585,-0.060305,0.016103,0.0,-0.033333,0.033333,Bellevue_150th_Newport
2986,0.098698,-0.062003,0.016093,0.0,-0.133333,0.066667,Bellevue_150th_Newport
2987,0.101005,-0.059836,0.016038,0.0,-0.066667,0.0,Bellevue_150th_Newport
2988,0.100874,-0.060111,0.016103,0.033333,0.0,0.0,Bellevue_150th_Newport
2989,0.100226,-0.060565,0.016107,0.0,-0.066667,0.0,Bellevue_150th_Newport
2990,0.09926,-0.061467,0.016097,0.0,-0.066667,0.0,Bellevue_150th_Newport
2991,0.098531,-0.06216,0.015971,0.0,-0.033333,0.0,Bellevue_150th_Newport
2992,0.099065,-0.061645,0.01611,0.0,-0.166667,0.066667,Bellevue_150th_Newport
2993,0.099898,-0.0609,0.016029,0.0,0.0,0.0,Bellevue_150th_Newport
2994,0.098827,-0.061882,0.016062,0.0,-0.1,0.033333,Bellevue_150th_Newport
2995,0.101567,-0.059472,0.016073,0.0,-0.066667,0.033333,Bellevue_150th_Newport
2996,0.099137,-0.061707,0.016111,0.0,-0.033333,0.0,Bellevue_150th_Newport
2997,0.10211,-0.059037,0.01631,0.0,-0.066667,0.0,Bellevue_150th_Newport
2998,0.099058,-0.061878,0.016255,0.033333,-0.133333,0.1,Bellevue_150th_Newport
2999,0.099355,-0.061636,0.016211,0.0,-0.066667,0.066667,Bellevue_150th_Newport
3000,0.097814,-0.06293,0.016252,0.0,-0.166667,0.033333,Bellevue_150th_Newport
3001,0.097943,-0.062706,0.016108,0.05,-0.116667,0.083333,Bellevue_150th_Newport
3002,0.098727,-0.061914,0.01612,0.0,-0.066667,0.033333,Bellevue_150th_Newport
3003,0.101766,-0.059179,0.016088,0.033333,-0.1,0.1,Bellevue_150th_Newport
3004,0.100277,-0.06044,0.016074,0.0,-0.033333,0.0,Bellevue_150th_Newport
3005,0.178975,0.000167,0.019987,0.066667,0.0,0.0,Bellevue_150th_Newport
3006,0.219839,0.031703,0.021996,0.1,0.033333,-0.066667,Bellevue_150th_Newport
3007,0.10064,-0.060468,0.016005,0.0,0.0,0.0,Bellevue_150th_Newport
3008,0.09945,-0.061323,0.016125,0.0,-0.033333,0.033333,Bellevue_150th_Newport
3009,0.098051,-0.062612,0.01601,0.0,-0.1,0.033333,Bellevue_150th_Newport
3010,0.09748,-0.063239,0.016106,0.0,0.0,0.0,Bellevue_150th_Newport
3011,0.102024,-0.05913,0.016163,0.0,-0.033333,0.033333,Bellevue_150th_Newport
3012,0.098167,-0.062639,0.016099,0.033333,-0.1,0.066667,Bellevue_150th_Newport
3013,0.099185,-0.061694,0.016198,0.0,-0.066667,0.0,Bellevue_150th_Newport
3014,0.100266,-0.060907,0.016339,0.138889,0.0,0.094444,Bellevue_150th_Newport
3015,0.32457,0.092216,0.032507,0.288889,0.1,0.016667,Bellevue_150th_Newport
3016,0.359321,0.103846,0.03498,0.0,-0.066667,0.033333,Bellevue_150th_Newport
3017,0.102768,-0.058378,0.01607,0.0,0.0,0.0,Bellevue_150th_Newport
3018,0.098546,-0.062388,0.01615,0.0,-0.033333,0.0,Bellevue_150th_Newport
3019,0.100832,-0.060087,0.016128,0.0,0.0,0.0,Bellevue_150th_Newport
3020,0.098961,-0.061901,0.016233,0.0,-0.033333,0.0,Bellevue_150th_Newport
3021,0.100371,-0.060771,0.016259,0.0,-0.133333,0.033333,Bellevue_150th_Newport
3022,0.101373,-0.059781,0.016294,0.033333,-0.033333,0.033333,Bellevue_150th_Newport
3023,0.101789,-0.059158,0.016134,0.033333,0.0,0.0,Bellevue_150th_Newport
3024,0.097214,-0.063248,0.016143,0.0,-0.133333,0.1,Bellevue_150th_Newport
3025,0.09921,-0.061579,0.016246,0.0,-0.033333,0.0,Bellevue_150th_Newport
3026,0.101503,-0.059684,0.016294,0.0,0.0,0.0,Bellevue_150th_Newport
3027,0.101407,-0.059623,0.016147,0.0,-0.1,0.066667,Bellevue_150th_Newport
3028,0.099675,-0.06119,0.016098,0.066667,0.033333,0.0,Bellevue_150th_Newport
3029,0.332251,0.097366,0.033263,0.066667,0.0,0.0,Bellevue_150th_Newport
3030,0.10236,-0.059021,0.016153,0.0,-0.1,0.0,Bellevue_150th_Newport
3031,0.100432,-0.060491,0.016039,0.0,-0.133333,0.1,Bellevue_150th_Newport
3032,0.099512,-0.061349,0.016212,0.0,-0.1,0.066667,Bellevue_150th_Newport
3033,0.100511,-0.060528,0.016223,0.0,-0.1,0.033333,Bellevue_150th_Newport
3034,0.098459,-0.062297,0.016118,0.0,-0.033333,0.0,Bellevue_150th_Newport
3035,0.100879,-0.060145,0.016157,0.0,-0.033333,0.0,Bellevue_150th_Newport
3036,0.097804,-0.062972,0.016167,0.0,-0.033333,0.0,Bellevue_150th_Newport
3037,0.1025,-0.058909,0.016356,0.0,-0.1,0.033333,Bellevue_150th_Newport
3038,0.099969,-0.061125,0.016247,0.0,0.0,0.0,Bellevue_150th_Newport
3039,0.104786,-0.056569,0.016129,0.0,-0.033333,0.033333,Bellevue_150th_Newport
3040,0.098589,-0.062196,0.016067,0.0,0.0,0.0,Bellevue_150th_Newport
3041,0.102224,-0.059033,0.0162,0.0,-0.166667,0.1,Bellevue_150th_Newport
3042,0.100432,-0.060529,0.016164,0.0,-0.033333,0.033333,Bellevue_150th_Newport
3043,0.103398,-0.057798,0.016088,0.0,0.0,0.0,Bellevue_150th_Newport
3044,0.101378,-0.059625,0.016045,0.0,0.0,0.0,Bellevue_150th_Newport
3045,0.102129,-0.058948,0.016192,0.05,-0.016667,0.016667,Bellevue_150th_Newport
3046,0.101062,-0.060034,0.016164,0.0,-0.033333,0.0,Bellevue_150th_Newport
3047,0.101961,-0.058925,0.016114,0.0,-0.033333,0.033333,Bellevue_150th_Newport
3048,0.099293,-0.06159,0.016081,0.0,0.0,0.0,Bellevue_150th_Newport
3049,0.099825,-0.061149,0.016177,0.0,-0.033333,0.0,Bellevue_150th_Newport
3050,0.099409,-0.061403,0.016176,0.0,-0.033333,0.033333,Bellevue_150th_Newport
3051,0.101108,-0.059988,0.016106,0.0,-0.033333,0.0,Bellevue_150th_Newport
3052,0.097959,-0.062739,0.016061,0.0,-0.066667,0.0,Bellevue_150th_Newport
3053,0.099532,-0.061385,0.016191,0.0,-0.066667,0.033333,Bellevue_150th_Newport
3054,0.100345,-0.060702,0.016134,0.0,-0.066667,0.066667,Bellevue_150th_Newport
3055,0.101444,-0.05957,0.016008,0.0,0.0,0.0,Bellevue_150th_Newport
3056,0.099632,-0.061259,0.016094,0.0,-0.1,0.066667,Bellevue_150th_Newport
3057,0.10117,-0.059961,0.016276,0.0,-0.033333,0.0,Bellevue_150th_Newport
3058,0.09984,-0.061154,0.016311,0.0,-0.033333,0.033333,Bellevue_150th_Newport
3059,0.100666,-0.060132,0.016045,0.0,-0.1,0.1,Bellevue_150th_Newport
3060,0.100606,-0.060435,0.016266,0.0,-0.033333,0.0,Bellevue_150th_Newport
3061,0.101105,-0.059908,0.016206,0.0,-0.033333,0.033333,Bellevue_150th_Newport
3062,0.097977,-0.062694,0.016133,0.0,-0.066667,0.033333,Bellevue_150th_Newport
3063,0.199348,0.01605,0.01923,0.6,0.383333,0.05,Bellevue_150th_Newport
3064,0.302097,0.079152,0.029937,0.872222,0.611111,0.25,Bellevue_150th_Newport
3065,0.233121,0.04086,0.022828,0.3,0.083333,0.083333,Bellevue_150th_Newport
3066,0.332523,0.095248,0.034659,0.0,-0.033333,0.0,Bellevue_150th_Newport
3067,0.101267,-0.05961,0.016084,0.033333,0.0,0.0,Bellevue_150th_Newport
3068,0.098315,-0.062621,0.016129,0.0,0.0,0.0,Bellevue_150th_Newport
3069,0.09915,-0.06148,0.01606,0.133333,0.033333,0.0,Bellevue_150th_Newport
3070,0.191164,0.007013,0.019631,0.0,-0.066667,0.066667,Bellevue_150th_Newport
3071,0.100498,-0.060313,0.016114,0.0,-0.133333,0.033333,Bellevue_150th_Newport
3072,0.097923,-0.062786,0.016098,0.0,-0.066667,0.033333,Bellevue_150th_Newport
3073,0.100755,-0.060423,0.016198,0.0,-0.1,0.033333,Bellevue_150th_Newport
3074,0.101,-0.060047,0.016243,0.0,-0.1,0.0,Bellevue_150th_Newport
3075,0.101192,-0.059828,0.016175,0.0,0.0,0.0,Bellevue_150th_Newport
3076,0.099863,-0.061216,0.016285,0.0,-0.133333,0.0,Bellevue_150th_Newport
3077,0.098841,-0.061902,0.016148,0.0,-0.033333,0.0,Bellevue_150th_Newport
3078,0.101196,-0.059897,0.016154,0.0,0.0,0.0,Bellevue_150th_Newport
3079,0.101835,-0.059068,0.01612,0.033333,-0.033333,0.033333,Bellevue_150th_Newport
3080,0.155105,-0.016017,0.019363,0.233333,-0.566667,0.766667,Bellevue_150th_Newport
3081,0.322482,0.082233,0.028806,0.183333,0.066667,0.033333,Bellevue_150th_Newport
3082,0.123511,-0.042185,0.01551,0.0,-0.1,0.0,Bellevue_150th_Newport
3083,0.105643,-0.055738,0.016092,0.033333,-0.066667,0.033333,Bellevue_150th_Newport
3084,0.099599,-0.061153,0.016077,0.0,-0.033333,0.0,Bellevue_150th_Newport
3085,0.101469,-0.059606,0.016113,0.0,-0.066667,0.0,Bellevue_150th_Newport
3086,0.09873,-0.061926,0.016087,0.0,-0.066667,0.066667,Bellevue_150th_Newport
3087,0.102342,-0.058556,0.016033,0.0,-0.1,0.066667,Bellevue_150th_Newport
3088,0.099709,-0.061176,0.016183,0.0,-0.166667,0.133333,Bellevue_150th_Newport
3089,0.098824,-0.061749,0.015946,0.0,-0.133333,0.1,Bellevue_150th_Newport
3090,0.101152,-0.059824,0.016221,0.033333,-0.133333,0.066667,Bellevue_150th_Newport
3091,0.099149,-0.06169,0.016101,0.0,-0.166667,0.133333,Bellevue_150th_Newport
3092,0.098802,-0.061975,0.016343,0.0,-0.033333,0.033333,Bellevue_150th_Newport
3093,0.09828,-0.062341,0.016096,0.033333,-0.1,0.0,Bellevue_150th_Newport
3094,0.099488,-0.061452,0.01618,0.033333,-0.033333,0.033333,Bellevue_150th_Newport
3095,0.101031,-0.059951,0.0162,0.0,-0.033333,0.0,Bellevue_150th_Newport
3096,0.102229,-0.058959,0.016264,0.0,-0.033333,0.033333,Bellevue_150th_Newport
3097,0.101797,-0.059321,0.016229,0.033333,-0.066667,0.0,Bellevue_150th_Newport
3098,0.131782,-0.036166,0.017318,0.1,0.033333,0.033333,Bellevue_150th_Newport
3099,0.294847,0.079447,0.029288,0.038889,-0.177778,0.144444,Bellevue_150th_Newport
3100,0.100703,-0.060344,0.016242,0.0,-0.1,0.066667,Bellevue_150th_Newport
3101,0.101679,-0.059524,0.016266,0.0,-0.1,0.066667,Bellevue_150th_Newport
3102,0.098326,-0.062355,0.016187,0.033333,-0.1,0.066667,Bellevue_150th_Newport
3103,0.102838,-0.058407,0.016148,0.0,-0.066667,0.033333,Bellevue_150th_Newport
3104,0.099117,-0.061742,0.016112,0.0,-0.033333,0.033333,Bellevue_150th_Newport
3105,0.1724,-0.00437,0.018237,0.066667,-0.016667,0.016667,Bellevue_150th_Newport
3106,0.105847,-0.057707,0.015195,0.0,-0.033333,0.033333,Bellevue_150th_Newport
3107,0.103164,-0.057807,0.016033,0.0,-0.066667,0.033333,Bellevue_150th_Newport
3108,0.099444,-0.061307,0.016132,0.0,-0.133333,0.1,Bellevue_150th_Newport
3109,0.121299,-0.043561,0.017146,0.2,0.1,-0.033333,Bellevue_150th_Newport
3110,0.34397,0.102019,0.032496,0.216667,0.116667,-0.033333,Bellevue_150th_Newport
3111,0.233613,0.039291,0.022599,0.0,0.0,0.0,Bellevue_150th_Newport
3112,0.100926,-0.060188,0.016174,0.0,-0.066667,0.0,Bellevue_150th_Newport
3113,0.103922,-0.057594,0.016368,0.0,-0.1,0.1,Bellevue_150th_Newport
3114,0.101039,-0.060074,0.016232,0.0,-0.2,0.1,Bellevue_150th_Newport
3115,0.103218,-0.057917,0.016162,0.0,0.0,0.0,Bellevue_150th_Newport
3116,0.10209,-0.059042,0.016198,0.033333,-0.033333,0.033333,Bellevue_150th_Newport
3117,0.100384,-0.060445,0.016086,0.0,-0.033333,0.033333,Bellevue_150th_Newport
3118,0.103083,-0.05835,0.016243,0.0,-0.066667,0.066667,Bellevue_150th_Newport
3119,0.102078,-0.059119,0.016172,0.0,-0.066667,0.033333,Bellevue_150th_Newport
3120,0.10122,-0.060072,0.016261,0.0,-0.033333,0.0,Bellevue_150th_Newport
3121,0.100465,-0.060528,0.016152,0.0,-0.066667,0.033333,Bellevue_150th_Newport
3122,0.103902,-0.057465,0.016235,0.0,-0.1,0.033333,Bellevue_150th_Newport
3123,0.101491,-0.059313,0.016028,0.0,-0.066667,0.066667,Bellevue_150th_Newport
3124,0.099581,-0.061204,0.016135,0.033333,-0.166667,0.133333,Bellevue_150th_Newport
3125,0.101867,-0.059041,0.016038,0.0,-0.1,0.066667,Bellevue_150th_Newport
3126,0.099516,-0.061321,0.016193,0.033333,-0.133333,0.033333,Bellevue_150th_Newport
3127,0.101309,-0.059767,0.01619,0.0,-0.133333,0.066667,Bellevue_150th_Newport
3128,0.098915,-0.062032,0.016222,0.0,-0.1,0.1,Bellevue_150th_Newport
3129,0.10064,-0.060271,0.016157,0.0,-0.033333,0.033333,Bellevue_150th_Newport
3130,0.09966,-0.061243,0.016113,0.0,-0.033333,0.033333,Bellevue_150th_Newport
3131,0.142351,-0.0272,0.018157,0.033333,-0.033333,0.0,Bellevue_150th_Newport
3132,0.237735,0.044364,0.02405,0.066667,-0.033333,0.1,Bellevue_150th_Newport
3133,0.101743,-0.059445,0.016173,0.0,-0.033333,0.0,Bellevue_150th_Newport
3134,0.101245,-0.059834,0.016243,0.0,0.0,0.0,Bellevue_150th_Newport
3135,0.10168,-0.059473,0.016084,0.0,-0.133333,0.066667,Bellevue_150th_Newport
3136,0.103558,-0.057809,0.016284,0.0,-0.166667,0.1,Bellevue_150th_Newport
3137,0.100477,-0.06053,0.016135,0.0,-0.033333,0.0,Bellevue_150th_Newport
3138,0.100668,-0.060266,0.016089,0.0,-0.066667,0.0,Bellevue_150th_Newport
3139,0.102938,-0.058216,0.016124,0.0,-0.1,0.066667,Bellevue_150th_Newport
3140,0.100883,-0.060146,0.016181,0.0,-0.066667,0.033333,Bellevue_150th_Newport
3141,0.101971,-0.05909,0.016162,0.0,-0.133333,0.1,Bellevue_150th_Newport
3142,0.099614,-0.061258,0.016236,0.0,-0.133333,0.066667,Bellevue_150th_Newport
3143,0.101087,-0.059908,0.016161,0.0,-0.1,0.1,Bellevue_150th_Newport
3144,0.100856,-0.060443,0.016288,0.0,-0.166667,0.1,Bellevue_150th_Newport
3145,0.099037,-0.061858,0.016085,0.0,-0.1,0.066667,Bellevue_150th_Newport
3146,0.102298,-0.05881,0.016172,0.0,-0.033333,0.0,Bellevue_150th_Newport
3147,0.10026,-0.060495,0.015943,0.0,-0.133333,0.066667,Bellevue_150th_Newport
3148,0.10212,-0.058943,0.01609,0.0,-0.2,0.166667,Bellevue_150th_Newport
3149,0.102522,-0.058568,0.015989,0.0,-0.066667,0.066667,Bellevue_150th_Newport
3150,0.101192,-0.059971,0.016101,0.0,-0.033333,0.033333,Bellevue_150th_Newport
3151,0.099521,-0.061179,0.016177,0.0,-0.066667,0.066667,Bellevue_150th_Newport
3152,0.102923,-0.058605,0.016308,0.0,-0.066667,0.066667,Bellevue_150th_Newport
3153,0.099104,-0.061911,0.016175,0.0,-0.2,0.166667,Bellevue_150th_Newport
3154,0.100457,-0.060619,0.01625,0.066667,-0.133333,0.1,Bellevue_150th_Newport
3155,0.104115,-0.057461,0.01622,0.0,-0.066667,0.033333,Bellevue_150th_Newport
3156,0.098682,-0.062078,0.016213,0.0,-0.266667,0.133333,Bellevue_150th_Newport
3157,0.101022,-0.059959,0.016209,0.0,-0.1,0.033333,Bellevue_150th_Newport
3158,0.100731,-0.060512,0.01635,0.0,-0.133333,0.0,Bellevue_150th_Newport
3159,0.102148,-0.058977,0.016236,0.0,-0.233333,0.1,Bellevue_150th_Newport
3160,0.098172,-0.062481,0.016125,0.0,-0.2,0.1,Bellevue_150th_Newport
3161,0.098852,-0.061773,0.016049,0.0,-0.1,0.066667,Bellevue_150th_Newport
3162,0.100118,-0.060703,0.01606,0.0,-0.166667,0.133333,Bellevue_150th_Newport
3163,0.103224,-0.057878,0.016021,0.0,-0.166667,0.1,Bellevue_150th_Newport
3164,0.103764,-0.057576,0.016172,0.0,-0.2,0.033333,Bellevue_150th_Newport
3165,0.104286,-0.057157,0.016224,0.0,-0.166667,0.133333,Bellevue_150th_Newport
3166,0.102189,-0.058982,0.016169,0.0,-0.1,0.033333,Bellevue_150th_Newport
3167,0.099188,-0.061514,0.016015,0.0,-0.133333,0.033333,Bellevue_150th_Newport
3168,0.103029,-0.058315,0.016202,0.0,-0.133333,0.066667,Bellevue_150th_Newport
3169,0.102081,-0.058977,0.016188,0.1,0.0,0.0,Bellevue_150th_Newport
3170,0.100559,-0.060445,0.016267,0.0,-0.1,0.1,Bellevue_150th_Newport
3171,0.100041,-0.060823,0.016227,0.0,-0.133333,0.066667,Bellevue_150th_Newport
3172,0.100804,-0.060341,0.016295,0.0,-0.033333,0.033333,Bellevue_150th_Newport
3173,0.10088,-0.060231,0.016234,0.0,-0.1,0.066667,Bellevue_150th_Newport
3174,0.101765,-0.059546,0.016425,0.033333,-0.2,0.133333,Bellevue_150th_Newport
3175,0.101007,-0.059883,0.016087,0.0,-0.066667,0.033333,Bellevue_150th_Newport
3176,0.101341,-0.059733,0.016121,0.0,-0.2,0.166667,Bellevue_150th_Newport
3177,0.099019,-0.06177,0.016008,0.033333,-0.133333,0.033333,Bellevue_150th_Newport
3178,0.100927,-0.060069,0.016204,0.0,-0.133333,0.066667,Bellevue_150th_Newport
3179,0.102587,-0.058572,0.016188,0.0,-0.133333,0.066667,Bellevue_150th_Newport
3180,0.098963,-0.061937,0.016063,0.0,-0.066667,0.033333,Bellevue_150th_Newport
3181,0.101242,-0.059838,0.016158,0.0,-0.3,0.2,Bellevue_150th_Newport
3182,0.100058,-0.061027,0.016236,0.0,-0.166667,0.133333,Bellevue_150th_Newport
3183,0.101706,-0.059343,0.016136,0.0,-0.1,0.066667,Bellevue_150th_Newport
3184,0.100315,-0.060606,0.01612,0.0,-0.133333,0.066667,Bellevue_150th_Newport
3185,0.104396,-0.057071,0.016188,0.0,-0.066667,0.0,Bellevue_150th_Newport
3186,0.103122,-0.058131,0.016299,0.033333,-0.1,0.033333,Bellevue_150th_Newport
3187,0.112522,-0.050435,0.016892,0.0,0.0,0.0,Bellevue_150th_Newport
3188,0.25444,0.055614,0.025774,0.066667,0.0,0.033333,Bellevue_150th_Newport
3189,0.101654,-0.059555,0.016339,0.0,-0.133333,0.1,Bellevue_150th_Newport
3190,0.099992,-0.061164,0.01628,0.033333,-0.133333,0.133333,Bellevue_150th_Newport
3191,0.102251,-0.058703,0.015971,0.0,-0.033333,0.0,Bellevue_150th_Newport
3192,0.10442,-0.056762,0.016026,0.066667,-0.066667,0.033333,Bellevue_150th_Newport
3193,0.10203,-0.058971,0.016011,0.0,-0.166667,0.133333,Bellevue_150th_Newport
3194,0.102725,-0.058443,0.016008,0.0,-0.033333,0.0,Bellevue_150th_Newport
3195,0.101464,-0.059553,0.016143,0.0,-0.2,0.133333,Bellevue_150th_Newport
3196,0.104719,-0.056572,0.015991,0.0,-0.1,0.033333,Bellevue_150th_Newport
3197,0.105738,-0.055788,0.016062,0.0,-0.133333,0.066667,Bellevue_150th_Newport
3198,0.104011,-0.057092,0.016055,0.0,-0.1,0.1,Bellevue_150th_Newport
3199,0.105164,-0.056278,0.016106,0.05,-0.116667,0.066667,Bellevue_150th_Newport
3200,0.106076,-0.055361,0.016062,0.0,-0.133333,0.066667,Bellevue_150th_Newport
3201,0.104247,-0.057172,0.016167,0.066667,-0.1,0.066667,Bellevue_150th_Newport
3202,0.104302,-0.057043,0.016172,0.0,-0.2,0.033333,Bellevue_150th_Newport
3203,0.104274,-0.057088,0.016075,0.016667,-0.15,0.116667,Bellevue_150th_Newport
3204,0.106116,-0.05521,0.016092,0.033333,-0.133333,0.066667,Bellevue_150th_Newport
3205,0.103063,-0.058076,0.015977,0.0,-0.166667,0.033333,Bellevue_150th_Newport
3206,0.101621,-0.059364,0.016018,0.0,-0.1,0.033333,Bellevue_150th_Newport
3207,0.101595,-0.05932,0.016095,0.0,-0.166667,0.066667,Bellevue_150th_Newport
3208,0.104867,-0.056414,0.016059,0.0,-0.166667,0.133333,Bellevue_150th_Newport
3209,0.102464,-0.058591,0.016116,0.0,-0.166667,0.1,Bellevue_150th_Newport
3210,0.108638,-0.053306,0.016237,0.188889,-0.066667,0.066667,Bellevue_150th_Newport
3211,0.27658,0.063133,0.025714,0.133333,0.033333,0.066667,Bellevue_150th_Newport
3212,0.314247,0.08712,0.027445,0.066667,-0.133333,0.116667,Bellevue_150th_Newport
3213,0.106688,-0.054649,0.015918,0.0,-0.066667,0.066667,Bellevue_150th_Newport
3214,0.107025,-0.054418,0.016181,0.033333,-0.066667,0.0,Bellevue_150th_Newport
3215,0.104296,-0.056948,0.016231,0.033333,-0.133333,0.1,Bellevue_150th_Newport
3216,0.103586,-0.057649,0.016078,0.033333,-0.266667,0.166667,Bellevue_150th_Newport
3217,0.101832,-0.059373,0.016295,0.0,-0.1,0.033333,Bellevue_150th_Newport
3218,0.323235,0.088786,0.026753,0.266667,0.161111,0.0,Bellevue_150th_Newport
3219,0.496992,0.115635,0.054412,0.033333,-0.033333,0.0,Bellevue_150th_Newport
3220,0.194946,0.008157,0.01773,0.0,-0.166667,0.066667,Bellevue_150th_Newport
3221,0.102327,-0.058693,0.016099,0.0,-0.133333,0.133333,Bellevue_150th_Newport
3222,0.10274,-0.058364,0.016,0.033333,-0.066667,0.033333,Bellevue_150th_Newport
3223,0.100711,-0.060344,0.016119,0.033333,-0.166667,0.066667,Bellevue_150th_Newport
3224,0.104907,-0.056475,0.016157,0.0,-0.066667,0.066667,Bellevue_150th_Newport
3225,0.390962,0.120291,0.037157,0.15,-0.05,0.1,Bellevue_150th_Newport
3226,0.314811,0.071601,0.029793,0.05,-0.083333,0.033333,Bellevue_150th_Newport
3227,0.105328,-0.056332,0.016118,0.0,-0.166667,0.066667,Bellevue_150th_Newport
3228,0.104356,-0.056769,0.015993,0.0,-0.166667,0.1,Bellevue_150th_Newport
3229,0.102117,-0.058799,0.016097,0.0,-0.133333,0.133333,Bellevue_150th_Newport
3230,0.126023,-0.039397,0.018014,0.0,0.0,0.0,Bellevue_150th_Newport
3231,0.370563,0.094215,0.028317,0.083333,-0.033333,0.033333,Bellevue_150th_Newport
3232,0.103179,-0.059116,0.015476,0.0,-0.066667,0.033333,Bellevue_150th_Newport
3233,0.099703,-0.061369,0.016182,0.0,0.0,0.0,Bellevue_150th_Newport
3234,0.103629,-0.057642,0.016248,0.0,0.0,0.0,Bellevue_150th_Newport
3235,0.102033,-0.059133,0.016231,0.0,-0.1,0.066667,Bellevue_150th_Newport
3236,0.101052,-0.059825,0.016085,0.0,-0.066667,0.033333,Bellevue_150th_Newport
3237,0.101409,-0.059526,0.016063,0.0,-0.066667,0.066667,Bellevue_150th_Newport
3238,0.104602,-0.056819,0.016141,0.0,-0.266667,0.2,Bellevue_150th_Newport
3239,0.101988,-0.05902,0.01621,0.033333,-0.133333,0.0,Bellevue_150th_Newport
3240,0.102859,-0.058179,0.016016,0.033333,-0.066667,0.033333,Bellevue_150th_Newport
3241,0.10226,-0.058827,0.016235,0.0,-0.233333,0.133333,Bellevue_150th_Newport
3242,0.101881,-0.059319,0.016242,0.0,-0.1,0.066667,Bellevue_150th_Newport
3243,0.102683,-0.058758,0.016274,0.0,-0.066667,0.066667,Bellevue_150th_Newport
3244,0.102838,-0.058239,0.015913,0.0,-0.266667,0.166667,Bellevue_150th_Newport
3245,0.102972,-0.058268,0.016125,0.0,-0.166667,0.1,Bellevue_150th_Newport
3246,0.102309,-0.058691,0.016052,0.0,-0.2,0.066667,Bellevue_150th_Newport
3247,0.102135,-0.059067,0.016111,0.0,-0.166667,0.066667,Bellevue_150th_Newport
3248,0.104149,-0.057177,0.016174,0.083333,0.0,0.033333,Bellevue_150th_Newport
3249,0.220416,0.031946,0.022468,0.1,-0.033333,0.0,Bellevue_150th_Newport
3250,0.105534,-0.056014,0.016227,0.0,-0.1,0.1,Bellevue_150th_Newport
3251,0.102364,-0.058628,0.016003,0.0,0.0,0.0,Bellevue_150th_Newport
3252,0.103917,-0.057118,0.015955,0.0,-0.066667,0.0,Bellevue_150th_Newport
3253,0.101297,-0.059625,0.016027,0.0,-0.166667,0.033333,Bellevue_150th_Newport
3254,0.104048,-0.05712,0.01616,0.0,-0.2,0.033333,Bellevue_150th_Newport
3255,0.101986,-0.059238,0.016179,0.0,-0.066667,0.033333,Bellevue_150th_Newport
3256,0.102383,-0.058882,0.016068,0.0,0.0,0.0,Bellevue_150th_Newport
3257,0.103522,-0.058105,0.016372,0.0,-0.166667,0.033333,Bellevue_150th_Newport
3258,0.103496,-0.057755,0.016231,0.0,-0.166667,0.1,Bellevue_150th_Newport
3259,0.102668,-0.058692,0.016238,0.016667,-0.15,0.066667,Bellevue_150th_Newport
3260,0.104163,-0.056979,0.016143,0.1,-0.133333,0.133333,Bellevue_150th_Newport
3261,0.247447,0.049487,0.023993,0.066667,0.033333,0.0,Bellevue_150th_Newport
3262,0.127218,-0.03909,0.015397,0.066667,0.016667,-0.033333,Bellevue_150th_Newport
3263,0.197636,0.013114,0.019273,0.0,-0.233333,0.066667,Bellevue_150th_Newport
3264,0.103689,-0.057594,0.016084,0.0,-0.2,0.133333,Bellevue_150th_Newport
3265,0.103797,-0.057645,0.016254,0.166667,-0.066667,0.0,Bellevue_150th_Newport
3266,0.216092,0.027315,0.020428,0.133333,-0.05,0.066667,Bellevue_150th_Newport
3267,0.115248,-0.048058,0.01586,0.0,-0.166667,0.1,Bellevue_150th_Newport
3268,0.107357,-0.054263,0.016097,0.0,-0.066667,0.066667,Bellevue_150th_Newport
3269,0.103714,-0.057485,0.016081,0.1,-0.133333,0.05,Bellevue_150th_Newport
3270,0.228687,0.037582,0.022901,0.283333,0.05,0.016667,Bellevue_150th_Newport
3271,0.112855,-0.049937,0.015723,0.0,-0.2,0.0,Bellevue_150th_Newport
3272,0.104542,-0.056851,0.016102,0.083333,-0.25,0.133333,Bellevue_150th_Newport
3273,0.357998,0.108549,0.035495,0.483333,0.15,0.166667,Bellevue_150th_Newport
3274,0.218403,0.027972,0.021526,0.033333,0.033333,0.0,Bellevue_150th_Newport
3275,0.197508,0.0134,0.019387,0.0,-0.233333,0.066667,Bellevue_150th_Newport
3276,0.10379,-0.057541,0.016085,0.0,-0.266667,0.1,Bellevue_150th_Newport
3277,0.100774,-0.060308,0.016133,0.033333,-0.166667,0.1,Bellevue_150th_Newport
3278,0.105224,-0.056238,0.0162,0.0,-0.2,0.133333,Bellevue_150th_Newport
3279,0.106068,-0.055544,0.016244,0.0,-0.233333,0.133333,Bellevue_150th_Newport
3280,0.103456,-0.057763,0.016023,0.0,-0.166667,0.033333,Bellevue_150th_Newport
3281,0.115335,-0.048562,0.017048,0.1,-0.066667,-0.033333,Bellevue_150th_Newport
3282,0.203004,0.019131,0.019781,0.45,0.1,0.033333,Bellevue_150th_Newport
3283,0.328458,0.090568,0.032528,0.0,0.0,0.0,Bellevue_150th_Newport
3284,0.118487,-0.048238,0.015455,0.0,0.0,0.0,Bellevue_150th_Newport
3285,0.104644,-0.056721,0.016264,0.0,-0.2,0.166667,Bellevue_150th_Newport
3286,0.106909,-0.054661,0.016206,0.0,-0.133333,0.1,Bellevue_150th_Newport
3287,0.101893,-0.059163,0.016248,0.0,-0.133333,0.066667,Bellevue_150th_Newport
3288,0.105326,-0.056078,0.016238,0.0,-0.133333,0.1,Bellevue_150th_Newport
3289,0.10237,-0.058875,0.016214,0.033333,-0.133333,0.133333,Bellevue_150th_Newport
3290,0.214526,0.027272,0.020911,0.316667,0.2,0.033333,Bellevue_150th_Newport
3291,0.276417,0.065132,0.025864,0.0,-0.033333,0.0,Bellevue_150th_Newport
3292,0.110486,-0.052357,0.015844,0.0,-0.266667,0.133333,Bellevue_150th_Newport
3293,0.101971,-0.059194,0.016162,0.266667,-0.0,0.1,Bellevue_150th_Newport
3294,0.41803,0.132423,0.037244,0.355556,0.233333,0.0,Bellevue_150th_Newport
3295,0.224919,0.030347,0.021886,0.0,-0.166667,0.066667,Bellevue_150th_Newport
3296,0.103952,-0.057404,0.016252,0.033333,-0.1,0.033333,Bellevue_150th_Newport
3297,0.104975,-0.056607,0.016368,0.0,-0.166667,0.1,Bellevue_150th_Newport
3298,0.104151,-0.057346,0.016189,0.0,-0.233333,0.133333,Bellevue_150th_Newport
3299,0.101831,-0.059474,0.016205,0.0,-0.233333,0.066667,Bellevue_150th_Newport
3300,0.105791,-0.055798,0.016252,0.0,-0.066667,0.033333,Bellevue_150th_Newport
3301,0.101128,-0.060043,0.01613,0.0,-0.1,0.033333,Bellevue_150th_Newport
3302,0.104691,-0.056698,0.016175,0.0,-0.266667,0.266667,Bellevue_150th_Newport
3303,0.106129,-0.055548,0.016294,0.0,-0.2,0.166667,Bellevue_150th_Newport
3304,0.107386,-0.054364,0.016193,0.0,-0.1,0.066667,Bellevue_150th_Newport
3305,0.106399,-0.055421,0.016302,0.25,-0.016667,0.033333,Bellevue_150th_Newport
3306,0.214169,0.023942,0.019905,0.2,0.1,-0.033333,Bellevue_150th_Newport
3307,0.232313,0.039269,0.022581,0.516667,0.183333,-0.033333,Bellevue_150th_Newport
3308,0.361398,0.104488,0.03343,0.1,-0.033333,0.05,Bellevue_150th_Newport
3309,0.109447,-0.054108,0.015687,0.0,-0.1,0.033333,Bellevue_150th_Newport
3310,0.10509,-0.056175,0.016107,0.0,-0.066667,0.0,Bellevue_150th_Newport
3311,0.104671,-0.056648,0.016299,0.066667,-0.3,0.15,Bellevue_150th_Newport
3312,0.210878,0.026319,0.021458,0.044444,0.022222,0.0,Bellevue_150th_Newport
3313,0.323521,0.085607,0.031325,0.033333,-0.1,0.066667,Bellevue_150th_Newport
3314,0.105292,-0.056187,0.016173,0.0,-0.133333,0.066667,Bellevue_150th_Newport
3315,0.103567,-0.057795,0.016237,0.033333,-0.2,0.066667,Bellevue_150th_Newport
3316,0.103271,-0.057992,0.01617,0.0,-0.033333,0.033333,Bellevue_150th_Newport
3317,0.103218,-0.058233,0.016262,0.0,-0.066667,0.0,Bellevue_150th_Newport
3318,0.103816,-0.057386,0.016252,0.0,-0.066667,0.0,Bellevue_150th_Newport
3319,0.102134,-0.059019,0.016155,0.0,-0.066667,0.033333,Bellevue_150th_Newport
3320,0.103703,-0.057182,0.016047,0.0,-0.133333,0.1,Bellevue_150th_Newport
3321,0.105866,-0.055681,0.016357,0.0,-0.133333,0.1,Bellevue_150th_Newport
3322,0.103068,-0.058015,0.016168,0.0,-0.066667,0.033333,Bellevue_150th_Newport
3323,0.105584,-0.055952,0.016156,0.0,-0.133333,0.033333,Bellevue_150th_Newport
3324,0.102858,-0.058234,0.016104,0.0,-0.366667,0.133333,Bellevue_150th_Newport
3325,0.104107,-0.057423,0.016275,0.0,-0.166667,0.0,Bellevue_150th_Newport
3326,0.104244,-0.057112,0.016271,0.0,-0.066667,0.066667,Bellevue_150th_Newport
3327,0.10323,-0.057921,0.016277,0.0,-0.1,0.066667,Bellevue_150th_Newport
3328,0.105628,-0.056064,0.01631,0.0,-0.1,0.066667,Bellevue_150th_Newport
3329,0.101638,-0.059534,0.016244,0.033333,-0.133333,0.133333,Bellevue_150th_Newport
3330,0.105581,-0.056012,0.016404,0.066667,-0.133333,0.066667,Bellevue_150th_Newport
3331,0.10498,-0.05643,0.016295,0.0,-0.233333,0.1,Bellevue_150th_Newport
3332,0.107495,-0.054005,0.016236,0.133333,-0.116667,0.033333,Bellevue_150th_Newport
3333,0.206078,0.020794,0.020715,0.033333,-0.2,0.033333,Bellevue_150th_Newport
3334,0.333192,0.094522,0.03088,0.366667,0.2,-0.033333,Bellevue_150th_Newport
3335,0.121691,-0.043183,0.01548,0.0,-0.066667,0.033333,Bellevue_150th_Newport
3336,0.104472,-0.056998,0.016164,0.0,-0.2,0.066667,Bellevue_150th_Newport
3337,0.175751,1.7e-05,0.022172,0.033333,0.0,0.0,Bellevue_150th_Newport
3338,0.106528,-0.055185,0.016208,0.0,-0.233333,0.133333,Bellevue_150th_Newport
3339,0.103761,-0.057631,0.016321,0.016667,-0.1,0.066667,Bellevue_150th_Newport
3340,0.203988,0.01967,0.019771,0.333333,0.05,0.166667,Bellevue_150th_Newport
3341,0.107993,-0.055417,0.015904,0.0,-0.2,0.133333,Bellevue_150th_Newport
3342,0.102382,-0.058929,0.016259,0.0,-0.166667,0.1,Bellevue_150th_Newport
3343,0.106349,-0.055552,0.016417,0.016667,-0.216667,0.1,Bellevue_150th_Newport
3344,0.104474,-0.057116,0.016315,0.033333,-0.433333,0.2,Bellevue_150th_Newport
3345,0.100087,-0.060859,0.016171,0.0,-0.066667,0.066667,Bellevue_150th_Newport
3346,0.104655,-0.056878,0.016328,0.033333,-0.233333,0.066667,Bellevue_150th_Newport
3347,0.103526,-0.057779,0.016357,0.0,-0.066667,0.033333,Bellevue_150th_Newport
3348,0.107239,-0.054337,0.016176,0.0,-0.066667,0.066667,Bellevue_150th_Newport
3349,0.102586,-0.058402,0.016136,0.0,-0.066667,0.033333,Bellevue_150th_Newport
3350,0.104426,-0.056965,0.016135,0.0,-0.1,0.0,Bellevue_150th_Newport
3351,0.104221,-0.057178,0.016185,0.1,-0.2,0.066667,Bellevue_150th_Newport
3352,0.105121,-0.056363,0.016284,0.0,-0.1,0.033333,Bellevue_150th_Newport
3353,0.105583,-0.055909,0.016298,0.0,-0.233333,0.166667,Bellevue_150th_Newport
3354,0.104608,-0.056628,0.016154,0.016667,-0.183333,0.066667,Bellevue_150th_Newport
3355,0.103143,-0.058202,0.016301,0.0,-0.066667,0.033333,Bellevue_150th_Newport
3356,0.099867,-0.060762,0.01611,0.0,-0.133333,0.033333,Bellevue_150th_Newport
3357,0.150109,-0.021295,0.01956,0.0,0.0,0.0,Bellevue_150th_Newport
3358,0.200128,0.016819,0.019837,0.2,0.033333,-0.05,Bellevue_150th_Newport
3359,0.127168,-0.040807,0.015943,0.0,-0.066667,0.0,Bellevue_150th_Newport
3360,0.102853,-0.058264,0.016117,0.0,-0.033333,0.033333,Bellevue_150th_Newport
3361,0.103379,-0.057939,0.016285,0.0,-0.1,0.033333,Bellevue_150th_Newport
3362,0.103158,-0.057892,0.016229,0.0,-0.066667,0.0,Bellevue_150th_Newport
3363,0.102836,-0.058408,0.016146,0.033333,-0.1,0.066667,Bellevue_150th_Newport
3364,0.107332,-0.054448,0.016326,0.033333,-0.2,0.133333,Bellevue_150th_Newport
3365,0.104287,-0.057268,0.016201,0.0,-0.233333,0.066667,Bellevue_150th_Newport
3366,0.103593,-0.057691,0.016189,0.0,-0.066667,0.033333,Bellevue_150th_Newport
3367,0.102516,-0.058814,0.016287,0.0,-0.066667,0.066667,Bellevue_150th_Newport
3368,0.105546,-0.0561,0.016194,0.0,-0.2,0.033333,Bellevue_150th_Newport
3369,0.102925,-0.05853,0.016276,0.0,-0.2,0.1,Bellevue_150th_Newport
3370,0.104692,-0.056883,0.016275,0.0,-0.1,0.033333,Bellevue_150th_Newport
3371,0.105382,-0.056172,0.016322,0.0,-0.133333,0.0,Bellevue_150th_Newport
3372,0.105064,-0.056296,0.016022,0.0,-0.066667,0.0,Bellevue_150th_Newport
3373,0.104789,-0.05673,0.016303,0.033333,-0.066667,0.033333,Bellevue_150th_Newport
3374,0.29283,0.078645,0.031301,0.322222,0.1,0.0,Bellevue_150th_Newport
3375,0.223021,0.030561,0.021489,0.0,-0.033333,0.0,Bellevue_150th_Newport
3376,0.205785,0.019715,0.019699,0.116667,0.033333,0.0,Bellevue_150th_Newport
3377,0.103531,-0.059202,0.015636,0.033333,-0.033333,0.033333,Bellevue_150th_Newport
3378,0.10207,-0.059031,0.016119,0.0,-0.166667,0.033333,Bellevue_150th_Newport
3379,0.099883,-0.061083,0.01604,0.033333,-0.1,0.066667,Bellevue_150th_Newport
3380,0.105064,-0.056433,0.016168,0.0,-0.1,0.033333,Bellevue_150th_Newport
3381,0.103024,-0.058445,0.016234,0.033333,-0.133333,0.066667,Bellevue_150th_Newport
3382,0.103755,-0.057707,0.01633,0.35,-0.0,0.116667,Bellevue_150th_Newport
3383,0.267138,0.05622,0.025589,0.0,-0.033333,0.0,Bellevue_150th_Newport
3384,0.113896,-0.049185,0.016954,0.033333,0.033333,0.0,Bellevue_150th_Newport
3385,0.232546,0.0409,0.024667,0.55,-0.083333,0.216667,Bellevue_150th_Newport
3386,0.423338,0.134596,0.03841,0.183333,-0.033333,0.0,Bellevue_150th_Newport
3387,0.134883,-0.034245,0.015804,0.0,-0.133333,0.0,Bellevue_150th_Newport
3388,0.109202,-0.052686,0.016201,0.0,-0.166667,0.0,Bellevue_150th_Newport
3389,0.104581,-0.056811,0.016044,0.0,-0.033333,0.033333,Bellevue_150th_Newport
3390,0.197774,0.014823,0.019703,0.183333,0.033333,0.033333,Bellevue_150th_Newport
3391,0.183264,0.004706,0.019362,0.1,-0.216667,-0.016667,Bellevue_150th_Newport
3392,0.285677,0.063452,0.025235,0.2,0.05,0.0,Bellevue_150th_Newport
3393,0.122175,-0.043041,0.015487,0.0,-0.133333,0.033333,Bellevue_150th_Newport
3394,0.104489,-0.056963,0.016414,0.0,-0.133333,0.0,Bellevue_150th_Newport
3395,0.103905,-0.057637,0.016345,0.0,-0.2,0.166667,Bellevue_150th_Newport
3396,0.102868,-0.05836,0.016209,0.0,-0.133333,0.033333,Bellevue_150th_Newport
3397,0.103485,-0.05803,0.016281,0.0,-0.033333,0.0,Bellevue_150th_Newport
3398,0.202209,0.018423,0.020324,0.266667,0.083333,0.0,Bellevue_150th_Newport
3399,0.109483,-0.05351,0.015989,0.0,-0.1,0.1,Bellevue_150th_Newport
3400,0.202824,0.018114,0.02102,0.283333,0.066667,0.033333,Bellevue_150th_Newport
3401,0.240879,0.044791,0.025334,0.066667,0.0,0.0,Bellevue_150th_Newport
3402,0.194158,0.006409,0.018874,0.0,-0.1,0.0,Bellevue_150th_Newport
3403,0.10364,-0.057784,0.016352,0.0,-0.166667,0.066667,Bellevue_150th_Newport
3404,0.104683,-0.056865,0.016339,0.366667,0.1,0.066667,Bellevue_150th_Newport
3405,0.187544,0.00326,0.016356,0.0,-0.133333,0.033333,Bellevue_150th_Newport
3406,0.104111,-0.057362,0.016199,0.0,-0.1,0.066667,Bellevue_150th_Newport
3407,0.103334,-0.058025,0.016327,0.0,-0.1,0.066667,Bellevue_150th_Newport
3408,0.105987,-0.055565,0.016219,0.033333,-0.033333,0.033333,Bellevue_150th_Newport
3409,0.103115,-0.058185,0.016286,0.0,-0.1,0.033333,Bellevue_150th_Newport
3410,0.104304,-0.05728,0.016233,0.066667,-0.2,0.0,Bellevue_150th_Newport
3411,0.21703,0.02877,0.022975,0.316667,0.083333,0.05,Bellevue_150th_Newport
3412,0.168398,-0.011929,0.012159,0.016667,-0.033333,0.033333,Bellevue_150th_Newport
3413,0.12914,-0.038262,0.014107,0.0,-0.1,0.033333,Bellevue_150th_Newport
3414,0.121898,-0.043298,0.014642,0.0,-0.133333,0.066667,Bellevue_150th_Newport
3415,0.12036,-0.044641,0.014717,0.033333,-0.066667,0.033333,Bellevue_150th_Newport
3416,0.206691,0.019901,0.01961,0.75,0.2,0.133333,Bellevue_150th_Newport
3417,0.288732,0.072157,0.028323,0.033333,-0.033333,0.0,Bellevue_150th_Newport
3418,0.107285,-0.054472,0.015951,0.033333,-0.1,0.0,Bellevue_150th_Newport
3419,0.105441,-0.05587,0.016127,0.0,-0.033333,0.0,Bellevue_150th_Newport
3420,0.10301,-0.058121,0.016064,0.0,-0.133333,0.066667,Bellevue_150th_Newport
3421,0.108512,-0.05338,0.016191,0.0,-0.133333,0.066667,Bellevue_150th_Newport
3422,0.104174,-0.057142,0.016093,0.0,-0.233333,0.066667,Bellevue_150th_Newport
3423,0.109182,-0.052851,0.016211,0.033333,-0.066667,0.0,Bellevue_150th_Newport
3424,0.10798,-0.053665,0.016189,0.0,-0.066667,0.033333,Bellevue_150th_Newport
3425,0.107566,-0.053941,0.015958,0.0,-0.1,0.066667,Bellevue_150th_Newport
3426,0.105321,-0.056131,0.016177,0.0,-0.166667,0.0,Bellevue_150th_Newport
3427,0.142597,-0.026005,0.018762,0.116667,-0.183333,0.05,Bellevue_150th_Newport
3428,0.225837,0.031295,0.02148,0.066667,-0.3,0.166667,Bellevue_150th_Newport
3429,0.147827,-0.022979,0.015227,0.033333,-0.133333,0.066667,Bellevue_150th_Newport
3430,0.136547,-0.03168,0.01769,0.316667,0.116667,0.016667,Bellevue_150th_Newport
3431,0.284552,0.067933,0.026229,0.15,0.05,0.05,Bellevue_150th_Newport
3432,0.11285,-0.049587,0.016011,0.0,-0.1,0.1,Bellevue_150th_Newport
3433,0.106186,-0.055176,0.016084,0.0,-0.166667,0.033333,Bellevue_150th_Newport
3434,0.104598,-0.05658,0.016048,0.0,-0.166667,0.033333,Bellevue_150th_Newport
3435,0.10478,-0.05644,0.016206,0.0,-0.2,0.066667,Bellevue_150th_Newport
3436,0.107179,-0.054476,0.016237,0.0,-0.2,0.066667,Bellevue_150th_Newport
3437,0.109826,-0.052009,0.016113,0.033333,-0.3,0.133333,Bellevue_150th_Newport
3438,0.106058,-0.055373,0.016159,0.0,-0.133333,0.033333,Bellevue_150th_Newport
3439,0.108027,-0.053525,0.016101,0.0,-0.1,0.033333,Bellevue_150th_Newport
3440,0.107097,-0.054479,0.016124,0.0,-0.166667,0.0,Bellevue_150th_Newport
3441,0.106711,-0.054831,0.016147,0.033333,-0.266667,0.1,Bellevue_150th_Newport
3442,0.106075,-0.055461,0.016258,0.216667,0.033333,0.033333,Bellevue_150th_Newport
3443,0.172196,-0.005651,0.016603,0.0,-0.066667,0.0,Bellevue_150th_Newport
3444,0.188063,0.007915,0.019975,0.116667,0.0,0.033333,Bellevue_150th_Newport
3445,0.20317,0.019305,0.019992,0.133333,0.0,0.0,Bellevue_150th_Newport
3446,0.122026,-0.047338,0.015133,0.216667,-0.016667,-0.05,Bellevue_150th_Newport
3447,0.227709,0.034029,0.022429,0.0,-0.166667,0.033333,Bellevue_150th_Newport
3448,0.102311,-0.058869,0.016362,0.033333,-0.2,0.033333,Bellevue_150th_Newport
3449,0.105471,-0.056094,0.016231,0.216667,-0.066667,0.033333,Bellevue_150th_Newport
3450,0.219239,0.028624,0.021706,0.133333,0.05,0.0,Bellevue_150th_Newport
3451,0.10767,-0.054379,0.016074,0.0,-0.2,0.033333,Bellevue_150th_Newport
3452,0.10437,-0.057161,0.016116,0.0,-0.166667,0.0,Bellevue_150th_Newport
3453,0.104084,-0.057179,0.016088,0.033333,-0.133333,0.1,Bellevue_150th_Newport
3454,0.105106,-0.056591,0.016243,0.0,-0.233333,0.066667,Bellevue_150th_Newport
3455,0.104912,-0.056571,0.016183,0.033333,-0.1,0.033333,Bellevue_150th_Newport
3456,0.105044,-0.056569,0.016198,0.033333,-0.166667,0.033333,Bellevue_150th_Newport
3457,0.345939,0.10432,0.03476,0.316667,0.083333,0.116667,Bellevue_150th_Newport
3458,0.194166,0.011719,0.01937,0.033333,-0.033333,0.0,Bellevue_150th_Newport
3459,0.214949,0.026294,0.020486,0.188889,0.033333,0.033333,Bellevue_150th_Newport
3460,0.317874,0.086927,0.033349,0.0,0.0,0.0,Bellevue_150th_Newport
3461,0.122623,-0.045214,0.015607,0.0,-0.1,0.033333,Bellevue_150th_Newport
3462,0.104659,-0.057173,0.016212,0.0,-0.2,0.066667,Bellevue_150th_Newport
3463,0.102666,-0.058904,0.016202,0.033333,-0.133333,0.0,Bellevue_150th_Newport
3464,0.106275,-0.055624,0.016462,0.133333,-0.066667,0.05,Bellevue_150th_Newport
3465,0.244346,0.047253,0.022714,0.25,0.1,0.033333,Bellevue_150th_Newport
3466,0.112073,-0.05087,0.016069,0.0,-0.066667,0.033333,Bellevue_150th_Newport
3467,0.108113,-0.05414,0.016283,0.0,-0.1,0.033333,Bellevue_150th_Newport
3468,0.105968,-0.056024,0.016252,0.0,-0.166667,0.033333,Bellevue_150th_Newport
3469,0.105694,-0.056085,0.016183,0.0,-0.1,0.033333,Bellevue_150th_Newport
3470,0.105485,-0.05645,0.016317,0.0,-0.1,0.066667,Bellevue_150th_Newport
3471,0.240339,0.039614,0.022085,0.283333,0.066667,0.033333,Bellevue_150th_Newport
3472,0.263084,0.056442,0.027335,0.033333,0.0,0.0,Bellevue_150th_Newport
3473,0.210379,0.017999,0.01979,0.216667,0.066667,0.033333,Bellevue_150th_Newport
3474,0.231139,0.036444,0.022985,0.266667,0.1,-0.033333,Bellevue_150th_Newport
3475,0.250079,0.044519,0.022684,0.1,0.1,0.0,Bellevue_150th_Newport
3476,0.111341,-0.051544,0.016137,0.05,-0.116667,0.066667,Bellevue_150th_Newport
3477,0.108055,-0.054006,0.016236,0.0,0.0,0.0,Bellevue_150th_Newport
3478,0.109201,-0.053344,0.016234,0.0,-0.133333,0.066667,Bellevue_150th_Newport
3479,0.110535,-0.052115,0.016302,0.033333,-0.033333,0.033333,Bellevue_150th_Newport
3480,0.107146,-0.055306,0.01636,0.033333,-0.2,0.133333,Bellevue_150th_Newport
3481,0.10829,-0.05413,0.016241,0.0,0.0,0.0,Bellevue_150th_Newport
3482,0.104144,-0.057637,0.016369,0.0,-0.1,0.066667,Bellevue_150th_Newport
3483,0.10552,-0.056589,0.016277,0.033333,-0.133333,0.066667,Bellevue_150th_Newport
3484,0.228898,0.037242,0.022571,0.433333,0.216667,0.0,Bellevue_150th_Newport
3485,0.347269,0.09718,0.032901,0.116667,0.0,0.033333,Bellevue_150th_Newport
3486,0.225767,0.031288,0.023249,0.2,0.1,0.0,Bellevue_150th_Newport
3487,0.146789,-0.029031,0.016291,0.1,0.0,-0.033333,Bellevue_150th_Newport
3488,0.324395,0.089028,0.029408,0.083333,0.05,0.0,Bellevue_150th_Newport
3489,0.125012,-0.040019,0.015844,0.3,-0.033333,0.033333,Bellevue_150th_Newport
3490,0.194101,0.007012,0.019144,0.066667,0.033333,-0.033333,Bellevue_150th_Newport
3491,0.107124,-0.055244,0.016234,0.0,-0.133333,0.033333,Bellevue_150th_Newport
3492,0.10463,-0.057118,0.016221,0.0,0.0,0.0,Bellevue_150th_Newport
3493,0.105026,-0.056455,0.01617,0.033333,-0.016667,0.0,Bellevue_150th_Newport
3494,0.114531,-0.049648,0.015883,0.0,-0.1,0.0,Bellevue_150th_Newport
3495,0.10493,-0.056659,0.016201,0.066667,0.0,0.0,Bellevue_150th_Newport
3496,0.274792,0.066125,0.031926,0.033333,0.0,0.033333,Bellevue_150th_Newport
3497,0.154412,-0.017233,0.018659,0.687778,0.113889,-0.037778,Bellevue_150th_Newport
3498,0.438889,0.129854,0.035824,0.166667,0.066667,-0.016667,Bellevue_150th_Newport
3499,0.12082,-0.045298,0.015869,0.116667,0.0,0.0,Bellevue_150th_Newport
3500,0.196398,0.008606,0.017693,0.016667,-0.15,0.0,Bellevue_150th_Newport
3501,0.103722,-0.057994,0.016294,0.05,0.033333,0.0,Bellevue_150th_Newport
3502,0.168565,-0.009568,0.017039,0.183333,0.066667,-0.066667,Bellevue_150th_Newport
3503,0.265318,0.058143,0.027252,0.275,0.113889,0.027778,Bellevue_150th_Newport
3504,0.39163,0.120422,0.03822,0.133333,0.033333,0.0,Bellevue_150th_Newport
3505,0.217298,0.02445,0.021706,0.0,-0.133333,0.033333,Bellevue_150th_Newport
3506,0.102723,-0.059011,0.016416,0.0,-0.266667,0.1,Bellevue_150th_Newport
3507,0.102181,-0.059597,0.016424,0.0,-0.1,0.0,Bellevue_150th_Newport
3508,0.207546,0.019162,0.020217,0.2,0.016667,-0.033333,Bellevue_150th_Newport
3509,0.209769,0.02114,0.020558,0.066667,0.0,0.033333,Bellevue_150th_Newport
3510,0.209606,0.023212,0.02085,0.033333,-0.066667,0.033333,Bellevue_150th_Newport
3511,0.105981,-0.056208,0.016484,0.033333,-0.166667,0.0,Bellevue_150th_Newport
3512,0.427242,0.137307,0.042053,0.472222,0.216667,-0.016667,Bellevue_150th_Newport
3513,0.330331,0.089973,0.03245,0.233333,0.133333,0.066667,Bellevue_150th_Newport
3514,0.14802,-0.026191,0.016197,0.0,-0.1,0.0,Bellevue_150th_Newport
3515,0.099954,-0.06153,0.016402,0.0,-0.2,0.0,Bellevue_150th_Newport
3516,0.10416,-0.057894,0.016566,0.2,0.0,0.0,Bellevue_150th_Newport
3517,0.27357,0.062477,0.026015,0.333333,0.2,0.0,Bellevue_150th_Newport
3518,0.113399,-0.050371,0.015968,0.0,-0.266667,0.066667,Bellevue_150th_Newport
3519,0.102768,-0.058895,0.016178,0.0,-0.066667,0.033333,Bellevue_150th_Newport
3520,0.103773,-0.058239,0.016433,0.033333,-0.033333,0.033333,Bellevue_150th_Newport
3521,0.103636,-0.058097,0.016338,0.0,-0.3,0.066667,Bellevue_150th_Newport
3522,0.101107,-0.060401,0.016397,0.0,-0.233333,0.1,Bellevue_150th_Newport
3523,0.102675,-0.059031,0.016327,0.236111,-0.055556,0.05,Bellevue_150th_Newport
3524,0.323203,0.092569,0.035445,0.238889,0.111111,0.027778,Bellevue_150th_Newport
3525,0.346871,0.096215,0.034313,0.216667,0.116667,0.016667,Bellevue_150th_Newport
3526,0.130538,-0.037843,0.015903,0.0,-0.233333,0.066667,Bellevue_150th_Newport
3527,0.103401,-0.058648,0.016635,0.05,-0.15,0.05,Bellevue_150th_Newport
3528,0.437542,0.139431,0.044825,0.316667,0.183333,0.016667,Bellevue_150th_Newport
3529,0.137107,-0.032477,0.015802,0.0,-0.066667,0.0,Bellevue_150th_Newport
3530,0.104307,-0.057842,0.016537,0.033333,-0.066667,0.0,Bellevue_150th_Newport
3531,0.314008,0.085204,0.030125,0.233333,0.15,-0.033333,Bellevue_150th_Newport
3532,0.293414,0.073505,0.027872,0.383333,0.144444,0.0,Bellevue_150th_Newport
3533,0.449197,0.143208,0.041774,0.166667,0.033333,0.1,Bellevue_150th_Newport
3534,0.161443,-0.016609,0.016519,0.033333,-0.233333,0.066667,Bellevue_150th_Newport
3535,0.107073,-0.055203,0.016516,0.0,-0.266667,0.166667,Bellevue_150th_Newport
3536,0.104469,-0.057622,0.016315,0.066667,0.033333,0.0,Bellevue_150th_Newport
3537,0.121042,-0.043959,0.015884,0.1,0.033333,0.0,Bellevue_150th_Newport
3538,0.195202,0.009863,0.019818,0.35,0.216667,-0.066667,Bellevue_150th_Newport
3539,0.286869,0.068639,0.026855,0.166667,0.133333,-0.066667,Bellevue_150th_Newport
3540,0.102095,-0.060078,0.016483,0.016667,-0.25,0.1,Bellevue_150th_Newport
3541,0.106882,-0.055501,0.016565,0.2,-0.116667,0.116667,Bellevue_150th_Newport
3542,0.306379,0.079476,0.028459,0.683333,0.25,0.4,Bellevue_150th_Newport
3543,0.4001,0.116295,0.034595,0.066667,-0.016667,0.0,Bellevue_150th_Newport
3544,0.115843,-0.048556,0.015964,0.033333,-0.133333,0.133333,Bellevue_150th_Newport
3545,0.103356,-0.058361,0.016326,0.0,-0.333333,0.233333,Bellevue_150th_Newport
3546,0.103072,-0.058819,0.016441,0.0,-0.1,0.033333,Bellevue_150th_Newport
3547,0.104597,-0.057387,0.016308,0.0,-0.1,0.033333,Bellevue_150th_Newport
3548,0.103519,-0.058555,0.016378,0.0,-0.166667,0.066667,Bellevue_150th_Newport
3549,0.151883,-0.02028,0.019856,0.333333,0.033333,0.166667,Bellevue_150th_Newport
3550,0.133099,-0.035909,0.016053,0.033333,-0.166667,0.066667,Bellevue_150th_Newport
3551,0.102826,-0.059167,0.016399,0.0,-0.2,0.066667,Bellevue_150th_Newport
3552,0.102212,-0.059674,0.016544,0.0,-0.1,0.0,Bellevue_150th_Newport
3553,0.10337,-0.058636,0.016542,0.0,-0.133333,0.0,Bellevue_150th_Newport
3554,0.103995,-0.058201,0.01651,0.066667,-0.1,0.033333,Bellevue_150th_Newport
3555,0.322655,0.09032,0.034127,0.7,0.333333,0.083333,Bellevue_150th_Newport
3556,0.234326,0.038177,0.023257,0.0,-0.033333,0.0,Bellevue_150th_Newport
3557,0.109236,-0.053316,0.016386,0.05,-0.033333,0.016667,Bellevue_150th_Newport
3558,0.266664,0.059461,0.025967,0.066667,-0.1,0.033333,Bellevue_150th_Newport
3559,0.108099,-0.054346,0.016451,0.0,-0.2,0.033333,Bellevue_150th_Newport
3560,0.104507,-0.05781,0.016502,0.033333,-0.1,0.033333,Bellevue_150th_Newport
3561,0.165511,-0.011491,0.016214,0.1,-0.1,0.0,Bellevue_150th_Newport
3562,0.104721,-0.057548,0.016588,0.111111,-0.022222,0.066667,Bellevue_150th_Newport
3563,0.237735,0.039998,0.023728,0.0,0.0,0.0,Bellevue_150th_Newport
3564,0.103182,-0.058685,0.016432,0.033333,-0.266667,0.066667,Bellevue_150th_Newport
3565,0.10328,-0.058593,0.016387,0.0,-0.2,0.033333,Bellevue_150th_Newport
3566,0.20156,0.015009,0.020609,0.0,0.0,0.0,Bellevue_150th_Newport
3567,0.23584,0.042851,0.02421,0.1,-0.066667,0.016667,Bellevue_150th_Newport
3568,0.099599,-0.062523,0.016632,0.1,-0.033333,0.033333,Bellevue_150th_Newport
3569,0.206712,0.020941,0.020983,0.0,-0.066667,0.033333,Bellevue_150th_Newport
3570,0.103303,-0.05889,0.016517,0.0,-0.1,0.033333,Bellevue_150th_Newport
3571,0.10366,-0.058352,0.016578,0.0,-0.033333,0.0,Bellevue_150th_Newport
3572,0.153752,-0.018691,0.018655,0.15,0.066667,0.033333,Bellevue_150th_Newport
3573,0.105982,-0.058229,0.01523,0.0,-0.233333,0.066667,Bellevue_150th_Newport
3574,0.103585,-0.058124,0.016321,0.0,-0.1,0.033333,Bellevue_150th_Newport
3575,0.105363,-0.056806,0.01656,0.0,-0.1,0.0,Bellevue_150th_Newport
3576,0.101361,-0.060472,0.016481,0.033333,0.0,0.0,Bellevue_150th_Newport
3577,0.206258,0.020193,0.019936,0.066667,0.0,0.0,Bellevue_150th_Newport
3578,0.221891,0.027374,0.01953,0.416667,0.133333,0.066667,Bellevue_150th_Newport
3579,0.327018,0.087736,0.035174,0.0,-0.033333,0.0,Bellevue_150th_Newport
3580,0.105645,-0.057485,0.016337,0.0,-0.066667,0.0,Bellevue_150th_Newport
3581,0.103785,-0.058281,0.016559,0.033333,-0.166667,0.066667,Bellevue_150th_Newport
3582,0.102424,-0.059562,0.016471,0.2,-0.083333,0.016667,Bellevue_150th_Newport
3583,0.306733,0.078908,0.027988,0.233333,0.083333,0.0,Bellevue_150th_Newport
3584,0.114689,-0.049463,0.016359,0.0,-0.2,0.066667,Bellevue_150th_Newport
3585,0.103679,-0.058288,0.016418,0.133333,0.066667,0.0,Bellevue_150th_Newport
3586,0.135022,-0.035028,0.016501,0.0,-0.166667,0.0,Bellevue_150th_Newport
3587,0.103541,-0.05847,0.016519,0.088889,-0.1,0.066667,Bellevue_150th_Newport
3588,0.375904,0.114424,0.036095,0.133333,0.0,0.033333,Bellevue_150th_Newport
3589,0.14581,-0.028473,0.016199,0.0,-0.133333,0.066667,Bellevue_150th_Newport
3590,0.099586,-0.06204,0.01639,0.0,-0.033333,0.0,Bellevue_150th_Newport
3591,0.103826,-0.058284,0.016587,0.0,-0.166667,0.066667,Bellevue_150th_Newport
3592,0.344214,0.099279,0.032991,0.194444,0.055556,0.0,Bellevue_150th_Newport
3593,0.333729,0.091356,0.033718,0.333333,0.155556,0.016667,Bellevue_150th_Newport
3594,0.128543,-0.041329,0.016277,0.177778,0.005556,0.127778,Bellevue_150th_Newport
3595,0.319229,0.087848,0.033416,0.166667,0.133333,0.0,Bellevue_150th_Newport
3596,0.211775,0.020072,0.020711,0.0,-0.2,0.133333,Bellevue_150th_Newport
3597,0.106552,-0.05568,0.016391,0.016667,-0.133333,0.0,Bellevue_150th_Newport
3598,0.17857,-0.001507,0.01898,0.033333,0.0,0.033333,Bellevue_150th_Newport
3599,0.156588,-0.017351,0.017011,0.0,-0.266667,0.066667,Bellevue_150th_Newport
3600,0.101178,-0.060465,0.016459,0.0,-0.166667,0.033333,Bellevue_150th_Newport
3601,0.103733,-0.05823,0.016574,0.033333,-0.266667,0.033333,Bellevue_150th_Newport
3602,0.101163,-0.060611,0.016644,0.033333,-0.066667,0.0,Bellevue_150th_Newport
3603,0.314676,0.084605,0.039486,0.1,0.033333,0.066667,Bellevue_150th_Newport
3604,0.288638,0.071097,0.028379,0.316667,0.066667,0.033333,Bellevue_150th_Newport
3605,0.338624,0.095563,0.035694,0.033333,0.0,0.0,Bellevue_150th_Newport
3606,0.139716,-0.032349,0.016538,0.0,-0.2,0.066667,Bellevue_150th_Newport
3607,0.164254,-0.010068,0.0207,0.266667,0.0,0.133333,Bellevue_150th_Newport
3608,0.133376,-0.035754,0.016187,0.0,-0.2,0.0,Bellevue_150th_Newport
3609,0.100217,-0.061186,0.016548,0.0,-0.066667,0.066667,Bellevue_150th_Newport
3610,0.102256,-0.059563,0.01656,0.0,-0.166667,0.033333,Bellevue_150th_Newport
3611,0.102579,-0.059252,0.01656,0.0,-0.233333,0.066667,Bellevue_150th_Newport
3612,0.102267,-0.059409,0.016533,0.066667,-0.133333,0.066667,Bellevue_150th_Newport
3613,0.105532,-0.056415,0.016533,0.083333,-0.083333,0.033333,Bellevue_150th_Newport
3614,0.198359,0.016076,0.022192,0.3,0.0,0.116667,Bellevue_150th_Newport
3615,0.301885,0.076836,0.02696,0.55,0.2,0.283333,Bellevue_150th_Newport
3616,0.26359,0.055769,0.025935,0.066667,-0.033333,0.033333,Bellevue_150th_Newport
3617,0.109312,-0.053402,0.016518,0.0,-0.116667,-0.033333,Bellevue_150th_Newport
3618,0.184671,0.004241,0.021302,0.0,-0.1,0.066667,Bellevue_150th_Newport
3619,0.157037,-0.017655,0.016577,0.0,-0.233333,0.066667,Bellevue_150th_Newport
3620,0.132074,-0.036143,0.019215,0.366667,0.133333,-0.016667,Bellevue_150th_Newport
3621,0.275298,0.060232,0.026358,0.161111,0.022222,-0.022222,Bellevue_150th_Newport
3622,0.163715,-0.014842,0.019514,0.0,-0.033333,0.0,Bellevue_150th_Newport
3623,0.218796,0.02673,0.02171,0.033333,-0.016667,-0.016667,Bellevue_150th_Newport
3624,0.321693,0.090863,0.033735,0.205556,-0.083333,0.033333,Bellevue_150th_Newport
3625,0.114439,-0.049512,0.01638,0.166667,0.033333,0.0,Bellevue_150th_Newport
3626,0.247062,0.048309,0.024557,0.366667,0.2,-0.066667,Bellevue_150th_Newport
3627,0.29835,0.075479,0.029562,0.533333,0.133333,-0.15,Bellevue_150th_Newport
3628,0.206922,0.014144,0.021001,0.266667,0.033333,0.0,Bellevue_150th_Newport
3629,0.307917,0.084429,0.030348,0.2,0.116667,0.0,Bellevue_150th_Newport
3630,0.257005,0.050318,0.025718,0.116667,-0.016667,0.05,Bellevue_150th_Newport
3631,0.109882,-0.053322,0.016379,0.0,-0.233333,0.1,Bellevue_150th_Newport
3632,0.104606,-0.05753,0.01672,0.033333,-0.166667,0.0,Bellevue_150th_Newport
3633,0.102827,-0.058894,0.016563,0.0,-0.1,0.033333,Bellevue_150th_Newport
3634,0.10247,-0.059502,0.016737,0.033333,0.0,0.0,Bellevue_150th_Newport
3635,0.104813,-0.057504,0.016711,0.366667,0.077778,0.1,Bellevue_150th_Newport
3636,0.351574,0.101872,0.034595,0.477778,0.083333,-0.033333,Bellevue_150th_Newport
3637,0.396602,0.087036,0.039414,0.183333,0.033333,0.066667,Bellevue_150th_Newport
3638,0.1214,-0.044606,0.016166,0.0,-0.133333,0.066667,Bellevue_150th_Newport
3639,0.103076,-0.058735,0.016579,0.05,-0.05,0.0,Bellevue_150th_Newport
3640,0.195375,0.012468,0.021111,0.383333,-0.083333,0.283333,Bellevue_150th_Newport
3641,0.12927,-0.034634,0.016792,0.0,-0.133333,0.066667,Bellevue_150th_Newport
3642,0.136977,-0.027893,0.016976,0.322222,0.0,0.083333,Bellevue_150th_Newport
3643,0.39041,0.118534,0.028997,0.3,0.0,0.016667,Bellevue_150th_Newport
3644,0.23395,0.039721,0.020605,0.0,-0.233333,0.1,Bellevue_150th_Newport
3645,0.129751,-0.034084,0.016869,0.0,-0.1,0.0,Bellevue_150th_Newport
3646,0.133166,-0.030786,0.016822,0.0,-0.3,0.166667,Bellevue_150th_Newport
3647,0.126671,-0.036718,0.016721,0.0,-0.266667,0.1,Bellevue_150th_Newport
3648,0.127778,-0.035789,0.016829,0.0,-0.2,0.066667,Bellevue_150th_Newport
3649,0.128342,-0.035429,0.016912,0.0,-0.166667,0.066667,Bellevue_150th_Newport
3650,0.306585,0.080404,0.026429,0.4,0.2,-0.033333,Bellevue_150th_Newport
3651,0.411349,0.129507,0.0315,0.066667,-0.1,-0.033333,Bellevue_150th_Newport
3652,0.132142,-0.031975,0.016966,0.0,-0.166667,0.033333,Bellevue_150th_Newport
3653,0.127988,-0.035495,0.016899,0.0,-0.066667,0.033333,Bellevue_150th_Newport
3654,0.132103,-0.031821,0.016874,0.016667,-0.216667,0.066667,Bellevue_150th_Newport
3655,0.133135,-0.031134,0.016861,0.0,-0.1,0.033333,Bellevue_150th_Newport
3656,0.126384,-0.037014,0.017104,0.0,-0.2,0.033333,Bellevue_150th_Newport
3657,0.133627,-0.030764,0.017187,0.272222,0.002778,0.016667,Bellevue_150th_Newport
3658,0.532873,0.176877,0.043494,0.355556,0.169444,0.013889,Bellevue_150th_Newport
3659,0.392693,0.119978,0.033167,0.35,0.016667,0.094444,Bellevue_150th_Newport
3660,0.226695,0.022791,0.023333,0.016667,-0.133333,0.0,Bellevue_150th_Newport
3661,0.133393,-0.031002,0.016932,0.0,-0.133333,0.033333,Bellevue_150th_Newport
3662,0.127728,-0.035556,0.016666,0.066667,-0.066667,0.0,Bellevue_150th_Newport
3663,0.408565,0.127421,0.038858,0.133333,0.1,-0.066667,Bellevue_150th_Newport
3664,0.151868,-0.0152,0.015689,0.383333,0.1,0.066667,Bellevue_150th_Newport
3665,0.366513,0.109737,0.030845,0.772222,0.616667,-0.05,Bellevue_150th_Newport
3666,0.47309,0.14622,0.03532,0.461111,0.311111,0.016667,Bellevue_150th_Newport
3667,0.340688,0.094994,0.030489,0.033333,0.0,0.0,Bellevue_150th_Newport
3668,0.13254,-0.031756,0.016738,0.3,-0.116667,0.116667,Bellevue_150th_Newport
3669,0.350853,0.101665,0.02811,0.1,0.033333,0.0,Bellevue_150th_Newport
3670,0.141164,-0.024048,0.016401,0.0,-0.033333,0.0,Bellevue_150th_Newport
3671,0.126182,-0.037241,0.016811,0.05,-0.316667,0.1,Bellevue_150th_Newport
3672,0.272409,0.066636,0.029646,0.45,0.066667,0.1,Bellevue_150th_Newport
3673,0.411917,0.129492,0.031647,0.4,0.216667,0.133333,Bellevue_150th_Newport
3674,0.160149,-0.011687,0.01268,0.066667,-0.066667,0.0,Bellevue_150th_Newport
3675,0.385996,0.11364,0.026716,0.083333,0.066667,0.0,Bellevue_150th_Newport
3676,0.467161,0.138681,0.028328,0.116667,-0.066667,0.033333,Bellevue_150th_Newport
3677,0.358284,0.102424,0.026508,0.561111,0.066667,0.183333,Bellevue_150th_Newport
3678,0.427899,0.127456,0.027418,0.188889,0.066667,0.033333,Bellevue_150th_Newport
3679,0.149689,-0.019,0.013164,0.0,-0.166667,0.033333,Bellevue_150th_Newport
3680,0.141262,-0.0253,0.014478,0.0,-0.1,0.033333,Bellevue_150th_Newport
3681,0.134657,-0.031151,0.014699,0.066667,-0.033333,0.016667,Bellevue_150th_Newport
3682,0.283568,0.072133,0.026725,0.3,0.05,0.044444,Bellevue_150th_Newport
3683,0.475353,0.145142,0.031473,0.197222,0.111111,0.008333,Bellevue_150th_Newport
3684,0.359627,0.100916,0.026334,0.1,-0.033333,0.033333,Bellevue_150th_Newport
3685,0.12534,-0.03841,0.016859,0.205556,-0.1,0.066667,Bellevue_150th_Newport
3686,0.308404,0.086008,0.030117,0.066667,0.0,0.0,Bellevue_150th_Newport
3687,0.132418,-0.031905,0.016788,0.05,-0.233333,0.05,Bellevue_150th_Newport
3688,0.330431,0.097293,0.035298,0.158333,0.041667,0.033333,Bellevue_150th_Newport
3689,0.173394,-0.000699,0.015126,0.033333,-0.133333,0.0,Bellevue_150th_Newport
3690,0.129107,-0.034739,0.01707,0.0,-0.433333,0.133333,Bellevue_150th_Newport
3691,0.126694,-0.037071,0.017246,0.216667,-0.116667,0.1,Bellevue_150th_Newport
3692,0.355106,0.103871,0.02909,0.583333,0.011111,0.405556,Bellevue_150th_Newport
3693,0.442972,0.145671,0.038058,0.333333,0.0,0.1,Bellevue_150th_Newport
3694,0.334562,0.090033,0.03451,0.083333,-0.083333,0.033333,Bellevue_150th_Newport
3695,0.15149,-0.016389,0.016146,0.0,-0.2,0.066667,Bellevue_150th_Newport
3696,0.124637,-0.038588,0.016822,0.016667,-0.166667,0.1,Bellevue_150th_Newport
3697,0.240784,0.046853,0.027542,0.533333,0.25,0.0,Bellevue_150th_Newport
3698,0.526384,0.17207,0.036901,0.366667,0.166667,-0.016667,Bellevue_150th_Newport
3699,0.453146,0.148532,0.039133,0.280556,0.108333,0.061111,Bellevue_150th_Newport
3700,0.283058,0.064767,0.023993,0.0,-0.3,0.033333,Bellevue_150th_Newport
3701,0.129816,-0.03428,0.017017,0.133333,-0.033333,0.033333,Bellevue_150th_Newport
3702,0.367785,0.109917,0.033231,0.316667,0.066667,0.133333,Bellevue_150th_Newport
3703,0.202433,0.017359,0.017349,0.0,-0.1,0.0,Bellevue_150th_Newport
3704,0.140235,-0.024887,0.016308,0.083333,0.0,-0.016667,Bellevue_150th_Newport
3705,0.165333,-0.006262,0.014949,0.166667,0.033333,-0.066667,Bellevue_150th_Newport
3706,0.427948,0.126899,0.027117,0.655556,0.166667,0.016667,Bellevue_150th_Newport
3707,0.484232,0.152591,0.029391,0.547222,0.252778,-0.113889,Bellevue_150th_Newport
3708,0.491312,0.149997,0.031692,0.194444,0.105556,0.05,Bellevue_150th_Newport
3709,0.458581,0.127227,0.025543,0.316667,0.066667,0.033333,Bellevue_150th_Newport
3710,0.371233,0.098594,0.023014,0.45,0.027778,0.116667,Bellevue_150th_Newport
3711,0.331727,0.079934,0.02085,0.166667,0.1,0.0,Bellevue_150th_Newport
3712,0.256192,0.050159,0.021152,0.033333,0.0,0.0,Bellevue_150th_Newport
3713,0.142003,-0.02516,0.013976,0.0,-0.266667,0.1,Bellevue_150th_Newport
3714,0.162745,-0.00827,0.015751,0.133333,-0.088889,0.033333,Bellevue_150th_Newport
3715,0.400689,0.119347,0.028825,0.361111,0.155556,-0.016667,Bellevue_150th_Newport
3716,0.490219,0.152921,0.033645,0.4,0.1,0.066667,Bellevue_150th_Newport
3717,0.188145,0.005639,0.01364,0.188889,0.033333,0.0,Bellevue_150th_Newport
3718,0.312822,0.075752,0.021038,0.4,0.266667,-0.266667,Bellevue_150th_Newport
3719,0.400189,0.118189,0.026527,0.033333,0.0,0.0,Bellevue_150th_Newport
3720,0.206557,0.020329,0.017072,0.4,0.05,0.05,Bellevue_150th_Newport
3721,0.437483,0.134106,0.027233,0.266667,0.083333,0.016667,Bellevue_150th_Newport
3722,0.351853,0.090777,0.021213,0.333333,0.233333,0.033333,Bellevue_150th_Newport
3723,0.20372,0.013034,0.015037,0.466667,0.266667,0.133333,Bellevue_150th_Newport
3724,0.344502,0.08741,0.02221,0.0,-0.033333,0.0,Bellevue_150th_Newport
3725,0.139549,-0.02687,0.014786,0.166667,0.0,0.0,Bellevue_150th_Newport
3726,0.423448,0.136174,0.033887,0.383333,0.25,0.016667,Bellevue_150th_Newport
3727,0.398568,0.118974,0.025607,0.538889,0.088889,-0.038889,Bellevue_150th_Newport
3728,0.42821,0.126211,0.029587,0.375,0.169444,0.033333,Bellevue_150th_Newport
3729,0.338826,0.089421,0.02265,0.066667,0.0,-0.033333,Bellevue_150th_Newport
3730,0.252098,0.053465,0.023478,0.083333,-0.116667,0.1,Bellevue_150th_Newport
3731,0.140287,-0.026444,0.014214,0.266667,0.05,0.066667,Bellevue_150th_Newport
3732,0.337717,0.085195,0.022041,0.438889,0.116667,0.15,Bellevue_150th_Newport
3733,0.499383,0.163095,0.034472,0.616667,0.283333,0.1,Bellevue_150th_Newport
3734,0.375964,0.102186,0.023758,0.0,0.0,0.0,Bellevue_150th_Newport
3735,0.144289,-0.022987,0.014319,0.066667,0.0,0.033333,Bellevue_150th_Newport
3736,0.279201,0.057957,0.019131,0.1,-0.033333,0.0,Bellevue_150th_Newport
3737,0.486095,0.156549,0.032757,0.6,0.255556,0.005556,Bellevue_150th_Newport
3738,0.380439,0.102224,0.022998,0.133333,0.033333,-0.033333,Bellevue_150th_Newport
3739,0.397461,0.122625,0.030937,0.65,0.216667,0.1,Bellevue_150th_Newport
3740,0.437556,0.130844,0.026494,0.283333,0.05,0.0,Bellevue_150th_Newport
3741,0.3983,0.117606,0.026291,0.238889,0.1,0.0,Bellevue_150th_Newport
3742,0.42425,0.125476,0.025376,0.333333,0.15,-0.083333,Bellevue_150th_Newport
3743,0.471438,0.148343,0.041791,0.566667,0.261111,0.072222,Bellevue_150th_Newport
3744,0.43313,0.128636,0.028005,0.133333,0.033333,0.0,Bellevue_150th_Newport
3745,0.165867,-0.007613,0.012233,0.0,-0.066667,0.0,Bellevue_150th_Newport
3746,0.149238,-0.018826,0.014073,0.0,-0.166667,0.066667,Bellevue_150th_Newport
3747,0.149924,-0.018442,0.014011,0.122222,-0.044444,0.1,Bellevue_150th_Newport
3748,0.31589,0.075018,0.02551,0.066667,-0.033333,0.0,Bellevue_150th_Newport
3749,0.171664,-0.001419,0.014535,0.1,0.0,0.033333,Bellevue_150th_Newport
3750,0.185618,0.005416,0.013284,0.0,-0.2,0.066667,Bellevue_150th_Newport
3751,0.155221,-0.013842,0.01371,0.0,-0.1,0.0,Bellevue_150th_Newport
3752,0.369049,0.108236,0.028376,0.338889,0.0,-0.005556,Bellevue_150th_Newport
3753,0.409823,0.124229,0.03129,0.166667,0.05,-0.216667,Bellevue_150th_Newport
3754,0.390419,0.106043,0.022474,0.0,0.0,0.0,Bellevue_150th_Newport
3755,0.33074,0.084263,0.020786,0.15,0.016667,0.016667,Bellevue_150th_Newport
3756,0.209588,0.016376,0.01606,0.0,-0.066667,0.033333,Bellevue_150th_Newport
3757,0.16476,-0.006631,0.013241,0.0,-0.1,0.0,Bellevue_150th_Newport
3758,0.159912,-0.010004,0.012905,0.033333,-0.066667,0.0,Bellevue_150th_Newport
3759,0.204131,0.021318,0.018146,0.45,0.216667,-0.016667,Bellevue_150th_Newport
3760,0.419741,0.123983,0.024791,0.116667,0.05,0.0,Bellevue_150th_Newport
3761,0.172666,-0.001618,0.012786,0.033333,0.0,0.0,Bellevue_150th_Newport
3762,0.398313,0.115128,0.023731,0.233333,0.116667,-0.016667,Bellevue_150th_Newport
3763,0.401637,0.114584,0.022685,0.461111,0.316667,0.0,Bellevue_150th_Newport
3764,0.540486,0.164477,0.043736,0.447222,0.25,0.011111,Bellevue_150th_Newport
3765,0.448465,0.138441,0.027751,0.116667,0.033333,0.0,Bellevue_150th_Newport
3766,0.393628,0.110179,0.022793,0.0,-0.033333,0.033333,Bellevue_150th_Newport
3767,0.163245,-0.007656,0.013345,0.066667,0.033333,0.0,Bellevue_150th_Newport
3768,0.398422,0.118472,0.024151,0.016667,-0.083333,0.016667,Bellevue_150th_Newport
3769,0.173714,-6.9e-05,0.013394,0.016667,-0.216667,0.083333,Bellevue_150th_Newport
3770,0.173046,-0.000409,0.013217,0.066667,-0.166667,0.033333,Bellevue_150th_Newport
3771,0.169414,-0.003054,0.013351,0.0,-0.1,0.0,Bellevue_150th_Newport
3772,0.299533,0.07969,0.025326,0.211111,0.05,0.016667,Bellevue_150th_Newport
3773,0.435111,0.137712,0.027608,0.0,-0.1,0.0,Bellevue_150th_Newport
3774,0.273543,0.049281,0.014629,0.066667,0.033333,0.0,Bellevue_150th_Newport
3775,0.38706,0.116334,0.025547,0.15,0.05,0.016667,Bellevue_150th_Newport
3776,0.481736,0.153241,0.02734,0.666667,0.216667,0.066667,Bellevue_150th_Newport
3777,0.468825,0.143577,0.027268,0.033333,0.033333,-0.033333,Bellevue_150th_Newport
3778,0.379619,0.103262,0.019242,0.394444,0.044444,-0.033333,Bellevue_150th_Newport
3779,0.367782,0.101011,0.023061,0.0,-0.066667,0.0,Bellevue_150th_Newport
3780,0.445233,0.142676,0.029798,0.833333,0.216667,0.044444,Bellevue_150th_Newport
3781,0.5632,0.179709,0.031598,0.586111,0.261111,0.086111,Bellevue_150th_Newport
3782,0.403662,0.118325,0.022419,0.25,0.027778,-0.077778,Bellevue_150th_Newport
3783,0.450629,0.135079,0.031979,0.479444,0.262222,0.005556,Bellevue_150th_Newport
3784,0.52331,0.16751,0.038762,0.311111,0.172222,-0.044444,Bellevue_150th_Newport
3785,0.231357,0.032462,0.015774,0.3,0.127778,0.016667,Bellevue_150th_Newport
3786,0.453003,0.136708,0.025219,0.233333,0.1,0.0,Bellevue_150th_Newport
3787,0.328616,0.072636,0.01599,0.05,-0.05,0.0,Bellevue_150th_Newport
3788,0.194222,0.01273,0.014629,0.033333,-0.033333,0.0,Bellevue_150th_Newport
3789,0.347577,0.098264,0.026255,0.0,-0.033333,0.0,Bellevue_150th_Newport
3790,0.285258,0.063837,0.018491,0.428333,0.028889,0.075556,Bellevue_150th_Newport
3791,0.536145,0.162763,0.037198,0.676667,0.208333,0.062222,Bellevue_150th_Newport
3792,0.565927,0.169234,0.039466,0.088889,-0.016667,0.027778,Bellevue_150th_Newport
3793,0.529388,0.171559,0.031499,0.733333,0.388889,-0.022222,Bellevue_150th_Newport
3794,0.493114,0.143143,0.029986,0.2,0.044444,0.0,Bellevue_150th_Newport
3795,0.331248,0.080335,0.018372,0.216667,-0.044444,0.05,Bellevue_150th_Newport
3796,0.4907,0.149871,0.026151,0.616667,0.15,0.166667,Bellevue_150th_Newport
3797,0.436214,0.134991,0.028307,0.1,0.066667,0.033333,Bellevue_150th_Newport
3798,0.331985,0.083389,0.017713,0.2,0.0,0.0,Bellevue_150th_Newport
3799,0.510266,0.162456,0.028168,0.733333,0.1,0.233333,Bellevue_150th_Newport
3800,0.509649,0.162407,0.02681,0.45,0.216667,0.1,Bellevue_150th_Newport
3801,0.4631,0.140564,0.02649,0.316667,0.166667,-0.066667,Bellevue_150th_Newport
3802,0.381556,0.105501,0.022584,0.188889,0.094444,-0.016667,Bellevue_150th_Newport
3803,0.455716,0.137139,0.025778,0.1,-0.033333,-0.033333,Bellevue_150th_Newport
3804,0.452468,0.143314,0.025185,0.533333,0.266667,-0.0,Bellevue_150th_Newport
3805,0.407247,0.112027,0.021943,0.283333,0.0,0.083333,Bellevue_150th_Newport
3806,0.455734,0.14256,0.024812,0.2,0.083333,0.0,Bellevue_150th_Newport
3807,0.324486,0.075388,0.016695,0.2,0.033333,0.0,Bellevue_150th_Newport
3808,0.477748,0.151973,0.029143,0.283333,0.133333,0.133333,Bellevue_150th_Newport
3809,0.46763,0.137806,0.027178,0.388889,0.216667,0.0,Bellevue_150th_Newport
3810,0.511787,0.162091,0.027269,0.105556,0.016667,0.022222,Bellevue_150th_Newport
3811,0.308581,0.073565,0.016976,0.0,0.0,0.0,Bellevue_150th_Newport
3812,0.265886,0.055291,0.017114,0.066667,-0.066667,0.0,Bellevue_150th_Newport
3813,0.424495,0.128512,0.0244,0.366667,0.266667,0.0,Bellevue_150th_Newport
3814,0.308049,0.073466,0.016874,0.15,0.05,0.016667,Bellevue_150th_Newport
3815,0.442313,0.136016,0.031288,0.133333,0.0,0.0,Bellevue_150th_Newport
3816,0.486304,0.155588,0.026929,0.333333,0.166667,-0.016667,Bellevue_150th_Newport
3817,0.353361,0.087888,0.016844,0.188889,-0.011111,0.061111,Bellevue_150th_Newport
3818,0.537795,0.170842,0.032439,0.55,0.05,-0.033333,Bellevue_150th_Newport
3819,0.503138,0.155546,0.028108,0.383333,0.083333,0.066667,Bellevue_150th_Newport
3820,0.490041,0.153247,0.02848,0.45,0.311111,0.033333,Bellevue_150th_Newport
3821,0.347764,0.084626,0.016926,0.0,0.0,0.0,Bellevue_150th_Newport
3822,0.305756,0.075212,0.017023,0.216667,0.05,-0.033333,Bellevue_150th_Newport
3823,0.447437,0.129907,0.026783,0.0,0.0,0.0,Bellevue_150th_Newport
3824,0.302053,0.07367,0.017414,0.033333,0.0,-0.033333,Bellevue_150th_Newport
3825,0.45751,0.132856,0.029677,0.455556,0.2,0.077778,Bellevue_150th_Newport
3826,0.517777,0.165208,0.033036,0.033333,0.033333,0.0,Bellevue_150th_Newport
3827,0.343336,0.0872,0.018577,0.2,0.066667,0.0,Bellevue_150th_Newport
3828,0.320447,0.079564,0.017168,0.0,-0.033333,0.0,Bellevue_150th_Newport
3829,0.304779,0.073876,0.01691,0.033333,0.0,0.0,Bellevue_150th_Newport
3830,0.31829,0.080534,0.017101,0.283333,0.0,0.116667,Bellevue_150th_Newport
3831,0.425209,0.12381,0.021407,0.1,0.066667,0.033333,Bellevue_150th_Newport
3832,0.320429,0.080053,0.016633,0.0,0.0,0.0,Bellevue_150th_Newport
3833,0.426728,0.123372,0.021348,0.155556,0.094444,-0.033333,Bellevue_150th_Newport
3834,0.47076,0.135688,0.028621,0.304444,0.014444,0.047222,Bellevue_150th_Newport
3835,0.521521,0.156358,0.036968,0.133333,0.011111,0.0,Bellevue_150th_Newport
3836,0.482864,0.141766,0.028113,0.283333,0.216667,-0.066667,Bellevue_150th_Newport
3837,0.456221,0.134221,0.02693,0.255556,0.1,0.061111,Bellevue_150th_Newport
3838,0.476777,0.141018,0.032415,0.066667,0.066667,0.0,Bellevue_150th_Newport
3839,0.324184,0.081786,0.016899,0.066667,-0.033333,0.066667,Bellevue_150th_Newport
3840,0.492133,0.150141,0.028961,0.466667,0.266667,0.016667,Bellevue_150th_Newport
3841,0.374204,0.099807,0.019327,0.15,0.033333,0.0,Bellevue_150th_Newport
3842,0.494729,0.148993,0.027146,0.377778,0.205556,0.066667,Bellevue_150th_Newport
3843,0.458507,0.129839,0.029787,0.1,0.033333,0.0,Bellevue_150th_Newport
3844,0.508824,0.157318,0.02817,0.288889,0.111111,-0.027778,Bellevue_150th_Newport
3845,0.510598,0.151629,0.032732,0.233333,0.1,0.0,Bellevue_150th_Newport
3846,0.433537,0.1269,0.024582,0.566667,0.383333,0.0,Bellevue_150th_Newport
3847,0.452375,0.12641,0.02568,0.183333,0.1,-0.05,Bellevue_150th_Newport
3848,0.479061,0.144842,0.02838,0.316667,0.122222,-0.011111,Bellevue_150th_Newport
3849,0.32463,0.080946,0.017118,0.2,0.066667,0.033333,Bellevue_150th_Newport
3850,0.417622,0.113233,0.023314,0.4,0.283333,-0.016667,Bellevue_150th_Newport
3851,0.48322,0.134255,0.033569,0.416667,0.283333,0.0,Bellevue_150th_Newport
3852,0.42945,0.120203,0.023901,0.283333,0.1,0.0,Bellevue_150th_Newport
3853,0.411556,0.109276,0.02428,0.066667,0.05,-0.033333,Bellevue_150th_Newport
3854,0.470019,0.142935,0.027457,0.388889,0.277778,-0.033333,Bellevue_150th_Newport
3855,0.414403,0.115443,0.026604,0.15,0.066667,-0.033333,Bellevue_150th_Newport
3856,0.332827,0.07905,0.016862,0.158333,0.066667,0.008333,Bellevue_150th_Newport
3857,0.327327,0.075204,0.017293,0.066667,0.066667,-0.033333,Bellevue_150th_Newport
3858,0.392974,0.110218,0.024406,0.2,0.011111,0.033333,Bellevue_150th_Newport
3859,0.536226,0.157165,0.037015,0.354444,-0.004444,0.061111,Bellevue_150th_Newport
3860,0.517955,0.136949,0.045369,0.708333,0.372222,0.066667,Bellevue_150th_Newport
3861,0.51386,0.15013,0.037529,0.584802,0.155079,0.061111,Bellevue_150th_Newport
3862,0.56913,0.159952,0.048705,0.504683,0.017857,0.120556,Bellevue_150th_Newport
3863,0.470169,0.135982,0.031938,0.322222,0.066667,0.033333,Bellevue_150th_Newport
3864,0.455051,0.128815,0.030045,0.122222,0.033333,-0.033333,Bellevue_150th_Newport
3865,0.392919,0.103999,0.022716,0.67381,0.401429,-0.006349,Bellevue_150th_Newport
3866,0.439291,0.121607,0.03434,0.632778,0.133333,0.071111,Bellevue_150th_Newport
3867,0.319146,0.0752,0.021594,0.4,0.038889,0.0,Bellevue_150th_Newport
3868,0.428101,0.118612,0.033361,0.581071,0.096151,0.03254,Bellevue_150th_Newport
3869,0.436322,0.116572,0.034005,0.633333,0.022222,0.033333,Bellevue_150th_Newport
3870,0.420351,0.10494,0.033383,0.602778,0.152778,0.038889,Bellevue_150th_Newport
3871,0.415844,0.110453,0.033698,0.561111,0.119444,0.075,Bellevue_150th_Newport
3872,0.430707,0.111636,0.035665,0.656111,0.055556,0.116667,Bellevue_150th_Newport
3873,0.440348,0.120108,0.036751,0.805556,0.15,0.075,Bellevue_150th_Newport
3874,0.421723,0.109753,0.035301,0.702778,0.041667,0.094444,Bellevue_150th_Newport
3875,0.276271,0.058836,0.019755,0.602222,0.021111,0.055,Bellevue_150th_Newport
3876,0.362333,0.097943,0.028022,0.674444,0.044444,0.133333,Bellevue_150th_Newport
3877,0.412354,0.103595,0.035323,0.758333,0.102778,0.108333,Bellevue_150th_Newport
3878,0.387934,0.101564,0.031952,0.753889,0.075,0.088333,Bellevue_150th_Newport
3879,0.245265,0.001825,0.022099,0.893889,0.097778,0.085556,Bellevue_150th_Newport
3880,0.424842,0.097943,0.035825,0.819444,-0.011111,0.127778,Bellevue_150th_Newport
3881,0.391473,0.096455,0.031226,0.830556,0.077778,0.072222,Bellevue_150th_Newport
3882,0.311307,0.061957,0.022555,0.808016,0.128968,0.060873,Bellevue_150th_Newport
3883,0.42974,0.101603,0.038388,0.911111,0.091667,0.105556,Bellevue_150th_Newport
3884,0.444264,0.114829,0.042497,0.686349,0.164524,0.111905,Bellevue_150th_Newport
3885,0.471184,0.111466,0.048497,0.839841,0.172698,0.10373,Bellevue_150th_Newport
3886,0.51241,0.108282,0.05897,0.733929,0.128466,0.140952,Bellevue_150th_Newport
3887,0.52699,0.11706,0.060526,0.977778,0.180556,0.152778,Bellevue_150th_Newport
3888,0.336041,0.050531,0.025178,0.957222,0.231667,0.151111,Bellevue_150th_Newport
3889,0.500601,0.094065,0.051848,0.807778,0.133333,0.113889,Bellevue_150th_Newport
3890,0.546271,0.115809,0.06089,0.837381,0.050926,0.282222,Bellevue_150th_Newport
3891,0.596285,0.124835,0.069977,0.597405,0.092091,0.132489,Bellevue_150th_Newport
3892,0.619294,0.131161,0.070696,0.588598,0.082288,0.111257,Bellevue_150th_Newport
3893,0.576626,0.120934,0.070229,0.793889,0.164444,0.151111,Bellevue_150th_Newport
3894,0.512077,0.091004,0.044882,0.894444,0.111111,0.141667,Bellevue_150th_Newport
3895,0.447043,0.086938,0.037614,0.743889,0.156111,0.053889,Bellevue_150th_Newport
3896,0.533347,0.101094,0.056224,0.943333,0.119444,0.103333,Bellevue_150th_Newport
3897,0.45917,0.078821,0.046163,0.555833,0.015556,0.120833,Bellevue_150th_Newport
3898,0.505662,0.104705,0.048006,0.723267,0.148347,0.188439,Bellevue_150th_Newport
3899,0.559114,0.101121,0.05911,0.752222,0.2,0.125556,Bellevue_150th_Newport
3900,0.554376,0.085211,0.060181,0.64,0.046481,0.11537,Bellevue_150th_Newport
3901,0.553097,0.112215,0.05533,0.480635,-0.001667,0.080317,Bellevue_150th_Newport
3902,0.504961,0.091906,0.049746,0.520635,0.018889,0.113492,Bellevue_150th_Newport
3903,0.538984,0.102751,0.0536,0.718545,0.13664,0.111468,Bellevue_150th_Newport
3904,0.616303,0.104988,0.061457,0.702695,0.143577,0.019209,Bellevue_150th_Newport
3905,0.603836,0.104551,0.053053,0.580497,0.069722,0.035992,Bellevue_150th_Newport
3906,0.660971,0.113669,0.065669,0.655714,0.014206,0.127222,Bellevue_150th_Newport
3907,0.658435,0.096907,0.058264,0.623805,0.091906,0.065265,Bellevue_150th_Newport
3908,0.679828,0.095134,0.047999,0.654722,0.045939,0.092222,Bellevue_150th_Newport
3909,0.677714,0.092903,0.047322,0.651349,0.071931,0.143624,Bellevue_150th_Newport
3910,0.684769,0.103976,0.051144,0.666429,0.092526,0.063201,Bellevue_150th_Newport
3911,0.659291,0.093299,0.041895,0.722854,0.066484,0.114683,Bellevue_150th_Newport
3912,0.689528,0.093477,0.047369,0.672308,0.142953,0.149875,Bellevue_150th_Newport
3913,0.686026,0.087706,0.051035,0.61078,0.078214,0.12511,Bellevue_150th_Newport
3914,0.694358,0.089095,0.042821,0.602526,0.076627,0.130079,Bellevue_150th_Newport
3915,0.66578,0.079902,0.045012,0.712623,0.202534,0.084338,Bellevue_150th_Newport
3916,0.673413,0.09509,0.050656,0.691249,0.208093,0.080149,Bellevue_150th_Newport
3917,0.696108,0.087736,0.043871,0.643065,0.14877,0.090678,Bellevue_150th_Newport
3918,0.669711,0.072543,0.041471,0.613254,0.007222,0.169206,Bellevue_150th_Newport
3919,0.670291,0.078459,0.040313,0.650556,0.071111,0.14,Bellevue_150th_Newport
3920,0.68218,0.075535,0.028025,0.698968,0.050873,0.142302,Bellevue_150th_Newport
3921,0.683597,0.066406,0.019256,0.645913,-0.011071,0.189484,Bellevue_150th_Newport
3922,0.67054,0.056443,0.032014,0.671111,0.02,0.151111,Bellevue_150th_Newport
3923,0.682777,0.062687,0.0273,0.702778,-0.007778,0.112222,Bellevue_150th_Newport
3924,0.678589,0.057812,0.030763,0.74881,0.041429,0.155,Bellevue_150th_Newport
3925,0.658042,0.046125,0.034343,0.70746,0.006111,0.202222,Bellevue_150th_Newport
3926,0.668143,0.050582,0.033888,0.609956,0.073097,0.110819,Bellevue_150th_Newport
3927,0.641827,0.053685,0.042163,0.628947,0.076245,0.065635,Bellevue_150th_Newport
3928,0.664925,0.051978,0.035249,0.662365,0.134888,0.058968,Bellevue_150th_Newport
3929,0.658267,0.048758,0.03828,0.650397,0.061402,0.101931,Bellevue_150th_Newport
3930,0.66288,0.054153,0.038271,0.661003,0.026522,0.112897,Bellevue_150th_Newport
3931,0.661819,0.049526,0.038574,0.614138,0.054658,0.087316,Bellevue_150th_Newport
3932,0.660446,0.049326,0.037653,0.767103,0.081177,0.155595,Bellevue_150th_Newport
3933,0.660175,0.043315,0.033772,0.686667,0.027222,0.142222,Bellevue_150th_Newport
3934,0.67044,0.043999,0.030497,0.727222,0.047222,0.201667,Bellevue_150th_Newport
3935,0.669051,0.043843,0.029497,0.689193,0.070492,0.119252,Bellevue_150th_Newport
3936,0.660231,0.051453,0.039867,0.621655,0.121844,0.083102,Bellevue_150th_Newport
3937,0.650214,0.048911,0.040494,0.734574,0.10938,0.141591,Bellevue_150th_Newport
3938,0.658297,0.04535,0.036481,0.537659,0.037566,0.147368,Bellevue_150th_Newport
3939,0.673227,0.047832,0.029809,0.674603,0.068532,0.19123,Bellevue_150th_Newport
3940,0.680291,0.050851,0.026925,0.710885,0.013294,0.148401,Bellevue_150th_Newport
3941,0.65119,0.043516,0.032662,0.637729,0.070531,0.095879,Bellevue_150th_Newport
3942,0.638059,0.050738,0.046329,0.642489,0.037115,0.0845,Bellevue_150th_Newport
3943,0.632178,0.04909,0.042765,0.67927,0.078249,0.171641,Bellevue_150th_Newport
3944,0.636555,0.053325,0.044647,0.694239,0.103749,0.07135,Bellevue_150th_Newport
3945,0.637813,0.05194,0.04399,0.757394,0.022077,0.132275,Bellevue_150th_Newport
3946,0.640582,0.053121,0.032738,0.694339,-0.075754,0.204259,Bellevue_150th_Newport
3947,0.638444,0.039467,0.037197,0.830675,0.060344,0.170754,Bellevue_150th_Newport
3948,0.660431,0.037462,0.031446,0.766198,0.185444,0.142703,Bellevue_150th_Newport
3949,0.656262,0.037864,0.031499,0.750727,0.131071,0.187328,Bellevue_150th_Newport
3950,0.639824,0.034539,0.02961,0.79877,-0.079802,0.338413,Bellevue_150th_Newport
3951,0.670884,0.040259,0.026672,0.770357,0.071918,0.247183,Bellevue_150th_Newport
3952,0.640319,0.030041,0.030788,0.902407,0.258161,0.232937,Bellevue_150th_Newport
3953,0.655842,0.041222,0.026724,0.796875,0.152857,0.245123,Bellevue_150th_Newport
3954,0.621488,0.034483,0.040459,0.798029,0.039471,0.218505,Bellevue_150th_Newport
3955,0.638592,0.034012,0.031842,0.793043,0.162825,0.233215,Bellevue_150th_Newport
3956,0.618654,0.038377,0.044194,0.733321,0.087066,0.152096,Bellevue_150th_Newport
3957,0.618653,0.041801,0.04588,0.714571,0.077441,0.206852,Bellevue_150th_Newport
3958,0.62187,0.042132,0.044716,0.700421,0.053098,0.240471,Bellevue_150th_Newport
3959,0.620049,0.040426,0.045752,0.775595,0.049563,0.246601,Bellevue_150th_Newport
3960,0.621458,0.03942,0.04345,0.788555,-0.040266,0.32548,Bellevue_150th_Newport
3961,0.623377,0.039425,0.031231,0.807831,0.000582,0.403876,Bellevue_150th_Newport
3962,0.625055,0.042571,0.043671,0.77942,0.08808,0.236755,Bellevue_150th_Newport
3963,0.628424,0.045008,0.03835,0.684202,0.020266,0.190213,Bellevue_150th_Newport
3964,0.629095,0.049152,0.038676,0.65925,0.086376,0.163787,Bellevue_150th_Newport
3965,0.631738,0.047804,0.041558,0.626797,0.049753,0.20615,Bellevue_150th_Newport
3966,0.625061,0.045138,0.046568,0.585427,0.01589,0.155747,Bellevue_150th_Newport
3967,0.631646,0.046132,0.043387,0.57082,0.011029,0.192881,Bellevue_150th_Newport
3968,0.629522,0.047345,0.044322,0.628776,0.057015,0.205465,Bellevue_150th_Newport
3969,0.632636,0.051224,0.046301,0.748644,0.089948,0.18861,Bellevue_150th_Newport
3970,0.630692,0.04304,0.042182,0.775476,-0.134444,0.36127,Bellevue_150th_Newport
3971,0.630157,0.044725,0.030998,0.776243,-0.036772,0.348915,Bellevue_150th_Newport
3972,0.636116,0.044937,0.043854,0.727388,0.096398,0.246726,Bellevue_150th_Newport
3973,0.638304,0.049874,0.046574,0.790489,0.007354,0.281429,Bellevue_150th_Newport
3974,0.636729,0.048507,0.036719,0.652662,0.109872,0.11935,Bellevue_150th_Newport
3975,0.638622,0.05593,0.046114,0.669213,0.167443,0.081008,Bellevue_150th_Newport
3976,0.645495,0.05257,0.043569,0.699933,0.139413,0.161061,Bellevue_150th_Newport
3977,0.633007,0.06035,0.047753,0.634771,0.109848,0.175552,Bellevue_150th_Newport
3978,0.624246,0.045842,0.046553,0.616633,0.005572,0.185361,Bellevue_150th_Newport
3979,0.633069,0.048664,0.046575,0.664993,0.022141,0.21126,Bellevue_150th_Newport
3980,0.63337,0.047054,0.044778,0.635471,0.062272,0.187895,Bellevue_150th_Newport
3981,0.636716,0.052435,0.047088,0.737015,0.110456,0.199482,Bellevue_150th_Newport
3982,0.635597,0.048008,0.044277,0.726671,0.088282,0.172995,Bellevue_150th_Newport
3983,0.642237,0.052394,0.044894,0.623767,0.054245,0.188775,Bellevue_150th_Newport
3984,0.634497,0.058799,0.047753,0.665563,0.129355,0.179507,Bellevue_150th_Newport
3985,0.664132,0.063502,0.045994,0.598464,0.040894,0.190207,Bellevue_150th_Newport
3986,0.636148,0.046176,0.045905,0.665235,0.036726,0.164274,Bellevue_150th_Newport
3987,0.636136,0.04828,0.044843,0.670903,0.050845,0.217401,Bellevue_150th_Newport
3988,0.643051,0.050491,0.044335,0.695172,-0.01037,0.246124,Bellevue_150th_Newport
3989,0.636266,0.04959,0.045705,0.709892,0.040265,0.253088,Bellevue_150th_Newport
3990,0.646429,0.051841,0.04169,0.668756,-0.037405,0.223584,Bellevue_150th_Newport
3991,0.638055,0.048222,0.043424,0.653712,0.076187,0.244851,Bellevue_150th_Newport
3992,0.644272,0.053611,0.044875,0.701706,-0.101865,0.353214,Bellevue_150th_Newport
3993,0.646668,0.053315,0.038805,0.71935,0.013874,0.255017,Bellevue_150th_Newport
3994,0.650541,0.054934,0.044292,0.733558,-0.075437,0.348161,Bellevue_150th_Newport
3995,0.639348,0.047496,0.042853,0.719125,0.080225,0.179316,Bellevue_150th_Newport
3996,0.630107,0.046218,0.044238,0.752183,0.009603,0.280079,Bellevue_150th_Newport
3997,0.637013,0.049107,0.043431,0.758635,0.014882,0.264686,Bellevue_150th_Newport
3998,0.651162,0.053086,0.042099,0.702341,0.002659,0.30623,Bellevue_150th_Newport
3999,0.638945,0.053402,0.045502,0.693201,0.194412,0.161368,Bellevue_150th_Newport
4000,0.635339,0.05701,0.044787,0.688299,0.099806,0.132536,Bellevue_150th_Newport
4001,0.623577,0.051273,0.045707,0.701403,0.044064,0.178673,Bellevue_150th_Newport
4002,0.629007,0.04842,0.044451,0.606751,0.044194,0.220983,Bellevue_150th_Newport
4003,0.621799,0.052276,0.044904,0.654048,0.085132,0.129444,Bellevue_150th_Newport
4004,0.636314,0.052413,0.045284,0.70876,0.051303,0.171755,Bellevue_150th_Newport
4005,0.650713,0.055247,0.045267,0.84004,-0.007447,0.238704,Bellevue_150th_Newport
4006,0.652278,0.055727,0.040186,0.633448,0.093301,0.165015,Bellevue_150th_Newport
4007,0.647913,0.067122,0.04539,0.700934,0.095389,0.1703,Bellevue_150th_Newport
4008,0.63209,0.057434,0.045985,0.679649,0.034107,0.179861,Bellevue_150th_Newport
4009,0.643519,0.050123,0.042016,0.691384,0.053796,0.172719,Bellevue_150th_Newport
4010,0.640314,0.058197,0.045582,0.700272,0.039881,0.186525,Bellevue_150th_Newport
4011,0.652699,0.056237,0.04435,0.773582,-0.007698,0.259341,Bellevue_150th_Newport
4012,0.651737,0.05543,0.043348,0.746729,0.014922,0.204962,Bellevue_150th_Newport
4013,0.66039,0.058557,0.04188,0.718666,0.070034,0.17614,Bellevue_150th_Newport
4014,0.646619,0.058624,0.041086,0.560719,0.062691,0.168861,Bellevue_150th_Newport
4015,0.650272,0.064741,0.043664,0.654604,0.117772,0.131195,Bellevue_150th_Newport
4016,0.658378,0.062439,0.037856,0.66298,0.149608,0.165187,Bellevue_150th_Newport
4017,0.622113,0.101715,0.030094,0.713769,0.124196,0.139213,Bellevue_150th_Newport
4018,0.631384,0.082011,0.043593,0.702049,0.089857,0.153543,Bellevue_150th_Newport
4019,0.653111,0.057307,0.042621,0.721702,0.135258,0.118299,Bellevue_150th_Newport
4020,0.639392,0.076714,0.046509,0.823209,0.195843,0.118251,Bellevue_150th_Newport
4021,0.66747,0.061004,0.042921,0.763605,0.084667,0.205065,Bellevue_150th_Newport
4022,0.662204,0.063127,0.042987,0.752374,-0.000465,0.262452,Bellevue_150th_Newport
4023,0.658325,0.060637,0.040869,0.666089,0.102472,0.129807,Bellevue_150th_Newport
4024,0.655918,0.0696,0.041778,0.678485,0.03032,0.193046,Bellevue_150th_Newport
4025,0.667735,0.065008,0.040185,0.845397,-0.06254,0.272698,Bellevue_150th_Newport
4026,0.667574,0.069352,0.039371,0.758577,0.020228,0.21009,Bellevue_150th_Newport
4027,0.653762,0.061837,0.041266,0.606735,0.131141,0.171843,Bellevue_150th_Newport
4028,0.640012,0.076972,0.041958,0.646554,0.071388,0.184842,Bellevue_150th_Newport
4029,0.645119,0.073789,0.043269,0.767735,0.061167,0.122964,Bellevue_150th_Newport
4030,0.640646,0.067992,0.040116,0.648222,0.069996,0.205797,Bellevue_150th_Newport
4031,0.659707,0.064245,0.044062,0.654087,0.105711,0.177953,Bellevue_150th_Newport
4032,0.640194,0.066533,0.043171,0.619207,0.103815,0.190603,Bellevue_150th_Newport
4033,0.647266,0.059216,0.042114,0.703662,0.123632,0.181325,Bellevue_150th_Newport
4034,0.632372,0.074957,0.039497,0.682412,0.031636,0.210363,Bellevue_150th_Newport
4035,0.655649,0.064932,0.043092,0.720857,0.065423,0.167956,Bellevue_150th_Newport
4036,0.656905,0.062616,0.040065,0.704,0.073807,0.213652,Bellevue_150th_Newport
4037,0.657804,0.071565,0.038637,0.774286,0.103876,0.224815,Bellevue_150th_Newport
4038,0.673305,0.06843,0.041423,0.780675,-0.151429,0.34377,Bellevue_150th_Newport
4039,0.681275,0.080134,0.031612,0.747953,-0.063309,0.271433,Bellevue_150th_Newport
4040,0.66305,0.070256,0.038872,0.805647,0.016204,0.248004,Bellevue_150th_Newport
4041,0.678167,0.07278,0.037013,0.773016,-0.084683,0.338889,Bellevue_150th_Newport
4042,0.681181,0.074729,0.031852,0.763141,-0.01868,0.27298,Bellevue_150th_Newport
4043,0.67121,0.070863,0.040634,0.652315,0.009975,0.166436,Bellevue_150th_Newport
4044,0.657257,0.075944,0.037612,0.799771,0.09952,0.224823,Bellevue_150th_Newport
4045,0.637641,0.068808,0.042827,0.670648,0.061108,0.213134,Bellevue_150th_Newport
4046,0.666035,0.090926,0.038329,0.713912,-0.045769,0.225502,Bellevue_150th_Newport
4047,0.675707,0.078223,0.038291,0.812526,-0.007062,0.258059,Bellevue_150th_Newport
4048,0.659639,0.064321,0.041533,0.686771,0.023523,0.180183,Bellevue_150th_Newport
4049,0.658522,0.061907,0.042714,0.70093,0.104596,0.159354,Bellevue_150th_Newport
4050,0.652456,0.058739,0.041794,0.682124,0.015572,0.216645,Bellevue_150th_Newport
4051,0.657668,0.064854,0.03969,0.690582,-0.021429,0.228082,Bellevue_150th_Newport
4052,0.66762,0.06554,0.041358,0.76005,0.075776,0.217597,Bellevue_150th_Newport
4053,0.665237,0.067264,0.042265,0.723508,0.045046,0.214646,Bellevue_150th_Newport
4054,0.666336,0.068352,0.040838,0.810968,0.075556,0.155086,Bellevue_150th_Newport
4055,0.642106,0.064094,0.041215,0.796846,0.015556,0.24143,Bellevue_150th_Newport
4056,0.672426,0.070198,0.037383,0.690132,0.034656,0.160159,Bellevue_150th_Newport
4057,0.6716,0.073225,0.036635,0.81466,0.016157,0.221134,Bellevue_150th_Newport
4058,0.652449,0.068685,0.040232,0.662173,0.044681,0.154205,Bellevue_150th_Newport
4059,0.667836,0.097031,0.03601,0.820263,0.151716,0.148394,Bellevue_150th_Newport
4060,0.629516,0.068396,0.040308,0.685342,0.1045,0.162369,Bellevue_150th_Newport
4061,0.65709,0.080608,0.041039,0.691286,0.093951,0.138995,Bellevue_150th_Newport
4062,0.668966,0.079058,0.039281,0.654211,0.01785,0.227941,Bellevue_150th_Newport
4063,0.666429,0.070577,0.041119,0.709015,0.102165,0.183462,Bellevue_150th_Newport
4064,0.623953,0.100247,0.037048,0.720819,0.138191,0.178982,Bellevue_150th_Newport
4065,0.673874,0.088952,0.037298,0.678744,0.12465,0.131264,Bellevue_150th_Newport
4066,0.650627,0.131131,0.031847,0.772512,0.119169,0.199827,Bellevue_150th_Newport
4067,0.666466,0.096435,0.036519,0.763574,0.139115,0.188813,Bellevue_150th_Newport
4068,0.615168,0.088153,0.034803,0.619507,0.099941,0.092257,Bellevue_150th_Newport
4069,0.673009,0.096632,0.038315,0.734075,0.18637,0.07078,Bellevue_150th_Newport
4070,0.665808,0.069527,0.042055,0.663237,0.120818,0.088345,Bellevue_150th_Newport
4071,0.681906,0.080087,0.038815,0.700745,0.085452,0.143989,Bellevue_150th_Newport
4072,0.641281,0.073718,0.042188,0.830376,0.186279,0.175113,Bellevue_150th_Newport
4073,0.670187,0.094024,0.035918,0.688902,0.092412,0.187384,Bellevue_150th_Newport
4074,0.655711,0.080005,0.040672,0.686732,0.053606,0.191661,Bellevue_150th_Newport
4075,0.635165,0.06691,0.040399,0.689141,0.081278,0.094907,Bellevue_150th_Newport
4076,0.658927,0.069562,0.043442,0.699219,0.114628,0.190866,Bellevue_150th_Newport
4077,0.635466,0.073678,0.042194,0.63464,0.076597,0.148624,Bellevue_150th_Newport
4078,0.645197,0.069495,0.041128,0.626963,0.080189,0.127354,Bellevue_150th_Newport
4079,0.662903,0.071947,0.039976,0.64922,0.094176,0.122841,Bellevue_150th_Newport
4080,0.657709,0.066984,0.040596,0.609245,0.052514,0.150507,Bellevue_150th_Newport
4081,0.636363,0.072386,0.041928,0.71654,0.072164,0.138499,Bellevue_150th_Newport
4082,0.659165,0.085427,0.038986,0.688013,0.006455,0.194851,Bellevue_150th_Newport
4083,0.658839,0.065941,0.040523,0.768058,0.042796,0.207276,Bellevue_150th_Newport
4084,0.673529,0.080758,0.038647,0.693727,0.090201,0.172252,Bellevue_150th_Newport
4085,0.610777,0.094535,0.037144,0.789089,0.236538,0.125837,Bellevue_150th_Newport
4086,0.664276,0.115272,0.030761,0.702847,0.156754,0.16024,Bellevue_150th_Newport
4087,0.661237,0.076732,0.038703,0.782544,0.144029,0.223703,Bellevue_150th_Newport
4088,0.66026,0.066217,0.043694,0.796333,0.156756,0.139274,Bellevue_150th_Newport
4089,0.625473,0.086312,0.042572,0.751626,0.134119,0.192033,Bellevue_150th_Newport
4090,0.643729,0.117984,0.034851,0.729588,0.070058,0.181096,Bellevue_150th_Newport
4091,0.604599,0.175204,0.088027,0.402933,0.073771,0.034993,Bellevue_Bellevue_NE8th
4092,0.601916,0.169551,0.085417,0.504816,0.084392,0.076354,Bellevue_Bellevue_NE8th
4093,0.585427,0.163706,0.085878,0.549059,0.234611,0.050568,Bellevue_Bellevue_NE8th
4094,0.569769,0.162386,0.08465,0.480354,0.311692,0.005,Bellevue_Bellevue_NE8th
4095,0.593538,0.162489,0.078873,0.526982,0.291701,0.061232,Bellevue_Bellevue_NE8th
4096,0.589488,0.153851,0.072688,0.49556,0.138669,0.145534,Bellevue_Bellevue_NE8th
4097,0.592922,0.170278,0.085218,0.403047,0.110202,0.110526,Bellevue_Bellevue_NE8th
4098,0.609593,0.177145,0.082982,0.436539,0.118264,0.14219,Bellevue_Bellevue_NE8th
4099,0.614356,0.17106,0.089375,0.434318,0.096866,0.134843,Bellevue_Bellevue_NE8th
4100,0.597188,0.169993,0.087931,0.490017,0.159935,0.090825,Bellevue_Bellevue_NE8th
4101,0.615017,0.164016,0.074201,0.505822,0.185498,0.081036,Bellevue_Bellevue_NE8th
4102,0.613423,0.171893,0.08759,0.381821,0.109151,0.092456,Bellevue_Bellevue_NE8th
4103,0.609172,0.1734,0.089273,0.364107,0.06472,0.094554,Bellevue_Bellevue_NE8th
4104,0.613216,0.175995,0.084463,0.398419,0.051151,0.128132,Bellevue_Bellevue_NE8th
4105,0.612262,0.174075,0.089764,0.39103,0.064593,0.136187,Bellevue_Bellevue_NE8th
4106,0.595517,0.170039,0.084816,0.51286,0.096441,0.188994,Bellevue_Bellevue_NE8th
4107,0.593706,0.170076,0.085127,0.488887,0.20007,0.08989,Bellevue_Bellevue_NE8th
4108,0.593351,0.167378,0.082101,0.551949,0.171228,0.085962,Bellevue_Bellevue_NE8th
4109,0.594487,0.17073,0.08521,0.568513,0.200189,0.054996,Bellevue_Bellevue_NE8th
4110,0.619683,0.154768,0.055426,0.640013,0.273329,0.077068,Bellevue_Bellevue_NE8th
4111,0.622042,0.175392,0.089256,0.674655,0.261275,0.150488,Bellevue_Bellevue_NE8th
4112,0.620333,0.166615,0.089932,0.649805,0.207155,0.120472,Bellevue_Bellevue_NE8th
4113,0.585101,0.167386,0.086127,0.608118,0.205731,0.104081,Bellevue_Bellevue_NE8th
4114,0.59802,0.171485,0.089653,0.354536,0.157101,0.082111,Bellevue_Bellevue_NE8th
4115,0.589712,0.171619,0.085035,0.440485,0.185211,0.04884,Bellevue_Bellevue_NE8th
4116,0.612729,0.174252,0.090699,0.362985,0.107521,0.061641,Bellevue_Bellevue_NE8th
4117,0.620143,0.176577,0.089587,0.425328,0.106378,0.084826,Bellevue_Bellevue_NE8th
4118,0.624624,0.175996,0.091211,0.569966,0.04882,0.090746,Bellevue_Bellevue_NE8th
4119,0.60055,0.155841,0.081944,0.57058,0.117249,0.056037,Bellevue_Bellevue_NE8th
4120,0.595618,0.172037,0.085058,0.554058,0.178283,0.035234,Bellevue_Bellevue_NE8th
4121,0.605809,0.172989,0.085768,0.306316,0.132631,0.025443,Bellevue_Bellevue_NE8th
4122,0.614078,0.172299,0.087388,0.470752,0.196005,0.02787,Bellevue_Bellevue_NE8th
4123,0.62066,0.175447,0.086569,0.607847,0.180221,0.084252,Bellevue_Bellevue_NE8th
4124,0.621385,0.17433,0.0859,0.550201,0.15337,0.085589,Bellevue_Bellevue_NE8th
4125,0.577687,0.161327,0.089304,0.47994,0.108991,0.131867,Bellevue_Bellevue_NE8th
4126,0.604624,0.172852,0.08858,0.443607,0.110421,0.134105,Bellevue_Bellevue_NE8th
4127,0.62228,0.179669,0.08947,0.557573,0.102352,0.102745,Bellevue_Bellevue_NE8th
4128,0.620208,0.174488,0.084188,0.565235,0.10842,0.11555,Bellevue_Bellevue_NE8th
4129,0.656873,0.167412,0.104136,0.61295,0.264789,0.039965,Bellevue_Bellevue_NE8th
4130,0.670235,0.184246,0.110577,0.599035,0.286758,0.076287,Bellevue_Bellevue_NE8th
4131,0.666372,0.183832,0.109022,0.719173,0.429002,0.08201,Bellevue_Bellevue_NE8th
4132,0.664292,0.171834,0.106723,0.538519,0.188635,0.05401,Bellevue_Bellevue_NE8th
4133,0.670907,0.175583,0.106271,0.529482,0.074868,0.040215,Bellevue_Bellevue_NE8th
4134,0.675308,0.165537,0.102981,0.519639,0.213474,-0.019671,Bellevue_Bellevue_NE8th
4135,0.661189,0.168974,0.102644,0.497506,0.239431,0.002237,Bellevue_Bellevue_NE8th
4136,0.670713,0.172471,0.10376,0.473548,0.163799,0.070569,Bellevue_Bellevue_NE8th
4137,0.6903,0.17904,0.10994,0.423715,0.160137,0.052241,Bellevue_Bellevue_NE8th
4138,0.686776,0.178842,0.109203,0.402014,0.136342,0.066209,Bellevue_Bellevue_NE8th
4139,0.658138,0.178998,0.100386,0.605391,0.166121,0.032624,Bellevue_Bellevue_NE8th
4140,0.675669,0.171188,0.098351,0.548354,0.129748,0.022637,Bellevue_Bellevue_NE8th
4141,0.682795,0.169943,0.096111,0.540626,0.157464,-0.00628,Bellevue_Bellevue_NE8th
4142,0.664584,0.167985,0.094141,0.404125,0.056818,0.086326,Bellevue_Bellevue_NE8th
4143,0.689032,0.159694,0.09297,0.519608,0.141027,0.089782,Bellevue_Bellevue_NE8th
4144,0.660577,0.164351,0.089423,0.545641,0.20443,0.094547,Bellevue_Bellevue_NE8th
4145,0.664427,0.185526,0.098732,0.525029,0.233524,0.087331,Bellevue_Bellevue_NE8th
4146,0.682016,0.188941,0.104516,0.473685,0.161864,0.084419,Bellevue_Bellevue_NE8th
4147,0.701181,0.089215,0.0519,0.494595,0.200714,0.125236,Bellevue_Bellevue_NE8th
4148,0.698969,0.092308,0.049962,0.454493,0.100282,0.156042,Bellevue_Bellevue_NE8th
4149,0.714564,0.092548,0.046933,0.566915,0.156969,0.126005,Bellevue_Bellevue_NE8th
4150,0.696193,0.10518,0.043201,0.540259,0.190084,0.156405,Bellevue_Bellevue_NE8th
4151,0.703678,0.093648,0.043762,0.61777,0.23008,0.078758,Bellevue_Bellevue_NE8th
4152,0.699766,0.127645,0.057259,0.695116,0.235342,0.049113,Bellevue_Bellevue_NE8th
4153,0.666875,0.180025,0.08797,0.642114,0.126199,0.081706,Bellevue_Bellevue_NE8th
4154,0.72316,0.099195,0.044656,0.541695,0.134092,0.116663,Bellevue_Bellevue_NE8th
4155,0.689353,0.127334,0.038329,0.491683,0.177672,0.151516,Bellevue_Bellevue_NE8th
4156,0.738275,0.122858,0.030259,0.562844,0.180724,0.14145,Bellevue_Bellevue_NE8th
4157,0.715985,0.118556,0.039262,0.682868,0.268782,0.144805,Bellevue_Bellevue_NE8th
4158,0.696745,0.10071,0.039549,0.700324,0.225924,0.133455,Bellevue_Bellevue_NE8th
4159,0.701538,0.090937,0.049307,0.610544,0.151732,0.05192,Bellevue_Bellevue_NE8th
4160,0.66833,0.181006,0.080337,0.770608,0.173672,0.115718,Bellevue_Bellevue_NE8th
4161,0.729405,0.136484,0.073249,0.537601,0.181998,0.075027,Bellevue_Bellevue_NE8th
4162,0.673821,0.155005,0.099481,0.55466,0.150879,0.140183,Bellevue_Bellevue_NE8th
4163,0.733005,0.122492,0.070256,0.611289,0.175838,0.023719,Bellevue_Bellevue_NE8th
4164,0.716049,0.095766,0.054246,0.596727,0.181524,0.076563,Bellevue_Bellevue_NE8th
4165,0.688774,0.089988,0.057696,0.525147,0.167488,0.063984,Bellevue_Bellevue_NE8th
4166,0.661294,0.128914,0.087291,0.592746,0.156207,0.167298,Bellevue_Bellevue_NE8th
4167,0.68981,0.143131,0.09278,0.729431,0.144611,0.22088,Bellevue_Bellevue_NE8th
4168,0.726248,0.113058,0.060422,0.76434,0.307293,0.088786,Bellevue_Bellevue_NE8th
4169,0.691819,0.084088,0.050952,0.669531,0.21497,0.118828,Bellevue_Bellevue_NE8th
4170,0.710272,0.13169,0.084996,0.604531,0.151289,0.154232,Bellevue_Bellevue_NE8th
4171,0.72556,0.098374,0.050836,0.493648,0.116643,0.064329,Bellevue_Bellevue_NE8th
4172,0.745254,0.109236,0.049211,0.587697,0.261479,-0.013934,Bellevue_Bellevue_NE8th
4173,0.66953,0.129086,0.089521,0.670073,0.268395,0.151266,Bellevue_Bellevue_NE8th
4174,0.709433,0.145218,0.090855,0.694146,0.278926,0.206958,Bellevue_Bellevue_NE8th
4175,0.696498,0.141375,0.091655,0.788292,0.199934,0.269796,Bellevue_Bellevue_NE8th
4176,0.745826,0.115831,0.056344,0.629481,0.139462,0.147077,Bellevue_Bellevue_NE8th
4177,0.684349,0.139465,0.083164,0.722081,0.170652,0.112237,Bellevue_Bellevue_NE8th
4178,0.705736,0.178461,0.102577,0.698329,0.131831,0.091766,Bellevue_Bellevue_NE8th
4179,0.727257,0.11304,0.057389,0.641381,0.216602,0.089682,Bellevue_Bellevue_NE8th
4180,0.70806,0.09125,0.050089,0.443049,0.159946,0.020263,Bellevue_Bellevue_NE8th
4181,0.7117,0.107561,0.054895,0.415929,0.106854,-0.005707,Bellevue_Bellevue_NE8th
4182,0.704477,0.152183,0.094094,0.549191,0.19679,-0.018129,Bellevue_Bellevue_NE8th
4183,0.708267,0.127799,0.077096,0.550306,0.188076,0.013265,Bellevue_Bellevue_NE8th
4184,0.692014,0.141161,0.092838,0.390702,0.106024,0.053435,Bellevue_Bellevue_NE8th
4185,0.660589,0.131742,0.090335,0.619594,0.272493,0.057048,Bellevue_Bellevue_NE8th
4186,0.714828,0.158429,0.10477,0.752994,0.474602,0.045149,Bellevue_Bellevue_NE8th
4187,0.69012,0.092281,0.05837,0.674175,0.427809,0.068954,Bellevue_Bellevue_NE8th
4188,0.663481,0.122733,0.093106,0.565899,0.324016,0.070036,Bellevue_Bellevue_NE8th
4189,0.704595,0.148426,0.099593,0.506431,0.154764,0.029893,Bellevue_Bellevue_NE8th
4190,0.705438,0.133089,0.088792,0.533575,0.085519,0.248016,Bellevue_Bellevue_NE8th
4191,0.663913,0.131516,0.094539,0.667657,0.109846,0.187516,Bellevue_Bellevue_NE8th
4192,0.69331,0.147771,0.101404,0.695754,0.192188,0.109051,Bellevue_Bellevue_NE8th
4193,0.708861,0.153945,0.104348,0.545565,0.084367,0.147517,Bellevue_Bellevue_NE8th
4194,0.696911,0.154701,0.104483,0.597683,0.11309,0.137592,Bellevue_Bellevue_NE8th
4195,0.658788,0.131485,0.095559,0.557113,0.112115,0.110236,Bellevue_Bellevue_NE8th
4196,0.625622,0.121422,0.085339,0.456191,-0.00153,0.126132,Bellevue_Bellevue_NE8th
4197,0.722288,0.157535,0.101916,0.303508,0.04216,0.055984,Bellevue_Bellevue_NE8th
4198,0.692914,0.132143,0.089086,0.562476,0.215723,0.0821,Bellevue_Bellevue_NE8th
4199,0.719853,0.148519,0.096855,0.634374,0.331215,0.064666,Bellevue_Bellevue_NE8th
4200,0.718106,0.097136,0.054223,0.679514,0.211724,0.13262,Bellevue_Bellevue_NE8th
4201,0.658244,0.124451,0.091412,0.711174,0.270368,0.152735,Bellevue_Bellevue_NE8th
4202,0.645078,0.126518,0.087805,0.726732,0.289781,0.13355,Bellevue_Bellevue_NE8th
4203,0.671788,0.128629,0.082564,0.570773,0.194015,0.091781,Bellevue_Bellevue_NE8th
4204,0.685604,0.135029,0.094693,0.551122,0.050242,0.057972,Bellevue_Bellevue_NE8th
4205,0.720766,0.09242,0.045967,0.579083,0.038778,0.058874,Bellevue_Bellevue_NE8th
4206,0.709216,0.107581,0.065307,0.620035,0.151653,0.071552,Bellevue_Bellevue_NE8th
4207,0.667648,0.132285,0.09529,0.710302,0.19344,0.035863,Bellevue_Bellevue_NE8th
4208,0.682835,0.082183,0.054559,0.613352,0.200749,0.045836,Bellevue_Bellevue_NE8th
4209,0.667211,0.125264,0.091707,0.527558,0.187389,0.04218,Bellevue_Bellevue_NE8th
4210,0.708386,0.144454,0.096031,0.574072,0.186883,0.061727,Bellevue_Bellevue_NE8th
4211,0.660322,0.13339,0.07988,0.393558,0.0564,0.117527,Bellevue_Bellevue_NE8th
4212,0.683209,0.116253,0.078429,0.419457,0.106465,0.110925,Bellevue_Bellevue_NE8th
4213,0.665994,0.118764,0.084158,0.590113,0.194915,0.053863,Bellevue_Bellevue_NE8th
4214,0.710554,0.08686,0.048863,0.640486,0.24362,0.088177,Bellevue_Bellevue_NE8th
4215,0.707396,0.079861,0.045691,0.552459,0.224953,0.060936,Bellevue_Bellevue_NE8th
4216,0.701971,0.096243,0.054893,0.570604,0.233633,0.034273,Bellevue_Bellevue_NE8th
4217,0.710295,0.087386,0.048372,0.641538,0.260377,0.043769,Bellevue_Bellevue_NE8th
4218,0.630125,0.106288,0.078682,0.707957,0.272032,0.086022,Bellevue_Bellevue_NE8th
4219,0.64672,0.105542,0.077375,0.67662,0.278713,0.064973,Bellevue_Bellevue_NE8th
4220,0.670299,0.112758,0.083006,0.900761,0.325949,0.008333,Bellevue_Bellevue_NE8th
4221,0.720353,0.091708,0.047662,0.646233,0.322136,0.027309,Bellevue_Bellevue_NE8th
4222,0.686566,0.135009,0.08964,0.630482,0.34006,0.009532,Bellevue_Bellevue_NE8th
4223,0.692205,0.154127,0.097897,0.671684,0.25734,0.107964,Bellevue_Bellevue_NE8th
4224,0.674776,0.131121,0.08969,0.651695,0.245029,0.172706,Bellevue_Bellevue_NE8th
4225,0.68334,0.104243,0.07096,0.665894,0.19443,0.127794,Bellevue_Bellevue_NE8th
4226,0.659975,0.115,0.064555,0.696636,0.29204,0.095858,Bellevue_Bellevue_NE8th
4227,0.690064,0.131709,0.089281,0.663608,0.163041,0.144494,Bellevue_Bellevue_NE8th
4228,0.673767,0.078783,0.04915,0.567096,0.111332,0.112121,Bellevue_Bellevue_NE8th
4229,0.693242,0.141229,0.088797,0.600194,0.099114,0.174601,Bellevue_Bellevue_NE8th
4230,0.684998,0.083167,0.049138,0.670415,0.162959,0.138377,Bellevue_Bellevue_NE8th
4231,0.681312,0.077226,0.046819,0.59459,0.246651,0.117135,Bellevue_Bellevue_NE8th
4232,0.711889,0.090036,0.046849,0.569382,0.200503,0.103384,Bellevue_Bellevue_NE8th
4233,0.693214,0.087571,0.047782,0.625126,0.274233,0.089899,Bellevue_Bellevue_NE8th
4234,0.640435,0.112342,0.065982,0.613372,0.244299,0.078882,Bellevue_Bellevue_NE8th
4235,0.670033,0.123839,0.086042,0.59345,0.109842,0.147924,Bellevue_Bellevue_NE8th
4236,0.725855,0.095033,0.048016,0.5682,0.061633,0.106885,Bellevue_Bellevue_NE8th
4237,0.675475,0.106655,0.067069,0.58269,0.10218,0.071319,Bellevue_Bellevue_NE8th
4238,0.669987,0.142836,0.092973,0.617407,0.138352,0.099247,Bellevue_Bellevue_NE8th
4239,0.685694,0.130848,0.089758,0.525318,0.142269,0.094122,Bellevue_Bellevue_NE8th
4240,0.709417,0.089549,0.051214,0.511369,0.210346,0.032906,Bellevue_Bellevue_NE8th
4241,0.689956,0.125595,0.08992,0.489821,0.15819,0.020906,Bellevue_Bellevue_NE8th
4242,0.662226,0.10779,0.08305,0.499815,0.210225,0.061587,Bellevue_Bellevue_NE8th
4243,0.66202,0.113193,0.085207,0.39074,0.113694,0.008796,Bellevue_Bellevue_NE8th
4244,0.672365,0.132984,0.090073,0.509346,0.138323,0.097158,Bellevue_Bellevue_NE8th
4245,0.662336,0.112241,0.079431,0.531148,0.135306,0.103237,Bellevue_Bellevue_NE8th
4246,0.666032,0.094708,0.062468,0.449696,0.25621,0.067366,Bellevue_Bellevue_NE8th
4247,0.692868,0.132696,0.077031,0.480257,0.242111,0.042221,Bellevue_Bellevue_NE8th
4248,0.652755,0.093091,0.074899,0.56062,0.272187,0.057509,Bellevue_Bellevue_NE8th
4249,0.631258,0.098182,0.072085,0.467612,0.181868,0.053804,Bellevue_Bellevue_NE8th
4250,0.650744,0.141964,0.085299,0.344787,0.11753,-0.047858,Bellevue_Bellevue_NE8th
4251,0.69855,0.082923,0.043043,0.294772,0.019882,-0.074616,Bellevue_Bellevue_NE8th
4252,0.724402,0.094758,0.042788,0.493977,0.099973,0.033679,Bellevue_Bellevue_NE8th
4253,0.67441,0.106703,0.045426,0.414887,0.179214,0.093243,Bellevue_Bellevue_NE8th
4254,0.712472,0.094839,0.047404,0.499656,0.179876,0.039984,Bellevue_Bellevue_NE8th
4255,0.633865,0.092435,0.07347,0.556127,0.24534,-0.067342,Bellevue_Bellevue_NE8th
4256,0.65572,0.11222,0.084595,0.582655,0.383761,-0.155622,Bellevue_Bellevue_NE8th
4257,0.67104,0.085554,0.064702,0.525655,0.322858,-0.019268,Bellevue_Bellevue_NE8th
4258,0.680972,0.122879,0.080568,0.451401,0.28232,0.024919,Bellevue_Bellevue_NE8th
4259,0.673674,0.142729,0.081779,0.526685,0.291369,0.028416,Bellevue_Bellevue_NE8th
4260,0.698702,0.087623,0.043794,0.511272,0.267592,0.019481,Bellevue_Bellevue_NE8th
4261,0.70959,0.098319,0.045749,0.575604,0.298881,0.034501,Bellevue_Bellevue_NE8th
4262,0.691305,0.084071,0.046713,0.613097,0.276205,0.090323,Bellevue_Bellevue_NE8th
4263,0.675532,0.092668,0.045659,0.599984,0.155399,0.059292,Bellevue_Bellevue_NE8th
4264,0.672287,0.115957,0.082466,0.704968,0.207612,0.129434,Bellevue_Bellevue_NE8th
4265,0.691432,0.077414,0.045518,0.744235,0.178744,0.05701,Bellevue_Bellevue_NE8th
4266,0.656756,0.078204,0.047444,0.479934,0.189434,0.044553,Bellevue_Bellevue_NE8th
4267,0.655716,0.125989,0.090256,0.489599,0.190404,0.051038,Bellevue_Bellevue_NE8th
4268,0.665769,0.078604,0.057582,0.428017,0.194862,0.031284,Bellevue_Bellevue_NE8th
4269,0.69734,0.08297,0.046949,0.456758,0.132601,0.057527,Bellevue_Bellevue_NE8th
4270,0.666006,0.066268,0.048841,0.622283,0.144818,0.094358,Bellevue_Bellevue_NE8th
4271,0.651712,0.105069,0.08076,0.816376,0.041799,0.079881,Bellevue_Bellevue_NE8th
4272,0.700193,0.083988,0.048914,0.460405,0.063493,0.08368,Bellevue_Bellevue_NE8th
4273,0.686202,0.142068,0.101234,0.624173,0.125431,0.156017,Bellevue_Bellevue_NE8th
4274,0.697806,0.121286,0.08079,0.674098,0.153755,0.073062,Bellevue_Bellevue_NE8th
4275,0.671314,0.072818,0.05508,0.68198,0.218998,0.031113,Bellevue_Bellevue_NE8th
4276,0.661288,0.118945,0.089429,0.713646,0.291041,-0.003762,Bellevue_Bellevue_NE8th
4277,0.649595,0.110311,0.080079,0.745404,0.180339,-0.011518,Bellevue_Bellevue_NE8th
4278,0.672039,0.095345,0.065634,0.520508,0.122296,0.051745,Bellevue_Bellevue_NE8th
4279,0.644034,0.121251,0.091586,0.454211,0.073579,-0.045399,Bellevue_Bellevue_NE8th
4280,0.699623,0.126313,0.08382,0.518125,0.049567,-0.002172,Bellevue_Bellevue_NE8th
4281,0.696518,0.08452,0.04925,0.702981,0.196826,0.003811,Bellevue_Bellevue_NE8th
4282,0.691463,0.081077,0.055621,0.756137,0.234433,0.074584,Bellevue_Bellevue_NE8th
4283,0.672721,0.080553,0.0552,0.737939,0.267122,0.085724,Bellevue_Bellevue_NE8th
4284,0.696085,0.104865,0.063675,0.729983,0.299477,0.016417,Bellevue_Bellevue_NE8th
4285,0.655981,0.114555,0.086528,0.629996,0.178936,0.133743,Bellevue_Bellevue_NE8th
4286,0.664003,0.125986,0.078785,0.692047,0.159022,0.240935,Bellevue_Bellevue_NE8th
4287,0.692821,0.086503,0.05175,0.630361,0.202861,0.041787,Bellevue_Bellevue_NE8th
4288,0.705661,0.134146,0.086493,0.503072,0.086448,0.051616,Bellevue_Bellevue_NE8th
4289,0.708967,0.096692,0.053992,0.497651,0.113315,0.088665,Bellevue_Bellevue_NE8th
4290,0.70813,0.083049,0.044104,0.529627,0.194665,0.06992,Bellevue_Bellevue_NE8th
4291,0.700827,0.08971,0.052254,0.520491,0.178596,-0.007186,Bellevue_Bellevue_NE8th
4292,0.686177,0.137231,0.090939,0.574156,0.233497,-0.004189,Bellevue_Bellevue_NE8th
4293,0.671502,0.132492,0.089142,0.609191,0.156291,0.047956,Bellevue_Bellevue_NE8th
4294,0.645408,0.129112,0.087769,0.607373,0.136612,0.107009,Bellevue_Bellevue_NE8th
4295,0.679439,0.149637,0.096529,0.653969,0.251057,-0.027106,Bellevue_Bellevue_NE8th
4296,0.678427,0.125876,0.085057,0.660516,0.217507,-0.001436,Bellevue_Bellevue_NE8th
4297,0.688416,0.085814,0.049486,0.592131,0.201759,0.049836,Bellevue_Bellevue_NE8th
4298,0.657601,0.124384,0.086208,0.633499,0.174139,0.100081,Bellevue_Bellevue_NE8th
4299,0.683843,0.078024,0.048184,0.646402,0.171503,0.044775,Bellevue_Bellevue_NE8th
4300,0.644584,0.092176,0.078567,0.591466,0.152791,0.05725,Bellevue_Bellevue_NE8th
4301,0.631694,0.115284,0.079823,0.503821,0.227363,0.042773,Bellevue_Bellevue_NE8th
4302,0.679291,0.139742,0.084912,0.610132,0.236663,0.07403,Bellevue_Bellevue_NE8th
4303,0.696391,0.079999,0.047244,0.632479,0.207194,0.065704,Bellevue_Bellevue_NE8th
4304,0.683155,0.078248,0.050221,0.5927,0.221768,0.081826,Bellevue_Bellevue_NE8th
4305,0.654394,0.067267,0.048719,0.681425,0.283666,0.03087,Bellevue_Bellevue_NE8th
4306,0.635654,0.127616,0.084863,0.659857,0.252602,0.012552,Bellevue_Bellevue_NE8th
4307,0.626991,0.121324,0.071533,0.547409,0.148919,0.085635,Bellevue_Bellevue_NE8th
4308,0.644849,0.130086,0.083084,0.672731,0.277677,0.076549,Bellevue_Bellevue_NE8th
4309,0.661735,0.152512,0.075737,0.674453,0.321285,0.114132,Bellevue_Bellevue_NE8th
4310,0.676927,0.08641,0.045453,0.73738,0.405155,0.130447,Bellevue_Bellevue_NE8th
4311,0.709092,0.093543,0.041538,0.76384,0.346064,0.071606,Bellevue_Bellevue_NE8th
4312,0.698229,0.094303,0.04483,0.771468,0.367409,0.061897,Bellevue_Bellevue_NE8th
4313,0.676736,0.094297,0.046348,0.766575,0.322042,0.06567,Bellevue_Bellevue_NE8th
4314,0.653126,0.127006,0.079158,0.66509,0.230491,0.096008,Bellevue_Bellevue_NE8th
4315,0.639909,0.140039,0.080139,0.61309,0.154292,0.122272,Bellevue_Bellevue_NE8th
4316,0.7113,0.09428,0.043442,0.587603,0.167932,0.086675,Bellevue_Bellevue_NE8th
4317,0.677936,0.118782,0.053099,0.561702,0.131534,0.047321,Bellevue_Bellevue_NE8th
4318,0.611256,0.107992,0.080625,0.475857,0.182325,0.077979,Bellevue_Bellevue_NE8th
4319,0.651825,0.157284,0.0936,0.411928,0.228676,0.10079,Bellevue_Bellevue_NE8th
4320,0.697112,0.091122,0.054768,0.424069,0.193657,0.106087,Bellevue_Bellevue_NE8th
4321,0.627541,0.097618,0.082469,0.505699,0.118685,0.078119,Bellevue_Bellevue_NE8th
4322,0.636186,0.107481,0.084538,0.521017,0.142069,0.008795,Bellevue_Bellevue_NE8th
4323,0.707352,0.138509,0.086819,0.523168,0.060309,0.013013,Bellevue_Bellevue_NE8th
4324,0.696807,0.093918,0.054507,0.431479,-0.021398,0.011345,Bellevue_Bellevue_NE8th
4325,0.670957,0.137626,0.089279,0.593181,-0.02124,0.116788,Bellevue_Bellevue_NE8th
4326,0.641256,0.110719,0.082605,0.427689,0.100359,0.055139,Bellevue_Bellevue_NE8th
4327,0.68977,0.133245,0.084814,0.466045,0.037891,0.091857,Bellevue_Bellevue_NE8th
4328,0.70809,0.086312,0.048573,0.544995,0.037745,0.084861,Bellevue_Bellevue_NE8th
4329,0.678777,0.115762,0.079557,0.542913,0.171534,0.042646,Bellevue_Bellevue_NE8th
4330,0.64528,0.118247,0.064991,0.48975,0.204659,0.078454,Bellevue_Bellevue_NE8th
4331,0.641039,0.129596,0.088218,0.468968,0.197184,0.122913,Bellevue_Bellevue_NE8th
4332,0.656768,0.127197,0.082992,0.621522,0.248213,0.152464,Bellevue_Bellevue_NE8th
4333,0.65992,0.143597,0.080237,0.597709,0.203566,0.082554,Bellevue_Bellevue_NE8th
4334,0.655867,0.122779,0.075099,0.517892,0.204725,0.047684,Bellevue_Bellevue_NE8th
4335,0.682193,0.080898,0.045416,0.530913,0.150249,0.054146,Bellevue_Bellevue_NE8th
4336,0.63639,0.129398,0.080406,0.577852,0.068897,0.087068,Bellevue_Bellevue_NE8th
4337,0.635619,0.112316,0.080339,0.715637,0.212427,0.075991,Bellevue_Bellevue_NE8th
4338,0.627921,0.126599,0.086249,0.778652,0.175587,0.169295,Bellevue_Bellevue_NE8th
4339,0.659447,0.109725,0.083022,0.648876,0.164874,0.113575,Bellevue_Bellevue_NE8th
4340,0.654077,0.140961,0.086807,0.601596,0.124885,0.132422,Bellevue_Bellevue_NE8th
4341,0.630809,0.106496,0.085093,0.602332,0.143087,0.096341,Bellevue_Bellevue_NE8th
4342,0.681067,0.128679,0.082365,0.564594,0.124642,0.086807,Bellevue_Bellevue_NE8th
4343,0.669531,0.068954,0.049051,0.491668,0.034299,0.176984,Bellevue_Bellevue_NE8th
4344,0.684647,0.146203,0.089807,0.596074,0.052217,0.235888,Bellevue_Bellevue_NE8th
4345,0.660385,0.127016,0.084012,0.645592,0.049819,0.278056,Bellevue_Bellevue_NE8th
4346,0.684048,0.128672,0.089414,0.692308,0.027024,0.325748,Bellevue_Bellevue_NE8th
4347,0.693977,0.101623,0.05352,0.595239,0.099006,0.080555,Bellevue_Bellevue_NE8th
4348,0.678404,0.095217,0.062726,0.631556,0.110612,0.121329,Bellevue_Bellevue_NE8th
4349,0.657675,0.131497,0.0917,0.748469,0.222057,0.198602,Bellevue_Bellevue_NE8th
4350,0.648384,0.14034,0.083079,0.788816,0.317103,0.236442,Bellevue_Bellevue_NE8th
4351,0.681507,0.096163,0.052795,0.64931,0.357541,0.088581,Bellevue_Bellevue_NE8th
4352,0.614696,0.114153,0.082056,0.681138,0.284071,0.082828,Bellevue_Bellevue_NE8th
4353,0.629388,0.135135,0.081929,0.53082,0.134427,0.073706,Bellevue_Bellevue_NE8th
4354,0.651891,0.169511,0.083678,0.431856,0.166411,0.141093,Bellevue_Bellevue_NE8th
4355,0.696337,0.137901,0.032432,0.44559,0.192707,0.105915,Bellevue_Bellevue_NE8th
4356,0.689285,0.141911,0.034158,0.457199,0.241393,0.074453,Bellevue_Bellevue_NE8th
4357,0.679583,0.141109,0.036895,0.457098,0.202947,0.031392,Bellevue_Bellevue_NE8th
4358,0.66639,0.138604,0.041707,0.466617,0.191018,0.048626,Bellevue_Bellevue_NE8th
4359,0.675872,0.138313,0.042983,0.490083,0.24594,0.045233,Bellevue_Bellevue_NE8th
4360,0.657682,0.14069,0.052196,0.599623,0.247876,0.055485,Bellevue_Bellevue_NE8th
4361,0.661862,0.163671,0.077603,0.506373,0.219937,0.071204,Bellevue_Bellevue_NE8th
4362,0.68838,0.140011,0.032345,0.647777,0.349429,0.077969,Bellevue_Bellevue_NE8th
4363,0.679397,0.138412,0.03376,0.523021,0.233633,0.115711,Bellevue_Bellevue_NE8th
4364,0.663003,0.136721,0.040655,0.535277,0.189405,0.053062,Bellevue_Bellevue_NE8th
4365,0.649911,0.125025,0.041175,0.439397,0.148108,0.072526,Bellevue_Bellevue_NE8th
4366,0.678204,0.141063,0.034079,0.443224,0.147441,0.022249,Bellevue_Bellevue_NE8th
4367,0.673606,0.136776,0.035158,0.365609,0.108643,0.036531,Bellevue_Bellevue_NE8th
4368,0.671264,0.131004,0.049325,0.457863,0.200087,0.025303,Bellevue_Bellevue_NE8th
4369,0.684311,0.138029,0.034596,0.574041,0.212626,0.087069,Bellevue_Bellevue_NE8th
4370,0.688418,0.138561,0.028907,0.586375,0.212855,0.072013,Bellevue_Bellevue_NE8th
4371,0.661117,0.139656,0.038064,0.548953,0.225234,0.049864,Bellevue_Bellevue_NE8th
4372,0.66183,0.141888,0.036851,0.522321,0.196541,0.076895,Bellevue_Bellevue_NE8th
4373,0.625298,0.174756,0.082772,0.55449,0.202119,0.074487,Bellevue_Bellevue_NE8th
4374,0.667336,0.135267,0.024879,0.579547,0.220567,0.048222,Bellevue_Bellevue_NE8th
4375,0.624073,0.164345,0.08238,0.566598,0.190759,0.05996,Bellevue_Bellevue_NE8th
4376,0.655368,0.173442,0.08352,0.525673,0.084351,0.113188,Bellevue_Bellevue_NE8th
4377,0.661866,0.141412,0.042689,0.424931,0.039713,0.0964,Bellevue_Bellevue_NE8th
4378,0.65197,0.161538,0.05998,0.454051,0.119271,0.097923,Bellevue_Bellevue_NE8th
4379,0.646076,0.143391,0.035609,0.476023,0.165964,0.082483,Bellevue_Bellevue_NE8th
4380,0.683497,0.145354,0.021984,0.4032,0.134681,0.05173,Bellevue_Bellevue_NE8th
4381,0.656219,0.138604,0.024276,0.331976,0.123745,0.051255,Bellevue_Bellevue_NE8th
4382,0.651566,0.124461,0.022191,0.446077,0.159146,0.055242,Bellevue_Bellevue_NE8th
4383,0.658694,0.132572,0.033717,0.289825,0.074754,-0.042339,Bellevue_Bellevue_NE8th
4384,0.639421,0.165353,0.064981,0.265886,0.028823,-0.024378,Bellevue_Bellevue_NE8th
4385,0.653147,0.116083,0.029666,0.321946,0.155018,-0.035808,Bellevue_Bellevue_NE8th
4386,0.668601,0.142656,0.032802,0.51371,0.164897,0.03999,Bellevue_Bellevue_NE8th
4387,0.665931,0.134864,0.039814,0.594386,0.220764,0.080948,Bellevue_Bellevue_NE8th
4388,0.616824,0.171511,0.086548,0.598736,0.207668,0.104405,Bellevue_Bellevue_NE8th
4389,0.658735,0.146899,0.039692,0.643125,0.241323,0.121219,Bellevue_Bellevue_NE8th
4390,0.657955,0.133957,0.029699,0.605599,0.202965,0.045773,Bellevue_Bellevue_NE8th
4391,0.650967,0.127581,0.036302,0.375779,0.157272,0.030368,Bellevue_Bellevue_NE8th
4392,0.674201,0.14108,0.037784,0.562037,0.236243,-0.063955,Bellevue_Bellevue_NE8th
4393,0.671394,0.121859,0.02186,0.54924,0.092488,0.046025,Bellevue_Bellevue_NE8th
4394,0.644351,0.127288,0.041093,0.55599,0.16597,0.081786,Bellevue_Bellevue_NE8th
4395,0.614168,0.169195,0.086408,0.588323,0.245304,0.105482,Bellevue_Bellevue_NE8th
4396,0.562026,0.151038,0.082108,0.508026,0.186013,0.140787,Bellevue_Bellevue_NE8th
4397,0.589278,0.15995,0.079299,0.548188,0.225441,0.089708,Bellevue_Bellevue_NE8th
4398,0.575253,0.149451,0.074917,0.619527,0.239588,0.11234,Bellevue_Bellevue_NE8th
4399,0.590553,0.155213,0.08113,0.493964,0.232176,0.062509,Bellevue_Bellevue_NE8th
4400,0.64001,0.16883,0.07562,0.414523,0.253376,0.048273,Bellevue_Bellevue_NE8th
4401,0.639251,0.162491,0.073108,0.580556,0.213476,0.195751,Bellevue_Bellevue_NE8th
4402,0.641584,0.135675,0.043066,0.661056,0.226766,0.132365,Bellevue_Bellevue_NE8th
4403,0.610861,0.16204,0.080013,0.671734,0.399328,0.086059,Bellevue_Bellevue_NE8th
4404,0.567288,0.141393,0.075431,0.718118,0.374185,0.098025,Bellevue_Bellevue_NE8th
4405,0.563496,0.146174,0.078147,0.535612,0.289279,0.059824,Bellevue_Bellevue_NE8th
4406,0.561722,0.150365,0.078892,0.544476,0.260086,0.064102,Bellevue_Bellevue_NE8th
4407,0.595752,0.158355,0.082501,0.576928,0.260784,0.037223,Bellevue_Bellevue_NE8th
4408,0.609921,0.154942,0.078131,0.492308,0.192732,0.128704,Bellevue_Bellevue_NE8th
4409,0.629817,0.160979,0.085061,0.476446,0.176457,0.085485,Bellevue_Bellevue_NE8th
4410,0.58885,0.152445,0.074106,0.36939,0.129818,0.090237,Bellevue_Bellevue_NE8th
4411,0.593884,0.155962,0.083175,0.289358,0.083015,0.10161,Bellevue_Bellevue_NE8th
4412,0.549101,0.135014,0.069449,0.261859,0.029621,0.1181,Bellevue_Bellevue_NE8th
4413,0.548932,0.136355,0.05133,0.429652,0.147625,0.097812,Bellevue_Bellevue_NE8th
4414,0.569763,0.152142,0.076084,0.61348,0.188225,0.118958,Bellevue_Bellevue_NE8th
4415,0.599878,0.163707,0.083665,0.605152,0.097073,0.129374,Bellevue_Bellevue_NE8th
4416,0.609364,0.164938,0.077743,0.527744,0.06868,0.110609,Bellevue_Bellevue_NE8th
4417,0.596219,0.158176,0.082384,0.512792,0.046868,0.138968,Bellevue_Bellevue_NE8th
4418,0.578443,0.150629,0.082851,0.522937,0.0613,0.18856,Bellevue_Bellevue_NE8th
4419,0.575435,0.149619,0.082395,0.478256,0.081498,0.176802,Bellevue_Bellevue_NE8th
4420,0.572626,0.147529,0.081337,0.598442,0.0789,0.173578,Bellevue_Bellevue_NE8th
4421,0.570742,0.137792,0.078562,0.476792,0.111144,0.184903,Bellevue_Bellevue_NE8th
4422,0.596244,0.163749,0.08274,0.485319,0.180483,0.16064,Bellevue_Bellevue_NE8th
4423,0.573025,0.151917,0.082937,0.494062,0.192347,0.063788,Bellevue_Bellevue_NE8th
4424,0.603109,0.157707,0.082097,0.596848,0.174211,0.157986,Bellevue_Bellevue_NE8th
4425,0.615746,0.15417,0.080716,0.561211,0.16802,0.095201,Bellevue_Bellevue_NE8th
4426,0.603436,0.166326,0.080348,0.555513,0.097781,0.117661,Bellevue_Bellevue_NE8th
4427,0.55127,0.144253,0.079999,0.625173,0.074906,0.134435,Bellevue_Bellevue_NE8th
4428,0.563939,0.139323,0.077134,0.587735,0.053709,0.089619,Bellevue_Bellevue_NE8th
4429,0.585209,0.150289,0.071258,0.60309,0.142569,0.039348,Bellevue_Bellevue_NE8th
4430,0.604704,0.162032,0.082517,0.544824,0.190278,0.05974,Bellevue_Bellevue_NE8th
4431,0.572833,0.154758,0.082001,0.609926,0.195912,0.119989,Bellevue_Bellevue_NE8th
4432,0.556205,0.152787,0.078777,0.657971,0.292348,0.063963,Bellevue_Bellevue_NE8th
4433,0.55792,0.152763,0.076634,0.55904,0.261147,0.094566,Bellevue_Bellevue_NE8th
4434,0.605479,0.168882,0.082575,0.599599,0.257652,-0.016371,Bellevue_Bellevue_NE8th
4435,0.597658,0.165014,0.084471,0.60593,0.209092,0.023777,Bellevue_Bellevue_NE8th
4436,0.618873,0.171922,0.084244,0.575159,0.201558,0.075834,Bellevue_Bellevue_NE8th
4437,0.605925,0.171039,0.083738,0.573433,0.130926,0.155356,Bellevue_Bellevue_NE8th
4438,0.580151,0.148771,0.076967,0.576062,0.049425,0.143215,Bellevue_Bellevue_NE8th
4439,0.575044,0.150117,0.078846,0.623188,0.193848,0.09054,Bellevue_Bellevue_NE8th
4440,0.573207,0.156651,0.080605,0.522453,0.118639,0.156267,Bellevue_Bellevue_NE8th
4441,0.580612,0.159528,0.079927,0.587841,0.210268,0.138269,Bellevue_Bellevue_NE8th
4442,0.568167,0.155144,0.080025,0.596977,0.110245,0.208164,Bellevue_Bellevue_NE8th
4443,0.562891,0.150972,0.076791,0.642346,0.166738,0.169904,Bellevue_Bellevue_NE8th
4444,0.561082,0.15399,0.076874,0.518464,0.190366,0.085026,Bellevue_Bellevue_NE8th
4445,0.569967,0.161983,0.068553,0.545939,0.201374,0.095595,Bellevue_Bellevue_NE8th
4446,0.570732,0.15777,0.076874,0.57056,0.152665,0.076214,Bellevue_Bellevue_NE8th
4447,0.590433,0.158883,0.078739,0.454569,0.12507,0.049292,Bellevue_Bellevue_NE8th
4448,0.624416,0.168681,0.084554,0.457888,0.13707,0.066245,Bellevue_Bellevue_NE8th
4449,0.600278,0.160638,0.07828,0.49497,0.19533,0.053984,Bellevue_Bellevue_NE8th
4450,0.604766,0.163924,0.079144,0.679413,0.271915,0.111789,Bellevue_Bellevue_NE8th
4451,0.584396,0.1617,0.08244,0.639764,0.317698,0.058032,Bellevue_Bellevue_NE8th
4452,0.554197,0.152821,0.080013,0.634239,0.294447,0.093906,Bellevue_Bellevue_NE8th
4453,0.555309,0.150479,0.06968,0.543221,0.253829,0.047076,Bellevue_Bellevue_NE8th
4454,0.580912,0.158484,0.08456,0.574519,0.180803,0.093585,Bellevue_Bellevue_NE8th
4455,0.628811,0.175062,0.078257,0.536785,0.132136,0.125056,Bellevue_Bellevue_NE8th
4456,0.617449,0.167195,0.083146,0.610566,0.089489,0.22737,Bellevue_Bellevue_NE8th
4457,0.569825,0.151061,0.080565,0.655008,0.230347,0.197066,Bellevue_Bellevue_NE8th
4458,0.596871,0.16316,0.082133,0.651154,0.264621,0.145575,Bellevue_Bellevue_NE8th
4459,0.554243,0.145229,0.08213,0.402782,0.131284,0.080117,Bellevue_Bellevue_NE8th
4460,0.553703,0.151474,0.081873,0.427391,0.201895,0.042177,Bellevue_Bellevue_NE8th
4461,0.563786,0.15417,0.081778,0.495578,0.182368,0.098575,Bellevue_Bellevue_NE8th
4462,0.594905,0.159118,0.083418,0.525153,0.197602,0.081197,Bellevue_Bellevue_NE8th
4463,0.597275,0.160233,0.082176,0.668684,0.157914,0.083764,Bellevue_Bellevue_NE8th
4464,0.560705,0.138572,0.077272,0.646198,0.164612,0.10476,Bellevue_Bellevue_NE8th
4465,0.577568,0.150225,0.078746,0.502901,0.151837,0.022284,Bellevue_Bellevue_NE8th
4466,0.592201,0.163112,0.080113,0.465149,0.231033,0.011554,Bellevue_Bellevue_NE8th
4467,0.540821,0.143954,0.081363,0.391474,0.10674,0.070006,Bellevue_Bellevue_NE8th
4468,0.547191,0.146218,0.081569,0.360485,0.104941,0.001969,Bellevue_Bellevue_NE8th
4469,0.53784,0.142626,0.080257,0.468788,0.199501,-0.023996,Bellevue_Bellevue_NE8th
4470,0.586158,0.153687,0.080831,0.604527,0.192965,0.042467,Bellevue_Bellevue_NE8th
4471,0.554356,0.145764,0.080258,0.581484,0.198804,0.125812,Bellevue_Bellevue_NE8th
4472,0.56614,0.149857,0.083519,0.526289,0.104222,0.205702,Bellevue_Bellevue_NE8th
4473,0.555405,0.148718,0.078756,0.486448,0.149806,0.12532,Bellevue_Bellevue_NE8th
4474,0.569215,0.156033,0.081848,0.558489,0.099791,0.144086,Bellevue_Bellevue_NE8th
4475,0.544465,0.145766,0.082803,0.556967,0.142514,0.19515,Bellevue_Bellevue_NE8th
4476,0.526676,0.140871,0.079766,0.476008,0.166978,0.098582,Bellevue_Bellevue_NE8th
4477,0.554024,0.152672,0.082862,0.527983,0.26664,0.047701,Bellevue_Bellevue_NE8th
4478,0.559018,0.146364,0.082603,0.529499,0.231886,0.066613,Bellevue_Bellevue_NE8th
4479,0.602767,0.168207,0.082563,0.728643,0.288003,0.138657,Bellevue_Bellevue_NE8th
4480,0.582034,0.159565,0.08374,0.708558,0.224367,0.191786,Bellevue_Bellevue_NE8th
4481,0.564973,0.154839,0.082114,0.764941,0.243146,0.208887,Bellevue_Bellevue_NE8th
4482,0.540143,0.142724,0.077578,0.780062,0.305404,0.164887,Bellevue_Bellevue_NE8th
4483,0.546059,0.147124,0.072836,0.606384,0.218148,0.158956,Bellevue_Bellevue_NE8th
4484,0.562786,0.158404,0.081551,0.550785,0.18748,0.145634,Bellevue_Bellevue_NE8th
4485,0.548412,0.147602,0.080424,0.491815,0.226665,0.070839,Bellevue_Bellevue_NE8th
4486,0.578332,0.160367,0.082523,0.524998,0.158806,0.124019,Bellevue_Bellevue_NE8th
4487,0.596673,0.164401,0.082933,0.496467,0.134857,0.07579,Bellevue_Bellevue_NE8th
4488,0.559454,0.156346,0.078879,0.404579,0.077716,0.083134,Bellevue_Bellevue_NE8th
4489,0.531272,0.145457,0.079228,0.420077,0.102051,0.092499,Bellevue_Bellevue_NE8th
4490,0.543661,0.149577,0.079795,0.371334,0.097535,0.096191,Bellevue_Bellevue_NE8th
4491,0.553874,0.151116,0.080921,0.374559,0.086651,0.074563,Bellevue_Bellevue_NE8th
4492,0.543364,0.152026,0.079752,0.371666,0.119748,0.047408,Bellevue_Bellevue_NE8th
4493,0.52929,0.142444,0.079896,0.413265,0.03907,0.049208,Bellevue_Bellevue_NE8th
4494,0.578624,0.156365,0.083936,0.546611,0.095654,0.054698,Bellevue_Bellevue_NE8th
4495,0.569346,0.153227,0.081002,0.518946,0.219242,0.055439,Bellevue_Bellevue_NE8th
4496,0.561925,0.150474,0.083082,0.49621,0.186292,0.054693,Bellevue_Bellevue_NE8th
4497,0.552747,0.143554,0.078532,0.515574,0.17075,0.045914,Bellevue_Bellevue_NE8th
4498,0.545623,0.147328,0.080944,0.545893,0.138027,0.059316,Bellevue_Bellevue_NE8th
4499,0.533594,0.145462,0.080935,0.389649,0.108074,0.100477,Bellevue_Bellevue_NE8th
4500,0.530898,0.146412,0.079222,0.31244,0.100374,0.047813,Bellevue_Bellevue_NE8th
4501,0.540179,0.146893,0.081508,0.516899,0.211827,0.098286,Bellevue_Bellevue_NE8th
4502,0.569952,0.15589,0.083225,0.503572,0.149912,0.119267,Bellevue_Bellevue_NE8th
4503,0.584548,0.157568,0.081958,0.486631,0.094977,0.193143,Bellevue_Bellevue_NE8th
4504,0.540229,0.141706,0.081484,0.441606,0.110287,0.137148,Bellevue_Bellevue_NE8th
4505,0.540788,0.145644,0.081421,0.423189,0.13266,0.173366,Bellevue_Bellevue_NE8th
4506,0.515457,0.133947,0.077506,0.550018,0.112113,0.254991,Bellevue_Bellevue_NE8th
4507,0.510577,0.134729,0.079639,0.631121,0.14802,0.119098,Bellevue_Bellevue_NE8th
4508,0.527653,0.1448,0.080501,0.562666,0.137223,0.073929,Bellevue_Bellevue_NE8th
4509,0.542691,0.151189,0.078291,0.623473,0.19765,0.080443,Bellevue_Bellevue_NE8th
4510,0.587141,0.16445,0.081517,0.636698,0.123684,0.097961,Bellevue_Bellevue_NE8th
4511,0.578102,0.159201,0.080489,0.640907,0.126158,0.14862,Bellevue_Bellevue_NE8th
4512,0.554861,0.148187,0.080896,0.702259,0.22302,0.013285,Bellevue_Bellevue_NE8th
4513,0.561321,0.148168,0.080405,0.543467,0.141837,0.047321,Bellevue_Bellevue_NE8th
4514,0.597665,0.165277,0.084923,0.597729,0.168191,0.068608,Bellevue_Bellevue_NE8th
4515,0.566889,0.158024,0.080836,0.595738,0.201405,0.10002,Bellevue_Bellevue_NE8th
4516,0.56276,0.158186,0.081006,0.577212,0.175255,0.141548,Bellevue_Bellevue_NE8th
4517,0.536796,0.143181,0.08018,0.520584,0.162626,0.113827,Bellevue_Bellevue_NE8th
4518,0.558141,0.153754,0.08126,0.557236,0.111645,0.135299,Bellevue_Bellevue_NE8th
4519,0.57017,0.154683,0.080996,0.366828,0.133388,0.066578,Bellevue_Bellevue_NE8th
4520,0.609689,0.165286,0.084412,0.358391,0.1893,0.067524,Bellevue_Bellevue_NE8th
4521,0.547204,0.145239,0.078406,0.496651,0.138654,0.067259,Bellevue_Bellevue_NE8th
4522,0.579191,0.159802,0.083434,0.489737,0.152867,0.031893,Bellevue_Bellevue_NE8th
4523,0.570115,0.157395,0.083301,0.493306,0.166267,0.065416,Bellevue_Bellevue_NE8th
4524,0.542908,0.147782,0.082118,0.592912,0.204376,0.069934,Bellevue_Bellevue_NE8th
4525,0.544991,0.148409,0.081124,0.493636,0.21977,0.073888,Bellevue_Bellevue_NE8th
4526,0.611862,0.162927,0.07659,0.445071,0.118267,0.069216,Bellevue_Bellevue_NE8th
4527,0.595472,0.164093,0.081999,0.514044,-0.03364,0.141727,Bellevue_Bellevue_NE8th
4528,0.537113,0.140274,0.081188,0.450544,-0.046213,0.114049,Bellevue_Bellevue_NE8th
4529,0.572959,0.157736,0.07684,0.44386,0.098515,0.094791,Bellevue_Bellevue_NE8th
4530,0.563614,0.15151,0.083208,0.308518,0.127475,0.081661,Bellevue_Bellevue_NE8th
4531,0.543269,0.144699,0.082236,0.405757,0.181865,0.074319,Bellevue_Bellevue_NE8th
4532,0.566319,0.159465,0.081798,0.599086,0.274639,0.170439,Bellevue_Bellevue_NE8th
4533,0.559943,0.155296,0.081632,0.562623,0.139521,0.198764,Bellevue_Bellevue_NE8th
4534,0.581499,0.158993,0.082365,0.54814,0.072077,0.147211,Bellevue_Bellevue_NE8th
4535,0.599428,0.167753,0.082351,0.553794,0.034691,0.150082,Bellevue_Bellevue_NE8th
4536,0.544947,0.149318,0.081257,0.548065,0.050903,0.092197,Bellevue_Bellevue_NE8th
4537,0.583745,0.160385,0.081995,0.528896,0.107185,0.113237,Bellevue_Bellevue_NE8th
4538,0.55462,0.153301,0.082268,0.624212,0.263556,0.132897,Bellevue_Bellevue_NE8th
4539,0.551009,0.15503,0.080713,0.631306,0.30413,0.160152,Bellevue_Bellevue_NE8th
4540,0.555091,0.157205,0.077962,0.630489,0.312229,0.141025,Bellevue_Bellevue_NE8th
4541,0.558646,0.156427,0.081005,0.541253,0.117671,0.13984,Bellevue_Bellevue_NE8th
4542,0.595894,0.165395,0.084082,0.622506,0.111527,0.144448,Bellevue_Bellevue_NE8th
4543,0.559886,0.152981,0.084189,0.660729,0.114643,0.209161,Bellevue_Bellevue_NE8th
4544,0.520984,0.134231,0.078591,0.64232,0.159078,0.175177,Bellevue_Bellevue_NE8th
4545,0.603078,0.168744,0.077373,0.543491,0.13933,0.136695,Bellevue_Bellevue_NE8th
4546,0.595192,0.167861,0.082644,0.499559,0.062964,0.216181,Bellevue_Bellevue_NE8th
4547,0.547459,0.149877,0.081592,0.480239,0.149554,0.153209,Bellevue_Bellevue_NE8th
4548,0.551013,0.153012,0.080989,0.556799,0.178786,0.167817,Bellevue_Bellevue_NE8th
4549,0.564614,0.156444,0.082648,0.536062,0.183031,0.14731,Bellevue_Bellevue_NE8th
4550,0.551807,0.150559,0.082292,0.494884,0.140496,0.097755,Bellevue_Bellevue_NE8th
4551,0.606945,0.169176,0.081556,0.52374,0.166893,0.085105,Bellevue_Bellevue_NE8th
4552,0.557179,0.155534,0.082391,0.510517,0.125141,0.086654,Bellevue_Bellevue_NE8th
4553,0.576406,0.163619,0.080697,0.435236,0.107229,0.13456,Bellevue_Bellevue_NE8th
4554,0.547461,0.154018,0.08058,0.517213,0.173481,0.127623,Bellevue_Bellevue_NE8th
4555,0.540589,0.150961,0.079812,0.556389,0.223058,0.085647,Bellevue_Bellevue_NE8th
4556,0.551652,0.155259,0.080212,0.511337,0.141266,0.099988,Bellevue_Bellevue_NE8th
4557,0.567172,0.161135,0.080426,0.589026,0.114993,0.14163,Bellevue_Bellevue_NE8th
4558,0.560549,0.155511,0.08231,0.488722,0.054457,0.156173,Bellevue_Bellevue_NE8th
4559,0.58297,0.164659,0.082491,0.486927,0.070886,0.273399,Bellevue_Bellevue_NE8th
4560,0.548741,0.150509,0.081521,0.425024,0.076704,0.22641,Bellevue_Bellevue_NE8th
4561,0.549887,0.151734,0.082909,0.452417,0.172858,0.196526,Bellevue_Bellevue_NE8th
4562,0.4948,0.129977,0.077492,0.535069,0.251496,0.093782,Bellevue_Bellevue_NE8th
4563,0.54042,0.153359,0.080158,0.588079,0.300874,0.109872,Bellevue_Bellevue_NE8th
4564,0.539122,0.151092,0.082045,0.600265,0.101364,0.141175,Bellevue_Bellevue_NE8th
4565,0.583288,0.164495,0.084701,0.579938,0.037706,0.143583,Bellevue_Bellevue_NE8th
4566,0.553068,0.152929,0.083281,0.638433,0.04808,0.152045,Bellevue_Bellevue_NE8th
4567,0.564813,0.155497,0.082037,0.648308,0.070521,0.158863,Bellevue_Bellevue_NE8th
4568,0.552362,0.148329,0.082759,0.581844,0.137485,0.071421,Bellevue_Bellevue_NE8th
4569,0.558546,0.155578,0.081364,0.700409,0.114622,0.148733,Bellevue_Bellevue_NE8th
4570,0.523885,0.138673,0.080941,0.69697,0.110282,0.084229,Bellevue_Bellevue_NE8th
4571,0.552142,0.152589,0.082261,0.631555,0.034091,0.105539,Bellevue_Bellevue_NE8th
4572,0.593401,0.166711,0.083692,0.71922,0.156221,0.190528,Bellevue_Bellevue_NE8th
4573,0.551509,0.151097,0.08211,0.691953,0.247532,0.169949,Bellevue_Bellevue_NE8th
4574,0.525044,0.145284,0.080199,0.670235,0.267016,0.095452,Bellevue_Bellevue_NE8th
4575,0.522255,0.142229,0.080549,0.633744,0.302113,0.11265,Bellevue_Bellevue_NE8th
4576,0.522779,0.146771,0.079642,0.587612,0.249646,0.130645,Bellevue_Bellevue_NE8th
4577,0.544159,0.152537,0.08226,0.474308,0.14997,0.050535,Bellevue_Bellevue_NE8th
4578,0.568612,0.156918,0.08383,0.476881,0.126809,0.010989,Bellevue_Bellevue_NE8th
4579,0.54664,0.154535,0.078252,0.627394,0.138357,0.07765,Bellevue_Bellevue_NE8th
4580,0.552127,0.156718,0.080305,0.653611,0.191128,0.10584,Bellevue_Bellevue_NE8th
4581,0.551979,0.156433,0.081396,0.499346,0.176569,0.06953,Bellevue_Bellevue_NE8th
4582,0.552314,0.160777,0.07829,0.448488,0.16962,0.091391,Bellevue_Bellevue_NE8th
4583,0.529914,0.15001,0.078407,0.503818,0.190591,0.118323,Bellevue_Bellevue_NE8th
4584,0.572446,0.162135,0.080815,0.447318,0.067525,0.112906,Bellevue_Bellevue_NE8th
4585,0.576516,0.164107,0.082186,0.488874,0.072561,0.090551,Bellevue_Bellevue_NE8th
4586,0.587668,0.166713,0.082679,0.538131,0.193855,0.086692,Bellevue_Bellevue_NE8th
4587,0.514878,0.137457,0.081131,0.496263,0.15469,0.032831,Bellevue_Bellevue_NE8th
4588,0.58288,0.165163,0.082735,0.427257,0.152834,0.066359,Bellevue_Bellevue_NE8th
4589,0.587297,0.166211,0.084163,0.44853,0.247711,0.034445,Bellevue_Bellevue_NE8th
4590,0.541906,0.149629,0.081687,0.58117,0.190236,0.0945,Bellevue_Bellevue_NE8th
4591,0.560708,0.159859,0.080312,0.684226,0.179523,0.125061,Bellevue_Bellevue_NE8th
4592,0.506558,0.1409,0.078531,0.657032,0.283047,0.064175,Bellevue_Bellevue_NE8th
4593,0.557077,0.156744,0.082901,0.536537,0.135209,0.030734,Bellevue_Bellevue_NE8th
4594,0.572121,0.161392,0.081596,0.523856,0.094446,0.052753,Bellevue_Bellevue_NE8th
4595,0.595887,0.16665,0.082254,0.583953,0.098484,0.077104,Bellevue_Bellevue_NE8th
4596,0.527007,0.144547,0.08149,0.606381,0.078887,0.064521,Bellevue_Bellevue_NE8th
4597,0.542226,0.150833,0.081617,0.564048,0.105346,0.041425,Bellevue_Bellevue_NE8th
4598,0.560749,0.158036,0.082961,0.617925,0.134363,0.01722,Bellevue_Bellevue_NE8th
4599,0.498048,0.136836,0.077496,0.428739,0.127997,0.119079,Bellevue_Bellevue_NE8th
4600,0.546306,0.15655,0.081266,0.372577,0.200603,0.072937,Bellevue_Bellevue_NE8th
4601,0.510347,0.140526,0.078846,0.429841,0.202585,0.091369,Bellevue_Bellevue_NE8th
4602,0.543375,0.15399,0.079676,0.455701,0.107615,0.067768,Bellevue_Bellevue_NE8th
4603,0.560533,0.158343,0.082213,0.604141,0.048243,0.052138,Bellevue_Bellevue_NE8th
4604,0.589347,0.169793,0.079202,0.617674,0.034501,0.062803,Bellevue_Bellevue_NE8th
4605,0.579614,0.162502,0.082933,0.665847,0.088021,0.051199,Bellevue_Bellevue_NE8th
4606,0.569463,0.16178,0.081741,0.66989,0.126998,0.057181,Bellevue_Bellevue_NE8th
4607,0.564147,0.158817,0.081592,0.694351,0.132461,0.06637,Bellevue_Bellevue_NE8th
4608,0.523396,0.144268,0.078863,0.675684,0.206359,0.084097,Bellevue_Bellevue_NE8th
4609,0.498107,0.141013,0.076798,0.611169,0.252721,0.080075,Bellevue_Bellevue_NE8th
4610,0.562714,0.161692,0.078699,0.614957,0.235782,0.095189,Bellevue_Bellevue_NE8th
4611,0.520272,0.146362,0.078784,0.648366,0.174931,0.058454,Bellevue_Bellevue_NE8th
4612,0.524953,0.142085,0.081706,0.509219,0.127714,0.067665,Bellevue_Bellevue_NE8th
4613,0.599386,0.168464,0.085857,0.583559,0.06158,0.113734,Bellevue_Bellevue_NE8th
4614,0.581672,0.162877,0.085724,0.636651,0.033938,0.113557,Bellevue_Bellevue_NE8th
4615,0.523396,0.144081,0.07902,0.50048,0.051785,0.079984,Bellevue_Bellevue_NE8th
4616,0.551019,0.154558,0.082223,0.358369,0.032548,0.113601,Bellevue_Bellevue_NE8th
4617,0.539293,0.149481,0.081608,0.516135,0.108645,0.088586,Bellevue_Bellevue_NE8th
4618,0.496481,0.137284,0.080186,0.4929,0.160873,0.085005,Bellevue_Bellevue_NE8th
4619,0.540852,0.155684,0.08003,0.498945,0.176561,0.13489,Bellevue_Bellevue_NE8th
4620,0.526658,0.147565,0.080503,0.502449,0.19403,0.074643,Bellevue_Bellevue_NE8th
4621,0.541742,0.154138,0.07937,0.463563,0.107834,0.088499,Bellevue_Bellevue_NE8th
4622,0.584543,0.166646,0.081936,0.470764,0.108893,0.093016,Bellevue_Bellevue_NE8th
4623,0.585714,0.169178,0.080791,0.426799,0.110671,0.126029,Bellevue_Bellevue_NE8th
4624,0.566647,0.158604,0.08341,0.492516,0.142214,0.089759,Bellevue_Bellevue_NE8th
4625,0.514884,0.13685,0.081845,0.457991,0.15038,0.034634,Bellevue_Bellevue_NE8th
4626,0.51176,0.136445,0.081005,0.543821,0.189867,0.057641,Bellevue_Bellevue_NE8th
4627,0.500039,0.133486,0.080902,0.511151,0.138388,0.079533,Bellevue_Bellevue_NE8th
4628,0.511055,0.1445,0.07866,0.489921,0.218188,0.073215,Bellevue_Bellevue_NE8th
4629,0.50718,0.142297,0.077776,0.55115,0.264646,0.083405,Bellevue_Bellevue_NE8th
4630,0.511118,0.141765,0.078452,0.436466,0.183291,0.075926,Bellevue_Bellevue_NE8th
4631,0.533615,0.15299,0.078202,0.461107,0.1305,0.148103,Bellevue_Bellevue_NE8th
4632,0.586234,0.165665,0.081771,0.51672,0.168984,0.204656,Bellevue_Bellevue_NE8th
4633,0.534171,0.147783,0.0816,0.561499,0.193661,0.159197,Bellevue_Bellevue_NE8th
4634,0.519956,0.145663,0.079595,0.575082,0.251919,0.122563,Bellevue_Bellevue_NE8th
4635,0.50815,0.137974,0.080111,0.616599,0.295681,0.009783,Bellevue_Bellevue_NE8th
4636,0.535781,0.14956,0.0795,0.529348,0.17996,0.005399,Bellevue_Bellevue_NE8th
4637,0.49753,0.135942,0.080106,0.396687,0.16587,0.064071,Bellevue_Bellevue_NE8th
4638,0.564076,0.16399,0.081051,0.524372,0.238846,0.065625,Bellevue_Bellevue_NE8th
4639,0.5364,0.152362,0.080302,0.550666,0.225098,0.093684,Bellevue_Bellevue_NE8th
4640,0.499145,0.139983,0.078675,0.550254,0.134916,0.072951,Bellevue_Bellevue_NE8th
4641,0.520714,0.143067,0.080547,0.410247,0.107794,0.076192,Bellevue_Bellevue_NE8th
4642,0.589277,0.170355,0.07981,0.519199,0.148935,0.118324,Bellevue_Bellevue_NE8th
4643,0.510071,0.138473,0.081752,0.485723,0.132647,0.109237,Bellevue_Bellevue_NE8th
4644,0.580316,0.166164,0.083466,0.500156,0.186056,0.148574,Bellevue_Bellevue_NE8th
4645,0.504448,0.136959,0.08083,0.585253,0.181712,0.179235,Bellevue_Bellevue_NE8th
4646,0.501394,0.13722,0.080346,0.550499,0.160971,0.201333,Bellevue_Bellevue_NE8th
4647,0.492855,0.136355,0.078856,0.642496,0.184295,0.204217,Bellevue_Bellevue_NE8th
4648,0.486623,0.132525,0.078034,0.606863,0.188405,0.155507,Bellevue_Bellevue_NE8th
4649,0.499367,0.138451,0.079004,0.552889,0.194303,0.140465,Bellevue_Bellevue_NE8th
4650,0.519944,0.142213,0.08133,0.417159,0.111629,0.151238,Bellevue_Bellevue_NE8th
4651,0.561055,0.159178,0.081248,0.47067,0.169513,0.123774,Bellevue_Bellevue_NE8th
4652,0.579305,0.166,0.084462,0.501217,0.194471,0.161259,Bellevue_Bellevue_NE8th
4653,0.52372,0.147705,0.077032,0.506393,0.182806,0.162792,Bellevue_Bellevue_NE8th
4654,0.509238,0.141074,0.079114,0.487559,0.188559,0.21604,Bellevue_Bellevue_NE8th
4655,0.497084,0.135422,0.079046,0.474726,0.148647,0.033013,Bellevue_Bellevue_NE8th
4656,0.511261,0.145009,0.078531,0.508826,0.196019,0.036629,Bellevue_Bellevue_NE8th
4657,0.523794,0.14742,0.080508,0.516644,0.195347,0.042225,Bellevue_Bellevue_NE8th
4658,0.50778,0.143122,0.078025,0.580759,0.157447,0.079066,Bellevue_Bellevue_NE8th
4659,0.573021,0.163377,0.082171,0.589472,0.094453,0.123723,Bellevue_Bellevue_NE8th
4660,0.511456,0.143502,0.078986,0.626431,0.115454,0.103877,Bellevue_Bellevue_NE8th
4661,0.526407,0.144506,0.082009,0.596908,0.087121,0.118645,Bellevue_Bellevue_NE8th
4662,0.533731,0.150716,0.078825,0.562803,0.11443,0.110291,Bellevue_Bellevue_NE8th
4663,0.540491,0.153374,0.079543,0.52885,0.194295,0.089609,Bellevue_Bellevue_NE8th
4664,0.512656,0.141388,0.079325,0.488116,0.146689,0.09158,Bellevue_Bellevue_NE8th
4665,0.508785,0.143166,0.079072,0.642777,0.20559,0.116945,Bellevue_Bellevue_NE8th
4666,0.492847,0.136516,0.077544,0.552711,0.184258,0.079163,Bellevue_Bellevue_NE8th
4667,0.519275,0.147279,0.078725,0.547546,0.167798,0.041631,Bellevue_Bellevue_NE8th
4668,0.521124,0.147294,0.077691,0.517925,0.084661,0.087354,Bellevue_Bellevue_NE8th
4669,0.594531,0.170653,0.083427,0.590644,0.071951,0.067074,Bellevue_Bellevue_NE8th
4670,0.510417,0.140814,0.079527,0.476061,0.06503,0.035962,Bellevue_Bellevue_NE8th
4671,0.50971,0.142177,0.078833,0.418591,0.125265,0.028849,Bellevue_Bellevue_NE8th
4672,0.515989,0.141289,0.080842,0.234013,0.087434,0.019471,Bellevue_Bellevue_NE8th
4673,0.48989,0.133007,0.077789,0.377376,0.134528,0.071156,Bellevue_Bellevue_NE8th
4674,0.500514,0.138011,0.081444,0.567852,0.224953,0.098411,Bellevue_Bellevue_NE8th
4675,0.538205,0.151413,0.080882,0.534309,0.16135,0.04649,Bellevue_Bellevue_NE8th
4676,0.588302,0.168909,0.080358,0.591142,0.062319,0.046417,Bellevue_Bellevue_NE8th
4677,0.510665,0.136532,0.083449,0.603304,0.108248,0.067126,Bellevue_Bellevue_NE8th
4678,0.526084,0.146465,0.081601,0.612582,0.162578,0.070618,Bellevue_Bellevue_NE8th
4679,0.506448,0.138247,0.080965,0.614562,0.209985,0.065647,Bellevue_Bellevue_NE8th
4680,0.495494,0.135727,0.077219,0.359913,0.152618,0.055854,Bellevue_Bellevue_NE8th
4681,0.541782,0.156798,0.078424,0.399357,0.17946,0.043875,Bellevue_Bellevue_NE8th
4682,0.557481,0.161105,0.076922,0.461488,0.164066,0.070682,Bellevue_Bellevue_NE8th
4683,0.524026,0.147953,0.079366,0.420098,0.184575,0.073848,Bellevue_Bellevue_NE8th
4684,0.501774,0.13763,0.080801,0.495301,0.193911,0.092281,Bellevue_Bellevue_NE8th
4685,0.50946,0.141691,0.079518,0.534969,0.147309,0.138602,Bellevue_Bellevue_NE8th
4686,0.52271,0.149416,0.078678,0.585358,0.203235,0.116991,Bellevue_Bellevue_NE8th
4687,0.501927,0.137565,0.078508,0.554791,0.129376,0.058355,Bellevue_Bellevue_NE8th
4688,0.494716,0.136482,0.077204,0.423855,0.101404,0.068166,Bellevue_Bellevue_NE8th
4689,0.540152,0.156346,0.078277,0.430827,0.098583,0.080553,Bellevue_Bellevue_NE8th
4690,0.496554,0.135213,0.077557,0.535532,0.131671,0.086662,Bellevue_Bellevue_NE8th
4691,0.519602,0.14427,0.080825,0.435866,0.139225,0.103061,Bellevue_Bellevue_NE8th
4692,0.588003,0.16957,0.079581,0.423154,0.167803,0.074309,Bellevue_Bellevue_NE8th
4693,0.51294,0.138229,0.082006,0.495812,0.177698,0.123901,Bellevue_Bellevue_NE8th
4694,0.493715,0.134538,0.08044,0.467406,0.026894,0.158802,Bellevue_Bellevue_NE8th
4695,0.501536,0.134461,0.080608,0.548976,0.085965,0.168492,Bellevue_Bellevue_NE8th
4696,0.500224,0.139654,0.079495,0.47001,0.047697,0.132848,Bellevue_Bellevue_NE8th
4697,0.500429,0.141353,0.078484,0.495413,0.115414,0.108967,Bellevue_Bellevue_NE8th
4698,0.520377,0.147065,0.079675,0.497513,0.121957,0.094389,Bellevue_Bellevue_NE8th
4699,0.574038,0.165597,0.07894,0.540089,0.100539,0.140594,Bellevue_Bellevue_NE8th
4700,0.500822,0.137239,0.07997,0.49594,0.105388,0.167021,Bellevue_Bellevue_NE8th
4701,0.500493,0.141295,0.076296,0.433522,0.114645,0.077029,Bellevue_Bellevue_NE8th
4702,0.53925,0.155954,0.078937,0.360898,0.099313,0.088324,Bellevue_Bellevue_NE8th
4703,0.513621,0.14594,0.077916,0.466429,0.084377,0.067562,Bellevue_Bellevue_NE8th
4704,0.557121,0.16182,0.080785,0.655204,0.154974,0.10414,Bellevue_Bellevue_NE8th
4705,0.526634,0.15034,0.079298,0.63388,0.194257,0.026844,Bellevue_Bellevue_NE8th
4706,0.509206,0.142374,0.078052,0.573115,0.120097,0.026166,Bellevue_Bellevue_NE8th
4707,0.531144,0.148453,0.081754,0.627701,0.059451,0.054772,Bellevue_Bellevue_NE8th
4708,0.504864,0.138735,0.081317,0.598024,0.049572,0.088499,Bellevue_Bellevue_NE8th
4709,0.52272,0.145258,0.082201,0.519426,0.100499,0.07024,Bellevue_Bellevue_NE8th
4710,0.527659,0.149336,0.079418,0.455341,0.047523,0.100206,Bellevue_Bellevue_NE8th
4711,0.52929,0.152496,0.079974,0.521163,0.100602,0.113528,Bellevue_Bellevue_NE8th
4712,0.504704,0.143901,0.077437,0.554363,0.1292,0.131232,Bellevue_Bellevue_NE8th
4713,0.515603,0.144843,0.078315,0.574518,0.11872,0.167204,Bellevue_Bellevue_NE8th
4714,0.562605,0.162583,0.07758,0.564709,0.063709,0.174594,Bellevue_Bellevue_NE8th
4715,0.540592,0.15089,0.083696,0.622178,0.086095,0.145605,Bellevue_Bellevue_NE8th
4716,0.500964,0.138533,0.080328,0.559479,0.069692,0.060349,Bellevue_Bellevue_NE8th
4717,0.510778,0.141619,0.081052,0.565495,0.085739,0.141654,Bellevue_Bellevue_NE8th
4718,0.518161,0.144503,0.081361,0.432084,0.089783,0.107975,Bellevue_Bellevue_NE8th
4719,0.507236,0.143228,0.078488,0.395541,0.112923,0.097211,Bellevue_Bellevue_NE8th
4720,0.509382,0.142921,0.079168,0.529935,0.157619,0.119412,Bellevue_Bellevue_NE8th
4721,0.506083,0.14255,0.077304,0.522085,0.136449,0.133767,Bellevue_Bellevue_NE8th
4722,0.533696,0.151088,0.079579,0.536447,0.054032,0.03866,Bellevue_Bellevue_NE8th
4723,0.565691,0.162032,0.079102,0.612858,0.082385,0.066926,Bellevue_Bellevue_NE8th
4724,0.498243,0.136643,0.080792,0.628191,0.0695,0.066008,Bellevue_Bellevue_NE8th
4725,0.510252,0.142667,0.080056,0.568949,0.094998,0.03535,Bellevue_Bellevue_NE8th
4726,0.532764,0.149417,0.080323,0.434815,0.120846,0.060368,Bellevue_Bellevue_NE8th
4727,0.509479,0.144615,0.077826,0.414343,0.183506,0.077976,Bellevue_Bellevue_NE8th
4728,0.543125,0.155511,0.08017,0.498079,0.181948,0.093288,Bellevue_Bellevue_NE8th
4729,0.502708,0.140364,0.077376,0.485577,0.135334,0.105682,Bellevue_Bellevue_NE8th
4730,0.529557,0.148871,0.081561,0.573592,0.108009,0.093488,Bellevue_Bellevue_NE8th
4731,0.582336,0.164847,0.084123,0.746497,0.06887,0.130294,Bellevue_Bellevue_NE8th
4732,0.507786,0.135892,0.082989,0.640898,0.124437,0.106548,Bellevue_Bellevue_NE8th
4733,0.519795,0.146342,0.080424,0.538876,0.161186,0.036145,Bellevue_Bellevue_NE8th
4734,0.52101,0.145738,0.080735,0.493913,0.135289,0.074972,Bellevue_Bellevue_NE8th
4735,0.507024,0.140741,0.078976,0.341424,0.103004,0.073929,Bellevue_Bellevue_NE8th
4736,0.51912,0.146472,0.079264,0.393225,0.080134,0.116483,Bellevue_Bellevue_NE8th
4737,0.51725,0.140601,0.07493,0.325319,0.056591,0.062401,Bellevue_Bellevue_NE8th
4738,0.528353,0.151039,0.077853,0.399112,0.080437,0.037575,Bellevue_Bellevue_NE8th
4739,0.583969,0.169278,0.082062,0.514961,0.084777,0.06486,Bellevue_Bellevue_NE8th
4740,0.579844,0.16725,0.082419,0.565839,0.095131,0.097682,Bellevue_Bellevue_NE8th
4741,0.521989,0.14622,0.081023,0.53907,0.1065,0.074765,Bellevue_Bellevue_NE8th
4742,0.576637,0.166172,0.084621,0.486188,0.149724,0.099972,Bellevue_Bellevue_NE8th
4743,0.581994,0.168442,0.084452,0.445491,0.123647,0.167268,Bellevue_Bellevue_NE8th
4744,0.51717,0.146369,0.078546,0.50205,0.098497,0.1771,Bellevue_Bellevue_NE8th
4745,0.547466,0.158953,0.07932,0.567417,0.123219,0.208032,Bellevue_Bellevue_NE8th
4746,0.526909,0.149454,0.079279,0.599771,0.094681,0.206382,Bellevue_Bellevue_NE8th
4747,0.519989,0.148399,0.077946,0.59141,0.055471,0.151099,Bellevue_Bellevue_NE8th
4748,0.581153,0.166499,0.084863,0.570441,0.075534,0.121264,Bellevue_Bellevue_NE8th
4749,0.537399,0.153806,0.078879,0.627619,0.072497,0.064834,Bellevue_Bellevue_NE8th
4750,0.583357,0.167172,0.08542,0.598228,0.126335,0.029025,Bellevue_Bellevue_NE8th
4751,0.562769,0.163505,0.078802,0.525157,0.095265,0.078289,Bellevue_Bellevue_NE8th
4752,0.557776,0.161736,0.080283,0.479799,0.120488,0.056044,Bellevue_Bellevue_NE8th
4753,0.572106,0.164344,0.081368,0.400957,0.072179,0.083219,Bellevue_Bellevue_NE8th
4754,0.522985,0.149705,0.078032,0.392758,0.080388,0.107735,Bellevue_Bellevue_NE8th
4755,0.505858,0.1422,0.079159,0.536372,0.128038,0.139604,Bellevue_Bellevue_NE8th
4756,0.568765,0.164371,0.081291,0.59653,0.144183,0.111904,Bellevue_Bellevue_NE8th
4757,0.553353,0.15772,0.081676,0.73083,0.066185,0.209847,Bellevue_Bellevue_NE8th
4758,0.507639,0.137518,0.082007,0.731733,0.088743,0.204181,Bellevue_Bellevue_NE8th
4759,0.52094,0.14616,0.078772,0.633563,0.118762,0.141137,Bellevue_Bellevue_NE8th
4760,0.515178,0.144407,0.080187,0.663289,0.121059,0.166978,Bellevue_Bellevue_NE8th
4761,0.513535,0.140986,0.081989,0.638091,0.076344,0.120276,Bellevue_Bellevue_NE8th
4762,0.506087,0.141262,0.080287,0.435077,0.074695,0.088396,Bellevue_Bellevue_NE8th
4763,0.549621,0.158335,0.081367,0.516313,0.064832,0.126776,Bellevue_Bellevue_NE8th
4764,0.504546,0.139188,0.079845,0.477376,0.081495,0.098682,Bellevue_Bellevue_NE8th
4765,0.512271,0.143195,0.080965,0.527472,0.12262,0.126463,Bellevue_Bellevue_NE8th
4766,0.528565,0.150213,0.080309,0.536087,0.11299,0.059705,Bellevue_Bellevue_NE8th
4767,0.589677,0.170321,0.081151,0.648168,0.18734,-0.002364,Bellevue_Bellevue_NE8th
4768,0.5089,0.140845,0.081651,0.631305,0.173342,0.041997,Bellevue_Bellevue_NE8th
4769,0.555506,0.15955,0.083226,0.60849,0.22011,0.091737,Bellevue_Bellevue_NE8th
4770,0.547075,0.153178,0.083525,0.60083,0.192656,0.138594,Bellevue_Bellevue_NE8th
4771,0.488664,0.135192,0.079107,0.500694,0.17203,0.091373,Bellevue_Bellevue_NE8th
4772,0.507905,0.144366,0.078707,0.480976,0.134557,0.097128,Bellevue_Bellevue_NE8th
4773,0.485335,0.136762,0.078379,0.529976,0.191751,0.05144,Bellevue_Bellevue_NE8th
4774,0.503628,0.141564,0.079068,0.523344,0.18075,0.058523,Bellevue_Bellevue_NE8th
4775,0.517638,0.147056,0.078451,0.476075,0.180912,0.10664,Bellevue_Bellevue_NE8th
4776,0.535921,0.150462,0.079763,0.466786,0.119127,0.118023,Bellevue_Bellevue_NE8th
4777,0.548623,0.153146,0.083769,0.544044,0.12941,0.127871,Bellevue_Bellevue_NE8th
4778,0.523867,0.146238,0.081075,0.51495,0.126115,0.096506,Bellevue_Bellevue_NE8th
4779,0.518976,0.146017,0.080168,0.562276,0.180248,0.073944,Bellevue_Bellevue_NE8th
4780,0.500662,0.138184,0.080983,0.434151,0.132818,0.103528,Bellevue_Bellevue_NE8th
4781,0.523408,0.150353,0.079586,0.520373,0.183443,0.13131,Bellevue_Bellevue_NE8th
4782,0.498602,0.140834,0.077284,0.549886,0.170509,0.102134,Bellevue_Bellevue_NE8th
4783,0.532661,0.152588,0.079215,0.503845,0.134024,0.114829,Bellevue_Bellevue_NE8th
4784,0.525642,0.150414,0.077903,0.509073,0.089889,0.124807,Bellevue_Bellevue_NE8th
4785,0.572809,0.164512,0.082188,0.575245,0.087784,0.170546,Bellevue_Bellevue_NE8th
4786,0.536375,0.148315,0.082011,0.56224,0.10225,0.149468,Bellevue_Bellevue_NE8th
4787,0.523712,0.147704,0.079672,0.607403,0.125173,0.162053,Bellevue_Bellevue_NE8th
4788,0.529318,0.149946,0.079001,0.58214,0.152052,0.107386,Bellevue_Bellevue_NE8th
4789,0.515889,0.145858,0.080371,0.565622,0.145516,0.125796,Bellevue_Bellevue_NE8th
4790,0.500377,0.137364,0.08058,0.554009,0.14553,0.11986,Bellevue_Bellevue_NE8th
4791,0.506096,0.139936,0.082775,0.53412,0.159681,0.093942,Bellevue_Bellevue_NE8th
4792,0.525464,0.150531,0.080128,0.596085,0.193326,0.126416,Bellevue_Bellevue_NE8th
4793,0.517674,0.143906,0.084027,0.491131,0.126943,0.123194,Bellevue_Bellevue_NE8th
4794,0.536678,0.152881,0.079155,0.514042,0.169998,0.16095,Bellevue_Bellevue_NE8th
4795,0.519206,0.144271,0.082367,0.553311,0.239649,0.150668,Bellevue_Bellevue_NE8th
4796,0.502155,0.136933,0.079613,0.523842,0.187719,0.163109,Bellevue_Bellevue_NE8th
4797,0.50351,0.13595,0.080076,0.547789,0.235629,0.091532,Bellevue_Bellevue_NE8th
4798,0.500948,0.139598,0.080563,0.46092,0.165384,0.03882,Bellevue_Bellevue_NE8th
4799,0.553602,0.159114,0.082955,0.545314,0.163176,0.077588,Bellevue_Bellevue_NE8th
4800,0.513662,0.14432,0.079902,0.595337,0.202183,0.061085,Bellevue_Bellevue_NE8th
4801,0.543185,0.15677,0.078803,0.473524,0.110327,0.08528,Bellevue_Bellevue_NE8th
4802,0.591338,0.171112,0.084092,0.496958,0.132129,0.045164,Bellevue_Bellevue_NE8th
4803,0.59039,0.170109,0.084599,0.519934,0.163991,0.043069,Bellevue_Bellevue_NE8th
4804,0.548919,0.157227,0.08199,0.523686,0.079078,0.141872,Bellevue_Bellevue_NE8th
4805,0.586274,0.171739,0.079839,0.583564,0.047598,0.169535,Bellevue_Bellevue_NE8th
4806,0.584383,0.167608,0.084311,0.68556,0.006188,0.20909,Bellevue_Bellevue_NE8th
4807,0.547053,0.150945,0.082767,0.630572,0.055414,0.095004,Bellevue_Bellevue_NE8th
4808,0.512855,0.145239,0.081105,0.597218,0.114223,0.03679,Bellevue_Bellevue_NE8th
4809,0.538677,0.155045,0.080049,0.52621,0.10407,0.053575,Bellevue_Bellevue_NE8th
4810,0.516583,0.147853,0.078879,0.480499,0.118275,0.075778,Bellevue_Bellevue_NE8th
4811,0.480129,0.140174,0.076825,0.520741,0.121715,0.098499,Bellevue_Bellevue_NE8th
4812,0.547913,0.157444,0.08203,0.612715,0.16079,0.04751,Bellevue_Bellevue_NE8th
4813,0.53094,0.150283,0.081845,0.587626,0.163598,0.033427,Bellevue_Bellevue_NE8th
4814,0.563794,0.161995,0.081475,0.739282,0.199533,0.035157,Bellevue_Bellevue_NE8th
4815,0.533453,0.143452,0.086223,0.665115,0.159722,0.046742,Bellevue_Bellevue_NE8th
4816,0.544047,0.156085,0.080164,0.536986,0.098181,0.083407,Bellevue_Bellevue_NE8th
4817,0.562028,0.162877,0.080139,0.63353,0.129669,0.085267,Bellevue_Bellevue_NE8th
4818,0.523165,0.145221,0.081433,0.545265,0.215021,0.081716,Bellevue_Bellevue_NE8th
4819,0.475634,0.137358,0.076439,0.508203,0.221884,0.12348,Bellevue_Bellevue_NE8th
4820,0.51006,0.146121,0.076356,0.516575,0.215583,0.150687,Bellevue_Bellevue_NE8th
4821,0.470289,0.136676,0.075532,0.552442,0.158318,0.111393,Bellevue_Bellevue_NE8th
4822,0.52182,0.146001,0.081532,0.439607,0.058518,0.100989,Bellevue_Bellevue_NE8th
4823,0.593593,0.172596,0.08122,0.558875,0.105012,0.099777,Bellevue_Bellevue_NE8th
4824,0.522198,0.145889,0.081724,0.453581,0.066476,0.048936,Bellevue_Bellevue_NE8th
4825,0.526717,0.14768,0.08272,0.546861,0.185437,0.065988,Bellevue_Bellevue_NE8th
4826,0.524006,0.147737,0.082708,0.606291,0.194468,0.036079,Bellevue_Bellevue_NE8th
4827,0.508666,0.143874,0.080544,0.671657,0.245366,0.084017,Bellevue_Bellevue_NE8th
4828,0.436076,0.119301,0.074951,0.70578,0.221646,0.088532,Bellevue_Bellevue_NE8th
4829,0.437945,0.120357,0.072827,0.572494,0.15534,0.036763,Bellevue_Bellevue_NE8th
4830,0.519965,0.147572,0.08037,0.640329,0.146998,0.039036,Bellevue_Bellevue_NE8th
4831,0.534361,0.153939,0.078338,0.519231,0.149241,0.026394,Bellevue_Bellevue_NE8th
4832,0.582539,0.171063,0.081367,0.532952,0.12372,0.075492,Bellevue_Bellevue_NE8th
4833,0.510462,0.142598,0.08112,0.474021,0.130269,0.036515,Bellevue_Bellevue_NE8th
4834,0.549082,0.159311,0.08122,0.491786,0.182097,0.013277,Bellevue_Bellevue_NE8th
4835,0.530575,0.154091,0.078936,0.517914,0.174642,0.078467,Bellevue_Bellevue_NE8th
4836,0.444477,0.128661,0.073897,0.500089,0.154706,0.110178,Bellevue_Bellevue_NE8th
4837,0.441396,0.124856,0.074856,0.474581,0.150177,0.115741,Bellevue_Bellevue_NE8th
4838,0.442995,0.127004,0.074491,0.451531,0.169461,-0.024779,Bellevue_Bellevue_NE8th
4839,0.522365,0.149828,0.076893,0.436501,0.139746,-0.007808,Bellevue_Bellevue_NE8th
4840,0.567514,0.165392,0.078764,0.418569,0.126597,0.083418,Bellevue_Bellevue_NE8th
4841,0.527866,0.147265,0.082414,0.413905,0.121537,0.066432,Bellevue_Bellevue_NE8th
4842,0.5175,0.142935,0.081118,0.454082,0.111719,0.104847,Bellevue_Bellevue_NE8th
4843,0.525293,0.147702,0.082827,0.58972,0.212537,0.156003,Bellevue_Bellevue_NE8th
4844,0.511611,0.139968,0.0813,0.527861,0.179729,0.110326,Bellevue_Bellevue_NE8th
4845,0.458946,0.131427,0.077658,0.587123,0.186702,0.148611,Bellevue_Bellevue_NE8th
4846,0.44134,0.123115,0.070959,0.576299,0.116628,0.160911,Bellevue_Bellevue_NE8th
4847,0.455598,0.13006,0.075994,0.559972,0.122573,0.12757,Bellevue_Bellevue_NE8th
4848,0.528089,0.152604,0.07619,0.573809,0.104717,0.130903,Bellevue_Bellevue_NE8th
4849,0.539477,0.151946,0.083325,0.563042,0.100686,0.145401,Bellevue_Bellevue_NE8th
4850,0.532078,0.150707,0.080735,0.531647,0.09309,0.126291,Bellevue_Bellevue_NE8th
4851,0.545854,0.15868,0.076234,0.498247,0.099412,0.071979,Bellevue_Bellevue_NE8th
4852,0.52845,0.152218,0.078209,0.560822,0.143434,0.103641,Bellevue_Bellevue_NE8th
4853,0.504034,0.14188,0.078257,0.483007,0.132039,0.099453,Bellevue_Bellevue_NE8th
4854,0.506805,0.144868,0.077873,0.520475,0.092446,0.12632,Bellevue_Bellevue_NE8th
4855,0.489719,0.135085,0.07252,0.538256,0.165488,0.080155,Bellevue_Bellevue_NE8th
4856,0.462839,0.135119,0.074607,0.599335,0.197668,0.005178,Bellevue_Bellevue_NE8th
4857,0.526896,0.151175,0.077433,0.618725,0.156743,0.01253,Bellevue_Bellevue_NE8th
4858,0.596147,0.171106,0.084903,0.712397,0.153248,0.043643,Bellevue_Bellevue_NE8th
4859,0.532897,0.150108,0.080564,0.521503,0.098621,0.05188,Bellevue_Bellevue_NE8th
4860,0.56934,0.162414,0.083134,0.56363,0.148437,0.146231,Bellevue_Bellevue_NE8th
4861,0.50832,0.140739,0.07928,0.639124,0.202879,0.054909,Bellevue_Bellevue_NE8th
4862,0.464028,0.135336,0.074759,0.563402,0.103882,0.100814,Bellevue_Bellevue_NE8th
4863,0.498294,0.14463,0.076942,0.572013,0.158358,0.084247,Bellevue_Bellevue_NE8th
4864,0.458238,0.133227,0.074418,0.622039,0.170851,0.049385,Bellevue_Bellevue_NE8th
4865,0.514719,0.14462,0.077958,0.469925,0.115753,0.058693,Bellevue_Bellevue_NE8th
4866,0.593767,0.170016,0.083545,0.685748,0.118087,0.13639,Bellevue_Bellevue_NE8th
4867,0.511748,0.140572,0.082885,0.636808,0.089123,0.092568,Bellevue_Bellevue_NE8th
4868,0.55875,0.160743,0.079151,0.570969,0.072635,0.05453,Bellevue_Bellevue_NE8th
4869,0.54974,0.158841,0.078831,0.560689,0.089722,0.101365,Bellevue_Bellevue_NE8th
4870,0.518049,0.14891,0.079478,0.522021,0.112382,0.021722,Bellevue_Bellevue_NE8th
4871,0.506015,0.14627,0.076409,0.541578,0.109672,0.066375,Bellevue_Bellevue_NE8th
4872,0.506719,0.143126,0.077801,0.547899,0.163144,0.062334,Bellevue_Bellevue_NE8th
4873,0.513475,0.147997,0.077153,0.589718,0.160338,0.085075,Bellevue_Bellevue_NE8th
4874,0.52649,0.150952,0.077093,0.577292,0.141662,0.069988,Bellevue_Bellevue_NE8th
4875,0.590185,0.17125,0.079466,0.556075,0.15936,0.041147,Bellevue_Bellevue_NE8th
4876,0.535948,0.151655,0.079953,0.561081,0.15415,0.049861,Bellevue_Bellevue_NE8th
4877,0.55392,0.162422,0.077608,0.558288,0.172507,0.011236,Bellevue_Bellevue_NE8th
4878,0.536269,0.154943,0.076821,0.561306,0.192332,0.046519,Bellevue_Bellevue_NE8th
4879,0.511644,0.144507,0.079319,0.528235,0.200314,0.030111,Bellevue_Bellevue_NE8th
4880,0.50919,0.149389,0.074417,0.553912,0.209206,0.109562,Bellevue_Bellevue_NE8th
4881,0.517277,0.147713,0.078183,0.467424,0.163308,0.058218,Bellevue_Bellevue_NE8th
4882,0.512108,0.149263,0.077253,0.515275,0.153309,0.063357,Bellevue_Bellevue_NE8th
4883,0.566667,0.163718,0.080958,0.453248,0.14655,0.051279,Bellevue_Bellevue_NE8th
4884,0.555034,0.160891,0.079172,0.615421,0.191698,0.102762,Bellevue_Bellevue_NE8th
4885,0.504423,0.141497,0.078876,0.53571,0.110724,0.105395,Bellevue_Bellevue_NE8th
4886,0.529289,0.153039,0.07821,0.464225,0.109977,0.015049,Bellevue_Bellevue_NE8th
4887,0.482812,0.138076,0.080039,0.484886,0.15271,0.028876,Bellevue_Bellevue_NE8th
4888,0.499991,0.140597,0.078125,0.490936,0.174093,0.042035,Bellevue_Bellevue_NE8th
4889,0.460801,0.135359,0.074228,0.574006,0.263099,0.045524,Bellevue_Bellevue_NE8th
4890,0.45204,0.129982,0.075487,0.596468,0.208709,0.080571,Bellevue_Bellevue_NE8th
4891,0.511404,0.146348,0.079283,0.460804,0.099436,0.061657,Bellevue_Bellevue_NE8th
4892,0.512529,0.152363,0.076329,0.589412,0.086945,0.143187,Bellevue_Bellevue_NE8th
4893,0.523087,0.147012,0.08147,0.471794,0.095159,0.132977,Bellevue_Bellevue_NE8th
4894,0.557398,0.163091,0.080091,0.457467,0.128138,0.081347,Bellevue_Bellevue_NE8th
4895,0.487911,0.143532,0.077654,0.649274,0.285318,0.12614,Bellevue_Bellevue_NE8th
4896,0.45374,0.13283,0.073395,0.64149,0.278503,0.147661,Bellevue_Bellevue_NE8th
4897,0.495513,0.139498,0.077375,0.590385,0.228042,0.137338,Bellevue_Bellevue_NE8th
4898,0.446704,0.131062,0.071871,0.634966,0.228791,0.178074,Bellevue_Bellevue_NE8th
4899,0.449209,0.131187,0.073757,0.689754,0.247882,0.062425,Bellevue_Bellevue_NE8th
4900,0.471682,0.138544,0.074698,0.60497,0.154199,0.068407,Bellevue_Bellevue_NE8th
4901,0.571699,0.168888,0.075033,0.616049,0.130512,0.088609,Bellevue_Bellevue_NE8th
4902,0.543742,0.154944,0.081034,0.628894,0.128307,0.084377,Bellevue_Bellevue_NE8th
4903,0.51284,0.145252,0.081268,0.577612,0.137929,0.069487,Bellevue_Bellevue_NE8th
4904,0.525758,0.152761,0.078515,0.563201,0.123215,0.016465,Bellevue_Bellevue_NE8th
4905,0.52406,0.160566,0.073688,0.550159,0.127101,0.038423,Bellevue_Bellevue_NE8th
4906,0.462966,0.133513,0.074416,0.469051,0.160409,0.042824,Bellevue_Bellevue_NE8th
4907,0.495043,0.150406,0.07432,0.49765,0.128512,0.032326,Bellevue_Bellevue_NE8th
4908,0.469602,0.140004,0.073399,0.522829,0.096468,0.013563,Bellevue_Bellevue_NE8th
4909,0.456494,0.131784,0.075372,0.54376,0.053638,0.079977,Bellevue_Bellevue_NE8th
4910,0.517234,0.150445,0.07693,0.565102,0.050382,0.053962,Bellevue_Bellevue_NE8th
4911,0.579058,0.168778,0.080715,0.71292,0.092928,0.074825,Bellevue_Bellevue_NE8th
4912,0.523086,0.147451,0.079448,0.670836,0.078757,0.064962,Bellevue_Bellevue_NE8th
4913,0.543536,0.158486,0.075973,0.582542,0.068645,0.038154,Bellevue_Bellevue_NE8th
4914,0.481583,0.143992,0.073887,0.562196,0.146392,0.051572,Bellevue_Bellevue_NE8th
4915,0.487999,0.145023,0.075638,0.502334,0.157153,0.07423,Bellevue_Bellevue_NE8th
4916,0.506344,0.15318,0.07639,0.500392,0.145363,0.109364,Bellevue_Bellevue_NE8th
4917,0.477073,0.142502,0.074205,0.591634,0.184649,0.078852,Bellevue_Bellevue_NE8th
4918,0.467137,0.135064,0.076547,0.517408,0.094472,0.011165,Bellevue_Bellevue_NE8th
4919,0.531497,0.160327,0.077834,0.614388,0.110849,0.009698,Bellevue_Bellevue_NE8th
4920,0.514258,0.147347,0.078626,0.62972,0.115817,0.000668,Bellevue_Bellevue_NE8th
4921,0.517358,0.150375,0.076459,0.493562,0.095516,0.006721,Bellevue_Bellevue_NE8th
4922,0.478667,0.141499,0.075429,0.447297,0.088277,-0.002751,Bellevue_Bellevue_NE8th
4923,0.436162,0.126045,0.072935,0.512997,0.132089,0.027948,Bellevue_Bellevue_NE8th
4924,0.446141,0.131097,0.0729,0.419688,0.09634,0.072369,Bellevue_Bellevue_NE8th
4925,0.437549,0.128784,0.07118,0.491641,0.101329,0.109037,Bellevue_Bellevue_NE8th
4926,0.416667,0.119019,0.067441,0.539945,0.172818,0.00801,Bellevue_Bellevue_NE8th
4927,0.451978,0.132047,0.074412,0.598794,0.196848,0.013182,Bellevue_Bellevue_NE8th
4928,0.448358,0.131008,0.074241,0.515145,0.136109,0.058426,Bellevue_Bellevue_NE8th
4929,0.501007,0.147068,0.077761,0.547307,0.161229,0.036772,Bellevue_Bellevue_NE8th
4930,0.533929,0.151867,0.080432,0.564025,0.149607,0.041339,Bellevue_Bellevue_NE8th
4931,0.561765,0.164874,0.080656,0.608968,0.185022,-0.015256,Bellevue_Bellevue_NE8th
4932,0.46557,0.137573,0.07276,0.613085,0.210617,0.030183,Bellevue_Bellevue_NE8th
4933,0.41929,0.119317,0.071162,0.579597,0.171296,0.019915,Bellevue_Bellevue_NE8th
4934,0.415838,0.11961,0.069907,0.524511,0.122647,0.041176,Bellevue_Bellevue_NE8th
4935,0.441407,0.130086,0.071398,0.55853,0.164258,0.039275,Bellevue_Bellevue_NE8th
4936,0.444029,0.126267,0.075495,0.536205,0.091129,0.032999,Bellevue_Bellevue_NE8th
4937,0.469428,0.13654,0.075937,0.635697,0.163166,-0.017723,Bellevue_Bellevue_NE8th
4938,0.547273,0.157747,0.080051,0.635691,0.118196,0.063761,Bellevue_Bellevue_NE8th
4939,0.552209,0.160864,0.079012,0.626256,0.144282,0.040404,Bellevue_Bellevue_NE8th
4940,0.568267,0.16756,0.075604,0.591214,0.130916,0.069528,Bellevue_Bellevue_NE8th
4941,0.539778,0.157205,0.07769,0.630075,0.140172,0.048905,Bellevue_Bellevue_NE8th
4942,0.418984,0.119226,0.071033,0.5916,0.158362,0.083904,Bellevue_Bellevue_NE8th
4943,0.420458,0.121144,0.070889,0.56121,0.148169,0.0667,Bellevue_Bellevue_NE8th
4944,0.422174,0.124537,0.068531,0.602663,0.170591,0.0839,Bellevue_Bellevue_NE8th
4945,0.427259,0.124009,0.071106,0.569203,0.128909,0.129578,Bellevue_Bellevue_NE8th
4946,0.424723,0.120506,0.072504,0.474002,0.09638,0.002591,Bellevue_Bellevue_NE8th
4947,0.559645,0.163604,0.08007,0.518839,0.136661,0.022498,Bellevue_Bellevue_NE8th
4948,0.480665,0.139742,0.07564,0.515146,0.089934,0.074801,Bellevue_Bellevue_NE8th
4949,0.496348,0.141241,0.076278,0.504113,0.083931,0.053392,Bellevue_Bellevue_NE8th
4950,0.469596,0.137474,0.073405,0.554977,0.051483,0.070996,Bellevue_Bellevue_NE8th
4951,0.495346,0.144163,0.076469,0.546838,0.058128,0.103508,Bellevue_Bellevue_NE8th
4952,0.408927,0.116832,0.06892,0.485897,0.111462,0.0386,Bellevue_Bellevue_NE8th
4953,0.427267,0.124954,0.069761,0.538891,0.122316,0.075708,Bellevue_Bellevue_NE8th
4954,0.399542,0.111817,0.068218,0.47791,0.083939,0.07204,Bellevue_Bellevue_NE8th
4955,0.436512,0.123252,0.074541,0.545834,0.119554,0.12112,Bellevue_Bellevue_NE8th
4956,0.524627,0.155729,0.07712,0.636713,0.220594,0.037982,Bellevue_Bellevue_NE8th
4957,0.515499,0.146091,0.07841,0.635795,0.154312,0.031416,Bellevue_Bellevue_NE8th
4958,0.484119,0.138612,0.075342,0.593651,0.126684,0.018455,Bellevue_Bellevue_NE8th
4959,0.482971,0.142628,0.073963,0.573583,0.196551,0.004299,Bellevue_Bellevue_NE8th
4960,0.435763,0.126273,0.071464,0.617929,0.225813,0.02843,Bellevue_Bellevue_NE8th
4961,0.399436,0.111805,0.068889,0.474779,0.240765,0.011582,Bellevue_Bellevue_NE8th
4962,0.462435,0.136563,0.073464,0.576663,0.214602,0.067176,Bellevue_Bellevue_NE8th
4963,0.4355,0.125257,0.071878,0.473266,0.193467,0.064857,Bellevue_Bellevue_NE8th
4964,0.436739,0.123229,0.073952,0.498902,0.133503,0.091004,Bellevue_Bellevue_NE8th
4965,0.511243,0.15069,0.075898,0.476396,0.131268,0.045654,Bellevue_Bellevue_NE8th
4966,0.543577,0.157602,0.077287,0.525504,0.106731,0.046159,Bellevue_Bellevue_NE8th
4967,0.441742,0.120282,0.073739,0.564176,0.117719,0.128357,Bellevue_Bellevue_NE8th
4968,0.47931,0.134031,0.076364,0.514582,0.057038,0.149209,Bellevue_Bellevue_NE8th
4969,0.435079,0.123747,0.071917,0.508908,0.023267,0.183141,Bellevue_Bellevue_NE8th
4970,0.38802,0.106653,0.066335,0.447599,0.047682,0.120054,Bellevue_Bellevue_NE8th
4971,0.469453,0.138061,0.073873,0.480226,0.065633,0.12144,Bellevue_Bellevue_NE8th
4972,0.427448,0.121179,0.071918,0.543549,0.074804,0.045367,Bellevue_Bellevue_NE8th
4973,0.452848,0.130123,0.074069,0.530362,0.087199,0.067979,Bellevue_Bellevue_NE8th
4974,0.556736,0.161177,0.079256,0.548195,0.11227,0.008834,Bellevue_Bellevue_NE8th
4975,0.541563,0.15398,0.079046,0.545844,0.155711,-0.057884,Bellevue_Bellevue_NE8th
4976,0.556801,0.156954,0.077813,0.561072,0.150392,0.026958,Bellevue_Bellevue_NE8th
4977,0.518345,0.148312,0.078495,0.661601,0.216264,0.03147,Bellevue_Bellevue_NE8th
4978,0.42603,0.121821,0.07128,0.67923,0.208543,0.046496,Bellevue_Bellevue_NE8th
4979,0.432368,0.124753,0.070453,0.659808,0.145575,0.038554,Bellevue_Bellevue_NE8th
4980,0.367846,0.100239,0.060251,0.615701,0.164875,0.040898,Bellevue_Bellevue_NE8th
4981,0.447328,0.130363,0.066961,0.624578,0.178629,0.055569,Bellevue_Bellevue_NE8th
4982,0.47132,0.139168,0.074398,0.521989,0.09961,0.026095,Bellevue_Bellevue_NE8th
4983,0.524681,0.157278,0.075828,0.528765,0.092913,0.02875,Bellevue_Bellevue_NE8th
4984,0.528441,0.156859,0.077712,0.591294,0.125305,0.058644,Bellevue_Bellevue_NE8th
4985,0.500109,0.148124,0.077258,0.560201,0.104015,0.071468,Bellevue_Bellevue_NE8th
4986,0.504625,0.1513,0.075879,0.611757,0.151009,0.148282,Bellevue_Bellevue_NE8th
4987,0.48617,0.142871,0.070237,0.612949,0.125538,0.147743,Bellevue_Bellevue_NE8th
4988,0.395875,0.105313,0.042866,0.478208,0.145034,0.099834,Bellevue_Bellevue_NE8th
4989,0.461734,0.136498,0.071009,0.521201,0.186362,0.101919,Bellevue_Bellevue_NE8th
4990,0.457724,0.134397,0.072654,0.617892,0.221913,0.102677,Bellevue_Bellevue_NE8th
4991,0.461989,0.132983,0.056329,0.548063,0.131164,0.043121,Bellevue_Bellevue_NE8th
4992,0.514612,0.153187,0.07579,0.61704,0.146297,0.03625,Bellevue_Bellevue_NE8th
4993,0.365063,0.101174,0.057602,0.525917,0.099013,0.008888,Bellevue_Bellevue_NE8th
4994,0.561031,0.148703,0.052912,0.584876,0.129337,0.031515,Bellevue_Bellevue_NE8th
4995,0.506506,0.150504,0.076102,0.640584,0.255195,0.068849,Bellevue_Bellevue_NE8th
4996,0.490021,0.146136,0.074996,0.665231,0.228631,0.111268,Bellevue_Bellevue_NE8th
4997,0.43149,0.115859,0.037447,0.610772,0.195556,0.091375,Bellevue_Bellevue_NE8th
4998,0.418575,0.117407,0.043334,0.730769,0.225884,0.146518,Bellevue_Bellevue_NE8th
4999,0.391402,0.101866,0.040414,0.625179,0.199725,0.072155,Bellevue_Bellevue_NE8th
5000,0.485461,0.129617,0.039507,0.502881,0.164531,0.00893,Bellevue_Bellevue_NE8th
5001,0.518062,0.147718,0.048753,0.587923,0.212232,0.024268,Bellevue_Bellevue_NE8th
5002,0.510064,0.151943,0.075526,0.674187,0.251518,-0.030619,Bellevue_Bellevue_NE8th
5003,0.495067,0.13452,0.039943,0.639606,0.224826,0.036807,Bellevue_Bellevue_NE8th
5004,0.493329,0.142027,0.046928,0.569304,0.243443,0.061943,Bellevue_Bellevue_NE8th
5005,0.497654,0.140064,0.044321,0.593583,0.223114,0.091146,Bellevue_Bellevue_NE8th
5006,0.487912,0.133771,0.034888,0.531916,0.176072,0.053327,Bellevue_Bellevue_NE8th
5007,0.475811,0.137358,0.03024,0.551627,0.156113,0.052683,Bellevue_Bellevue_NE8th
5008,0.486131,0.136081,0.035354,0.573963,0.24073,-0.030601,Bellevue_Bellevue_NE8th
5009,0.507826,0.124943,0.027324,0.57535,0.220938,0.021826,Bellevue_Bellevue_NE8th
5010,0.54256,0.1488,0.043527,0.647487,0.196507,0.044072,Bellevue_Bellevue_NE8th
5011,0.478204,0.13221,0.035506,0.710878,0.252028,-0.017191,Bellevue_Bellevue_NE8th
5012,0.547678,0.13089,0.027541,0.649619,0.211626,0.056557,Bellevue_Bellevue_NE8th
5013,0.504196,0.13073,0.043862,0.683433,0.236945,0.114753,Bellevue_Bellevue_NE8th
5014,0.479144,0.101328,0.027622,0.637788,0.278233,0.056794,Bellevue_Bellevue_NE8th
5015,0.465597,0.101716,0.022802,0.513629,0.194927,0.048972,Bellevue_Bellevue_NE8th
5016,0.452917,0.1079,0.030017,0.595326,0.241771,0.044712,Bellevue_Bellevue_NE8th
5017,0.386465,0.06403,0.023184,0.574557,0.193727,0.066194,Bellevue_Bellevue_NE8th
5018,0.463905,0.106529,0.038618,0.488393,0.10392,0.114145,Bellevue_Bellevue_NE8th
5019,0.510667,0.131084,0.045157,0.557374,0.145533,0.1363,Bellevue_Bellevue_NE8th
5020,0.520746,0.1195,0.029987,0.54081,0.132683,0.07836,Bellevue_Bellevue_NE8th
5021,0.551544,0.141188,0.035335,0.579429,0.21957,0.047616,Bellevue_Bellevue_NE8th
5022,0.484127,0.128226,0.041184,0.616503,0.243287,0.120526,Bellevue_Bellevue_NE8th
5023,0.440989,0.102878,0.022912,0.59545,0.251822,0.096232,Bellevue_Bellevue_NE8th
5024,0.414715,0.081855,0.021754,0.494665,0.199061,0.052269,Bellevue_Bellevue_NE8th
5025,0.391809,0.102436,0.028944,0.578152,0.190702,0.061727,Bellevue_Bellevue_NE8th
5026,0.46063,0.100079,0.024994,0.624304,0.122159,0.042564,Bellevue_Bellevue_NE8th
5027,0.546224,0.134223,0.037732,0.622148,0.086156,0.023746,Bellevue_Bellevue_NE8th
5028,0.508828,0.130086,0.037909,0.743092,0.107329,0.066258,Bellevue_Bellevue_NE8th
5029,0.558321,0.126494,0.019884,0.562722,0.240933,0.063736,Bellevue_Bellevue_NE8th
5030,0.601398,0.132525,0.033331,0.5611,0.168901,0.091713,Bellevue_Bellevue_NE8th
5031,0.554394,0.113332,0.027471,0.666455,0.255455,0.040311,Bellevue_Bellevue_NE8th
5032,0.588596,0.121421,0.023862,0.503836,0.108724,0.051126,Bellevue_Bellevue_NE8th
5033,0.563745,0.121024,0.038406,0.676839,0.147749,0.056888,Bellevue_Bellevue_NE8th
5034,0.451539,0.085945,0.024391,0.654511,0.156709,0.050996,Bellevue_Bellevue_NE8th
5035,0.465392,0.090886,0.020483,0.532228,0.117769,0.05765,Bellevue_Bellevue_NE8th
5036,0.467341,0.097432,0.020176,0.59576,0.151288,0.039543,Bellevue_Bellevue_NE8th
5037,0.46682,0.090921,0.02201,0.600351,0.177639,0.00173,Bellevue_Bellevue_NE8th
5038,0.539502,0.115309,0.027548,0.582544,0.073194,0.034689,Bellevue_Bellevue_NE8th
5039,0.579397,0.134901,0.025473,0.577824,0.084437,-0.010426,Bellevue_Bellevue_NE8th
5040,0.597181,0.127994,0.027732,0.611119,0.137974,-0.039791,Bellevue_Bellevue_NE8th
5041,0.585653,0.124877,0.023873,0.569195,0.135286,-0.003146,Bellevue_Bellevue_NE8th
5042,0.617077,0.135637,0.031654,0.461115,0.10882,-0.09206,Bellevue_Bellevue_NE8th
5043,0.510637,0.06798,0.026639,0.494219,0.063663,-0.014919,Bellevue_Bellevue_NE8th
5044,0.46521,0.07244,0.021945,0.468955,0.067743,0.089447,Bellevue_Bellevue_NE8th
5045,0.449186,0.081091,0.02003,0.578104,0.125655,0.084785,Bellevue_Bellevue_NE8th
5046,0.499931,0.093863,0.022627,0.578842,0.224204,0.009468,Bellevue_Bellevue_NE8th
5047,0.536365,0.105544,0.024088,0.547573,0.167909,0.090112,Bellevue_Bellevue_NE8th
5048,0.586338,0.129734,0.032257,0.573978,0.179967,0.093526,Bellevue_Bellevue_NE8th
5049,0.615055,0.126522,0.01945,0.626996,0.183534,0.148891,Bellevue_Bellevue_NE8th
5050,0.565298,0.118395,0.020382,0.584519,0.16304,0.074249,Bellevue_Bellevue_NE8th
5051,0.573788,0.122645,0.029306,0.58762,0.208512,0.08413,Bellevue_Bellevue_NE8th
5052,0.548851,0.121192,0.019844,0.616417,0.213073,0.13101,Bellevue_Bellevue_NE8th
5053,0.506943,0.107909,0.017144,0.506906,0.141809,0.073741,Bellevue_Bellevue_NE8th
5054,0.478904,0.100919,0.01857,0.607347,0.196392,0.094254,Bellevue_Bellevue_NE8th
5055,0.551022,0.1255,0.019253,0.632236,0.204545,0.056858,Bellevue_Bellevue_NE8th
5056,0.593913,0.123231,0.020691,0.578269,0.078228,0.072054,Bellevue_Bellevue_NE8th
5057,0.593039,0.1331,0.035157,0.681196,0.119705,0.061294,Bellevue_Bellevue_NE8th
5058,0.603236,0.132354,0.023327,0.650449,0.129324,0.021564,Bellevue_Bellevue_NE8th
5059,0.546185,0.115693,0.024881,0.588034,0.118706,0.0337,Bellevue_Bellevue_NE8th
5060,0.507999,0.106309,0.030958,0.587767,0.071164,0.046413,Bellevue_Bellevue_NE8th
5061,0.473478,0.085285,0.020767,0.650343,0.085668,0.097896,Bellevue_Bellevue_NE8th
5062,0.536187,0.121053,0.018272,0.480886,0.063,0.070046,Bellevue_Bellevue_NE8th
5063,0.471042,0.099555,0.019783,0.451205,0.03823,0.092065,Bellevue_Bellevue_NE8th
5064,0.486153,0.101011,0.019042,0.5389,0.064475,0.111129,Bellevue_Bellevue_NE8th
5065,0.54856,0.119057,0.021553,0.481172,0.126243,0.041039,Bellevue_Bellevue_NE8th
5066,0.561036,0.129789,0.019179,0.587861,0.142047,0.020223,Bellevue_Bellevue_NE8th
5067,0.595536,0.128182,0.02604,0.573018,0.099536,0.002865,Bellevue_Bellevue_NE8th
5068,0.574659,0.129045,0.020978,0.484108,0.056051,0.007928,Bellevue_Bellevue_NE8th
5069,0.573279,0.126224,0.033142,0.438101,0.058704,-0.017172,Bellevue_Bellevue_NE8th
5070,0.587326,0.123012,0.026569,0.468302,0.060893,0.02557,Bellevue_Bellevue_NE8th
5071,0.490235,0.09694,0.019285,0.472677,0.101519,0.086286,Bellevue_Bellevue_NE8th
5072,0.472549,0.096644,0.020342,0.542383,0.146897,0.124215,Bellevue_Bellevue_NE8th
5073,0.454912,0.089391,0.019951,0.534947,0.16237,0.06477,Bellevue_Bellevue_NE8th
5074,0.462467,0.088546,0.023287,0.567167,0.129252,0.040529,Bellevue_Bellevue_NE8th
5075,0.487629,0.093888,0.027537,0.538264,0.119598,0.018146,Bellevue_Bellevue_NE8th
5076,0.588599,0.134775,0.03096,0.623572,0.165624,0.066134,Bellevue_Bellevue_NE8th
5077,0.544025,0.125117,0.019167,0.522544,0.12245,0.03598,Bellevue_Bellevue_NE8th
5078,0.546004,0.122775,0.024651,0.518972,0.10066,0.063874,Bellevue_Bellevue_NE8th
5079,0.46581,0.06865,0.021876,0.512082,0.130425,0.049203,Bellevue_Bellevue_NE8th
5080,0.433638,0.074517,0.016947,0.473009,0.110611,0.066856,Bellevue_Bellevue_NE8th
5081,0.441433,0.085441,0.018578,0.426679,0.107092,0.039013,Bellevue_Bellevue_NE8th
5082,0.464574,0.089968,0.023585,0.555613,0.192739,0.073286,Bellevue_Bellevue_NE8th
5083,0.458425,0.085629,0.023199,0.540954,0.240458,-0.032327,Bellevue_Bellevue_NE8th
5084,0.476429,0.092519,0.017591,0.488779,0.189799,-0.014447,Bellevue_Bellevue_NE8th
5085,0.519514,0.102735,0.034243,0.646055,0.290822,-0.004515,Bellevue_Bellevue_NE8th
5086,0.522524,0.110131,0.019982,0.668949,0.34334,0.04445,Bellevue_Bellevue_NE8th
5087,0.51322,0.091842,0.026329,0.46061,0.196748,-0.007618,Bellevue_Bellevue_NE8th
5088,0.559046,0.124191,0.021988,0.519381,0.119801,0.084895,Bellevue_Bellevue_NE8th
5089,0.454181,0.086476,0.016585,0.492031,0.158665,0.075202,Bellevue_Bellevue_NE8th
5090,0.456361,0.083875,0.02336,0.567178,0.252469,0.060697,Bellevue_Bellevue_NE8th
5091,0.443343,0.081667,0.01964,0.625961,0.213752,0.109721,Bellevue_Bellevue_NE8th
5092,0.435481,0.07313,0.022061,0.627357,0.221439,0.029747,Bellevue_Bellevue_NE8th
5093,0.436206,0.064448,0.021866,0.514733,0.14383,0.05545,Bellevue_Bellevue_NE8th
5094,0.551809,0.111382,0.035019,0.520069,0.126223,0.079632,Bellevue_Bellevue_NE8th
5095,0.557211,0.115039,0.021649,0.503096,0.097479,0.106721,Bellevue_Bellevue_NE8th
5096,0.570629,0.117113,0.029198,0.50651,0.098406,0.057426,Bellevue_Bellevue_NE8th
5097,0.48605,0.082604,0.030594,0.540214,0.072665,0.066852,Bellevue_Bellevue_NE8th
5098,0.423625,0.053622,0.019598,0.498429,0.023757,0.119003,Bellevue_Bellevue_NE8th
5099,0.4589,0.082277,0.020529,0.454703,0.030618,0.145151,Bellevue_Bellevue_NE8th
5100,0.459065,0.079194,0.024128,0.607674,0.114348,0.167212,Bellevue_Bellevue_NE8th
5101,0.461199,0.080001,0.022727,0.491207,0.112952,0.077933,Bellevue_Bellevue_NE8th
5102,0.46969,0.075992,0.033046,0.387022,0.123766,0.010764,Bellevue_Bellevue_NE8th
5103,0.483634,0.077882,0.026432,0.378075,0.110369,0.064785,Bellevue_Bellevue_NE8th
5104,0.456624,0.077733,0.0203,0.443486,0.176318,0.035977,Bellevue_Bellevue_NE8th
5105,0.489646,0.092775,0.025483,0.435442,0.119144,0.076935,Bellevue_Bellevue_NE8th
5106,0.435618,0.071393,0.019294,0.442886,0.07051,0.099042,Bellevue_Bellevue_NE8th
5107,0.439,0.064107,0.023284,0.370577,0.067863,0.077295,Bellevue_Bellevue_NE8th
5108,0.460536,0.08698,0.022319,0.373024,0.037717,0.11221,Bellevue_Bellevue_NE8th
5109,0.445617,0.074633,0.022292,0.464288,0.078291,0.111145,Bellevue_Bellevue_NE8th
5110,0.467373,0.083837,0.030614,0.454748,0.125992,0.022996,Bellevue_Bellevue_NE8th
5111,0.461385,0.080317,0.033352,0.444107,0.048849,0.014661,Bellevue_Bellevue_NE8th
5112,0.47653,0.091971,0.029913,0.565095,0.105253,-0.013566,Bellevue_Bellevue_NE8th
5113,0.472073,0.089843,0.018851,0.559883,0.105224,0.009255,Bellevue_Bellevue_NE8th
5114,0.496377,0.102859,0.024333,0.521832,0.153561,0.015384,Bellevue_Bellevue_NE8th
5115,0.478536,0.085812,0.030345,0.415405,0.138875,0.016966,Bellevue_Bellevue_NE8th
5116,0.498304,0.103981,0.026462,0.490027,0.207074,0.099294,Bellevue_Bellevue_NE8th
5117,0.485822,0.099686,0.018399,0.588219,0.236833,0.097304,Bellevue_Bellevue_NE8th
5118,0.468229,0.090568,0.019952,0.60362,0.275453,-0.013216,Bellevue_Bellevue_NE8th
5119,0.475514,0.086074,0.026863,0.611495,0.21543,0.051543,Bellevue_Bellevue_NE8th
5120,0.535341,0.109534,0.02842,0.595609,0.140176,0.049979,Bellevue_Bellevue_NE8th
5121,0.590574,0.129593,0.02009,0.654361,0.166335,0.028156,Bellevue_Bellevue_NE8th
5122,0.548534,0.107688,0.021439,0.521303,0.127428,0.037207,Bellevue_Bellevue_NE8th
5123,0.492036,0.101116,0.04226,0.469704,0.140145,0.034447,Bellevue_Bellevue_NE8th
5124,0.485845,0.091529,0.031659,0.452234,0.110893,0.065479,Bellevue_Bellevue_NE8th
5125,0.470801,0.089752,0.025913,0.368681,0.072262,0.130408,Bellevue_Bellevue_NE8th
5126,0.465262,0.085641,0.023617,0.471416,0.058413,0.147299,Bellevue_Bellevue_NE8th
5127,0.467265,0.081303,0.025311,0.541387,0.163934,0.065972,Bellevue_Bellevue_NE8th
5128,0.49908,0.092672,0.038462,0.66078,0.193042,0.046859,Bellevue_Bellevue_NE8th
5129,0.580986,0.123836,0.026482,0.657614,0.204194,0.055404,Bellevue_Bellevue_NE8th
5130,0.556752,0.11191,0.030859,0.665808,0.161893,0.084619,Bellevue_Bellevue_NE8th
5131,0.573164,0.120889,0.025286,0.57212,0.179037,-0.002601,Bellevue_Bellevue_NE8th
5132,0.56588,0.121987,0.0341,0.614593,0.301624,-0.010787,Bellevue_Bellevue_NE8th
5133,0.492899,0.083234,0.032108,0.599624,0.217066,0.061246,Bellevue_Bellevue_NE8th
5134,0.468058,0.081993,0.023143,0.428596,0.113107,0.106087,Bellevue_Bellevue_NE8th
5135,0.474039,0.092358,0.027392,0.465574,0.090339,0.138927,Bellevue_Bellevue_NE8th
5136,0.469701,0.087415,0.026994,0.473884,0.20975,0.030908,Bellevue_Bellevue_NE8th
5137,0.555819,0.118461,0.025967,0.516782,0.216873,-0.015042,Bellevue_Bellevue_NE8th
5138,0.598804,0.125423,0.026867,0.672084,0.3029,-0.027448,Bellevue_Bellevue_NE8th
5139,0.5255,0.11154,0.019903,0.532778,0.250154,-0.038136,Bellevue_Bellevue_NE8th
5140,0.59319,0.128652,0.02583,0.581204,0.244821,-0.012212,Bellevue_Bellevue_NE8th
5141,0.572302,0.125684,0.023021,0.599967,0.238976,0.102369,Bellevue_Bellevue_NE8th
5142,0.545396,0.112734,0.025662,0.541947,0.138129,0.114337,Bellevue_Bellevue_NE8th
5143,0.456611,0.081477,0.023335,0.398845,0.059583,0.104886,Bellevue_Bellevue_NE8th
5144,0.464954,0.087109,0.02344,0.501112,0.0741,0.124547,Bellevue_Bellevue_NE8th
5145,0.436925,0.044541,0.029625,0.501006,0.165864,0.081754,Bellevue_Bellevue_NE8th
5146,0.451026,0.055187,0.033399,0.486629,0.232145,0.026475,Bellevue_Bellevue_NE8th
5147,0.496389,0.073118,0.044697,0.614343,0.390064,0.022946,Bellevue_Bellevue_NE8th
5148,0.563248,0.106694,0.029817,0.553326,0.315897,0.015214,Bellevue_Bellevue_NE8th
5149,0.590539,0.128885,0.034873,0.473455,0.197406,-0.059829,Bellevue_Bellevue_NE8th
5150,0.496442,0.092906,0.036832,0.502695,0.137318,0.059654,Bellevue_Bellevue_NE8th
5151,0.446116,0.067416,0.026506,0.457945,0.117754,0.045929,Bellevue_Bellevue_NE8th
5152,0.459512,0.065679,0.026784,0.445806,0.092296,0.074793,Bellevue_Bellevue_NE8th
5153,0.454748,0.07407,0.023339,0.403069,0.068471,0.046629,Bellevue_Bellevue_NE8th
5154,0.427495,0.065352,0.026227,0.498948,0.078138,0.055752,Bellevue_Bellevue_NE8th
5155,0.43877,0.066877,0.02919,0.515793,0.148533,0.015774,Bellevue_Bellevue_NE8th
5156,0.458234,0.072524,0.030724,0.513398,0.118209,0.035166,Bellevue_Bellevue_NE8th
5157,0.521479,0.110532,0.042451,0.505213,0.114045,0.066594,Bellevue_Bellevue_NE8th
5158,0.517187,0.103864,0.032032,0.521869,0.097294,0.041495,Bellevue_Bellevue_NE8th
5159,0.493084,0.088904,0.029276,0.533808,0.096323,0.015654,Bellevue_Bellevue_NE8th
5160,0.51765,0.10856,0.045784,0.450574,0.045099,0.082044,Bellevue_Bellevue_NE8th
5161,0.44677,0.073941,0.03321,0.476493,0.055898,0.097741,Bellevue_Bellevue_NE8th
5162,0.438197,0.074769,0.024512,0.485732,0.061934,0.118613,Bellevue_Bellevue_NE8th
5163,0.441613,0.081671,0.019929,0.398967,0.025637,0.105932,Bellevue_Bellevue_NE8th
5164,0.448802,0.081991,0.019912,0.502491,0.084134,0.088191,Bellevue_Bellevue_NE8th
5165,0.446186,0.081479,0.021244,0.661138,0.260542,0.017916,Bellevue_Bellevue_NE8th
5166,0.464772,0.088259,0.030817,0.656308,0.218497,-0.012385,Bellevue_Bellevue_NE8th
5167,0.504483,0.103692,0.030696,0.707282,0.212036,-0.001617,Bellevue_Bellevue_NE8th
5168,0.58301,0.11709,0.031081,0.669225,0.219078,-0.006801,Bellevue_Bellevue_NE8th
5169,0.54886,0.114539,0.027881,0.635363,0.235754,-0.002651,Bellevue_Bellevue_NE8th
5170,0.55431,0.122778,0.02682,0.560794,0.144748,0.039506,Bellevue_Bellevue_NE8th
5171,0.468596,0.078196,0.032214,0.619849,0.160687,0.044916,Bellevue_Bellevue_NE8th
5172,0.436857,0.073641,0.019771,0.536835,0.123286,0.071273,Bellevue_Bellevue_NE8th
5173,0.459109,0.08707,0.032095,0.504137,0.141047,0.070183,Bellevue_Bellevue_NE8th
5174,0.418874,0.06463,0.031926,0.614749,0.214581,0.073657,Bellevue_Bellevue_NE8th
5175,0.438581,0.071637,0.027536,0.615165,0.182529,0.020714,Bellevue_Bellevue_NE8th
5176,0.49738,0.097595,0.039886,0.633368,0.142694,0.046676,Bellevue_Bellevue_NE8th
5177,0.491332,0.09776,0.033137,0.685631,0.155472,0.042877,Bellevue_Bellevue_NE8th
5178,0.465052,0.076238,0.033465,0.703876,0.153791,0.026015,Bellevue_Bellevue_NE8th
5179,0.495856,0.096085,0.038602,0.595427,0.108816,0.039782,Bellevue_Bellevue_NE8th
5180,0.455998,0.088779,0.043986,0.580657,0.162877,0.003881,Bellevue_Bellevue_NE8th
5181,0.413181,0.063565,0.03148,0.487568,0.147624,0.008409,Bellevue_Bellevue_NE8th
5182,0.451206,0.08942,0.027169,0.482864,0.158214,0.076449,Bellevue_Bellevue_NE8th
5183,0.439339,0.084247,0.022584,0.534336,0.158631,0.127124,Bellevue_Bellevue_NE8th
5184,0.444233,0.084882,0.022832,0.559767,0.203311,0.018833,Bellevue_Bellevue_NE8th
5185,0.466206,0.092388,0.028793,0.608971,0.131217,-0.002443,Bellevue_Bellevue_NE8th
5186,0.510212,0.108707,0.034065,0.712253,0.113285,0.009767,Bellevue_Bellevue_NE8th
5187,0.457186,0.080091,0.031195,0.707012,0.126055,0.008662,Bellevue_Bellevue_NE8th
5188,0.484241,0.094251,0.039413,0.646307,0.160841,-0.001892,Bellevue_Bellevue_NE8th
5189,0.482666,0.098519,0.043172,0.636613,0.137189,0.049503,Bellevue_Bellevue_NE8th
5190,0.423169,0.059117,0.029154,0.531003,0.098527,0.078371,Bellevue_Bellevue_NE8th
5191,0.426198,0.049499,0.028943,0.482931,0.088088,0.119689,Bellevue_Bellevue_NE8th
5192,0.406317,0.057488,0.027005,0.58078,0.210982,0.087428,Bellevue_Bellevue_NE8th
5193,0.41823,0.056814,0.033207,0.673964,0.258368,0.067094,Bellevue_Bellevue_NE8th
5194,0.444797,0.065223,0.043374,0.676649,0.227108,0.084651,Bellevue_Bellevue_NE8th
5195,0.466852,0.077211,0.046016,0.649874,0.181107,0.116973,Bellevue_Bellevue_NE8th
5196,0.489194,0.084256,0.046479,0.619337,0.170149,0.074907,Bellevue_Bellevue_NE8th
5197,0.461957,0.088148,0.044918,0.585599,0.191955,0.008473,Bellevue_Bellevue_NE8th
5198,0.457429,0.08553,0.042879,0.623141,0.238171,0.017596,Bellevue_Bellevue_NE8th
5199,0.423182,0.064829,0.038167,0.548988,0.174077,0.060605,Bellevue_Bellevue_NE8th
5200,0.43189,0.076044,0.037304,0.533038,0.214227,0.045625,Bellevue_Bellevue_NE8th
5201,0.415432,0.064142,0.032391,0.629203,0.310753,0.043655,Bellevue_Bellevue_NE8th
5202,0.422767,0.062889,0.035518,0.626351,0.229654,0.006624,Bellevue_Bellevue_NE8th
5203,0.451546,0.072083,0.045003,0.64625,0.207229,-0.019062,Bellevue_Bellevue_NE8th
5204,0.557189,0.117497,0.049243,0.725655,0.251977,0.032954,Bellevue_Bellevue_NE8th
5205,0.50114,0.088666,0.034402,0.673792,0.257538,0.012659,Bellevue_Bellevue_NE8th
5206,0.474514,0.089791,0.044139,0.699627,0.235508,0.106258,Bellevue_Bellevue_NE8th
5207,0.500046,0.103348,0.04593,0.766677,0.163239,0.196725,Bellevue_Bellevue_NE8th
5208,0.433473,0.066828,0.032518,0.615068,0.1609,0.160624,Bellevue_Bellevue_NE8th
5209,0.436717,0.084237,0.034381,0.520899,0.055092,0.212978,Bellevue_Bellevue_NE8th
5210,0.426985,0.079204,0.023213,0.557089,0.141517,0.159686,Bellevue_Bellevue_NE8th
5211,0.447709,0.085724,0.024957,0.563528,0.146202,0.031498,Bellevue_Bellevue_NE8th
5212,0.510323,0.111081,0.04387,0.739689,0.271668,-0.012692,Bellevue_Bellevue_NE8th
5213,0.537898,0.111243,0.044175,0.732161,0.248301,-0.041688,Bellevue_Bellevue_NE8th
5214,0.472271,0.085209,0.040135,0.663224,0.189147,0.00456,Bellevue_Bellevue_NE8th
5215,0.533934,0.119913,0.050403,0.68504,0.217863,-0.013304,Bellevue_Bellevue_NE8th
5216,0.515688,0.112875,0.044196,0.610648,0.128153,0.051929,Bellevue_Bellevue_NE8th
5217,0.448465,0.071616,0.035562,0.634393,0.120153,0.094089,Bellevue_Bellevue_NE8th
5218,0.445305,0.082974,0.023225,0.522803,0.136828,0.051437,Bellevue_Bellevue_NE8th
5219,0.449483,0.096165,0.027651,0.556109,0.111994,0.080862,Bellevue_Bellevue_NE8th
5220,0.445609,0.076961,0.03756,0.647747,0.148933,0.089554,Bellevue_Bellevue_NE8th
5221,0.477572,0.09337,0.045968,0.581297,0.110011,0.062789,Bellevue_Bellevue_NE8th
5222,0.550392,0.11961,0.053634,0.64448,0.16988,0.041168,Bellevue_Bellevue_NE8th
5223,0.534833,0.111213,0.046412,0.597039,0.161609,0.036545,Bellevue_Bellevue_NE8th
5224,0.540805,0.121114,0.050209,0.587598,0.185907,0.008567,Bellevue_Bellevue_NE8th
5225,0.468191,0.096332,0.046368,0.515795,0.103821,0.002036,Bellevue_Bellevue_NE8th
5226,0.448315,0.087915,0.045572,0.553114,0.142867,0.054883,Bellevue_Bellevue_NE8th
5227,0.408735,0.060464,0.032926,0.567844,0.187943,0.054585,Bellevue_Bellevue_NE8th
5228,0.425838,0.078915,0.030745,0.550885,0.179421,0.040653,Bellevue_Bellevue_NE8th
5229,0.431897,0.080251,0.025,0.543498,0.199668,0.062138,Bellevue_Bellevue_NE8th
5230,0.456386,0.093026,0.043838,0.563348,0.221061,-0.054044,Bellevue_Bellevue_NE8th
5231,0.478279,0.100513,0.04585,0.627247,0.170357,0.06689,Bellevue_Bellevue_NE8th
5232,0.525456,0.104089,0.043277,0.628989,0.094449,0.098457,Bellevue_Bellevue_NE8th
5233,0.438108,0.07831,0.041441,0.629547,0.114866,0.106444,Bellevue_Bellevue_NE8th
5234,0.452433,0.092156,0.049339,0.62639,0.156876,0.084996,Bellevue_Bellevue_NE8th
5235,0.432264,0.076217,0.044125,0.632349,0.153753,0.085054,Bellevue_Bellevue_NE8th
5236,0.405622,0.061367,0.036955,0.523185,0.103167,0.087972,Bellevue_Bellevue_NE8th
5237,0.420798,0.07623,0.040638,0.559753,0.111816,0.105696,Bellevue_Bellevue_NE8th
5238,0.427535,0.073918,0.033022,0.565238,0.20734,0.051635,Bellevue_Bellevue_NE8th
5239,0.446609,0.072633,0.039136,0.493051,0.147506,0.061444,Bellevue_Bellevue_NE8th
5240,0.537274,0.123862,0.049033,0.554245,0.231717,0.069754,Bellevue_Bellevue_NE8th
5241,0.560361,0.123961,0.047659,0.647355,0.283654,0.02344,Bellevue_Bellevue_NE8th
5242,0.510936,0.111422,0.042884,0.560003,0.240633,-0.043434,Bellevue_Bellevue_NE8th
5243,0.506569,0.115691,0.048675,0.566218,0.196412,-0.03908,Bellevue_Bellevue_NE8th
5244,0.441277,0.089524,0.046715,0.601815,0.207592,0.011604,Bellevue_Bellevue_NE8th
5245,0.438444,0.080104,0.043104,0.515758,0.094644,0.036875,Bellevue_Bellevue_NE8th
5246,0.408073,0.068412,0.034169,0.53737,0.143039,0.010959,Bellevue_Bellevue_NE8th
5247,0.411492,0.0644,0.034298,0.593239,0.177102,0.052848,Bellevue_Bellevue_NE8th
5248,0.481066,0.10288,0.044851,0.599731,0.209076,0.024359,Bellevue_Bellevue_NE8th
5249,0.551732,0.12776,0.045643,0.640834,0.185942,0.033638,Bellevue_Bellevue_NE8th
5250,0.53708,0.122363,0.051546,0.608852,0.214544,0.01976,Bellevue_Bellevue_NE8th
5251,0.546482,0.127359,0.044627,0.6648,0.269765,-0.007198,Bellevue_Bellevue_NE8th
5252,0.532488,0.125261,0.047004,0.682762,0.261721,0.071663,Bellevue_Bellevue_NE8th
5253,0.413499,0.071221,0.047102,0.67632,0.218227,0.132607,Bellevue_Bellevue_NE8th
5254,0.549825,0.11365,0.050174,0.565409,0.219668,0.02981,Bellevue_Bellevue_NE8th
5255,0.566869,0.12248,0.052622,0.582773,0.210556,0.013171,Bellevue_Bellevue_NE8th
5256,0.556845,0.124668,0.049491,0.513069,0.135477,0.016343,Bellevue_Bellevue_NE8th
5257,0.498832,0.111296,0.0495,0.281653,0.079204,-0.002747,Bellevue_Bellevue_NE8th
5258,0.509138,0.108624,0.048331,0.402796,0.114244,0.04523,Bellevue_Bellevue_NE8th
5259,0.527331,0.115196,0.048807,0.643789,0.254799,0.027645,Bellevue_Bellevue_NE8th
5260,0.565755,0.128531,0.050108,0.668536,0.134421,0.036148,Bellevue_Bellevue_NE8th
5261,0.546213,0.11963,0.055061,0.756816,0.120816,-0.00601,Bellevue_Bellevue_NE8th
5262,0.484409,0.083285,0.037087,0.60794,0.117712,-0.025803,Bellevue_Bellevue_NE8th
5263,0.565375,0.130364,0.047752,0.522016,0.125285,0.036771,Bellevue_Bellevue_NE8th
5264,0.551063,0.126754,0.050146,0.532201,0.115805,0.076222,Bellevue_Bellevue_NE8th
5265,0.440735,0.088686,0.046548,0.437111,0.1172,0.060858,Bellevue_Bellevue_NE8th
5266,0.445782,0.091456,0.045798,0.451494,0.14775,0.040798,Bellevue_Bellevue_NE8th
5267,0.43833,0.089954,0.045323,0.548942,0.219855,0.01657,Bellevue_Bellevue_NE8th
5268,0.470984,0.101915,0.049074,0.619234,0.140731,0.083934,Bellevue_Bellevue_NE8th
5269,0.539186,0.124593,0.048572,0.595066,0.105238,0.028632,Bellevue_Bellevue_NE8th
5270,0.52424,0.113301,0.05231,0.687858,0.10781,0.052016,Bellevue_Bellevue_NE8th
5271,0.486326,0.091479,0.041637,0.514899,0.106302,0.010964,Bellevue_Bellevue_NE8th
5272,0.563669,0.128344,0.0509,0.542888,0.132579,0.032038,Bellevue_Bellevue_NE8th
5273,0.54241,0.120997,0.05109,0.559435,0.119482,0.065299,Bellevue_Bellevue_NE8th
5274,0.463435,0.08995,0.040578,0.533174,0.121679,0.058821,Bellevue_Bellevue_NE8th
5275,0.518097,0.115419,0.043196,0.444619,0.084617,0.12858,Bellevue_Bellevue_NE8th
5276,0.535152,0.123049,0.049837,0.517403,0.073494,0.156733,Bellevue_Bellevue_NE8th
5277,0.506349,0.104244,0.039982,0.584544,0.18832,0.129429,Bellevue_Bellevue_NE8th
5278,0.560699,0.130706,0.048292,0.730253,0.250498,0.038241,Bellevue_Bellevue_NE8th
5279,0.503056,0.10613,0.05279,0.702081,0.147094,-0.027449,Bellevue_Bellevue_NE8th
5280,0.529815,0.12085,0.046565,0.575798,0.089817,0.021848,Bellevue_Bellevue_NE8th
5281,0.540455,0.129131,0.048444,0.575634,0.155212,-0.004323,Bellevue_Bellevue_NE8th
5282,0.539526,0.130769,0.049466,0.566641,0.104554,0.061425,Bellevue_Bellevue_NE8th
5283,0.497735,0.115052,0.049202,0.537483,0.128777,0.003077,Bellevue_Bellevue_NE8th
5284,0.513892,0.124741,0.045497,0.52212,0.147264,0.016251,Bellevue_Bellevue_NE8th
5285,0.443832,0.093902,0.047606,0.547075,0.170412,0.007398,Bellevue_Bellevue_NE8th
5286,0.496111,0.11259,0.048717,0.63737,0.178272,0.044844,Bellevue_Bellevue_NE8th
5287,0.51977,0.119047,0.048945,0.529171,0.085673,0.042659,Bellevue_Bellevue_NE8th
5288,0.560352,0.132271,0.047655,0.565641,0.063953,0.068839,Bellevue_Bellevue_NE8th
5289,0.515843,0.115885,0.054068,0.546683,0.050626,0.077778,Bellevue_Bellevue_NE8th
5290,0.534699,0.125899,0.05086,0.50737,0.087329,0.033478,Bellevue_Bellevue_NE8th
5291,0.549195,0.12586,0.052929,0.524355,0.104725,0.058676,Bellevue_Bellevue_NE8th
5292,0.473476,0.105217,0.048458,0.449018,0.138434,0.048117,Bellevue_Bellevue_NE8th
5293,0.519939,0.120312,0.050626,0.442114,0.095331,0.090131,Bellevue_Bellevue_NE8th
5294,0.497164,0.11641,0.04963,0.505961,0.136493,0.076647,Bellevue_Bellevue_NE8th
5295,0.471093,0.103773,0.051731,0.560691,0.122036,0.003652,Bellevue_Bellevue_NE8th
5296,0.546337,0.125964,0.052458,0.574842,0.13546,-0.036296,Bellevue_Bellevue_NE8th
5297,0.556833,0.129638,0.049166,0.580627,0.114625,-0.033445,Bellevue_Bellevue_NE8th
5298,0.529681,0.116744,0.051197,0.598563,0.131897,-0.003628,Bellevue_Bellevue_NE8th
5299,0.5298,0.128196,0.050519,0.571298,0.163906,-0.011372,Bellevue_Bellevue_NE8th
5300,0.551096,0.131552,0.045609,0.612698,0.183974,0.062016,Bellevue_Bellevue_NE8th
5301,0.541367,0.122432,0.048524,0.590992,0.235175,0.073489,Bellevue_Bellevue_NE8th
5302,0.506848,0.121345,0.043471,0.600621,0.226392,0.109971,Bellevue_Bellevue_NE8th
5303,0.519798,0.118532,0.04742,0.655293,0.24786,0.068646,Bellevue_Bellevue_NE8th
5304,0.508175,0.119696,0.047711,0.675347,0.244948,0.013081,Bellevue_Bellevue_NE8th
5305,0.536959,0.127822,0.047306,0.665861,0.164217,0.055599,Bellevue_Bellevue_NE8th
5306,0.541867,0.131886,0.048139,0.754137,0.323649,-0.08165,Bellevue_Bellevue_NE8th
5307,0.474749,0.09795,0.046716,0.709109,0.28302,-0.062479,Bellevue_Bellevue_NE8th
5308,0.502558,0.119881,0.045649,0.630266,0.23486,-0.007625,Bellevue_Bellevue_NE8th
5309,0.522429,0.127925,0.046306,0.566741,0.193662,-0.053583,Bellevue_Bellevue_NE8th
5310,0.493555,0.108419,0.050561,0.514077,0.139733,0.033983,Bellevue_Bellevue_NE8th
5311,0.502001,0.122615,0.046585,0.515234,0.092566,0.042869,Bellevue_Bellevue_NE8th
5312,0.431404,0.081713,0.040718,0.546942,0.135813,0.067518,Bellevue_Bellevue_NE8th
5313,0.519781,0.125318,0.046896,0.637476,0.186701,0.055021,Bellevue_Bellevue_NE8th
5314,0.522367,0.120982,0.04783,0.598813,0.174319,0.022005,Bellevue_Bellevue_NE8th
5315,0.567467,0.133999,0.04817,0.76229,0.204228,0.022888,Bellevue_Bellevue_NE8th
5316,0.492675,0.101957,0.04559,0.652348,0.135655,0.051345,Bellevue_Bellevue_NE8th
5317,0.531803,0.130619,0.046405,0.663038,0.16237,0.045411,Bellevue_Bellevue_NE8th
5318,0.529418,0.125641,0.045876,0.693195,0.138599,0.100285,Bellevue_Bellevue_NE8th
5319,0.50045,0.109061,0.037859,0.578509,0.11272,0.056321,Bellevue_Bellevue_NE8th
5320,0.5038,0.121596,0.046666,0.607248,0.128362,0.059024,Bellevue_Bellevue_NE8th
5321,0.488265,0.108564,0.046844,0.562072,0.133799,0.061178,Bellevue_Bellevue_NE8th
5322,0.517315,0.120654,0.048709,0.573815,0.069648,0.066435,Bellevue_Bellevue_NE8th
5323,0.534187,0.124106,0.049119,0.680865,0.157104,0.023532,Bellevue_Bellevue_NE8th
5324,0.537237,0.117067,0.052806,0.635264,0.15453,0.022252,Bellevue_Bellevue_NE8th
5325,0.531238,0.124728,0.05149,0.640576,0.184196,0.100331,Bellevue_Bellevue_NE8th
5326,0.545253,0.126686,0.051463,0.68211,0.299483,0.151667,Bellevue_Bellevue_NE8th
5327,0.504173,0.103789,0.037766,0.690182,0.270063,0.176665,Bellevue_Bellevue_NE8th
5328,0.493757,0.100215,0.035521,0.613986,0.305281,0.149167,Bellevue_Bellevue_NE8th
5329,0.51097,0.121999,0.046317,0.610533,0.3036,0.148253,Bellevue_Bellevue_NE8th
5330,0.505501,0.115305,0.043943,0.620471,0.214086,0.100686,Bellevue_Bellevue_NE8th
5331,0.539949,0.128285,0.049046,0.64541,0.210964,0.049457,Bellevue_Bellevue_NE8th
5332,0.548404,0.13228,0.046123,0.59829,0.166894,0.012487,Bellevue_Bellevue_NE8th
5333,0.563574,0.13224,0.05233,0.767496,0.239413,0.029472,Bellevue_Bellevue_NE8th
5334,0.513027,0.106857,0.048695,0.661766,0.189449,0.063867,Bellevue_Bellevue_NE8th
5335,0.544926,0.130399,0.051719,0.56996,0.194125,0.049401,Bellevue_Bellevue_NE8th
5336,0.550952,0.130853,0.049845,0.559187,0.129949,0.080477,Bellevue_Bellevue_NE8th
5337,0.5341,0.120683,0.051581,0.526283,0.164527,0.138486,Bellevue_Bellevue_NE8th
5338,0.526779,0.124628,0.047039,0.532616,0.113141,0.171995,Bellevue_Bellevue_NE8th
5339,0.499687,0.104264,0.041717,0.555457,0.129092,0.164189,Bellevue_Bellevue_NE8th
5340,0.536065,0.12137,0.051043,0.618772,0.167234,0.066908,Bellevue_Bellevue_NE8th
5341,0.555787,0.134654,0.049088,0.739379,0.221352,-0.049956,Bellevue_Bellevue_NE8th
5342,0.550778,0.120699,0.051133,0.735279,0.168897,-0.003993,Bellevue_Bellevue_NE8th
5343,0.556543,0.134152,0.04596,0.688478,0.188802,-0.016019,Bellevue_Bellevue_NE8th
5344,0.551077,0.134814,0.047384,0.609889,0.145517,0.013602,Bellevue_Bellevue_NE8th
5345,0.557823,0.128141,0.051805,0.673509,0.204712,-0.028976,Bellevue_Bellevue_NE8th
5346,0.518239,0.120274,0.049657,0.508112,0.161449,0.025349,Bellevue_Bellevue_NE8th
5347,0.540887,0.129936,0.048613,0.434158,0.086041,0.076227,Bellevue_Bellevue_NE8th
5348,0.519457,0.115603,0.044246,0.523978,0.112751,0.106555,Bellevue_Bellevue_NE8th
5349,0.535677,0.122387,0.047875,0.676248,0.177813,0.118348,Bellevue_Bellevue_NE8th
5350,0.544667,0.125328,0.050458,0.642848,0.120903,0.067031,Bellevue_Bellevue_NE8th
5351,0.56902,0.135654,0.048756,0.672165,0.112454,0.081054,Bellevue_Bellevue_NE8th
5352,0.524624,0.122437,0.050856,0.54931,0.09015,0.042273,Bellevue_Bellevue_NE8th
5353,0.540915,0.132468,0.050259,0.566818,0.164033,0.022121,Bellevue_Bellevue_NE8th
5354,0.541665,0.132929,0.048465,0.506326,0.164985,0.02795,Bellevue_Bellevue_NE8th
5355,0.523677,0.123312,0.048607,0.449464,0.175713,-0.017975,Bellevue_Bellevue_NE8th
5356,0.54484,0.131137,0.045185,0.401066,0.141392,-0.037442,Bellevue_Bellevue_NE8th
5357,0.548266,0.1308,0.04888,0.525683,0.20318,-0.029483,Bellevue_Bellevue_NE8th
5358,0.54194,0.129661,0.048973,0.731109,0.21042,0.016597,Bellevue_Bellevue_NE8th
5359,0.550694,0.126739,0.05064,0.666137,0.159314,0.086561,Bellevue_Bellevue_NE8th
5360,0.55057,0.129325,0.052315,0.707904,0.164379,0.076836,Bellevue_Bellevue_NE8th
5361,0.537722,0.124291,0.053882,0.697399,0.193339,0.042205,Bellevue_Bellevue_NE8th
5362,0.546874,0.132825,0.04948,0.640639,0.20004,0.039161,Bellevue_Bellevue_NE8th
5363,0.548964,0.130138,0.048178,0.634198,0.205436,0.084909,Bellevue_Bellevue_NE8th
5364,0.531425,0.122643,0.044564,0.566929,0.172039,0.0561,Bellevue_Bellevue_NE8th
5365,0.536365,0.124856,0.046905,0.527837,0.158888,0.024358,Bellevue_Bellevue_NE8th
5366,0.532253,0.122114,0.049912,0.545048,0.110871,0.100213,Bellevue_Bellevue_NE8th
5367,0.538926,0.123174,0.051069,0.628252,0.100266,0.115859,Bellevue_Bellevue_NE8th
5368,0.55983,0.134348,0.04634,0.602377,0.076572,0.071625,Bellevue_Bellevue_NE8th
5369,0.570632,0.130362,0.05419,0.65524,0.133707,0.085066,Bellevue_Bellevue_NE8th
5370,0.609596,0.136237,0.050321,0.55632,0.084006,0.085978,Bellevue_Bellevue_NE8th
5371,0.588541,0.137174,0.053362,0.534209,0.091942,0.085495,Bellevue_Bellevue_NE8th
5372,0.621321,0.13745,0.053564,0.471483,0.032278,0.078282,Bellevue_Bellevue_NE8th
5373,0.532836,0.10977,0.044124,0.364804,0.036066,0.123814,Bellevue_Bellevue_NE8th
5374,0.546682,0.127568,0.049265,0.426302,0.173023,0.081835,Bellevue_Bellevue_NE8th
5375,0.528687,0.116169,0.046617,0.554949,0.243498,0.078602,Bellevue_Bellevue_NE8th
5376,0.554206,0.128949,0.050929,0.614653,0.201548,0.094903,Bellevue_Bellevue_NE8th
5377,0.607354,0.138921,0.049798,0.617196,0.139389,0.059273,Bellevue_Bellevue_NE8th
5378,0.630057,0.139704,0.053401,0.667281,0.158504,0.038835,Bellevue_Bellevue_NE8th
5379,0.568788,0.129535,0.052276,0.596894,0.138711,0.012792,Bellevue_Bellevue_NE8th
5380,0.591257,0.136447,0.051034,0.519095,0.153551,0.056161,Bellevue_Bellevue_NE8th
5381,0.619689,0.139444,0.0506,0.594898,0.210754,0.010698,Bellevue_Bellevue_NE8th
5382,0.58038,0.130492,0.052372,0.489528,0.184524,0.053697,Bellevue_Bellevue_NE8th
5383,0.558352,0.127343,0.050228,0.551121,0.197949,0.070925,Bellevue_Bellevue_NE8th
5384,0.552277,0.128582,0.048737,0.683893,0.26135,0.035387,Bellevue_Bellevue_NE8th
5385,0.592726,0.13883,0.046172,0.639234,0.228382,0.013213,Bellevue_Bellevue_NE8th
5386,0.618066,0.142537,0.048359,0.700834,0.214873,0.0648,Bellevue_Bellevue_NE8th
5387,0.619117,0.134737,0.053219,0.763369,0.213968,0.099465,Bellevue_Bellevue_NE8th
5388,0.541421,0.116426,0.043203,0.654681,0.199729,0.02676,Bellevue_Bellevue_NE8th
5389,0.546036,0.126705,0.051821,0.49865,0.179608,-0.001757,Bellevue_Bellevue_NE8th
5390,0.620026,0.139352,0.051722,0.559593,0.190531,0.007106,Bellevue_Bellevue_NE8th
5391,0.557147,0.128338,0.05276,0.45896,0.139858,0.059596,Bellevue_Bellevue_NE8th
5392,0.553478,0.122325,0.042982,0.393549,0.134187,0.084782,Bellevue_Bellevue_NE8th
5393,0.53825,0.12454,0.049054,0.566551,0.222343,0.083144,Bellevue_Bellevue_NE8th
5394,0.574095,0.131718,0.052533,0.509874,0.18813,0.01723,Bellevue_Bellevue_NE8th
5395,0.57484,0.136506,0.049864,0.718287,0.242401,-0.005019,Bellevue_Bellevue_NE8th
5396,0.637016,0.129226,0.050891,0.629343,0.187704,-0.013683,Bellevue_Bellevue_NE8th
5397,0.55845,0.125951,0.050804,0.541635,0.123353,0.020356,Bellevue_Bellevue_NE8th
5398,0.608408,0.140965,0.049538,0.537929,0.177358,0.029091,Bellevue_Bellevue_NE8th
5399,0.63026,0.140255,0.051771,0.545398,0.205223,0.031061,Bellevue_Bellevue_NE8th
5400,0.585001,0.117388,0.037884,0.38701,0.122569,0.010254,Bellevue_Bellevue_NE8th
5401,0.5688,0.129493,0.051101,0.387764,0.109337,0.06409,Bellevue_Bellevue_NE8th
5402,0.552387,0.128451,0.050459,0.547982,0.154303,0.03644,Bellevue_Bellevue_NE8th
5403,0.567065,0.133366,0.051616,0.6515,0.159916,0.046616,Bellevue_Bellevue_NE8th
5404,0.618059,0.141126,0.050075,0.700649,0.202093,0.010188,Bellevue_Bellevue_NE8th
5405,0.626102,0.138523,0.056556,0.714999,0.193652,-0.003679,Bellevue_Bellevue_NE8th
5406,0.618391,0.138841,0.050327,0.629222,0.102443,0.101633,Bellevue_Bellevue_NE8th
5407,0.614465,0.138051,0.053949,0.602032,0.154201,0.036388,Bellevue_Bellevue_NE8th
5408,0.625328,0.138696,0.055049,0.58263,0.156288,0.127901,Bellevue_Bellevue_NE8th
5409,0.559469,0.119347,0.050554,0.56044,0.133714,0.117907,Bellevue_Bellevue_NE8th
5410,0.5393,0.120327,0.049324,0.498294,0.127801,0.114783,Bellevue_Bellevue_NE8th
5411,0.550114,0.129911,0.049751,0.5803,0.1367,0.107626,Bellevue_Bellevue_NE8th
5412,0.557118,0.126368,0.04965,0.489715,0.027578,0.150678,Bellevue_Bellevue_NE8th
5413,0.624759,0.138258,0.053424,0.485343,0.001104,0.13703,Bellevue_Bellevue_NE8th
5414,0.629584,0.140443,0.051209,0.535447,0.029031,0.105941,Bellevue_Bellevue_NE8th
5415,0.62558,0.138457,0.050882,0.496356,0.019385,0.089682,Bellevue_Bellevue_NE8th
5416,0.609931,0.139673,0.049496,0.51375,0.087037,0.056372,Bellevue_Bellevue_NE8th
5417,0.563935,0.135053,0.048868,0.530823,0.17134,0.088566,Bellevue_Bellevue_NE8th
5418,0.573028,0.132969,0.051656,0.415373,0.074474,0.081553,Bellevue_Bellevue_NE8th
5419,0.566135,0.130102,0.050206,0.58419,0.09745,0.16206,Bellevue_Bellevue_NE8th
5420,0.546827,0.12446,0.043835,0.641387,0.168373,0.13961,Bellevue_Bellevue_NE8th
5421,0.612992,0.138933,0.049967,0.696203,0.146131,0.059458,Bellevue_Bellevue_NE8th
5422,0.624531,0.140725,0.049944,0.619473,0.108338,-0.023834,Bellevue_Bellevue_NE8th
5423,0.597596,0.133817,0.0485,0.644426,0.128807,-0.044725,Bellevue_Bellevue_NE8th
5424,0.557811,0.122295,0.047101,0.500713,0.110637,-0.016247,Bellevue_Bellevue_NE8th
5425,0.560333,0.133151,0.052228,0.496174,0.164307,-0.046781,Bellevue_Bellevue_NE8th
5426,0.559004,0.130616,0.047589,0.570489,0.238148,0.020968,Bellevue_Bellevue_NE8th
5427,0.559169,0.128325,0.053371,0.518132,0.218741,0.049391,Bellevue_Bellevue_NE8th
5428,0.55784,0.130528,0.04901,0.534193,0.184029,0.083321,Bellevue_Bellevue_NE8th
5429,0.552011,0.128061,0.049421,0.609914,0.215962,0.069374,Bellevue_Bellevue_NE8th
5430,0.559342,0.135364,0.048454,0.681001,0.213826,0.157565,Bellevue_Bellevue_NE8th
5431,0.62652,0.14411,0.047613,0.624903,0.151415,0.184816,Bellevue_Bellevue_NE8th
5432,0.631363,0.142643,0.050875,0.712838,0.212817,0.2633,Bellevue_Bellevue_NE8th
5433,0.620011,0.132951,0.043003,0.691994,0.225786,0.145322,Bellevue_Bellevue_NE8th
5434,0.566037,0.134388,0.049402,0.611669,0.224891,0.051988,Bellevue_Bellevue_NE8th
5435,0.634861,0.138679,0.048696,0.578896,0.267006,0.03774,Bellevue_Bellevue_NE8th
5436,0.582152,0.12023,0.036436,0.535741,0.207332,0.111209,Bellevue_Bellevue_NE8th
5437,0.559574,0.129874,0.045447,0.571668,0.204695,0.108395,Bellevue_Bellevue_NE8th
5438,0.568093,0.124734,0.042191,0.665673,0.269904,0.0631,Bellevue_Bellevue_NE8th
5439,0.571771,0.131615,0.049645,0.56009,0.139504,0.052769,Bellevue_Bellevue_NE8th
5440,0.625483,0.140897,0.050919,0.542343,0.133875,0.041319,Bellevue_Bellevue_NE8th
5441,0.638442,0.141249,0.055096,0.62508,0.190015,0.085639,Bellevue_Bellevue_NE8th
5442,0.623557,0.139159,0.051032,0.538247,0.162838,0.019745,Bellevue_Bellevue_NE8th
5443,0.616623,0.144703,0.050029,0.501188,0.158769,0.050514,Bellevue_Bellevue_NE8th
5444,0.626248,0.136807,0.052513,0.541268,0.255637,0.063713,Bellevue_Bellevue_NE8th
5445,0.561212,0.12805,0.048519,0.499463,0.255309,0.064754,Bellevue_Bellevue_NE8th
5446,0.596741,0.129812,0.04198,0.505912,0.185553,0.082643,Bellevue_Bellevue_NE8th
5447,0.604848,0.138456,0.049059,0.602608,0.218568,0.09667,Bellevue_Bellevue_NE8th
5448,0.549415,0.127964,0.053833,0.562089,0.22352,0.039181,Bellevue_Bellevue_NE8th
5449,0.626889,0.144233,0.051621,0.613131,0.260626,0.084783,Bellevue_Bellevue_NE8th
5450,0.628696,0.139596,0.05103,0.636293,0.232605,0.074651,Bellevue_Bellevue_NE8th
5451,0.618095,0.132318,0.043835,0.57124,0.154456,0.082831,Bellevue_Bellevue_NE8th
5452,0.563822,0.132874,0.050294,0.557155,0.148525,0.049961,Bellevue_Bellevue_NE8th
5453,0.624169,0.143093,0.050446,0.599043,0.262849,0.099161,Bellevue_Bellevue_NE8th
5454,0.622852,0.140674,0.050284,0.530697,0.19182,0.084657,Bellevue_Bellevue_NE8th
5455,0.625028,0.145492,0.050442,0.649187,0.242971,0.119509,Bellevue_Bellevue_NE8th
5456,0.634081,0.142722,0.048281,0.682063,0.234977,0.142608,Bellevue_Bellevue_NE8th
5457,0.589804,0.134089,0.045132,0.71271,0.251161,0.098833,Bellevue_Bellevue_NE8th
5458,0.601442,0.132397,0.032988,0.693741,0.241539,0.068737,Bellevue_Bellevue_NE8th
5459,0.556972,0.131179,0.044549,0.692601,0.247462,0.054516,Bellevue_Bellevue_NE8th
5460,0.554177,0.128776,0.045578,0.721799,0.236486,0.073437,Bellevue_Bellevue_NE8th
5461,0.62622,0.142765,0.051279,0.657364,0.18273,0.052563,Bellevue_Bellevue_NE8th
5462,0.620131,0.143302,0.051278,0.640427,0.111211,0.04943,Bellevue_Bellevue_NE8th
5463,0.650358,0.14251,0.053505,0.704566,0.122222,0.08204,Bellevue_Bellevue_NE8th
5464,0.627668,0.141803,0.051173,0.606632,0.077839,0.098617,Bellevue_Bellevue_NE8th
5465,0.618771,0.143206,0.049052,0.597603,0.111603,0.059377,Bellevue_Bellevue_NE8th
5466,0.634971,0.142175,0.050949,0.652334,0.159267,0.09485,Bellevue_Bellevue_NE8th
5467,0.626157,0.133955,0.040716,0.498069,0.132829,0.03913,Bellevue_Bellevue_NE8th
5468,0.62422,0.141884,0.049353,0.528949,0.123967,0.074317,Bellevue_Bellevue_NE8th
5469,0.599303,0.140073,0.047557,0.679416,0.228333,0.060694,Bellevue_Bellevue_NE8th
5470,0.626329,0.140958,0.047298,0.57721,0.151394,0.058092,Bellevue_Bellevue_NE8th
5471,0.63879,0.141641,0.052938,0.59468,0.164226,0.018941,Bellevue_Bellevue_NE8th
5472,0.635676,0.138667,0.049806,0.648116,0.200094,0.04444,Bellevue_Bellevue_NE8th
5473,0.632,0.131681,0.04351,0.555331,0.215006,-0.046279,Bellevue_Bellevue_NE8th
5474,0.632694,0.140786,0.054584,0.558735,0.193137,0.041373,Bellevue_Bellevue_NE8th
5475,0.626367,0.140089,0.049416,0.588024,0.244589,0.052707,Bellevue_Bellevue_NE8th
5476,0.621302,0.139731,0.050375,0.602751,0.220973,0.050047,Bellevue_Bellevue_NE8th
5477,0.607192,0.139649,0.048455,0.57504,0.184285,0.029351,Bellevue_Bellevue_NE8th
5478,0.596414,0.137545,0.04903,0.631012,0.111602,0.072467,Bellevue_Bellevue_NE8th
5479,0.62107,0.142989,0.048071,0.564259,0.065792,0.113176,Bellevue_Bellevue_NE8th
5480,0.640772,0.145722,0.050797,0.52532,0.060857,0.086829,Bellevue_Bellevue_NE8th
5481,0.633457,0.144839,0.052373,0.554264,0.09723,0.109877,Bellevue_Bellevue_NE8th
5482,0.623655,0.141576,0.051493,0.537431,0.091182,0.108177,Bellevue_Bellevue_NE8th
5483,0.626642,0.142723,0.050592,0.530608,0.178796,0.044857,Bellevue_Bellevue_NE8th
5484,0.639619,0.142574,0.053808,0.532911,0.177555,0.066788,Bellevue_Bellevue_NE8th
5485,0.63733,0.139689,0.049868,0.43615,0.157702,0.021036,Bellevue_Bellevue_NE8th
5486,0.57748,0.132832,0.047834,0.603446,0.286446,0.013805,Bellevue_Bellevue_NE8th
5487,0.577564,0.133772,0.04945,0.662257,0.215174,0.034402,Bellevue_Bellevue_NE8th
5488,0.628812,0.141863,0.052453,0.609098,0.143007,0.095666,Bellevue_Bellevue_NE8th
5489,0.637577,0.144956,0.051471,0.715121,0.098309,0.105712,Bellevue_Bellevue_NE8th
5490,0.660708,0.142359,0.053262,0.712712,0.094385,0.114194,Bellevue_Bellevue_NE8th
5491,0.627722,0.142709,0.050751,0.616374,0.114038,0.081186,Bellevue_Bellevue_NE8th
5492,0.628042,0.145005,0.048899,0.747087,0.149326,0.105348,Bellevue_Bellevue_NE8th
5493,0.637435,0.140191,0.053557,0.668066,0.163267,0.117484,Bellevue_Bellevue_NE8th
5494,0.626545,0.139308,0.0495,0.741539,0.201917,0.146543,Bellevue_Bellevue_NE8th
5495,0.630535,0.133074,0.045369,0.767021,0.210168,0.13714,Bellevue_Bellevue_NE8th
5496,0.637862,0.14118,0.051815,0.651593,0.191858,0.106353,Bellevue_Bellevue_NE8th
5497,0.633645,0.146626,0.046262,0.668615,0.251495,0.052582,Bellevue_Bellevue_NE8th
5498,0.634395,0.144305,0.049951,0.658815,0.292764,0.052256,Bellevue_Bellevue_NE8th
5499,0.618062,0.142216,0.045241,0.514985,0.200773,-0.028375,Bellevue_Bellevue_NE8th
5500,0.625075,0.144558,0.053013,0.465329,0.223716,-0.042091,Bellevue_Bellevue_NE8th
5501,0.638816,0.139582,0.053722,0.547182,0.342919,0.007301,Bellevue_Bellevue_NE8th
5502,0.622416,0.135961,0.050128,0.535969,0.34184,0.078701,Bellevue_Bellevue_NE8th
5503,0.618631,0.133226,0.048854,0.549719,0.352398,0.055822,Bellevue_Bellevue_NE8th
5504,0.632452,0.129937,0.044159,0.515805,0.229038,0.046578,Bellevue_Bellevue_NE8th
5505,0.638156,0.145302,0.057404,0.524409,0.152369,0.116889,Bellevue_Bellevue_NE8th
5506,0.632258,0.147183,0.052077,0.596611,0.209182,0.20445,Bellevue_Bellevue_NE8th
5507,0.651544,0.143098,0.055538,0.546868,0.115496,0.1414,Bellevue_Bellevue_NE8th
5508,0.631974,0.139802,0.05029,0.480083,0.120712,0.106074,Bellevue_Bellevue_NE8th
5509,0.607733,0.159914,0.072998,0.542172,0.194213,0.107005,Bellevue_Bellevue_NE8th
5510,0.635992,0.142976,0.052794,0.678245,0.271229,0.126236,Bellevue_Bellevue_NE8th
5511,0.642767,0.137087,0.048497,0.685776,0.301537,0.109165,Bellevue_Bellevue_NE8th
5512,0.617068,0.139782,0.048159,0.570806,0.183518,0.089704,Bellevue_Bellevue_NE8th
5513,0.631849,0.142473,0.051917,0.681726,0.240257,0.053728,Bellevue_Bellevue_NE8th
5514,0.627095,0.143267,0.050317,0.685674,0.239287,0.025228,Bellevue_Bellevue_NE8th
5515,0.630089,0.143944,0.049062,0.64299,0.079725,0.043847,Bellevue_Bellevue_NE8th
5516,0.659874,0.143202,0.055317,0.724408,0.154548,0.019169,Bellevue_Bellevue_NE8th
5517,0.646878,0.140445,0.050789,0.658134,0.173603,-0.012277,Bellevue_Bellevue_NE8th
5518,0.646409,0.144286,0.054925,0.563265,0.130883,0.024154,Bellevue_Bellevue_NE8th
5519,0.645746,0.144281,0.054342,0.567778,0.0788,0.152132,Bellevue_Bellevue_NE8th
5520,0.647516,0.142082,0.052333,0.586367,0.148371,0.066938,Bellevue_Bellevue_NE8th
5521,0.634923,0.141388,0.047515,0.583767,0.258788,0.084529,Bellevue_Bellevue_NE8th
5522,0.625453,0.143916,0.049127,0.660507,0.269793,0.111904,Bellevue_Bellevue_NE8th
5523,0.636333,0.141358,0.046847,0.580738,0.220162,0.057928,Bellevue_Bellevue_NE8th
5524,0.628955,0.147335,0.047531,0.596512,0.16825,0.071579,Bellevue_Bellevue_NE8th
5525,0.648363,0.145252,0.053834,0.622823,0.203243,0.014359,Bellevue_Bellevue_NE8th
5526,0.652997,0.138194,0.042438,0.524958,0.119341,0.031209,Bellevue_Bellevue_NE8th
5527,0.637229,0.144852,0.052372,0.516031,0.153736,-0.007445,Bellevue_Bellevue_NE8th
5528,0.639782,0.140357,0.051152,0.533403,0.15194,0.049504,Bellevue_Bellevue_NE8th
5529,0.653759,0.144879,0.048653,0.600794,0.129156,0.076563,Bellevue_Bellevue_NE8th
5530,0.636415,0.143267,0.048669,0.551519,0.150653,0.122067,Bellevue_Bellevue_NE8th
5531,0.616062,0.145747,0.04704,0.604509,0.171487,0.072218,Bellevue_Bellevue_NE8th
5532,0.614281,0.146759,0.045597,0.720995,0.200573,0.015428,Bellevue_Bellevue_NE8th
5533,0.634434,0.141526,0.044646,0.629693,0.117774,0.067262,Bellevue_Bellevue_NE8th
5534,0.660425,0.147968,0.057199,0.814832,0.114065,0.076421,Bellevue_Bellevue_NE8th
5535,0.65888,0.137813,0.043339,0.643012,0.072356,0.068484,Bellevue_Bellevue_NE8th
5536,0.626939,0.148159,0.052136,0.626701,0.101773,0.117703,Bellevue_Bellevue_NE8th
5537,0.6223,0.14872,0.047244,0.652528,0.136967,0.073885,Bellevue_Bellevue_NE8th
5538,0.63641,0.142629,0.040472,0.639136,0.105089,0.072553,Bellevue_Bellevue_NE8th
5539,0.637012,0.139802,0.037988,0.570218,0.129032,0.100815,Bellevue_Bellevue_NE8th
5540,0.576174,0.140488,0.047105,0.650354,0.132625,0.166264,Bellevue_Bellevue_NE8th
5541,0.578509,0.13765,0.045175,0.685305,0.197754,0.084803,Bellevue_Bellevue_NE8th
5542,0.627456,0.144662,0.046191,0.73547,0.19613,0.176311,Bellevue_Bellevue_NE8th
5543,0.632251,0.145354,0.048882,0.626789,0.203313,0.174911,Bellevue_Bellevue_NE8th
5544,0.66203,0.143338,0.04628,0.632991,0.111086,0.199505,Bellevue_Bellevue_NE8th
5545,0.638308,0.140468,0.041043,0.626592,0.118858,0.084203,Bellevue_Bellevue_NE8th
5546,0.636702,0.143443,0.048897,0.626951,0.202865,0.025189,Bellevue_Bellevue_NE8th
5547,0.6379,0.147282,0.05095,0.553426,0.182884,0.084008,Bellevue_Bellevue_NE8th
5548,0.630552,0.14736,0.047879,0.528607,0.167336,0.115607,Bellevue_Bellevue_NE8th
5549,0.637473,0.144283,0.04339,0.615744,0.17016,0.122204,Bellevue_Bellevue_NE8th
5550,0.628646,0.14463,0.049538,0.671052,0.122027,0.146849,Bellevue_Bellevue_NE8th
5551,0.620071,0.145443,0.048563,0.64726,0.105956,0.140423,Bellevue_Bellevue_NE8th
5552,0.651332,0.146576,0.052987,0.81492,0.12568,0.247546,Bellevue_Bellevue_NE8th
5553,0.656755,0.140583,0.04498,0.740748,0.142547,0.184968,Bellevue_Bellevue_NE8th
5554,0.648437,0.146675,0.052551,0.73198,0.14627,0.110089,Bellevue_Bellevue_NE8th
5555,0.643501,0.146233,0.049966,0.690937,0.112063,0.114521,Bellevue_Bellevue_NE8th
5556,0.644008,0.144857,0.049705,0.525813,0.113973,0.077517,Bellevue_Bellevue_NE8th
5557,0.636464,0.144771,0.049483,0.511928,0.122079,0.107119,Bellevue_Bellevue_NE8th
5558,0.608762,0.137306,0.046487,0.609491,0.21102,0.077013,Bellevue_Bellevue_NE8th
5559,0.621582,0.144606,0.048732,0.529418,0.110582,-0.001861,Bellevue_Bellevue_NE8th
5560,0.643979,0.144534,0.051006,0.657689,0.179887,-0.054991,Bellevue_Bellevue_NE8th
5561,0.651334,0.143457,0.051226,0.560512,0.059803,0.078136,Bellevue_Bellevue_NE8th
5562,0.634169,0.147516,0.051319,0.56681,0.183834,0.003596,Bellevue_Bellevue_NE8th
5563,0.636172,0.144037,0.048152,0.507004,0.170606,0.070893,Bellevue_Bellevue_NE8th
5564,0.64552,0.143049,0.046337,0.468645,0.172747,0.097805,Bellevue_Bellevue_NE8th
5565,0.63815,0.142424,0.046819,0.391805,0.191962,0.036459,Bellevue_Bellevue_NE8th
5566,0.646762,0.145142,0.048054,0.482461,0.219858,0.022728,Bellevue_Bellevue_NE8th
5567,0.632297,0.140932,0.042589,0.678962,0.221034,0.118621,Bellevue_Bellevue_NE8th
5568,0.645627,0.143595,0.048785,0.702963,0.145387,0.061883,Bellevue_Bellevue_NE8th
5569,0.650164,0.146231,0.05313,0.754451,0.178203,0.047024,Bellevue_Bellevue_NE8th
5570,0.657539,0.144636,0.052624,0.89181,0.219495,-0.021729,Bellevue_Bellevue_NE8th
5571,0.655787,0.138349,0.045354,0.68517,0.169378,-0.01278,Bellevue_Bellevue_NE8th
5572,0.643224,0.146225,0.050074,0.640448,0.180715,-0.014069,Bellevue_Bellevue_NE8th
5573,0.647314,0.147647,0.049883,0.581557,0.171139,-0.036947,Bellevue_Bellevue_NE8th
5574,0.639232,0.14677,0.046588,0.481083,0.156311,0.049681,Bellevue_Bellevue_NE8th
5575,0.632671,0.145186,0.04731,0.547916,0.161949,0.008876,Bellevue_Bellevue_NE8th
5576,0.630596,0.146887,0.048139,0.541221,0.117432,0.094244,Bellevue_Bellevue_NE8th
5577,0.638432,0.145446,0.049229,0.55288,0.123462,0.058314,Bellevue_Bellevue_NE8th
5578,0.649051,0.145274,0.053556,0.604643,0.11374,0.064881,Bellevue_Bellevue_NE8th
5579,0.658585,0.143155,0.049848,0.48708,0.122298,0.036695,Bellevue_Bellevue_NE8th
5580,0.63065,0.14624,0.048824,0.465058,0.152932,0.060298,Bellevue_Bellevue_NE8th
5581,0.638393,0.147906,0.050253,0.499021,0.164953,0.096496,Bellevue_Bellevue_NE8th
5582,0.641058,0.147091,0.047395,0.540498,0.169673,0.124783,Bellevue_Bellevue_NE8th
5583,0.641743,0.146689,0.045793,0.533522,0.120845,0.143705,Bellevue_Bellevue_NE8th
5584,0.636833,0.147402,0.045894,0.549698,0.105382,0.13068,Bellevue_Bellevue_NE8th
5585,0.626709,0.145103,0.045965,0.600802,0.165013,0.123167,Bellevue_Bellevue_NE8th
5586,0.626662,0.147483,0.046647,0.651771,0.149841,0.115173,Bellevue_Bellevue_NE8th
5587,0.625355,0.147456,0.048549,0.701221,0.167027,0.1402,Bellevue_Bellevue_NE8th
5588,0.647509,0.148852,0.052107,0.708409,0.090123,0.204136,Bellevue_Bellevue_NE8th
5589,0.634253,0.144949,0.045401,0.574217,0.100019,0.138685,Bellevue_Bellevue_NE8th
5590,0.643116,0.146455,0.051122,0.754319,0.212498,0.037914,Bellevue_Bellevue_NE8th
5591,0.634188,0.14721,0.050786,0.770187,0.203516,0.074267,Bellevue_Bellevue_NE8th
5592,0.634398,0.148278,0.04778,0.655129,0.198148,0.058553,Bellevue_Bellevue_NE8th
5593,0.626457,0.147945,0.044906,0.657504,0.167353,0.088737,Bellevue_Bellevue_NE8th
5594,0.638742,0.146178,0.046894,0.646631,0.240134,0.114392,Bellevue_Bellevue_NE8th
5595,0.633088,0.145821,0.04952,0.725351,0.187682,0.116835,Bellevue_Bellevue_NE8th
5596,0.626671,0.147778,0.045096,0.604808,0.129993,0.070153,Bellevue_Bellevue_NE8th
5597,0.640544,0.148808,0.050472,0.656148,0.106646,0.094173,Bellevue_Bellevue_NE8th
5598,0.638453,0.145072,0.046178,0.560486,0.045632,0.087253,Bellevue_Bellevue_NE8th
5599,0.635182,0.147318,0.0507,0.611051,0.086447,0.09061,Bellevue_Bellevue_NE8th
5600,0.642476,0.148267,0.050674,0.558738,0.100083,0.064257,Bellevue_Bellevue_NE8th
5601,0.652061,0.149021,0.04757,0.511677,0.084915,0.077728,Bellevue_Bellevue_NE8th
5602,0.64848,0.141496,0.040131,0.54282,0.120324,0.068793,Bellevue_Bellevue_NE8th
5603,0.634202,0.147608,0.046651,0.627136,0.194139,0.094415,Bellevue_Bellevue_NE8th
5604,0.62851,0.14578,0.044764,0.765288,0.194857,0.0762,Bellevue_Bellevue_NE8th
5605,0.629167,0.144841,0.045484,0.688829,0.15861,0.056789,Bellevue_Bellevue_NE8th
5606,0.643988,0.150717,0.052515,0.775612,0.034262,0.101814,Bellevue_Bellevue_NE8th
5607,0.664635,0.144853,0.045123,0.61859,0.041068,0.074132,Bellevue_Bellevue_NE8th
5608,0.647959,0.1496,0.051828,0.601615,0.166559,0.013532,Bellevue_Bellevue_NE8th
5609,0.640483,0.147251,0.048594,0.582522,0.233539,0.018866,Bellevue_Bellevue_NE8th
5610,0.67383,0.152191,0.04607,0.598815,0.171817,0.068717,Bellevue_Bellevue_NE8th
5611,0.657853,0.14052,0.040873,0.604881,0.145157,0.074168,Bellevue_Bellevue_NE8th
5612,0.652057,0.147234,0.048752,0.606532,0.134183,0.106143,Bellevue_Bellevue_NE8th
5613,0.63251,0.148419,0.048589,0.563764,0.160422,0.158022,Bellevue_Bellevue_NE8th
5614,0.664064,0.150663,0.051401,0.652193,0.175195,0.164105,Bellevue_Bellevue_NE8th
5615,0.653126,0.14788,0.051609,0.674221,0.148166,0.207193,Bellevue_Bellevue_NE8th
5616,0.657199,0.149473,0.053115,0.696745,0.103679,0.283515,Bellevue_Bellevue_NE8th
5617,0.645176,0.146483,0.050211,0.718991,0.26322,0.116363,Bellevue_Bellevue_NE8th
5618,0.662691,0.148592,0.052986,0.709322,0.262997,0.07833,Bellevue_Bellevue_NE8th
5619,0.652919,0.146946,0.052616,0.695356,0.198054,0.099,Bellevue_Bellevue_NE8th
5620,0.663906,0.147646,0.051228,0.650063,0.19869,0.069665,Bellevue_Bellevue_NE8th
5621,0.638119,0.145407,0.04744,0.636939,0.134199,0.122709,Bellevue_Bellevue_NE8th
5622,0.637284,0.148447,0.048667,0.676141,0.255514,0.059141,Bellevue_Bellevue_NE8th
5623,0.637239,0.146867,0.048437,0.794007,0.274741,0.105178,Bellevue_Bellevue_NE8th
5624,0.638489,0.146829,0.045398,0.82949,0.186346,0.160799,Bellevue_Bellevue_NE8th
5625,0.647967,0.142289,0.041884,0.585607,0.047964,0.148209,Bellevue_Bellevue_NE8th
5626,0.648275,0.152055,0.055047,0.599934,0.012051,0.212893,Bellevue_Bellevue_NE8th
5627,0.653379,0.148252,0.049786,0.570075,0.020137,0.180753,Bellevue_Bellevue_NE8th
5628,0.635845,0.149384,0.047258,0.553603,0.087082,0.135422,Bellevue_Bellevue_NE8th
5629,0.634777,0.146745,0.047999,0.574314,0.175181,0.064827,Bellevue_Bellevue_NE8th
5630,0.639663,0.146206,0.049942,0.476403,0.124338,0.063672,Bellevue_Bellevue_NE8th
5631,0.626505,0.151211,0.049388,0.613626,0.196748,0.067975,Bellevue_Bellevue_NE8th
5632,0.631355,0.147551,0.045557,0.701711,0.186563,0.076309,Bellevue_Bellevue_NE8th
5633,0.64662,0.144514,0.038333,0.721176,0.219345,0.042246,Bellevue_Bellevue_NE8th
5634,0.641868,0.146249,0.041703,0.721719,0.260082,0.041613,Bellevue_Bellevue_NE8th
5635,0.650656,0.144582,0.045016,0.727905,0.229801,0.076282,Bellevue_Bellevue_NE8th
5636,0.651214,0.146074,0.044982,0.741549,0.278457,0.055198,Bellevue_Bellevue_NE8th
5637,0.659088,0.138057,0.034761,0.690768,0.168032,0.183007,Bellevue_Bellevue_NE8th
5638,0.628553,0.145023,0.04315,0.582742,0.152437,0.152065,Bellevue_Bellevue_NE8th
5639,0.637965,0.147175,0.043884,0.571228,0.199743,0.102298,Bellevue_Bellevue_NE8th
5640,0.628223,0.146521,0.045893,0.557992,0.194083,0.058832,Bellevue_Bellevue_NE8th
5641,0.627008,0.147787,0.045627,0.558961,0.163847,0.049881,Bellevue_Bellevue_NE8th
5642,0.614447,0.165326,0.051832,0.5799,0.219292,0.078225,Bellevue_Bellevue_NE8th
5643,0.634654,0.145774,0.053135,0.572122,0.20591,0.064123,Bellevue_Bellevue_NE8th
5644,0.627684,0.148149,0.048565,0.531497,0.225447,0.082045,Bellevue_Bellevue_NE8th
5645,0.636373,0.14573,0.049096,0.64054,0.322093,0.089412,Bellevue_Bellevue_NE8th
5646,0.639966,0.145182,0.047283,0.696356,0.324691,0.085469,Bellevue_Bellevue_NE8th
5647,0.649982,0.141408,0.038826,0.65994,0.283524,0.089827,Bellevue_Bellevue_NE8th
5648,0.633796,0.143801,0.04404,0.641565,0.239844,0.012158,Bellevue_Bellevue_NE8th
5649,0.637512,0.143133,0.048016,0.557302,0.189888,-0.011747,Bellevue_Bellevue_NE8th
5650,0.630745,0.14493,0.048407,0.601241,0.254987,0.019595,Bellevue_Bellevue_NE8th
5651,0.630558,0.13682,0.043707,0.55287,0.247309,0.041479,Bellevue_Bellevue_NE8th
5652,0.628126,0.144874,0.049238,0.566949,0.185772,0.040769,Bellevue_Bellevue_NE8th
5653,0.625916,0.152349,0.05219,0.518548,0.210664,0.042305,Bellevue_Bellevue_NE8th
5654,0.650229,0.14473,0.052283,0.500877,0.195265,0.018832,Bellevue_Bellevue_NE8th
5655,0.629411,0.149735,0.043878,0.653604,0.197398,0.087708,Bellevue_Bellevue_NE8th
5656,0.637137,0.149546,0.046042,0.675873,0.246036,0.060952,Bellevue_Bellevue_NE8th
5657,0.657778,0.149858,0.049341,0.686386,0.245167,0.094874,Bellevue_Bellevue_NE8th
5658,0.647139,0.148267,0.038952,0.673625,0.19876,0.071095,Bellevue_Bellevue_NE8th
5659,0.652539,0.148081,0.036262,0.6649,0.237974,-0.004652,Bellevue_Bellevue_NE8th
5660,0.643985,0.147324,0.049534,0.709662,0.197715,0.006046,Bellevue_Bellevue_NE8th
5661,0.645127,0.145804,0.050491,0.644474,0.151225,0.047295,Bellevue_Bellevue_NE8th
5662,0.663887,0.150136,0.055558,0.606791,0.064588,0.048728,Bellevue_Bellevue_NE8th
5663,0.656635,0.147372,0.050893,0.573062,0.124705,0.061802,Bellevue_Bellevue_NE8th
5664,0.635274,0.149969,0.049229,0.646286,0.243119,-0.001311,Bellevue_Bellevue_NE8th
5665,0.644601,0.148441,0.049763,0.656559,0.213998,0.03203,Bellevue_Bellevue_NE8th
5666,0.647277,0.146939,0.049332,0.500021,0.299287,0.002087,Bellevue_Bellevue_NE8th
5667,0.640183,0.149167,0.048621,0.553904,0.289613,0.039286,Bellevue_Bellevue_NE8th
5668,0.638289,0.141985,0.042441,0.61734,0.275055,0.016005,Bellevue_Bellevue_NE8th
5669,0.662758,0.148267,0.049324,0.55379,0.180418,0.034251,Bellevue_Bellevue_NE8th
5670,0.651112,0.148289,0.051994,0.675718,0.183387,0.082523,Bellevue_Bellevue_NE8th
5671,0.667276,0.149575,0.055093,0.676216,0.195774,0.015929,Bellevue_Bellevue_NE8th
5672,0.633126,0.148244,0.046894,0.629214,0.166753,0.036137,Bellevue_Bellevue_NE8th
5673,0.636263,0.149273,0.046524,0.750791,0.234021,-0.0044,Bellevue_Bellevue_NE8th
5674,0.644775,0.146521,0.047935,0.718222,0.207244,0.076179,Bellevue_Bellevue_NE8th
5675,0.640882,0.146835,0.045961,0.619733,0.197814,0.106272,Bellevue_Bellevue_NE8th
5676,0.642781,0.14845,0.045232,0.67587,0.218302,0.160108,Bellevue_Bellevue_NE8th
5677,0.655353,0.137375,0.033681,0.7065,0.243025,0.091729,Bellevue_Bellevue_NE8th
5678,0.653298,0.141503,0.039271,0.577215,0.150637,0.167293,Bellevue_Bellevue_NE8th
5679,0.630581,0.144183,0.048526,0.531283,0.168359,0.127564,Bellevue_Bellevue_NE8th
5680,0.653925,0.145215,0.047815,0.535189,0.215015,0.076983,Bellevue_Bellevue_NE8th
5681,0.633133,0.142144,0.044265,0.734222,0.220275,0.055182,Bellevue_Bellevue_NE8th
5682,0.648533,0.1459,0.053586,0.662594,0.1067,0.051817,Bellevue_Bellevue_NE8th
5683,0.661125,0.148959,0.054228,0.762564,0.0864,0.089584,Bellevue_Bellevue_NE8th
5684,0.657225,0.144698,0.051598,0.658468,0.073386,0.086042,Bellevue_Bellevue_NE8th
5685,0.638555,0.152157,0.052391,0.589491,0.112494,0.005829,Bellevue_Bellevue_NE8th
5686,0.639211,0.150444,0.048938,0.632647,0.148145,0.045423,Bellevue_Bellevue_NE8th
5687,0.647165,0.14398,0.039836,0.580557,0.166922,0.075731,Bellevue_Bellevue_NE8th
5688,0.638673,0.149275,0.046983,0.620967,0.180015,0.086264,Bellevue_Bellevue_NE8th
5689,0.655466,0.14207,0.034713,0.703587,0.225448,0.114974,Bellevue_Bellevue_NE8th
5690,0.649114,0.148274,0.047577,0.664875,0.183099,0.107576,Bellevue_Bellevue_NE8th
5691,0.642868,0.151134,0.047247,0.767246,0.303943,0.067335,Bellevue_Bellevue_NE8th
5692,0.674491,0.149623,0.049556,0.760563,0.291129,0.079693,Bellevue_Bellevue_NE8th
5693,0.65027,0.148163,0.05235,0.665824,0.234813,0.063065,Bellevue_Bellevue_NE8th
5694,0.639527,0.149901,0.050963,0.678565,0.222041,0.105742,Bellevue_Bellevue_NE8th
5695,0.648131,0.148493,0.048263,0.599287,0.178993,0.078937,Bellevue_Bellevue_NE8th
5696,0.648307,0.143438,0.045584,0.460291,0.09112,0.058829,Bellevue_Bellevue_NE8th
5697,0.650515,0.144602,0.048907,0.53251,0.093956,0.084878,Bellevue_Bellevue_NE8th
5698,0.649395,0.141699,0.043597,0.722064,0.229711,0.048341,Bellevue_Bellevue_NE8th
5699,0.650799,0.146265,0.051524,0.683482,0.164208,0.07095,Bellevue_Bellevue_NE8th
5700,0.667884,0.15199,0.056665,0.759933,0.218907,0.085501,Bellevue_Bellevue_NE8th
5701,0.675672,0.148125,0.049541,0.769202,0.231095,0.095542,Bellevue_Bellevue_NE8th
5702,0.654146,0.148028,0.051499,0.701679,0.181327,0.084525,Bellevue_Bellevue_NE8th
5703,0.646505,0.147352,0.049316,0.712542,0.235418,0.103793,Bellevue_Bellevue_NE8th
5704,0.662919,0.145853,0.051659,0.703126,0.225926,0.095798,Bellevue_Bellevue_NE8th
5705,0.655503,0.147046,0.050327,0.622524,0.16133,0.120659,Bellevue_Bellevue_NE8th
5706,0.638947,0.146073,0.050148,0.55592,0.102715,0.120663,Bellevue_Bellevue_NE8th
5707,0.646828,0.145847,0.048494,0.650851,0.206576,0.115908,Bellevue_Bellevue_NE8th
5708,0.665873,0.144872,0.046659,0.625336,0.14359,0.108181,Bellevue_Bellevue_NE8th
5709,0.662365,0.149106,0.054185,0.758318,0.145673,0.098673,Bellevue_Bellevue_NE8th
5710,0.684578,0.14828,0.053634,0.739959,0.16329,0.081498,Bellevue_Bellevue_NE8th
5711,0.656293,0.147183,0.052359,0.699417,0.161724,0.078095,Bellevue_Bellevue_NE8th
5712,0.65625,0.146296,0.050874,0.798969,0.227699,0.148167,Bellevue_Bellevue_NE8th
5713,0.677251,0.145952,0.04727,0.817751,0.197367,0.156808,Bellevue_Bellevue_NE8th
5714,0.673062,0.139293,0.041389,0.71066,0.192494,0.179655,Bellevue_Bellevue_NE8th
5715,0.653005,0.144797,0.047635,0.677322,0.207882,0.164716,Bellevue_Bellevue_NE8th
5716,0.657871,0.146467,0.045877,0.789702,0.285912,0.14078,Bellevue_Bellevue_NE8th
5717,0.665575,0.143602,0.044169,0.519717,0.110027,0.037627,Bellevue_Bellevue_NE8th
5718,0.658814,0.14888,0.051885,0.58866,0.134174,0.064098,Bellevue_Bellevue_NE8th
5719,0.675144,0.147095,0.056622,0.738891,0.268313,0.021924,Bellevue_Bellevue_NE8th
5720,0.657247,0.143986,0.051596,0.578638,0.216466,0.044336,Bellevue_Bellevue_NE8th
5721,0.633981,0.150878,0.050499,0.536213,0.145574,0.114341,Bellevue_Bellevue_NE8th
5722,0.63658,0.153089,0.057165,0.622341,0.160922,0.16009,Bellevue_Bellevue_NE8th
5723,0.651321,0.141455,0.039992,0.556622,0.151054,0.14949,Bellevue_Bellevue_NE8th
5724,0.663298,0.147481,0.046164,0.644564,0.123019,0.166016,Bellevue_Bellevue_NE8th
5725,0.659204,0.13886,0.038696,0.617443,0.173739,0.104947,Bellevue_Bellevue_NE8th
5726,0.640627,0.147545,0.048385,0.616687,0.168376,0.13499,Bellevue_Bellevue_NE8th
5727,0.649584,0.162296,0.053805,0.675865,0.204737,0.128364,Bellevue_Bellevue_NE8th
5728,0.649457,0.143415,0.039409,0.648451,0.149631,0.132656,Bellevue_Bellevue_NE8th
5729,0.646801,0.142493,0.036284,0.687313,0.119944,0.210786,Bellevue_Bellevue_NE8th
5730,0.660246,0.143847,0.035644,0.695884,0.110815,0.206661,Bellevue_Bellevue_NE8th
5731,0.666174,0.142113,0.032512,0.693956,0.104188,0.228942,Bellevue_Bellevue_NE8th
5732,0.661193,0.13994,0.031736,0.607541,0.122722,0.209582,Bellevue_Bellevue_NE8th
5733,0.638008,0.147809,0.043651,0.643818,0.154202,0.208822,Bellevue_Bellevue_NE8th
5734,0.64333,0.143571,0.039391,0.6274,0.187394,0.131099,Bellevue_Bellevue_NE8th
5735,0.638647,0.147701,0.045251,0.690764,0.22887,0.100701,Bellevue_Bellevue_NE8th
5736,0.649201,0.148942,0.048951,0.543462,0.112754,0.096407,Bellevue_Bellevue_NE8th
5737,0.644762,0.151056,0.049567,0.60162,0.142371,0.110852,Bellevue_Bellevue_NE8th
5738,0.64995,0.148855,0.051707,0.607178,0.082362,0.118298,Bellevue_Bellevue_NE8th
5739,0.636888,0.151464,0.049129,0.625757,0.160774,0.060199,Bellevue_Bellevue_NE8th
5740,0.639419,0.150604,0.044363,0.574695,0.073746,0.113441,Bellevue_Bellevue_NE8th
5741,0.642013,0.147099,0.043791,0.541441,0.161567,0.113028,Bellevue_Bellevue_NE8th
5742,0.645505,0.148316,0.041998,0.580468,0.177936,0.132186,Bellevue_Bellevue_NE8th
5743,0.632852,0.148033,0.044888,0.63416,0.269769,0.080669,Bellevue_Bellevue_NE8th
5744,0.636335,0.146584,0.04132,0.502132,0.15055,0.089853,Bellevue_Bellevue_NE8th
5745,0.640486,0.149803,0.047444,0.559824,0.206204,0.030873,Bellevue_Bellevue_NE8th
5746,0.664723,0.147348,0.048604,0.604292,0.187782,0.051609,Bellevue_Bellevue_NE8th
5747,0.646783,0.145216,0.043908,0.645138,0.226063,0.006008,Bellevue_Bellevue_NE8th
5748,0.64574,0.14898,0.048397,0.606154,0.21536,0.018868,Bellevue_Bellevue_NE8th
5749,0.657998,0.149946,0.046153,0.612737,0.20449,0.021542,Bellevue_Bellevue_NE8th
5750,0.657629,0.146484,0.041855,0.72309,0.317345,0.048519,Bellevue_Bellevue_NE8th
5751,0.663262,0.143981,0.034706,0.72436,0.251981,0.077903,Bellevue_Bellevue_NE8th
5752,0.65866,0.149646,0.047423,0.718809,0.159367,0.111446,Bellevue_Bellevue_NE8th
5753,0.668732,0.149741,0.053343,0.673642,0.090726,0.106967,Bellevue_Bellevue_NE8th
5754,0.680997,0.153585,0.055131,0.753206,0.060852,0.114054,Bellevue_Bellevue_NE8th
5755,0.674944,0.143394,0.040497,0.622159,0.090236,0.082411,Bellevue_Bellevue_NE8th
5756,0.641348,0.151026,0.05001,0.743438,0.134057,0.186186,Bellevue_Bellevue_NE8th
5757,0.65094,0.150463,0.049115,0.769437,0.155488,0.18912,Bellevue_Bellevue_NE8th
5758,0.660514,0.14968,0.049971,0.784146,0.234,0.239872,Bellevue_Bellevue_NE8th
5759,0.65182,0.143885,0.041616,0.655517,0.215813,0.122591,Bellevue_Bellevue_NE8th
5760,0.647199,0.149606,0.044417,0.747946,0.250436,0.116834,Bellevue_Bellevue_NE8th
5761,0.647874,0.143842,0.041001,0.810216,0.301338,0.089802,Bellevue_Bellevue_NE8th
5762,0.649989,0.146996,0.048031,0.65483,0.177758,0.098964,Bellevue_Bellevue_NE8th
5763,0.658459,0.147592,0.05329,0.773688,0.245843,0.078961,Bellevue_Bellevue_NE8th
5764,0.674832,0.145543,0.053149,0.655857,0.169203,0.070834,Bellevue_Bellevue_NE8th
5765,0.642955,0.149578,0.050973,0.696691,0.205436,0.103667,Bellevue_Bellevue_NE8th
5766,0.65284,0.14714,0.0514,0.721251,0.169088,0.106139,Bellevue_Bellevue_NE8th
5767,0.660162,0.147997,0.048064,0.645043,0.14038,0.098894,Bellevue_Bellevue_NE8th
5768,0.659413,0.146802,0.047833,0.611387,0.116847,0.099555,Bellevue_Bellevue_NE8th
5769,0.642138,0.145312,0.048542,0.579473,0.154018,0.116842,Bellevue_Bellevue_NE8th
5770,0.646775,0.145504,0.047129,0.68571,0.307206,0.075085,Bellevue_Bellevue_NE8th
5771,0.663863,0.145976,0.049851,0.676742,0.139385,0.166611,Bellevue_Bellevue_NE8th
5772,0.649572,0.148523,0.050915,0.620004,0.118146,0.114659,Bellevue_Bellevue_NE8th
5773,0.669278,0.14709,0.053672,0.704051,0.160609,0.081542,Bellevue_Bellevue_NE8th
5774,0.64944,0.147626,0.049835,0.670514,0.133024,0.07972,Bellevue_Bellevue_NE8th
5775,0.63211,0.154101,0.053676,0.63912,0.183204,0.050347,Bellevue_Bellevue_NE8th
5776,0.665151,0.149959,0.050166,0.705909,0.130417,0.140145,Bellevue_Bellevue_NE8th
5777,0.665104,0.14055,0.033649,0.606718,0.163115,0.110431,Bellevue_Bellevue_NE8th
5778,0.643332,0.148516,0.043623,0.649852,0.17509,0.12764,Bellevue_Bellevue_NE8th
5779,0.646505,0.145377,0.04365,0.69569,0.210545,0.079113,Bellevue_Bellevue_NE8th
5780,0.643512,0.147486,0.048839,0.54496,0.081548,0.110429,Bellevue_Bellevue_NE8th
5781,0.645321,0.150812,0.049909,0.64512,0.112344,0.064049,Bellevue_Bellevue_NE8th
5782,0.670231,0.144773,0.055158,0.696022,0.15598,0.024705,Bellevue_Bellevue_NE8th
5783,0.651572,0.146699,0.051081,0.691059,0.187393,0.034187,Bellevue_Bellevue_NE8th
5784,0.650417,0.149185,0.050676,0.724574,0.231793,0.039862,Bellevue_Bellevue_NE8th
5785,0.65169,0.14681,0.05086,0.726941,0.204036,0.136282,Bellevue_Bellevue_NE8th
5786,0.641781,0.146615,0.049068,0.777242,0.195307,0.277579,Bellevue_Bellevue_NE8th
5787,0.664421,0.139178,0.035063,0.727245,0.305126,0.149958,Bellevue_Bellevue_NE8th
5788,0.653661,0.148495,0.048952,0.687182,0.384708,-0.004626,Bellevue_Bellevue_NE8th
5789,0.655332,0.147237,0.052248,0.555761,0.282738,0.017978,Bellevue_Bellevue_NE8th
5790,0.662873,0.14931,0.055609,0.559364,0.292615,0.012006,Bellevue_Bellevue_NE8th
5791,0.680765,0.147106,0.054275,0.529894,0.231247,0.047727,Bellevue_Bellevue_NE8th
5792,0.650779,0.147766,0.050709,0.550299,0.158908,0.141474,Bellevue_Bellevue_NE8th
5793,0.643454,0.148697,0.051031,0.627096,0.214173,0.10533,Bellevue_Bellevue_NE8th
5794,0.659081,0.150424,0.053909,0.63146,0.193797,0.12084,Bellevue_Bellevue_NE8th
5795,0.655825,0.149679,0.049586,0.701088,0.233776,0.140855,Bellevue_Bellevue_NE8th
5796,0.667434,0.1425,0.039537,0.763678,0.271323,0.136282,Bellevue_Bellevue_NE8th
5797,0.647643,0.145524,0.048339,0.631153,0.189337,0.174357,Bellevue_Bellevue_NE8th
5798,0.661241,0.148479,0.054742,0.684737,0.226909,0.198021,Bellevue_Bellevue_NE8th
5799,0.668128,0.149205,0.054955,0.675834,0.171007,0.151157,Bellevue_Bellevue_NE8th
5800,0.647155,0.147278,0.048636,0.669209,0.162561,0.112456,Bellevue_Bellevue_NE8th
5801,0.647377,0.147164,0.049005,0.726418,0.23513,0.176046,Bellevue_Bellevue_NE8th
5802,0.651674,0.14751,0.053434,0.665662,0.180074,0.190553,Bellevue_Bellevue_NE8th
5803,0.664004,0.146908,0.053094,0.637437,0.239737,0.10535,Bellevue_Bellevue_NE8th
5804,0.652882,0.146125,0.052506,0.698875,0.344568,0.060682,Bellevue_Bellevue_NE8th
5805,0.652642,0.143258,0.049686,0.62805,0.189121,0.1309,Bellevue_Bellevue_NE8th
5806,0.663494,0.145433,0.05361,0.578139,0.190275,0.090204,Bellevue_Bellevue_NE8th
5807,0.661825,0.14669,0.051808,0.44055,0.136001,0.073088,Bellevue_Bellevue_NE8th
5808,0.666836,0.151771,0.055646,0.470518,0.166624,0.086304,Bellevue_Bellevue_NE8th
5809,0.668598,0.145488,0.052512,0.457687,0.116781,0.129977,Bellevue_Bellevue_NE8th
5810,0.644586,0.150226,0.052081,0.605492,0.180406,0.120503,Bellevue_Bellevue_NE8th
5811,0.653434,0.149302,0.051574,0.706945,0.173266,0.156301,Bellevue_Bellevue_NE8th
5812,0.658923,0.141897,0.040409,0.679694,0.20007,0.126844,Bellevue_Bellevue_NE8th
5813,0.643996,0.146873,0.046619,0.741086,0.269103,0.159812,Bellevue_Bellevue_NE8th
5814,0.664722,0.146172,0.039954,0.698051,0.22206,0.113286,Bellevue_Bellevue_NE8th
5815,0.652054,0.148092,0.050378,0.750555,0.235798,0.085264,Bellevue_Bellevue_NE8th
5816,0.65471,0.147631,0.04955,0.642761,0.117676,0.11671,Bellevue_Bellevue_NE8th
5817,0.651512,0.15185,0.051556,0.7148,0.084746,0.20242,Bellevue_Bellevue_NE8th
5818,0.668065,0.148361,0.053133,0.728823,0.096409,0.223076,Bellevue_Bellevue_NE8th
5819,0.644754,0.147196,0.048652,0.6272,0.1117,0.130977,Bellevue_Bellevue_NE8th
5820,0.626023,0.177273,0.08438,0.582605,0.111613,0.176077,Bellevue_Bellevue_NE8th
5821,0.650238,0.146958,0.050067,0.600468,0.119197,0.219923,Bellevue_Bellevue_NE8th
5822,0.66157,0.146242,0.050768,0.607879,0.161009,0.210798,Bellevue_Bellevue_NE8th
5823,0.666206,0.146402,0.046062,0.707003,0.259397,0.111605,Bellevue_Bellevue_NE8th
5824,0.656452,0.148721,0.051409,0.78062,0.24185,0.000523,Bellevue_Bellevue_NE8th
5825,0.644719,0.14684,0.047022,0.5687,0.097092,0.030017,Bellevue_Bellevue_NE8th
5826,0.636162,0.169859,0.071886,0.549295,0.066574,0.103707,Bellevue_Bellevue_NE8th
5827,0.657529,0.151222,0.052902,0.54389,0.069074,0.035813,Bellevue_Bellevue_NE8th
5828,0.653029,0.147665,0.04997,0.530563,0.106579,0.044585,Bellevue_Bellevue_NE8th
5829,0.646553,0.145936,0.046456,0.474261,0.05921,0.053149,Bellevue_Bellevue_NE8th
5830,0.676971,0.151591,0.050461,0.551898,0.080107,0.151006,Bellevue_Bellevue_NE8th
5831,0.667964,0.14728,0.051792,0.517133,0.108482,0.205208,Bellevue_Bellevue_NE8th
5832,0.673821,0.144511,0.045346,0.608364,0.208779,0.05129,Bellevue_Bellevue_NE8th
5833,0.654336,0.147633,0.051578,0.711378,0.115032,0.120839,Bellevue_Bellevue_NE8th
5834,0.654918,0.147093,0.049975,0.63524,0.142175,0.052788,Bellevue_Bellevue_NE8th
5835,0.652558,0.148685,0.0515,0.648,0.087969,0.114552,Bellevue_Bellevue_NE8th
5836,0.670877,0.148783,0.052049,0.645806,0.143568,0.099881,Bellevue_Bellevue_NE8th
5837,0.661105,0.150396,0.05211,0.630871,0.100952,0.131266,Bellevue_Bellevue_NE8th
5838,0.661682,0.146854,0.050308,0.617992,0.091348,0.170577,Bellevue_Bellevue_NE8th
5839,0.668604,0.147795,0.050119,0.654579,0.069311,0.200886,Bellevue_Bellevue_NE8th
5840,0.660083,0.142734,0.043747,0.54405,0.118717,0.129554,Bellevue_Bellevue_NE8th
5841,0.655063,0.148737,0.050198,0.568338,0.133568,0.142348,Bellevue_Bellevue_NE8th
5842,0.649983,0.146004,0.050104,0.656461,0.22951,0.119871,Bellevue_Bellevue_NE8th
5843,0.661453,0.146272,0.052097,0.611081,0.169752,0.040619,Bellevue_Bellevue_NE8th
5844,0.638027,0.178132,0.080981,0.540191,0.014342,0.089078,Bellevue_Bellevue_NE8th
5845,0.665735,0.155427,0.05939,0.519376,0.04766,0.060109,Bellevue_Bellevue_NE8th
5846,0.650103,0.14898,0.051942,0.595224,0.134044,0.043092,Bellevue_Bellevue_NE8th
5847,0.657541,0.147753,0.051583,0.550836,0.12261,0.00594,Bellevue_Bellevue_NE8th
5848,0.659087,0.151139,0.048182,0.640318,0.122666,0.078333,Bellevue_Bellevue_NE8th
5849,0.664381,0.14576,0.044079,0.61511,0.129741,0.165498,Bellevue_Bellevue_NE8th
5850,0.646137,0.147242,0.047574,0.747651,0.207207,0.205159,Bellevue_Bellevue_NE8th
5851,0.654321,0.143073,0.041424,0.633432,0.188322,0.06016,Bellevue_Bellevue_NE8th
5852,0.667332,0.150998,0.051004,0.629695,0.180128,0.023742,Bellevue_Bellevue_NE8th
5853,0.657896,0.150916,0.049885,0.703279,0.147695,0.018804,Bellevue_Bellevue_NE8th
5854,0.663683,0.1488,0.051525,0.739131,0.13504,0.006787,Bellevue_Bellevue_NE8th
5855,0.675717,0.1425,0.04552,0.628574,0.142336,0.053277,Bellevue_Bellevue_NE8th
5856,0.660937,0.150768,0.052909,0.630912,0.183854,0.024842,Bellevue_Bellevue_NE8th
5857,0.652933,0.147113,0.049569,0.712401,0.133287,0.146338,Bellevue_Bellevue_NE8th
5858,0.662413,0.147001,0.045899,0.623889,0.155474,0.061348,Bellevue_Bellevue_NE8th
5859,0.655572,0.149953,0.04773,0.749607,0.208699,0.07705,Bellevue_Bellevue_NE8th
5860,0.648849,0.14347,0.043696,0.764636,0.196783,0.098531,Bellevue_Bellevue_NE8th
5861,0.666306,0.149119,0.049661,0.648961,0.100176,0.080893,Bellevue_Bellevue_NE8th
5862,0.652027,0.149914,0.048996,0.5827,0.041118,0.107769,Bellevue_Bellevue_NE8th
5863,0.650835,0.150112,0.05135,0.583057,0.064768,0.084762,Bellevue_Bellevue_NE8th
5864,0.640193,0.151006,0.046515,0.59066,0.127911,0.053302,Bellevue_Bellevue_NE8th
5865,0.654588,0.150391,0.049153,0.693182,0.189239,0.039008,Bellevue_Bellevue_NE8th
5866,0.669774,0.150066,0.045986,0.673695,0.205118,0.041898,Bellevue_Bellevue_NE8th
5867,0.669291,0.145213,0.038174,0.60169,0.169008,0.076562,Bellevue_Bellevue_NE8th
5868,0.647227,0.148819,0.048727,0.612101,0.185795,0.080438,Bellevue_Bellevue_NE8th
5869,0.648781,0.147627,0.046049,0.674577,0.237089,0.049311,Bellevue_Bellevue_NE8th
5870,0.656199,0.148274,0.049717,0.691756,0.142245,0.140768,Bellevue_Bellevue_NE8th
5871,0.646028,0.14921,0.049836,0.604589,0.111972,0.089652,Bellevue_Bellevue_NE8th
5872,0.631631,0.178647,0.088167,0.691405,0.112999,0.189031,Bellevue_Bellevue_NE8th
5873,0.647622,0.1458,0.047903,0.635117,0.108067,0.153678,Bellevue_Bellevue_NE8th
5874,0.650133,0.146576,0.047884,0.553209,0.133907,0.148449,Bellevue_Bellevue_NE8th
5875,0.661256,0.150071,0.049442,0.644548,0.150013,0.169442,Bellevue_Bellevue_NE8th
5876,0.671345,0.140973,0.040322,0.617001,0.206494,0.149583,Bellevue_Bellevue_NE8th
5877,0.651523,0.146186,0.048183,0.593548,0.173953,0.154414,Bellevue_Bellevue_NE8th
5878,0.653052,0.142475,0.043834,0.583848,0.203536,0.105157,Bellevue_Bellevue_NE8th
5879,0.654407,0.143917,0.050587,0.600111,0.147613,0.135664,Bellevue_Bellevue_NE8th
5880,0.662619,0.147215,0.055623,0.790859,0.184445,0.171138,Bellevue_Bellevue_NE8th
5881,0.677645,0.143799,0.048727,0.691244,0.133013,0.111759,Bellevue_Bellevue_NE8th
5882,0.661743,0.146908,0.053782,0.644246,0.136054,0.100798,Bellevue_Bellevue_NE8th
5883,0.643402,0.178378,0.089649,0.649249,0.09383,0.20655,Bellevue_Bellevue_NE8th
5884,0.668478,0.150074,0.04597,0.614927,0.082633,0.175529,Bellevue_Bellevue_NE8th
5885,0.658208,0.145472,0.047143,0.56509,0.091707,0.137071,Bellevue_Bellevue_NE8th
5886,0.665396,0.148802,0.047207,0.676292,0.097976,0.14129,Bellevue_Bellevue_NE8th
5887,0.66001,0.148029,0.053369,0.671788,0.108459,0.098609,Bellevue_Bellevue_NE8th
5888,0.652902,0.151822,0.051419,0.665732,0.100674,0.19449,Bellevue_Bellevue_NE8th
5889,0.651574,0.171723,0.086221,0.685142,0.099817,0.187034,Bellevue_Bellevue_NE8th
5890,0.663014,0.146864,0.05316,0.618371,0.132232,0.119134,Bellevue_Bellevue_NE8th
5891,0.657968,0.149216,0.053022,0.598641,0.148953,0.088116,Bellevue_Bellevue_NE8th
5892,0.659947,0.146969,0.052584,0.644992,0.101036,0.116603,Bellevue_Bellevue_NE8th
5893,0.674678,0.149332,0.051855,0.567189,0.163104,0.10353,Bellevue_Bellevue_NE8th
5894,0.653373,0.148696,0.048934,0.566448,0.074096,0.166116,Bellevue_Bellevue_NE8th
5895,0.661447,0.146411,0.048207,0.60745,0.120702,0.091632,Bellevue_Bellevue_NE8th
5896,0.651988,0.146575,0.050308,0.664259,0.11228,0.139835,Bellevue_Bellevue_NE8th
5897,0.665687,0.148897,0.059085,0.684127,0.137592,0.174398,Bellevue_Bellevue_NE8th
5898,0.671461,0.148335,0.056171,0.738945,0.126998,0.213204,Bellevue_Bellevue_NE8th
5899,0.652696,0.149439,0.052182,0.696741,0.107327,0.171635,Bellevue_Bellevue_NE8th
5900,0.63355,0.17668,0.083843,0.742567,0.097715,0.202123,Bellevue_Bellevue_NE8th
5901,0.660546,0.178199,0.086111,0.683504,0.091716,0.182253,Bellevue_Bellevue_NE8th
5902,0.658585,0.148104,0.049148,0.645526,0.144626,0.126306,Bellevue_Bellevue_NE8th
5903,0.633129,0.172313,0.083422,0.748542,0.3556,0.149145,Bellevue_Bellevue_NE8th
5904,0.654733,0.153437,0.059871,0.839678,0.281436,0.295413,Bellevue_Bellevue_NE8th
5905,0.65143,0.138804,0.045924,0.821185,0.266711,0.226985,Bellevue_Bellevue_NE8th
5906,0.670975,0.147522,0.050982,0.8694,0.402245,0.232247,Bellevue_Bellevue_NE8th
5907,0.669331,0.14917,0.051263,0.767757,0.281001,0.122124,Bellevue_Bellevue_NE8th
5908,0.662588,0.144661,0.056495,0.675761,0.211881,0.126559,Bellevue_Bellevue_NE8th
5909,0.637352,0.174805,0.08877,0.794552,0.233342,0.121434,Bellevue_Bellevue_NE8th
5910,0.632704,0.160205,0.071709,0.634831,0.155431,0.103751,Bellevue_Bellevue_NE8th
5911,0.616638,0.179137,0.085838,0.583454,0.211838,0.078959,Bellevue_Bellevue_NE8th
5912,0.615243,0.174819,0.083485,0.602459,0.231129,0.057957,Bellevue_Bellevue_NE8th
5913,0.617198,0.162323,0.075926,0.505078,0.125672,0.136012,Bellevue_Bellevue_NE8th
5914,0.618639,0.176338,0.082936,0.59003,0.137159,0.117196,Bellevue_Bellevue_NE8th
5915,0.5967,0.163934,0.075473,0.619177,0.190543,0.052616,Bellevue_Bellevue_NE8th
5916,0.630087,0.17301,0.086545,0.632077,0.21113,0.045642,Bellevue_Bellevue_NE8th
5917,0.622374,0.178217,0.084343,0.641241,0.170357,0.102729,Bellevue_Bellevue_NE8th
5918,0.646071,0.176428,0.088478,0.793405,0.248773,0.047734,Bellevue_Bellevue_NE8th
5919,0.662774,0.144092,0.052384,0.664652,0.127631,0.095496,Bellevue_Bellevue_NE8th
5920,0.633505,0.168278,0.076559,0.661122,0.153407,0.155403,Bellevue_Bellevue_NE8th
5921,0.651534,0.177199,0.086276,0.66488,0.118495,0.171439,Bellevue_Bellevue_NE8th
5922,0.663668,0.144846,0.046572,0.668278,0.115257,0.163031,Bellevue_Bellevue_NE8th
5923,0.674733,0.147922,0.046853,0.595528,0.119016,0.133099,Bellevue_Bellevue_NE8th
5924,0.649337,0.149569,0.049368,0.562152,0.097762,0.107725,Bellevue_Bellevue_NE8th
5925,0.65759,0.151194,0.050513,0.663028,0.196663,0.11786,Bellevue_Bellevue_NE8th
5926,0.663107,0.14892,0.050469,0.654863,0.230054,0.114716,Bellevue_Bellevue_NE8th
5927,0.650926,0.149564,0.05087,0.522242,0.130086,0.114544,Bellevue_Bellevue_NE8th
5928,0.66127,0.149491,0.053887,0.584585,0.205237,0.095699,Bellevue_Bellevue_NE8th
5929,0.647228,0.178333,0.088977,0.570629,0.217017,0.054628,Bellevue_Bellevue_NE8th
5930,0.653053,0.149334,0.050029,0.607599,0.242958,0.061549,Bellevue_Bellevue_NE8th
5931,0.6551,0.14699,0.049312,0.576409,0.093927,0.128637,Bellevue_Bellevue_NE8th
5932,0.655425,0.159314,0.069933,0.565623,0.08663,0.163722,Bellevue_Bellevue_NE8th
5933,0.667412,0.145343,0.049346,0.624493,0.138774,0.127021,Bellevue_Bellevue_NE8th
5934,0.647577,0.145975,0.051684,0.553326,0.193157,0.060117,Bellevue_Bellevue_NE8th
5935,0.660018,0.149781,0.05026,0.601247,0.200168,0.082464,Bellevue_Bellevue_NE8th
5936,0.650633,0.146558,0.049766,0.70861,0.221905,0.096361,Bellevue_Bellevue_NE8th
5937,0.653133,0.144699,0.048332,0.555411,0.148477,0.058468,Bellevue_Bellevue_NE8th
5938,0.645803,0.180702,0.087527,0.735333,0.233647,0.141437,Bellevue_Bellevue_NE8th
5939,0.676512,0.151117,0.051931,0.655498,0.138337,0.113461,Bellevue_Bellevue_NE8th
5940,0.664148,0.149544,0.051304,0.626066,0.135914,0.120426,Bellevue_Bellevue_NE8th
5941,0.666098,0.146519,0.0514,0.735958,0.095804,0.23146,Bellevue_Bellevue_NE8th
5942,0.67477,0.147829,0.054756,0.741714,0.105657,0.171162,Bellevue_Bellevue_NE8th
5943,0.673511,0.14633,0.050273,0.626185,0.126258,0.15996,Bellevue_Bellevue_NE8th
5944,0.666017,0.148433,0.051558,0.592996,0.185235,0.100046,Bellevue_Bellevue_NE8th
5945,0.672341,0.150765,0.051848,0.63062,0.181976,0.123413,Bellevue_Bellevue_NE8th
5946,0.665804,0.147993,0.052764,0.664657,0.102577,0.109661,Bellevue_Bellevue_NE8th
5947,0.67866,0.150808,0.053802,0.688367,0.180239,0.082753,Bellevue_Bellevue_NE8th
5948,0.659469,0.148618,0.052493,0.673889,0.130724,0.073715,Bellevue_Bellevue_NE8th
5949,0.637847,0.179036,0.087762,0.760246,0.180641,0.07503,Bellevue_Bellevue_NE8th
5950,0.663221,0.164863,0.075365,0.618012,0.063219,0.050879,Bellevue_Bellevue_NE8th
5951,0.650107,0.151098,0.05168,0.697938,0.117651,0.080446,Bellevue_Bellevue_NE8th
5952,0.648031,0.158809,0.068859,0.724724,0.119403,0.115244,Bellevue_Bellevue_NE8th
5953,0.65186,0.153093,0.059124,0.565367,0.154237,0.020291,Bellevue_Bellevue_NE8th
5954,0.627848,0.180197,0.084494,0.648564,0.132664,0.149365,Bellevue_Bellevue_NE8th
5955,0.643749,0.177014,0.082462,0.719427,0.170726,0.174359,Bellevue_Bellevue_NE8th
5956,0.663793,0.147529,0.049887,0.63019,0.164473,0.126768,Bellevue_Bellevue_NE8th
5957,0.653121,0.145975,0.05053,0.707318,0.258743,0.135921,Bellevue_Bellevue_NE8th
5958,0.648497,0.17244,0.087801,0.707777,0.220688,0.138142,Bellevue_Bellevue_NE8th
5959,0.647093,0.149227,0.057067,0.577898,0.152681,0.142281,Bellevue_Bellevue_NE8th
5960,0.632874,0.173845,0.085607,0.655148,0.157279,0.152499,Bellevue_Bellevue_NE8th
5961,0.647367,0.171607,0.087325,0.669876,0.137044,0.208269,Bellevue_Bellevue_NE8th
5962,0.647894,0.167877,0.08238,0.676284,0.130186,0.194559,Bellevue_Bellevue_NE8th
5963,0.641289,0.158649,0.07548,0.594017,0.156456,0.183706,Bellevue_Bellevue_NE8th
5964,0.646883,0.177298,0.088294,0.569976,0.116293,0.171778,Bellevue_Bellevue_NE8th
5965,0.663391,0.153983,0.058763,0.664261,0.232297,0.183482,Bellevue_Bellevue_NE8th
5966,0.665362,0.146358,0.056548,0.665644,0.205922,0.170038,Bellevue_Bellevue_NE8th
5967,0.632634,0.169098,0.08437,0.624422,0.152489,0.145931,Bellevue_Bellevue_NE8th
5968,0.640115,0.178266,0.092217,0.572749,0.114751,0.081992,Bellevue_Bellevue_NE8th
5969,0.638033,0.173979,0.087205,0.56638,0.118022,0.065374,Bellevue_Bellevue_NE8th
5970,0.628204,0.175333,0.084051,0.627307,0.164461,0.082056,Bellevue_Bellevue_NE8th
5971,0.630536,0.172569,0.084825,0.627381,0.149822,0.073712,Bellevue_Bellevue_NE8th
5972,0.650708,0.167811,0.082996,0.635382,0.124746,0.144163,Bellevue_Bellevue_NE8th
5973,0.634794,0.171376,0.085158,0.578696,0.150999,0.128292,Bellevue_Bellevue_NE8th
5974,0.629935,0.179308,0.087804,0.601056,0.153307,0.16908,Bellevue_Bellevue_NE8th
5975,0.643778,0.181031,0.087437,0.644277,0.102845,0.24096,Bellevue_Bellevue_NE8th
5976,0.663797,0.148105,0.05447,0.671698,0.181247,0.162485,Bellevue_Bellevue_NE8th
5977,0.628009,0.173985,0.084374,0.592,0.146426,0.142258,Bellevue_Bellevue_NE8th
5978,0.632433,0.179087,0.087719,0.658151,0.091131,0.188912,Bellevue_Bellevue_NE8th
5979,0.65119,0.177081,0.090032,0.596238,0.172721,0.076226,Bellevue_Bellevue_NE8th
5980,0.638085,0.180074,0.089157,0.653874,0.252191,0.07889,Bellevue_Bellevue_NE8th
5981,0.63477,0.179863,0.087468,0.695409,0.25806,0.101999,Bellevue_Bellevue_NE8th
5982,0.633002,0.170387,0.081834,0.620171,0.171988,0.14778,Bellevue_Bellevue_NE8th
5983,0.636532,0.174744,0.085167,0.612349,0.163152,0.128,Bellevue_Bellevue_NE8th
5984,0.647534,0.15363,0.056592,0.603892,0.179693,0.10508,Bellevue_Bellevue_NE8th
5985,0.655339,0.149022,0.049951,0.621778,0.168222,0.128271,Bellevue_Bellevue_NE8th
5986,0.651994,0.148637,0.051503,0.698014,0.320115,-0.002307,Bellevue_Bellevue_NE8th
5987,0.664453,0.17328,0.084098,0.575234,0.257698,0.079588,Bellevue_Bellevue_NE8th
5988,0.64265,0.180447,0.088191,0.649531,0.196097,0.106112,Bellevue_Bellevue_NE8th
5989,0.646904,0.173325,0.088304,0.655132,0.202645,0.082299,Bellevue_Bellevue_NE8th
5990,0.644696,0.174366,0.085656,0.576105,0.113426,0.107017,Bellevue_Bellevue_NE8th
5991,0.62251,0.179748,0.08526,0.563977,0.14812,0.106898,Bellevue_Bellevue_NE8th
5992,0.645796,0.182282,0.090581,0.703245,0.082327,0.233226,Bellevue_Bellevue_NE8th
5993,0.645007,0.154439,0.063949,0.688945,0.185204,0.135329,Bellevue_Bellevue_NE8th
5994,0.629264,0.179626,0.085408,0.731891,0.216764,0.180038,Bellevue_Bellevue_NE8th
5995,0.624813,0.177907,0.084793,0.783315,0.203021,0.270079,Bellevue_Bellevue_NE8th
5996,0.632206,0.169567,0.078749,0.740493,0.215335,0.162295,Bellevue_Bellevue_NE8th
5997,0.65019,0.171763,0.082923,0.567388,0.131251,0.098139,Bellevue_Bellevue_NE8th
5998,0.63646,0.179081,0.086518,0.635242,0.152431,0.086117,Bellevue_Bellevue_NE8th
5999,0.647289,0.177988,0.091611,0.735849,0.186719,0.128538,Bellevue_Bellevue_NE8th
6000,0.642949,0.168042,0.082623,0.660487,0.218085,0.073985,Bellevue_Bellevue_NE8th
6001,0.637583,0.175404,0.088822,0.670601,0.18882,0.098744,Bellevue_Bellevue_NE8th
6002,0.658788,0.181371,0.092264,0.757377,0.169248,0.146487,Bellevue_Bellevue_NE8th
6003,0.646794,0.141844,0.058934,0.626967,0.252761,0.075767,Bellevue_Bellevue_NE8th
6004,0.632253,0.17376,0.085621,0.725521,0.29891,0.092597,Bellevue_Bellevue_NE8th
6005,0.655298,0.174886,0.089062,0.778722,0.34774,0.05342,Bellevue_Bellevue_NE8th
6006,0.663397,0.149738,0.061073,0.670819,0.161938,0.082598,Bellevue_Bellevue_NE8th
6007,0.636912,0.172041,0.085859,0.637053,0.141401,0.069222,Bellevue_Bellevue_NE8th
6008,0.637585,0.177378,0.089791,0.669924,0.131086,0.022726,Bellevue_Bellevue_NE8th
6009,0.657528,0.18139,0.090822,0.672643,0.123716,0.041899,Bellevue_Bellevue_NE8th
6010,0.658676,0.14769,0.054066,0.580057,0.140129,0.036751,Bellevue_Bellevue_NE8th
6011,0.625949,0.17921,0.085276,0.544356,0.135442,0.026747,Bellevue_Bellevue_NE8th
6012,0.644563,0.182141,0.088328,0.535061,0.085655,0.050732,Bellevue_Bellevue_NE8th
6013,0.639117,0.174211,0.082779,0.566068,0.108787,0.090097,Bellevue_Bellevue_NE8th
6014,0.613928,0.174794,0.080487,0.581114,0.106004,0.07432,Bellevue_Bellevue_NE8th
6015,0.637658,0.180271,0.088453,0.643722,0.188371,0.072494,Bellevue_Bellevue_NE8th
6016,0.639065,0.172515,0.087839,0.60191,0.166306,0.071028,Bellevue_Bellevue_NE8th
6017,0.628529,0.175809,0.082592,0.481842,0.129291,0.092784,Bellevue_Bellevue_NE8th
6018,0.636783,0.177486,0.091433,0.541318,0.206138,0.065239,Bellevue_Bellevue_NE8th
6019,0.637288,0.176733,0.091902,0.645332,0.282292,0.063701,Bellevue_Bellevue_NE8th
6020,0.629435,0.17668,0.0885,0.673087,0.196213,0.05939,Bellevue_Bellevue_NE8th
6021,0.631314,0.175015,0.089072,0.653058,0.13613,0.076334,Bellevue_Bellevue_NE8th
6022,0.643666,0.176148,0.090305,0.594494,0.121155,0.053045,Bellevue_Bellevue_NE8th
6023,0.610911,0.163694,0.084485,0.60656,0.18437,0.062296,Bellevue_Bellevue_NE8th
6024,0.638284,0.173767,0.088856,0.611031,0.165782,0.140678,Bellevue_Bellevue_NE8th
6025,0.598478,0.159251,0.084872,0.655578,0.240882,0.099124,Bellevue_Bellevue_NE8th
6026,0.641653,0.167708,0.085749,0.623309,0.207808,0.092153,Bellevue_Bellevue_NE8th
6027,0.625196,0.17369,0.088225,0.665867,0.159975,0.076699,Bellevue_Bellevue_NE8th
6028,0.644197,0.174227,0.090289,0.60946,0.196258,0.075754,Bellevue_Bellevue_NE8th
6029,0.63199,0.17482,0.089412,0.505099,0.172721,0.046209,Bellevue_Bellevue_NE8th
6030,0.62259,0.175886,0.087185,0.445738,0.17005,0.007817,Bellevue_Bellevue_NE8th
6031,0.645907,0.174739,0.089876,0.469885,0.202252,0.049618,Bellevue_Bellevue_NE8th
6032,0.612342,0.157263,0.082003,0.567925,0.178141,0.042875,Bellevue_Bellevue_NE8th
6033,0.616837,0.157924,0.083028,0.650211,0.196548,0.071376,Bellevue_Bellevue_NE8th
6034,0.63756,0.1708,0.085376,0.633122,0.209902,0.057886,Bellevue_Bellevue_NE8th
6035,0.641734,0.174476,0.086678,0.680636,0.272738,0.08977,Bellevue_Bellevue_NE8th
6036,0.64537,0.172192,0.089492,0.65333,0.208304,0.104719,Bellevue_Bellevue_NE8th
6037,0.639278,0.178421,0.086844,0.593183,0.157524,0.06176,Bellevue_Bellevue_NE8th
6038,0.643808,0.176853,0.090831,0.608155,0.124869,0.079332,Bellevue_Bellevue_NE8th
6039,0.645029,0.17073,0.089507,0.706964,0.125023,0.122145,Bellevue_Bellevue_NE8th
6040,0.627086,0.173729,0.085147,0.767015,0.215137,0.086572,Bellevue_Bellevue_NE8th
6041,0.625907,0.176815,0.084735,0.805158,0.133543,0.159507,Bellevue_Bellevue_NE8th
6042,0.634296,0.179662,0.089473,0.793284,0.172338,0.15859,Bellevue_Bellevue_NE8th
6043,0.610124,0.172863,0.086003,0.769259,0.256218,0.227544,Bellevue_Bellevue_NE8th
6044,0.629391,0.180485,0.087997,0.831853,0.329848,0.201778,Bellevue_Bellevue_NE8th
6045,0.615993,0.174087,0.084185,0.721505,0.310319,0.071518,Bellevue_Bellevue_NE8th
6046,0.645357,0.174417,0.083435,0.645205,0.251825,0.02533,Bellevue_Bellevue_NE8th
6047,0.648031,0.175234,0.083017,0.609837,0.133611,0.097048,Bellevue_Bellevue_NE8th
6048,0.643867,0.17475,0.091947,0.720443,0.127049,0.138772,Bellevue_Bellevue_NE8th
6049,0.646231,0.16769,0.089363,0.648346,0.094081,0.143946,Bellevue_Bellevue_NE8th
6050,0.63535,0.166958,0.082384,0.579481,0.109413,0.104496,Bellevue_Bellevue_NE8th
6051,0.631828,0.172701,0.08481,0.462611,0.137125,0.07329,Bellevue_Bellevue_NE8th
6052,0.648035,0.173317,0.090537,0.600217,0.134354,0.062491,Bellevue_Bellevue_NE8th
6053,0.636814,0.166601,0.087741,0.861746,0.3327,0.112359,Bellevue_Bellevue_NE8th
6054,0.622479,0.159864,0.084863,0.853265,0.254713,0.102545,Bellevue_Bellevue_NE8th
6055,0.636644,0.169594,0.087941,0.687167,0.129831,0.085096,Bellevue_Bellevue_NE8th
6056,0.627017,0.176551,0.088719,0.612559,0.147621,0.008392,Bellevue_Bellevue_NE8th
6057,0.647635,0.174396,0.088556,0.664202,0.144628,0.030496,Bellevue_Bellevue_NE8th
6058,0.625594,0.174526,0.084989,0.644607,0.121445,0.093797,Bellevue_Bellevue_NE8th
6059,0.624612,0.17921,0.086989,0.6195,0.220441,0.063848,Bellevue_Bellevue_NE8th
6060,0.632473,0.178311,0.088122,0.622968,0.11161,0.121877,Bellevue_Bellevue_NE8th
6061,0.641684,0.174385,0.087697,0.577276,0.130894,0.074963,Bellevue_Bellevue_NE8th
6062,0.60097,0.164527,0.083063,0.662665,0.13719,0.095353,Bellevue_Bellevue_NE8th
6063,0.609296,0.167934,0.083552,0.603758,0.167209,0.075568,Bellevue_Bellevue_NE8th
6064,0.619214,0.177337,0.086124,0.664814,0.157205,0.122951,Bellevue_Bellevue_NE8th
6065,0.615139,0.175402,0.084591,0.736576,0.223697,0.082915,Bellevue_Bellevue_NE8th
6066,0.626924,0.175026,0.086155,0.608987,0.145594,0.084011,Bellevue_Bellevue_NE8th
6067,0.632428,0.179157,0.083358,0.534742,0.159935,0.02967,Bellevue_Bellevue_NE8th
6068,0.634214,0.177416,0.089675,0.581319,0.155351,0.036294,Bellevue_Bellevue_NE8th
6069,0.645318,0.179494,0.09214,0.517009,0.147529,0.038301,Bellevue_Bellevue_NE8th
6070,0.637775,0.175587,0.086395,0.432457,0.146617,-0.003029,Bellevue_Bellevue_NE8th
6071,0.624877,0.16834,0.086579,0.473542,0.07087,0.06717,Bellevue_Bellevue_NE8th
6072,0.604472,0.162406,0.083605,0.549841,0.078603,0.057816,Bellevue_Bellevue_NE8th
6073,0.602676,0.165031,0.084825,0.574051,0.147939,0.085846,Bellevue_Bellevue_NE8th
6074,0.62002,0.178517,0.087275,0.599534,0.121376,0.17861,Bellevue_Bellevue_NE8th
6075,0.626218,0.17608,0.086667,0.586096,0.132734,0.128941,Bellevue_Bellevue_NE8th
6076,0.618902,0.175876,0.088568,0.664576,0.126899,0.074998,Bellevue_Bellevue_NE8th
6077,0.634166,0.178255,0.08874,0.661093,0.122377,0.070426,Bellevue_Bellevue_NE8th
6078,0.63755,0.178727,0.084236,0.694832,0.06295,0.133363,Bellevue_Bellevue_NE8th
6079,0.657516,0.17388,0.087147,0.663315,0.025135,0.096162,Bellevue_Bellevue_NE8th
6080,0.651548,0.146718,0.052456,0.610397,0.111863,0.070482,Bellevue_Bellevue_NE8th
6081,0.631173,0.174788,0.086745,0.598951,0.189295,0.088842,Bellevue_Bellevue_NE8th
6082,0.639806,0.176899,0.090178,0.624255,0.231872,0.098586,Bellevue_Bellevue_NE8th
6083,0.621939,0.175222,0.084679,0.620767,0.208711,0.073518,Bellevue_Bellevue_NE8th
6084,0.634024,0.179066,0.088169,0.713709,0.227281,0.130364,Bellevue_Bellevue_NE8th
6085,0.619489,0.173759,0.084585,0.639098,0.189697,0.087285,Bellevue_Bellevue_NE8th
6086,0.640216,0.177393,0.088819,0.621721,0.144048,0.159415,Bellevue_Bellevue_NE8th
6087,0.630498,0.178275,0.087292,0.648566,0.092045,0.172301,Bellevue_Bellevue_NE8th
6088,0.639935,0.17678,0.088215,0.604185,0.023115,0.110113,Bellevue_Bellevue_NE8th
6089,0.675503,0.146168,0.053496,0.574142,0.062192,0.085057,Bellevue_Bellevue_NE8th
6090,0.655004,0.144855,0.052684,0.435839,0.035818,0.057508,Bellevue_Bellevue_NE8th
6091,0.634703,0.171439,0.085274,0.440345,0.034173,0.05765,Bellevue_Bellevue_NE8th
6092,0.658201,0.174027,0.086681,0.637511,0.095474,0.151357,Bellevue_Bellevue_NE8th
6093,0.640813,0.175711,0.089173,0.638523,0.189831,0.107129,Bellevue_Bellevue_NE8th
6094,0.623087,0.179455,0.087994,0.705939,0.215559,0.107193,Bellevue_Bellevue_NE8th
6095,0.62421,0.174544,0.086123,0.722058,0.179632,0.046006,Bellevue_Bellevue_NE8th
6096,0.641136,0.163719,0.082365,0.673015,0.118556,0.036405,Bellevue_Bellevue_NE8th
6097,0.639712,0.175182,0.089338,0.713386,0.137164,0.038423,Bellevue_Bellevue_NE8th
6098,0.647303,0.17684,0.091007,0.726424,0.149759,0.007122,Bellevue_Bellevue_NE8th
6099,0.641828,0.175742,0.08868,0.655329,0.176786,0.019964,Bellevue_Bellevue_NE8th
6100,0.651975,0.148707,0.053787,0.68578,0.28278,0.005699,Bellevue_Bellevue_NE8th
6101,0.633558,0.175219,0.087658,0.754288,0.286575,0.075345,Bellevue_Bellevue_NE8th
6102,0.6379,0.177321,0.089166,0.742477,0.320336,0.106679,Bellevue_Bellevue_NE8th
6103,0.63273,0.177843,0.087078,0.723419,0.360133,0.104343,Bellevue_Bellevue_NE8th
6104,0.631102,0.177114,0.084553,0.763879,0.36995,0.122142,Bellevue_Bellevue_NE8th
6105,0.621425,0.171745,0.083822,0.764665,0.299271,0.094738,Bellevue_Bellevue_NE8th
6106,0.628514,0.170855,0.084645,0.480033,0.188441,0.022894,Bellevue_Bellevue_NE8th
6107,0.647851,0.181871,0.085318,0.499599,0.24245,0.012002,Bellevue_Bellevue_NE8th
6108,0.637939,0.177245,0.090715,0.576898,0.232349,0.08716,Bellevue_Bellevue_NE8th
6109,0.635306,0.173374,0.086201,0.588621,0.24679,0.026076,Bellevue_Bellevue_NE8th
6110,0.641871,0.176805,0.087624,0.632899,0.20069,0.036061,Bellevue_Bellevue_NE8th
6111,0.645449,0.178927,0.089515,0.633376,0.166121,0.071069,Bellevue_Bellevue_NE8th
6112,0.63497,0.1736,0.086579,0.641861,0.200012,0.073754,Bellevue_Bellevue_NE8th
6113,0.6322,0.175319,0.088246,0.675213,0.288687,0.037113,Bellevue_Bellevue_NE8th
6114,0.635772,0.1795,0.089571,0.719375,0.278376,0.103616,Bellevue_Bellevue_NE8th
6115,0.620585,0.177253,0.085771,0.732154,0.299566,0.0507,Bellevue_Bellevue_NE8th
6116,0.646877,0.176683,0.088402,0.69596,0.222348,0.044425,Bellevue_Bellevue_NE8th
6117,0.636132,0.18057,0.081669,0.561978,0.161607,0.049316,Bellevue_Bellevue_NE8th
6118,0.637798,0.178596,0.088618,0.656633,0.246991,0.028836,Bellevue_Bellevue_NE8th
6119,0.636523,0.171311,0.08443,0.620777,0.222475,0.018558,Bellevue_Bellevue_NE8th
6120,0.636067,0.176945,0.089496,0.694607,0.19959,0.098084,Bellevue_Bellevue_NE8th
6121,0.630014,0.174715,0.087638,0.698534,0.18121,0.150968,Bellevue_Bellevue_NE8th
6122,0.64448,0.14708,0.054101,0.667875,0.199034,0.11989,Bellevue_Bellevue_NE8th
6123,0.631859,0.178571,0.088753,0.780771,0.302936,0.104886,Bellevue_Bellevue_NE8th
6124,0.613437,0.17637,0.084844,0.760126,0.357872,0.095437,Bellevue_Bellevue_NE8th
6125,0.635791,0.175619,0.085812,0.79196,0.354685,-0.009239,Bellevue_Bellevue_NE8th
6126,0.641755,0.177278,0.090307,0.66962,0.201104,0.014899,Bellevue_Bellevue_NE8th
6127,0.643008,0.181191,0.081745,0.541765,0.137282,0.020698,Bellevue_Bellevue_NE8th
6128,0.759547,0.227677,0.143488,0.669742,0.255296,0.036972,Bellevue_150th_SE38th
6129,0.717528,0.207701,0.142529,0.711535,0.246881,0.176497,Bellevue_150th_SE38th
6130,0.727713,0.208252,0.142222,0.694757,0.25854,0.054018,Bellevue_150th_SE38th
6131,0.74778,0.216964,0.144115,0.907222,0.351667,-0.142222,Bellevue_150th_SE38th
6132,0.743458,0.210756,0.142456,0.687827,0.307449,-0.03539,Bellevue_150th_SE38th
6133,0.718124,0.198147,0.142671,0.692902,0.305109,0.008716,Bellevue_150th_SE38th
6134,0.722943,0.203719,0.1423,0.740399,0.315852,0.072682,Bellevue_150th_SE38th
6135,0.719014,0.199586,0.14333,0.678853,0.361604,0.09846,Bellevue_150th_SE38th
6136,0.717379,0.202445,0.146461,0.628466,0.275103,0.126142,Bellevue_150th_SE38th
6137,0.734531,0.209495,0.146112,0.660617,0.294393,0.076083,Bellevue_150th_SE38th
6138,0.702832,0.196429,0.139621,0.717656,0.446445,-0.106534,Bellevue_150th_SE38th
6139,0.748519,0.218208,0.14361,0.928571,0.597183,-0.210278,Bellevue_150th_SE38th
6140,0.751161,0.218977,0.145346,0.71352,0.288199,0.087255,Bellevue_150th_SE38th
6141,0.728828,0.207063,0.141974,0.830934,0.394116,0.078636,Bellevue_150th_SE38th
6142,0.740815,0.216684,0.139871,0.860556,0.593333,-0.063889,Bellevue_150th_SE38th
6143,0.736815,0.209831,0.145548,0.739978,0.468238,-0.06254,Bellevue_150th_SE38th
6144,0.723018,0.201625,0.143945,0.63713,0.345661,-0.043287,Bellevue_150th_SE38th
6145,0.730813,0.206126,0.144024,0.69383,0.379324,-0.021889,Bellevue_150th_SE38th
6146,0.735759,0.208219,0.146673,0.693232,0.405441,0.033918,Bellevue_150th_SE38th
6147,0.709095,0.19832,0.141526,0.633198,0.319973,0.04951,Bellevue_150th_SE38th
6148,0.691206,0.193106,0.136751,0.705918,0.251068,-0.025603,Bellevue_150th_SE38th
6149,0.748955,0.214825,0.146034,0.96656,0.353616,0.082803,Bellevue_150th_SE38th
6150,0.741487,0.212737,0.142942,0.957778,0.487857,-0.18873,Bellevue_150th_SE38th
6151,0.74586,0.213438,0.144926,0.878437,0.375096,-0.0025,Bellevue_150th_SE38th
6152,0.738247,0.210141,0.145134,0.745112,0.3321,0.000669,Bellevue_150th_SE38th
6153,0.719336,0.201345,0.147367,0.732868,0.315683,0.047495,Bellevue_150th_SE38th
6154,0.696012,0.190574,0.140605,0.66645,0.286823,0.046102,Bellevue_150th_SE38th
6155,0.740658,0.210634,0.145003,0.685641,0.372912,0.002265,Bellevue_150th_SE38th
6156,0.708185,0.197313,0.144308,0.52237,0.22324,0.104299,Bellevue_150th_SE38th
6157,0.713539,0.199956,0.144065,0.619708,0.3448,0.076906,Bellevue_150th_SE38th
6158,0.713028,0.199261,0.141856,0.691623,0.395494,-0.016339,Bellevue_150th_SE38th
6159,0.726861,0.207548,0.144634,0.772778,0.390437,-0.051071,Bellevue_150th_SE38th
6160,0.72831,0.20309,0.145047,0.746918,0.374855,-0.115476,Bellevue_150th_SE38th
6161,0.700366,0.194295,0.139747,0.686508,0.277619,-0.006349,Bellevue_150th_SE38th
6162,0.713757,0.200042,0.143291,0.651839,0.150675,0.101085,Bellevue_150th_SE38th
6163,0.711852,0.196296,0.138825,0.732092,0.455015,0.086286,Bellevue_150th_SE38th
6164,0.648643,0.166318,0.133694,0.430578,0.271115,0.029753,Bellevue_150th_SE38th
6165,0.606995,0.145656,0.119548,0.521939,0.207153,0.058438,Bellevue_150th_SE38th
6166,0.582134,0.135691,0.115734,0.648041,0.269246,0.110515,Bellevue_150th_SE38th
6167,0.535518,0.103079,0.105087,0.491872,0.236417,0.036256,Bellevue_150th_SE38th
6168,0.543217,0.112809,0.092029,0.624999,0.31073,0.06221,Bellevue_150th_SE38th
6169,0.484853,0.077383,0.094521,0.601324,0.195073,0.089485,Bellevue_150th_SE38th
6170,0.501255,0.096739,0.098263,0.692487,0.297897,0.139114,Bellevue_150th_SE38th
6171,0.515865,0.098097,0.093611,0.536137,0.237692,0.108674,Bellevue_150th_SE38th
6172,0.517917,0.111674,0.104514,0.33709,0.04757,0.080975,Bellevue_150th_SE38th
6173,0.501158,0.10863,0.099788,0.287174,0.050465,0.032064,Bellevue_150th_SE38th
6174,0.524974,0.119554,0.097583,0.553779,0.187915,0.012537,Bellevue_150th_SE38th
6175,0.543764,0.107666,0.107568,0.497649,0.250526,0.037604,Bellevue_150th_SE38th
6176,0.546002,0.123827,0.109956,0.411407,0.182049,0.060084,Bellevue_150th_SE38th
6177,0.528382,0.11356,0.106149,0.359666,0.137292,0.003015,Bellevue_150th_SE38th
6178,0.48894,0.086986,0.096063,0.439892,0.128683,0.103991,Bellevue_150th_SE38th
6179,0.503083,0.092201,0.096889,0.413244,0.067218,0.120731,Bellevue_150th_SE38th
6180,0.579468,0.138289,0.10326,0.648737,0.331936,-0.050965,Bellevue_150th_SE38th
6181,0.620692,0.151735,0.128144,0.725404,0.36785,-0.013398,Bellevue_150th_SE38th
6182,0.707058,0.196774,0.135516,0.61222,0.224596,0.119749,Bellevue_150th_SE38th
6183,0.701031,0.200633,0.139011,0.765657,0.401831,0.069883,Bellevue_150th_SE38th
6184,0.717705,0.197234,0.135259,0.859893,0.455777,0.064905,Bellevue_150th_SE38th
6185,0.702476,0.196114,0.13769,0.893585,0.422613,0.096869,Bellevue_150th_SE38th
6186,0.708281,0.177981,0.130274,0.786593,0.35044,0.117194,Bellevue_150th_SE38th
6187,0.676016,0.176056,0.13434,0.647359,0.223636,0.114924,Bellevue_150th_SE38th
6188,0.702117,0.200357,0.128871,0.718645,0.272803,0.134774,Bellevue_150th_SE38th
6189,0.696477,0.195062,0.136311,0.710588,0.294992,0.120394,Bellevue_150th_SE38th
6190,0.727386,0.209074,0.145547,0.744075,0.476437,0.016726,Bellevue_150th_SE38th
6191,0.708463,0.197917,0.14184,0.703514,0.458849,0.012889,Bellevue_150th_SE38th
6192,0.621344,0.156509,0.12365,0.436142,0.203568,0.01221,Bellevue_150th_SE38th
6193,0.577278,0.140072,0.12317,0.463984,0.317085,-0.003365,Bellevue_150th_SE38th
6194,0.598088,0.14393,0.106397,0.593035,0.190826,0.049174,Bellevue_150th_SE38th
6195,0.589974,0.128515,0.108276,0.602283,0.208592,0.049375,Bellevue_150th_SE38th
6196,0.573787,0.115718,0.107441,0.406879,0.110413,-0.013548,Bellevue_150th_SE38th
6197,0.536292,0.116188,0.108991,0.379891,0.011582,0.099486,Bellevue_150th_SE38th
6198,0.471323,0.087995,0.099947,0.501795,0.093884,0.08261,Bellevue_150th_SE38th
6199,0.501419,0.104403,0.098001,0.863664,0.154522,0.224286,Bellevue_150th_SE38th
6200,0.512975,0.091175,0.095773,0.576741,-0.044378,0.182215,Bellevue_150th_SE38th
6201,0.45914,0.085549,0.09419,0.637065,-0.012639,0.311475,Bellevue_150th_SE38th
6202,0.466681,0.080121,0.094166,0.625873,0.11836,0.072937,Bellevue_150th_SE38th
6203,0.450122,0.082691,0.090837,0.636968,0.14707,0.000957,Bellevue_150th_SE38th
6204,0.471269,0.086721,0.096591,0.622355,0.061878,0.119669,Bellevue_150th_SE38th
6205,0.462471,0.090638,0.090463,0.545791,0.157091,0.049947,Bellevue_150th_SE38th
6206,0.475367,0.100622,0.095415,0.520208,0.152601,0.071022,Bellevue_150th_SE38th
6207,0.460552,0.091374,0.091717,0.563607,0.149409,-0.004135,Bellevue_150th_SE38th
6208,0.480934,0.089752,0.096905,0.406108,0.097786,0.032831,Bellevue_150th_SE38th
6209,0.482554,0.105367,0.099805,0.441089,0.072475,0.036132,Bellevue_150th_SE38th
6210,0.478902,0.098349,0.097825,0.386615,0.073208,0.025277,Bellevue_150th_SE38th
6211,0.479327,0.104254,0.093871,0.414265,0.049012,0.06834,Bellevue_150th_SE38th
6212,0.482197,0.104125,0.097176,0.606982,0.210378,0.038564,Bellevue_150th_SE38th
6213,0.477375,0.0874,0.095734,0.556812,0.241204,0.029577,Bellevue_150th_SE38th
6214,0.472657,0.086499,0.094656,0.522226,0.011682,0.17421,Bellevue_150th_SE38th
6215,0.479622,0.096728,0.097545,0.403292,0.039188,0.020533,Bellevue_150th_SE38th
6216,0.4866,0.090722,0.099662,0.516725,0.148221,0.012318,Bellevue_150th_SE38th
6217,0.479815,0.092532,0.100832,0.311686,0.057211,0.037354,Bellevue_150th_SE38th
6218,0.476291,0.104517,0.097096,0.280115,0.076438,0.014938,Bellevue_150th_SE38th
6219,0.496055,0.099246,0.094247,0.387949,0.101918,0.010565,Bellevue_150th_SE38th
6220,0.51089,0.117651,0.095785,0.523249,0.142557,0.055093,Bellevue_150th_SE38th
6221,0.491936,0.088833,0.096573,0.529143,0.132377,0.069316,Bellevue_150th_SE38th
6222,0.481121,0.095896,0.103572,0.473823,0.107077,0.066019,Bellevue_150th_SE38th
6223,0.484436,0.092778,0.097319,0.497581,0.166101,0.002725,Bellevue_150th_SE38th
6224,0.517422,0.1087,0.11887,0.447936,0.165212,-0.012989,Bellevue_150th_SE38th
6225,0.507322,0.107387,0.110254,0.452608,0.102646,0.078803,Bellevue_150th_SE38th
6226,0.537815,0.127096,0.100303,0.541442,0.216935,0.06493,Bellevue_150th_SE38th
6227,0.556589,0.133229,0.117092,0.54016,0.184688,0.094841,Bellevue_150th_SE38th
6228,0.522737,0.108911,0.136547,0.466605,0.087729,0.083061,Bellevue_150th_SE38th
6229,0.527469,0.121219,0.100001,0.696418,0.186562,0.192067,Bellevue_150th_SE38th
6230,0.529987,0.101926,0.135858,0.54964,0.106834,0.136063,Bellevue_150th_SE38th
6231,0.502111,0.121408,0.095809,0.53253,0.14367,0.145868,Bellevue_150th_SE38th
6232,0.499311,0.113333,0.094204,0.521037,0.130963,0.094666,Bellevue_150th_SE38th
6233,0.487205,0.097806,0.097394,0.688684,0.166313,0.135197,Bellevue_150th_SE38th
6234,0.477702,0.076839,0.093459,0.620204,0.229726,0.030362,Bellevue_150th_SE38th
6235,0.480154,0.0867,0.099376,0.557584,0.11833,0.110352,Bellevue_150th_SE38th
6236,0.493836,0.09858,0.095982,0.54314,0.152887,0.040757,Bellevue_150th_SE38th
6237,0.491107,0.078515,0.095286,0.525012,0.105132,0.045233,Bellevue_150th_SE38th
6238,0.476025,0.08733,0.097925,0.512387,0.139812,0.050175,Bellevue_150th_SE38th
6239,0.478353,0.107275,0.094036,0.624312,0.117006,0.140928,Bellevue_150th_SE38th
6240,0.496375,0.079133,0.09866,0.668075,0.115284,0.174229,Bellevue_150th_SE38th
6241,0.502148,0.082625,0.099337,0.59007,0.090319,0.112998,Bellevue_150th_SE38th
6242,0.495641,0.104011,0.098774,0.551367,0.065029,0.053488,Bellevue_150th_SE38th
6243,0.557641,0.136871,0.092603,0.610945,0.103167,0.112856,Bellevue_150th_SE38th
6244,0.498194,0.088048,0.09661,0.59145,0.125078,0.110799,Bellevue_150th_SE38th
6245,0.486237,0.085792,0.098261,0.421323,0.060062,0.088845,Bellevue_150th_SE38th
6246,0.466429,0.106722,0.089857,0.477884,0.079478,0.073462,Bellevue_150th_SE38th
6247,0.470532,0.099363,0.090035,0.508159,0.061861,0.04438,Bellevue_150th_SE38th
6248,0.492153,0.074529,0.096044,0.469568,0.122353,0.035088,Bellevue_150th_SE38th
6249,0.491365,0.089523,0.098711,0.610761,0.163125,0.034192,Bellevue_150th_SE38th
6250,0.483203,0.073957,0.093423,0.435352,0.137222,0.050577,Bellevue_150th_SE38th
6251,0.476099,0.096863,0.098216,0.338797,-0.037001,0.168776,Bellevue_150th_SE38th
6252,0.472653,0.094552,0.092018,0.351434,0.119237,0.024096,Bellevue_150th_SE38th
6253,0.573953,0.143907,0.095229,0.45287,0.102557,0.017958,Bellevue_150th_SE38th
6254,0.480937,0.069707,0.091913,0.373844,0.059388,0.103993,Bellevue_150th_SE38th
6255,0.46504,0.087712,0.090798,0.393613,0.077198,0.043268,Bellevue_150th_SE38th
6256,0.481155,0.102389,0.088401,0.510637,0.110659,0.048767,Bellevue_150th_SE38th
6257,0.528638,0.103172,0.096199,0.508254,0.051746,0.047183,Bellevue_150th_SE38th
6258,0.483435,0.065274,0.091362,0.486516,0.071161,0.055744,Bellevue_150th_SE38th
6259,0.519125,0.091914,0.096923,0.629126,0.181373,0.065957,Bellevue_150th_SE38th
6260,0.485694,0.08071,0.097294,0.401605,0.128737,0.037643,Bellevue_150th_SE38th
6261,0.484154,0.081828,0.094583,0.364487,0.100043,0.069086,Bellevue_150th_SE38th
6262,0.486315,0.0844,0.093692,0.447318,0.189927,0.024844,Bellevue_150th_SE38th
6263,0.469562,0.06022,0.084121,0.414528,0.171976,0.036816,Bellevue_150th_SE38th
6264,0.472345,0.084193,0.095116,0.303739,0.049782,0.068283,Bellevue_150th_SE38th
6265,0.500236,0.113864,0.09284,0.479489,0.097216,0.074458,Bellevue_150th_SE38th
6266,0.541793,0.100251,0.099177,0.414762,0.065926,0.107804,Bellevue_150th_SE38th
6267,0.483387,0.075573,0.092567,0.765556,0.100198,0.081468,Bellevue_150th_SE38th
6268,0.475296,0.063015,0.083831,0.533743,0.016336,0.055992,Bellevue_150th_SE38th
6269,0.481364,0.079085,0.091343,0.525026,0.114352,0.034881,Bellevue_150th_SE38th
6270,0.491083,0.071944,0.093725,0.614444,0.051667,0.109444,Bellevue_150th_SE38th
6271,0.47875,0.059194,0.08556,0.571285,0.140479,0.046152,Bellevue_150th_SE38th
6272,0.490409,0.082612,0.09548,0.481984,0.072381,0.128862,Bellevue_150th_SE38th
6273,0.498633,0.068582,0.093993,0.420018,0.094381,0.055887,Bellevue_150th_SE38th
6274,0.486412,0.074582,0.093432,0.395984,0.128318,-0.01093,Bellevue_150th_SE38th
6275,0.47378,0.08943,0.093118,0.306346,0.010004,0.118837,Bellevue_150th_SE38th
6276,0.496833,0.079088,0.091775,0.477828,0.150128,0.06874,Bellevue_150th_SE38th
6277,0.569722,0.111474,0.098209,0.498945,0.129182,0.074232,Bellevue_150th_SE38th
6278,0.480994,0.077975,0.092821,0.394243,0.052728,0.12776,Bellevue_150th_SE38th
6279,0.481627,0.106048,0.089111,0.48574,0.027199,0.101895,Bellevue_150th_SE38th
6280,0.476948,0.075759,0.087818,0.350364,0.127816,0.031716,Bellevue_150th_SE38th
6281,0.510992,0.111115,0.089536,0.594246,0.1756,-0.038288,Bellevue_150th_SE38th
6282,0.488695,0.07495,0.092103,0.585715,0.183277,0.022994,Bellevue_150th_SE38th
6283,0.484725,0.079428,0.093972,0.351623,0.103026,0.022371,Bellevue_150th_SE38th
6284,0.484669,0.096263,0.095486,0.344079,0.134678,0.021297,Bellevue_150th_SE38th
6285,0.471837,0.063846,0.082267,0.309374,0.082184,0.075968,Bellevue_150th_SE38th
6286,0.4757,0.066956,0.089061,0.446176,0.051727,0.036799,Bellevue_150th_SE38th
6287,0.484826,0.056968,0.08267,0.579775,0.061746,0.073294,Bellevue_150th_SE38th
6288,0.486558,0.062286,0.0854,0.407545,0.095066,0.050283,Bellevue_150th_SE38th
6289,0.484592,0.084122,0.091233,0.430758,0.101152,0.079059,Bellevue_150th_SE38th
6290,0.493593,0.083722,0.094489,0.51453,0.139446,0.053379,Bellevue_150th_SE38th
6291,0.481806,0.081112,0.091966,0.430954,0.030381,0.061521,Bellevue_150th_SE38th
6292,0.47485,0.079088,0.089641,0.529739,0.117541,0.027434,Bellevue_150th_SE38th
6293,0.497038,0.060299,0.089962,0.344393,0.065575,0.049358,Bellevue_150th_SE38th
6294,0.481503,0.079255,0.096447,0.369955,0.024823,0.17,Bellevue_150th_SE38th
6295,0.484608,0.102009,0.092538,0.353287,0.055312,0.113887,Bellevue_150th_SE38th
6296,0.529032,0.130907,0.089317,0.45661,0.060035,0.103282,Bellevue_150th_SE38th
6297,0.489626,0.059945,0.084227,0.361509,0.053871,0.079487,Bellevue_150th_SE38th
6298,0.480072,0.096343,0.09357,0.342975,0.032338,0.069408,Bellevue_150th_SE38th
6299,0.468928,0.090546,0.085904,0.488977,0.098257,0.030964,Bellevue_150th_SE38th
6300,0.516151,0.080816,0.093877,0.472923,0.073783,0.072698,Bellevue_150th_SE38th
6301,0.480709,0.073955,0.089264,0.334868,0.065126,0.015931,Bellevue_150th_SE38th
6302,0.49034,0.08431,0.084738,0.418439,0.070648,0.002778,Bellevue_150th_SE38th
6303,0.506723,0.081568,0.093586,0.57287,0.152103,0.056336,Bellevue_150th_SE38th
6304,0.487286,0.06508,0.088458,0.532672,0.1304,0.065806,Bellevue_150th_SE38th
6305,0.491156,0.073242,0.093789,0.520221,0.11915,0.123964,Bellevue_150th_SE38th
6306,0.492571,0.062116,0.088689,0.488249,0.176641,-0.055012,Bellevue_150th_SE38th
6307,0.482975,0.064728,0.0869,0.525767,0.096217,0.027725,Bellevue_150th_SE38th
6308,0.481044,0.065302,0.085796,0.537508,0.157176,0.025766,Bellevue_150th_SE38th
6309,0.511932,0.086815,0.090467,0.670054,0.04982,0.169845,Bellevue_150th_SE38th
6310,0.486008,0.068565,0.088459,0.44014,0.107008,0.024176,Bellevue_150th_SE38th
6311,0.486546,0.08882,0.092557,0.511288,0.105566,0.005442,Bellevue_150th_SE38th
6312,0.484264,0.078929,0.089302,0.309844,0.078369,0.030622,Bellevue_150th_SE38th
6313,0.463918,0.086909,0.088248,0.330712,0.147016,0.016711,Bellevue_150th_SE38th
6314,0.451825,0.08726,0.084524,0.388872,0.077151,0.049724,Bellevue_150th_SE38th
6315,0.492215,0.106407,0.083786,0.474544,0.115261,0.007239,Bellevue_150th_SE38th
6316,0.508603,0.087171,0.093343,0.292958,0.071128,0.007672,Bellevue_150th_SE38th
6317,0.474782,0.090168,0.088917,0.287165,0.081022,0.016644,Bellevue_150th_SE38th
6318,0.476702,0.066494,0.083306,0.317168,0.067964,0.013994,Bellevue_150th_SE38th
6319,0.473557,0.098466,0.087044,0.360816,0.068268,0.043251,Bellevue_150th_SE38th
6320,0.551592,0.13961,0.07694,0.515045,0.099449,0.067467,Bellevue_150th_SE38th
6321,0.496693,0.069406,0.091169,0.478876,0.048783,0.010701,Bellevue_150th_SE38th
6322,0.484336,0.07342,0.089142,0.242722,0.010897,0.002261,Bellevue_150th_SE38th
6323,0.475251,0.073243,0.087794,0.19762,0.049459,0.001944,Bellevue_150th_SE38th
6324,0.476941,0.060099,0.083397,0.4043,0.08749,0.0889,Bellevue_150th_SE38th
6325,0.486784,0.068452,0.089071,0.373305,0.103928,0.056997,Bellevue_150th_SE38th
6326,0.515821,0.118434,0.093358,0.404329,0.176541,0.00869,Bellevue_150th_SE38th
6327,0.491346,0.06333,0.087563,0.346135,0.079351,0.088966,Bellevue_150th_SE38th
6328,0.470722,0.077757,0.088079,0.294716,-0.030618,0.12829,Bellevue_150th_SE38th
6329,0.495762,0.098821,0.0831,0.329134,0.055964,0.070931,Bellevue_150th_SE38th
6330,0.538026,0.128705,0.09045,0.396216,0.148532,0.042577,Bellevue_150th_SE38th
6331,0.498623,0.11254,0.093347,0.560076,0.183803,0.042273,Bellevue_150th_SE38th
6332,0.49478,0.075154,0.092753,0.509967,0.056648,0.067614,Bellevue_150th_SE38th
6333,0.486428,0.075375,0.093031,0.512177,-0.051649,0.23195,Bellevue_150th_SE38th
6334,0.48757,0.067451,0.084627,0.542994,0.119297,0.077452,Bellevue_150th_SE38th
6335,0.523498,0.081917,0.09334,0.410808,0.087407,0.036869,Bellevue_150th_SE38th
6336,0.4931,0.084181,0.09529,0.354159,0.024711,0.036056,Bellevue_150th_SE38th
6337,0.476285,0.054378,0.080757,0.257197,0.050993,0.001153,Bellevue_150th_SE38th
6338,0.483318,0.067737,0.087346,0.315608,0.113082,0.043505,Bellevue_150th_SE38th
6339,0.473019,0.059837,0.082845,0.448215,0.05718,0.144596,Bellevue_150th_SE38th
6340,0.479577,0.075318,0.08612,0.605966,0.011217,0.310545,Bellevue_150th_SE38th
6341,0.499748,0.070924,0.087841,0.524526,0.115875,0.126882,Bellevue_150th_SE38th
6342,0.495347,0.069501,0.089653,0.474674,0.179924,0.052934,Bellevue_150th_SE38th
6343,0.478463,0.077596,0.091191,0.480598,0.168715,0.044083,Bellevue_150th_SE38th
6344,0.466616,0.069105,0.083884,0.496282,0.066557,0.040776,Bellevue_150th_SE38th
6345,0.479954,0.062672,0.084847,0.445979,0.125198,0.052989,Bellevue_150th_SE38th
6346,0.489205,0.069558,0.090054,0.431821,0.118276,0.030921,Bellevue_150th_SE38th
6347,0.47211,0.080519,0.086083,0.37607,0.166441,0.028777,Bellevue_150th_SE38th
6348,0.475635,0.088047,0.087751,0.461166,0.18622,0.021299,Bellevue_150th_SE38th
6349,0.494021,0.081971,0.089949,0.454887,0.096816,0.079414,Bellevue_150th_SE38th
6350,0.477267,0.090069,0.087143,0.454251,0.169487,0.034949,Bellevue_150th_SE38th
6351,0.51359,0.090737,0.086711,0.729286,0.248479,0.104643,Bellevue_150th_SE38th
6352,0.481904,0.05835,0.078538,0.647187,0.182698,0.092236,Bellevue_150th_SE38th
6353,0.496124,0.090235,0.089309,0.539011,0.195266,0.023513,Bellevue_150th_SE38th
6354,0.479754,0.07635,0.086726,0.536117,0.278091,0.020401,Bellevue_150th_SE38th
6355,0.469654,0.06761,0.085961,0.420639,0.155696,0.016505,Bellevue_150th_SE38th
6356,0.498917,0.104522,0.088519,0.47949,0.106937,0.01791,Bellevue_150th_SE38th
6357,0.50075,0.083711,0.08996,0.540285,0.093987,0.054423,Bellevue_150th_SE38th
6358,0.47151,0.068845,0.082735,0.292729,0.026327,0.052984,Bellevue_150th_SE38th
6359,0.506229,0.118451,0.081894,0.686141,0.177184,0.066756,Bellevue_150th_SE38th
6360,0.487224,0.063191,0.08733,0.393119,0.094144,0.030629,Bellevue_150th_SE38th
6361,0.477172,0.075052,0.085375,0.334594,0.112216,0.002738,Bellevue_150th_SE38th
6362,0.478214,0.106438,0.082338,0.255464,0.069343,0.018813,Bellevue_150th_SE38th
6363,0.485846,0.088809,0.088849,0.419231,0.033088,0.027431,Bellevue_150th_SE38th
6364,0.483565,0.064092,0.082598,0.499375,0.203621,-0.009803,Bellevue_150th_SE38th
6365,0.469557,0.07304,0.087369,0.401096,0.047117,0.044065,Bellevue_150th_SE38th
6366,0.474652,0.074863,0.086715,0.47397,0.085504,0.027536,Bellevue_150th_SE38th
6367,0.514019,0.085428,0.088965,0.509345,0.122596,0.057708,Bellevue_150th_SE38th
6368,0.47913,0.05623,0.082251,0.48071,0.104713,0.075881,Bellevue_150th_SE38th
6369,0.482586,0.07073,0.087825,0.633492,0.049405,0.080357,Bellevue_150th_SE38th
6370,0.498185,0.057328,0.084057,0.585315,0.144527,0.06442,Bellevue_150th_SE38th
6371,0.528639,0.030376,0.049922,0.469192,0.094598,0.048026,Bellevue_150th_SE38th
6372,0.47448,0.086816,0.086146,0.368093,0.099543,0.047002,Bellevue_150th_SE38th
6373,0.545859,0.122992,0.086173,0.828122,0.146468,-0.032817,Bellevue_150th_SE38th
6374,0.483103,0.0526,0.077482,0.684348,0.173909,0.034121,Bellevue_150th_SE38th
6375,0.47992,0.067101,0.085565,0.516452,0.135502,0.030463,Bellevue_150th_SE38th
6376,0.503724,0.08039,0.090134,0.511901,0.129495,0.119482,Bellevue_150th_SE38th
6377,0.49594,0.054901,0.080724,0.391109,0.095442,0.039469,Bellevue_150th_SE38th
6378,0.482138,0.077924,0.088824,0.346377,0.04929,0.045789,Bellevue_150th_SE38th
6379,0.458131,0.095294,0.085939,0.369827,0.093466,0.064609,Bellevue_150th_SE38th
6380,0.491418,0.122188,0.083227,0.514103,0.123805,0.073662,Bellevue_150th_SE38th
6381,0.479063,0.068817,0.088573,0.542879,0.121174,0.082791,Bellevue_150th_SE38th
6382,0.492225,0.057417,0.084461,0.522136,0.146499,0.040389,Bellevue_150th_SE38th
6383,0.479688,0.06986,0.086637,0.519443,0.096928,0.067713,Bellevue_150th_SE38th
6384,0.48224,0.076292,0.085766,0.573575,0.128975,0.185741,Bellevue_150th_SE38th
6385,0.48784,0.074905,0.088171,0.614036,0.085846,0.140121,Bellevue_150th_SE38th
6386,0.48503,0.067031,0.086867,0.634121,0.067257,0.156788,Bellevue_150th_SE38th
6387,0.477145,0.056483,0.080895,0.545854,0.059176,0.126043,Bellevue_150th_SE38th
6388,0.487756,0.066493,0.086202,0.683545,0.050542,0.301415,Bellevue_150th_SE38th
6389,0.479074,0.050721,0.077416,0.662872,0.110525,0.161734,Bellevue_150th_SE38th
6390,0.499287,0.063003,0.083967,0.662963,0.048439,0.199749,Bellevue_150th_SE38th
6391,0.476702,0.054485,0.079161,0.691697,0.056904,0.206829,Bellevue_150th_SE38th
6392,0.479036,0.063105,0.082118,0.694939,0.154704,0.272817,Bellevue_150th_SE38th
6393,0.476031,0.068346,0.089157,0.698394,0.283217,0.135937,Bellevue_150th_SE38th
6394,0.497708,0.08298,0.086671,0.597388,0.198547,0.063201,Bellevue_150th_SE38th
6395,0.56888,0.055396,0.047924,0.659174,0.135802,0.210174,Bellevue_150th_SE38th
6396,0.47022,0.063799,0.084329,0.563323,0.100538,0.122578,Bellevue_150th_SE38th
6397,0.495668,0.088523,0.087374,0.558501,0.160552,-0.00562,Bellevue_150th_SE38th
6398,0.474224,0.053314,0.078627,0.624111,0.176788,-0.044406,Bellevue_150th_SE38th
6399,0.484913,0.063718,0.082339,0.616899,0.194816,-0.05254,Bellevue_150th_SE38th
6400,0.484156,0.061556,0.084381,0.448898,0.141092,0.039639,Bellevue_150th_SE38th
6401,0.478671,0.074944,0.088854,0.490949,0.170559,0.015977,Bellevue_150th_SE38th
6402,0.474422,0.070478,0.087924,0.45255,0.118016,0.031169,Bellevue_150th_SE38th
6403,0.469458,0.078573,0.084651,0.514079,0.148675,0.094092,Bellevue_150th_SE38th
6404,0.466604,0.072854,0.084562,0.569983,0.126754,0.119852,Bellevue_150th_SE38th
6405,0.46975,0.052869,0.080654,0.413615,0.119293,0.047966,Bellevue_150th_SE38th
6406,0.466053,0.071605,0.086323,0.450723,0.114869,0.040181,Bellevue_150th_SE38th
6407,0.448588,0.053369,0.076297,0.529487,0.129572,0.03632,Bellevue_150th_SE38th
6408,0.49245,0.084334,0.09006,0.564208,0.161424,0.079565,Bellevue_150th_SE38th
6409,0.463659,0.057248,0.081397,0.363197,0.036144,0.098658,Bellevue_150th_SE38th
6410,0.44089,0.076146,0.079564,0.435786,0.074176,0.082564,Bellevue_150th_SE38th
6411,0.511784,0.094143,0.086494,0.672269,0.156775,0.102779,Bellevue_150th_SE38th
6412,0.47535,0.050287,0.081205,0.539481,0.145297,0.107301,Bellevue_150th_SE38th
6413,0.43138,0.049106,0.075665,0.592065,0.137966,0.100661,Bellevue_150th_SE38th
6414,0.568144,0.085283,0.084286,0.680175,0.183085,0.075146,Bellevue_150th_SE38th
6415,0.472378,0.059812,0.082012,0.611848,0.159566,0.036828,Bellevue_150th_SE38th
6416,0.472885,0.06946,0.08631,0.515756,0.119871,0.092218,Bellevue_150th_SE38th
6417,0.449684,0.064094,0.075696,0.480774,0.14476,0.015519,Bellevue_150th_SE38th
6418,0.4641,0.058545,0.080358,0.498139,0.123209,0.047172,Bellevue_150th_SE38th
6419,0.478254,0.065832,0.077965,0.763723,0.216423,0.054679,Bellevue_150th_SE38th
6420,0.459167,0.053227,0.076659,0.458219,0.099119,-0.003262,Bellevue_150th_SE38th
6421,0.448988,0.079147,0.083079,0.438703,0.021428,0.05507,Bellevue_150th_SE38th
6422,0.370339,0.055872,0.052721,0.465268,0.060231,0.063604,Bellevue_150th_SE38th
6423,0.47218,0.077886,0.083878,0.699588,0.148205,0.117293,Bellevue_150th_SE38th
6424,0.459536,0.04553,0.061229,0.548133,0.074268,0.014487,Bellevue_150th_SE38th
6425,0.440325,0.048449,0.051952,0.511852,0.133295,0.005688,Bellevue_150th_SE38th
6426,0.458754,0.060376,0.075843,0.81709,0.139372,0.000539,Bellevue_150th_SE38th
6427,0.437728,0.052603,0.055468,0.663333,0.014444,0.157778,Bellevue_150th_SE38th
6428,0.491676,0.05039,0.036085,0.682457,0.041959,0.111786,Bellevue_150th_SE38th
6429,0.477959,0.042051,0.036352,0.577957,0.120397,0.02149,Bellevue_150th_SE38th
6430,0.465395,0.073505,0.059315,0.614528,0.119906,0.069039,Bellevue_150th_SE38th
6431,0.456043,0.042394,0.031638,0.532898,0.118098,0.021869,Bellevue_150th_SE38th
6432,0.433951,0.055723,0.042319,0.540393,0.156212,0.032456,Bellevue_150th_SE38th
6433,0.436894,0.062454,0.045795,0.410889,0.054404,0.058794,Bellevue_150th_SE38th
6434,0.420904,0.069943,0.058224,0.361159,0.021558,0.077629,Bellevue_150th_SE38th
6435,0.425103,0.062165,0.046338,0.607943,0.099296,0.1324,Bellevue_150th_SE38th
6436,0.449171,0.047789,0.043599,0.51291,0.031247,0.195825,Bellevue_150th_SE38th
6437,0.449551,0.05728,0.041278,0.536958,0.03521,0.166991,Bellevue_150th_SE38th
6438,0.444862,0.04789,0.035913,0.857024,0.106839,0.139405,Bellevue_150th_SE38th
6439,0.426872,0.035875,0.02533,0.494585,0.094039,0.086439,Bellevue_150th_SE38th
6440,0.448559,0.057846,0.041434,0.396545,-0.039442,0.15819,Bellevue_150th_SE38th
6441,0.414346,0.044731,0.037265,0.647002,0.055536,0.169404,Bellevue_150th_SE38th
6442,0.441562,0.039804,0.030803,0.614074,0.034722,0.22287,Bellevue_150th_SE38th
6443,0.426576,0.040629,0.028675,0.373309,0.000382,0.128786,Bellevue_150th_SE38th
6444,0.388535,0.029753,0.025636,0.423061,-0.055128,0.200576,Bellevue_150th_SE38th
6445,0.384659,0.02064,0.025321,0.372374,-0.02025,0.068842,Bellevue_150th_SE38th
6446,0.456568,0.062153,0.046923,0.604808,0.104016,0.101355,Bellevue_150th_SE38th
6447,0.433906,0.041118,0.030713,0.516087,0.167797,0.101554,Bellevue_150th_SE38th
6448,0.443364,0.047061,0.031988,0.428408,0.119126,0.103741,Bellevue_150th_SE38th
6449,0.420422,0.055665,0.039446,0.382617,0.050003,0.066986,Bellevue_150th_SE38th
6450,0.435102,0.055211,0.040353,0.465218,0.026521,0.098509,Bellevue_150th_SE38th
6451,0.41238,0.029661,0.024175,0.455119,0.027169,0.066138,Bellevue_150th_SE38th
6452,0.398828,0.027731,0.022865,0.569961,0.133485,0.041336,Bellevue_150th_SE38th
6453,0.404064,0.027587,0.023028,0.412598,0.12296,0.038965,Bellevue_150th_SE38th
6454,0.416605,0.034395,0.029633,0.337943,0.027159,0.045684,Bellevue_150th_SE38th
6455,0.392284,0.031584,0.027504,0.31491,0.018637,0.078942,Bellevue_150th_SE38th
6456,0.435634,0.064752,0.046366,0.453988,0.079826,0.052951,Bellevue_150th_SE38th
6457,0.405793,0.028796,0.023072,0.48127,0.076905,0.078413,Bellevue_150th_SE38th
6458,0.422072,0.037558,0.025909,0.437922,0.069152,0.03645,Bellevue_150th_SE38th
6459,0.382092,0.028258,0.027634,0.417315,0.081048,0.02464,Bellevue_150th_SE38th
6460,0.394148,0.028674,0.028793,0.561127,0.134505,0.056443,Bellevue_150th_SE38th
6461,0.42718,0.035651,0.027403,0.532769,0.087668,0.103039,Bellevue_150th_SE38th
6462,0.42602,0.048329,0.026991,0.495837,0.044502,0.175957,Bellevue_150th_SE38th
6463,0.392083,0.022938,0.022674,0.493016,0.050396,0.121657,Bellevue_150th_SE38th
6464,0.429718,0.041392,0.027746,0.524368,0.10711,0.103174,Bellevue_150th_SE38th
6465,0.434632,0.045474,0.023074,0.380984,0.086139,0.07445,Bellevue_150th_SE38th
6466,0.401863,0.037078,0.020624,0.380314,0.092485,0.018692,Bellevue_150th_SE38th
6467,0.416639,0.044343,0.023836,0.462283,0.117377,0.037201,Bellevue_150th_SE38th
6468,0.397073,0.031125,0.016836,0.451601,0.048677,0.040079,Bellevue_150th_SE38th
6469,0.409618,0.027948,0.01918,0.381003,0.037032,0.087667,Bellevue_150th_SE38th
6470,0.394069,0.025692,0.025072,0.545141,0.108989,0.071338,Bellevue_150th_SE38th
6471,0.422467,0.041159,0.020071,0.386808,0.00692,0.044023,Bellevue_150th_SE38th
6472,0.42027,0.03763,0.02156,0.544169,0.072884,0.064472,Bellevue_150th_SE38th
6473,0.406319,0.027932,0.016861,0.706164,0.154339,0.069616,Bellevue_150th_SE38th
6474,0.415838,-0.004442,0.013017,0.654603,0.054762,-0.000886,Bellevue_150th_SE38th
6475,0.426976,0.020351,0.017459,0.445669,0.065635,0.067887,Bellevue_150th_SE38th
6476,0.442131,0.01639,0.018833,0.568228,0.034762,0.053968,Bellevue_150th_SE38th
6477,0.434599,0.010178,0.016254,0.526542,0.121788,0.050107,Bellevue_150th_SE38th
6478,0.452448,0.011388,0.018438,0.566169,0.143544,0.038638,Bellevue_150th_SE38th
6479,0.436474,0.005109,0.019092,0.501818,0.058468,0.075084,Bellevue_150th_SE38th
6480,0.460429,0.005792,0.018834,0.557375,0.059538,0.053177,Bellevue_150th_SE38th
6481,0.427261,-0.006135,0.013112,0.428848,0.058368,0.036323,Bellevue_150th_SE38th
6482,0.453978,0.010307,0.019951,0.366153,0.008494,0.090619,Bellevue_150th_SE38th
6483,0.449602,0.007065,0.02157,0.58699,0.095921,0.111019,Bellevue_150th_SE38th
6484,0.456951,0.007707,0.018337,0.580821,0.189795,0.09418,Bellevue_150th_SE38th
6485,0.46396,0.011422,0.024165,0.488345,0.041014,0.10149,Bellevue_150th_SE38th
6486,0.426231,-0.0058,0.015837,0.437438,0.043142,0.051465,Bellevue_150th_SE38th
6487,0.458992,0.008827,0.018274,0.555869,0.227018,0.067151,Bellevue_150th_SE38th
6488,0.450268,0.001462,0.015007,0.488675,0.132789,0.028785,Bellevue_150th_SE38th
6489,0.453758,0.002253,0.017164,0.579563,0.125873,-0.018214,Bellevue_150th_SE38th
6490,0.445826,0.000449,0.01482,0.566851,0.069537,0.079628,Bellevue_150th_SE38th
6491,0.451446,0.003666,0.017289,0.496163,0.082868,0.038784,Bellevue_150th_SE38th
6492,0.460177,0.006343,0.017994,0.557196,0.083849,-0.008056,Bellevue_150th_SE38th
6493,0.448493,0.005117,0.015834,0.604511,0.150357,0.042116,Bellevue_150th_SE38th
6494,0.457362,0.002793,0.013348,0.799444,0.114444,-0.005556,Bellevue_150th_SE38th
6495,0.434738,-0.007325,0.011892,0.64818,0.146918,0.026184,Bellevue_150th_SE38th
6496,0.477603,0.015458,0.02259,0.448255,0.036153,0.102724,Bellevue_150th_SE38th
6497,0.465742,0.018414,0.016845,0.693815,0.117573,0.03243,Bellevue_150th_SE38th
6498,0.458618,0.00548,0.015097,0.622127,0.146447,0.02091,Bellevue_150th_SE38th
6499,0.468948,0.011178,0.016706,0.752566,0.344452,0.019888,Bellevue_150th_SE38th
6500,0.457012,0.002728,0.013392,0.56662,0.126839,0.079777,Bellevue_150th_SE38th
6501,0.474523,0.006262,0.015935,0.64459,0.024299,0.083674,Bellevue_150th_SE38th
6502,0.485232,0.003145,0.017548,0.748069,0.074916,0.112104,Bellevue_150th_SE38th
6503,0.491284,0.006269,0.016296,0.665504,0.041784,0.159071,Bellevue_150th_SE38th
6504,0.499225,0.014538,0.020947,0.465106,0.086241,0.060567,Bellevue_150th_SE38th
6505,0.486403,0.008554,0.021232,0.705701,0.063932,0.100589,Bellevue_150th_SE38th
6506,0.504999,0.016337,0.018254,0.809244,0.023597,0.143031,Bellevue_150th_SE38th
6507,0.523108,0.020589,0.023204,0.579761,0.161445,0.085366,Bellevue_150th_SE38th
6508,0.50769,0.014161,0.031776,0.555342,0.08279,0.096029,Bellevue_150th_SE38th
6509,0.533558,0.028673,0.02948,0.603102,0.055485,0.082727,Bellevue_150th_SE38th
6510,0.541358,0.031456,0.025772,0.48466,0.03635,0.026058,Bellevue_150th_SE38th
6511,0.502865,0.020041,0.023706,0.586069,0.103283,0.025295,Bellevue_150th_SE38th
6512,0.49051,0.017453,0.023604,0.774281,0.046746,0.068202,Bellevue_150th_SE38th
6513,0.486559,0.012971,0.019262,0.551425,0.046004,0.038635,Bellevue_150th_SE38th
6514,0.492746,0.015968,0.022681,0.826085,0.068783,0.020516,Bellevue_150th_SE38th
6515,0.459243,-0.000537,0.019872,0.664608,0.06143,0.051431,Bellevue_150th_SE38th
6516,0.466244,0.005621,0.020488,0.721975,0.137409,0.035954,Bellevue_150th_SE38th
6517,0.473061,0.009026,0.022425,0.644467,0.008668,0.170925,Bellevue_150th_SE38th
6518,0.508682,0.025485,0.023305,0.47375,0.046924,0.058723,Bellevue_150th_SE38th
6519,0.506556,0.031263,0.038785,0.480658,0.043742,0.090966,Bellevue_150th_SE38th
6520,0.511469,0.038856,0.032414,0.597744,0.093931,0.07837,Bellevue_150th_SE38th
6521,0.50474,0.02905,0.037099,0.480177,0.066602,0.091035,Bellevue_150th_SE38th
6522,0.474584,0.020377,0.029628,0.536432,0.103825,0.11872,Bellevue_150th_SE38th
6523,0.519949,0.043255,0.033135,0.464531,0.000478,0.122086,Bellevue_150th_SE38th
6524,0.480429,0.019823,0.028759,0.473726,-0.003138,0.030914,Bellevue_150th_SE38th
6525,0.457005,0.006232,0.03108,0.506694,0.00622,0.060921,Bellevue_150th_SE38th
6526,0.518777,0.039111,0.052699,0.529341,0.114719,0.054874,Bellevue_150th_SE38th
6527,0.516493,0.04126,0.042103,0.546776,0.076465,0.074515,Bellevue_150th_SE38th
6528,0.477839,0.018494,0.025878,0.622077,0.096561,0.070688,Bellevue_150th_SE38th
6529,0.500126,0.027519,0.04132,0.637204,0.043573,0.165538,Bellevue_150th_SE38th
6530,0.495962,0.033765,0.038658,0.693486,0.034428,0.241645,Bellevue_150th_SE38th
6531,0.408912,-0.012711,0.03605,0.629203,0.120771,0.050177,Bellevue_150th_SE38th
6532,0.521208,0.045063,0.055365,0.495152,0.086344,0.078654,Bellevue_150th_SE38th
6533,0.498928,0.034482,0.040504,0.590542,0.12832,0.07377,Bellevue_150th_SE38th
6534,0.501856,0.028982,0.058277,0.541221,0.098322,0.107386,Bellevue_150th_SE38th
6535,0.510772,0.042928,0.040844,0.687235,0.047131,0.050546,Bellevue_150th_SE38th
6536,0.505024,0.032352,0.066082,0.73715,0.077964,0.079181,Bellevue_150th_SE38th
6537,0.435788,0.004541,0.047195,0.589683,0.037103,0.120437,Bellevue_150th_SE38th
6538,0.436539,0.002927,0.046776,0.771334,0.086073,0.105795,Bellevue_150th_SE38th
6539,0.507521,0.036528,0.072356,0.794984,0.00553,0.083137,Bellevue_150th_SE38th
6540,0.414575,0.007395,0.048344,0.722177,0.026243,0.074181,Bellevue_150th_SE38th
6541,0.484697,0.028249,0.065935,0.624921,0.058464,0.08692,Bellevue_150th_SE38th
6542,0.520825,0.050403,0.075673,0.66998,0.093566,0.089315,Bellevue_150th_SE38th
6543,0.528325,0.060951,0.084114,0.599784,0.125694,0.075692,Bellevue_150th_SE38th
6544,0.591311,0.100004,0.096876,0.492383,0.018896,0.072163,Bellevue_150th_SE38th
6545,0.519344,0.063971,0.075258,0.74211,0.065133,0.171721,Bellevue_150th_SE38th
6546,0.489903,0.032631,0.067453,0.630825,0.065414,0.080268,Bellevue_150th_SE38th
6547,0.476961,0.034313,0.067398,0.525559,0.008033,0.035527,Bellevue_150th_SE38th
6548,0.395237,0.006296,0.044411,0.603333,0.083333,0.075,Bellevue_150th_SE38th
6549,0.390206,0.00227,0.041407,0.55,-0.033333,0.083333,Bellevue_150th_SE38th
6550,0.361366,-0.002347,0.03493,0.713188,0.047579,0.030212,Bellevue_150th_SE38th
6551,0.450965,0.025331,0.055494,0.589048,0.049167,0.073479,Bellevue_150th_SE38th
6552,0.4447,0.022891,0.058273,0.650601,0.235712,0.086397,Bellevue_150th_SE38th
6553,0.511209,0.060543,0.084935,0.670641,0.228352,0.069139,Bellevue_150th_SE38th
6554,0.597125,0.125258,0.105933,0.736095,0.221375,0.114842,Bellevue_150th_SE38th
6555,0.405518,0.015629,0.05437,0.848094,0.284805,0.125836,Bellevue_150th_SE38th
6556,0.510096,0.096165,0.089491,0.800192,0.263405,0.167434,Bellevue_150th_SE38th
6557,0.396471,0.047447,0.055193,0.649471,0.230583,0.118222,Bellevue_150th_SE38th
6558,0.459608,0.039302,0.067641,0.573059,0.167042,0.146489,Bellevue_150th_SE38th
6559,0.599454,0.117447,0.104141,0.532019,0.116698,0.073745,Bellevue_150th_SE38th
6560,0.560027,0.095114,0.086467,0.496581,0.087901,0.091883,Bellevue_150th_SE38th
6561,0.574496,0.092367,0.084401,0.622988,0.139737,0.064316,Bellevue_150th_SE38th
6562,0.567984,0.103182,0.096282,0.689716,0.126579,0.119119,Bellevue_150th_SE38th
6563,0.576212,0.108369,0.086638,0.558294,0.058029,0.16836,Bellevue_150th_SE38th
6564,0.567377,0.104295,0.087262,0.540571,0.043175,0.098767,Bellevue_150th_SE38th
6565,0.568777,0.103883,0.0907,0.574782,0.010924,0.143069,Bellevue_150th_SE38th
6566,0.542226,0.072366,0.076949,0.557588,-0.008606,0.20303,Bellevue_150th_SE38th
6567,0.487464,0.044353,0.070722,0.580159,0.020915,0.182029,Bellevue_150th_SE38th
6568,0.591098,0.124275,0.094601,0.743662,-0.01963,0.178074,Bellevue_150th_SE38th
6569,0.523798,0.072376,0.078113,0.622669,0.005806,0.163909,Bellevue_150th_SE38th
6570,0.609019,0.123029,0.101072,0.562715,0.039782,0.13413,Bellevue_150th_SE38th
6571,0.598681,0.125864,0.100641,0.565602,0.081614,0.106647,Bellevue_150th_SE38th
6572,0.550637,0.096759,0.081749,0.601587,0.012328,0.136534,Bellevue_150th_SE38th
6573,0.442788,0.037062,0.051195,0.548537,0.151195,0.110823,Bellevue_150th_SE38th
6574,0.473373,0.051495,0.068107,0.429167,0.026944,0.125304,Bellevue_150th_SE38th
6575,0.417662,0.02156,0.0388,0.655979,0.003333,0.149762,Bellevue_150th_SE38th
6576,0.380073,0.004669,0.034582,0.812429,0.079898,0.045779,Bellevue_150th_SE38th
6577,0.443911,0.037596,0.047373,0.690708,0.063611,0.040048,Bellevue_150th_SE38th
6578,0.547714,0.084907,0.07034,0.537179,-0.002778,0.079915,Bellevue_150th_SE38th
6579,0.23175,-0.006337,0.015388,0.522678,-0.026521,0.105184,Bellevue_150th_SE38th
6580,0.441647,0.04179,0.036396,0.600172,-0.011111,0.156415,Bellevue_150th_SE38th
6581,0.524264,0.085973,0.059092,0.530688,0.086013,0.071203,Bellevue_150th_SE38th
6582,0.607925,0.125629,0.08972,0.524083,0.072394,0.135259,Bellevue_150th_SE38th
6583,0.561408,0.123453,0.092583,0.50304,0.055025,0.112481,Bellevue_150th_SE38th
6584,0.498639,0.087234,0.051772,0.54607,0.03545,0.136874,Bellevue_150th_SE38th
6585,0.436806,0.034637,0.032379,0.503611,-0.000595,0.084577,Bellevue_150th_SE38th
6586,0.421777,0.027324,0.036079,0.542093,0.030763,0.082869,Bellevue_150th_SE38th
6587,0.557682,0.112137,0.072387,0.603389,0.033704,0.061793,Bellevue_150th_SE38th
6588,0.49498,0.065167,0.04875,0.51939,0.038079,0.082223,Bellevue_150th_SE38th
6589,0.410906,0.0317,0.033329,0.419775,0.041455,0.072209,Bellevue_150th_SE38th
6590,0.377192,0.010935,0.026824,0.504603,-0.023016,0.170397,Bellevue_150th_SE38th
6591,0.471965,0.061999,0.043923,0.490833,-0.039008,0.201587,Bellevue_150th_SE38th
6592,0.533227,0.081966,0.0521,0.498651,0.040278,0.10869,Bellevue_150th_SE38th
6593,0.391027,0.010121,0.02741,0.612685,0.121696,0.157145,Bellevue_150th_SE38th
6594,0.599355,0.126694,0.083059,0.725675,0.433254,0.06873,Bellevue_150th_SE38th
6595,0.486502,0.08661,0.052205,0.55418,0.166591,0.057719,Bellevue_150th_SE38th
6596,0.556357,0.107145,0.067994,0.456152,0.049355,0.117482,Bellevue_150th_SE38th
6597,0.584983,0.126067,0.034568,0.679242,0.107066,0.136911,Bellevue_150th_SE38th
6598,0.547197,0.099899,0.071242,0.688717,0.076182,0.104525,Bellevue_150th_SE38th
6599,0.488497,0.088253,0.044425,0.510435,0.085253,0.132558,Bellevue_150th_SE38th
6600,0.55718,0.107869,0.06901,0.552196,0.128831,0.061439,Bellevue_150th_SE38th
6601,0.49302,0.066195,0.045937,0.680115,-0.00529,0.101337,Bellevue_150th_SE38th
6602,0.424222,0.030368,0.030614,0.847524,0.00369,0.256205,Bellevue_150th_SE38th
6603,0.474112,0.077407,0.038676,0.705475,-0.019153,0.303772,Bellevue_150th_SE38th
6604,0.517041,0.113727,0.058965,0.677838,0.002181,0.279666,Bellevue_150th_SE38th
6605,0.421897,0.072497,0.033564,0.656417,0.16518,0.157862,Bellevue_150th_SE38th
6606,0.447252,0.075229,0.044655,0.480772,0.059272,0.143103,Bellevue_150th_SE38th
6607,0.490522,0.057995,0.029246,0.44496,0.039246,0.017394,Bellevue_150th_SE38th
6608,0.353791,0.016477,0.024654,0.55422,0.135423,0.093386,Bellevue_150th_SE38th
6609,0.423815,0.04313,0.03234,0.725966,0.232751,0.093082,Bellevue_150th_SE38th
6610,0.464738,0.070868,0.039573,0.52232,0.009231,0.080364,Bellevue_150th_SE38th
6611,0.451564,0.040539,0.035111,0.585595,0.052976,0.05578,Bellevue_150th_SE38th
6612,0.375669,0.007147,0.021771,0.658161,0.107255,0.116797,Bellevue_150th_SE38th
6613,0.550749,0.092794,0.043932,0.459886,0.014376,0.067027,Bellevue_150th_SE38th
6614,0.481514,0.061122,0.046563,0.407226,0.027485,0.083004,Bellevue_150th_SE38th
6615,0.378478,0.031991,0.027072,0.417623,0.10969,0.07497,Bellevue_150th_SE38th
6616,0.545074,0.102956,0.065749,0.482293,0.074179,0.066193,Bellevue_150th_SE38th
6617,0.49195,0.084211,0.045995,0.494011,0.036546,0.093463,Bellevue_150th_SE38th
6618,0.550323,0.09009,0.052821,0.393018,0.134665,0.029408,Bellevue_150th_SE38th
6619,0.552615,0.109801,0.062718,0.576558,0.078706,0.089436,Bellevue_150th_SE38th
6620,0.476555,0.073485,0.035594,0.79631,0.191706,0.047302,Bellevue_150th_SE38th
6621,0.516946,0.078852,0.044365,0.687946,0.071465,0.144204,Bellevue_150th_SE38th
6622,0.578274,0.117767,0.064623,0.777914,0.073172,0.112884,Bellevue_150th_SE38th
6623,0.460956,0.052755,0.035198,0.452608,0.083382,0.077156,Bellevue_150th_SE38th
6624,0.450648,0.044254,0.02868,0.467617,0.048099,0.101477,Bellevue_150th_SE38th
6625,0.544168,0.112678,0.046298,0.666429,0.068175,0.107063,Bellevue_150th_SE38th
6626,0.357241,-0.003438,0.018094,0.634683,0.066389,0.086944,Bellevue_150th_SE38th
6627,0.428201,0.03191,0.026753,0.717235,0.136019,0.033148,Bellevue_150th_SE38th
6628,0.466579,0.053243,0.03112,0.583159,0.04482,0.120592,Bellevue_150th_SE38th
6629,0.395163,0.0236,0.022671,0.643823,0.093651,0.029762,Bellevue_150th_SE38th
6630,0.458604,0.059741,0.027716,0.603889,0.014444,0.193333,Bellevue_150th_SE38th
6631,0.467275,0.057796,0.029791,0.677352,0.167926,0.093201,Bellevue_150th_SE38th
6632,0.475505,0.058481,0.031093,0.565406,-0.135528,0.334505,Bellevue_150th_SE38th
6633,0.481674,0.066126,0.031875,0.666667,-0.333333,0.666667,Bellevue_150th_SE38th
6634,0.217863,-0.007573,0.009797,0.660317,-0.301587,0.622222,Bellevue_150th_SE38th
6635,0.258551,0.011641,0.012624,0.541373,0.061138,0.135125,Bellevue_150th_SE38th
6636,0.538325,0.10704,0.042924,0.60205,0.099339,0.069114,Bellevue_150th_SE38th
6637,0.449733,0.072369,0.03323,0.564149,0.095266,0.129406,Bellevue_150th_SE38th
6638,0.380329,0.014135,0.021887,0.5319,0.080873,0.076984,Bellevue_150th_SE38th
6639,0.539804,0.093196,0.045,0.602672,0.126603,0.075504,Bellevue_150th_SE38th
6640,0.47742,0.068411,0.029002,0.747222,0.204206,0.018333,Bellevue_150th_SE38th
6641,0.512666,0.078911,0.038778,0.578889,0.076667,0.151944,Bellevue_150th_SE38th
6642,0.387837,0.010599,0.01744,0.488492,0.069762,0.091825,Bellevue_150th_SE38th
6643,0.419927,0.032112,0.023129,0.684598,0.08455,0.144958,Bellevue_150th_SE38th
6644,0.447625,0.04791,0.029249,0.716825,0.010317,0.059656,Bellevue_150th_SE38th
6645,0.383124,0.029227,0.023103,0.583749,0.058379,0.056278,Bellevue_150th_SE38th
6646,0.555273,0.096602,0.049714,0.503601,0.063738,0.122431,Bellevue_150th_SE38th
6647,0.534768,0.09804,0.028459,0.737704,0.08087,0.115847,Bellevue_150th_SE38th
6648,0.474636,0.067618,0.020284,0.678224,0.121751,0.067621,Bellevue_150th_SE38th
6649,0.492493,0.059402,0.034906,0.641557,0.075796,0.114715,Bellevue_150th_SE38th
6650,0.485696,0.05985,0.032094,0.577976,0.063889,0.153228,Bellevue_150th_SE38th
6651,0.42784,0.032755,0.022431,0.541546,0.064485,0.059537,Bellevue_150th_SE38th
6652,0.561575,0.102267,0.03919,0.411343,0.01393,0.107824,Bellevue_150th_SE38th
6653,0.506219,0.086608,0.036751,0.648439,0.060755,0.022439,Bellevue_150th_SE38th
6654,0.374784,0.012579,0.019127,0.729414,0.036019,0.062554,Bellevue_150th_SE38th
6655,0.389909,0.008752,0.021056,0.575714,0.120238,0.038651,Bellevue_150th_SE38th
6656,0.420836,0.033114,0.023216,0.694167,0.113452,0.073413,Bellevue_150th_SE38th
6657,0.474905,0.053054,0.029526,0.594023,0.112697,0.097618,Bellevue_150th_SE38th
6658,0.415526,0.023241,0.022118,0.505066,0.127222,0.02787,Bellevue_150th_SE38th
6659,0.424465,0.028582,0.023675,0.755489,0.095542,0.153294,Bellevue_150th_SE38th
6660,0.420881,0.037481,0.017553,0.726361,0.125281,0.129909,Bellevue_150th_SE38th
6661,0.415352,0.01988,0.019758,0.602024,0.018413,0.111825,Bellevue_150th_SE38th
6662,0.355391,-0.004371,0.014873,0.563889,0.027778,0.188889,Bellevue_150th_SE38th
6663,0.437881,0.034993,0.022958,0.598889,0.058333,0.103095,Bellevue_150th_SE38th
6664,0.475522,0.062105,0.030447,0.763435,0.125456,0.21362,Bellevue_150th_SE38th
6665,0.566182,0.117904,0.03926,0.813555,0.031735,0.276899,Bellevue_150th_SE38th
6666,0.395423,0.034967,0.021985,0.728472,-0.000831,0.235677,Bellevue_150th_SE38th
6667,0.477743,0.078988,0.033067,0.689666,0.054631,0.119924,Bellevue_150th_SE38th
6668,0.443113,0.044461,0.022157,0.591984,0.019365,0.227817,Bellevue_150th_SE38th
6669,0.506669,0.098143,0.024451,0.602124,0.08362,0.104913,Bellevue_150th_SE38th
6670,0.494696,0.058222,0.029185,0.537887,0.210431,0.06005,Bellevue_150th_SE38th
6671,0.525648,0.09404,0.051035,0.433292,0.077604,0.06569,Bellevue_150th_SE38th
6672,0.534246,0.107529,0.025243,0.571429,0.014074,0.110344,Bellevue_150th_SE38th
6673,0.51906,0.088822,0.050074,0.588413,0.078307,0.09918,Bellevue_150th_SE38th
6674,0.555458,0.105855,0.044434,0.699246,0.055238,0.051665,Bellevue_150th_SE38th
6675,0.441487,0.047539,0.021638,0.745392,0.151393,0.130893,Bellevue_150th_SE38th
6676,0.515496,0.097571,0.04878,0.597599,0.130413,0.064068,Bellevue_150th_SE38th
6677,0.545082,0.105467,0.041265,0.561588,0.072727,0.090001,Bellevue_150th_SE38th
6678,0.537582,0.103297,0.031193,0.593118,0.019375,0.063137,Bellevue_150th_SE38th
6679,0.513632,0.114183,0.036469,0.733769,0.099842,0.152296,Bellevue_150th_SE38th
6680,0.489053,0.07744,0.049641,0.590557,0.112555,0.026402,Bellevue_150th_SE38th
6681,0.491438,0.088046,0.020177,0.535459,0.119047,-0.006218,Bellevue_150th_SE38th
6682,0.449006,0.063624,0.024492,0.689127,0.044722,0.084206,Bellevue_150th_SE38th
6683,0.402774,0.01789,0.020127,0.659021,0.015106,0.095357,Bellevue_150th_SE38th
6684,0.412422,0.025961,0.020724,0.664707,0.083598,0.033123,Bellevue_150th_SE38th
6685,0.403284,0.023489,0.019729,0.725669,0.03037,0.020374,Bellevue_150th_SE38th
6686,0.411661,0.034264,0.019511,0.721241,0.038785,0.061146,Bellevue_150th_SE38th
6687,0.411719,0.037041,0.019401,0.609705,0.00963,0.090293,Bellevue_150th_SE38th
6688,0.544352,0.097284,0.033426,0.653821,0.038929,0.040089,Bellevue_150th_SE38th
6689,0.568027,0.123387,0.060894,0.533091,0.042953,0.073511,Bellevue_150th_SE38th
6690,0.542783,0.117623,0.055364,0.533531,0.03279,0.139346,Bellevue_150th_SE38th
6691,0.503484,0.08247,0.024909,0.713715,-0.015555,0.154859,Bellevue_150th_SE38th
6692,0.432752,0.028946,0.013782,0.681633,0.041045,0.116443,Bellevue_150th_SE38th
6693,0.511533,0.074793,0.027476,0.668856,0.074556,0.093841,Bellevue_150th_SE38th
6694,0.575246,0.098521,0.053105,0.612751,0.040484,0.080715,Bellevue_150th_SE38th
6695,0.39553,0.017626,0.010787,0.647845,0.026623,0.059384,Bellevue_150th_SE38th
6696,0.456856,0.033632,0.025162,0.734161,0.062635,0.127123,Bellevue_150th_SE38th
6697,0.382409,0.00238,0.016813,0.739506,0.040303,0.148784,Bellevue_150th_SE38th
6698,0.431539,0.037335,0.021854,0.882143,0.219206,-0.047222,Bellevue_150th_SE38th
6699,0.416583,0.0171,0.017514,0.67922,0.08332,0.052434,Bellevue_150th_SE38th
6700,0.509397,0.071276,0.027652,0.584794,0.03463,0.097351,Bellevue_150th_SE38th
6701,0.557316,0.103723,0.027506,0.718526,0.139171,0.223153,Bellevue_150th_SE38th
6702,0.59336,0.12351,0.056252,0.587498,0.284136,0.063774,Bellevue_150th_SE38th
6703,0.55044,0.099655,0.045719,0.641497,0.260222,0.075122,Bellevue_150th_SE38th
6704,0.506197,0.078097,0.042078,0.570207,0.049967,0.110824,Bellevue_150th_SE38th
6705,0.473502,0.053188,0.020483,0.646593,0.083515,0.086017,Bellevue_150th_SE38th
6706,0.479427,0.046313,0.026913,0.539393,0.087422,0.044263,Bellevue_150th_SE38th
6707,0.430323,0.032363,0.025034,0.523982,0.073758,0.062924,Bellevue_150th_SE38th
6708,0.421181,0.032543,0.018623,0.529378,0.07123,0.122434,Bellevue_150th_SE38th
6709,0.424914,0.026277,0.013182,0.603492,-0.05,0.178373,Bellevue_150th_SE38th
6710,0.501516,0.06318,0.025049,0.619709,0.095767,0.071323,Bellevue_150th_SE38th
6711,0.415237,0.014022,0.017214,0.568823,0.079153,0.037593,Bellevue_150th_SE38th
6712,0.442488,0.020451,0.019947,0.62396,0.101545,0.099888,Bellevue_150th_SE38th
6713,0.474234,0.055827,0.018093,0.601786,0.097566,0.061627,Bellevue_150th_SE38th
6714,0.455672,0.036416,0.021912,0.62552,0.149622,0.087351,Bellevue_150th_SE38th
6715,0.464119,0.041269,0.021734,0.607003,0.103048,0.064147,Bellevue_150th_SE38th
6716,0.469822,0.056378,0.023771,0.642834,0.075435,0.042734,Bellevue_150th_SE38th
6717,0.365374,-0.007167,0.01021,0.8,-0.066667,0.016667,Bellevue_150th_SE38th
6718,0.43868,0.019576,0.019549,0.668333,0.143889,0.127778,Bellevue_150th_SE38th
6719,0.419877,0.031487,0.019381,0.570924,0.127171,0.09618,Bellevue_150th_SE38th
6720,0.423828,0.015664,0.014878,0.546799,0.064339,0.023466,Bellevue_150th_SE38th
6721,0.392555,0.000601,0.018165,0.698175,0.099206,0.081111,Bellevue_150th_SE38th
6722,0.431873,0.017311,0.019043,0.643333,0.186667,0.127778,Bellevue_150th_SE38th
6723,0.423927,0.015764,0.017107,0.777778,0.116746,0.142302,Bellevue_150th_SE38th
6724,0.426296,0.026061,0.01259,0.705322,0.033611,0.250948,Bellevue_150th_SE38th
6725,0.394401,0.010803,0.009113,0.855556,0.043651,0.183333,Bellevue_150th_SE38th
6726,0.350077,-0.017085,0.01398,0.63623,0.063611,0.129603,Bellevue_150th_SE38th
6727,0.440652,0.041645,0.014489,0.587778,-0.016667,0.116667,Bellevue_150th_SE38th
6728,0.394767,-0.004125,0.016328,0.534259,0.010648,0.015595,Bellevue_150th_SE38th
6729,0.385156,-0.005763,0.015618,0.678519,0.06541,0.090489,Bellevue_150th_SE38th
6730,0.473059,0.051356,0.020448,0.785357,0.068056,0.084246,Bellevue_150th_SE38th
6731,0.404355,0.00369,0.015924,0.638968,0.064405,0.083413,Bellevue_150th_SE38th
6732,0.399367,0.001094,0.014533,0.747595,0.026652,0.198709,Bellevue_150th_SE38th
6733,0.460081,0.036026,0.021003,0.761627,0.265,0.100397,Bellevue_150th_SE38th
6734,0.478692,0.069265,0.023236,0.621667,0.114444,0.041667,Bellevue_150th_SE38th
6735,0.337977,-0.008784,0.008405,0.571389,0.017407,0.137407,Bellevue_150th_SE38th
6736,0.456705,0.054188,0.018736,0.720937,0.049156,0.147197,Bellevue_150th_SE38th
6737,0.521636,0.07402,0.031532,0.597817,0.064339,0.093585,Bellevue_150th_SE38th
6738,0.396864,0.010012,0.017057,0.675542,0.073704,0.033148,Bellevue_150th_SE38th
6739,0.432127,0.025158,0.019326,0.734933,0.090744,0.067911,Bellevue_150th_SE38th
6740,0.54692,0.097723,0.031687,0.802937,0.189352,0.08414,Bellevue_150th_SE38th
6741,0.340392,-0.015815,0.013237,0.607222,0.103889,-0.016667,Bellevue_150th_SE38th
6742,0.313922,-0.023634,0.010858,0.608016,0.057659,0.105635,Bellevue_150th_SE38th
6743,0.465043,0.031437,0.02375,0.734828,0.10955,0.040357,Bellevue_150th_SE38th
6744,0.532842,0.091684,0.029352,0.651278,0.00271,0.070317,Bellevue_150th_SE38th
6745,0.498426,0.075851,0.020441,0.559974,0.03504,0.095595,Bellevue_150th_SE38th
6746,0.457692,0.061123,0.020397,0.661667,-0.022222,0.166667,Bellevue_150th_SE38th
6747,0.386001,-0.000267,0.014652,0.45,0.111111,0.0,Bellevue_150th_SE38th
6748,0.261062,-0.036783,0.005856,0.681676,0.070544,0.147807,Bellevue_150th_SE38th
6749,0.424697,0.01693,0.017413,0.791667,0.08,0.2,Bellevue_150th_SE38th
6750,0.401276,0.004934,0.016788,0.80914,0.102381,0.156997,Bellevue_150th_SE38th
6751,0.455568,0.04545,0.024198,0.660833,0.114709,0.116706,Bellevue_150th_SE38th
6752,0.384779,0.010637,0.015631,0.605516,0.111429,0.030595,Bellevue_150th_SE38th
6753,0.450816,0.030784,0.022299,0.630233,0.061923,0.073206,Bellevue_150th_SE38th
6754,0.399477,0.006467,0.018384,0.840754,0.196032,0.154087,Bellevue_150th_SE38th
6755,0.451462,0.029121,0.024153,0.594354,0.108943,0.088203,Bellevue_150th_SE38th
6756,0.47595,0.061482,0.017826,0.654391,0.181693,0.118399,Bellevue_150th_SE38th
6757,0.437058,0.014255,0.019203,0.59122,0.05577,0.026285,Bellevue_150th_SE38th
6758,0.447908,0.029609,0.020872,0.562685,0.027447,0.113452,Bellevue_150th_SE38th
6759,0.420878,0.020282,0.014983,0.713439,0.105556,0.083188,Bellevue_150th_SE38th
6760,0.484615,0.052838,0.022533,0.628868,0.080614,0.073163,Bellevue_150th_SE38th
6761,0.476703,0.045702,0.026628,0.632399,0.023029,0.145534,Bellevue_150th_SE38th
6762,0.565843,0.111001,0.027297,0.695025,0.128151,0.140794,Bellevue_150th_SE38th
6763,0.594092,0.13002,0.038574,0.686546,0.166946,0.076512,Bellevue_150th_SE38th
6764,0.531503,0.094517,0.046776,0.568074,0.099777,0.098636,Bellevue_150th_SE38th
6765,0.46321,0.044659,0.01744,0.79168,0.043704,0.117844,Bellevue_150th_SE38th
6766,0.471986,0.033502,0.021495,0.630802,0.121589,0.062725,Bellevue_150th_SE38th
6767,0.419569,0.016887,0.018707,0.795794,0.033413,0.237778,Bellevue_150th_SE38th
6768,0.366449,-0.002108,0.013911,0.736092,0.077955,0.150756,Bellevue_150th_SE38th
6769,0.559989,0.120646,0.031434,0.513356,0.040391,0.139094,Bellevue_150th_SE38th
6770,0.480349,0.069008,0.023329,0.755507,0.058176,0.067055,Bellevue_150th_SE38th
6771,0.482037,0.048405,0.024445,0.672328,0.048016,0.100212,Bellevue_150th_SE38th
6772,0.431847,0.018681,0.021512,0.699308,0.02487,0.231649,Bellevue_150th_SE38th
6773,0.505261,0.066698,0.028617,0.782661,0.101711,0.13227,Bellevue_150th_SE38th
6774,0.513924,0.090397,0.022958,0.740077,0.09121,0.074724,Bellevue_150th_SE38th
6775,0.338305,-0.011393,0.010565,0.569444,0.052778,0.016667,Bellevue_150th_SE38th
6776,0.358643,-0.013025,0.012895,0.771032,0.074762,-0.014206,Bellevue_150th_SE38th
6777,0.425433,0.014748,0.021209,0.699031,0.085067,0.03537,Bellevue_150th_SE38th
6778,0.529921,0.101158,0.023546,0.703095,0.083056,0.063399,Bellevue_150th_SE38th
6779,0.456,0.071505,0.021997,0.626476,-0.001413,0.09349,Bellevue_150th_SE38th
6780,0.460914,0.039659,0.021192,0.568926,0.028903,0.101508,Bellevue_150th_SE38th
6781,0.50014,0.068213,0.03048,0.600041,0.155723,0.031905,Bellevue_150th_SE38th
6782,0.4287,0.021206,0.021884,0.713403,0.312912,-0.002567,Bellevue_150th_SE38th
6783,0.394847,0.015503,0.016548,0.754619,0.347788,0.065675,Bellevue_150th_SE38th
6784,0.406173,0.026331,0.017588,0.658045,0.074722,0.144196,Bellevue_150th_SE38th
6785,0.384886,-0.004776,0.014153,0.658518,0.01963,0.056825,Bellevue_150th_SE38th
6786,0.365207,-0.004716,0.01407,0.690556,0.056111,0.073611,Bellevue_150th_SE38th
6787,0.379949,0.001176,0.014141,0.745251,-0.011111,0.054669,Bellevue_150th_SE38th
6788,0.36619,0.003574,0.013912,0.687632,0.057394,0.017778,Bellevue_150th_SE38th
6789,0.390957,-0.000897,0.016333,0.641587,0.080079,0.072063,Bellevue_150th_SE38th
6790,0.36616,-0.010141,0.013926,0.634206,-0.011204,0.118598,Bellevue_150th_SE38th
6791,0.387659,0.009038,0.012525,0.631905,-0.004444,0.015873,Bellevue_150th_SE38th
6792,0.395162,0.004646,0.01483,0.612328,0.069206,0.047619,Bellevue_150th_SE38th
6793,0.509943,0.053615,0.027102,0.688195,0.125886,0.018677,Bellevue_150th_SE38th
6794,0.506375,0.068132,0.022176,0.660748,0.080041,0.073158,Bellevue_150th_SE38th
6795,0.457227,0.045188,0.014017,0.756825,0.170675,-0.000278,Bellevue_150th_SE38th
6796,0.419806,0.013004,0.01658,0.77746,0.222619,-0.03504,Bellevue_150th_SE38th
6797,0.392778,0.003823,0.016162,0.631389,0.049444,0.047619,Bellevue_150th_SE38th
6798,0.439057,0.037092,0.019939,0.727619,0.245317,0.095873,Bellevue_150th_SE38th
6799,0.430678,0.023341,0.012233,0.775631,0.289739,0.068081,Bellevue_150th_SE38th
6800,0.471421,0.04529,0.023816,0.575887,0.178957,0.083304,Bellevue_150th_SE38th
6801,0.461571,0.053796,0.025129,0.531702,0.050029,0.088399,Bellevue_150th_SE38th
6802,0.426376,0.038614,0.01445,0.794048,0.083095,0.128016,Bellevue_150th_SE38th
6803,0.368791,-0.008799,0.012849,0.674087,0.098095,0.068333,Bellevue_150th_SE38th
6804,0.51384,0.059443,0.029648,0.671622,0.173163,0.060095,Bellevue_150th_SE38th
6805,0.478595,0.068305,0.026002,0.773397,0.21847,0.142763,Bellevue_150th_SE38th
6806,0.522017,0.085034,0.034447,0.604943,0.060732,0.120389,Bellevue_150th_SE38th
6807,0.486875,0.069176,0.018533,0.666852,0.08078,0.17295,Bellevue_150th_SE38th
6808,0.503247,0.061837,0.026556,0.596065,0.072234,0.14178,Bellevue_150th_SE38th
6809,0.479341,0.051968,0.020713,0.584569,0.045064,0.128463,Bellevue_150th_SE38th
6810,0.41,0.014475,0.010971,0.706164,0.050688,0.074788,Bellevue_150th_SE38th
6811,0.459424,0.031117,0.022688,0.562392,0.041667,0.115173,Bellevue_150th_SE38th
6812,0.45055,0.024341,0.019475,0.634394,-0.011364,0.26351,Bellevue_150th_SE38th
6813,0.372355,0.003463,0.008697,0.459831,0.02854,0.105345,Bellevue_150th_SE38th
6814,0.441936,0.021874,0.022074,0.544548,0.057978,0.115043,Bellevue_150th_SE38th
6815,0.458256,0.039835,0.014733,0.699061,0.158307,0.071561,Bellevue_150th_SE38th
6816,0.491729,0.041843,0.026498,0.504504,0.094117,0.04967,Bellevue_150th_SE38th
6817,0.522812,0.08763,0.023044,0.453294,0.072167,0.063808,Bellevue_150th_SE38th
6818,0.523226,0.081453,0.024948,0.54918,0.033427,0.096225,Bellevue_150th_SE38th
6819,0.403446,0.005723,0.014305,0.801905,0.07,0.043056,Bellevue_150th_SE38th
6820,0.43598,0.020797,0.017285,0.663436,0.080017,0.065559,Bellevue_150th_SE38th
6821,0.402,0.019805,0.013684,0.853451,0.109513,0.063149,Bellevue_150th_SE38th
6822,0.429096,0.021382,0.018974,0.789362,0.046944,0.257054,Bellevue_150th_SE38th
6823,0.339392,-0.002059,0.0093,0.696164,-0.051058,0.309854,Bellevue_150th_SE38th
6824,0.343425,-0.00941,0.007262,0.787566,0.137672,0.074762,Bellevue_150th_SE38th
6825,0.401183,0.000355,0.017059,0.766121,0.034774,0.090887,Bellevue_150th_SE38th
6826,0.442191,0.037066,0.018792,0.586323,0.064352,0.111892,Bellevue_150th_SE38th
6827,0.485241,0.064259,0.015867,0.670194,0.012475,0.106007,Bellevue_150th_SE38th
6828,0.416301,0.022545,0.016209,0.597897,0.08996,0.066667,Bellevue_150th_SE38th
6829,0.470805,0.037926,0.024127,0.574537,0.112685,0.065489,Bellevue_150th_SE38th
6830,0.405266,0.015401,0.017819,0.576429,0.090979,0.048783,Bellevue_150th_SE38th
6831,0.511248,0.067881,0.028897,0.647383,0.183672,0.036813,Bellevue_150th_SE38th
6832,0.577431,0.115042,0.063048,0.684581,0.230922,0.087481,Bellevue_150th_SE38th
6833,0.463439,0.083678,0.027128,0.493159,0.070448,0.120197,Bellevue_150th_SE38th
6834,0.517679,0.083553,0.023561,0.697602,0.011785,0.135414,Bellevue_150th_SE38th
6835,0.374323,-0.006045,0.013711,0.405556,-0.033333,0.1,Bellevue_150th_SE38th
6836,0.327655,-0.012206,0.010713,0.519444,0.030556,0.011111,Bellevue_150th_SE38th
6837,0.286613,-0.025461,0.005801,0.384524,0.074762,0.047262,Bellevue_150th_SE38th
6838,0.394149,0.005228,0.015456,0.455556,0.0625,-0.005556,Bellevue_150th_SE38th
6839,0.358095,-0.011868,0.014706,0.383333,0.016667,0.05,Bellevue_150th_SE38th
6840,0.344918,-7.3e-05,0.010142,0.702765,0.093426,0.070225,Bellevue_150th_SE38th
6841,0.447108,0.032313,0.020452,0.773188,0.047672,0.081812,Bellevue_150th_SE38th
6842,0.444536,0.024464,0.020591,0.676713,0.122066,0.081203,Bellevue_150th_SE38th
6843,0.454423,0.032261,0.023443,0.664998,0.140987,0.049405,Bellevue_150th_SE38th
6844,0.402751,0.026182,0.013501,0.733686,0.092291,0.05959,Bellevue_150th_SE38th
6845,0.429709,0.024488,0.016944,0.668274,0.089815,0.073308,Bellevue_150th_SE38th
6846,0.517853,0.074245,0.035292,0.470741,0.080627,0.074153,Bellevue_150th_SE38th
6847,0.548135,0.105404,0.043653,0.610874,-0.022861,0.120366,Bellevue_150th_SE38th
6848,0.371928,0.00617,0.009054,0.666825,-0.021627,0.064683,Bellevue_150th_SE38th
6849,0.32425,-0.007311,0.008805,0.797222,0.073333,0.205556,Bellevue_150th_SE38th
6850,0.403272,0.001287,0.015844,0.459286,0.104127,-0.045,Bellevue_150th_SE38th
6851,0.418622,0.013009,0.018448,0.609537,0.13295,0.028677,Bellevue_150th_SE38th
6852,0.453622,0.036851,0.022437,0.661984,0.05246,0.148175,Bellevue_150th_SE38th
6853,0.399839,0.017742,0.012595,0.53,0.04537,0.074259,Bellevue_150th_SE38th
6854,0.496576,0.05463,0.027131,0.629376,0.092841,0.09272,Bellevue_150th_SE38th
6855,0.460438,0.047401,0.01822,0.843373,0.209114,0.101177,Bellevue_150th_SE38th
6856,0.519911,0.08305,0.031268,0.715333,0.073604,0.225998,Bellevue_150th_SE38th
6857,0.435593,0.065268,0.014343,0.54328,0.078995,0.146323,Bellevue_150th_SE38th
6858,0.367169,-0.002287,0.011905,0.516667,0.088889,0.027778,Bellevue_150th_SE38th
6859,0.369843,-0.009028,0.013916,0.612778,-0.017778,0.051111,Bellevue_150th_SE38th
6860,0.436516,0.036892,0.016777,0.631667,0.006667,0.098333,Bellevue_150th_SE38th
6861,0.492182,0.05055,0.026133,0.638864,0.058005,0.151111,Bellevue_150th_SE38th
6862,0.518029,0.069719,0.023782,0.402088,0.011827,0.097778,Bellevue_150th_SE38th
6863,0.422723,0.015915,0.018863,0.527937,0.056045,0.075886,Bellevue_150th_SE38th
6864,0.50592,0.067628,0.037481,0.568333,0.020873,0.111111,Bellevue_150th_SE38th
6865,0.391738,0.010566,0.010009,0.525555,0.05,0.155556,Bellevue_150th_SE38th
6866,0.395992,-0.00382,0.016554,0.493333,0.027778,0.019444,Bellevue_150th_SE38th
6867,0.42435,0.02496,0.018491,0.771508,0.202738,0.094167,Bellevue_150th_SE38th
6868,0.41913,0.014798,0.019916,0.612333,0.17445,0.120422,Bellevue_150th_SE38th
6869,0.490312,0.070877,0.022477,0.664564,0.029048,0.132354,Bellevue_150th_SE38th
6870,0.357349,-0.007501,0.010521,0.316667,0.133333,0.033333,Bellevue_150th_SE38th
6871,0.350621,-0.008249,0.010995,0.425,0.05,0.0,Bellevue_150th_SE38th
6872,0.334677,-0.004969,0.010198,0.53455,0.040503,0.079339,Bellevue_150th_SE38th
6873,0.491318,0.056258,0.024769,0.924815,-0.00463,0.082778,Bellevue_150th_SE38th
6874,0.402561,0.019736,0.016426,0.758544,0.12322,0.080177,Bellevue_150th_SE38th
6875,0.537568,0.075998,0.035848,0.440403,0.112398,0.010727,Bellevue_150th_SE38th
6876,0.463364,0.058598,0.025204,0.502934,0.176946,0.036033,Bellevue_150th_SE38th
6877,0.457341,0.038638,0.023457,0.553276,0.018576,0.106697,Bellevue_150th_SE38th
6878,0.383994,0.005264,0.012439,0.584325,0.077222,0.001508,Bellevue_150th_SE38th
6879,0.395293,0.014382,0.015517,0.670595,-0.013333,0.044405,Bellevue_150th_SE38th
6880,0.380716,0.000125,0.015347,0.487222,0.046111,0.073889,Bellevue_150th_SE38th
6881,0.373644,-0.000663,0.01368,0.583333,0.0,0.036111,Bellevue_150th_SE38th
6882,0.345233,-0.005466,0.011727,0.670556,0.025,0.134444,Bellevue_150th_SE38th
6883,0.482217,0.05609,0.024108,0.639444,0.030556,0.070556,Bellevue_150th_SE38th
6884,0.464047,0.046546,0.019591,0.718175,0.143571,0.135,Bellevue_150th_SE38th
6885,0.424826,0.020976,0.01651,0.472645,0.082937,0.032672,Bellevue_150th_SE38th
6886,0.402192,0.005844,0.017709,0.623519,0.067593,0.111667,Bellevue_150th_SE38th
6887,0.507855,0.069065,0.028541,0.676479,0.143469,0.123069,Bellevue_150th_SE38th
6888,0.416439,0.025987,0.011484,0.668651,0.121825,0.140397,Bellevue_150th_SE38th
6889,0.428065,0.040652,0.017926,0.490714,0.001905,0.107302,Bellevue_150th_SE38th
6890,0.402437,0.0178,0.010333,0.263889,0.1,0.0,Bellevue_150th_SE38th
6891,0.367105,-0.009855,0.015399,0.471111,0.033333,0.086111,Bellevue_150th_SE38th
6892,0.453336,0.06132,0.024202,0.567778,0.069444,0.089444,Bellevue_150th_SE38th
6893,0.388428,-0.002368,0.015476,0.516667,0.111111,0.063889,Bellevue_150th_SE38th
6894,0.385115,0.001301,0.015062,0.53746,0.088095,-0.025794,Bellevue_150th_SE38th
6895,0.425722,0.017633,0.020322,0.500635,0.134524,-0.050317,Bellevue_150th_SE38th
6896,0.427915,0.026657,0.020183,0.53544,0.063176,0.110002,Bellevue_150th_SE38th
6897,0.549391,0.124032,0.031198,0.464048,-0.11602,0.301116,Bellevue_150th_SE38th
6898,0.466602,0.061377,0.025023,0.679643,-0.095079,0.223214,Bellevue_150th_SE38th
6899,0.462867,0.044454,0.023172,0.708333,0.026111,0.018333,Bellevue_150th_SE38th
6900,0.364485,-0.000357,0.013686,0.619802,0.053175,0.064206,Bellevue_150th_SE38th
6901,0.453167,0.05362,0.017456,0.635873,0.058889,0.184286,Bellevue_150th_SE38th
6902,0.387454,0.000793,0.012936,0.59,0.05,0.156667,Bellevue_150th_SE38th
6903,0.360035,-0.00369,0.012208,0.416667,0.177778,0.036111,Bellevue_150th_SE38th
6904,0.40001,0.009015,0.017562,0.627222,0.109444,0.09,Bellevue_150th_SE38th
6905,0.37603,-0.000801,0.012875,0.519444,0.108333,0.055556,Bellevue_150th_SE38th
6906,0.450626,0.029165,0.019657,0.585339,0.021774,0.224829,Bellevue_150th_SE38th
6907,0.517178,0.081924,0.020735,0.615538,0.141205,0.028373,Bellevue_150th_SE38th
6908,0.408311,0.015384,0.017634,0.565794,0.075317,0.050556,Bellevue_150th_SE38th
6909,0.382402,0.001696,0.015296,0.632222,0.056667,0.092778,Bellevue_150th_SE38th
6910,0.44088,0.031466,0.020128,0.656667,0.06,0.083889,Bellevue_150th_SE38th
6911,0.379967,0.001811,0.014716,0.495397,0.132857,0.033651,Bellevue_150th_SE38th
6912,0.455365,0.03353,0.023029,0.471667,0.118585,0.040992,Bellevue_150th_SE38th
6913,0.431173,0.045612,0.015991,0.532937,-0.018796,0.14578,Bellevue_150th_SE38th
6914,0.346388,-0.011731,0.011033,0.414127,0.011984,0.111667,Bellevue_150th_SE38th
6915,0.444318,0.032382,0.013851,0.727143,0.146825,0.125476,Bellevue_150th_SE38th
6916,0.375834,-0.003345,0.01403,0.615873,0.192936,0.080556,Bellevue_150th_SE38th
6917,0.402061,0.011958,0.01522,0.613889,-0.097222,0.119444,Bellevue_150th_SE38th
6918,0.433623,0.02331,0.01834,0.705622,0.159365,-0.008294,Bellevue_150th_SE38th
6919,0.534902,0.099197,0.034359,0.568587,0.128685,0.060146,Bellevue_150th_SE38th
6920,0.484077,0.076517,0.024059,0.566111,0.142936,0.034074,Bellevue_150th_SE38th
6921,0.395066,0.016592,0.019152,0.497143,0.101865,0.070278,Bellevue_150th_SE38th
6922,0.472231,0.045966,0.023037,0.390238,0.053095,0.055794,Bellevue_150th_SE38th
6923,0.394741,0.008374,0.015566,0.574365,0.039762,0.169444,Bellevue_150th_SE38th
6924,0.438423,0.033537,0.019405,0.695185,0.032728,0.130164,Bellevue_150th_SE38th
6925,0.394102,0.006887,0.016688,0.665606,0.03754,0.063889,Bellevue_150th_SE38th
6926,0.45677,0.048344,0.023243,0.635318,0.104921,0.057738,Bellevue_150th_SE38th
6927,0.391136,0.024679,0.010012,0.525,0.0,0.030556,Bellevue_150th_SE38th
6928,0.24325,-0.026465,0.004428,0.611667,-0.063889,0.197222,Bellevue_150th_SE38th
6929,0.291615,-0.028657,0.007758,0.305556,0.016667,0.083333,Bellevue_150th_SE38th
6930,0.356275,-0.010441,0.011447,0.497222,-0.016667,0.127778,Bellevue_150th_SE38th
6931,0.406885,0.018661,0.015052,0.4,0.0,0.0,Bellevue_150th_SE38th
6932,0.250229,-0.02399,0.004326,0.659722,0.051667,0.128254,Bellevue_150th_SE38th
6933,0.509303,0.074278,0.022316,0.665079,0.060317,0.044841,Bellevue_150th_SE38th
6934,0.42087,0.011722,0.017247,0.681534,0.046243,0.071706,Bellevue_150th_SE38th
6935,0.400882,0.00632,0.016874,0.599255,0.096827,0.049602,Bellevue_150th_SE38th
6936,0.533605,0.105349,0.023686,0.5625,0.040399,0.098018,Bellevue_150th_SE38th
6937,0.485468,0.082757,0.021725,0.883426,0.036111,0.058333,Bellevue_150th_SE38th
6938,0.399049,0.020336,0.016881,0.715029,0.237553,0.140508,Bellevue_150th_SE38th
6939,0.491962,0.056147,0.027091,0.885648,0.182222,0.3325,Bellevue_150th_SE38th
6940,0.373156,-0.002442,0.015186,0.536111,-0.0,0.141667,Bellevue_150th_SE38th
6941,0.388514,-0.001052,0.015873,0.698188,0.009444,0.109563,Bellevue_150th_SE38th
6942,0.472664,0.057128,0.024365,0.635675,0.007817,0.096071,Bellevue_150th_SE38th
6943,0.397797,0.006345,0.016714,0.645555,0.070317,0.062698,Bellevue_150th_SE38th
6944,0.545239,0.096265,0.034241,0.525569,0.109987,0.110873,Bellevue_150th_SE38th
6945,0.487839,0.069063,0.022765,0.643889,0.113889,0.167778,Bellevue_150th_SE38th
6946,0.415552,0.017312,0.014495,0.488889,0.011111,0.15,Bellevue_150th_SE38th
6947,0.39892,0.009638,0.013865,0.527778,0.133333,0.05,Bellevue_150th_SE38th
6948,0.327584,-0.006191,0.009447,0.372222,-0.025,0.161111,Bellevue_150th_SE38th
6949,0.366876,4e-06,0.013036,0.573095,0.114405,0.225714,Bellevue_150th_SE38th
6950,0.441686,0.026271,0.018633,0.318611,-0.011111,0.048611,Bellevue_150th_SE38th
6951,0.377245,-0.007408,0.014092,0.55,-0.000556,0.078333,Bellevue_150th_SE38th
6952,0.445516,0.046308,0.013772,0.584643,0.041667,0.026111,Bellevue_150th_SE38th
6953,0.482642,0.088845,0.024355,0.534529,0.035594,0.048093,Bellevue_150th_SE38th
6954,0.48158,0.080501,0.01749,0.798016,0.035556,0.101984,Bellevue_150th_SE38th
6955,0.463636,0.046276,0.02289,0.47504,0.065833,0.036005,Bellevue_150th_SE38th
6956,0.392309,0.005082,0.016993,0.651627,0.127817,0.006111,Bellevue_150th_SE38th
6957,0.42881,0.02924,0.022242,0.599841,0.043333,0.071984,Bellevue_150th_SE38th
6958,0.450545,0.046886,0.017859,0.788413,0.115397,0.020079,Bellevue_150th_SE38th
6959,0.389951,0.006055,0.01655,0.645461,0.021389,0.046786,Bellevue_150th_SE38th
6960,0.446953,0.029541,0.021566,0.520304,-0.001058,0.087421,Bellevue_150th_SE38th
6961,0.490551,0.055623,0.024334,0.588995,0.239206,-0.075556,Bellevue_150th_SE38th
6962,0.388314,0.001263,0.015354,0.856071,0.144444,0.215,Bellevue_150th_SE38th
6963,0.506943,0.08062,0.032105,0.509365,0.026799,0.096746,Bellevue_150th_SE38th
6964,0.444218,0.033394,0.013361,0.394444,-0.011111,0.027778,Bellevue_150th_SE38th
6965,0.443622,0.02774,0.017335,0.476204,-0.041481,0.100926,Bellevue_150th_SE38th
6966,0.432446,0.037863,0.012507,0.881349,0.05,0.368651,Bellevue_150th_SE38th
6967,0.378917,0.00229,0.015707,0.649444,0.012222,0.084444,Bellevue_150th_SE38th
6968,0.453611,0.039123,0.020092,0.595397,0.031667,0.068889,Bellevue_150th_SE38th
6969,0.398007,0.016128,0.01751,0.53631,0.008611,0.099167,Bellevue_150th_SE38th
6970,0.400053,0.015571,0.015385,0.528571,-0.111111,0.088095,Bellevue_150th_SE38th
6971,0.355739,-0.010354,0.011753,0.547778,-0.046667,0.184444,Bellevue_150th_SE38th
6972,0.425058,0.026771,0.016025,0.482222,0.066667,0.038889,Bellevue_150th_SE38th
6973,0.373837,-0.00272,0.013594,0.433333,-0.033333,0.1,Bellevue_150th_SE38th
6974,0.422406,0.019074,0.016668,0.482143,0.063333,0.067619,Bellevue_150th_SE38th
6975,0.398967,0.001938,0.01352,0.473175,-0.003571,0.246984,Bellevue_150th_SE38th
6976,0.430918,0.027923,0.021156,0.542471,0.068639,0.099341,Bellevue_150th_SE38th
6977,0.381411,0.005154,0.012664,0.683333,0.008333,0.141667,Bellevue_150th_SE38th
6978,0.385914,-5e-06,0.01491,0.595,0.123889,0.123333,Bellevue_150th_SE38th
6979,0.448656,0.031876,0.021093,0.806111,0.391111,0.056667,Bellevue_150th_SE38th
6980,0.397149,0.017221,0.017603,0.707897,0.142778,0.154722,Bellevue_150th_SE38th
6981,0.445143,0.038197,0.017985,0.738056,0.096508,0.259444,Bellevue_150th_SE38th
6982,0.465092,0.047476,0.026654,0.599367,0.115647,0.080717,Bellevue_150th_SE38th
6983,0.496528,0.06797,0.021262,0.505384,0.094815,0.054907,Bellevue_150th_SE38th
6984,0.426234,0.018179,0.018249,0.718439,0.098095,0.060833,Bellevue_150th_SE38th
6985,0.402043,0.012608,0.016467,0.682725,0.107011,0.053598,Bellevue_150th_SE38th
6986,0.443631,0.03414,0.02354,0.555873,0.044815,0.019339,Bellevue_150th_SE38th
6987,0.374497,-0.000293,0.014383,0.638889,0.111111,0.097222,Bellevue_150th_SE38th
6988,0.362886,-0.004232,0.013196,0.2,0.0,0.0,Bellevue_150th_SE38th
6989,0.379765,-0.001993,0.015957,0.629788,0.168889,0.025542,Bellevue_150th_SE38th
6990,0.446167,0.033879,0.021424,0.75582,-0.033479,0.197791,Bellevue_150th_SE38th
6991,0.386646,0.001044,0.017597,0.591508,0.092778,0.088333,Bellevue_150th_SE38th
6992,0.416608,0.027102,0.016999,0.663095,0.038333,0.075317,Bellevue_150th_SE38th
6993,0.387327,0.003032,0.015387,0.465516,0.062778,0.0425,Bellevue_150th_SE38th
6994,0.42531,0.029015,0.019965,0.553968,0.049444,0.0575,Bellevue_150th_SE38th
6995,0.510243,0.081889,0.029947,0.72,0.094444,0.158333,Bellevue_150th_SE38th
6996,0.370568,0.00063,0.012953,0.71496,0.011111,0.020833,Bellevue_150th_SE38th
6997,0.435705,0.036714,0.020974,0.701667,0.067778,0.016667,Bellevue_150th_SE38th
6998,0.42017,0.021267,0.016453,0.69254,0.004683,0.019524,Bellevue_150th_SE38th
6999,0.410065,0.016262,0.016831,0.665556,0.094444,0.160556,Bellevue_150th_SE38th
7000,0.501597,0.082094,0.027008,0.579683,0.027778,0.10254,Bellevue_150th_SE38th
7001,0.37451,-0.001804,0.012613,0.570913,0.024722,0.036349,Bellevue_150th_SE38th
7002,0.539236,0.084531,0.028563,0.697103,0.14004,0.11254,Bellevue_150th_SE38th
7003,0.446137,0.047131,0.01436,0.765159,0.097222,0.064206,Bellevue_150th_SE38th
7004,0.415105,0.029736,0.022603,0.59127,0.034656,0.061204,Bellevue_150th_SE38th
7005,0.438256,0.040468,0.020856,0.653889,0.039444,0.101667,Bellevue_150th_SE38th
7006,0.402147,0.00477,0.016639,0.613968,0.073095,0.097778,Bellevue_150th_SE38th
7007,0.436052,0.029816,0.019205,0.603254,0.186667,0.053373,Bellevue_150th_SE38th
7008,0.38037,0.027271,0.018257,0.486111,-0.008333,0.088889,Bellevue_150th_SE38th
7009,0.242294,-0.025853,0.004688,0.2,0.0,0.0,Bellevue_150th_SE38th
7010,0.348375,-0.011925,0.012203,0.066667,0.0,0.0,Bellevue_150th_SE38th
7011,0.239335,-0.02605,0.004396,0.4,0.033333,0.033333,Bellevue_150th_SE38th
7012,0.386701,0.008185,0.015651,0.58211,0.059657,0.077327,Bellevue_150th_SE38th
7013,0.366089,-0.005337,0.012655,0.387183,0.083413,0.02254,Bellevue_150th_SE38th
7014,0.396251,0.008898,0.017426,0.515079,0.01172,0.140952,Bellevue_150th_SE38th
7015,0.35901,-0.006766,0.013422,0.693214,0.143175,0.019167,Bellevue_150th_SE38th
7016,0.379903,-0.000308,0.015438,0.603571,0.05,0.130556,Bellevue_150th_SE38th
7017,0.374279,-0.000113,0.014606,0.465,0.036667,0.072222,Bellevue_150th_SE38th
7018,0.339822,-0.004516,0.008197,0.366667,0.133333,-0.066667,Bellevue_150th_SE38th
7019,0.353036,-0.006429,0.012403,0.690357,0.016389,0.112857,Bellevue_150th_SE38th
7020,0.369249,-0.004989,0.014947,0.716984,0.018651,0.114206,Bellevue_150th_SE38th
7021,0.403906,0.023745,0.0148,0.352778,-0.119444,0.088889,Bellevue_150th_SE38th
7022,0.351195,-0.005907,0.012966,0.587778,0.05,0.105556,Bellevue_150th_SE38th
7023,0.396135,0.02395,0.019245,0.266667,-0.033333,0.033333,Bellevue_150th_SE38th
7024,0.277558,-0.022704,0.006428,0.522222,0.016667,0.077778,Bellevue_150th_SE38th
7025,0.372766,0.002267,0.012908,0.479444,0.115317,-0.031667,Bellevue_150th_SE38th
7026,0.36265,0.004445,0.01584,0.432222,0.038889,0.077778,Bellevue_150th_SE38th
7027,0.474573,0.056751,0.024743,0.606865,0.192897,0.069087,Bellevue_150th_SE38th
7028,0.370289,0.003735,0.013135,0.476667,0.055556,0.016667,Bellevue_150th_SE38th
7029,0.445532,0.056836,0.02719,0.62706,0.091785,0.078255,Bellevue_150th_SE38th
7030,0.482892,0.061629,0.021576,0.567614,0.08099,0.109259,Bellevue_150th_SE38th
7031,0.378717,0.005658,0.016917,0.594365,0.007222,0.018889,Bellevue_150th_SE38th
7032,0.35965,-3.8e-05,0.015221,0.589881,0.003611,0.087302,Bellevue_150th_SE38th
7033,0.369336,-0.00218,0.014555,0.696111,0.111111,0.347222,Bellevue_150th_SE38th
7034,0.342333,-0.006804,0.012941,0.583333,0.066667,0.15,Bellevue_150th_SE38th
7035,0.468221,0.064132,0.025438,0.388889,-0.033333,0.033333,Bellevue_150th_SE38th
7036,0.352878,0.034825,0.018218,0.543889,0.006667,0.059444,Bellevue_150th_SE38th
7037,0.378307,-0.003091,0.015861,0.610556,0.096111,0.013333,Bellevue_150th_SE38th
7038,0.404122,0.021653,0.018181,0.461667,0.06,0.011111,Bellevue_150th_SE38th
7039,0.478008,0.097065,0.02447,0.527222,-0.024444,0.166667,Bellevue_150th_SE38th
7040,0.36271,0.000697,0.012356,0.466667,0.072222,0.077778,Bellevue_150th_SE38th
7041,0.408237,0.018298,0.016762,0.52,0.027778,0.055,Bellevue_150th_SE38th
7042,0.452063,0.044112,0.020689,0.668452,0.01004,0.054246,Bellevue_150th_SE38th
7043,0.46468,0.045403,0.023544,0.568452,0.079167,0.05004,Bellevue_150th_SE38th
7044,0.444826,0.045936,0.023482,0.507183,0.058929,0.069444,Bellevue_150th_SE38th
7045,0.337932,-0.006153,0.011262,0.388889,0.0,-0.016667,Bellevue_150th_SE38th
7046,0.310843,-0.00826,0.009171,0.377778,0.033333,0.1,Bellevue_150th_SE38th
7047,0.471352,0.042665,0.025989,0.533333,0.105556,0.102778,Bellevue_150th_SE38th
7048,0.375899,-0.007601,0.014729,0.546627,0.008929,0.020833,Bellevue_150th_SE38th
7049,0.379996,-0.000283,0.017071,0.668201,0.06,0.062778,Bellevue_150th_SE38th
7050,0.42597,0.029588,0.017511,0.458333,0.072222,0.088889,Bellevue_150th_SE38th
7051,0.343609,-0.005945,0.011816,0.575,0.016667,0.05,Bellevue_150th_SE38th
7052,0.345621,-0.011155,0.01217,0.494444,-0.05,0.066667,Bellevue_150th_SE38th
7053,0.338398,-0.003948,0.012093,0.597698,0.024206,0.125556,Bellevue_150th_SE38th
7054,0.455471,0.049046,0.01624,0.521111,-0.05,0.178889,Bellevue_150th_SE38th
7055,0.454772,0.050795,0.019809,0.64504,0.136984,0.028889,Bellevue_150th_SE38th
7056,0.448726,0.032324,0.021011,0.459722,0.039444,0.099722,Bellevue_150th_SE38th
7057,0.354211,-0.008794,0.011356,0.591667,0.044444,0.086111,Bellevue_150th_SE38th
7058,0.442228,0.036621,0.016066,0.394444,0.088889,0.102222,Bellevue_150th_SE38th
7059,0.361343,0.000389,0.011396,0.625,0.105556,0.05,Bellevue_150th_SE38th
7060,0.44402,0.030031,0.021256,0.611667,0.044444,0.141667,Bellevue_150th_SE38th
7061,0.355331,0.00263,0.011668,0.547222,0.036111,0.022222,Bellevue_150th_SE38th
7062,0.43225,0.056706,0.022019,0.729444,0.077778,0.128889,Bellevue_150th_SE38th
7063,0.344382,0.006615,0.014986,0.521944,0.043889,0.061111,Bellevue_150th_SE38th
7064,0.386706,0.004996,0.015345,0.597143,-0.025,0.086111,Bellevue_150th_SE38th
7065,0.37581,-0.003763,0.014336,0.483333,-0.083333,0.083333,Bellevue_150th_SE38th
7066,0.398433,0.010033,0.015999,0.571111,0.022222,0.052778,Bellevue_150th_SE38th
7067,0.399224,0.022943,0.017852,0.647698,0.083095,0.037222,Bellevue_150th_SE38th
7068,0.387246,0.005721,0.016455,0.604722,-0.005556,0.156944,Bellevue_150th_SE38th
7069,0.380618,-0.001892,0.01487,0.616667,0.05,0.05,Bellevue_150th_SE38th
7070,0.335464,-0.009777,0.01019,0.817222,0.19,0.081667,Bellevue_150th_SE38th
7071,0.369655,-0.006508,0.014438,0.655556,0.044444,0.144444,Bellevue_150th_SE38th
7072,0.312601,-0.009715,0.00915,0.3,0.0,0.0,Bellevue_150th_SE38th
7073,0.353195,-0.011812,0.011271,0.461111,0.022222,0.111111,Bellevue_150th_SE38th
7074,0.373605,-0.004157,0.013574,0.506111,0.001667,0.026111,Bellevue_150th_SE38th
7075,0.428945,0.026706,0.019283,0.616111,0.095556,0.162222,Bellevue_150th_SE38th
7076,0.343136,-0.00873,0.010017,0.442222,-0.016667,0.05,Bellevue_150th_SE38th
7077,0.343406,-0.012996,0.011126,0.62119,0.201429,-0.010317,Bellevue_150th_SE38th
7078,0.388433,0.000862,0.016177,0.668254,0.041429,0.113651,Bellevue_150th_SE38th
7079,0.388081,0.003532,0.01456,0.556944,0.031111,0.116667,Bellevue_150th_SE38th
7080,0.391375,0.000308,0.015835,0.791667,0.033333,0.016667,Bellevue_150th_SE38th
7081,0.417841,0.021593,0.019055,0.694775,0.153056,0.074603,Bellevue_150th_SE38th
7082,0.458093,0.045428,0.023967,0.503413,0.10119,0.071429,Bellevue_150th_SE38th
7083,0.522522,0.08424,0.033454,0.688227,0.207989,0.069524,Bellevue_150th_SE38th
7084,0.403672,0.035127,0.021958,0.58798,0.113188,0.086089,Bellevue_150th_SE38th
7085,0.489734,0.087439,0.026848,0.694392,0.086164,0.087288,Bellevue_150th_SE38th
7086,0.406375,0.008805,0.01734,0.697619,0.039444,-0.015,Bellevue_150th_SE38th
7087,0.385219,0.011312,0.015076,0.5,0.0,0.0,Bellevue_150th_SE38th
7088,0.252431,-0.029411,0.00567,0.49381,0.022222,0.147222,Bellevue_150th_SE38th
7089,0.363768,-0.011544,0.013814,0.4,0.0,0.0,Bellevue_150th_SE38th
7090,0.240666,-0.027162,0.004498,0.35,0.033333,0.0,Bellevue_150th_SE38th
7091,0.295541,-0.012807,0.00731,0.533333,0.083333,0.033333,Bellevue_150th_SE38th
7092,0.239038,-0.027773,0.00454,0.55,0.116667,0.027778,Bellevue_150th_SE38th
7093,0.376434,-0.002171,0.014877,0.533333,0.0,0.144444,Bellevue_150th_SE38th
7094,0.388043,0.014792,0.009526,0.616111,-0.058333,0.08,Bellevue_150th_SE38th
7095,0.393051,0.004785,0.015491,0.477778,0.038889,0.0,Bellevue_150th_SE38th
7096,0.238409,-0.028565,0.004555,0.394444,0.1,0.1,Bellevue_150th_SE38th
7097,0.341201,-0.011916,0.010971,0.372222,-0.027778,0.044444,Bellevue_150th_SE38th
7098,0.322707,-0.004274,0.008756,0.525,0.027778,0.055556,Bellevue_150th_SE38th
7099,0.398351,0.009347,0.016909,0.521958,0.045741,0.134021,Bellevue_150th_SE38th
7100,0.467086,0.044987,0.021657,0.742791,0.220741,0.04623,Bellevue_150th_SE38th
7101,0.469339,0.066725,0.019837,0.674325,0.175635,0.001984,Bellevue_150th_SE38th
7102,0.384109,0.032374,0.016211,0.556905,0.083333,0.016667,Bellevue_150th_SE38th
7103,0.357464,-0.007487,0.013728,0.599151,0.121178,-0.008321,Bellevue_150th_SE38th
7104,0.402264,0.014717,0.018903,0.694444,0.161111,0.108333,Bellevue_150th_SE38th
7105,0.349992,-0.008307,0.012599,0.477778,0.133333,0.005556,Bellevue_150th_SE38th
7106,0.380223,0.00599,0.01649,0.405556,0.044444,0.041667,Bellevue_150th_SE38th
7107,0.263813,-0.028958,0.006446,0.556905,0.013095,0.160556,Bellevue_150th_SE38th
7108,0.353381,-0.004693,0.012763,0.490556,-0.035,0.008333,Bellevue_150th_SE38th
7109,0.359321,-0.003626,0.012927,0.311111,0.033333,-0.016667,Bellevue_150th_SE38th
7110,0.242529,-0.028883,0.005226,0.471667,0.135,0.066111,Bellevue_150th_SE38th
7111,0.367581,-0.005811,0.012868,0.445,0.0,0.1,Bellevue_150th_SE38th
7112,0.245479,-0.028979,0.005234,0.4,0.033333,0.05,Bellevue_150th_SE38th
7113,0.399003,0.008247,0.01428,0.755913,0.054206,0.008333,Bellevue_150th_SE38th
7114,0.384142,0.001542,0.013899,0.606508,0.048651,0.022222,Bellevue_150th_SE38th
7115,0.406103,0.021633,0.014533,0.358889,0.0,0.084444,Bellevue_150th_SE38th
7116,0.238426,-0.028405,0.004345,0.233333,0.0,0.0,Bellevue_150th_SE38th
7117,0.271905,-0.018362,0.005793,0.629127,0.163889,0.011508,Bellevue_150th_SE38th
7118,0.355185,-0.000227,0.014058,0.615556,0.033333,0.072222,Bellevue_150th_SE38th
7119,0.268217,-0.028949,0.007014,0.266667,0.033333,-0.016667,Bellevue_150th_SE38th
7120,0.354187,-0.00911,0.01221,0.643333,0.166667,-0.032222,Bellevue_150th_SE38th
7121,0.406989,0.00772,0.017385,0.621111,0.033333,0.155556,Bellevue_150th_SE38th
7122,0.374283,0.010723,0.009756,0.238889,-0.05,0.033333,Bellevue_150th_SE38th
7123,0.242931,-0.027565,0.005257,0.233333,0.0,0.0,Bellevue_150th_SE38th
7124,0.260436,-0.02864,0.005475,0.5,0.011111,0.038889,Bellevue_150th_SE38th
7125,0.354764,-0.004379,0.013385,0.455556,0.094444,0.083333,Bellevue_150th_SE38th
7126,0.364457,-0.003327,0.012352,0.602778,0.1,0.030556,Bellevue_150th_SE38th
7127,0.353563,-0.0052,0.011945,0.531667,-0.012222,0.131667,Bellevue_150th_SE38th
7128,0.387246,0.004858,0.017329,0.611111,0.066667,0.091667,Bellevue_150th_SE38th
7129,0.403644,0.004101,0.018014,0.556918,0.072222,-0.002407,Bellevue_150th_SE38th
7130,0.451867,0.044926,0.016948,0.635728,0.049854,0.0125,Bellevue_150th_SE38th
7131,0.364752,-0.001668,0.014958,0.469444,0.033333,0.036111,Bellevue_150th_SE38th
7132,0.243365,-0.027758,0.005313,0.266667,0.083333,0.0,Bellevue_150th_SE38th
7133,0.338296,-0.003724,0.009173,0.533333,0.083333,-0.083333,Bellevue_150th_SE38th
7134,0.259003,-0.022505,0.005719,0.650833,0.038889,0.063611,Bellevue_150th_SE38th
7135,0.427249,0.020282,0.018808,0.686349,0.113889,0.088095,Bellevue_150th_SE38th
7136,0.36429,-0.003769,0.01271,0.544444,0.041667,0.05,Bellevue_150th_SE38th
7137,0.356881,-0.008563,0.012536,0.680079,0.07627,0.015,Bellevue_150th_SE38th
7138,0.387258,0.00937,0.01586,0.728585,0.012963,0.005093,Bellevue_150th_SE38th
7139,0.372842,0.00737,0.014639,0.555556,-0.011111,0.094444,Bellevue_150th_SE38th
7140,0.382778,-0.003074,0.014436,0.591825,0.145317,-0.05,Bellevue_150th_SE38th
7141,0.344261,-0.002924,0.01299,0.558889,0.077778,0.056667,Bellevue_150th_SE38th
7142,0.348118,-0.013901,0.012615,0.461111,0.108333,0.066667,Bellevue_150th_SE38th
7143,0.363376,-0.00233,0.012373,0.648333,0.108333,0.037222,Bellevue_150th_SE38th
7144,0.322161,-0.017526,0.010001,0.266667,0.0,0.0,Bellevue_150th_SE38th
7145,0.285989,-0.016969,0.004565,0.519444,0.013889,0.033333,Bellevue_150th_SE38th
7146,0.372769,-0.002704,0.01542,0.233333,-0.072222,0.111111,Bellevue_150th_SE38th
7147,0.456539,0.036433,0.022416,0.333333,-0.05,0.233333,Bellevue_150th_SE38th
7148,0.354692,0.002359,0.011992,0.280556,-0.155556,0.186111,Bellevue_150th_SE38th
7149,0.370968,0.001125,0.014734,0.46,0.088889,-0.011111,Bellevue_150th_SE38th
7150,0.241003,-0.027635,0.004382,0.033333,0.0,0.0,Bellevue_150th_SE38th
7151,0.242527,-0.026572,0.00412,0.38,-0.030833,0.051389,Bellevue_150th_SE38th
7152,0.419533,0.025939,0.013806,0.305556,0.044444,-0.025,Bellevue_150th_SE38th
7153,0.262159,-0.026288,0.006425,0.433333,0.0,0.15,Bellevue_150th_SE38th
7154,0.333435,-0.01079,0.009216,0.658333,0.022222,0.105556,Bellevue_150th_SE38th
7155,0.37352,0.007403,0.01506,0.472222,0.033333,0.0,Bellevue_150th_SE38th
7156,0.293561,-0.011889,0.008299,0.383333,0.033333,0.05,Bellevue_150th_SE38th
7157,0.345655,-0.002707,0.01088,0.5,0.0,0.0,Bellevue_150th_SE38th
7158,0.240417,-0.02703,0.004145,0.5,0.0,0.0,Bellevue_150th_SE38th
7159,0.249104,-0.027622,0.004177,0.490556,-0.01,0.133333,Bellevue_150th_SE38th
7160,0.354384,-0.009291,0.012271,0.266667,0.0,0.0,Bellevue_150th_SE38th
7161,0.242481,-0.026594,0.004282,0.4,0.0,0.0,Bellevue_150th_SE38th
7162,0.240803,-0.027558,0.004039,0.333333,0.0,0.0,Bellevue_150th_SE38th
7163,0.337649,-0.009592,0.009313,0.555556,0.05,0.011111,Bellevue_150th_SE38th
7164,0.383714,6.1e-05,0.013685,0.588889,0.158333,0.088889,Bellevue_150th_SE38th
7165,0.417815,0.020409,0.012943,0.628889,0.206667,0.175556,Bellevue_150th_SE38th
7166,0.384631,0.002251,0.015943,0.258333,0.033333,-0.016667,Bellevue_150th_SE38th
7167,0.239182,-0.026869,0.004782,0.5,0.0,0.0,Bellevue_150th_SE38th
7168,0.24196,-0.026974,0.004041,0.477778,0.066667,0.033333,Bellevue_150th_SE38th
7169,0.325704,-0.009865,0.008301,0.46,0.066667,-0.01,Bellevue_150th_SE38th
7170,0.240524,-0.026525,0.005222,0.375,-0.033333,0.033333,Bellevue_150th_SE38th
7171,0.322182,-0.007919,0.008165,0.466667,0.133333,0.016667,Bellevue_150th_SE38th
7172,0.34111,-0.01114,0.011234,0.3,0.044444,-0.011111,Bellevue_150th_SE38th
7173,0.24517,-0.026852,0.00404,0.266667,0.0,0.0,Bellevue_150th_SE38th
7174,0.365247,-0.008823,0.013377,0.703016,0.038889,0.013889,Bellevue_150th_SE38th
7175,0.40888,0.021722,0.015732,0.7025,0.0,0.036111,Bellevue_150th_SE38th
7176,0.294092,-0.012602,0.00814,0.466667,0.0,0.0,Bellevue_150th_SE38th
7177,0.240384,-0.027882,0.003935,0.233333,0.0,0.0,Bellevue_150th_SE38th
7178,0.237703,-0.027636,0.004056,0.45,0.033333,0.066667,Bellevue_150th_SE38th
7179,0.293105,-0.027315,0.007633,0.266667,0.0,0.0,Bellevue_150th_SE38th
7180,0.365113,-0.009192,0.013552,0.322222,-0.016667,0.05,Bellevue_150th_SE38th
7181,0.403227,0.010215,0.015601,0.45,0.0,0.05,Bellevue_150th_SE38th
7182,0.359773,-0.008454,0.013609,0.366667,0.0,0.0,Bellevue_150th_SE38th
7183,0.246888,-0.029432,0.005196,0.533333,0.0,0.0,Bellevue_150th_SE38th
7184,0.242292,-0.028002,0.004696,0.383333,0.066667,0.033333,Bellevue_150th_SE38th
7185,0.349234,-0.014022,0.011823,0.1,0.0,0.0,Bellevue_150th_SE38th
7186,0.239881,-0.026698,0.004548,0.572222,0.088889,-0.027778,Bellevue_150th_SE38th
7187,0.394321,0.009306,0.015878,0.776664,0.080913,0.201774,Bellevue_150th_SE38th
7188,0.476501,0.058813,0.022287,0.511676,0.026165,0.071944,Bellevue_150th_SE38th
7189,0.403277,0.026542,0.012072,0.50381,0.012222,0.176111,Bellevue_150th_SE38th
7190,0.360121,-0.009252,0.013658,0.54246,0.03754,0.133095,Bellevue_150th_SE38th
7191,0.3879,0.006586,0.013943,0.630053,0.067923,0.062751,Bellevue_150th_SE38th
7192,0.379745,0.008578,0.015131,0.561349,-0.038889,0.091667,Bellevue_150th_SE38th
7193,0.345787,-0.012023,0.010587,0.233333,0.0,0.0,Bellevue_150th_SE38th
7194,0.24432,-0.027883,0.004143,0.433333,0.0,0.0,Bellevue_150th_SE38th
7195,0.350813,-0.013548,0.010466,0.388889,-0.044444,0.072222,Bellevue_150th_SE38th
7196,0.433388,0.02681,0.016485,0.288889,0.002778,0.025,Bellevue_150th_SE38th
7197,0.311567,-0.007442,0.009222,0.465847,0.065,0.005926,Bellevue_150th_SE38th
7198,0.370544,-0.007993,0.013748,0.355556,0.05,0.05,Bellevue_150th_SE38th
7199,0.316626,-0.011965,0.008816,0.413889,-0.038889,0.083333,Bellevue_150th_SE38th
7200,0.35103,-0.006188,0.010737,0.391667,-0.008333,0.025,Bellevue_150th_SE38th
7201,0.350365,-0.010224,0.012631,0.4,0.0,0.0,Bellevue_150th_SE38th
7202,0.37269,0.003077,0.012364,0.75631,0.162222,-0.022222,Bellevue_150th_SE38th
7203,0.354764,-0.004246,0.011816,0.662751,0.0,0.06037,Bellevue_150th_SE38th
7204,0.336615,-0.006342,0.011439,0.277778,0.016667,0.061111,Bellevue_150th_SE38th
7205,0.375966,-0.00015,0.014196,0.603333,0.078889,0.148333,Bellevue_150th_SE38th
7206,0.334353,-0.011654,0.009953,0.433333,0.0,0.0,Bellevue_150th_SE38th
7207,0.356024,0.001267,0.011229,0.533333,-0.033333,0.0,Bellevue_150th_SE38th
7208,0.24535,-0.027776,0.004189,0.2,0.0,0.0,Bellevue_150th_SE38th
7209,0.378709,0.011352,0.011161,0.773889,0.025,0.041667,Bellevue_150th_SE38th
7210,0.464827,0.037963,0.022555,0.691349,0.036667,0.144762,Bellevue_150th_SE38th
7211,0.370594,0.011468,0.012776,0.618016,0.002778,0.005556,Bellevue_150th_SE38th
7212,0.372231,0.009326,0.014661,0.582222,0.1,0.033333,Bellevue_150th_SE38th
7213,0.341523,-0.011342,0.010551,0.433333,0.066667,-0.066667,Bellevue_150th_SE38th
7214,0.349061,-0.010121,0.011039,0.216667,0.033333,0.0,Bellevue_150th_SE38th
7215,0.247834,-0.023279,0.006123,0.416667,0.077778,0.033333,Bellevue_150th_SE38th
7216,0.239979,-0.027685,0.004708,0.166667,0.0,0.0,Bellevue_150th_SE38th
7217,0.241136,-0.027215,0.00409,0.3,0.0,0.0,Bellevue_150th_SE38th
7218,0.241869,-0.028334,0.003976,0.466667,0.0,0.0,Bellevue_150th_SE38th
7219,0.238267,-0.027543,0.00409,0.5,0.0,0.0,Bellevue_150th_SE38th
7220,0.240373,-0.027685,0.004043,0.483333,-0.022222,0.166667,Bellevue_150th_SE38th
7221,0.487562,0.066704,0.062381,0.582222,0.05,0.094444,Bellevue_150th_SE38th
7222,0.323308,-0.016752,0.009242,0.352778,-0.033333,0.077778,Bellevue_150th_SE38th
7223,0.342173,-0.007852,0.009766,0.533333,0.05,0.155556,Bellevue_150th_SE38th
7224,0.334351,-0.012476,0.010949,0.333333,0.0,0.0,Bellevue_150th_SE38th
7225,0.333386,-0.008565,0.00969,0.366667,0.0,0.0,Bellevue_150th_SE38th
7226,0.392746,0.00471,0.014209,0.570238,0.111111,0.027778,Bellevue_150th_SE38th
7227,0.251075,-0.028067,0.004195,0.316667,0.075,0.0,Bellevue_150th_SE38th
7228,0.30858,-0.012556,0.007263,0.542222,0.073333,0.113333,Bellevue_150th_SE38th
7229,0.417701,0.023217,0.016215,0.45,0.030556,0.061111,Bellevue_150th_SE38th
7230,0.348007,-0.005694,0.013037,0.266667,0.0,0.0,Bellevue_150th_SE38th
7231,0.240065,-0.028226,0.003822,0.475,0.019444,0.0,Bellevue_150th_SE38th
7232,0.364347,-0.007092,0.013547,0.327778,-0.011111,0.011111,Bellevue_150th_SE38th
7233,0.336379,-0.013034,0.010259,0.391667,0.0,0.083333,Bellevue_150th_SE38th
7234,0.376376,-0.003995,0.011813,0.316667,-0.066667,0.116667,Bellevue_150th_SE38th
7235,0.388683,0.011554,0.013284,0.736865,0.144444,0.0875,Bellevue_150th_SE38th
7236,0.396525,0.002849,0.015973,0.718214,0.021627,0.061508,Bellevue_150th_SE38th
7237,0.351396,-0.008215,0.012004,0.777183,-0.023333,0.019444,Bellevue_150th_SE38th
7238,0.34608,-0.006004,0.012015,0.344444,-0.055556,0.122222,Bellevue_150th_SE38th
7239,0.243482,-0.027949,0.004302,0.433333,0.0,0.0,Bellevue_150th_SE38th
7240,0.239559,-0.028415,0.003855,0.433333,0.011111,0.0,Bellevue_150th_SE38th
7241,0.298893,-0.010214,0.006921,0.631587,0.148056,0.099167,Bellevue_150th_SE38th
7242,0.384168,0.000498,0.015394,0.493333,0.025,0.108333,Bellevue_150th_SE38th
7243,0.330508,-0.020292,0.010706,0.523333,0.097778,0.016667,Bellevue_150th_SE38th
7244,0.427555,0.015238,0.018517,0.656825,0.094722,0.073056,Bellevue_150th_SE38th
7245,0.380866,0.004496,0.015063,0.675556,0.025794,0.129762,Bellevue_150th_SE38th
7246,0.376423,-0.007338,0.012732,0.576349,0.105556,0.036111,Bellevue_150th_SE38th
7247,0.350208,-0.008418,0.012278,0.355556,0.0,0.033333,Bellevue_150th_SE38th
7248,0.339672,-0.014505,0.011866,0.333333,0.0,0.011111,Bellevue_150th_SE38th
7249,0.243957,-0.027836,0.004755,0.166667,0.0,0.0,Bellevue_150th_SE38th
7250,0.335722,-0.009481,0.00924,0.609444,0.03,0.052778,Bellevue_150th_SE38th
7251,0.482254,0.059109,0.030865,0.625688,0.015,0.092857,Bellevue_150th_SE38th
7252,0.386055,0.026901,0.017455,0.783571,0.000317,0.104206,Bellevue_150th_SE38th
7253,0.407969,0.01884,0.019846,0.710079,0.144603,0.006944,Bellevue_150th_SE38th
7254,0.502406,0.076918,0.020724,0.692024,0.173214,0.052262,Bellevue_150th_SE38th
7255,0.384594,0.00795,0.017712,0.724127,0.006667,0.092672,Bellevue_150th_SE38th
7256,0.356308,-0.001393,0.009092,0.693333,0.030556,0.055556,Bellevue_150th_SE38th
7257,0.402249,0.018773,0.015066,0.5,0.0,0.116667,Bellevue_150th_SE38th
7258,0.3572,-0.009218,0.012249,0.508333,0.083333,0.0,Bellevue_150th_SE38th
7259,0.380288,0.005207,0.01438,0.572302,0.023333,0.186111,Bellevue_150th_SE38th
7260,0.387657,0.011885,0.012889,0.866667,0.516667,0.066667,Bellevue_150th_SE38th
7261,0.345076,0.000135,0.011681,1.0,0.777778,0.033333,Bellevue_150th_SE38th
7262,0.247931,-0.01739,0.005348,0.671071,0.201389,0.0275,Bellevue_150th_SE38th
7263,0.364115,-0.002169,0.011585,0.562778,0.058333,0.101111,Bellevue_150th_SE38th
7264,0.331827,-0.01102,0.011092,0.35,-0.033333,0.083333,Bellevue_150th_SE38th
7265,0.349032,-0.005206,0.012227,0.538889,0.0,0.066667,Bellevue_150th_SE38th
7266,0.290178,-0.024881,0.006978,0.266667,0.0,0.0,Bellevue_150th_SE38th
7267,0.242378,-0.026525,0.004131,0.1,0.0,0.0,Bellevue_150th_SE38th
7268,0.313344,-0.013625,0.007523,0.133333,0.0,0.0,Bellevue_150th_SE38th
7269,0.364752,0.010724,0.013927,0.446111,0.0,0.033333,Bellevue_150th_SE38th
7270,0.352028,-0.009704,0.01221,0.516667,0.027778,0.066667,Bellevue_150th_SE38th
7271,0.341232,-0.010448,0.00989,0.333333,0.0,0.0,Bellevue_150th_SE38th
7272,0.238546,-0.026703,0.004192,0.433333,0.066667,0.133333,Bellevue_150th_SE38th
7273,0.366858,-0.006074,0.012761,0.75,0.075,0.097222,Bellevue_150th_SE38th
7274,0.385417,0.009007,0.0148,0.513889,0.016667,0.002778,Bellevue_150th_SE38th
7275,0.433852,0.029398,0.020616,0.972222,0.066667,-0.016667,Bellevue_150th_SE38th
7276,0.397059,0.014081,0.018605,0.768611,0.045556,0.015,Bellevue_150th_SE38th
7277,0.358981,-0.011826,0.014843,0.735344,0.12037,0.029299,Bellevue_150th_SE38th
7278,0.387786,0.009587,0.013808,0.605847,-0.016667,0.027381,Bellevue_150th_SE38th
7279,0.346167,-0.003764,0.012711,0.312698,0.083333,0.040873,Bellevue_150th_SE38th
7280,0.37679,0.001046,0.013422,0.31,-0.05,0.073333,Bellevue_150th_SE38th
7281,0.25595,-0.02928,0.005614,0.4,0.0,0.0,Bellevue_150th_SE38th
7282,0.241211,-0.027436,0.003877,0.233333,0.0,0.0,Bellevue_150th_SE38th
7283,0.243388,-0.027539,0.004004,0.452222,0.040556,0.048333,Bellevue_150th_SE38th
7284,0.385353,0.004941,0.013524,0.729167,0.112222,0.013056,Bellevue_150th_SE38th
7285,0.426282,0.036843,0.014905,0.494524,0.031984,0.059444,Bellevue_150th_SE38th
7286,0.36373,0.000642,0.01595,0.48881,0.027778,0.053889,Bellevue_150th_SE38th
7287,0.245258,-0.027734,0.005273,0.586667,-0.044444,0.145556,Bellevue_150th_SE38th
7288,0.445448,0.040252,0.021144,0.241667,0.016667,0.025,Bellevue_150th_SE38th
7289,0.404247,0.012158,0.015827,0.907431,0.2,0.095,Bellevue_150th_SE38th
7290,0.386235,0.01702,0.016048,0.632645,0.068704,0.062354,Bellevue_150th_SE38th
7291,0.405063,0.016749,0.014868,0.616508,0.047037,0.038333,Bellevue_150th_SE38th
7292,0.372407,0.004499,0.015603,0.621111,0.127778,0.077778,Bellevue_150th_SE38th
7293,0.358958,-0.006771,0.013444,0.61,0.09,0.061111,Bellevue_150th_SE38th
7294,0.285758,-0.027631,0.007028,0.333333,0.077778,0.0,Bellevue_150th_SE38th
7295,0.328052,-0.009936,0.008709,0.438889,-0.041667,0.161111,Bellevue_150th_SE38th
7296,0.338189,-0.012404,0.010994,0.166667,0.0,0.0,Bellevue_150th_SE38th
7297,0.241166,-0.027661,0.004091,0.233333,0.0,0.0,Bellevue_150th_SE38th
7298,0.239197,-0.02774,0.003994,0.572222,0.166667,-0.05,Bellevue_150th_SE38th
7299,0.333871,-0.007569,0.008784,0.533333,0.072222,0.011111,Bellevue_150th_SE38th
7300,0.343502,-0.007953,0.010555,0.488889,0.113889,0.069444,Bellevue_150th_SE38th
7301,0.350033,-0.004449,0.011974,0.372222,0.0,0.116667,Bellevue_150th_SE38th
7302,0.25481,-0.027742,0.00533,0.166667,0.0,0.0,Bellevue_150th_SE38th
7303,0.238065,-0.027719,0.004102,0.391667,0.033333,0.033333,Bellevue_150th_SE38th
7304,0.313534,-0.006685,0.007721,0.537778,-0.033333,0.144444,Bellevue_150th_SE38th
7305,0.355755,-0.01274,0.012503,0.455556,0.094444,0.033333,Bellevue_150th_SE38th
7306,0.383804,0.003743,0.01576,0.594444,0.223333,0.033333,Bellevue_150th_SE38th
7307,0.351462,-0.002496,0.010968,0.544444,0.033333,0.011111,Bellevue_150th_SE38th
7308,0.353684,-0.011369,0.012228,0.595556,0.022222,0.038889,Bellevue_150th_SE38th
7309,0.344466,-0.010899,0.011994,0.3,0.0,0.0,Bellevue_150th_SE38th
7310,0.343122,-0.003908,0.011091,0.483333,0.016667,-0.016667,Bellevue_150th_SE38th
7311,0.237035,-0.027434,0.004322,0.366667,0.0,0.0,Bellevue_150th_SE38th
7312,0.280417,-0.014762,0.006949,0.2,0.0,0.0,Bellevue_150th_SE38th
7313,0.347253,-0.002434,0.011157,0.550556,0.058333,0.115,Bellevue_150th_SE38th
7314,0.360856,-0.007809,0.011277,0.422222,0.044444,0.0,Bellevue_150th_SE38th
7315,0.349206,-0.006146,0.01141,0.566627,0.014484,0.045278,Bellevue_150th_SE38th
7316,0.405306,0.016328,0.01771,0.489444,0.011111,0.083333,Bellevue_150th_SE38th
7317,0.313658,-0.018096,0.011418,0.397222,0.111111,0.016667,Bellevue_150th_SE38th
7318,0.237156,-0.026851,0.004988,0.3,0.0,0.0,Bellevue_150th_SE38th
7319,0.249789,-0.024222,0.004744,0.692024,0.1375,0.061667,Bellevue_150th_SE38th
7320,0.36128,-0.003184,0.012509,0.625,0.0,0.033333,Bellevue_150th_SE38th
7321,0.349141,-0.004078,0.013489,0.233333,0.0,0.0,Bellevue_150th_SE38th
7322,0.348734,0.000347,0.011091,0.333333,0.011111,0.072222,Bellevue_150th_SE38th
7323,0.279027,-0.028916,0.007306,0.366667,-0.066667,0.166667,Bellevue_150th_SE38th
7324,0.358584,-0.007534,0.011966,0.466667,0.066667,0.066667,Bellevue_150th_SE38th
7325,0.353379,-0.014033,0.013665,0.591905,-0.066667,0.108333,Bellevue_150th_SE38th
7326,0.304973,-0.01676,0.009051,0.430556,-0.016667,0.052778,Bellevue_150th_SE38th
7327,0.347011,-0.014618,0.012571,0.333333,0.0,0.0,Bellevue_150th_SE38th
7328,0.255176,-0.028748,0.004436,0.533333,0.0,0.0,Bellevue_150th_SE38th
7329,0.24217,-0.027871,0.003721,0.233333,0.0,0.0,Bellevue_150th_SE38th
7330,0.273766,-0.029479,0.006176,0.4,0.0,0.0,Bellevue_150th_SE38th
7331,0.29299,-0.012332,0.007291,0.425,-0.021111,0.09,Bellevue_150th_SE38th
7332,0.344053,-0.008671,0.010421,0.41,0.0,0.066667,Bellevue_150th_SE38th
7333,0.35855,0.00031,0.012878,0.677209,0.094921,0.105873,Bellevue_150th_SE38th
7334,0.444437,0.046604,0.015529,0.643466,0.034683,0.050635,Bellevue_150th_SE38th
7335,0.38077,0.010905,0.014586,0.664286,0.088651,0.095952,Bellevue_150th_SE38th
7336,0.384205,0.006936,0.015038,0.482222,-0.044444,0.138889,Bellevue_150th_SE38th
7337,0.365678,-0.006339,0.012881,0.408333,-0.022222,0.15,Bellevue_150th_SE38th
7338,0.397208,0.014699,0.014414,0.355556,-0.011111,0.0,Bellevue_150th_SE38th
7339,0.239039,-0.028127,0.003825,0.533333,0.0,0.0,Bellevue_150th_SE38th
7340,0.241777,-0.027393,0.003784,0.348016,-0.066667,0.088889,Bellevue_150th_SE38th
7341,0.328427,-0.013078,0.010032,0.433333,0.0,0.0,Bellevue_150th_SE38th
7342,0.235602,-0.027111,0.004464,0.1,0.0,0.0,Bellevue_150th_SE38th
7343,0.242843,-0.02813,0.003643,0.433333,0.05,0.0,Bellevue_150th_SE38th
7344,0.296256,-0.013469,0.006536,0.575238,0.05,0.028889,Bellevue_150th_SE38th
7345,0.333816,-0.012896,0.010375,0.675238,0.05,0.041667,Bellevue_150th_SE38th
7346,0.374409,0.006855,0.012649,0.654868,0.011111,-0.011111,Bellevue_150th_SE38th
7347,0.35822,-0.004306,0.015024,0.394444,-0.013889,0.005556,Bellevue_150th_SE38th
7348,0.373858,-0.002217,0.013265,0.552778,0.083333,-0.013889,Bellevue_150th_SE38th
7349,0.331502,-0.009857,0.009972,0.555,0.102778,0.008333,Bellevue_150th_SE38th
7350,0.391577,0.019694,0.015849,0.471111,0.109444,0.069444,Bellevue_150th_SE38th
7351,0.279274,-0.029448,0.005673,0.4,0.0,0.0,Bellevue_150th_SE38th
7352,0.333058,-0.005022,0.009062,0.786692,0.157514,0.107251,Bellevue_150th_SE38th
7353,0.484797,0.077401,0.01671,0.708439,0.080675,0.080093,Bellevue_150th_SE38th
7354,0.373047,0.015394,0.009354,0.466667,0.0,0.0,Bellevue_150th_SE38th
7355,0.241703,-0.027139,0.003846,0.616667,0.1,0.041667,Bellevue_150th_SE38th
7356,0.357035,-0.004433,0.012851,0.454444,0.033333,-0.001667,Bellevue_150th_SE38th
7357,0.389426,0.012375,0.015233,0.738532,0.063413,0.172222,Bellevue_150th_SE38th
7358,0.413533,0.023688,0.012891,0.601746,0.111905,-0.024683,Bellevue_150th_SE38th
7359,0.403002,0.048759,0.016141,0.594683,0.00381,0.054841,Bellevue_150th_SE38th
7360,0.40046,0.023197,0.015036,0.3,-0.008333,0.033333,Bellevue_150th_SE38th
7361,0.339719,-0.012795,0.008539,0.606111,0.066667,0.061111,Bellevue_150th_SE38th
7362,0.386903,0.005095,0.012718,0.635675,0.009444,0.072302,Bellevue_150th_SE38th
7363,0.371968,-0.004607,0.012486,0.670833,0.017778,0.033333,Bellevue_150th_SE38th
7364,0.39667,0.010928,0.017025,0.654881,0.052024,0.029127,Bellevue_150th_SE38th
7365,0.384667,0.000544,0.014649,0.715595,0.066706,0.021905,Bellevue_150th_SE38th
7366,0.367793,0.012089,0.013764,0.610278,0.147222,0.058333,Bellevue_150th_SE38th
7367,0.382125,-0.000493,0.013992,0.529444,0.002778,0.086111,Bellevue_150th_SE38th
7368,0.353557,-0.009721,0.010539,0.5,0.0,0.0,Bellevue_150th_SE38th
7369,0.351509,-0.007484,0.009677,0.403175,0.025,0.075,Bellevue_150th_SE38th
7370,0.347767,-0.007905,0.010749,0.351667,-0.022222,0.041667,Bellevue_150th_SE38th
7371,0.353681,-0.009587,0.011853,0.95,0.4,0.061111,Bellevue_150th_SE38th
7372,0.369853,0.001106,0.012143,0.707222,0.180556,0.036111,Bellevue_150th_SE38th
7373,0.345448,-0.004979,0.011042,0.266667,0.0,0.0,Bellevue_150th_SE38th
7374,0.367662,-0.001746,0.011701,0.617778,0.074722,0.076111,Bellevue_150th_SE38th
7375,0.408026,0.013818,0.01654,0.838386,0.108333,0.0625,Bellevue_150th_SE38th
7376,0.359222,0.007887,0.012734,0.562222,0.077778,0.067778,Bellevue_150th_SE38th
7377,0.354711,-0.008464,0.011995,0.333333,0.0,0.0,Bellevue_150th_SE38th
7378,0.239628,-0.027626,0.003832,0.4,0.0,0.0,Bellevue_150th_SE38th
7379,0.242187,-0.02764,0.003733,0.572222,0.116667,0.05,Bellevue_150th_SE38th
7380,0.310912,-0.021266,0.007846,0.4,-0.033333,0.05,Bellevue_150th_SE38th
7381,0.252235,-0.028991,0.004717,0.366667,0.0,0.0,Bellevue_150th_SE38th
7382,0.248684,-0.024132,0.004316,0.512064,0.15,0.022222,Bellevue_150th_SE38th
7383,0.432108,0.027599,0.017491,0.524444,-0.023333,0.023333,Bellevue_150th_SE38th
7384,0.356913,-0.003377,0.012813,0.551667,0.016667,0.046667,Bellevue_150th_SE38th
7385,0.344891,-0.009224,0.010732,0.333333,-0.033333,0.033333,Bellevue_150th_SE38th
7386,0.249553,-0.024775,0.004738,0.735,0.244444,-0.008333,Bellevue_150th_SE38th
7387,0.24454,-0.029082,0.004529,0.4,0.0,0.0,Bellevue_150th_SE38th
7388,0.242586,-0.027201,0.003717,0.333333,0.0,0.0,Bellevue_150th_SE38th
7389,0.34875,-0.012985,0.009621,0.233333,0.0,0.016667,Bellevue_150th_SE38th
7390,0.40955,0.021666,0.013161,0.476667,0.120556,0.036111,Bellevue_150th_SE38th
7391,0.368351,-0.004646,0.01369,0.266667,0.066667,0.0,Bellevue_150th_SE38th
7392,0.395054,0.023589,0.01533,0.433333,0.016667,-0.016667,Bellevue_150th_SE38th
7393,0.340294,-0.008713,0.009761,0.672222,0.061111,0.044444,Bellevue_150th_SE38th
7394,0.340709,-0.010538,0.009558,0.433333,0.0,0.0,Bellevue_150th_SE38th
7395,0.242662,-0.027679,0.003743,0.374048,0.050952,0.046389,Bellevue_150th_SE38th
7396,0.450817,0.035287,0.017471,0.559921,0.065476,0.092857,Bellevue_150th_SE38th
7397,0.353054,-0.010811,0.011827,0.316667,0.0,0.033333,Bellevue_150th_SE38th
7398,0.244617,-0.026676,0.004277,0.522222,0.011111,0.05,Bellevue_150th_SE38th
7399,0.348643,-0.010942,0.010729,0.447222,0.005556,0.044444,Bellevue_150th_SE38th
7400,0.356872,-0.000976,0.010576,0.3,0.033333,0.0,Bellevue_150th_SE38th
7401,0.314777,-0.011015,0.008675,0.338889,0.016667,0.0,Bellevue_150th_SE38th
7402,0.358904,-0.005356,0.012006,0.73619,0.033413,0.070556,Bellevue_150th_SE38th
7403,0.442992,0.036046,0.015044,0.652068,0.097278,0.067554,Bellevue_150th_SE38th
7404,0.50328,0.093633,0.024231,0.634074,0.035556,0.097302,Bellevue_150th_SE38th
7405,0.365151,0.007399,0.013677,0.35,0.066667,0.055556,Bellevue_150th_SE38th
7406,0.313163,-0.018603,0.009878,0.45,-0.016667,0.0,Bellevue_150th_SE38th
7407,0.251507,-0.024136,0.004718,0.458889,-0.016667,0.056667,Bellevue_150th_SE38th
7408,0.453346,0.042952,0.020113,0.766667,0.066667,0.166667,Bellevue_150th_SE38th
7409,0.382047,0.007439,0.011689,0.504444,-0.016667,0.161111,Bellevue_150th_SE38th
7410,0.348399,-0.007355,0.010078,0.583889,0.1,0.023333,Bellevue_150th_SE38th
7411,0.307956,-0.020901,0.009115,0.266667,0.0,0.0,Bellevue_150th_SE38th
7412,0.309576,-0.008851,0.008011,0.380556,0.111111,0.008333,Bellevue_150th_SE38th
7413,0.354569,0.001512,0.010486,0.386111,0.0,0.0,Bellevue_150th_SE38th
7414,0.397051,0.010479,0.016087,0.266667,-0.033333,0.033333,Bellevue_150th_SE38th
7415,0.401347,0.024078,0.014201,0.35,0.066667,0.0,Bellevue_150th_SE38th
7416,0.289845,-0.02607,0.005535,0.316667,0.05,0.033333,Bellevue_150th_SE38th
7417,0.335408,-0.004028,0.0089,0.422222,-0.077778,0.027778,Bellevue_150th_SE38th
7418,0.23787,-0.028147,0.003996,0.35,0.016667,0.016667,Bellevue_150th_SE38th
7419,0.336988,-0.010118,0.009098,0.516667,-0.016667,0.1,Bellevue_150th_SE38th
7420,0.304486,-0.019171,0.008199,0.488889,-0.044444,0.063889,Bellevue_150th_SE38th
7421,0.352792,-0.004816,0.010354,0.233333,0.0,0.0,Bellevue_150th_SE38th
7422,0.263481,-0.023871,0.005188,0.333333,0.0,0.0,Bellevue_150th_SE38th
7423,0.241333,-0.02765,0.003789,0.4,-0.0,-0.027778,Bellevue_150th_SE38th
7424,0.351931,-0.00995,0.012429,0.3,0.0,0.0,Bellevue_150th_SE38th
7425,0.350054,-0.007816,0.010253,0.586667,0.022222,-0.004444,Bellevue_150th_SE38th
7426,0.334534,-0.01094,0.00953,0.3,0.066667,0.05,Bellevue_150th_SE38th
7427,0.474957,0.071085,0.019101,0.361111,0.05,0.0,Bellevue_150th_SE38th
7428,0.472914,0.044543,0.023896,0.605556,0.016667,-0.022222,Bellevue_150th_SE38th
7429,0.397772,0.015648,0.011914,0.533333,0.033333,0.0,Bellevue_150th_SE38th
7430,0.344045,-0.002525,0.008876,0.605556,-0.016667,0.066667,Bellevue_150th_SE38th
7431,0.335194,-0.009575,0.009565,0.3,0.0,0.0,Bellevue_150th_SE38th
7432,0.346442,-0.014492,0.01186,0.361587,-0.013889,0.041667,Bellevue_150th_SE38th
7433,0.34063,-0.007715,0.009513,0.2,0.0,0.0,Bellevue_150th_SE38th
7434,0.240818,-0.027657,0.003878,0.233333,0.0,0.0,Bellevue_150th_SE38th
7435,0.2434,-0.028233,0.003627,0.333333,0.0,0.0,Bellevue_150th_SE38th
7436,0.244364,-0.026886,0.003756,0.433333,0.0,0.0,Bellevue_150th_SE38th
7437,0.304723,-0.011094,0.007274,0.533333,0.0,0.116667,Bellevue_150th_SE38th
7438,0.403203,0.013524,0.015161,0.661667,0.04,0.115,Bellevue_150th_SE38th
7439,0.356199,-0.004109,0.010725,0.722222,-0.05,0.35,Bellevue_150th_SE38th
7440,0.396942,0.017559,0.016288,0.711111,0.057222,0.016111,Bellevue_150th_SE38th
7441,0.33455,-0.011679,0.009196,0.593016,0.005556,-0.016667,Bellevue_150th_SE38th
7442,0.350665,0.000503,0.011737,0.466667,-0.05,0.166667,Bellevue_150th_SE38th
7443,0.32791,-0.018391,0.007775,0.233333,0.0,0.011111,Bellevue_150th_SE38th
7444,0.243874,-0.027462,0.003735,0.2,0.0,0.0,Bellevue_150th_SE38th
7445,0.351647,-0.005416,0.009304,0.269444,-0.027778,0.077778,Bellevue_150th_SE38th
7446,0.356249,0.000838,0.010573,0.552778,-0.025,0.077778,Bellevue_150th_SE38th
7447,0.313834,-0.016815,0.006739,0.622222,0.215,0.033333,Bellevue_150th_SE38th
7448,0.398846,0.011016,0.015914,0.516667,0.049206,0.143651,Bellevue_150th_SE38th
7449,0.336849,-0.008206,0.011476,0.380556,0.033333,0.0,Bellevue_150th_SE38th
7450,0.36271,-0.008547,0.011941,0.394444,0.102778,0.0,Bellevue_150th_SE38th
7451,0.353404,-0.011093,0.010436,0.676667,0.116667,-0.061111,Bellevue_150th_SE38th
7452,0.372424,-0.007094,0.011878,0.566667,0.041667,0.0,Bellevue_150th_SE38th
7453,0.356554,0.006724,0.008857,0.849444,0.028889,0.142778,Bellevue_150th_SE38th
7454,0.362443,-0.008402,0.011361,0.678889,0.083333,-0.025,Bellevue_150th_SE38th
7455,0.368455,-0.002787,0.01249,0.583333,-0.019444,0.016667,Bellevue_150th_SE38th
7456,0.416504,0.018237,0.017096,0.566667,0.028889,0.025556,Bellevue_150th_SE38th
7457,0.340343,-0.008504,0.012287,0.433333,0.0,0.0,Bellevue_150th_SE38th
7458,0.26817,-0.019572,0.005541,0.441667,0.055556,0.033333,Bellevue_150th_SE38th
7459,0.355156,-0.010316,0.012081,0.616667,-0.1,0.2,Bellevue_150th_SE38th
7460,0.35101,-0.013462,0.011034,0.443333,-0.112222,0.044444,Bellevue_150th_SE38th
7461,0.398981,0.013167,0.013735,0.297222,-0.044444,0.025,Bellevue_150th_SE38th
7462,0.31958,-0.019616,0.008364,0.455556,-0.016667,0.027778,Bellevue_150th_SE38th
7463,0.295898,-0.028686,0.005804,0.266667,0.0,0.0,Bellevue_150th_SE38th
7464,0.255064,-0.028664,0.003005,0.4,0.0,0.033333,Bellevue_150th_SE38th
7465,0.301867,-0.016517,0.005408,0.266667,0.033333,0.15,Bellevue_150th_SE38th
7466,0.287636,-0.030231,0.005221,0.333333,0.0,0.0,Bellevue_150th_SE38th
7467,0.256554,-0.028928,0.002955,0.4,0.0,0.0,Bellevue_150th_SE38th
7468,0.261679,-0.027417,0.003078,0.288889,-0.066667,0.033333,Bellevue_150th_SE38th
7469,0.3084,-0.01397,0.00556,0.480556,0.066667,0.05,Bellevue_150th_SE38th
7470,0.369427,-0.013191,0.011999,0.535556,0.083333,0.011111,Bellevue_150th_SE38th
7471,0.391551,0.002233,0.013883,0.540556,-0.061111,0.066667,Bellevue_150th_SE38th
7472,0.375664,0.002737,0.013482,0.466667,0.0,0.016667,Bellevue_150th_SE38th
7473,0.257422,-0.02823,0.00306,0.3,0.0,0.0,Bellevue_150th_SE38th
7474,0.26091,-0.02804,0.003004,0.541667,0.075,0.097222,Bellevue_150th_SE38th
7475,0.432859,0.015811,0.012412,0.584841,0.068333,0.082778,Bellevue_150th_SE38th
7476,0.395322,0.000361,0.012673,0.577778,0.044444,0.1,Bellevue_150th_SE38th
7477,0.338885,-0.014354,0.008623,0.503333,0.084444,0.017778,Bellevue_150th_SE38th
7478,0.286582,-0.028347,0.005436,0.469444,-0.033333,0.055556,Bellevue_150th_SE38th
7479,0.379402,-0.004417,0.00988,0.53246,0.088095,0.049444,Bellevue_150th_SE38th
7480,0.369368,-0.006942,0.011295,0.516667,0.133333,0.033333,Bellevue_150th_SE38th
7481,0.394804,0.004887,0.012342,0.434127,-0.041667,0.008333,Bellevue_150th_SE38th
7482,0.341913,-0.010287,0.010515,0.233333,0.0,0.0,Bellevue_150th_SE38th
7483,0.258403,-0.027495,0.00307,0.233333,0.0,0.0,Bellevue_150th_SE38th
7484,0.354672,-0.010083,0.008931,0.541111,0.01,0.065,Bellevue_150th_SE38th
7485,0.321404,-0.024803,0.005713,0.2,0.0,0.0,Bellevue_150th_SE38th
7486,0.361694,-0.011524,0.008648,0.416667,-0.066667,0.066667,Bellevue_150th_SE38th
7487,0.271049,-0.027724,0.003363,0.380556,0.016667,0.05,Bellevue_150th_SE38th
7488,0.298429,-0.027594,0.006083,0.338889,-0.022222,0.122222,Bellevue_150th_SE38th
7489,0.387501,-0.002431,0.011284,0.695714,0.0,0.013333,Bellevue_150th_SE38th
7490,0.398488,0.000523,0.011282,0.638333,0.052778,0.055556,Bellevue_150th_SE38th
7491,0.368517,-0.009279,0.010786,0.491349,0.075,0.011111,Bellevue_150th_SE38th
7492,0.290352,-0.028278,0.005003,0.566587,0.146667,0.018651,Bellevue_150th_SE38th
7493,0.415991,0.011998,0.011901,0.622774,-0.005278,0.040317,Bellevue_150th_SE38th
7494,0.360475,-0.005347,0.008359,0.301667,0.0,0.0,Bellevue_150th_SE38th
7495,0.25303,-0.026741,0.003776,0.083333,-0.233333,0.166667,Bellevue_150th_SE38th
7496,0.354747,-0.013356,0.009659,0.616667,0.016667,0.066667,Bellevue_150th_SE38th
7497,0.334272,-0.010519,0.005781,0.4,0.033333,-0.033333,Bellevue_150th_SE38th
7498,0.364699,-0.015859,0.011753,0.333333,-0.033333,0.016667,Bellevue_150th_SE38th
7499,0.362748,-0.005723,0.007582,0.316667,0.133333,0.0,Bellevue_150th_SE38th
7500,0.353938,-0.009654,0.00851,0.648889,0.088889,0.011111,Bellevue_150th_SE38th
7501,0.371679,-0.010694,0.011108,0.308333,0.022222,-0.016667,Bellevue_150th_SE38th
7502,0.374902,-0.006425,0.011924,0.458333,-0.033333,0.05,Bellevue_150th_SE38th
7503,0.261202,-0.027961,0.003669,0.65,0.116667,0.033333,Bellevue_150th_SE38th
7504,0.371085,-0.004634,0.01006,0.471111,0.027778,0.133333,Bellevue_150th_SE38th
7505,0.380442,-0.009709,0.009408,0.3,0.0,0.0,Bellevue_150th_SE38th
7506,0.255386,-0.027882,0.003072,0.385,-0.05,0.061111,Bellevue_150th_SE38th
7507,0.377693,-0.003537,0.010236,0.55,0.016667,0.083333,Bellevue_150th_SE38th
7508,0.435304,0.01359,0.009502,0.516667,0.033333,-0.033333,Bellevue_150th_SE38th
7509,0.254373,-0.027511,0.003116,0.572222,0.1,0.116667,Bellevue_150th_SE38th
7510,0.387188,-0.000933,0.009977,0.729868,0.008333,0.011111,Bellevue_150th_SE38th
7511,0.436683,0.016895,0.017164,0.683254,0.118095,-0.038889,Bellevue_150th_SE38th
7512,0.394696,0.000975,0.011918,0.355556,0.1,-0.016667,Bellevue_150th_SE38th
7513,0.443369,0.03391,0.011862,0.383016,0.060317,0.034444,Bellevue_150th_SE38th
7514,0.460179,0.03977,0.020501,0.566032,0.036111,0.075,Bellevue_150th_SE38th
7515,0.426729,0.017196,0.016214,0.72,0.214444,-0.048889,Bellevue_150th_SE38th
7516,0.473639,0.047084,0.02202,0.559921,0.040873,0.055556,Bellevue_150th_SE38th
7517,0.244199,-0.029419,0.004471,0.422778,0.066111,0.058333,Bellevue_150th_SE38th
7518,0.41087,0.015478,0.013843,0.381111,0.023333,0.066111,Bellevue_150th_SE38th
7519,0.254821,-0.03008,0.004961,0.333333,0.0,0.0,Bellevue_150th_SE38th
7520,0.242772,-0.03074,0.003226,0.2,0.0,0.0,Bellevue_150th_SE38th
7521,0.245734,-0.029921,0.003426,0.333333,0.0,0.0,Bellevue_150th_SE38th
7522,0.242097,-0.030965,0.003302,0.383333,-0.05,0.066667,Bellevue_150th_SE38th
7523,0.339314,-0.013771,0.008471,0.3,0.083333,-0.066667,Bellevue_150th_SE38th
7524,0.347624,-0.016195,0.01031,0.697778,0.222222,0.072222,Bellevue_150th_SE38th
7525,0.384394,0.00399,0.01117,0.755397,0.065278,0.063413,Bellevue_150th_SE38th
7526,0.355749,-0.012917,0.011034,0.743519,0.116667,0.083333,Bellevue_150th_SE38th
7527,0.365795,-0.007692,0.011364,0.693796,0.024683,0.01869,Bellevue_150th_SE38th
7528,0.38774,0.004181,0.014615,0.526667,-0.025,0.15,Bellevue_150th_SE38th
7529,0.33689,-0.015094,0.008721,0.266667,0.0,0.0,Bellevue_150th_SE38th
7530,0.241144,-0.030313,0.003498,0.455556,0.05,0.0,Bellevue_150th_SE38th
7531,0.340479,-0.009146,0.008326,0.238889,0.0,0.033333,Bellevue_150th_SE38th
7532,0.28725,-0.017219,0.006889,0.433333,0.066667,-0.016667,Bellevue_150th_SE38th
7533,0.362234,-0.009659,0.011855,0.748585,0.01,0.036296,Bellevue_150th_SE38th
7534,0.411186,0.021533,0.016631,0.716746,0.08623,0.061151,Bellevue_150th_SE38th
7535,0.371716,-0.004971,0.013348,0.166667,0.0,0.0,Bellevue_150th_SE38th
7536,0.354301,-0.009361,0.009623,0.405556,-0.022222,0.005556,Bellevue_150th_SE38th
7537,0.301169,-0.027258,0.006636,0.426667,0.05,0.0,Bellevue_150th_SE38th
7538,0.373571,-0.000919,0.010476,0.507222,0.016667,0.016667,Bellevue_150th_SE38th
7539,0.340988,-0.016231,0.010193,0.3,-0.066667,-0.016667,Bellevue_150th_SE38th
7540,0.259067,-0.029898,0.003519,0.333333,0.0,0.0,Bellevue_150th_SE38th
7541,0.364722,-0.011274,0.009981,0.596111,0.045556,0.108333,Bellevue_150th_SE38th
7542,0.429432,0.020241,0.015268,0.676111,0.01877,0.016667,Bellevue_150th_SE38th
7543,0.440719,0.033938,0.017033,0.59881,-0.027778,0.083333,Bellevue_150th_SE38th
7544,0.338641,-0.013727,0.01016,0.433333,0.033333,0.033333,Bellevue_150th_SE38th
7545,0.29404,-0.012867,0.00673,0.54246,-0.066667,0.121429,Bellevue_150th_SE38th
7546,0.243668,-0.029867,0.003887,0.722222,0.183333,-0.066667,Bellevue_150th_SE38th
7547,0.461182,0.047944,0.015215,0.477778,0.036111,0.041667,Bellevue_150th_SE38th
7548,0.399589,0.022506,0.01867,0.533333,0.027778,0.022222,Bellevue_150th_SE38th
7549,0.243561,-0.030583,0.003286,0.266667,0.0,0.0,Bellevue_150th_SE38th
7550,0.243414,-0.029953,0.003416,0.2,0.0,0.0,Bellevue_150th_SE38th
7551,0.244143,-0.028322,0.003576,0.433333,-0.066667,0.0,Bellevue_150th_SE38th
7552,0.362744,-0.00477,0.007455,0.466667,0.0,0.0,Bellevue_150th_SE38th
7553,0.273038,-0.027651,0.005654,0.497222,0.0,-0.011111,Bellevue_150th_SE38th
7554,0.365945,-0.005975,0.011086,0.434921,0.022222,0.044444,Bellevue_150th_SE38th
7555,0.262034,-0.030315,0.005663,0.266667,0.0,0.0,Bellevue_150th_SE38th
7556,0.326032,-0.007854,0.007265,0.966667,0.0,0.0,Bellevue_150th_SE38th
7557,0.439554,0.031645,0.01933,0.622222,0.005556,0.005556,Bellevue_150th_SE38th
7558,0.258772,-0.030438,0.005386,0.166667,0.0,0.0,Bellevue_150th_SE38th
7559,0.241722,-0.029088,0.003495,0.333333,0.0,0.0,Bellevue_150th_SE38th
7560,0.239753,-0.030032,0.003383,0.233333,0.0,0.0,Bellevue_150th_SE38th
7561,0.237883,-0.029824,0.003435,0.533333,0.0,0.0,Bellevue_150th_SE38th
7562,0.240259,-0.030702,0.003311,0.266667,0.0,0.0,Bellevue_150th_SE38th
7563,0.240549,-0.030218,0.003341,0.2,0.0,0.0,Bellevue_150th_SE38th
7564,0.240742,-0.03027,0.003431,0.266667,0.0,0.0,Bellevue_150th_SE38th
7565,0.24311,-0.030108,0.003358,0.4,0.0,0.0,Bellevue_150th_SE38th
7566,0.244534,-0.028871,0.00362,0.452778,-0.013889,0.011111,Bellevue_150th_SE38th
7567,0.450715,0.034591,0.015536,0.158333,-0.016667,0.0,Bellevue_150th_SE38th
7568,0.27959,-0.02376,0.005154,0.461111,-0.033333,0.041667,Bellevue_150th_SE38th
7569,0.342775,-0.013492,0.008467,0.45,0.066667,0.1,Bellevue_150th_SE38th
7570,0.243367,-0.029221,0.003929,0.266667,0.0,0.0,Bellevue_150th_SE38th
7571,0.244089,-0.029364,0.003522,0.2,0.0,0.0,Bellevue_150th_SE38th
7572,0.242026,-0.029288,0.003637,0.166667,0.0,0.0,Bellevue_150th_SE38th
7573,0.241864,-0.029394,0.003585,0.5,0.0,0.0,Bellevue_150th_SE38th
7574,0.243814,-0.028462,0.003727,0.2,0.0,0.0,Bellevue_150th_SE38th
7575,0.242682,-0.028489,0.003656,0.4,0.0,0.0,Bellevue_150th_SE38th
7576,0.240308,-0.029881,0.003556,0.333333,0.075,0.0,Bellevue_150th_SE38th
7577,0.358378,-0.008363,0.011836,0.56,0.011111,0.055556,Bellevue_150th_SE38th
7578,0.354727,-0.002773,0.010077,0.590556,-0.066667,0.1,Bellevue_150th_SE38th
7579,0.381723,0.021573,0.012816,0.433333,0.05,0.0,Bellevue_150th_SE38th
7580,0.343502,-0.012986,0.00999,0.233333,0.0,0.0,Bellevue_150th_SE38th
7581,0.372618,-0.008761,0.012527,0.379444,0.05,0.0,Bellevue_150th_SE38th
7582,0.392554,0.009147,0.015142,0.633333,0.027778,0.152778,Bellevue_150th_SE38th
7583,0.446391,0.034846,0.019141,0.3,-0.066667,0.083333,Bellevue_150th_SE38th
7584,0.245295,-0.029891,0.003872,0.35,0.1,0.05,Bellevue_150th_SE38th
7585,0.3623,-0.008795,0.012791,0.811548,0.077778,0.019167,Bellevue_150th_SE38th
7586,0.408884,0.010999,0.015743,0.64295,-0.006667,0.073466,Bellevue_150th_SE38th
7587,0.338846,-0.004694,0.011798,0.266667,0.0,0.0,Bellevue_150th_SE38th
7588,0.278785,-0.017234,0.006273,0.133333,0.0,0.0,Bellevue_150th_SE38th
7589,0.333314,-0.012612,0.009567,0.5,0.0,0.0,Bellevue_150th_SE38th
7590,0.242002,-0.02854,0.00396,0.366667,0.033333,0.0,Bellevue_150th_SE38th
7591,0.32927,-0.011157,0.008164,0.866667,0.511111,0.033333,Bellevue_150th_SE38th
7592,0.332428,-0.016681,0.011614,0.429444,0.016667,0.066667,Bellevue_150th_SE38th
7593,0.23647,-0.028961,0.004088,0.233333,0.0,0.0,Bellevue_150th_SE38th
7594,0.240472,-0.02801,0.003826,0.466667,0.0,0.0,Bellevue_150th_SE38th
7595,0.344679,-0.007851,0.008851,0.387778,0.0,0.038889,Bellevue_150th_SE38th
7596,0.323406,-0.0172,0.009583,0.408333,0.0,0.083333,Bellevue_150th_SE38th
7597,0.246212,-0.028793,0.004868,0.233333,0.0,0.0,Bellevue_150th_SE38th
7598,0.239562,-0.02873,0.003754,0.438889,0.033333,0.027778,Bellevue_150th_SE38th
7599,0.332158,-0.01071,0.008851,0.572222,0.011111,-0.033333,Bellevue_150th_SE38th
7600,0.377104,0.019141,0.012323,0.466667,0.0,0.0,Bellevue_150th_SE38th
7601,0.34748,0.013272,0.015274,0.537778,0.027778,0.077778,Bellevue_150th_SE38th
7602,0.354357,-0.012706,0.012285,0.416667,-0.033333,0.033333,Bellevue_150th_SE38th
7603,0.23752,-0.028822,0.00394,0.3,0.0,0.0,Bellevue_150th_SE38th
7604,0.238404,-0.030027,0.003575,0.366667,0.0,0.0,Bellevue_150th_SE38th
7605,0.239141,-0.029987,0.003518,0.266667,0.0,0.0,Bellevue_150th_SE38th
7606,0.2351,-0.029897,0.003614,0.233333,0.0,0.0,Bellevue_150th_SE38th
7607,0.233866,-0.029965,0.003545,0.3,0.0,0.0,Bellevue_150th_SE38th
7608,0.23998,-0.028776,0.003701,0.533333,0.0,0.0,Bellevue_150th_SE38th
7609,0.235032,-0.02932,0.003613,0.2,0.0,0.0,Bellevue_150th_SE38th
7610,0.237509,-0.029708,0.003554,0.266667,0.0,0.0,Bellevue_150th_SE38th
7611,0.23806,-0.02962,0.003623,0.133333,0.0,0.0,Bellevue_150th_SE38th
7612,0.238506,-0.029975,0.003556,0.233333,0.0,0.0,Bellevue_150th_SE38th
7613,0.237434,-0.029588,0.003558,0.616667,0.077778,0.038889,Bellevue_150th_SE38th
7614,0.360656,-0.008864,0.009096,0.597222,0.163333,-0.021111,Bellevue_150th_SE38th
7615,0.390643,0.007032,0.014521,0.643704,0.14869,0.011468,Bellevue_150th_SE38th
7616,0.366119,-0.001129,0.015224,0.266667,0.077778,-0.05,Bellevue_150th_SE38th
7617,0.235447,-0.029492,0.004092,0.2,0.0,0.0,Bellevue_150th_SE38th
7618,0.237717,-0.028624,0.003793,0.166667,0.0,0.0,Bellevue_150th_SE38th
7619,0.238303,-0.030453,0.003563,0.65,-0.005556,0.044444,Bellevue_150th_SE38th
7620,0.391082,0.010401,0.011818,0.85246,0.161151,0.009841,Bellevue_150th_SE38th
7621,0.439501,0.045301,0.017312,0.635556,-0.008889,0.146667,Bellevue_150th_SE38th
7622,0.326815,-0.014507,0.008853,0.266667,0.0,0.0,Bellevue_150th_SE38th
7623,0.233889,-0.02987,0.003859,0.35,0.1,0.033333,Bellevue_150th_SE38th
7624,0.335718,-0.015084,0.009241,0.4,0.016667,-0.05,Bellevue_150th_SE38th
7625,0.353151,-0.01271,0.01096,0.244444,-0.011111,0.011111,Bellevue_150th_SE38th
7626,0.334088,-0.007826,0.011636,0.455556,0.033333,0.016667,Bellevue_150th_SE38th
7627,0.240739,-0.031036,0.003658,0.066667,0.0,0.0,Bellevue_150th_SE38th
7628,0.240739,-0.032451,0.003272,0.233333,0.0,0.0,Bellevue_150th_SE38th
7629,0.238302,-0.028784,0.003738,0.133333,0.0,0.0,Bellevue_150th_SE38th
7630,0.294682,-0.015792,0.006904,0.133333,0.0,0.0,Bellevue_150th_SE38th
7631,0.375711,0.007173,0.010462,0.166667,0.0,0.0,Bellevue_150th_SE38th
7632,0.238339,-0.030126,0.003569,0.433333,0.016667,0.0,Bellevue_150th_SE38th
7633,0.344302,-0.012791,0.009788,0.304365,0.048016,0.021429,Bellevue_150th_SE38th
7634,0.389183,0.002194,0.015549,0.519286,-0.019762,0.078651,Bellevue_150th_SE38th
7635,0.268796,-0.030356,0.00665,0.48746,0.085556,0.085635,Bellevue_150th_SE38th
7636,0.413374,0.021132,0.01296,0.770489,-0.000384,0.026429,Bellevue_150th_SE38th
7637,0.410376,0.027147,0.017109,0.46,0.0,0.016667,Bellevue_150th_SE38th
7638,0.240281,-0.029711,0.003787,0.3,0.0,0.0,Bellevue_150th_SE38th
7639,0.236318,-0.029183,0.003736,0.166667,0.0,0.0,Bellevue_150th_SE38th
7640,0.236403,-0.029919,0.003661,0.683333,0.066667,0.066667,Bellevue_150th_SE38th
7641,0.376556,0.005122,0.011339,0.594841,0.017302,0.063333,Bellevue_150th_SE38th
7642,0.332832,-0.011718,0.011766,0.447222,0.005556,0.011111,Bellevue_150th_SE38th
7643,0.330906,-0.017502,0.008981,0.266667,0.133333,0.016667,Bellevue_150th_SE38th
7644,0.338067,-0.014598,0.00849,0.3,0.05,0.044444,Bellevue_150th_SE38th
7645,0.356549,-0.012498,0.008734,0.508333,-0.013889,0.063889,Bellevue_150th_SE38th
7646,0.314022,-0.028685,0.00842,0.4,0.033333,0.0,Bellevue_150th_SE38th
7647,0.297014,-0.014703,0.00703,0.383333,0.066667,0.0,Bellevue_150th_SE38th
7648,0.317943,-0.013996,0.009496,0.3,0.0,0.0,Bellevue_150th_SE38th
7649,0.23827,-0.029914,0.003797,0.5,0.0,0.0,Bellevue_150th_SE38th
7650,0.236393,-0.029902,0.003638,0.233333,0.0,0.033333,Bellevue_150th_SE38th
7651,0.236902,-0.029815,0.003666,0.366667,0.0,0.0,Bellevue_150th_SE38th
7652,0.236864,-0.029708,0.003618,0.133333,0.0,0.0,Bellevue_150th_SE38th
7653,0.237414,-0.029882,0.00359,0.116667,0.033333,0.0,Bellevue_150th_SE38th
7654,0.329252,-0.010217,0.008427,0.283333,-0.016667,0.016667,Bellevue_150th_SE38th
7655,0.236427,-0.030212,0.003868,0.266667,0.0,0.0,Bellevue_150th_SE38th
7656,0.233053,-0.031417,0.003401,0.166667,0.0,0.0,Bellevue_150th_SE38th
7657,0.234459,-0.030469,0.003531,0.133333,0.0,0.0,Bellevue_150th_SE38th
7658,0.238923,-0.02897,0.003763,0.166667,0.0,0.0,Bellevue_150th_SE38th
7659,0.236327,-0.029809,0.00358,0.333333,0.0,0.0,Bellevue_150th_SE38th
7660,0.235531,-0.029841,0.003675,0.666667,0.161111,0.05,Bellevue_150th_SE38th
7661,0.366543,0.00064,0.01035,0.933333,0.433333,0.222222,Bellevue_150th_SE38th
7662,0.385515,0.001064,0.015364,0.639444,0.012222,0.118889,Bellevue_150th_SE38th
7663,0.317557,-0.013308,0.008326,0.3,0.0,0.0,Bellevue_150th_SE38th
7664,0.23183,-0.030491,0.003876,0.166667,0.0,0.0,Bellevue_150th_SE38th
7665,0.237187,-0.03076,0.003517,0.233333,0.0,0.0,Bellevue_150th_SE38th
7666,0.236555,-0.03023,0.003595,0.2,0.0,0.0,Bellevue_150th_SE38th
7667,0.237827,-0.029668,0.003632,0.466667,0.0,0.0,Bellevue_150th_SE38th
7668,0.237269,-0.030382,0.003541,0.133333,0.0,0.0,Bellevue_150th_SE38th
7669,0.231066,-0.030578,0.003523,0.266667,0.0,0.0,Bellevue_150th_SE38th
7670,0.234928,-0.02937,0.003654,0.388889,0.1,0.016667,Bellevue_150th_SE38th
7671,0.346005,-0.004721,0.009208,0.35,-0.016667,0.0,Bellevue_150th_SE38th
7672,0.323948,-0.01084,0.009244,0.266667,0.0,0.0,Bellevue_150th_SE38th
7673,0.376996,0.000447,0.013186,0.527778,-0.033333,0.066667,Bellevue_150th_SE38th
7674,0.244833,-0.029599,0.003803,0.333333,0.0,0.0,Bellevue_150th_SE38th
7675,0.233083,-0.028729,0.003699,0.233333,0.0,0.0,Bellevue_150th_SE38th
7676,0.331232,-0.013008,0.009477,0.366667,0.016667,0.066667,Bellevue_150th_SE38th
7677,0.237159,-0.029639,0.003239,0.366667,0.0,0.0,Bellevue_150th_SE38th
7678,0.232967,-0.029471,0.003569,0.577778,0.05,0.111111,Bellevue_150th_SE38th
7679,0.330253,-0.012789,0.008447,0.4,0.0,0.0,Bellevue_150th_SE38th
7680,0.235729,-0.029909,0.003561,0.666667,0.0,0.233333,Bellevue_150th_SE38th
7681,0.379167,0.000207,0.010266,0.433333,0.016667,0.0,Bellevue_150th_SE38th
7682,0.284132,-0.021679,0.008439,0.305556,0.1,0.022222,Bellevue_150th_SE38th
7683,0.286521,-0.025511,0.006793,0.133333,0.0,0.033333,Bellevue_150th_SE38th
7684,0.233157,-0.030066,0.003516,0.233333,0.0,0.0,Bellevue_150th_SE38th
7685,0.236452,-0.029504,0.003557,0.233333,0.0,0.0,Bellevue_150th_SE38th
7686,0.235168,-0.029312,0.003607,0.2,0.0,0.0,Bellevue_150th_SE38th
7687,0.233378,-0.029322,0.003572,0.4,0.0,0.0,Bellevue_150th_SE38th
7688,0.238162,-0.030126,0.003416,0.166667,0.0,0.0,Bellevue_150th_SE38th
7689,0.365051,-0.000179,0.012136,0.416111,0.134444,0.019444,Bellevue_150th_SE38th
7690,0.387483,0.003046,0.013499,0.433333,0.111111,0.05,Bellevue_150th_SE38th
7691,0.244769,-0.030036,0.005498,0.1,0.0,0.0,Bellevue_150th_SE38th
7692,0.235001,-0.029582,0.003534,0.1,0.0,0.0,Bellevue_150th_SE38th
7693,0.236963,-0.028059,0.003823,0.25,-0.066667,0.1,Bellevue_150th_SE38th
7694,0.347925,0.005683,0.010185,0.222222,0.0,0.0,Bellevue_150th_SE38th
7695,0.270752,-0.026261,0.005914,0.233333,0.0,0.0,Bellevue_150th_SE38th
7696,0.234541,-0.030032,0.003443,0.505556,0.1,0.075,Bellevue_150th_SE38th
7697,0.368126,0.000141,0.011296,0.731349,0.0,0.006667,Bellevue_150th_SE38th
7698,0.366366,-0.005611,0.013521,0.332222,0.0,0.012222,Bellevue_150th_SE38th
7699,0.23918,-0.027758,0.00398,0.333333,0.0,0.0,Bellevue_150th_SE38th
7700,0.237265,-0.029609,0.003568,0.066667,0.0,0.0,Bellevue_150th_SE38th
7701,0.235866,-0.028486,0.003701,0.45,0.216667,0.011111,Bellevue_150th_SE38th
7702,0.358456,-0.010179,0.012589,0.3,0.0,0.0,Bellevue_150th_SE38th
7703,0.357405,0.000159,0.01031,0.405556,-0.016667,0.061111,Bellevue_150th_SE38th
7704,0.237001,-0.028506,0.003709,0.490556,0.0,0.141667,Bellevue_150th_SE38th
7705,0.34203,-0.01388,0.009218,0.480556,-0.016667,0.175,Bellevue_150th_SE38th
7706,0.278828,-0.025747,0.006756,0.2,0.0,0.0,Bellevue_150th_SE38th
7707,0.237289,-0.028535,0.003608,0.233333,0.0,0.0,Bellevue_150th_SE38th
7708,0.234819,-0.02898,0.00361,0.266667,0.0,0.0,Bellevue_150th_SE38th
7709,0.264866,-0.017784,0.005886,0.361111,0.05,-0.005556,Bellevue_150th_SE38th
7710,0.353945,0.001414,0.012052,0.327778,0.0,0.072222,Bellevue_150th_SE38th
7711,0.318855,-0.007269,0.01162,0.2,0.0,0.033333,Bellevue_150th_SE38th
7712,0.236846,-0.028259,0.003799,0.166667,0.0,0.0,Bellevue_150th_SE38th
7713,0.23771,-0.028477,0.0037,0.133333,0.0,0.0,Bellevue_150th_SE38th
7714,0.238301,-0.028107,0.003702,0.404444,0.043333,0.145556,Bellevue_150th_SE38th
7715,0.360088,-0.005929,0.011484,0.4,0.083333,-0.033333,Bellevue_150th_SE38th
7716,0.29453,-0.011495,0.007925,0.466667,0.05,0.083333,Bellevue_150th_SE38th
7717,0.342816,-0.013617,0.011926,0.166667,0.0,0.0,Bellevue_150th_SE38th
7718,0.25561,-0.031628,0.005928,0.266667,0.0,0.0,Bellevue_150th_SE38th
7719,0.234434,-0.028761,0.003707,0.4,0.0,0.0,Bellevue_150th_SE38th
7720,0.236004,-0.029486,0.003468,0.266667,0.0,0.0,Bellevue_150th_SE38th
7721,0.235261,-0.029292,0.003632,0.2,0.0,0.0,Bellevue_150th_SE38th
7722,0.235507,-0.0293,0.003574,0.366667,0.0,0.033333,Bellevue_150th_SE38th
7723,0.235099,-0.028427,0.00383,0.4,0.0,0.083333,Bellevue_150th_SE38th
7724,0.348109,-0.004987,0.009445,0.322222,0.1,0.033333,Bellevue_150th_SE38th
7725,0.369816,-0.00341,0.014034,0.487778,0.1,0.033333,Bellevue_150th_SE38th
7726,0.232307,-0.028563,0.004328,0.1,0.0,0.0,Bellevue_150th_SE38th
7727,0.236025,-0.029753,0.003584,0.628889,0.158333,0.091111,Bellevue_150th_SE38th
7728,0.356157,-0.004575,0.011797,0.667222,0.044444,0.242778,Bellevue_150th_SE38th
7729,0.323138,-0.00784,0.008488,0.133333,0.0,0.0,Bellevue_150th_SE38th
7730,0.234331,-0.028953,0.003731,0.233333,0.0,0.0,Bellevue_150th_SE38th
7731,0.234389,-0.029375,0.003601,0.4,0.0,0.0,Bellevue_150th_SE38th
7732,0.235658,-0.028833,0.003636,0.4,0.0,0.033333,Bellevue_150th_SE38th
7733,0.232642,-0.029838,0.003513,0.432222,0.066667,-0.01,Bellevue_150th_SE38th
7734,0.330607,-0.008553,0.008372,0.388889,0.016667,-0.005556,Bellevue_150th_SE38th
7735,0.235054,-0.030334,0.004247,0.233333,0.0,0.0,Bellevue_150th_SE38th
7736,0.23598,-0.029183,0.003679,0.272222,0.0,0.066667,Bellevue_150th_SE38th
7737,0.304159,-0.015556,0.00859,0.728849,0.142778,0.058651,Bellevue_150th_SE38th
7738,0.338759,-0.005211,0.010161,0.618254,-0.008333,0.066111,Bellevue_150th_SE38th
7739,0.356888,-0.002044,0.013657,0.416667,-0.016667,0.016667,Bellevue_150th_SE38th
7740,0.234604,-0.02914,0.003754,0.333333,0.0,0.0,Bellevue_150th_SE38th
7741,0.234191,-0.02941,0.003688,0.433333,0.0,0.033333,Bellevue_150th_SE38th
7742,0.327376,-0.007936,0.008305,0.45,-0.016667,0.066667,Bellevue_150th_SE38th
7743,0.232597,-0.029402,0.003654,0.366667,0.0,0.0,Bellevue_150th_SE38th
7744,0.234258,-0.028725,0.003749,0.166667,0.0,0.0,Bellevue_150th_SE38th
7745,0.234527,-0.029515,0.003603,0.266667,0.016667,0.0,Bellevue_150th_SE38th
7746,0.345118,-0.014143,0.010205,0.3,0.0,0.0,Bellevue_150th_SE38th
7747,0.337565,-0.012752,0.011728,0.666667,0.25,-0.083333,Bellevue_150th_SE38th
7748,0.393192,0.001531,0.008262,0.5,0.166667,0.116667,Bellevue_150th_SE38th
7749,0.266852,-0.028029,0.006374,0.303333,-0.105556,0.111111,Bellevue_150th_SE38th
7750,0.409429,0.019838,0.013851,0.525555,0.075,0.076667,Bellevue_150th_SE38th
7751,0.35355,-0.011937,0.011597,0.366667,0.033333,0.0,Bellevue_150th_SE38th
7752,0.361501,0.001914,0.009297,0.31,0.0,0.0,Bellevue_150th_SE38th
7753,0.377104,0.010675,0.014668,0.316667,0.0,0.027778,Bellevue_150th_SE38th
7754,0.338385,-0.016999,0.011036,0.216667,-0.033333,0.033333,Bellevue_150th_SE38th
7755,0.382377,0.014561,0.012957,0.233333,0.033333,0.0,Bellevue_150th_SE38th
7756,0.253865,-0.023202,0.004641,0.483333,-0.025,0.158333,Bellevue_150th_SE38th
7757,0.241519,-0.029474,0.003432,0.1,0.0,0.0,Bellevue_150th_SE38th
7758,0.235069,-0.028812,0.003621,0.4,0.0,0.0,Bellevue_150th_SE38th
7759,0.235462,-0.028897,0.003625,0.366667,0.0,0.0,Bellevue_150th_SE38th
7760,0.234319,-0.029184,0.003531,0.233333,0.0,0.0,Bellevue_150th_SE38th
7761,0.236388,-0.029566,0.003521,0.233333,0.0,0.0,Bellevue_150th_SE38th
7762,0.236109,-0.029567,0.003551,0.338889,-0.05,0.077778,Bellevue_150th_SE38th
7763,0.295291,-0.026513,0.006258,0.355556,-0.008333,0.025,Bellevue_150th_SE38th
7764,0.34392,-0.001563,0.009912,0.25,0.0,-0.016667,Bellevue_150th_SE38th
7765,0.234632,-0.029571,0.003765,0.133333,0.0,0.0,Bellevue_150th_SE38th
7766,0.233837,-0.028561,0.003709,0.444444,-0.011111,0.122222,Bellevue_150th_SE38th
7767,0.363693,-0.001638,0.011398,0.338889,0.0,0.027778,Bellevue_150th_SE38th
7768,0.233715,-0.028908,0.003799,0.133333,0.0,0.0,Bellevue_150th_SE38th
7769,0.237254,-0.029246,0.003638,0.472222,-0.044444,0.127778,Bellevue_150th_SE38th
7770,0.383331,0.013507,0.01469,0.383333,-0.016667,-0.016667,Bellevue_150th_SE38th
7771,0.345811,-0.012818,0.012681,0.577778,0.116667,0.133333,Bellevue_150th_SE38th
7772,0.332404,-0.012216,0.009337,0.355556,0.033333,0.011111,Bellevue_150th_SE38th
7773,0.30667,-0.011316,0.007726,0.222222,0.016667,0.0,Bellevue_150th_SE38th
7774,0.237878,-0.029161,0.003876,0.266667,0.0,0.0,Bellevue_150th_SE38th
7775,0.234413,-0.029117,0.003581,0.4,0.0,0.0,Bellevue_150th_SE38th
7776,0.236229,-0.027818,0.003771,0.266667,0.0,0.0,Bellevue_150th_SE38th
7777,0.238034,-0.028922,0.003616,0.133333,0.0,0.0,Bellevue_150th_SE38th
7778,0.233901,-0.02919,0.003619,0.3,0.0,0.0,Bellevue_150th_SE38th
7779,0.237204,-0.028256,0.003715,0.4,0.0,0.0,Bellevue_150th_SE38th
7780,0.232384,-0.027891,0.003787,0.2,0.0,0.0,Bellevue_150th_SE38th
7781,0.237219,-0.028061,0.003724,0.2,0.0,0.0,Bellevue_150th_SE38th
7782,0.257186,-0.023854,0.004349,0.808333,-0.022222,0.647222,Bellevue_150th_SE38th
7783,0.419535,0.021557,0.016196,0.290556,-0.098889,0.116667,Bellevue_150th_SE38th
7784,0.317953,-0.015506,0.009562,0.433333,0.0,0.0,Bellevue_150th_SE38th
7785,0.324973,-0.016713,0.008845,0.2,0.0,0.0,Bellevue_150th_SE38th
7786,0.232583,-0.029295,0.003723,0.166667,0.0,0.0,Bellevue_150th_SE38th
7787,0.236422,-0.029275,0.003587,0.433333,0.0,0.0,Bellevue_150th_SE38th
7788,0.238043,-0.027913,0.003876,0.333333,0.0,0.0,Bellevue_150th_SE38th
7789,0.329795,-0.017155,0.010772,0.477778,0.0,0.033333,Bellevue_150th_SE38th
7790,0.32387,-0.012193,0.007982,0.066667,0.0,0.0,Bellevue_150th_SE38th
7791,0.234142,-0.028821,0.003618,0.5,0.111111,0.088889,Bellevue_150th_SE38th
7792,0.360177,-0.003789,0.011392,0.511349,0.013095,0.005794,Bellevue_150th_SE38th
7793,0.374121,-0.001911,0.014737,0.526667,0.083333,0.006667,Bellevue_150th_SE38th
7794,0.243611,-0.029407,0.003968,0.266667,0.0,0.0,Bellevue_150th_SE38th
7795,0.236872,-0.029547,0.003488,0.2,0.0,0.0,Bellevue_150th_SE38th
7796,0.237271,-0.029675,0.003497,0.333333,0.0,0.0,Bellevue_150th_SE38th
7797,0.235769,-0.029235,0.003646,0.2,0.0,0.0,Bellevue_150th_SE38th
7798,0.235958,-0.030221,0.003353,0.166667,0.0,0.0,Bellevue_150th_SE38th
7799,0.232056,-0.029994,0.003416,0.366667,0.0,0.0,Bellevue_150th_SE38th
7800,0.236722,-0.028841,0.00361,0.366667,0.0,0.0,Bellevue_150th_SE38th
7801,0.232278,-0.030065,0.003476,0.3,0.0,0.0,Bellevue_150th_SE38th
7802,0.231246,-0.029731,0.003587,0.133333,0.0,0.0,Bellevue_150th_SE38th
7803,0.237203,-0.029062,0.003619,0.366667,0.0,0.0,Bellevue_150th_SE38th
7804,0.235369,-0.02818,0.003699,0.233333,0.0,0.0,Bellevue_150th_SE38th
7805,0.234653,-0.029205,0.003562,0.266667,0.0,0.0,Bellevue_150th_SE38th
7806,0.236417,-0.029195,0.003557,0.4,0.0,0.0,Bellevue_150th_SE38th
7807,0.234782,-0.029556,0.003533,0.427778,0.022222,0.066667,Bellevue_150th_SE38th
7808,0.352324,-0.00275,0.0108,0.45,0.052778,0.033333,Bellevue_150th_SE38th
7809,0.283499,-0.030699,0.007102,0.266667,0.0,0.0,Bellevue_150th_SE38th
7810,0.293954,-0.030126,0.007971,0.3,0.0,0.0,Bellevue_150th_SE38th
7811,0.232714,-0.030051,0.00351,0.233333,0.0,0.0,Bellevue_150th_SE38th
7812,0.23399,-0.029941,0.003468,0.354444,0.033333,0.0,Bellevue_150th_SE38th
7813,0.367641,-0.005646,0.012463,0.575727,0.064405,0.09963,Bellevue_150th_SE38th
7814,0.466115,0.063323,0.022172,0.721349,0.260397,0.097937,Bellevue_150th_SE38th
7815,0.34322,-0.003337,0.014674,0.611111,0.018889,0.04,Bellevue_150th_SE38th
7816,0.252325,-0.028185,0.004139,0.3,0.0,0.0,Bellevue_150th_SE38th
7817,0.231822,-0.029867,0.003521,0.266667,0.033333,-0.033333,Bellevue_150th_SE38th
7818,0.3342,-0.013871,0.008818,0.291667,0.0,0.0,Bellevue_150th_SE38th
7819,0.339854,-0.01274,0.012715,0.344444,-0.016667,0.127778,Bellevue_150th_SE38th
7820,0.252447,-0.029082,0.004802,0.386111,0.033333,0.011111,Bellevue_150th_SE38th
7821,0.33908,-0.011939,0.010161,0.083333,-0.016667,0.016667,Bellevue_150th_SE38th
7822,0.234761,-0.027871,0.004226,0.333333,0.0,0.0,Bellevue_150th_SE38th
7823,0.234282,-0.029265,0.003592,0.416667,-0.016667,0.133333,Bellevue_150th_SE38th
7824,0.415464,0.020962,0.015053,0.5,0.05,-0.016667,Bellevue_150th_SE38th
7825,0.258203,-0.029948,0.00529,0.266667,0.0,0.0,Bellevue_150th_SE38th
7826,0.235474,-0.029485,0.003494,0.166667,0.0,0.0,Bellevue_150th_SE38th
7827,0.235153,-0.028962,0.003674,0.166667,0.0,0.0,Bellevue_150th_SE38th
7828,0.233307,-0.029171,0.003595,0.433333,0.0,0.0,Bellevue_150th_SE38th
7829,0.237103,-0.028883,0.003598,0.133333,0.033333,0.0,Bellevue_150th_SE38th
7830,0.360793,-0.004848,0.010839,0.266667,0.0,0.016667,Bellevue_150th_SE38th
7831,0.337182,-0.011007,0.011472,0.422222,0.05,0.05,Bellevue_150th_SE38th
7832,0.231204,-0.029145,0.003794,0.333333,0.0,0.0,Bellevue_150th_SE38th
7833,0.234852,-0.02908,0.003564,0.166667,0.0,0.0,Bellevue_150th_SE38th
7834,0.235343,-0.028601,0.003638,0.3,0.0,0.0,Bellevue_150th_SE38th
7835,0.235545,-0.029244,0.003573,0.133333,0.0,0.0,Bellevue_150th_SE38th
7836,0.238402,-0.028488,0.003647,0.266667,0.0,0.0,Bellevue_150th_SE38th
7837,0.330954,-0.013293,0.010158,0.166667,0.0,0.0,Bellevue_150th_SE38th
7838,0.234355,-0.029426,0.004108,0.166667,0.0,0.0,Bellevue_150th_SE38th
7839,0.235399,-0.028585,0.003696,0.1,0.0,0.0,Bellevue_150th_SE38th
7840,0.236095,-0.027997,0.003711,0.266667,0.0,0.0,Bellevue_150th_SE38th
7841,0.233684,-0.028794,0.003673,0.1,0.0,0.0,Bellevue_150th_SE38th
7842,0.233589,-0.028639,0.003729,0.3,0.0,0.0,Bellevue_150th_SE38th
7843,0.235263,-0.028269,0.003786,0.683333,0.066667,0.027778,Bellevue_150th_SE38th
7844,0.337185,-0.008036,0.00961,0.653333,-0.038889,0.182778,Bellevue_150th_SE38th
7845,0.360945,-0.005258,0.013614,0.422222,0.183333,0.066667,Bellevue_150th_SE38th
7846,0.235745,-0.029056,0.004116,0.233333,0.0,0.0,Bellevue_150th_SE38th
7847,0.231684,-0.030165,0.003538,0.233333,0.0,0.0,Bellevue_150th_SE38th
7848,0.23628,-0.029276,0.00355,0.2,0.0,0.0,Bellevue_150th_SE38th
7849,0.236761,-0.029374,0.00361,0.166667,0.0,0.0,Bellevue_150th_SE38th
7850,0.23685,-0.029124,0.00356,0.366667,0.0,0.033333,Bellevue_150th_SE38th
7851,0.346019,-0.012696,0.010151,0.488889,0.033333,-0.022222,Bellevue_150th_SE38th
7852,0.35871,-0.010983,0.013828,0.620556,0.002778,0.098056,Bellevue_150th_SE38th
7853,0.361437,-0.004158,0.011461,0.663889,0.0,0.077778,Bellevue_150th_SE38th
7854,0.320441,-0.015105,0.009312,0.347222,-0.016667,0.0,Bellevue_150th_SE38th
7855,0.247651,-0.029025,0.003769,0.528333,-0.006667,0.137222,Bellevue_150th_SE38th
7856,0.361766,0.002518,0.010408,0.397222,0.0,0.063889,Bellevue_150th_SE38th
7857,0.240192,-0.029075,0.003899,0.166667,0.0,0.0,Bellevue_150th_SE38th
7858,0.235662,-0.02919,0.003568,0.2,0.0,0.0,Bellevue_150th_SE38th
7859,0.236529,-0.028519,0.00369,0.468333,0.004444,0.028889,Bellevue_150th_SE38th
7860,0.34632,0.003902,0.008159,0.488889,-0.044444,0.011111,Bellevue_150th_SE38th
7861,0.234071,-0.028225,0.004039,0.133333,0.0,0.0,Bellevue_150th_SE38th
7862,0.235073,-0.028105,0.003736,0.466667,0.0,0.0,Bellevue_150th_SE38th
7863,0.238924,-0.027971,0.003712,0.366667,0.0,0.0,Bellevue_150th_SE38th
7864,0.236151,-0.028008,0.003714,0.2,0.0,0.0,Bellevue_150th_SE38th
7865,0.236959,-0.029056,0.003555,0.133333,0.0,0.0,Bellevue_150th_SE38th
7866,0.332461,-0.015957,0.01017,0.355556,0.0,0.0,Bellevue_150th_SE38th
7867,0.23701,-0.02846,0.003791,0.266667,0.0,0.0,Bellevue_150th_SE38th
7868,0.235605,-0.02887,0.003608,0.366667,0.0,0.016667,Bellevue_150th_SE38th
7869,0.235517,-0.028498,0.003708,0.233333,0.0,0.0,Bellevue_150th_SE38th
7870,0.235845,-0.028932,0.003615,0.433333,0.0,0.0,Bellevue_150th_SE38th
7871,0.240265,-0.02765,0.003742,0.233333,0.0,0.0,Bellevue_150th_SE38th
7872,0.237568,-0.027075,0.003818,0.466667,0.1,0.033333,Bellevue_150th_SE38th
7873,0.353475,-0.008407,0.011579,0.45,0.122222,0.077778,Bellevue_150th_SE38th
7874,0.383611,0.007191,0.014411,0.325,0.0,0.041667,Bellevue_150th_SE38th
7875,0.235112,-0.028622,0.004273,0.166667,0.0,0.0,Bellevue_150th_SE38th
7876,0.236959,-0.028423,0.003674,0.266667,0.0,0.0,Bellevue_150th_SE38th
7877,0.235299,-0.028865,0.003586,0.366667,0.0,0.016667,Bellevue_150th_SE38th
7878,0.349054,-0.010191,0.010812,0.575,0.005556,0.108333,Bellevue_150th_SE38th
7879,0.327922,-0.019132,0.009149,0.266667,0.0,0.0,Bellevue_150th_SE38th
7880,0.241261,-0.028088,0.003616,0.133333,0.0,0.033333,Bellevue_150th_SE38th
7881,0.241486,-0.027752,0.003735,0.166667,0.0,0.0,Bellevue_150th_SE38th
7882,0.24017,-0.028533,0.00361,0.033333,0.0,0.0,Bellevue_150th_SE38th
7883,0.235742,-0.027718,0.003785,0.4,0.0,0.233333,Bellevue_150th_SE38th
7884,0.452789,0.083231,0.020839,0.69,-0.022222,0.377778,Bellevue_150th_SE38th
7885,0.401623,0.020846,0.020059,0.530556,0.008333,0.05,Bellevue_150th_SE38th
7886,0.29795,-0.024199,0.008204,0.233333,0.0,0.0,Bellevue_150th_SE38th
7887,0.235565,-0.028033,0.003752,0.333333,0.0,0.0,Bellevue_150th_SE38th
7888,0.240617,-0.027537,0.00371,0.133333,0.0,0.016667,Bellevue_150th_SE38th
7889,0.241361,-0.028373,0.003572,0.2,0.0,0.0,Bellevue_150th_SE38th
7890,0.23658,-0.028611,0.003596,0.233333,0.0,0.0,Bellevue_150th_SE38th
7891,0.236307,-0.028802,0.003588,0.466667,0.0,0.0,Bellevue_150th_SE38th
7892,0.238241,-0.028114,0.003704,0.033333,0.0,0.0,Bellevue_150th_SE38th
7893,0.237272,-0.028453,0.003633,0.266667,0.0,0.0,Bellevue_150th_SE38th
7894,0.240247,-0.027155,0.003741,0.316667,-0.016667,0.066667,Bellevue_150th_SE38th
7895,0.376802,0.005292,0.011287,0.677778,-0.038889,0.262222,Bellevue_150th_SE38th
7896,0.348113,-0.008728,0.013054,0.625,0.019444,0.130556,Bellevue_150th_SE38th
7897,0.361572,-0.003686,0.012563,0.592778,0.069444,0.083333,Bellevue_150th_SE38th
7898,0.238438,-0.028342,0.00376,0.3,0.0,0.0,Bellevue_150th_SE38th
7899,0.238161,-0.028178,0.003726,0.233333,0.0,0.016667,Bellevue_150th_SE38th
7900,0.329542,-0.012834,0.009249,0.466667,-0.016667,0.083333,Bellevue_150th_SE38th
7901,0.232215,-0.028534,0.003903,0.443333,0.0,0.066667,Bellevue_150th_SE38th
7902,0.337901,-0.014822,0.01101,0.366667,0.0,0.0,Bellevue_150th_SE38th
7903,0.374387,-0.009066,0.014892,0.55,0.166667,0.0,Bellevue_150th_SE38th
7904,0.404925,0.030699,0.009631,0.430556,0.083333,0.05,Bellevue_150th_SE38th
7905,0.337318,0.001003,0.012667,0.266667,0.0,0.0,Bellevue_150th_SE38th
7906,0.298692,-0.013032,0.006965,0.333333,0.0,0.0,Bellevue_150th_SE38th
7907,0.336155,-0.00436,0.009377,0.448889,0.083333,0.04,Bellevue_150th_SE38th
7908,0.37979,0.006628,0.010817,0.477778,0.05,0.094444,Bellevue_150th_SE38th
7909,0.270665,-0.030376,0.005501,0.4,0.033333,0.016667,Bellevue_150th_SE38th
7910,0.357649,-0.008223,0.011562,0.282222,-0.066667,0.0,Bellevue_150th_SE38th
7911,0.241465,-0.028821,0.004528,0.3,0.0,0.0,Bellevue_150th_SE38th
7912,0.238676,-0.029162,0.003555,0.233333,0.0,0.0,Bellevue_150th_SE38th
7913,0.330621,-0.014371,0.010263,0.1,-0.033333,0.033333,Bellevue_150th_SE38th
7914,0.24173,-0.028259,0.003978,0.2,0.0,0.0,Bellevue_150th_SE38th
7915,0.239684,-0.027935,0.003668,0.4,0.0,0.0,Bellevue_150th_SE38th
7916,0.240399,-0.029379,0.003474,0.133333,0.0,0.0,Bellevue_150th_SE38th
7917,0.237955,-0.028857,0.003575,0.266667,0.0,0.0,Bellevue_150th_SE38th
7918,0.235775,-0.029539,0.003526,0.2,0.0,0.0,Bellevue_150th_SE38th
7919,0.237248,-0.028478,0.003659,0.133333,0.0,0.0,Bellevue_150th_SE38th
7920,0.240411,-0.028646,0.003656,0.166667,0.0,0.0,Bellevue_150th_SE38th
7921,0.23842,-0.029007,0.003586,0.433333,0.0,0.0,Bellevue_150th_SE38th
7922,0.238367,-0.029261,0.003588,0.233333,0.0,0.0,Bellevue_150th_SE38th
7923,0.238062,-0.028584,0.003615,0.166667,0.0,0.0,Bellevue_150th_SE38th
7924,0.242293,-0.028197,0.003736,0.266667,0.0,0.0,Bellevue_150th_SE38th
7925,0.238208,-0.029102,0.003552,0.585,0.011111,0.051111,Bellevue_150th_SE38th
7926,0.455853,0.045135,0.016561,0.725,0.008333,0.053889,Bellevue_150th_SE38th
7927,0.410482,0.015595,0.017526,0.661111,0.055556,0.005556,Bellevue_150th_SE38th
7928,0.2384,-0.029098,0.00386,0.166667,0.0,0.0,Bellevue_150th_SE38th
7929,0.237382,-0.029171,0.003592,0.333333,0.0,0.016667,Bellevue_150th_SE38th
7930,0.236103,-0.028974,0.003694,0.2,0.0,0.0,Bellevue_150th_SE38th
7931,0.238863,-0.029634,0.003519,0.333333,0.0,0.0,Bellevue_150th_SE38th
7932,0.236491,-0.029668,0.003538,0.1,0.0,0.0,Bellevue_150th_SE38th
7933,0.237705,-0.029629,0.003499,0.3,0.0,0.0,Bellevue_150th_SE38th
7934,0.239331,-0.029098,0.00362,0.233333,0.0,0.0,Bellevue_150th_SE38th
7935,0.236701,-0.028839,0.003609,0.5,0.016667,0.127778,Bellevue_150th_SE38th
7936,0.332821,-0.015438,0.009301,0.1,0.0,0.0,Bellevue_150th_SE38th
7937,0.235401,-0.028805,0.00385,0.133333,0.0,0.0,Bellevue_150th_SE38th
7938,0.236802,-0.029335,0.003616,0.233333,0.0,0.0,Bellevue_150th_SE38th
7939,0.240624,-0.029658,0.003471,0.433333,0.0,0.033333,Bellevue_150th_SE38th
7940,0.240557,-0.028927,0.00365,0.233333,0.0,0.0,Bellevue_150th_SE38th
7941,0.237532,-0.028944,0.003659,0.366667,0.0,0.0,Bellevue_150th_SE38th
7942,0.235804,-0.030445,0.00339,0.3,0.0,0.033333,Bellevue_150th_SE38th
7943,0.237257,-0.028915,0.00367,0.266667,0.0,0.0,Bellevue_150th_SE38th
7944,0.2385,-0.030012,0.003469,0.233333,0.0,0.0,Bellevue_150th_SE38th
7945,0.238358,-0.02926,0.003568,0.233333,0.0,0.0,Bellevue_150th_SE38th
7946,0.24023,-0.029103,0.003584,0.2,0.0,0.0,Bellevue_150th_SE38th
7947,0.238199,-0.028372,0.003688,0.4,0.0,0.0,Bellevue_150th_SE38th
7948,0.239045,-0.028952,0.003585,0.266667,0.0,0.0,Bellevue_150th_SE38th
7949,0.235572,-0.029022,0.003621,0.1,0.0,0.0,Bellevue_150th_SE38th
7950,0.237271,-0.029507,0.003554,0.233333,0.0,0.0,Bellevue_150th_SE38th
7951,0.241459,-0.028446,0.00374,0.333333,0.0,0.0,Bellevue_150th_SE38th
7952,0.241986,-0.029667,0.003458,0.266667,0.0,0.0,Bellevue_150th_SE38th
7953,0.233752,-0.029769,0.003497,0.166667,0.0,0.0,Bellevue_150th_SE38th
7954,0.238371,-0.029309,0.003544,0.366667,0.0,0.0,Bellevue_150th_SE38th
7955,0.240994,-0.029169,0.003522,0.366667,0.0,0.0,Bellevue_150th_SE38th
7956,0.236732,-0.029415,0.003601,0.233333,0.0,0.033333,Bellevue_150th_SE38th
7957,0.23861,-0.029234,0.003544,0.266667,0.0,0.0,Bellevue_150th_SE38th
7958,0.240036,-0.029212,0.003557,0.166667,0.0,0.0,Bellevue_150th_SE38th
7959,0.239237,-0.028524,0.003596,0.433333,-0.066667,0.15,Bellevue_150th_SE38th
7960,0.355604,-0.010012,0.007913,0.516667,0.166667,-0.016667,Bellevue_150th_SE38th
7961,0.259966,-0.030613,0.005203,0.166667,0.0,0.0,Bellevue_150th_SE38th
7962,0.238865,-0.028826,0.003677,0.266667,0.0,0.0,Bellevue_150th_SE38th
7963,0.238305,-0.028335,0.00366,0.266667,0.0,0.0,Bellevue_150th_SE38th
7964,0.236921,-0.029755,0.003532,0.233333,0.0,0.0,Bellevue_150th_SE38th
7965,0.237241,-0.02904,0.003595,0.266667,0.0,0.0,Bellevue_150th_SE38th
7966,0.237179,-0.029494,0.003577,0.4,0.0,0.0,Bellevue_150th_SE38th
7967,0.237212,-0.028807,0.003602,0.1,0.0,0.0,Bellevue_150th_SE38th
7968,0.239333,-0.028763,0.003694,0.2,0.0,0.0,Bellevue_150th_SE38th
7969,0.24095,-0.028344,0.003657,0.233333,0.0,0.0,Bellevue_150th_SE38th
7970,0.236069,-0.029292,0.003578,0.2,0.0,0.0,Bellevue_150th_SE38th
7971,0.233094,-0.028884,0.003614,0.166667,0.0,0.0,Bellevue_150th_SE38th
7972,0.235545,-0.029864,0.003475,0.233333,0.0,0.0,Bellevue_150th_SE38th
7973,0.234924,-0.029146,0.003596,0.3,0.0,0.0,Bellevue_150th_SE38th
7974,0.238834,-0.028092,0.003741,0.333333,0.0,0.0,Bellevue_150th_SE38th
7975,0.239452,-0.027889,0.003665,0.2,0.0,0.0,Bellevue_150th_SE38th
7976,0.236988,-0.028793,0.003604,0.266667,0.0,0.0,Bellevue_150th_SE38th
7977,0.238707,-0.027813,0.003693,0.2,0.0,0.0,Bellevue_150th_SE38th
7978,0.236891,-0.028426,0.00359,0.233333,0.0,0.0,Bellevue_150th_SE38th
7979,0.237193,-0.028944,0.003561,0.233333,0.0,0.0,Bellevue_150th_SE38th
7980,0.239137,-0.028432,0.003701,0.266667,0.0,0.0,Bellevue_150th_SE38th
7981,0.237238,-0.029093,0.003496,0.2,0.0,0.0,Bellevue_150th_SE38th
7982,0.236346,-0.02975,0.003501,0.266667,0.0,0.0,Bellevue_150th_SE38th
7983,0.238741,-0.028924,0.003553,0.266667,0.0,0.0,Bellevue_150th_SE38th
7984,0.239651,-0.028318,0.003702,0.2,0.0,0.016667,Bellevue_150th_SE38th
7985,0.240237,-0.029271,0.003523,0.433333,0.0,0.0,Bellevue_150th_SE38th
7986,0.239225,-0.028522,0.003588,0.3,0.0,0.0,Bellevue_150th_SE38th
7987,0.238437,-0.028415,0.003629,0.066667,0.0,0.0,Bellevue_150th_SE38th
7988,0.235871,-0.02919,0.003542,0.433333,0.0,0.0,Bellevue_150th_SE38th
7989,0.241054,-0.028203,0.003637,0.5,0.0,0.0,Bellevue_150th_SE38th
7990,0.237405,-0.028833,0.003574,0.066667,0.0,0.0,Bellevue_150th_SE38th
7991,0.237478,-0.028542,0.00364,0.266667,0.0,0.0,Bellevue_150th_SE38th
7992,0.239282,-0.028629,0.003646,0.333333,0.0,0.0,Bellevue_150th_SE38th
7993,0.236826,-0.028614,0.0036,0.3,-0.016667,0.066667,Bellevue_150th_SE38th
7994,0.328568,-0.011133,0.007679,0.133333,0.0,0.0,Bellevue_150th_SE38th
7995,0.237984,-0.027555,0.003923,0.233333,0.016667,0.0,Bellevue_150th_SE38th
7996,0.374626,0.015794,0.010333,0.355556,0.0,0.0,Bellevue_150th_SE38th
7997,0.240235,-0.029477,0.004366,0.3,0.0,0.0,Bellevue_150th_SE38th
7998,0.237896,-0.028992,0.003578,0.366667,0.0,0.0,Bellevue_150th_SE38th
7999,0.329241,-0.014407,0.009741,0.422222,0.033333,0.066667,Bellevue_150th_SE38th
8000,0.237291,-0.028939,0.003769,0.2,0.0,0.0,Bellevue_150th_SE38th
8001,0.237728,-0.029038,0.003561,0.266667,0.0,0.0,Bellevue_150th_SE38th
8002,0.235852,-0.029387,0.003534,0.233333,0.0,0.0,Bellevue_150th_SE38th
8003,0.313061,-0.012617,0.007327,0.333333,0.0,0.0,Bellevue_150th_SE38th
8004,0.324605,-0.016308,0.009162,0.372222,0.127778,0.066667,Bellevue_150th_SE38th
8005,0.359724,-0.004364,0.005873,0.233333,0.016667,-0.016667,Bellevue_150th_SE38th
8006,0.239138,-0.029273,0.004627,0.166667,0.0,0.0,Bellevue_150th_SE38th
8007,0.234262,-0.029177,0.003543,0.266667,0.0,0.0,Bellevue_150th_SE38th
8008,0.236743,-0.029601,0.003524,0.4,0.0,0.0,Bellevue_150th_SE38th
8009,0.236909,-0.029159,0.003548,0.2,0.0,0.0,Bellevue_150th_SE38th
8010,0.240831,-0.026959,0.003789,0.266667,0.0,0.011111,Bellevue_150th_SE38th
8011,0.239779,-0.027796,0.003643,0.2,0.0,0.0,Bellevue_150th_SE38th
8012,0.238756,-0.027948,0.003695,0.4,0.0,0.0,Bellevue_150th_SE38th
8013,0.236431,-0.028211,0.003679,0.366667,0.0,0.0,Bellevue_150th_SE38th
8014,0.238164,-0.027683,0.003756,0.2,0.0,0.0,Bellevue_150th_SE38th
8015,0.243248,-0.027757,0.003631,0.233333,0.0,0.0,Bellevue_150th_SE38th
8016,0.332299,-0.008601,0.007975,0.672222,0.25,0.033333,Bellevue_150th_SE38th
8017,0.339696,-0.013787,0.008783,0.4,0.0,0.0,Bellevue_150th_SE38th
8018,0.238547,-0.02801,0.003745,0.3,0.0,0.0,Bellevue_150th_SE38th
8019,0.237415,-0.027858,0.003695,0.2,0.0,0.0,Bellevue_150th_SE38th
8020,0.238041,-0.028678,0.003579,0.233333,0.033333,0.016667,Bellevue_150th_SE38th
8021,0.348241,-0.004118,0.009184,0.233333,0.033333,-0.033333,Bellevue_150th_SE38th
8022,0.236937,-0.028736,0.003906,0.166667,0.0,0.0,Bellevue_150th_SE38th
8023,0.237329,-0.028732,0.003565,0.233333,0.0,0.0,Bellevue_150th_SE38th
8024,0.239211,-0.028883,0.003572,0.133333,0.0,0.0,Bellevue_150th_SE38th
8025,0.234853,-0.029864,0.00347,0.333333,0.0,0.0,Bellevue_150th_SE38th
8026,0.236654,-0.028979,0.003562,0.166667,0.0,0.0,Bellevue_150th_SE38th
8027,0.237354,-0.028248,0.003594,0.233333,0.0,0.0,Bellevue_150th_SE38th
8028,0.2385,-0.028231,0.003689,0.422222,0.033333,0.083333,Bellevue_150th_SE38th
8029,0.33856,-0.014804,0.009814,0.3,0.0,0.0,Bellevue_150th_SE38th
8030,0.234631,-0.028985,0.003617,0.166667,0.0,0.0,Bellevue_150th_SE38th
8031,0.240492,-0.028635,0.00352,0.2,0.0,0.0,Bellevue_150th_SE38th
8032,0.238664,-0.02907,0.003533,0.3,0.0,0.0,Bellevue_150th_SE38th
8033,0.239758,-0.028941,0.003557,0.3,0.0,0.0,Bellevue_150th_SE38th
8034,0.24169,-0.028486,0.003657,0.266667,0.0,0.0,Bellevue_150th_SE38th
8035,0.240893,-0.028011,0.003648,0.538889,0.013889,0.052778,Bellevue_150th_SE38th
8036,0.312523,-0.023807,0.008365,0.2,0.0,0.0,Bellevue_150th_SE38th
8037,0.241977,-0.028852,0.00351,0.366667,0.0,0.0,Bellevue_150th_SE38th
8038,0.239259,-0.028501,0.003604,0.233333,0.0,0.0,Bellevue_150th_SE38th
8039,0.238219,-0.028313,0.003602,0.383333,0.033333,0.1,Bellevue_150th_SE38th
8040,0.329045,-0.007869,0.006352,0.1,0.0,0.0,Bellevue_150th_SE38th
8041,0.237486,-0.028529,0.003842,0.233333,0.0,0.0,Bellevue_150th_SE38th
8042,0.240895,-0.028723,0.00367,0.066667,0.0,0.0,Bellevue_150th_SE38th
8043,0.239501,-0.028473,0.003677,0.366667,0.0,0.0,Bellevue_150th_SE38th
8044,0.239816,-0.029104,0.003566,0.266667,0.0,0.0,Bellevue_150th_SE38th
8045,0.238298,-0.028479,0.003656,0.4,0.0,0.0,Bellevue_150th_SE38th
8046,0.238177,-0.029021,0.00358,0.233333,0.0,0.0,Bellevue_150th_SE38th
8047,0.238115,-0.029085,0.003537,0.3,0.0,0.0,Bellevue_150th_SE38th
8048,0.238381,-0.029102,0.003574,0.233333,0.0,0.0,Bellevue_150th_SE38th
8049,0.237586,-0.028983,0.003576,0.2,0.0,0.0,Bellevue_150th_SE38th
8050,0.240506,-0.027838,0.003727,0.466667,0.0,0.0,Bellevue_150th_SE38th
8051,0.238982,-0.028793,0.003593,0.3,0.0,0.0,Bellevue_150th_SE38th
8052,0.238436,-0.028852,0.003664,0.166667,0.0,0.0,Bellevue_150th_SE38th
8053,0.243814,-0.028313,0.003661,0.562778,0.15,0.080556,Bellevue_150th_SE38th
8054,0.372092,0.001837,0.013546,0.327778,0.016667,0.044444,Bellevue_150th_SE38th
8055,0.407165,0.01162,0.01844,0.522222,0.05,0.0,Bellevue_150th_SE38th
8056,0.362304,-0.011327,0.012287,0.629444,0.133333,0.116667,Bellevue_150th_SE38th
8057,0.377997,0.009559,0.012215,0.394444,0.033333,0.008333,Bellevue_150th_SE38th
8058,0.269916,-0.023699,0.005497,0.433333,0.0,0.0,Bellevue_150th_SE38th
8059,0.236126,-0.028453,0.003709,0.366667,0.0,0.0,Bellevue_150th_SE38th
8060,0.239502,-0.029356,0.003526,0.333333,0.0,0.0,Bellevue_150th_SE38th
8061,0.237444,-0.029548,0.003528,0.5,0.0,0.094444,Bellevue_150th_SE38th
8062,0.322254,-0.009435,0.007401,0.266667,0.0,0.0,Bellevue_150th_SE38th
8063,0.236625,-0.028976,0.004037,0.233333,0.0,0.0,Bellevue_150th_SE38th
8064,0.232833,-0.02923,0.003647,0.133333,0.0,0.0,Bellevue_150th_SE38th
8065,0.237923,-0.029549,0.003517,0.366667,0.0,0.0,Bellevue_150th_SE38th
8066,0.238106,-0.028164,0.003761,0.466667,0.0,0.0,Bellevue_150th_SE38th
8067,0.239382,-0.028521,0.003673,0.433333,0.0,0.0,Bellevue_150th_SE38th
8068,0.239032,-0.028516,0.003723,0.266667,0.0,0.0,Bellevue_150th_SE38th
8069,0.2388,-0.029889,0.003448,0.2,0.0,0.0,Bellevue_150th_SE38th
8070,0.240505,-0.028839,0.003621,0.266667,0.0,0.0,Bellevue_150th_SE38th
8071,0.240672,-0.02844,0.003654,0.133333,0.0,0.0,Bellevue_150th_SE38th
8072,0.240596,-0.028944,0.003645,0.233333,0.0,0.0,Bellevue_150th_SE38th
8073,0.236505,-0.029283,0.003575,0.3,0.0,0.0,Bellevue_150th_SE38th
8074,0.238268,-0.028735,0.003655,0.35,0.0,0.033333,Bellevue_150th_SE38th
8075,0.288674,-0.029116,0.007255,0.166667,0.0,0.0,Bellevue_150th_SE38th
8076,0.245232,-0.029267,0.004331,0.3,0.0,0.0,Bellevue_150th_SE38th
8077,0.237398,-0.029016,0.003614,0.233333,0.0,0.0,Bellevue_150th_SE38th
8078,0.236374,-0.029018,0.003571,0.266667,0.0,0.0,Bellevue_150th_SE38th
8079,0.239484,-0.02765,0.003764,0.3,0.0,0.0,Bellevue_150th_SE38th
8080,0.238436,-0.028314,0.003733,0.066667,0.0,0.0,Bellevue_150th_SE38th
8081,0.239821,-0.028676,0.003605,0.366667,0.0,0.0,Bellevue_150th_SE38th
8082,0.237573,-0.029579,0.003505,0.2,0.0,0.0,Bellevue_150th_SE38th
8083,0.23832,-0.029425,0.00349,0.166667,0.0,0.0,Bellevue_150th_SE38th
8084,0.239186,-0.029228,0.00361,0.266667,0.0,0.0,Bellevue_150th_SE38th
8085,0.236907,-0.0299,0.003525,0.333333,0.0,0.0,Bellevue_150th_SE38th
8086,0.23621,-0.02955,0.003538,0.133333,0.0,0.0,Bellevue_150th_SE38th
8087,0.236433,-0.02908,0.003539,0.033333,0.0,0.0,Bellevue_150th_SE38th
8088,0.233344,-0.029251,0.003636,0.2,0.0,0.0,Bellevue_150th_SE38th
8089,0.234675,-0.029363,0.003606,0.4,0.0,0.0,Bellevue_150th_SE38th
8090,0.233371,-0.029463,0.003575,0.2,0.0,0.0,Bellevue_150th_SE38th
8091,0.237273,-0.028897,0.0036,0.366667,0.0,0.0,Bellevue_150th_SE38th
8092,0.234884,-0.030098,0.003519,0.366667,0.0,0.0,Bellevue_150th_SE38th
8093,0.233624,-0.029853,0.0035,0.2,0.0,0.0,Bellevue_150th_SE38th
8094,0.239385,-0.0285,0.00363,0.2,0.0,0.0,Bellevue_150th_SE38th
8095,0.238633,-0.028163,0.003678,0.433333,0.0,0.0,Bellevue_150th_SE38th
8096,0.241064,-0.028085,0.003735,0.2,0.0,0.0,Bellevue_150th_SE38th
8097,0.241164,-0.028183,0.003599,0.266667,0.0,0.0,Bellevue_150th_SE38th
8098,0.238095,-0.029042,0.003531,0.166667,0.0,0.0,Bellevue_150th_SE38th
8099,0.238768,-0.028957,0.00358,0.433333,0.0,0.0,Bellevue_150th_SE38th
8100,0.239796,-0.02945,0.003597,0.2,0.0,0.0,Bellevue_150th_SE38th
8101,0.239174,-0.030082,0.003498,0.233333,0.0,0.0,Bellevue_150th_SE38th
8102,0.23471,-0.029424,0.003553,0.233333,0.0,0.0,Bellevue_150th_SE38th
8103,0.235705,-0.029403,0.003498,0.433333,0.0,0.0,Bellevue_150th_SE38th
8104,0.236822,-0.029444,0.003508,0.133333,0.0,0.0,Bellevue_150th_SE38th
8105,0.232586,-0.030518,0.003311,0.4,0.0,0.0,Bellevue_150th_SE38th
8106,0.234544,-0.029616,0.003512,0.266667,0.0,0.0,Bellevue_150th_SE38th
8107,0.237939,-0.028838,0.003535,0.2,0.0,0.0,Bellevue_150th_SE38th
8108,0.237211,-0.029058,0.003522,0.1,0.0,0.0,Bellevue_150th_SE38th
8109,0.238227,-0.029129,0.003531,0.2,0.0,0.0,Bellevue_150th_SE38th
8110,0.233654,-0.029056,0.003623,0.233333,0.0,0.033333,Bellevue_150th_SE38th
8111,0.237532,-0.028628,0.003635,0.1,0.0,0.0,Bellevue_150th_SE38th
8112,0.238904,-0.028943,0.003582,0.133333,0.0,0.0,Bellevue_150th_SE38th
8113,0.233341,-0.029666,0.003457,0.2,0.0,0.0,Bellevue_150th_SE38th
8114,0.23494,-0.029407,0.003534,0.266667,0.0,0.0,Bellevue_150th_SE38th
8115,0.234993,-0.029254,0.003533,0.528333,0.116667,0.016667,Bellevue_150th_SE38th
8116,0.356078,-0.006982,0.011048,0.671389,0.020556,0.012222,Bellevue_150th_SE38th
8117,0.379079,0.001827,0.014229,0.527778,0.066667,0.027778,Bellevue_150th_SE38th
8118,0.331023,-0.015912,0.010138,0.433333,0.0,0.0,Bellevue_150th_SE38th
8119,0.236993,-0.028369,0.00367,0.166667,0.0,0.0,Bellevue_150th_SE38th
8120,0.235395,-0.029029,0.003586,0.233333,0.0,0.0,Bellevue_150th_SE38th
8121,0.237559,-0.028812,0.003573,0.233333,0.0,0.0,Bellevue_150th_SE38th
8122,0.233807,-0.030675,0.003394,0.433333,0.0,0.0,Bellevue_150th_SE38th
8123,0.237431,-0.028642,0.00356,0.6,0.0,0.1,Bellevue_150th_SE38th
8124,0.368256,0.008902,0.010851,0.391667,0.008333,0.0,Bellevue_150th_SE38th
8125,0.31211,-0.019031,0.010541,0.233333,0.0,0.0,Bellevue_150th_SE38th
8126,0.236304,-0.028469,0.003573,0.3,0.0,0.0,Bellevue_150th_SE38th
8127,0.238969,-0.028726,0.003572,0.266667,0.0,0.0,Bellevue_150th_SE38th
8128,0.240027,-0.028337,0.003473,0.333333,0.0,0.0,Bellevue_150th_SE38th
8129,0.238543,-0.028832,0.003573,0.166667,0.0,0.0,Bellevue_150th_SE38th
8130,0.236721,-0.029209,0.003509,0.2,0.0,0.0,Bellevue_150th_SE38th
8131,0.237221,-0.028662,0.003565,0.366667,0.0,0.0,Bellevue_150th_SE38th
8132,0.238717,-0.02849,0.003619,0.133333,0.0,0.0,Bellevue_150th_SE38th
8133,0.239371,-0.028265,0.003644,0.1,0.0,0.0,Bellevue_150th_SE38th
8134,0.242436,-0.028763,0.003448,0.266667,0.0,0.0,Bellevue_150th_SE38th
8135,0.238897,-0.027863,0.0037,0.266667,0.0,0.0,Bellevue_150th_SE38th
8136,0.238095,-0.028931,0.003521,0.2,0.0,0.0,Bellevue_150th_SE38th
8137,0.236859,-0.028947,0.003491,0.333333,0.0,0.0,Bellevue_150th_SE38th
8138,0.237516,-0.028493,0.003609,0.166667,0.0,0.0,Bellevue_150th_SE38th
8139,0.234667,-0.029147,0.003471,0.4,0.0,0.0,Bellevue_150th_SE38th
8140,0.238043,-0.028163,0.003647,0.333333,0.0,0.0,Bellevue_150th_SE38th
8141,0.236575,-0.028407,0.003553,0.3,0.033333,0.05,Bellevue_150th_SE38th
8142,0.347743,0.002877,0.008481,0.2,0.083333,-0.033333,Bellevue_150th_SE38th
8143,0.34683,-0.009622,0.010734,0.644444,0.0,0.041111,Bellevue_150th_SE38th
8144,0.366015,-0.002226,0.013564,0.402778,0.0,0.075,Bellevue_150th_SE38th
8145,0.327808,-0.013163,0.009213,0.333333,0.0,0.066667,Bellevue_150th_SE38th
8146,0.325689,-0.00961,0.007391,0.372222,0.044444,0.0,Bellevue_150th_SE38th
8147,0.239948,-0.028403,0.003718,0.4,0.0,0.0,Bellevue_150th_SE38th
8148,0.242912,-0.026308,0.003956,0.383333,0.05,0.016667,Bellevue_150th_SE38th
8149,0.392772,0.005767,0.01063,0.233333,0.0,0.0,Bellevue_150th_SE38th
8150,0.284299,-0.029139,0.006132,0.2,0.0,0.0,Bellevue_150th_SE38th
8151,0.240997,-0.029183,0.003524,0.166667,0.0,0.0,Bellevue_150th_SE38th
8152,0.240936,-0.02804,0.003618,0.5,0.0,0.0,Bellevue_150th_SE38th
8153,0.237367,-0.029555,0.003454,0.133333,0.0,0.0,Bellevue_150th_SE38th
8154,0.235015,-0.028182,0.003758,0.433333,0.0,0.0,Bellevue_150th_SE38th
8155,0.355433,-0.009091,0.010936,0.297222,-0.066667,0.105556,Bellevue_150th_SE38th
8156,0.375139,0.002795,0.010743,0.433333,0.0,0.0,Bellevue_150th_SE38th
8157,0.253366,-0.030235,0.004031,0.366667,0.0,0.0,Bellevue_150th_SE38th
8158,0.239869,-0.029072,0.003437,0.333333,0.0,0.0,Bellevue_150th_SE38th
8159,0.239306,-0.028216,0.003706,0.466667,0.0,0.0,Bellevue_150th_SE38th
8160,0.240464,-0.027344,0.003716,0.446905,0.075,-0.008333,Bellevue_150th_SE38th
8161,0.35173,-0.005523,0.009093,0.405556,0.097222,0.027778,Bellevue_150th_SE38th
8162,0.354876,-0.001365,0.010558,0.266667,0.0,0.0,Bellevue_150th_SE38th
8163,0.237137,-0.029347,0.003881,0.266667,0.0,0.0,Bellevue_150th_SE38th
8164,0.239936,-0.028335,0.00364,0.3,0.0,0.0,Bellevue_150th_SE38th
8165,0.23724,-0.028663,0.003656,0.3,0.0,0.0,Bellevue_150th_SE38th
8166,0.234901,-0.028831,0.003655,0.3,0.0,0.0,Bellevue_150th_SE38th
8167,0.236077,-0.029665,0.003516,0.1,0.0,0.0,Bellevue_150th_SE38th
8168,0.238389,-0.029543,0.003484,0.233333,0.0,0.0,Bellevue_150th_SE38th
8169,0.236192,-0.028198,0.003681,0.4,0.0,0.0,Bellevue_150th_SE38th
8170,0.240016,-0.028894,0.003534,0.3,0.0,0.0,Bellevue_150th_SE38th
8171,0.237158,-0.028499,0.003682,0.266667,0.0,0.0,Bellevue_150th_SE38th
8172,0.235539,-0.028703,0.003557,0.2,0.0,0.0,Bellevue_150th_SE38th
8173,0.239518,-0.029318,0.003433,0.466667,0.0,0.0,Bellevue_150th_SE38th
8174,0.2397,-0.028567,0.003586,0.233333,0.0,0.0,Bellevue_150th_SE38th
8175,0.238531,-0.02835,0.003643,0.433333,0.055556,-0.011111,Bellevue_150th_SE38th
8176,0.451315,0.043847,0.016972,0.583889,-0.026667,0.070556,Bellevue_150th_SE38th
8177,0.423907,0.021593,0.018241,0.540556,0.011111,0.072222,Bellevue_150th_SE38th
8178,0.353851,0.003159,0.011216,0.333333,0.116667,0.066667,Bellevue_150th_SE38th
8179,0.237485,-0.029384,0.003479,0.166667,0.0,0.0,Bellevue_150th_SE38th
8180,0.236794,-0.028769,0.003526,0.333333,0.0,0.0,Bellevue_150th_SE38th
8181,0.238426,-0.029098,0.003537,0.266667,0.0,0.0,Bellevue_150th_SE38th
8182,0.31768,-0.010108,0.007694,0.166667,0.0,0.0,Bellevue_150th_SE38th
8183,0.334574,-0.011068,0.009827,0.316667,0.033333,0.066667,Bellevue_150th_SE38th
8184,0.243967,-0.028249,0.003941,0.2,0.0,0.0,Bellevue_150th_SE38th
8185,0.236596,-0.02884,0.003515,0.266667,0.0,0.0,Bellevue_150th_SE38th
8186,0.234529,-0.029284,0.003478,0.166667,0.0,0.0,Bellevue_150th_SE38th
8187,0.234522,-0.029423,0.0035,0.2,0.0,0.0,Bellevue_150th_SE38th
8188,0.236832,-0.029331,0.003508,0.366667,0.0,0.0,Bellevue_150th_SE38th
8189,0.447616,0.048238,0.016089,0.955556,0.177778,0.388889,Bellevue_150th_SE38th
8190,0.407187,0.004932,0.01225,0.591667,0.033333,0.127778,Bellevue_150th_SE38th
8191,0.278166,-0.018455,0.006022,0.366667,0.011111,0.0,Bellevue_150th_SE38th
8192,0.352033,-0.010086,0.01095,0.319444,0.0,0.0,Bellevue_150th_SE38th
8193,0.343235,-0.006027,0.011564,0.497222,0.019444,-0.036111,Bellevue_150th_SE38th
8194,0.371192,0.008213,0.011689,0.266667,0.016667,-0.016667,Bellevue_150th_SE38th
8195,0.297408,-0.013325,0.006788,0.340556,-0.008333,0.029762,Bellevue_150th_SE38th
8196,0.412125,0.011948,0.015886,0.429444,0.061111,0.011111,Bellevue_150th_SE38th
8197,0.374614,0.007527,0.011666,0.433333,-0.05,0.111111,Bellevue_150th_SE38th
8198,0.244841,-0.02769,0.003902,0.3,0.0,0.0,Bellevue_150th_SE38th
8199,0.24087,-0.027872,0.003661,0.233333,0.0,0.0,Bellevue_150th_SE38th
8200,0.331896,-0.014827,0.009436,0.355556,0.0,0.011111,Bellevue_150th_SE38th
8201,0.242392,-0.027866,0.004025,0.233333,0.0,0.0,Bellevue_150th_SE38th
8202,0.235857,-0.029153,0.003474,0.2,0.0,0.0,Bellevue_150th_SE38th
8203,0.237493,-0.029721,0.003401,0.266667,0.0,0.0,Bellevue_150th_SE38th
8204,0.334815,-0.019369,0.009329,0.233333,0.0,0.0,Bellevue_150th_SE38th
8205,0.367666,0.001405,0.009892,0.2,0.0,0.0,Bellevue_150th_SE38th
8206,0.237927,-0.029911,0.003376,0.233333,0.0,0.0,Bellevue_150th_SE38th
8207,0.345771,-0.0144,0.009432,0.2,0.0,0.0,Bellevue_150th_SE38th
8208,0.382569,0.009186,0.013208,0.35,0.061111,0.016667,Bellevue_150th_SE38th
8209,0.271622,-0.028204,0.003301,0.2,0.0,0.0,Bellevue_150th_SE38th
8210,0.238064,-0.028873,0.003494,0.379444,0.0,0.077778,Bellevue_150th_SE38th
8211,0.306749,-0.014631,0.005846,0.26,0.011111,0.038889,Bellevue_150th_SE38th
8212,0.372462,0.009779,0.011512,0.283333,0.0,0.05,Bellevue_150th_SE38th
8213,0.24312,-0.029876,0.00424,0.366667,0.0,0.0,Bellevue_150th_SE38th
8214,0.240187,-0.028984,0.00342,0.266667,0.0,0.0,Bellevue_150th_SE38th
8215,0.239213,-0.028712,0.0035,0.333333,0.0,0.0,Bellevue_150th_SE38th
8216,0.240033,-0.028927,0.003463,0.233333,0.0,0.0,Bellevue_150th_SE38th
8217,0.241168,-0.028659,0.003557,0.333333,-0.066667,0.1,Bellevue_150th_SE38th
8218,0.383379,-0.000287,0.012156,0.593333,0.192778,-0.019444,Bellevue_150th_SE38th
8219,0.363934,-0.003483,0.013449,0.54373,0.013889,0.017778,Bellevue_150th_SE38th
8220,0.339069,-0.014235,0.011671,0.386111,0.011111,0.016667,Bellevue_150th_SE38th
8221,0.240796,-0.029232,0.003986,0.266667,0.0,0.0,Bellevue_150th_SE38th
8222,0.240453,-0.028891,0.003492,0.3,0.0,0.0,Bellevue_150th_SE38th
8223,0.238286,-0.028312,0.003629,0.133333,0.0,0.0,Bellevue_150th_SE38th
8224,0.240149,-0.027931,0.003603,0.066667,0.0,0.0,Bellevue_150th_SE38th
8225,0.327327,-0.012639,0.007377,0.6,0.033333,0.080556,Bellevue_150th_SE38th
8226,0.407959,0.021864,0.008792,0.972222,0.132778,0.033333,Bellevue_150th_SE38th
8227,0.404209,0.011554,0.01504,0.365556,0.008333,0.033333,Bellevue_150th_SE38th
8228,0.271061,-0.024708,0.003762,0.133333,-0.033333,0.033333,Bellevue_150th_SE38th
8229,0.406831,0.020509,0.014373,0.166667,-0.016667,0.0,Bellevue_150th_SE38th
8230,0.240442,-0.028614,0.003685,0.3,0.0,0.0,Bellevue_150th_SE38th
8231,0.239177,-0.029787,0.003333,0.2,0.0,0.0,Bellevue_150th_SE38th
8232,0.237637,-0.029335,0.003487,0.133333,0.0,0.0,Bellevue_150th_SE38th
8233,0.236578,-0.030048,0.003387,0.1,0.0,0.0,Bellevue_150th_SE38th
8234,0.236958,-0.029759,0.003373,0.066667,0.0,0.0,Bellevue_150th_SE38th
8235,0.245118,-0.029041,0.00362,0.373889,0.054167,-0.067778,Bellevue_150th_SE38th
8236,0.369247,0.002782,0.010467,0.567222,-0.041667,0.161111,Bellevue_150th_SE38th
8237,0.346573,-0.015337,0.010561,0.266667,0.0,0.0,Bellevue_150th_SE38th
8238,0.242104,-0.029071,0.003482,0.133333,0.0,0.0,Bellevue_150th_SE38th
8239,0.238607,-0.028473,0.003598,0.133333,0.0,0.0,Bellevue_150th_SE38th
8240,0.329867,-0.014255,0.009636,0.413889,0.094444,0.088889,Bellevue_150th_SE38th
8241,0.370149,-0.009705,0.011027,0.233333,0.0,0.0,Bellevue_150th_SE38th
8242,0.353113,-0.009156,0.011405,0.695423,0.025,0.03537,Bellevue_150th_SE38th
8243,0.39747,0.015615,0.0122,0.667778,0.0,0.032778,Bellevue_150th_SE38th
8244,0.337425,-0.002442,0.009664,0.133333,0.0,0.0,Bellevue_150th_SE38th
8245,0.239949,-0.028912,0.00354,0.1,0.0,0.0,Bellevue_150th_SE38th
8246,0.264868,-0.020618,0.005082,0.1,-0.066667,0.066667,Bellevue_150th_SE38th
8247,0.358699,0.001259,0.010858,0.455556,0.0,0.033333,Bellevue_150th_SE38th
8248,0.238994,-0.029023,0.003529,0.166667,0.0,0.0,Bellevue_150th_SE38th
8249,0.243305,-0.029589,0.003377,0.266667,0.0,0.0,Bellevue_150th_SE38th
8250,0.240367,-0.029125,0.003517,0.033333,0.0,0.0,Bellevue_150th_SE38th
8251,0.241778,-0.028817,0.003515,0.166667,0.0,0.0,Bellevue_150th_SE38th
8252,0.239022,-0.028454,0.003575,0.233333,0.0,0.0,Bellevue_150th_SE38th
8253,0.239917,-0.028651,0.0037,0.166667,0.0,0.0,Bellevue_150th_SE38th
8254,0.241841,-0.028769,0.003563,0.166667,0.0,0.0,Bellevue_150th_SE38th
8255,0.238107,-0.029066,0.003489,0.2,0.0,0.0,Bellevue_150th_SE38th
8256,0.239173,-0.02936,0.00346,0.133333,0.0,0.0,Bellevue_150th_SE38th
8257,0.239848,-0.029008,0.00354,0.166667,0.0,0.0,Bellevue_150th_SE38th
8258,0.236209,-0.028793,0.003539,0.366667,0.0,0.0,Bellevue_150th_SE38th
8259,0.240385,-0.028622,0.003473,0.066667,0.0,0.0,Bellevue_150th_SE38th
8260,0.239211,-0.029137,0.003434,0.233333,0.0,0.0,Bellevue_150th_SE38th
8261,0.241126,-0.029102,0.003508,0.2,0.0,0.0,Bellevue_150th_SE38th
8262,0.241406,-0.02889,0.003449,0.366667,0.0,0.0,Bellevue_150th_SE38th
8263,0.242961,-0.028196,0.003636,0.2,0.0,0.0,Bellevue_150th_SE38th
8264,0.240357,-0.028531,0.003551,0.316667,0.1,0.066667,Bellevue_150th_SE38th
8265,0.349669,-0.009552,0.011097,0.325,-0.008333,0.033333,Bellevue_150th_SE38th
8266,0.388664,0.005095,0.015502,0.25,0.0,0.033333,Bellevue_150th_SE38th
8267,0.329644,-0.014459,0.00936,0.3,0.0,0.0,Bellevue_150th_SE38th
8268,0.334797,-0.016791,0.009702,0.388889,-0.027778,0.061111,Bellevue_150th_SE38th
8269,0.371654,0.003227,0.012188,0.533333,0.0,0.233333,Bellevue_150th_SE38th
8270,0.351508,-0.009566,0.012313,0.266667,-0.016667,0.05,Bellevue_150th_SE38th
8271,0.240781,-0.029723,0.003634,0.133333,0.0,0.0,Bellevue_150th_SE38th
8272,0.240953,-0.02883,0.003499,0.503333,0.116667,0.016667,Bellevue_150th_SE38th
8273,0.256173,-0.029252,0.005153,0.3,0.0,0.0,Bellevue_150th_SE38th
8274,0.23923,-0.028921,0.003506,0.166667,0.0,0.0,Bellevue_150th_SE38th
8275,0.241247,-0.028914,0.003463,0.1,0.0,0.0,Bellevue_150th_SE38th
8276,0.240648,-0.02835,0.003562,0.266667,0.0,0.0,Bellevue_150th_SE38th
8277,0.242547,-0.029098,0.003486,0.1,0.0,0.0,Bellevue_150th_SE38th
8278,0.236797,-0.029534,0.003422,0.166667,0.0,0.0,Bellevue_150th_SE38th
8279,0.240552,-0.028906,0.003563,0.266667,0.0,0.0,Bellevue_150th_SE38th
8280,0.236849,-0.028563,0.003567,0.266667,0.0,0.0,Bellevue_150th_SE38th
8281,0.239795,-0.028146,0.003632,0.166667,0.0,0.0,Bellevue_150th_SE38th
8282,0.243684,-0.028641,0.003545,0.1,0.0,0.0,Bellevue_150th_SE38th
8283,0.243365,-0.0294,0.003394,0.233333,0.0,0.0,Bellevue_150th_SE38th
8284,0.243369,-0.028503,0.003553,0.166667,0.0,0.0,Bellevue_150th_SE38th
8285,0.236078,-0.029258,0.003513,0.333333,0.0,0.0,Bellevue_150th_SE38th
8286,0.238777,-0.028708,0.003545,0.2,0.0,0.0,Bellevue_150th_SE38th
8287,0.240239,-0.029377,0.003447,0.276667,0.033333,0.116667,Bellevue_150th_SE38th
8288,0.350803,-0.008195,0.009512,0.0,-0.066667,0.0,Bellevue_150th_SE38th
8289,0.236572,-0.029633,0.003695,0.133333,0.0,0.0,Bellevue_150th_SE38th
8290,0.235957,-0.029627,0.003426,0.3,0.0,0.0,Bellevue_150th_SE38th
8291,0.239475,-0.029519,0.003448,0.233333,0.0,0.0,Bellevue_150th_SE38th
8292,0.240372,-0.028016,0.003602,0.188889,0.0,0.011111,Bellevue_150th_SE38th
8293,0.312668,-0.011281,0.006949,0.482222,0.037778,-0.055556,Bellevue_150th_SE38th
8294,0.254205,-0.03097,0.005129,0.033333,0.0,0.0,Bellevue_150th_SE38th
8295,0.237597,-0.028967,0.003567,0.133333,0.0,0.0,Bellevue_150th_SE38th
8296,0.242382,-0.02876,0.003527,0.3,0.0,0.0,Bellevue_150th_SE38th
8297,0.244254,-0.028589,0.003537,0.4,0.0,0.0,Bellevue_150th_SE38th
8298,0.243304,-0.029053,0.003435,0.1,0.0,0.0,Bellevue_150th_SE38th
8299,0.240227,-0.029738,0.003381,0.233333,0.0,0.0,Bellevue_150th_SE38th
8300,0.242286,-0.029,0.003458,0.366667,0.0,0.0,Bellevue_150th_SE38th
8301,0.239542,-0.028948,0.003492,0.166667,0.0,0.0,Bellevue_150th_SE38th
8302,0.238759,-0.029706,0.003392,0.2,0.0,0.0,Bellevue_150th_SE38th
8303,0.238495,-0.029675,0.00338,0.166667,0.0,0.0,Bellevue_150th_SE38th
8304,0.24223,-0.028091,0.003598,0.35,0.05,-0.016667,Bellevue_150th_SE38th
8305,0.319062,-0.010139,0.007537,0.363889,0.033333,0.083333,Bellevue_150th_SE38th
8306,0.351533,-0.008108,0.010624,0.2,-0.033333,0.0,Bellevue_150th_SE38th
8307,0.239315,-0.028836,0.003826,0.066667,0.0,0.0,Bellevue_150th_SE38th
8308,0.357787,-0.013887,0.010425,0.144444,-0.016667,0.008333,Bellevue_150th_SE38th
8309,0.362948,-0.004064,0.01078,0.272222,0.0,0.0,Bellevue_150th_SE38th
8310,0.332667,-0.021022,0.010346,0.276667,0.027778,0.016667,Bellevue_150th_SE38th
8311,0.38556,0.008547,0.0119,0.452778,-0.008333,0.033333,Bellevue_150th_SE38th
8312,0.324537,-0.011104,0.007054,0.1,0.0,0.0,Bellevue_150th_SE38th
8313,0.23909,-0.027862,0.004143,0.366667,0.0,0.0,Bellevue_150th_SE38th
8314,0.238256,-0.029319,0.003474,0.233333,0.0,0.0,Bellevue_150th_SE38th
8315,0.240164,-0.028613,0.003573,0.366667,0.0,0.0,Bellevue_150th_SE38th
8316,0.242798,-0.028548,0.003553,0.333333,0.0,0.0,Bellevue_150th_SE38th
8317,0.332727,-0.010327,0.009239,0.166667,-0.033333,0.0,Bellevue_150th_SE38th
8318,0.329542,-0.012325,0.009407,0.433333,0.0,0.0,Bellevue_150th_SE38th
8319,0.239758,-0.025926,0.004934,0.133333,0.0,0.0,Bellevue_150th_SE38th
8320,0.223907,-0.02923,0.004027,0.365556,0.033333,0.1,Bellevue_150th_SE38th
8321,0.255553,-0.031081,0.006361,0.166667,0.0,0.0,Bellevue_150th_SE38th
8322,0.222912,-0.030063,0.003941,0.2,0.0,0.0,Bellevue_150th_SE38th
8323,0.22503,-0.030168,0.003904,0.266667,0.0,0.0,Bellevue_150th_SE38th
8324,0.220231,-0.030239,0.003893,0.133333,0.0,0.0,Bellevue_150th_SE38th
8325,0.221801,-0.030921,0.003843,0.266667,0.0,0.0,Bellevue_150th_SE38th
8326,0.221497,-0.03081,0.003807,0.4,0.0,0.0,Bellevue_150th_SE38th
8327,0.223527,-0.031303,0.00376,0.1,0.0,0.0,Bellevue_150th_SE38th
8328,0.229061,-0.027792,0.00444,0.476667,-0.023333,0.13,Bellevue_150th_SE38th
8329,0.232811,-0.031652,0.004995,0.366667,0.0,0.0,Bellevue_150th_SE38th
8330,0.223511,-0.03106,0.003801,0.338889,-0.066667,0.133333,Bellevue_150th_SE38th
8331,0.292089,-0.026409,0.008233,0.166667,0.0,0.0,Bellevue_150th_SE38th
8332,0.223631,-0.029986,0.003896,0.2,0.0,0.0,Bellevue_150th_SE38th
8333,0.22309,-0.030019,0.003996,0.3,0.0,0.0,Bellevue_150th_SE38th
8334,0.218917,-0.031122,0.003841,0.466667,0.0,0.0,Bellevue_150th_SE38th
8335,0.221011,-0.031526,0.003823,0.166667,0.0,0.0,Bellevue_150th_SE38th
8336,0.222499,-0.030201,0.003943,0.3,0.0,0.0,Bellevue_150th_SE38th
8337,0.221071,-0.031754,0.00373,0.333333,0.0,0.0,Bellevue_150th_SE38th
8338,0.318558,-0.018457,0.009711,0.416667,-0.033333,0.066667,Bellevue_150th_SE38th
8339,0.230062,-0.031471,0.003709,0.266667,0.0,0.0,Bellevue_150th_SE38th
8340,0.225276,-0.030135,0.003879,0.2,0.0,0.0,Bellevue_150th_SE38th
8341,0.221942,-0.031598,0.00378,0.166667,0.0,0.0,Bellevue_150th_SE38th
8342,0.220117,-0.03198,0.003761,0.266667,0.0,0.0,Bellevue_150th_SE38th
8343,0.220671,-0.031971,0.003688,0.333333,0.0,0.0,Bellevue_150th_SE38th
8344,0.224308,-0.030436,0.003781,0.166667,0.0,0.0,Bellevue_150th_SE38th
8345,0.309658,-0.017822,0.009206,0.4,-0.033333,0.033333,Bellevue_150th_SE38th
8346,0.315272,-0.0167,0.010637,0.416667,0.008333,0.058333,Bellevue_150th_SE38th
8347,0.390016,0.019851,0.015575,0.563333,0.056667,0.072222,Bellevue_150th_SE38th
8348,0.226781,-0.030519,0.003673,0.436111,0.016667,0.033333,Bellevue_150th_SE38th
8349,0.326911,-0.013244,0.009651,0.133333,0.0,0.0,Bellevue_150th_SE38th
8350,0.308476,-0.015037,0.009822,0.433333,0.0,0.061111,Bellevue_150th_SE38th
8351,0.22039,-0.030946,0.003864,0.366667,0.0,0.0,Bellevue_150th_SE38th
8352,0.219529,-0.031152,0.00393,0.166667,0.0,0.0,Bellevue_150th_SE38th
8353,0.221567,-0.031312,0.00379,0.233333,0.0,0.0,Bellevue_150th_SE38th
8354,0.221078,-0.031193,0.003766,0.333333,0.0,0.0,Bellevue_150th_SE38th
8355,0.220566,-0.03057,0.003897,0.233333,0.0,0.0,Bellevue_150th_SE38th
8356,0.221781,-0.029838,0.003971,0.233333,0.0,0.0,Bellevue_150th_SE38th
8357,0.222279,-0.029647,0.003953,0.3,0.0,0.0,Bellevue_150th_SE38th
8358,0.219275,-0.030907,0.003902,0.433333,0.0,0.0,Bellevue_150th_SE38th
8359,0.219643,-0.030507,0.003911,0.266667,0.0,0.0,Bellevue_150th_SE38th
8360,0.220324,-0.029695,0.004011,0.455556,0.0,0.05,Bellevue_150th_SE38th
8361,0.328909,-0.012959,0.010404,0.066667,0.0,0.0,Bellevue_150th_SE38th
8362,0.220017,-0.031256,0.003748,0.166667,0.0,0.0,Bellevue_150th_SE38th
8363,0.219463,-0.030794,0.003883,0.333333,0.0,0.0,Bellevue_150th_SE38th
8364,0.220488,-0.02968,0.004067,0.166667,0.0,0.0,Bellevue_150th_SE38th
8365,0.330083,-0.001758,0.010366,0.4,0.0,0.0,Bellevue_150th_SE38th
8366,0.222269,-0.030617,0.003824,0.366667,0.0,0.0,Bellevue_150th_SE38th
8367,0.22123,-0.030532,0.003892,0.233333,0.0,0.0,Bellevue_150th_SE38th
8368,0.217569,-0.030145,0.004021,0.3,0.0,0.0,Bellevue_150th_SE38th
8369,0.221077,-0.029501,0.003986,0.3,0.0,0.0,Bellevue_150th_SE38th
8370,0.223185,-0.029268,0.003959,0.4,0.033333,0.116667,Bellevue_150th_SE38th
8371,0.323612,-0.005292,0.008414,0.4,0.0,0.0,Bellevue_150th_SE38th
8372,0.221289,-0.029835,0.004011,0.266667,0.0,0.0,Bellevue_150th_SE38th
8373,0.220542,-0.030764,0.003786,0.483333,0.083333,0.05,Bellevue_150th_SE38th
8374,0.317711,-0.007578,0.009408,0.455556,-0.022222,0.144444,Bellevue_150th_SE38th
8375,0.366276,0.003223,0.013265,0.461111,0.033333,0.041667,Bellevue_150th_SE38th
8376,0.324819,-0.014113,0.012146,0.25,-0.016667,0.1,Bellevue_150th_SE38th
8377,0.308932,-0.006116,0.008379,0.366667,0.0,0.0,Bellevue_150th_SE38th
8378,0.227834,-0.030044,0.004055,0.433333,0.05,-0.016667,Bellevue_150th_SE38th
8379,0.32742,-0.014773,0.010414,0.3,0.0,0.0,Bellevue_150th_SE38th
8380,0.322807,-0.012277,0.009414,0.333333,0.0,0.033333,Bellevue_150th_SE38th
8381,0.381343,0.011774,0.014388,0.366667,0.0,0.033333,Bellevue_150th_SE38th
8382,0.221092,-0.030353,0.003978,0.166667,0.0,0.0,Bellevue_150th_SE38th
8383,0.219175,-0.030223,0.004019,0.416667,0.033333,0.044444,Bellevue_150th_SE38th
8384,0.38692,0.011111,0.01635,0.35,-0.016667,0.033333,Bellevue_150th_SE38th
8385,0.271889,-0.026579,0.006726,0.133333,0.0,0.0,Bellevue_150th_SE38th
8386,0.223132,-0.029038,0.004085,0.266667,0.0,0.0,Bellevue_150th_SE38th
8387,0.303259,-0.00878,0.008649,0.655556,0.091667,0.05,Bellevue_150th_SE38th
8388,0.340401,-0.003256,0.012139,0.731508,0.010833,0.030357,Bellevue_150th_SE38th
8389,0.347376,-0.009364,0.013987,0.593492,0.01619,0.065,Bellevue_150th_SE38th
8390,0.304316,-0.016908,0.009959,0.133333,0.0,0.0,Bellevue_150th_SE38th
8391,0.330121,-0.016927,0.011581,0.316667,0.0,0.033333,Bellevue_150th_SE38th
8392,0.360512,0.007794,0.01359,0.561111,0.166667,-0.022222,Bellevue_150th_SE38th
8393,0.267654,-0.028116,0.00667,0.4,0.0,0.0,Bellevue_150th_SE38th
8394,0.228701,-0.031277,0.005098,0.333333,0.0,0.0,Bellevue_150th_SE38th
8395,0.220448,-0.030579,0.003867,0.2,0.0,0.0,Bellevue_150th_SE38th
8396,0.222415,-0.030183,0.003906,0.3,0.0,0.0,Bellevue_150th_SE38th
8397,0.224077,-0.030231,0.003844,0.133333,0.0,0.0,Bellevue_150th_SE38th
8398,0.223382,-0.030087,0.003884,0.266667,0.0,0.0,Bellevue_150th_SE38th
8399,0.311708,-0.012925,0.009479,0.533333,0.033333,0.05,Bellevue_150th_SE38th
8400,0.312427,-0.010389,0.007367,0.468333,-0.05,0.05,Bellevue_150th_SE38th
8401,0.31827,-0.009882,0.010098,0.213889,-0.066667,0.044444,Bellevue_150th_SE38th
8402,0.263558,-0.031754,0.007242,0.533333,0.0,0.016667,Bellevue_150th_SE38th
8403,0.30923,-0.016775,0.00906,0.466667,0.0,0.0,Bellevue_150th_SE38th
8404,0.222672,-0.030217,0.004403,0.466667,0.033333,-0.033333,Bellevue_150th_SE38th
8405,0.333571,-0.006632,0.010454,0.729127,0.152778,-0.058333,Bellevue_150th_SE38th
8406,0.380917,0.023868,0.013324,0.756071,0.051111,-0.017778,Bellevue_150th_SE38th
8407,0.378917,0.021864,0.017363,0.729643,0.126468,0.085635,Bellevue_150th_SE38th
8408,0.334316,-0.000947,0.012185,0.589444,-0.138333,0.255556,Bellevue_150th_SE38th
8409,0.343775,-0.001613,0.012842,0.741667,0.011111,0.033333,Bellevue_150th_SE38th
8410,0.234208,-0.029751,0.004664,0.766667,0.0,0.0,Bellevue_150th_SE38th
8411,0.223622,-0.028828,0.004026,0.533333,0.0,0.0,Bellevue_150th_SE38th
8412,0.250598,-0.031338,0.005979,0.4,0.044444,-0.044444,Bellevue_150th_SE38th
8413,0.357211,-0.000926,0.014741,0.616111,0.072222,0.002222,Bellevue_150th_SE38th
8414,0.350827,-0.002609,0.015553,0.618413,0.061111,0.034127,Bellevue_150th_SE38th
8415,0.230824,-0.02943,0.003939,0.3,0.0,0.0,Bellevue_150th_SE38th
8416,0.246347,-0.03026,0.004727,0.451667,-0.016667,0.077778,Bellevue_150th_SE38th
8417,0.350708,0.012874,0.008257,0.266667,0.0,0.066667,Bellevue_150th_SE38th
8418,0.221071,-0.030375,0.004247,0.033333,0.0,0.0,Bellevue_150th_SE38th
8419,0.222954,-0.030309,0.003833,0.166667,0.0,0.0,Bellevue_150th_SE38th
8420,0.312595,-0.011467,0.009648,0.133333,0.0,0.0,Bellevue_150th_SE38th
8421,0.227994,-0.029484,0.003733,0.288889,-0.033333,0.066667,Bellevue_150th_SE38th
8422,0.427226,0.02998,0.019381,0.339444,0.013889,0.063889,Bellevue_150th_SE38th
8423,0.436449,0.047702,0.017975,0.52,0.025,0.059444,Bellevue_150th_SE38th
8424,0.30649,-0.016677,0.009447,0.355556,0.0,0.0,Bellevue_150th_SE38th
8425,0.238883,-0.029902,0.004781,0.266667,0.0,0.0,Bellevue_150th_SE38th
8426,0.337382,-0.014367,0.013417,0.676667,0.002778,0.142222,Bellevue_150th_SE38th
8427,0.451439,0.04389,0.019316,0.725,0.077778,0.110556,Bellevue_150th_SE38th
8428,0.2404,-0.028088,0.003592,0.2,0.0,0.0,Bellevue_150th_SE38th
8429,0.247016,-0.020653,0.005665,0.3,0.0,0.0,Bellevue_150th_SE38th
8430,0.309171,-0.013366,0.009156,0.2,0.011111,0.033333,Bellevue_150th_SE38th
8431,0.313348,-0.016758,0.009702,0.25,0.016667,-0.016667,Bellevue_150th_SE38th
8432,0.31767,-0.011801,0.009958,0.205556,-0.116667,0.083333,Bellevue_150th_SE38th
8433,0.333305,-0.005707,0.009331,0.508333,0.022222,0.116667,Bellevue_150th_SE38th
8434,0.334429,-0.003685,0.010152,0.747222,0.058333,0.027778,Bellevue_150th_SE38th
8435,0.384975,0.006186,0.016373,0.741667,0.016667,0.033333,Bellevue_150th_SE38th
8436,0.395692,0.012682,0.017261,0.716667,-0.038889,0.172222,Bellevue_150th_SE38th
8437,0.364897,-0.003512,0.013299,0.391667,0.033333,0.052778,Bellevue_150th_SE38th
8438,0.455102,0.060215,0.021367,0.714127,0.09119,0.028095,Bellevue_150th_SE38th
8439,0.368913,0.002492,0.01447,0.566667,0.05,0.033333,Bellevue_150th_SE38th
8440,0.334834,-0.004305,0.011349,0.633333,0.0,0.005556,Bellevue_150th_SE38th
8441,0.29157,-0.011243,0.009604,0.558333,0.027778,0.05,Bellevue_150th_SE38th
8442,0.224458,-0.026926,0.004904,0.321111,0.005556,0.066667,Bellevue_150th_SE38th
8443,0.317148,-0.011996,0.010552,0.266667,0.0,0.0,Bellevue_150th_SE38th
8444,0.314314,-0.009784,0.009557,0.527778,0.058333,0.0,Bellevue_150th_SE38th
8445,0.308831,-0.012932,0.010247,0.794524,0.052778,0.060833,Bellevue_150th_SE38th
8446,0.388818,0.02456,0.017233,0.859696,0.045556,0.121151,Bellevue_150th_SE38th
8447,0.463547,0.075563,0.028318,0.569444,-0.075,0.230556,Bellevue_150th_SE38th
8448,0.332256,0.007612,0.012324,0.643333,0.044444,0.011111,Bellevue_150th_SE38th
8449,0.328972,-0.011722,0.013529,0.333333,0.0,0.0,Bellevue_150th_SE38th
8450,0.219783,-0.029695,0.003926,0.2,0.0,0.0,Bellevue_150th_SE38th
8451,0.303908,-0.015308,0.009532,0.549444,0.085,0.077222,Bellevue_150th_SE38th
8452,0.305132,-0.017725,0.009948,0.233333,0.0,0.0,Bellevue_150th_SE38th
8453,0.22112,-0.029919,0.003863,0.033333,0.0,0.0,Bellevue_150th_SE38th
8454,0.22056,-0.03013,0.003879,0.6,-0.033333,0.0,Bellevue_150th_SE38th
8455,0.26267,-0.015315,0.006507,0.596667,-0.066667,0.1,Bellevue_150th_SE38th
8456,0.250418,-0.023283,0.005947,0.166667,0.0,0.0,Bellevue_150th_SE38th
8457,0.219836,-0.028025,0.004315,0.4,0.0,0.0,Bellevue_150th_SE38th
8458,0.335832,-0.008779,0.010252,0.703849,0.012963,0.1,Bellevue_150th_SE38th
8459,0.471578,0.077854,0.027371,0.731124,-0.037513,0.05381,Bellevue_150th_SE38th
8460,0.443144,0.078181,0.027098,0.583333,-0.094444,0.077778,Bellevue_150th_SE38th
8461,0.231523,-0.030742,0.005258,0.444444,0.077778,0.083333,Bellevue_150th_SE38th
8462,0.349994,-0.0036,0.01269,0.455556,-0.038889,0.086111,Bellevue_150th_SE38th
8463,0.233194,-0.027083,0.004266,0.556111,0.094444,0.031667,Bellevue_150th_SE38th
8464,0.335805,-0.007782,0.011593,0.490556,-0.011111,0.011111,Bellevue_150th_SE38th
8465,0.353873,0.002594,0.014729,0.641667,0.0,0.094444,Bellevue_150th_SE38th
8466,0.426519,0.030883,0.018099,0.464683,-0.058333,0.138095,Bellevue_150th_SE38th
8467,0.319189,-0.014603,0.01041,0.393333,0.05,-0.016667,Bellevue_150th_SE38th
8468,0.34085,-0.000209,0.012599,0.4,0.061111,0.027778,Bellevue_150th_SE38th
8469,0.324012,-0.009431,0.00989,0.488889,-0.011111,0.011111,Bellevue_150th_SE38th
8470,0.310668,-0.019075,0.010719,0.5,0.033333,0.011111,Bellevue_150th_SE38th
8471,0.280703,-0.024032,0.007548,0.366667,0.0,0.0,Bellevue_150th_SE38th
8472,0.315715,-0.016618,0.010054,0.405556,-0.116667,0.127778,Bellevue_150th_SE38th
8473,0.345839,0.001761,0.011833,0.363889,-0.033333,0.05,Bellevue_150th_SE38th
8474,0.32987,-0.006137,0.010234,0.783333,-0.016667,0.066667,Bellevue_150th_SE38th
8475,0.409941,0.03381,0.022071,0.656111,0.098333,0.05,Bellevue_150th_SE38th
8476,0.326151,-0.015581,0.013896,0.233333,0.0,0.0,Bellevue_150th_SE38th
8477,0.223613,-0.028646,0.004153,0.351667,-0.019444,0.027778,Bellevue_150th_SE38th
8478,0.325579,-0.003768,0.009047,0.592698,0.054444,0.031667,Bellevue_150th_SE38th
8479,0.358832,0.006214,0.013838,0.463333,0.019444,0.016667,Bellevue_150th_SE38th
8480,0.230396,-0.029649,0.005296,0.2,0.0,0.0,Bellevue_150th_SE38th
8481,0.223256,-0.029128,0.004108,0.723849,0.061111,0.021944,Bellevue_150th_SE38th
8482,0.323732,-0.007025,0.008772,0.741548,0.058333,-0.009127,Bellevue_150th_SE38th
8483,0.39475,0.028421,0.018532,0.538889,0.0,-0.011111,Bellevue_150th_SE38th
8484,0.235169,-0.020226,0.007011,0.583889,0.059444,-0.025,Bellevue_150th_SE38th
8485,0.231417,-0.030125,0.005973,0.3,0.0,0.0,Bellevue_150th_SE38th
8486,0.217425,-0.030696,0.003938,0.233333,0.0,0.0,Bellevue_150th_SE38th
8487,0.22309,-0.029582,0.003907,0.366667,0.0,0.0,Bellevue_150th_SE38th
8488,0.222928,-0.029721,0.003873,0.4,0.0,0.0,Bellevue_150th_SE38th
8489,0.329496,-0.010991,0.010868,0.466667,0.0,0.0,Bellevue_150th_SE38th
8490,0.444161,0.059312,0.017621,0.436111,0.011111,0.047222,Bellevue_150th_SE38th
8491,0.298744,-0.021,0.009054,0.472222,0.033333,0.0,Bellevue_150th_SE38th
8492,0.328668,-0.003401,0.009653,0.5475,0.033333,0.0,Bellevue_150th_SE38th
8493,0.313575,-0.012747,0.009449,0.441667,0.083333,0.016667,Bellevue_150th_SE38th
8494,0.297382,-0.019507,0.007356,0.505556,0.05,-0.005556,Bellevue_150th_SE38th
8495,0.337382,-0.007293,0.012647,0.523889,0.141667,0.009444,Bellevue_150th_SE38th
8496,0.384022,0.010642,0.015912,0.740556,0.111111,-0.027778,Bellevue_150th_SE38th
8497,0.494586,0.067891,0.02649,0.714444,0.022222,0.094444,Bellevue_150th_SE38th
8498,0.301285,-0.012652,0.008658,0.327778,-0.027778,0.05,Bellevue_150th_SE38th
8499,0.342992,0.0012,0.013394,0.233333,0.0,0.011111,Bellevue_150th_SE38th
8500,0.221482,-0.029669,0.004016,0.5,0.0,0.083333,Bellevue_150th_SE38th
8501,0.290303,-0.011165,0.007629,0.540556,0.033333,0.036111,Bellevue_150th_SE38th
8502,0.339095,-0.011568,0.011263,0.668016,0.116667,0.076984,Bellevue_150th_SE38th
8503,0.318699,-0.013572,0.010873,0.533333,0.0,0.0,Bellevue_150th_SE38th
8504,0.248229,-0.031549,0.006604,0.3,0.0,0.0,Bellevue_150th_SE38th
8505,0.221475,-0.02888,0.003995,0.3,0.0,0.0,Bellevue_150th_SE38th
8506,0.225514,-0.028033,0.004101,0.563889,0.077778,0.083333,Bellevue_150th_SE38th
8507,0.356732,-0.005339,0.013933,0.266667,0.016667,0.0,Bellevue_150th_SE38th
8508,0.22392,-0.029939,0.004536,0.266667,0.0,0.0,Bellevue_150th_SE38th
8509,0.229628,-0.026653,0.0046,0.660397,0.064762,0.0175,Bellevue_150th_SE38th
8510,0.337512,-0.002233,0.01129,0.754378,0.152897,-0.11873,Bellevue_150th_SE38th
8511,0.38735,0.01116,0.017214,0.607381,0.116389,0.001389,Bellevue_150th_SE38th
8512,0.384747,0.017964,0.01223,0.273333,-0.055556,0.0,Bellevue_150th_SE38th
8513,0.224894,-0.029382,0.004064,0.3,0.05,0.0,Bellevue_150th_SE38th
8514,0.318169,-0.008153,0.009164,0.701032,0.144444,-0.005556,Bellevue_150th_SE38th
8515,0.362135,0.005591,0.01325,0.640476,-0.008333,0.028095,Bellevue_150th_SE38th
8516,0.408081,0.033004,0.019481,0.486111,-0.027778,0.126111,Bellevue_150th_SE38th
8517,0.335468,-0.011437,0.011866,0.669444,0.133333,0.047222,Bellevue_150th_SE38th
8518,0.449273,0.045044,0.025885,0.790238,0.135873,0.042778,Bellevue_150th_SE38th
8519,0.320114,-0.012813,0.012091,0.482222,-0.044444,0.077778,Bellevue_150th_SE38th
8520,0.346371,0.012165,0.008803,0.133333,0.0,0.0,Bellevue_150th_SE38th
8521,0.222588,-0.029258,0.003983,0.333333,0.033333,0.0,Bellevue_150th_SE38th
8522,0.342357,-0.01108,0.011115,0.327778,-0.016667,0.1,Bellevue_150th_SE38th
8523,0.339283,-0.003714,0.012448,0.2,0.0,0.0,Bellevue_150th_SE38th
8524,0.22164,-0.030801,0.003865,0.601667,0.147222,0.025,Bellevue_150th_SE38th
8525,0.341365,-0.005058,0.011305,0.5,0.116667,-0.033333,Bellevue_150th_SE38th
8526,0.358339,-0.007246,0.013774,0.4,0.0,0.0,Bellevue_150th_SE38th
8527,0.37161,0.002235,0.014253,0.538889,0.022222,0.183333,Bellevue_150th_SE38th
8528,0.384528,0.011571,0.01434,0.592222,0.0,0.09,Bellevue_150th_SE38th
8529,0.355863,-0.005478,0.01427,0.4,-0.016667,0.016667,Bellevue_150th_SE38th
8530,0.381768,0.021631,0.013351,0.283333,0.0,0.0,Bellevue_150th_SE38th
8531,0.349235,-0.012897,0.013605,0.316667,0.0,0.033333,Bellevue_150th_SE38th
8532,0.37815,0.007553,0.015053,0.416667,0.0,0.011111,Bellevue_150th_SE38th
8533,0.442379,0.028687,0.021427,0.511667,-0.035,0.03,Bellevue_150th_SE38th
8534,0.32343,-0.009982,0.010835,0.4,0.0,0.066667,Bellevue_150th_SE38th
8535,0.220844,-0.030101,0.004401,0.441667,0.088889,0.023333,Bellevue_150th_SE38th
8536,0.338338,-0.006316,0.011379,0.496667,0.04,0.025,Bellevue_150th_SE38th
8537,0.348749,-0.001518,0.012846,0.570238,0.014206,-0.008333,Bellevue_150th_SE38th
8538,0.432527,0.039714,0.018309,0.562381,0.038889,-0.01254,Bellevue_150th_SE38th
8539,0.344093,0.003468,0.013258,0.194444,0.0,0.0,Bellevue_150th_SE38th
8540,0.225251,-0.029907,0.003811,0.1,0.0,0.0,Bellevue_150th_SE38th
8541,0.322202,-0.015613,0.009098,0.133333,0.0,-0.033333,Bellevue_150th_SE38th
8542,0.368098,0.013323,0.011785,0.266667,-0.033333,0.033333,Bellevue_150th_SE38th
8543,0.223383,-0.030232,0.003966,0.166667,0.0,0.0,Bellevue_150th_SE38th
8544,0.22025,-0.030813,0.003893,0.133333,0.0,0.0,Bellevue_150th_SE38th
8545,0.221867,-0.029553,0.00397,0.366667,0.0,0.0,Bellevue_150th_SE38th
8546,0.294669,-0.008972,0.007553,0.440556,-0.111111,0.136111,Bellevue_150th_SE38th
8547,0.306707,-0.010589,0.008964,0.333333,0.066667,0.066667,Bellevue_150th_SE38th
8548,0.363975,6.9e-05,0.014017,0.753333,0.087778,0.117778,Bellevue_150th_SE38th
8549,0.35937,-0.004016,0.010897,0.524921,-0.045556,0.032778,Bellevue_150th_SE38th
8550,0.450752,0.045866,0.016405,0.564683,-0.033333,0.061111,Bellevue_150th_SE38th
8551,0.341958,-0.004235,0.012476,0.576944,-0.027778,0.047222,Bellevue_150th_SE38th
8552,0.454447,0.068752,0.027608,0.391111,0.061111,0.017778,Bellevue_150th_SE38th
8553,0.416178,0.036047,0.021659,0.649048,0.052778,0.029206,Bellevue_150th_SE38th
8554,0.36579,-0.000115,0.014273,0.695344,0.0,0.044286,Bellevue_150th_SE38th
8555,0.368553,0.010289,0.013752,0.427778,0.033333,0.111111,Bellevue_150th_SE38th
8556,0.349019,-0.004178,0.012097,0.478889,0.048889,0.093333,Bellevue_150th_SE38th
8557,0.295392,-0.019863,0.008296,0.2,0.0,0.0,Bellevue_150th_SE38th
8558,0.326902,-0.009838,0.011034,0.568889,0.05,0.055,Bellevue_150th_SE38th
8559,0.349342,-0.012505,0.012578,0.651111,0.177778,0.014444,Bellevue_150th_SE38th
8560,0.415275,0.023597,0.018525,0.538889,0.0,0.011111,Bellevue_150th_SE38th
8561,0.243018,-0.021736,0.005928,0.3,-0.033333,0.066667,Bellevue_150th_SE38th
8562,0.321456,-0.007287,0.009747,0.6,0.0,0.294444,Bellevue_150th_SE38th
8563,0.357391,-0.001331,0.012677,0.316667,0.0,0.0,Bellevue_150th_SE38th
8564,0.220599,-0.031554,0.003883,0.166667,0.0,0.0,Bellevue_150th_SE38th
8565,0.243441,-0.023375,0.00621,0.591667,0.188889,0.010556,Bellevue_150th_SE38th
8566,0.400306,0.016518,0.016442,0.686283,0.140688,0.116058,Bellevue_150th_SE38th
8567,0.415522,0.0243,0.016309,0.559841,0.038651,0.05754,Bellevue_150th_SE38th
8568,0.423209,0.037809,0.024436,0.375,0.07,0.058333,Bellevue_150th_SE38th
8569,0.222966,-0.029484,0.004062,0.233333,0.016667,-0.033333,Bellevue_150th_SE38th
8570,0.364018,0.002041,0.013632,0.441111,-0.055556,0.06,Bellevue_150th_SE38th
8571,0.346201,-0.013329,0.01172,0.508333,0.144444,0.047222,Bellevue_150th_SE38th
8572,0.383756,0.007723,0.015346,0.572222,0.008333,0.130556,Bellevue_150th_SE38th
8573,0.318448,-0.008822,0.010101,0.925,0.139524,-0.071746,Bellevue_150th_SE38th
8574,0.363122,0.011793,0.014434,0.625,0.086111,0.011111,Bellevue_150th_SE38th
8575,0.35481,-0.008062,0.015495,0.458889,0.001111,0.125,Bellevue_150th_SE38th
8576,0.381774,0.016787,0.016934,0.384921,0.023016,0.054762,Bellevue_150th_SE38th
8577,0.311721,-0.015355,0.010464,0.516667,-0.027778,0.083333,Bellevue_150th_SE38th
8578,0.352606,0.000114,0.013413,0.266667,-0.033333,0.1,Bellevue_150th_SE38th
8579,0.320933,-0.011724,0.010249,0.45,0.066667,0.066667,Bellevue_150th_SE38th
8580,0.38817,0.017709,0.016355,0.545556,-0.033333,0.102778,Bellevue_150th_SE38th
8581,0.349176,-0.004428,0.01327,0.583333,0.116667,0.0,Bellevue_150th_SE38th
8582,0.325769,-0.008527,0.011034,0.266667,0.1,0.0,Bellevue_150th_SE38th
8583,0.220592,-0.028721,0.004291,0.266667,0.0,0.0,Bellevue_150th_SE38th
8584,0.328469,-0.011232,0.009445,0.345397,0.079444,-0.048333,Bellevue_150th_SE38th
8585,0.453671,0.047671,0.019364,0.489683,0.089206,0.005238,Bellevue_150th_SE38th
8586,0.369801,0.016657,0.016587,0.673889,0.075,0.033333,Bellevue_150th_SE38th
8587,0.319562,-0.01119,0.010065,0.580556,0.0,0.036667,Bellevue_150th_SE38th
8588,0.270785,-0.012422,0.00864,0.695278,0.126111,0.093333,Bellevue_150th_SE38th
8589,0.428578,0.037511,0.016195,0.58873,0.012077,0.038175,Bellevue_150th_SE38th
8590,0.336754,-0.008817,0.014695,0.429444,0.044444,-0.016667,Bellevue_150th_SE38th
8591,0.337146,0.0075,0.010402,0.455556,-0.05,0.066667,Bellevue_150th_SE38th
8592,0.422188,0.025496,0.019059,0.3,-0.133333,0.116667,Bellevue_150th_SE38th
8593,0.408473,0.028964,0.015296,0.616667,0.033333,0.033333,Bellevue_150th_SE38th
8594,0.315595,-0.004753,0.008546,0.416667,-0.116667,0.166667,Bellevue_150th_SE38th
8595,0.239544,-0.028845,0.003488,0.288889,-0.016667,-0.016667,Bellevue_150th_SE38th
8596,0.340418,-0.011835,0.011518,0.316667,-0.016667,0.05,Bellevue_150th_SE38th
8597,0.431452,0.036541,0.018981,0.638889,-0.044444,0.077778,Bellevue_150th_SE38th
8598,0.33005,-0.003735,0.010082,0.408333,-0.116667,0.116667,Bellevue_150th_SE38th
8599,0.338744,0.004732,0.011905,0.325,0.0,0.033333,Bellevue_150th_SE38th
8600,0.338002,-0.009256,0.012708,0.266667,0.016667,0.066667,Bellevue_150th_SE38th
8601,0.342682,-0.002275,0.013068,0.402778,-0.011111,0.044444,Bellevue_150th_SE38th
8602,0.350068,0.010015,0.013802,0.662778,0.127778,0.030556,Bellevue_150th_SE38th
8603,0.413373,0.024146,0.020196,0.680198,-0.008333,0.065595,Bellevue_150th_SE38th
8604,0.309535,-0.010746,0.009463,0.658016,0.005556,0.169444,Bellevue_150th_SE38th
8605,0.420234,0.035515,0.018342,0.333333,0.066667,0.0,Bellevue_150th_SE38th
8606,0.332086,-0.014091,0.010211,0.5,0.083333,0.016667,Bellevue_150th_SE38th
8607,0.330411,-0.008521,0.011853,0.338889,0.0,0.072222,Bellevue_150th_SE38th
8608,0.338596,-0.004351,0.011323,0.133333,0.0,0.0,Bellevue_150th_SE38th
8609,0.219192,-0.03093,0.00445,0.366667,0.0,0.0,Bellevue_150th_SE38th
8610,0.225661,-0.029123,0.004012,0.266667,-0.033333,0.033333,Bellevue_150th_SE38th
8611,0.342455,-0.012003,0.012605,0.483333,0.033333,0.016667,Bellevue_150th_SE38th
8612,0.369021,0.00395,0.014626,0.41881,0.038333,0.067778,Bellevue_150th_SE38th
8613,0.429234,0.04809,0.022752,0.366667,0.0,0.033333,Bellevue_150th_SE38th
8614,0.354693,0.005308,0.014077,0.305556,0.027778,-0.011111,Bellevue_150th_SE38th
8615,0.222686,-0.029334,0.004599,0.1,0.0,0.0,Bellevue_150th_SE38th
8616,0.330533,-0.015293,0.010102,0.472222,0.083333,0.05,Bellevue_150th_SE38th
8617,0.349326,-0.004347,0.011625,0.42746,-0.022222,0.047222,Bellevue_150th_SE38th
8618,0.415529,0.040225,0.013932,0.568333,-0.066667,0.09,Bellevue_150th_SE38th
8619,0.372948,0.002367,0.015048,0.327778,-0.005556,0.016667,Bellevue_150th_SE38th
8620,0.373553,0.011284,0.013607,0.361111,0.016667,-0.016667,Bellevue_150th_SE38th
8621,0.333357,-0.009747,0.01149,0.305556,-0.03,0.051111,Bellevue_150th_SE38th
8622,0.401037,0.019434,0.017223,0.61,0.183333,0.013889,Bellevue_150th_SE38th
8623,0.264111,-0.027806,0.005294,0.385,0.166667,0.0,Bellevue_150th_SE38th
8624,0.326306,-0.009818,0.009511,0.166667,0.0,0.0,Bellevue_150th_SE38th
8625,0.226536,-0.028945,0.004201,0.366667,0.0,0.0,Bellevue_150th_SE38th
8626,0.317341,-0.016157,0.009599,0.561667,-0.073333,0.106667,Bellevue_150th_SE38th
8627,0.369261,0.008965,0.013075,0.455556,0.244444,-0.033333,Bellevue_150th_SE38th
8628,0.322981,-0.017169,0.012046,0.166667,0.0,0.0,Bellevue_150th_SE38th
8629,0.23345,-0.030405,0.004248,0.370556,0.057222,0.073333,Bellevue_150th_SE38th
8630,0.407822,0.028494,0.01751,0.5,0.056667,0.083333,Bellevue_150th_SE38th
8631,0.393616,0.017886,0.016758,0.576111,0.035556,0.038889,Bellevue_150th_SE38th
8632,0.35479,-0.00823,0.013449,0.432222,0.033333,0.117778,Bellevue_150th_SE38th
8633,0.428391,0.03337,0.020467,0.455556,0.138889,-0.033333,Bellevue_150th_SE38th
8634,0.38374,0.020128,0.015263,0.266667,0.033333,-0.05,Bellevue_150th_SE38th
8635,0.329057,-0.013138,0.010413,0.2,0.0,0.0,Bellevue_150th_SE38th
8636,0.37461,0.018925,0.012314,0.411111,0.019444,0.102778,Bellevue_150th_SE38th
8637,0.384049,0.012893,0.016757,0.587778,0.069444,0.061111,Bellevue_150th_SE38th
8638,0.350448,-0.002624,0.012671,0.693016,0.023095,0.024444,Bellevue_150th_SE38th
8639,0.404179,0.0301,0.019536,0.658333,-0.091667,0.191667,Bellevue_150th_SE38th
8640,0.36162,-0.001858,0.015656,0.701905,0.098889,0.023333,Bellevue_150th_SE38th
8641,0.40617,0.011315,0.017189,0.686177,0.024709,0.102884,Bellevue_150th_SE38th
8642,0.477995,0.115849,0.031679,0.76,0.094444,0.236667,Bellevue_150th_SE38th
8643,0.365086,0.00977,0.010559,0.35,0.066667,-0.016667,Bellevue_150th_SE38th
8644,0.335614,0.000628,0.011396,0.322222,-0.033333,0.077778,Bellevue_150th_SE38th
8645,0.397154,0.015836,0.01606,0.35,-0.05,0.083333,Bellevue_150th_SE38th
8646,0.387395,0.043282,0.015459,0.405556,0.005556,0.016667,Bellevue_150th_SE38th
8647,0.273633,-0.02028,0.008744,0.327778,-0.033333,0.077778,Bellevue_150th_SE38th
8648,0.281132,-0.016703,0.007931,0.664167,0.153889,0.034722,Bellevue_150th_SE38th
8649,0.391523,0.012959,0.016829,0.664418,0.097857,0.094286,Bellevue_150th_SE38th
8650,0.404862,0.031825,0.019762,0.653995,0.045873,0.055132,Bellevue_150th_SE38th
8651,0.440209,0.041685,0.022776,0.667222,0.013333,0.205,Bellevue_150th_SE38th
8652,0.35664,0.004083,0.015138,0.2,0.0,0.0,Bellevue_150th_SE38th
8653,0.223132,-0.029703,0.004879,0.366667,0.0,0.0,Bellevue_150th_SE38th
8654,0.316852,-0.009249,0.009887,0.709683,0.045556,0.062778,Bellevue_150th_SE38th
8655,0.366188,0.000963,0.014377,0.505556,0.0,0.069444,Bellevue_150th_SE38th
8656,0.357686,0.007877,0.016564,0.583889,0.1,0.075,Bellevue_150th_SE38th
8657,0.367027,0.002709,0.014465,0.596667,-0.044444,0.061111,Bellevue_150th_SE38th
8658,0.358073,0.000701,0.013778,0.711032,-0.091667,0.096429,Bellevue_150th_SE38th
8659,0.319669,-0.013695,0.012094,0.672976,0.005556,0.078373,Bellevue_150th_SE38th
8660,0.359138,0.001654,0.015565,0.447222,-0.011111,0.008333,Bellevue_150th_SE38th
8661,0.412033,0.031114,0.018917,0.68127,-0.016984,0.073413,Bellevue_150th_SE38th
8662,0.513426,0.065256,0.028727,0.541667,0.016667,0.027778,Bellevue_150th_SE38th
8663,0.347364,0.00561,0.013399,0.541667,0.027778,0.2,Bellevue_150th_SE38th
8664,0.397896,0.020994,0.017279,0.593571,0.043889,0.100873,Bellevue_150th_SE38th
8665,0.334552,-0.013311,0.009356,0.283333,-0.033333,0.05,Bellevue_150th_SE38th
8666,0.315923,-0.012441,0.010856,0.25,-0.016667,0.033333,Bellevue_150th_SE38th
8667,0.318705,-0.016681,0.009354,0.427778,0.066667,0.044444,Bellevue_150th_SE38th
8668,0.292426,-0.021322,0.007659,0.2,0.0,0.0,Bellevue_150th_SE38th
8669,0.301577,-0.017382,0.009569,0.502778,0.122222,0.0,Bellevue_150th_SE38th
8670,0.314913,-0.008105,0.009966,0.557381,0.015556,0.067778,Bellevue_150th_SE38th
8671,0.460845,0.041172,0.022598,0.749127,0.009524,0.045357,Bellevue_150th_SE38th
8672,0.496907,0.072905,0.03812,0.799683,-0.01,0.33619,Bellevue_150th_SE38th
8673,0.318554,-0.004083,0.012956,0.45,0.0,0.033333,Bellevue_150th_SE38th
8674,0.390513,0.010658,0.016759,0.661111,-0.085,0.080556,Bellevue_150th_SE38th
8675,0.350118,-0.005805,0.012575,0.358889,0.012222,0.05,Bellevue_150th_SE38th
8676,0.370266,0.009801,0.014019,0.475,0.055556,0.086111,Bellevue_150th_SE38th
8677,0.341586,-0.007059,0.013229,0.422222,0.005556,0.15,Bellevue_150th_SE38th
8678,0.384679,0.011259,0.013796,0.405556,-0.044444,0.044444,Bellevue_150th_SE38th
8679,0.356264,0.000742,0.014789,0.776508,0.056111,0.067778,Bellevue_150th_SE38th
8680,0.304251,-0.008977,0.008911,0.797222,-0.022222,0.0,Bellevue_150th_SE38th
8681,0.36229,-1.8e-05,0.013836,0.2,0.033333,0.0,Bellevue_150th_SE38th
8682,0.315157,-0.0162,0.009969,0.486111,-0.025,0.05,Bellevue_150th_SE38th
8683,0.40889,0.021159,0.017668,0.636667,-0.016667,0.162222,Bellevue_150th_SE38th
8684,0.364401,0.005271,0.012582,0.642315,0.016944,0.093003,Bellevue_150th_SE38th
8685,0.418639,0.037266,0.015165,0.702828,0.022222,0.041919,Bellevue_150th_SE38th
8686,0.384432,-0.000578,0.017129,0.383333,-0.116667,0.133333,Bellevue_150th_SE38th
8687,0.346758,-0.013542,0.012382,0.35,-0.033333,0.1,Bellevue_150th_SE38th
8688,0.386053,0.022295,0.014628,0.3,-0.033333,0.033333,Bellevue_150th_SE38th
8689,0.406431,0.030971,0.018564,0.4,0.033333,0.033333,Bellevue_150th_SE38th
8690,0.225144,-0.028198,0.004305,0.133333,0.0,0.0,Bellevue_150th_SE38th
8691,0.233935,-0.026776,0.004122,0.689444,0.053333,0.04,Bellevue_150th_SE38th
8692,0.497155,0.069631,0.026708,0.616614,-0.023413,0.137698,Bellevue_150th_SE38th
8693,0.427039,0.042148,0.017832,0.337778,-0.022222,0.038889,Bellevue_150th_SE38th
8694,0.389257,0.017769,0.015127,0.255556,-0.016667,0.033333,Bellevue_150th_SE38th
8695,0.234454,-0.025178,0.004782,0.711111,0.073889,-0.008333,Bellevue_150th_SE38th
8696,0.392336,0.013989,0.016203,0.638254,0.064444,0.147778,Bellevue_150th_SE38th
8697,0.353685,0.010423,0.014911,0.707341,0.075516,0.19,Bellevue_150th_SE38th
8698,0.382574,0.008147,0.013853,0.263889,0.027778,0.022222,Bellevue_150th_SE38th
8699,0.505322,0.076258,0.026323,0.398889,-0.018333,0.119444,Bellevue_150th_SE38th
8700,0.434044,0.044799,0.017493,0.6,-0.1,0.209444,Bellevue_150th_SE38th
8701,0.303954,-0.0105,0.009386,0.266667,0.0,0.033333,Bellevue_150th_SE38th
8702,0.274352,-0.021553,0.007055,0.494444,0.005556,0.061111,Bellevue_150th_SE38th
8703,0.379747,0.016982,0.012949,0.4,0.0,0.016667,Bellevue_150th_SE38th
8704,0.314435,-0.005375,0.009017,0.569444,0.025,-0.05,Bellevue_150th_SE38th
8705,0.367202,-0.004617,0.014793,0.461349,0.089206,-0.104762,Bellevue_150th_SE38th
8706,0.34876,-0.001753,0.014978,0.405556,-0.044444,0.094444,Bellevue_150th_SE38th
8707,0.388767,0.019751,0.013274,0.419444,-0.013889,0.1,Bellevue_150th_SE38th
8708,0.391178,0.008964,0.015209,0.485556,0.011905,0.10619,Bellevue_150th_SE38th
8709,0.438913,0.041321,0.021738,0.441667,-0.06,0.093333,Bellevue_150th_SE38th
8710,0.332538,-0.012252,0.012413,0.2,0.0,0.033333,Bellevue_150th_SE38th
8711,0.410362,0.035342,0.01435,0.514048,0.054444,0.081667,Bellevue_150th_SE38th
8712,0.352705,-0.001761,0.012619,0.475,0.025,0.111111,Bellevue_150th_SE38th
8713,0.332389,-0.004687,0.014543,0.565556,0.1,0.055556,Bellevue_150th_SE38th
8714,0.375449,0.009349,0.015616,0.679405,0.079524,0.145833,Bellevue_150th_SE38th
8715,0.397765,0.004708,0.015808,0.813436,0.087935,0.141156,Bellevue_150th_SE38th
8716,0.477256,0.057988,0.026166,0.487183,0.070714,0.057183,Bellevue_150th_SE38th
8717,0.455784,0.049901,0.020416,0.680992,0.096825,0.086667,Bellevue_150th_SE38th
8718,0.434502,0.031224,0.013965,0.47746,0.018968,0.04746,Bellevue_150th_SE38th
8719,0.315922,-0.012541,0.010621,0.661111,0.116667,0.111111,Bellevue_150th_SE38th
8720,0.367857,0.00104,0.015478,0.729921,0.04045,0.045701,Bellevue_150th_SE38th
8721,0.320711,-0.017231,0.01327,0.57463,-0.008333,0.118704,Bellevue_150th_SE38th
8722,0.346666,-0.007914,0.012623,0.544444,0.091667,-0.005556,Bellevue_150th_SE38th
8723,0.368737,0.008975,0.015226,0.388889,0.0,0.0,Bellevue_150th_SE38th
8724,0.300353,-0.013367,0.009079,0.700847,0.067778,0.062222,Bellevue_150th_SE38th
8725,0.43688,0.031021,0.019538,0.668532,0.149722,-0.050278,Bellevue_150th_SE38th
8726,0.54107,0.104858,0.030771,0.813889,0.130556,0.261746,Bellevue_150th_SE38th
8727,0.414646,0.08565,0.025445,0.468651,0.101111,0.008889,Bellevue_150th_SE38th
8728,0.349235,-0.002679,0.009731,0.461111,0.025,0.077778,Bellevue_150th_SE38th
8729,0.357238,0.006581,0.013104,0.53504,-0.006032,0.223135,Bellevue_150th_SE38th
8730,0.545277,0.098477,0.035277,0.481032,0.116058,0.066045,Bellevue_150th_SE38th
8731,0.413047,0.031182,0.02073,0.50418,0.057778,0.073188,Bellevue_150th_SE38th
8732,0.4023,0.026089,0.011356,0.305556,-0.055556,0.088889,Bellevue_150th_SE38th
8733,0.34626,-0.003257,0.013703,0.305556,0.0,0.066667,Bellevue_150th_SE38th
8734,0.378224,0.007229,0.016705,0.641667,0.127778,0.15,Bellevue_150th_SE38th
8735,0.372174,0.029351,0.017799,0.2,0.0,0.016667,Bellevue_150th_SE38th
8736,0.334456,-0.014685,0.01244,0.646111,0.136111,0.016667,Bellevue_150th_SE38th
8737,0.435021,0.04599,0.020622,0.673056,0.048056,0.018889,Bellevue_150th_SE38th
8738,0.370269,0.006569,0.016111,0.316032,0.02963,0.007407,Bellevue_150th_SE38th
8739,0.378882,0.008209,0.015557,0.528413,0.020873,0.075317,Bellevue_150th_SE38th
8740,0.490246,0.079544,0.029404,0.661111,0.008333,0.105556,Bellevue_150th_SE38th
8741,0.361603,0.009758,0.017393,0.638889,-0.038889,0.091667,Bellevue_150th_SE38th
8742,0.428644,0.035187,0.023434,0.638889,-0.016667,0.405556,Bellevue_150th_SE38th
8743,0.458961,0.056949,0.025767,0.826667,0.016667,0.508333,Bellevue_150th_SE38th
8744,0.473135,0.060057,0.026966,0.753267,0.108042,0.108241,Bellevue_150th_SE38th
8745,0.514093,0.088462,0.02613,0.776931,0.087354,0.038545,Bellevue_150th_SE38th
8746,0.42171,0.03688,0.027803,0.946389,0.011389,0.458611,Bellevue_150th_SE38th
8747,0.350025,-0.008837,0.017169,0.936111,0.05,0.492778,Bellevue_150th_SE38th
8748,0.337388,-0.008367,0.015139,0.784061,-0.006667,0.276561,Bellevue_150th_SE38th
8749,0.415118,0.051121,0.028047,0.893241,0.0,0.434537,Bellevue_150th_SE38th
8750,0.311016,-0.001763,0.014538,0.922698,-0.003492,0.517619,Bellevue_150th_SE38th
8751,0.549163,0.094301,0.047953,0.809484,0.057778,0.179802,Bellevue_150th_SE38th
8752,0.40191,0.029559,0.022364,0.941667,-0.016667,0.597222,Bellevue_150th_SE38th
8753,0.359687,-0.000548,0.018532,0.865701,0.002778,0.418691,Bellevue_150th_SE38th
8754,0.347506,0.002983,0.01822,0.966667,0.0,0.427222,Bellevue_150th_SE38th
8755,0.342435,0.006086,0.017956,0.93,-0.002778,0.357778,Bellevue_150th_SE38th
8756,0.343539,-0.007362,0.017968,0.838571,0.005873,0.373413,Bellevue_150th_SE38th
8757,0.36797,0.022311,0.020349,0.905556,-0.011111,0.505556,Bellevue_150th_SE38th
8758,0.231178,-0.017235,0.009197,0.874444,0.040873,0.207778,Bellevue_150th_SE38th
8759,0.323517,-0.00825,0.017687,0.777421,0.128175,0.127302,Bellevue_150th_SE38th
8760,0.449736,0.045676,0.03305,0.737434,-0.002725,0.148876,Bellevue_150th_SE38th
8761,0.380086,0.011646,0.023372,0.650159,0.058968,0.13746,Bellevue_150th_SE38th
8762,0.456296,0.053993,0.035292,0.714603,0.076746,0.105833,Bellevue_150th_SE38th
8763,0.429498,0.048967,0.029666,0.684048,0.214246,0.064246,Bellevue_150th_SE38th
8764,0.370962,0.016326,0.027434,0.724444,0.131667,0.262222,Bellevue_150th_SE38th
8765,0.455981,0.038613,0.032025,0.640556,0.055556,0.172778,Bellevue_150th_SE38th
8766,0.342961,0.0119,0.020705,0.605,0.038889,0.083889,Bellevue_150th_SE38th
8767,0.446035,0.068591,0.041033,0.544444,-0.027778,0.233333,Bellevue_150th_SE38th
8768,0.271903,-0.010887,0.013753,0.133333,0.0,0.0,Bellevue_150th_SE38th
8769,0.372451,0.012513,0.024984,0.661667,0.059444,0.083889,Bellevue_150th_SE38th
8770,0.486628,0.087564,0.055879,0.759903,0.247992,0.105438,Bellevue_150th_SE38th
8771,0.530551,0.116948,0.06422,0.531019,0.128889,0.056653,Bellevue_150th_SE38th
8772,0.485671,0.089873,0.051166,0.458889,-0.035556,0.131667,Bellevue_150th_SE38th
8773,0.292957,0.005038,0.018522,0.583333,0.05,0.183333,Bellevue_150th_SE38th
8774,0.455807,0.068319,0.040219,0.616111,0.053889,0.118889,Bellevue_150th_SE38th
8775,0.381239,0.025479,0.028472,0.508333,0.093889,0.055556,Bellevue_150th_SE38th
8776,0.390025,0.010238,0.028529,0.283333,-0.016667,0.05,Bellevue_150th_SE38th
8777,0.361842,0.010572,0.026016,0.481402,0.008783,0.048836,Bellevue_150th_SE38th
8778,0.355239,-6.2e-05,0.024931,0.508571,0.201429,0.028095,Bellevue_150th_SE38th
8779,0.442736,0.045922,0.044605,0.358333,0.016667,0.011111,Bellevue_150th_SE38th
8780,0.307533,-0.005395,0.020728,0.487222,0.08,0.009444,Bellevue_150th_SE38th
8781,0.357149,0.012087,0.027496,0.672222,0.216667,0.05,Bellevue_150th_SE38th
8782,0.399215,0.025943,0.035962,0.803889,0.308889,0.182222,Bellevue_150th_SE38th
8783,0.361059,0.010162,0.030617,0.697778,0.177778,0.061667,Bellevue_150th_SE38th
8784,0.382444,0.018017,0.032536,0.508333,-0.102778,0.161111,Bellevue_150th_SE38th
8785,0.368629,0.027014,0.033947,0.377778,0.127778,-0.011111,Bellevue_150th_SE38th
8786,0.374777,0.0164,0.032834,0.577222,-0.009444,0.042778,Bellevue_150th_SE38th
8787,0.344454,0.010933,0.029955,0.47,0.024444,0.035556,Bellevue_150th_SE38th
8788,0.301585,0.000482,0.022662,0.584444,0.066667,0.101111,Bellevue_150th_SE38th
8789,0.479489,0.063644,0.051418,0.768221,0.055424,0.19281,Bellevue_150th_SE38th
8790,0.521699,0.071143,0.077584,0.895794,-0.001111,0.2,Bellevue_150th_SE38th
8791,0.471297,0.056743,0.058598,0.68499,0.055083,0.146686,Bellevue_150th_SE38th
8792,0.486738,0.07659,0.068143,0.754786,0.042012,0.085053,Bellevue_150th_SE38th
8793,0.408573,0.046643,0.046452,0.757619,-0.036905,0.24373,Bellevue_150th_SE38th
8794,0.412156,0.033349,0.04769,0.769229,0.09192,0.119959,Bellevue_150th_SE38th
8795,0.442725,0.040724,0.06124,0.762262,0.036706,0.125397,Bellevue_150th_SE38th
8796,0.432259,0.048685,0.057791,0.68205,0.044577,0.152037,Bellevue_150th_SE38th
8797,0.384515,0.033462,0.046585,0.707765,0.026786,0.157421,Bellevue_150th_SE38th
8798,0.48152,0.037446,0.066674,0.726667,0.063889,0.025,Bellevue_150th_SE38th
8799,0.384291,0.002601,0.040027,0.694444,0.094444,-0.044444,Bellevue_150th_SE38th
8800,0.372456,0.002051,0.04059,0.610794,0.053889,-0.017778,Bellevue_150th_SE38th
8801,0.370727,-0.007786,0.036323,0.608413,-0.048095,0.193175,Bellevue_150th_SE38th
8802,0.418376,0.038049,0.066382,0.681508,0.031111,0.089206,Bellevue_150th_SE38th
8803,0.419546,0.028313,0.05836,0.581331,0.025545,0.098627,Bellevue_150th_SE38th
8804,0.380316,-0.004051,0.04084,0.572249,0.087262,0.109894,Bellevue_150th_SE38th
8805,0.459177,0.014142,0.055974,0.704568,0.130595,0.129446,Bellevue_150th_SE38th
8806,0.462752,0.01984,0.059307,0.726878,0.033056,0.066574,Bellevue_150th_SE38th
8807,0.414307,-0.002484,0.044764,0.658095,0.015132,0.065132,Bellevue_150th_SE38th
8808,0.531369,0.06049,0.082037,0.706825,0.021944,0.248505,Bellevue_150th_SE38th
8809,0.297009,-0.023541,0.018574,0.766587,0.027778,0.298056,Bellevue_150th_SE38th
8810,0.435013,0.008111,0.051252,0.667513,0.053175,0.05922,Bellevue_150th_SE38th
8811,0.477799,0.029784,0.063157,0.672712,0.004167,0.135212,Bellevue_150th_SE38th
8812,0.44291,0.02127,0.05411,0.752222,-0.019444,0.056667,Bellevue_150th_SE38th
8813,0.439936,-0.001063,0.036312,0.822619,0.034762,0.077063,Bellevue_150th_SE38th
8814,0.402281,-0.013345,0.029685,0.875,0.0,0.005556,Bellevue_150th_SE38th
8815,0.413734,-0.008675,0.035432,0.652672,0.066971,0.109471,Bellevue_150th_SE38th
8816,0.467894,0.017053,0.056888,0.673956,0.061841,0.169721,Bellevue_150th_SE38th
8817,0.49739,0.039084,0.070861,0.719009,0.120398,0.140212,Bellevue_150th_SE38th
8818,0.50122,0.028606,0.05207,0.752674,0.106031,0.203965,Bellevue_150th_SE38th
8819,0.494265,0.031765,0.04612,0.629083,0.108234,0.132299,Bellevue_150th_SE38th
8820,0.491994,0.019216,0.045945,0.455099,0.060824,0.065118,Bellevue_150th_SE38th
8821,0.467565,0.020188,0.045079,0.730856,0.262579,0.09631,Bellevue_150th_SE38th
8822,0.430256,0.007697,0.037915,0.578721,0.153095,0.104861,Bellevue_150th_SE38th
8823,0.486098,0.02739,0.030345,0.76381,0.097302,0.068254,Bellevue_150th_SE38th
8824,0.45697,-0.004018,0.026392,0.938889,0.038889,0.044444,Bellevue_150th_SE38th
8825,0.426858,-0.008687,0.017964,0.86537,0.021429,0.155661,Bellevue_150th_SE38th
8826,0.457263,0.00313,0.021463,0.764172,0.067951,0.086801,Bellevue_150th_SE38th
8827,0.480051,0.013582,0.030158,0.859365,0.016667,0.130397,Bellevue_150th_SE38th
8828,0.470284,0.00377,0.0274,0.901905,0.03,0.068651,Bellevue_150th_SE38th
8829,0.455927,0.003062,0.024065,0.84763,0.013519,0.101103,Bellevue_150th_SE38th
8830,0.477296,0.020972,0.049903,0.83078,0.07119,0.165093,Bellevue_150th_SE38th
8831,0.484632,0.017359,0.040889,0.799524,0.130476,0.231429,Bellevue_150th_SE38th
8832,0.466738,0.013838,0.035573,0.741786,0.146627,0.098413,Bellevue_150th_SE38th
8833,0.472206,0.020111,0.044768,0.652738,0.094484,0.10246,Bellevue_150th_SE38th
8834,0.478658,0.025648,0.048,0.755556,0.035185,0.227341,Bellevue_150th_SE38th
8835,0.456532,0.010752,0.039111,0.668942,0.138783,0.107103,Bellevue_150th_SE38th
8836,0.471046,0.012007,0.029965,0.659722,0.216733,-0.006495,Bellevue_150th_SE38th
8837,0.494802,0.026775,0.04555,0.652659,0.121984,0.154669,Bellevue_150th_SE38th
8838,0.463634,0.011582,0.039039,0.735913,0.083743,0.058135,Bellevue_150th_SE38th
8839,0.427012,0.004745,0.049415,0.606053,0.166457,0.0175,Bellevue_150th_SE38th
8840,0.458154,-0.001176,0.038097,0.702394,0.093968,0.022222,Bellevue_150th_SE38th
8841,0.484477,0.004072,0.027626,0.754689,0.110707,0.142736,Bellevue_150th_SE38th
8842,0.468643,0.004182,0.045148,0.515017,0.038955,0.116855,Bellevue_150th_SE38th
8843,0.422659,-0.008631,0.031425,0.527995,0.022672,0.103042,Bellevue_150th_SE38th
8844,0.439877,0.012962,0.047241,0.798545,0.074815,0.186746,Bellevue_150th_SE38th
8845,0.471428,0.020878,0.04046,0.536867,0.12349,0.14048,Bellevue_150th_SE38th
8846,0.422957,0.034589,0.0612,0.453599,0.071529,0.197922,Bellevue_150th_SE38th
8847,0.411079,0.02641,0.053165,0.652987,0.206389,0.123426,Bellevue_150th_SE38th
8848,0.380453,0.023463,0.048047,0.525487,0.11739,0.09461,Bellevue_150th_SE38th
8849,0.443046,0.017205,0.036853,0.601243,0.07922,0.221402,Bellevue_150th_SE38th
8850,0.461007,0.023946,0.031978,0.64685,0.052491,0.186014,Bellevue_150th_SE38th
8851,0.435991,0.025955,0.040054,0.559,0.003609,0.142986,Bellevue_150th_SE38th
8852,0.396341,0.014678,0.040147,0.824127,-0.121905,0.383333,Bellevue_150th_SE38th
8853,0.364731,0.02525,0.008666,0.809127,-0.07,0.343175,Bellevue_150th_SE38th
8854,0.448638,0.034293,0.028595,0.634217,0.033325,0.237044,Bellevue_150th_SE38th
8855,0.4342,0.031352,0.025867,0.488823,0.043823,0.072976,Bellevue_150th_SE38th
8856,0.452995,0.035828,0.026174,0.580494,0.027926,0.143615,Bellevue_150th_SE38th
8857,0.441507,0.036055,0.034195,0.742817,0.057963,0.188122,Bellevue_150th_SE38th
8858,0.465698,0.038843,0.032633,0.708214,0.016508,0.197302,Bellevue_150th_SE38th
8859,0.467754,0.047807,0.037531,0.785685,0.192149,0.265513,Bellevue_150th_SE38th
8860,0.43142,0.036373,0.048001,0.613685,0.225005,0.162972,Bellevue_150th_SE38th
8861,0.408163,0.053567,0.06043,0.559123,0.091116,0.030296,Bellevue_150th_SE38th
8862,0.370433,0.036438,0.047902,0.719893,0.151336,0.075613,Bellevue_150th_SE38th
8863,0.402745,0.037647,0.054878,0.575119,0.250556,0.075754,Bellevue_150th_SE38th
8864,0.38934,0.038855,0.051287,0.513016,0.189683,0.043333,Bellevue_150th_SE38th
8865,0.322492,0.027029,0.038339,0.528836,0.070079,0.12914,Bellevue_150th_SE38th
8866,0.427474,0.052982,0.062285,0.687302,0.047778,0.005317,Bellevue_150th_SE38th
8867,0.374389,0.028108,0.034976,0.901667,0.059444,0.041667,Bellevue_150th_SE38th
8868,0.460563,0.04897,0.024861,0.805794,0.109762,0.206111,Bellevue_150th_SE38th
8869,0.408414,0.035299,0.06017,0.586545,0.131855,0.173932,Bellevue_150th_SE38th
8870,0.390288,0.054038,0.066094,0.579504,0.017055,0.18343,Bellevue_150th_SE38th
8871,0.401104,0.038112,0.039689,0.467481,0.10336,0.111995,Bellevue_150th_SE38th
8872,0.424307,0.03896,0.05424,0.530238,0.154365,0.110952,Bellevue_150th_SE38th
8873,0.392714,0.047329,0.055066,0.676675,0.135278,0.055412,Bellevue_150th_SE38th
8874,0.360074,0.035003,0.042887,0.76595,0.147768,0.060172,Bellevue_150th_SE38th
8875,0.382354,0.039422,0.04754,0.676965,0.18963,0.169752,Bellevue_150th_SE38th
8876,0.389882,0.047131,0.054469,0.440965,0.029812,0.137163,Bellevue_150th_SE38th
8877,0.386539,0.054533,0.047838,0.574123,0.042831,0.11194,Bellevue_150th_SE38th
8878,0.434929,0.044039,0.058846,0.688651,0.186548,0.171587,Bellevue_150th_SE38th
8879,0.37149,0.051596,0.046342,0.584566,0.208385,0.129504,Bellevue_150th_SE38th
8880,0.403453,0.045977,0.053612,0.522081,0.027817,0.102731,Bellevue_150th_SE38th
8881,0.415876,0.058296,0.057757,0.611555,0.123135,0.170825,Bellevue_150th_SE38th
8882,0.43895,0.051253,0.080281,0.549677,0.088981,0.161748,Bellevue_150th_SE38th
8883,0.442007,0.047577,0.063874,0.606819,0.117223,0.115254,Bellevue_150th_SE38th
8884,0.449821,0.053828,0.076372,0.69246,0.148558,0.21963,Bellevue_150th_SE38th
8885,0.451093,0.055855,0.079903,0.612495,0.19971,0.193323,Bellevue_150th_SE38th
8886,0.448027,0.059927,0.076123,0.787205,0.088243,0.213349,Bellevue_150th_SE38th
8887,0.450382,0.047867,0.066474,0.757457,0.175177,0.088521,Bellevue_150th_SE38th
8888,0.472949,0.056455,0.084635,0.939921,0.150595,0.213492,Bellevue_150th_SE38th
8889,0.467591,0.055794,0.077458,0.612479,0.150686,0.144623,Bellevue_150th_SE38th
8890,0.487067,0.074453,0.095309,0.651123,0.13679,0.205978,Bellevue_150th_SE38th
8891,0.450891,0.054387,0.074137,0.489231,0.102976,0.098295,Bellevue_150th_SE38th
8892,0.496291,0.087579,0.092005,0.480703,0.085238,0.064718,Bellevue_150th_SE38th
8893,0.483483,0.080167,0.12159,0.589167,0.061827,0.174735,Bellevue_150th_SE38th
8894,0.475097,0.065094,0.11902,0.574269,0.103795,0.118389,Bellevue_150th_SE38th
8895,0.523612,0.092443,0.087629,0.790794,0.091508,0.120714,Bellevue_150th_SE38th
8896,0.482226,0.065339,0.077674,0.478949,-0.027211,0.178499,Bellevue_150th_SE38th
8897,0.467173,0.074551,0.089198,0.640926,0.072037,0.103452,Bellevue_150th_SE38th
8898,0.473164,0.057415,0.121987,0.780714,0.013889,0.047143,Bellevue_150th_SE38th
8899,0.472732,0.070768,0.071849,0.65,-0.003519,0.13078,Bellevue_150th_SE38th
8900,0.474853,0.075492,0.08419,0.620253,0.150545,0.09493,Bellevue_150th_SE38th
8901,0.484414,0.08713,0.087595,0.734394,0.144679,0.086321,Bellevue_150th_SE38th
8902,0.493325,0.073127,0.083936,0.764444,0.04,0.111667,Bellevue_150th_SE38th
8903,0.492514,0.070174,0.081092,0.638084,0.025,0.117973,Bellevue_150th_SE38th
8904,0.504486,0.093512,0.089316,0.828122,0.041521,0.062302,Bellevue_150th_SE38th
8905,0.481741,0.068577,0.080562,0.936111,0.073889,0.004444,Bellevue_150th_SE38th
8906,0.488866,0.069475,0.08028,0.575346,0.060115,0.117444,Bellevue_150th_SE38th
8907,0.504148,0.088019,0.089758,0.666325,0.033266,0.108488,Bellevue_150th_SE38th
8908,0.506642,0.067509,0.080428,0.740754,0.07004,0.182923,Bellevue_150th_SE38th
8909,0.505216,0.066562,0.076056,0.685714,0.128029,0.246759,Bellevue_150th_SE38th
8910,0.527212,0.071636,0.084704,0.603904,0.119078,0.164624,Bellevue_150th_SE38th
8911,0.489226,0.086981,0.081577,0.501611,0.014834,0.115106,Bellevue_150th_SE38th
8912,0.525953,0.125378,0.08473,0.609194,0.073641,0.216409,Bellevue_150th_SE38th
8913,0.519896,0.087873,0.087869,0.746124,0.093641,0.278774,Bellevue_150th_SE38th
8914,0.496985,0.078705,0.087339,0.66277,0.037739,0.237346,Bellevue_150th_SE38th
8915,0.49086,0.099513,0.087782,0.665444,0.046784,0.17217,Bellevue_150th_SE38th
8916,0.512443,0.103956,0.08737,0.703757,0.014769,0.22507,Bellevue_150th_SE38th
8917,0.517022,0.065575,0.069149,0.845357,0.012885,0.207407,Bellevue_150th_SE38th
8918,0.511593,0.069249,0.079912,0.622411,0.046928,0.137811,Bellevue_150th_SE38th
8919,0.488938,0.053897,0.082583,0.660767,0.102391,0.092352,Bellevue_150th_SE38th
8920,0.523693,0.05938,0.084251,0.756947,0.052476,0.21652,Bellevue_150th_SE38th
8921,0.511968,0.060935,0.088271,0.810603,0.059024,0.285433,Bellevue_150th_SE38th
8922,0.507463,0.05071,0.079474,0.632742,0.00178,0.240291,Bellevue_150th_SE38th
8923,0.504177,0.082813,0.091981,0.680212,-0.021088,0.214434,Bellevue_150th_SE38th
8924,0.519865,0.093873,0.088647,0.840663,0.045208,0.266281,Bellevue_150th_SE38th
8925,0.524562,0.044645,0.071566,0.680087,0.120409,0.161467,Bellevue_150th_SE38th
8926,0.497126,0.086222,0.084809,0.587644,0.052019,0.089972,Bellevue_150th_SE38th
8927,0.533261,0.127904,0.084153,0.844769,0.028401,0.088719,Bellevue_150th_SE38th
8928,0.536957,0.05273,0.072532,0.828929,0.022698,0.070728,Bellevue_150th_SE38th
8929,0.542373,0.043703,0.063956,0.65155,0.02493,0.087648,Bellevue_150th_SE38th
8930,0.516706,0.092483,0.070772,0.709043,0.064547,0.141682,Bellevue_150th_SE38th
8931,0.528597,0.104671,0.08586,0.784456,0.087859,0.181421,Bellevue_150th_SE38th
8932,0.545584,0.051918,0.064216,0.734061,0.006667,0.177077,Bellevue_150th_SE38th
8933,0.550045,0.051519,0.056018,0.779033,0.027211,0.084218,Bellevue_150th_SE38th
8934,0.557635,0.0427,0.060673,0.570995,0.069682,0.169657,Bellevue_150th_SE38th
8935,0.538652,0.068825,0.070979,0.635147,0.033801,0.224913,Bellevue_150th_SE38th
8936,0.522498,0.089499,0.077141,0.600421,0.062937,0.148216,Bellevue_150th_SE38th
8937,0.534193,0.106668,0.074868,0.581611,0.134259,0.12441,Bellevue_150th_SE38th
8938,0.525645,0.105003,0.084298,0.518021,0.113717,0.094169,Bellevue_150th_SE38th
8939,0.576583,0.111231,0.069606,0.640364,0.059241,0.161512,Bellevue_150th_SE38th
8940,0.515568,0.092006,0.088963,0.701427,0.160624,0.059686,Bellevue_150th_SE38th
8941,0.519641,0.077735,0.08846,0.749841,0.039206,0.080556,Bellevue_150th_SE38th
8942,0.523657,0.060421,0.081443,0.629339,0.045079,0.140132,Bellevue_150th_SE38th
8943,0.547395,0.059361,0.07526,0.719388,0.063202,0.092505,Bellevue_150th_SE38th
8944,0.53123,0.070974,0.080809,0.932222,0.101389,0.084444,Bellevue_150th_SE38th
8945,0.564913,0.032141,0.057466,0.567275,0.042857,0.21336,Bellevue_150th_SE38th
8946,0.521151,0.079337,0.081779,0.593563,0.05762,0.23421,Bellevue_150th_SE38th
8947,0.537374,0.071179,0.077441,0.536089,0.10186,0.216588,Bellevue_150th_SE38th
8948,0.537217,0.050438,0.06295,0.607224,0.018957,0.334062,Bellevue_150th_SE38th
8949,0.543514,0.041827,0.056167,0.620715,0.047112,0.158016,Bellevue_150th_SE38th
8950,0.525263,0.087231,0.065486,0.478026,0.053758,0.093733,Bellevue_150th_SE38th
8951,0.552714,0.150541,0.087428,0.681009,0.069117,0.106794,Bellevue_150th_SE38th
8952,0.553,0.075175,0.067491,0.653999,0.122927,0.16838,Bellevue_150th_SE38th
8953,0.572474,0.081835,0.072199,0.712982,0.038961,0.234263,Bellevue_150th_SE38th
8954,0.536619,0.06337,0.068707,0.501322,0.052194,0.091879,Bellevue_150th_SE38th
8955,0.483783,0.120409,0.068755,0.44571,0.100716,0.081504,Bellevue_150th_SE38th
8956,0.56783,0.151964,0.082387,0.556072,0.051476,0.129625,Bellevue_150th_SE38th
8957,0.533551,0.104967,0.079949,0.535408,0.036496,0.189781,Bellevue_150th_SE38th
8958,0.547568,0.047145,0.063527,0.628482,0.047301,0.146983,Bellevue_150th_SE38th
8959,0.54223,0.049114,0.060894,0.67898,0.075705,0.136643,Bellevue_150th_SE38th
8960,0.569182,0.035792,0.058604,0.596184,0.090739,0.14903,Bellevue_150th_SE38th
8961,0.547497,0.050319,0.069758,0.497863,0.068787,0.169689,Bellevue_150th_SE38th
8962,0.536445,0.076434,0.076597,0.402249,0.046496,0.160349,Bellevue_150th_SE38th
8963,0.4988,0.120371,0.078376,0.508262,0.078695,0.155052,Bellevue_150th_SE38th
8964,0.568242,0.114701,0.08491,0.431332,0.036507,0.079503,Bellevue_150th_SE38th
8965,0.563362,0.143041,0.092251,0.611875,0.122003,0.037379,Bellevue_150th_SE38th
8966,0.541669,0.102421,0.093537,0.507374,0.098918,0.072989,Bellevue_150th_SE38th
8967,0.49344,0.091803,0.093182,0.304487,0.034287,0.124255,Bellevue_150th_SE38th
8968,0.501171,0.104333,0.088578,0.526704,0.098679,0.042232,Bellevue_150th_SE38th
8969,0.495142,0.106708,0.083951,0.581835,0.175214,0.049861,Bellevue_150th_SE38th
8970,0.524478,0.138743,0.087226,0.50474,0.054362,0.099318,Bellevue_150th_SE38th
8971,0.578509,0.149082,0.091542,0.592316,0.09695,0.186967,Bellevue_150th_SE38th
8972,0.528172,0.120186,0.091937,0.678392,0.159382,0.173007,Bellevue_150th_SE38th
8973,0.54179,0.080305,0.074094,0.488199,0.097348,0.133747,Bellevue_150th_SE38th
8974,0.496745,0.127229,0.08792,0.584254,0.093032,0.178192,Bellevue_150th_SE38th
8975,0.506629,0.135282,0.086454,0.626396,0.125886,0.23974,Bellevue_150th_SE38th
8976,0.515052,0.125455,0.092012,0.562644,0.081339,0.126363,Bellevue_150th_SE38th
8977,0.495334,0.130126,0.087643,0.447917,0.119704,0.116809,Bellevue_150th_SE38th
8978,0.532002,0.136588,0.095314,0.46039,0.057725,0.20364,Bellevue_150th_SE38th
8979,0.497073,0.121956,0.08657,0.480987,0.099116,0.146585,Bellevue_150th_SE38th
8980,0.481765,0.12494,0.0888,0.529764,0.066486,0.122911,Bellevue_150th_SE38th
8981,0.478023,0.126035,0.084644,0.421632,0.099716,0.129542,Bellevue_150th_SE38th
8982,0.509466,0.137259,0.089491,0.407685,0.077746,0.077938,Bellevue_150th_SE38th
8983,0.484873,0.129825,0.084914,0.564923,0.104902,0.198431,Bellevue_150th_SE38th
8984,0.556938,0.133615,0.09699,0.60638,0.13943,0.205811,Bellevue_150th_SE38th
8985,0.469071,0.104709,0.089454,0.500373,0.056405,0.160781,Bellevue_150th_SE38th
8986,0.524669,0.140695,0.091226,0.460933,0.065862,0.129522,Bellevue_150th_SE38th
8987,0.541175,0.151159,0.089032,0.582764,0.128809,0.194688,Bellevue_150th_SE38th
8988,0.5522,0.139915,0.091803,0.555476,0.097239,0.238181,Bellevue_150th_SE38th
8989,0.53092,0.134429,0.094948,0.562748,-0.003435,0.24088,Bellevue_150th_SE38th
8990,0.542886,0.141011,0.089673,0.697641,0.07805,0.250874,Bellevue_150th_SE38th
8991,0.547355,0.137588,0.096195,0.582661,0.129935,0.111563,Bellevue_150th_SE38th
8992,0.543252,0.136015,0.097517,0.565185,0.137321,0.109469,Bellevue_150th_SE38th
8993,0.545126,0.136317,0.095786,0.586699,0.082938,0.189215,Bellevue_150th_SE38th
8994,0.541029,0.131717,0.095328,0.665612,0.06974,0.17044,Bellevue_150th_SE38th
8995,0.516914,0.126061,0.092276,0.688162,0.113989,0.215593,Bellevue_150th_SE38th
8996,0.554456,0.140043,0.093811,0.758844,0.100835,0.207674,Bellevue_150th_SE38th
8997,0.521599,0.12354,0.099069,0.551116,0.074912,0.207544,Bellevue_150th_SE38th
8998,0.515668,0.1261,0.094373,0.656031,0.177171,0.264395,Bellevue_150th_SE38th
8999,0.535687,0.128731,0.095218,0.671855,0.181379,0.200771,Bellevue_150th_SE38th
9000,0.519426,0.121861,0.093918,0.647897,0.087102,0.180306,Bellevue_150th_SE38th
9001,0.511333,0.13055,0.0921,0.607809,0.112934,0.1034,Bellevue_150th_SE38th
9002,0.579046,0.155415,0.087581,0.827151,0.133032,0.161112,Bellevue_150th_SE38th
9003,0.549689,0.129955,0.089919,0.623463,0.072459,0.199762,Bellevue_150th_SE38th
9004,0.547709,0.138759,0.093477,0.750505,0.099644,0.176965,Bellevue_150th_SE38th
9005,0.49239,0.11213,0.095599,0.762496,0.077344,0.171086,Bellevue_150th_SE38th
9006,0.510514,0.118107,0.094119,0.700636,0.088116,0.182507,Bellevue_150th_SE38th
9007,0.502775,0.117844,0.097013,0.542295,0.138945,0.141975,Bellevue_150th_SE38th
9008,0.535006,0.135662,0.093555,0.68052,0.1521,0.160583,Bellevue_150th_SE38th
9009,0.492201,0.118207,0.092303,0.680857,0.140589,0.16377,Bellevue_150th_SE38th
9010,0.587616,0.149419,0.091204,0.619138,0.125368,0.205882,Bellevue_150th_SE38th
9011,0.521189,0.124068,0.096012,0.615517,0.107702,0.150165,Bellevue_150th_SE38th
9012,0.501317,0.119835,0.095467,0.535598,0.161099,0.08919,Bellevue_150th_SE38th
9013,0.524197,0.135166,0.091271,0.637465,0.163922,0.096201,Bellevue_150th_SE38th
9014,0.573265,0.144051,0.099409,0.483728,0.182075,0.076141,Bellevue_150th_SE38th
9015,0.591682,0.149908,0.091085,0.643041,0.123617,0.149107,Bellevue_150th_SE38th
9016,0.490352,0.1044,0.099705,0.570934,0.119955,0.098766,Bellevue_150th_SE38th
9017,0.468439,0.10055,0.100549,0.652894,0.183301,0.049506,Bellevue_150th_SE38th
9018,0.51221,0.122349,0.093911,0.804639,0.105108,0.127753,Bellevue_150th_SE38th
9019,0.487403,0.103828,0.098479,0.814736,0.138685,0.058577,Bellevue_150th_SE38th
9020,0.513247,0.117401,0.094378,0.463853,0.103411,0.037298,Bellevue_150th_SE38th
9021,0.489605,0.113704,0.096441,0.578174,0.068213,0.054199,Bellevue_150th_SE38th
9022,0.486485,0.112545,0.101178,0.618177,0.002153,0.115776,Bellevue_150th_SE38th
9023,0.51431,0.138353,0.087022,0.561797,0.124692,0.063328,Bellevue_150th_SE38th
9024,0.558514,0.155805,0.086803,0.52744,0.129271,0.06795,Bellevue_150th_SE38th
9025,0.590872,0.162213,0.089726,0.602994,0.100005,0.09071,Bellevue_150th_SE38th
9026,0.530324,0.137808,0.090556,0.578877,0.093635,0.081895,Bellevue_150th_SE38th
9027,0.534793,0.14505,0.087972,0.509385,0.115048,0.050801,Bellevue_150th_SE38th
9028,0.533678,0.144441,0.087701,0.504115,0.070443,0.068522,Bellevue_150th_SE38th
9029,0.555295,0.150537,0.088506,0.491524,0.105048,0.08411,Bellevue_150th_SE38th
9030,0.515661,0.136438,0.08891,0.521596,0.181736,0.022131,Bellevue_150th_SE38th
9031,0.518396,0.13726,0.087885,0.512998,0.137324,0.083265,Bellevue_150th_SE38th
9032,0.523532,0.139938,0.087796,0.637797,0.183437,0.057039,Bellevue_150th_SE38th
9033,0.536225,0.141284,0.088966,0.601574,0.077758,0.090042,Bellevue_150th_SE38th
9034,0.567826,0.153237,0.091105,0.721864,0.136606,0.072573,Bellevue_150th_SE38th
9035,0.556376,0.151114,0.091054,0.604456,0.115515,0.074971,Bellevue_150th_SE38th
9036,0.571887,0.153509,0.092219,0.624348,0.062529,0.123215,Bellevue_150th_SE38th
9037,0.522196,0.137822,0.09117,0.513722,0.133259,0.13604,Bellevue_150th_SE38th
9038,0.52988,0.142309,0.092482,0.493872,0.012431,0.199733,Bellevue_150th_SE38th
9039,0.530638,0.137297,0.090358,0.538672,0.126983,0.040412,Bellevue_150th_SE38th
9040,0.539235,0.141644,0.090626,0.606939,0.152975,0.111047,Bellevue_150th_SE38th
9041,0.540828,0.139431,0.100913,0.535979,0.089938,0.077246,Bellevue_150th_SE38th
9042,0.508022,0.128366,0.091825,0.467132,0.118819,0.02167,Bellevue_150th_SE38th
9043,0.522754,0.134037,0.093893,0.468868,0.168509,0.073035,Bellevue_150th_SE38th
9044,0.508685,0.136762,0.086569,0.496573,0.139708,0.07488,Bellevue_150th_SE38th
9045,0.550372,0.150784,0.087577,0.566584,0.239202,0.062182,Bellevue_150th_SE38th
9046,0.531567,0.144149,0.091266,0.7,0.35,0.05,Bellevue_150th_SE38th
9047,0.374749,0.096519,0.063633,0.593832,0.210532,0.039704,Bellevue_150th_SE38th
9048,0.529125,0.138892,0.092109,0.533351,0.196789,0.186182,Bellevue_150th_SE38th
9049,0.576771,0.156463,0.091312,0.560616,0.257713,0.12963,Bellevue_150th_SE38th
9050,0.509365,0.134363,0.090265,0.558098,0.265555,0.104611,Bellevue_150th_SE38th
9051,0.537848,0.146222,0.088312,0.547042,0.232705,0.10421,Bellevue_150th_SE38th
9052,0.494083,0.131855,0.085871,0.372881,0.115241,0.05249,Bellevue_150th_SE38th
9053,0.583605,0.16311,0.088153,0.434237,0.129248,0.016634,Bellevue_150th_SE38th
9054,0.53798,0.142053,0.094431,0.562097,0.168739,0.035717,Bellevue_150th_SE38th
9055,0.529157,0.139223,0.094738,0.58964,0.222872,-0.055754,Bellevue_150th_SE38th
9056,0.491118,0.128052,0.087385,0.605265,0.202278,-0.029073,Bellevue_150th_SE38th
9057,0.480822,0.127959,0.084339,0.608483,0.196033,0.012232,Bellevue_150th_SE38th
9058,0.499935,0.134867,0.08637,0.487377,0.193427,0.045829,Bellevue_150th_SE38th
9059,0.597119,0.167849,0.086465,0.506709,0.133475,0.073977,Bellevue_150th_SE38th
9060,0.572028,0.152335,0.094321,0.466972,0.127243,0.115216,Bellevue_150th_SE38th
9061,0.548882,0.144103,0.090703,0.617584,0.246065,0.087182,Bellevue_150th_SE38th
9062,0.531775,0.140688,0.090981,0.761534,0.221401,0.060076,Bellevue_150th_SE38th
9063,0.506804,0.132809,0.088181,0.494741,0.11171,0.093899,Bellevue_150th_SE38th
9064,0.593087,0.16561,0.089579,0.369084,0.145744,0.048143,Bellevue_150th_SE38th
9065,0.569572,0.15663,0.091589,0.360132,0.103365,0.076378,Bellevue_150th_SE38th
9066,0.53486,0.146429,0.088696,0.371222,0.009387,0.116274,Bellevue_150th_SE38th
9067,0.535682,0.144923,0.089727,0.458558,0.074244,0.094542,Bellevue_150th_SE38th
9068,0.530015,0.145613,0.086782,0.446682,0.0428,0.105696,Bellevue_150th_SE38th
9069,0.540706,0.149018,0.089048,0.328178,0.080911,0.029737,Bellevue_150th_SE38th
9070,0.583763,0.163958,0.08966,0.447286,0.095306,0.074139,Bellevue_150th_SE38th
9071,0.582169,0.160696,0.091441,0.40743,0.035762,0.110749,Bellevue_150th_SE38th
9072,0.605041,0.168301,0.088549,0.559553,0.081706,0.193941,Bellevue_150th_SE38th
9073,0.562674,0.157239,0.090699,0.494106,0.064677,0.003313,Bellevue_150th_SE38th
9074,0.570972,0.161918,0.086658,0.508267,0.09001,8.7e-05,Bellevue_150th_SE38th
9075,0.590761,0.16858,0.085393,0.370763,0.11159,0.045426,Bellevue_150th_SE38th
9076,0.607403,0.168212,0.093098,0.38452,0.059539,0.003449,Bellevue_150th_SE38th
9077,0.554574,0.148933,0.089532,0.498711,0.138781,0.035217,Bellevue_150th_SE38th
9078,0.56232,0.154086,0.091165,0.571241,0.0721,0.063067,Bellevue_150th_SE38th
9079,0.554502,0.151648,0.090893,0.445218,-0.035312,0.139884,Bellevue_150th_SE38th
9080,0.550138,0.153536,0.087458,0.451769,0.080709,0.040909,Bellevue_150th_SE38th
9081,0.602447,0.170045,0.089201,0.436506,0.070465,0.069434,Bellevue_150th_SE38th
9082,0.606672,0.170239,0.092326,0.499484,0.105736,0.089169,Bellevue_150th_SE38th
9083,0.571026,0.160916,0.086659,0.563847,0.144157,0.104705,Bellevue_150th_SE38th
9084,0.598931,0.161775,0.080201,0.489845,-0.017143,0.262122,Bellevue_150th_SE38th
9085,0.599411,0.167786,0.088813,0.513623,0.031341,0.21729,Bellevue_150th_SE38th
9086,0.563636,0.158872,0.084578,0.619283,0.206816,0.050341,Bellevue_150th_SE38th
9087,0.588735,0.166388,0.086283,0.550644,0.085526,0.141319,Bellevue_150th_SE38th
9088,0.600265,0.170543,0.087967,0.471352,0.130695,0.092973,Bellevue_150th_SE38th
9089,0.605249,0.17222,0.087062,0.530187,0.182126,0.116133,Bellevue_150th_SE38th
9090,0.557271,0.158205,0.075556,0.510366,0.11657,0.092731,Bellevue_150th_SE38th
9091,0.573778,0.163026,0.076464,0.651539,0.312569,0.064194,Bellevue_150th_SE38th
9092,0.580309,0.162229,0.089602,0.694541,0.320134,0.08869,Bellevue_150th_SE38th
9093,0.579699,0.16488,0.082838,0.452197,0.133219,0.037462,Bellevue_150th_SE38th
9094,0.602579,0.171999,0.08219,0.425236,0.093812,0.063503,Bellevue_150th_SE38th
9095,0.601885,0.173357,0.078448,0.465259,0.175014,0.061995,Bellevue_150th_SE38th
9096,0.614314,0.174008,0.088163,0.524151,0.219912,0.037152,Bellevue_150th_SE38th
9097,0.596894,0.168271,0.080318,0.466643,0.182602,0.058974,Bellevue_150th_SE38th
9098,0.585811,0.159825,0.074964,0.470735,0.205775,0.05567,Bellevue_150th_SE38th
9099,0.594436,0.170506,0.082015,0.577807,0.250207,0.045732,Bellevue_150th_SE38th
9100,0.560179,0.162314,0.065073,0.586567,0.222955,0.065111,Bellevue_150th_SE38th
9101,0.587073,0.146685,0.055025,0.366495,0.021638,0.064739,Bellevue_150th_SE38th
9102,0.579969,0.163913,0.081958,0.375,0.0,0.083333,Bellevue_150th_SE38th
9103,0.511474,0.143677,0.036394,0.432315,0.095336,0.074409,Bellevue_150th_SE38th
9104,0.586696,0.164319,0.071589,0.645341,0.29263,0.030734,Bellevue_150th_SE38th
9105,0.588792,0.166517,0.08182,0.635128,0.188967,0.090044,Bellevue_150th_SE38th
9106,0.577114,0.159072,0.063226,0.499664,0.132648,0.077713,Bellevue_150th_SE38th
9107,0.594938,0.17159,0.076974,0.401974,0.128461,0.047241,Bellevue_150th_SE38th
9108,0.609614,0.169414,0.062206,0.427796,0.125269,0.098942,Bellevue_150th_SE38th
9109,0.615484,0.175067,0.078596,0.586484,0.263299,0.031064,Bellevue_150th_SE38th
9110,0.613079,0.169271,0.064139,0.614667,0.235302,0.087452,Bellevue_150th_SE38th
9111,0.62656,0.173681,0.07551,0.757247,0.232956,0.020864,Bellevue_150th_SE38th
9112,0.589264,0.144813,0.036217,0.619396,0.232772,-0.081129,Bellevue_150th_SE38th
9113,0.602083,0.147831,0.024029,0.692077,0.293809,-0.087793,Bellevue_150th_SE38th
9114,0.613923,0.149919,0.022046,0.504439,0.1814,0.018306,Bellevue_150th_SE38th
9115,0.55966,0.167865,0.071652,0.429126,0.188597,0.005072,Bellevue_150th_SE38th
9116,0.624255,0.167294,0.065443,0.499945,0.255131,-0.001053,Bellevue_150th_SE38th
9117,0.605145,0.166573,0.078719,0.600004,0.3094,0.039212,Bellevue_150th_SE38th
9118,0.589582,0.160619,0.071877,0.688937,0.345413,0.013986,Bellevue_150th_SE38th
9119,0.581021,0.166062,0.071818,0.558801,0.18318,0.079665,Bellevue_150th_SE38th
9120,0.583829,0.170777,0.066685,0.480335,0.104261,0.11158,Bellevue_150th_SE38th
9121,0.604594,0.176085,0.070094,0.476129,0.098939,0.11219,Bellevue_150th_SE38th
9122,0.611091,0.174362,0.076492,0.413972,0.165435,0.022576,Bellevue_150th_SE38th
9123,0.605802,0.171306,0.059967,0.513399,0.195125,0.088171,Bellevue_150th_SE38th
9124,0.639292,0.161719,0.031266,0.624888,0.176412,0.205445,Bellevue_150th_SE38th
9125,0.657283,0.147169,0.023029,0.588819,0.128242,0.165378,Bellevue_150th_SE38th
9126,0.619894,0.151941,0.022599,0.531604,0.092943,0.125953,Bellevue_150th_SE38th
9127,0.638901,0.147632,0.029284,0.442283,0.093425,0.12623,Bellevue_150th_SE38th
9128,0.595985,0.16007,0.08197,0.510692,0.086666,0.141014,Bellevue_150th_SE38th
9129,0.609969,0.165104,0.086383,0.539994,0.192938,0.077647,Bellevue_150th_SE38th
9130,0.594345,0.158547,0.07571,0.602961,0.170268,0.186468,Bellevue_150th_SE38th
9131,0.536138,0.120603,0.075361,0.67817,0.115146,0.153816,Bellevue_150th_SE38th
9132,0.546913,0.133609,0.080238,0.497307,0.137965,0.09105,Bellevue_150th_SE38th
9133,0.563203,0.151321,0.07994,0.579184,0.177417,0.036321,Bellevue_150th_SE38th
9134,0.553641,0.144094,0.074215,0.50394,0.150201,0.067989,Bellevue_150th_SE38th
9135,0.603301,0.164931,0.078899,0.425339,0.115161,0.050781,Bellevue_150th_SE38th
9136,0.611197,0.157223,0.079832,0.41979,0.064486,0.075283,Bellevue_150th_SE38th
9137,0.58635,0.14314,0.069823,0.465965,0.128808,0.047734,Bellevue_150th_SE38th
9138,0.565246,0.139759,0.075434,0.578818,0.136863,0.117581,Bellevue_150th_SE38th
9139,0.523602,0.13148,0.073183,0.580649,0.124858,0.136108,Bellevue_150th_SE38th
9140,0.549501,0.145678,0.075871,0.548237,0.174239,0.08373,Bellevue_150th_SE38th
9141,0.570585,0.155541,0.073567,0.492688,0.168751,0.090194,Bellevue_150th_SE38th
9142,0.603049,0.164888,0.078161,0.597343,0.19126,0.156143,Bellevue_150th_SE38th
9143,0.581651,0.156613,0.079993,0.664054,0.226536,0.039567,Bellevue_150th_SE38th
9144,0.578343,0.149802,0.077347,0.722611,0.231967,0.088385,Bellevue_150th_SE38th
9145,0.59295,0.146042,0.076905,0.699351,0.254965,0.073644,Bellevue_150th_SE38th
9146,0.58208,0.146013,0.078171,0.692648,0.284512,0.107485,Bellevue_150th_SE38th
9147,0.568119,0.1489,0.076802,0.593264,0.268637,0.059849,Bellevue_150th_SE38th
9148,0.613934,0.165516,0.073313,0.448643,0.123242,0.033636,Bellevue_150th_SE38th
9149,0.604964,0.163512,0.074447,0.394742,0.149192,0.059993,Bellevue_150th_SE38th
9150,0.612382,0.166863,0.080441,0.536897,0.153009,0.019582,Bellevue_150th_SE38th
9151,0.60713,0.164362,0.080575,0.5274,0.145129,0.02192,Bellevue_150th_SE38th
9152,0.596027,0.152898,0.075046,0.592362,0.223096,0.02483,Bellevue_150th_SE38th
9153,0.587736,0.156363,0.081572,0.614071,0.168267,0.077713,Bellevue_150th_SE38th
9154,0.61242,0.167294,0.083342,0.628666,0.186438,0.093198,Bellevue_150th_SE38th
9155,0.570375,0.155136,0.075758,0.554016,0.154178,0.056924,Bellevue_150th_SE38th
9156,0.560625,0.149471,0.058113,0.513235,0.133404,0.066342,Bellevue_150th_SE38th
9157,0.592695,0.15928,0.076571,0.443483,0.170782,0.072336,Bellevue_150th_SE38th
9158,0.60388,0.165486,0.077261,0.535165,0.121532,0.10954,Bellevue_150th_SE38th
9159,0.606942,0.166778,0.079693,0.577775,0.112864,0.087797,Bellevue_150th_SE38th
9160,0.601256,0.152717,0.078509,0.717716,0.253981,0.116236,Bellevue_150th_SE38th
9161,0.602329,0.155691,0.073073,0.684411,0.198469,0.094325,Bellevue_150th_SE38th
9162,0.57263,0.149252,0.078289,0.646578,0.198396,0.060863,Bellevue_150th_SE38th
9163,0.568869,0.153663,0.074725,0.574895,0.193434,0.112833,Bellevue_150th_SE38th
9164,0.572161,0.157337,0.06982,0.472052,0.156693,0.088734,Bellevue_150th_SE38th
9165,0.606334,0.167125,0.07902,0.478039,0.11412,0.121899,Bellevue_150th_SE38th
9166,0.612117,0.166731,0.081255,0.535714,0.142857,0.142857,Bellevue_150th_SE38th
9167,0.62556,0.139526,0.021774,0.573474,0.173746,0.119537,Bellevue_150th_SE38th
9168,0.616064,0.165133,0.087752,0.576817,0.143969,0.124116,Bellevue_150th_SE38th
9169,0.563996,0.141878,0.075414,0.520967,0.174869,0.093113,Bellevue_150th_SE38th
9170,0.580916,0.154252,0.077927,0.537083,0.084451,0.151383,Bellevue_150th_SE38th
9171,0.587909,0.159362,0.078937,0.496946,0.053147,0.153636,Bellevue_150th_SE38th
9172,0.594599,0.164657,0.072503,0.501569,0.110423,0.142877,Bellevue_150th_SE38th
9173,0.607067,0.167501,0.081156,0.554077,0.12649,0.170119,Bellevue_150th_SE38th
9174,0.60979,0.164055,0.078613,0.541257,0.128189,0.129685,Bellevue_150th_SE38th
9175,0.583539,0.151069,0.077127,0.537437,0.119048,0.164932,Bellevue_150th_SE38th
9176,0.552503,0.138386,0.080218,0.622042,0.165263,0.159991,Bellevue_150th_SE38th
9177,0.534207,0.13063,0.074505,0.735452,0.195703,0.179437,Bellevue_150th_SE38th
9178,0.528455,0.133299,0.0779,0.765865,0.202769,0.175697,Bellevue_150th_SE38th
9179,0.538523,0.140191,0.072888,0.712431,0.253236,0.116604,Bellevue_150th_SE38th
9180,0.549912,0.146104,0.072253,0.532646,0.119791,0.080704,Bellevue_150th_SE38th
9181,0.59414,0.150815,0.07395,0.547325,0.113823,0.099835,Bellevue_150th_SE38th
9182,0.589711,0.151336,0.077684,0.521721,0.140073,0.041587,Bellevue_150th_SE38th
9183,0.55935,0.146807,0.085373,0.557496,0.217454,0.130957,Bellevue_150th_SE38th
9184,0.557216,0.145276,0.08577,0.582943,0.24735,0.11026,Bellevue_150th_SE38th
9185,0.562299,0.147997,0.082334,0.635679,0.252984,0.083798,Bellevue_150th_SE38th
9186,0.580551,0.155804,0.085372,0.625345,0.26246,0.031589,Bellevue_150th_SE38th
9187,0.527679,0.141039,0.081274,0.643435,0.222284,0.017377,Bellevue_150th_SE38th
9188,0.547729,0.145665,0.078679,0.395521,0.130433,0.05684,Bellevue_150th_SE38th
9189,0.59686,0.159568,0.073281,0.495261,0.186042,0.084576,Bellevue_150th_SE38th
9190,0.559148,0.141741,0.078317,0.507916,0.163232,0.085641,Bellevue_150th_SE38th
9191,0.538089,0.133525,0.087188,0.524397,0.212992,0.099426,Bellevue_150th_SE38th
9192,0.505764,0.121631,0.081747,0.488895,0.204254,0.089317,Bellevue_150th_SE38th
9193,0.494708,0.119457,0.085119,0.547854,0.216419,0.110179,Bellevue_150th_SE38th
9194,0.514518,0.127132,0.084691,0.625635,0.191495,0.112997,Bellevue_150th_SE38th
9195,0.500101,0.12118,0.084759,0.579817,0.140434,0.15404,Bellevue_150th_SE38th
9196,0.446404,0.100243,0.080459,0.530314,0.10869,0.097914,Bellevue_150th_SE38th
9197,0.495925,0.119704,0.07816,0.513586,0.13094,0.088909,Bellevue_150th_SE38th
9198,0.548887,0.141372,0.081752,0.379329,0.118862,0.058107,Bellevue_150th_SE38th
9199,0.558261,0.141117,0.082223,0.456226,0.135599,0.075823,Bellevue_150th_SE38th
9200,0.571584,0.144862,0.081638,0.374679,0.107854,0.072116,Bellevue_150th_SE38th
9201,0.53728,0.133628,0.088553,0.386686,0.116856,0.050117,Bellevue_150th_SE38th
9202,0.523367,0.129993,0.086454,0.65933,0.256027,0.054634,Bellevue_150th_SE38th
9203,0.553089,0.154185,0.075901,0.694391,0.146011,0.151418,Bellevue_150th_SE38th
9204,0.529321,0.142032,0.078128,0.766509,0.186769,0.110918,Bellevue_150th_SE38th
9205,0.514686,0.140533,0.075833,0.681775,0.203555,0.053863,Bellevue_150th_SE38th
9206,0.507445,0.138515,0.076015,0.681154,0.219681,0.109676,Bellevue_150th_SE38th
9207,0.549133,0.152499,0.082546,0.694722,0.25329,0.057926,Bellevue_150th_SE38th
9208,0.599331,0.167816,0.073532,0.672242,0.259812,0.082132,Bellevue_150th_SE38th
9209,0.52618,0.145317,0.081142,0.729457,0.332273,0.155964,Bellevue_150th_SE38th
9210,0.51995,0.13914,0.07534,0.59499,0.272876,0.111975,Bellevue_150th_SE38th
9211,0.58174,0.161505,0.077508,0.641079,0.366867,0.045442,Bellevue_150th_SE38th
9212,0.54316,0.146809,0.081959,0.529771,0.222114,0.089561,Bellevue_150th_SE38th
9213,0.548562,0.149886,0.080897,0.456435,0.26349,-0.042233,Bellevue_150th_SE38th
9214,0.531444,0.14412,0.076973,0.500799,0.224912,-0.008806,Bellevue_150th_SE38th
9215,0.575947,0.158517,0.080544,0.642192,0.165973,0.128833,Bellevue_150th_SE38th
9216,0.579304,0.162632,0.077933,0.658357,0.230226,0.097346,Bellevue_150th_SE38th
9217,0.524503,0.144158,0.076006,0.455777,0.216955,0.084727,Bellevue_150th_SE38th
9218,0.671547,0.135908,0.065455,0.664637,0.178686,0.175674,Bellevue_150th_SE38th
9219,0.666552,0.138738,0.062188,0.691147,0.247188,0.092283,Bellevue_150th_SE38th
9220,0.626359,0.13783,0.061182,0.780232,0.203069,0.117103,Bellevue_150th_SE38th
9221,0.653137,0.142922,0.051172,0.684043,0.190281,0.100097,Bellevue_150th_SE38th
9222,0.639901,0.143643,0.049146,0.688833,0.193371,0.066209,Bellevue_150th_SE38th
9223,0.624918,0.157197,0.074005,0.584815,0.125949,0.109473,Bellevue_150th_SE38th
9224,0.630741,0.175372,0.088452,0.495212,0.107971,0.021076,Bellevue_150th_SE38th
9225,0.642615,0.173437,0.098638,0.592412,0.160928,0.044968,Bellevue_150th_SE38th
9226,0.660082,0.13622,0.062287,0.711176,0.144354,0.111424,Bellevue_150th_SE38th
9227,0.665267,0.142021,0.078841,0.740565,0.183708,0.144332,Bellevue_150th_SE38th
9228,0.666403,0.139287,0.061672,0.705142,0.209593,0.137473,Bellevue_150th_SE38th
9229,0.662376,0.136234,0.052734,0.689797,0.16153,0.111278,Bellevue_150th_SE38th
9230,0.663323,0.12269,0.063093,0.57953,0.131537,0.141425,Bellevue_150th_SE38th
9231,0.620219,0.158144,0.090436,0.543343,0.131352,0.138187,Bellevue_150th_SE38th
9232,0.624516,0.160332,0.098731,0.488827,0.117343,0.076523,Bellevue_150th_SE38th
9233,0.619412,0.147282,0.110904,0.527899,0.178038,0.068034,Bellevue_150th_SE38th
9234,0.63824,0.121479,0.073145,0.668984,0.181513,0.106551,Bellevue_150th_SE38th
9235,0.622909,0.131025,0.095867,0.717147,0.091111,0.29357,Bellevue_150th_SE38th
9236,0.60484,0.151167,0.118079,0.502803,0.079451,0.138813,Bellevue_150th_SE38th
9237,0.62944,0.160313,0.101283,0.579219,0.171794,0.08753,Bellevue_150th_SE38th
9238,0.641704,0.118502,0.085377,0.629113,0.283013,0.036374,Bellevue_150th_SE38th
9239,0.6093,0.147807,0.13097,0.641925,0.351741,0.027414,Bellevue_150th_SE38th
9240,0.625757,0.112092,0.073583,0.702543,0.366826,0.059849,Bellevue_150th_SE38th
9241,0.611989,0.145595,0.100365,0.759637,0.331319,0.070345,Bellevue_150th_SE38th
9242,0.669117,0.132405,0.07946,0.837339,0.276437,0.107146,Bellevue_150th_SE38th
9243,0.631512,0.158541,0.12555,0.738579,0.181959,0.131511,Bellevue_150th_SE38th
9244,0.642651,0.110701,0.064039,0.688549,0.120687,0.09172,Bellevue_150th_SE38th
9245,0.653761,0.125829,0.069062,0.611412,0.129526,0.09407,Bellevue_150th_SE38th
9246,0.646838,0.124518,0.060614,0.524467,0.167091,0.066806,Bellevue_150th_SE38th
9247,0.607417,0.12649,0.100193,0.325959,0.039513,0.080408,Bellevue_150th_SE38th
9248,0.613965,0.156929,0.118805,0.480676,0.091479,0.096468,Bellevue_150th_SE38th
9249,0.635295,0.163015,0.117198,0.619713,0.18717,0.17189,Bellevue_150th_SE38th
9250,0.673139,0.140664,0.071163,0.636842,0.16043,0.230928,Bellevue_150th_SE38th
9251,0.664436,0.13188,0.074376,0.630799,0.128184,0.204735,Bellevue_150th_SE38th
9252,0.654243,0.135888,0.063811,0.662388,0.110006,0.214784,Bellevue_150th_SE38th
9253,0.676094,0.1334,0.060108,0.496128,0.127234,0.128459,Bellevue_150th_SE38th
9254,0.653946,0.137467,0.061923,0.402249,0.066278,0.110728,Bellevue_150th_SE38th
9255,0.62881,0.169901,0.083986,0.502162,0.105855,0.085657,Bellevue_150th_SE38th
9256,0.627109,0.160958,0.096874,0.443253,0.071699,0.115093,Bellevue_150th_SE38th
9257,0.633732,0.155986,0.105634,0.445728,0.036801,0.197612,Bellevue_150th_SE38th
9258,0.648391,0.119471,0.077483,0.55671,0.104455,0.231794,Bellevue_150th_SE38th
9259,0.647423,0.118346,0.078013,0.503511,0.106225,0.215545,Bellevue_150th_SE38th
9260,0.615187,0.155241,0.112453,0.537051,0.110809,0.162695,Bellevue_150th_SE38th
9261,0.633301,0.125491,0.072888,0.532664,0.132814,0.105276,Bellevue_150th_SE38th
9262,0.624008,0.114419,0.062206,0.626563,0.20013,0.110573,Bellevue_150th_SE38th
9263,0.618857,0.15804,0.087773,0.567694,0.247518,0.139648,Bellevue_150th_SE38th
9264,0.618765,0.131377,0.078193,0.692779,0.14196,0.178082,Bellevue_150th_SE38th
9265,0.654055,0.134346,0.076663,0.588235,0.058824,0.117647,Bellevue_150th_SE38th
9266,0.630987,0.135003,0.043488,0.638933,0.09056,0.145893,Bellevue_150th_SE38th
9267,0.644489,0.128414,0.061217,0.799784,0.234014,0.186925,Bellevue_150th_SE38th
9268,0.614229,0.145153,0.130796,0.676276,0.186674,0.160477,Bellevue_150th_SE38th
9269,0.656065,0.133333,0.061776,0.764758,0.115487,0.162955,Bellevue_150th_SE38th
9270,0.674671,0.132526,0.069023,0.614292,0.134553,0.060499,Bellevue_150th_SE38th
9271,0.659272,0.129551,0.054553,0.490273,0.091177,0.072905,Bellevue_150th_SE38th
9272,0.653685,0.132713,0.054752,0.469192,0.122498,0.036983,Bellevue_150th_SE38th
9273,0.640806,0.169986,0.105897,0.469882,0.113522,0.060939,Bellevue_150th_SE38th
9274,0.642037,0.125856,0.07694,0.610776,0.229823,0.108452,Bellevue_150th_SE38th
9275,0.664762,0.124025,0.073507,0.701698,0.377405,0.019614,Bellevue_150th_SE38th
9276,0.664593,0.117371,0.077346,0.696058,0.197746,0.029181,Bellevue_150th_SE38th
9277,0.659273,0.135461,0.0806,0.617853,0.171006,-0.010422,Bellevue_150th_SE38th
9278,0.643642,0.124896,0.058193,0.590881,0.067972,0.051085,Bellevue_150th_SE38th
9279,0.586519,0.145958,0.115958,0.412909,0.062181,0.072202,Bellevue_150th_SE38th
9280,0.630944,0.158335,0.078132,0.432668,0.109058,0.096799,Bellevue_150th_SE38th
9281,0.648396,0.136769,0.077677,0.423496,0.056497,0.068069,Bellevue_150th_SE38th
9282,0.665499,0.127097,0.071463,0.355591,0.051612,0.05858,Bellevue_150th_SE38th
9283,0.652429,0.123989,0.073393,0.483751,0.139045,0.070775,Bellevue_150th_SE38th
9284,0.664448,0.128682,0.07822,0.427433,0.104455,0.041559,Bellevue_150th_SE38th
9285,0.625465,0.13577,0.078269,0.458048,0.055991,0.031029,Bellevue_150th_SE38th
9286,0.640416,0.144066,0.072525,0.403694,0.138733,0.031696,Bellevue_150th_SE38th
9287,0.645066,0.131867,0.058541,0.348477,0.141746,0.048116,Bellevue_150th_SE38th
9288,0.647964,0.123999,0.069044,0.579956,0.162265,0.142068,Bellevue_150th_SE38th
9289,0.648636,0.137639,0.094081,0.531234,0.122337,0.135956,Bellevue_150th_SE38th
9290,0.660605,0.111304,0.077482,0.628203,0.177944,0.17061,Bellevue_150th_SE38th
9291,0.634157,0.112,0.078063,0.654728,0.208221,0.129908,Bellevue_150th_SE38th
9292,0.651177,0.115641,0.07233,0.697462,0.154899,0.153984,Bellevue_150th_SE38th
9293,0.651559,0.116786,0.088878,0.659941,0.180094,0.134216,Bellevue_150th_SE38th
9294,0.653489,0.122651,0.057195,0.569612,0.175468,0.121836,Bellevue_150th_SE38th
9295,0.635514,0.118869,0.064205,0.386565,0.098819,0.073902,Bellevue_150th_SE38th
9296,0.60777,0.156217,0.101206,0.396701,0.092377,0.089368,Bellevue_150th_SE38th
9297,0.643796,0.131617,0.074437,0.549724,0.089603,-0.030413,Bellevue_150th_SE38th
9298,0.65261,0.119128,0.078542,0.401677,0.025207,-0.07548,Bellevue_150th_SE38th
9299,0.643961,0.113042,0.077135,0.489187,0.193633,-0.013069,Bellevue_150th_SE38th
9300,0.626188,0.117964,0.069747,0.555507,0.278609,-0.010462,Bellevue_150th_SE38th
9301,0.62725,0.11599,0.087886,0.659511,0.281687,0.101791,Bellevue_150th_SE38th
9302,0.617902,0.153304,0.110322,0.715463,0.251435,0.175443,Bellevue_150th_SE38th
9303,0.625578,0.133911,0.077965,0.72,0.2,0.24,Bellevue_150th_SE38th
9304,0.660252,0.14143,0.038972,0.677932,0.156369,0.249095,Bellevue_150th_SE38th
9305,0.639327,0.122237,0.063599,0.540796,0.102442,0.11557,Bellevue_150th_SE38th
9306,0.631308,0.156752,0.139794,0.660536,0.238939,0.052597,Bellevue_150th_SE38th
9307,0.628785,0.152096,0.139146,0.626275,0.298737,0.033987,Bellevue_150th_SE38th
9308,0.64996,0.120853,0.094286,0.542073,0.228399,0.034313,Bellevue_150th_SE38th
9309,0.656784,0.112738,0.086365,0.583117,0.257243,0.036636,Bellevue_150th_SE38th
9310,0.653072,0.114965,0.085203,0.534715,0.199556,0.0299,Bellevue_150th_SE38th
9311,0.610691,0.14636,0.133661,0.471373,0.089957,0.070095,Bellevue_150th_SE38th
9312,0.627801,0.125179,0.077514,0.448259,0.005453,0.103253,Bellevue_150th_SE38th
9313,0.634724,0.128164,0.089389,0.513879,0.052937,0.047698,Bellevue_150th_SE38th
9314,0.650506,0.113731,0.085468,0.49548,0.088673,0.058659,Bellevue_150th_SE38th
9315,0.634066,0.143911,0.106179,0.405885,0.028528,0.076439,Bellevue_150th_SE38th
9316,0.631386,0.117489,0.083102,0.50841,0.04972,0.079994,Bellevue_150th_SE38th
9317,0.64758,0.1118,0.086677,0.600712,0.132302,0.068882,Bellevue_150th_SE38th
9318,0.631602,0.132976,0.110139,0.628483,0.157011,0.051636,Bellevue_150th_SE38th
9319,0.621734,0.159441,0.126742,0.615174,0.182239,0.043522,Bellevue_150th_SE38th
9320,0.60635,0.154188,0.126357,0.512865,0.051427,0.049947,Bellevue_150th_SE38th
9321,0.613962,0.151544,0.120382,0.488504,0.110245,0.049541,Bellevue_150th_SE38th
9322,0.624754,0.165975,0.11536,0.567756,0.200585,0.030951,Bellevue_150th_SE38th
9323,0.592356,0.142148,0.136178,0.655814,0.222194,0.023293,Bellevue_150th_SE38th
9324,0.617993,0.124387,0.092526,0.676849,0.174822,0.067313,Bellevue_150th_SE38th
9325,0.634863,0.129994,0.087498,0.761055,0.207764,0.077919,Bellevue_150th_SE38th
9326,0.644795,0.121941,0.081236,0.774163,0.25425,0.050952,Bellevue_150th_SE38th
9327,0.653357,0.117479,0.093168,0.739381,0.224256,0.079002,Bellevue_150th_SE38th
9328,0.586331,0.139859,0.136511,0.655783,0.176586,0.046068,Bellevue_150th_SE38th
9329,0.618952,0.163403,0.104376,0.673679,0.132716,0.054159,Bellevue_150th_SE38th
9330,0.609784,0.155888,0.129923,0.551183,0.14799,0.005545,Bellevue_150th_SE38th
9331,0.627571,0.163432,0.122028,0.658531,0.189217,0.069321,Bellevue_150th_SE38th
9332,0.59952,0.14367,0.139566,0.692917,0.229716,0.004487,Bellevue_150th_SE38th
9333,0.637709,0.113212,0.084834,0.717671,0.250049,0.014272,Bellevue_150th_SE38th
9334,0.622409,0.096121,0.074066,0.761909,0.174833,0.160705,Bellevue_150th_SE38th
9335,0.622279,0.152792,0.14146,0.790306,0.145029,0.17523,Bellevue_150th_SE38th
9336,0.60196,0.140618,0.140651,0.797077,0.091922,0.170477,Bellevue_150th_SE38th
9337,0.628574,0.11925,0.083575,0.682042,0.099234,0.138351,Bellevue_150th_SE38th
9338,0.621208,0.163361,0.107726,0.612017,0.084467,0.152162,Bellevue_150th_SE38th
9339,0.60761,0.119517,0.068522,0.645,0.0905,0.156696,Bellevue_150th_SE38th
9340,0.642452,0.112544,0.073171,0.626495,0.096638,0.108741,Bellevue_150th_SE38th
9341,0.623933,0.154305,0.109516,0.59654,0.151384,0.141236,Bellevue_150th_SE38th
9342,0.613904,0.155278,0.121559,0.684669,0.136745,0.176682,Bellevue_150th_SE38th
9343,0.605187,0.140769,0.11508,0.778938,0.134745,0.207023,Bellevue_150th_SE38th
9344,0.624794,0.108759,0.093582,0.70765,0.137139,0.094981,Bellevue_150th_SE38th
9345,0.647706,0.119829,0.06042,0.730404,0.152736,0.078654,Bellevue_150th_SE38th
9346,0.624473,0.107881,0.075864,0.592004,0.144848,0.042485,Bellevue_150th_SE38th
9347,0.62864,0.162288,0.107767,0.630993,0.101116,0.109939,Bellevue_150th_SE38th
9348,0.618247,0.149244,0.135734,0.741511,0.166143,0.020196,Bellevue_150th_SE38th
9349,0.583901,0.127887,0.141286,0.82101,0.18186,0.001296,Bellevue_150th_SE38th
9350,0.62869,0.119385,0.104138,0.739226,0.220129,-0.032481,Bellevue_150th_SE38th
9351,0.571819,0.122418,0.138661,0.690985,0.176632,-0.038537,Bellevue_150th_SE38th
9352,0.59399,0.142444,0.122413,0.64642,0.152052,0.047237,Bellevue_150th_SE38th
9353,0.620686,0.16168,0.107575,0.677937,0.119102,0.054826,Bellevue_150th_SE38th
9354,0.59293,0.141963,0.127849,0.610075,0.106719,0.087829,Bellevue_150th_SE38th
9355,0.611934,0.147829,0.13311,0.631579,0.105263,0.157895,Bellevue_150th_SE38th
9356,0.521993,0.124025,0.118188,0.631579,0.105263,0.157895,Bellevue_150th_SE38th
9357,0.64347,0.117171,0.047003,0.579185,0.055755,0.036132,Bellevue_150th_SE38th
9358,0.616019,0.102468,0.085474,0.605382,0.066556,0.007415,Bellevue_150th_SE38th
9359,0.630681,0.132613,0.11267,0.634653,0.096389,0.025577,Bellevue_150th_SE38th
9360,0.593908,0.124622,0.118583,0.683563,0.116578,0.123181,Bellevue_150th_SE38th
9361,0.632539,0.118447,0.083451,0.825896,0.144655,0.228045,Bellevue_150th_SE38th
9362,0.59792,0.142418,0.116064,0.484415,0.073683,0.034514,Bellevue_150th_SE38th
9363,0.617271,0.162932,0.107928,0.490974,0.114745,0.009756,Bellevue_150th_SE38th
9364,0.624192,0.16071,0.112668,0.612814,0.137695,0.027071,Bellevue_150th_SE38th
9365,0.612319,0.138877,0.115661,0.539116,0.085468,0.049549,Bellevue_150th_SE38th
9366,0.617731,0.110053,0.096523,0.664295,0.189998,0.035545,Bellevue_150th_SE38th
9367,0.613345,0.110399,0.093536,0.862492,0.185863,0.185776,Bellevue_150th_SE38th
9368,0.613466,0.142736,0.123907,0.837624,0.158052,0.158967,Bellevue_150th_SE38th
9369,0.636839,0.14962,0.105156,0.752379,0.111013,0.141271,Bellevue_150th_SE38th
9370,0.634676,0.115611,0.07921,0.561442,0.075517,0.101135,Bellevue_150th_SE38th
9371,0.62597,0.162464,0.101695,0.510568,0.07109,0.102409,Bellevue_150th_SE38th
9372,0.622814,0.159967,0.096543,0.744582,0.082265,0.095865,Bellevue_150th_SE38th
9373,0.598636,0.136468,0.124507,0.661538,0.051363,0.178249,Bellevue_150th_SE38th
9374,0.619303,0.148707,0.11834,0.555841,0.063949,0.086647,Bellevue_150th_SE38th
9375,0.621075,0.149993,0.123487,0.630273,0.164042,0.043737,Bellevue_150th_SE38th
9376,0.632206,0.122351,0.10231,0.630124,0.130491,0.144691,Bellevue_150th_SE38th
9377,0.622041,0.160582,0.118121,0.712757,0.180443,0.16754,Bellevue_150th_SE38th
9378,0.617162,0.155191,0.116827,0.618279,0.174745,0.062165,Bellevue_150th_SE38th
9379,0.601742,0.138955,0.143256,0.57313,0.180598,0.070897,Bellevue_150th_SE38th
9380,0.590103,0.139638,0.115387,0.628012,0.210412,0.11477,Bellevue_150th_SE38th
9381,0.601662,0.138115,0.119274,0.552201,0.181574,0.105284,Bellevue_150th_SE38th
9382,0.625163,0.101254,0.087828,0.669225,0.249147,0.121126,Bellevue_150th_SE38th
9383,0.631791,0.112715,0.096883,0.78826,0.371251,0.083176,Bellevue_150th_SE38th
9384,0.59252,0.091594,0.086184,0.713621,0.225975,0.095075,Bellevue_150th_SE38th
9385,0.544762,0.074564,0.101258,0.844567,0.213799,0.036572,Bellevue_150th_SE38th
9386,0.647721,0.12617,0.065385,0.866667,0.2,0.0,Bellevue_150th_SE38th
9387,0.555051,0.117818,0.031419,0.866667,0.2,0.0,Bellevue_150th_SE38th
9388,0.579356,0.121383,0.031703,0.866667,0.2,0.0,Bellevue_150th_SE38th
9389,0.579356,0.121383,0.031703,0.830191,0.21351,0.01841,Bellevue_150th_SE38th
9390,0.55954,0.087221,0.069546,0.677025,0.250135,0.024138,Bellevue_150th_SE38th
9391,0.506753,0.068693,0.142732,0.660311,0.169567,0.131657,Bellevue_150th_SE38th
9392,0.562035,0.114583,0.119678,0.599952,0.114543,0.141971,Bellevue_150th_SE38th
9393,0.599318,0.137768,0.118359,0.569413,0.199081,0.121996,Bellevue_150th_SE38th
9394,0.613183,0.123125,0.114164,0.643138,0.170632,0.180537,Bellevue_150th_SE38th
9395,0.561332,0.102293,0.124642,0.682642,0.153265,0.21395,Bellevue_150th_SE38th
9396,0.577811,0.123208,0.12832,0.673333,0.134435,0.21456,Bellevue_150th_SE38th
9397,0.561432,0.104671,0.127552,0.59714,0.173717,0.140481,Bellevue_150th_SE38th
9398,0.590205,0.134397,0.123695,0.649987,0.216897,0.175983,Bellevue_150th_SE38th
9399,0.541453,0.107501,0.137123,0.556051,0.083772,0.106358,Bellevue_150th_SE38th
9400,0.603282,0.141651,0.110686,0.690838,0.179003,0.185769,Bellevue_150th_SE38th
9401,0.601146,0.138384,0.108875,0.595599,0.141834,0.111196,Bellevue_150th_SE38th
9402,0.594518,0.140991,0.129346,0.676131,0.163465,0.139443,Bellevue_150th_SE38th
9403,0.555341,0.107262,0.147983,0.653513,0.125741,0.152961,Bellevue_150th_SE38th
9404,0.557745,0.111168,0.15277,0.61996,0.059837,0.239144,Bellevue_150th_SE38th
9405,0.560394,0.123631,0.13977,0.724065,0.087336,0.343353,Bellevue_150th_SE38th
9406,0.607836,0.135682,0.140074,0.530245,0.120836,0.100209,Bellevue_150th_SE38th
9407,0.56931,0.122078,0.14719,0.523874,0.088003,0.115806,Bellevue_150th_SE38th
9408,0.611446,0.148569,0.144686,0.575873,0.179894,0.089974,Bellevue_150th_SE38th
9409,0.60788,0.116013,0.129596,0.612745,0.141304,0.123006,Bellevue_150th_SE38th
9410,0.604025,0.117272,0.132294,0.540746,0.116947,0.160209,Bellevue_150th_SE38th
9411,0.611748,0.150296,0.139771,0.453217,0.158199,0.102467,Bellevue_150th_SE38th
9412,0.604961,0.135333,0.138664,0.656819,0.112834,0.179369,Bellevue_150th_SE38th
9413,0.582314,0.134346,0.131318,0.704397,0.131425,0.262154,Bellevue_150th_SE38th
9414,0.602225,0.14321,0.119437,0.568882,0.147258,0.115808,Bellevue_150th_SE38th
9415,0.549334,0.106237,0.151028,0.365938,0.063522,0.157988,Bellevue_150th_SE38th
9416,0.550198,0.107019,0.147508,0.449135,0.160734,0.086703,Bellevue_150th_SE38th
9417,0.586643,0.124936,0.130277,0.468263,0.138624,0.127071,Bellevue_150th_SE38th
9418,0.568777,0.115908,0.125694,0.403727,0.163763,0.095045,Bellevue_150th_SE38th
9419,0.569741,0.121289,0.133571,0.370647,0.201058,0.031136,Bellevue_150th_SE38th
9420,0.565759,0.104604,0.143619,0.484196,0.134333,0.126256,Bellevue_150th_SE38th
9421,0.592669,0.142856,0.117719,0.778459,0.03699,0.366546,Bellevue_150th_SE38th
9422,0.578252,0.126105,0.121197,0.677977,0.207072,0.217078,Bellevue_150th_SE38th
9423,0.6242,0.147096,0.115491,0.582857,0.182105,0.162243,Bellevue_150th_SE38th
9424,0.598342,0.117779,0.12144,0.629793,0.205496,0.172755,Bellevue_150th_SE38th
9425,0.582222,0.116529,0.128804,0.648423,0.205142,0.151813,Bellevue_150th_SE38th
9426,0.608625,0.136185,0.124691,0.669711,0.183557,0.191999,Bellevue_150th_SE38th
9427,0.583763,0.107923,0.117687,0.572999,0.183467,0.136488,Bellevue_150th_SE38th
9428,0.553165,0.121398,0.134641,0.582894,0.109601,0.167504,Bellevue_150th_SE38th
9429,0.590354,0.151437,0.10987,0.574428,0.113214,0.141309,Bellevue_150th_SE38th
9430,0.604308,0.153613,0.110126,0.565031,0.150769,0.134636,Bellevue_150th_SE38th
9431,0.600307,0.159416,0.108274,0.492198,0.101461,0.112994,Bellevue_150th_SE38th
9432,0.602186,0.138629,0.146611,0.465529,0.077285,0.208219,Bellevue_150th_SE38th
9433,0.560584,0.116759,0.145519,0.532617,0.140096,0.131863,Bellevue_150th_SE38th
9434,0.562904,0.110459,0.148403,0.627188,0.152308,0.080899,Bellevue_150th_SE38th
9435,0.581382,0.10934,0.121151,0.583933,0.217429,0.041032,Bellevue_150th_SE38th
9436,0.538355,0.094761,0.135393,0.614215,0.166228,0.112927,Bellevue_150th_SE38th
9437,0.574646,0.115835,0.147091,0.575794,0.227381,0.172169,Bellevue_150th_SE38th
9438,0.546607,0.1027,0.151106,0.515763,0.186513,0.132572,Bellevue_150th_SE38th
9439,0.577289,0.121668,0.145991,0.548682,0.269404,0.032318,Bellevue_150th_SE38th
9440,0.56599,0.112598,0.131838,0.461072,0.226768,-0.029711,Bellevue_150th_SE38th
9441,0.592643,0.119351,0.12557,0.493448,0.214905,0.007564,Bellevue_150th_SE38th
9442,0.59383,0.125856,0.12942,0.501278,0.199448,0.064422,Bellevue_150th_SE38th
9443,0.585699,0.10847,0.11767,0.699036,0.057768,0.068709,Bellevue_150th_SE38th
9444,0.597936,0.113726,0.120201,0.644751,0.054598,0.124083,Bellevue_150th_SE38th
9445,0.581513,0.136621,0.121495,0.60642,0.069341,0.162316,Bellevue_150th_SE38th
9446,0.610708,0.14488,0.115907,0.577805,0.09023,0.169582,Bellevue_150th_SE38th
9447,0.59969,0.147206,0.113444,0.674062,0.139383,0.184931,Bellevue_150th_SE38th
9448,0.56359,0.107055,0.14608,0.619099,0.218325,0.160623,Bellevue_150th_SE38th
9449,0.543897,0.097434,0.152498,0.523526,0.235646,0.146781,Bellevue_150th_SE38th
9450,0.582409,0.104734,0.118385,0.557162,0.200718,0.099559,Bellevue_150th_SE38th
9451,0.596857,0.12775,0.123087,0.575994,0.156977,0.176905,Bellevue_150th_SE38th
9452,0.569731,0.124414,0.125154,0.450212,0.063478,0.132584,Bellevue_150th_SE38th
9453,0.601209,0.156492,0.113115,0.489448,-0.003514,0.220051,Bellevue_150th_SE38th
9454,0.55243,0.11397,0.111804,0.48631,0.097064,0.152379,Bellevue_150th_SE38th
9455,0.59624,0.144929,0.120487,0.530375,0.156483,0.153138,Bellevue_150th_SE38th
9456,0.568962,0.118535,0.147794,0.593193,0.297195,0.07954,Bellevue_150th_SE38th
9457,0.5736,0.113306,0.139343,0.649095,0.26451,0.0823,Bellevue_150th_SE38th
9458,0.588339,0.121105,0.128915,0.611422,0.212652,0.09764,Bellevue_150th_SE38th
9459,0.59333,0.122993,0.104738,0.555842,0.126878,0.094501,Bellevue_150th_SE38th
9460,0.605621,0.157856,0.107898,0.531593,0.094041,0.090479,Bellevue_150th_SE38th
9461,0.585306,0.139183,0.118374,0.510701,0.131228,0.072195,Bellevue_150th_SE38th
9462,0.565054,0.12334,0.135255,0.517336,0.107594,0.110801,Bellevue_150th_SE38th
9463,0.592613,0.116154,0.119118,0.470357,0.05754,0.178929,Bellevue_150th_SE38th
9464,0.566574,0.107657,0.11161,0.50797,0.066297,0.15094,Bellevue_150th_SE38th
9465,0.599429,0.084814,0.102182,0.539985,0.138808,0.093272,Bellevue_150th_SE38th
9466,0.560654,0.118476,0.129387,0.633489,0.070431,0.084994,Bellevue_150th_SE38th
9467,0.607109,0.147173,0.1244,0.567451,0.06548,0.119783,Bellevue_150th_SE38th
9468,0.604748,0.147767,0.123078,0.76504,0.080337,0.23964,Bellevue_150th_SE38th
9469,0.588327,0.107291,0.114147,0.701691,0.065659,0.257572,Bellevue_150th_SE38th
9470,0.587837,0.09521,0.10603,0.675268,0.087258,0.193191,Bellevue_150th_SE38th
9471,0.552453,0.104001,0.125367,0.600066,0.225556,0.101016,Bellevue_150th_SE38th
9472,0.569,0.130305,0.123821,0.745561,0.189636,0.068828,Bellevue_150th_SE38th
9473,0.555397,0.102651,0.138369,0.712752,0.230593,0.093097,Bellevue_150th_SE38th
9474,0.575883,0.077564,0.086144,0.563986,0.122197,0.108355,Bellevue_150th_SE38th
9475,0.617086,0.121597,0.073423,0.520856,0.0959,0.126453,Bellevue_150th_SE38th
9476,0.576554,0.140384,0.107076,0.55093,0.118417,0.09717,Bellevue_150th_SE38th
9477,0.61082,0.159898,0.106484,0.569388,0.07794,0.10705,Bellevue_150th_SE38th
9478,0.591759,0.141193,0.120306,0.646126,0.218667,0.064822,Bellevue_150th_SE38th
9479,0.612209,0.13356,0.118421,0.759842,0.281022,0.120013,Bellevue_150th_SE38th
9480,0.585555,0.083554,0.102598,0.686469,0.245166,0.099885,Bellevue_150th_SE38th
9481,0.569078,0.119359,0.12698,0.627013,0.193613,0.068589,Bellevue_150th_SE38th
9482,0.569385,0.127352,0.120067,0.618309,0.083036,0.129842,Bellevue_150th_SE38th
9483,0.595525,0.150789,0.107894,0.573005,0.097779,0.142974,Bellevue_150th_SE38th
9484,0.52181,0.122794,0.113464,0.527045,0.065501,0.159658,Bellevue_150th_SE38th
9485,0.544594,0.137796,0.104396,0.651048,0.154203,0.15064,Bellevue_150th_SE38th
9486,0.573391,0.12829,0.134455,0.648479,0.170117,0.11948,Bellevue_150th_SE38th
9487,0.561777,0.112475,0.143607,0.691154,0.237757,0.121115,Bellevue_150th_SE38th
9488,0.557521,0.112526,0.12514,0.713826,0.134886,0.169094,Bellevue_150th_SE38th
9489,0.546544,0.098978,0.133835,0.637383,0.164108,0.201342,Bellevue_150th_SE38th
9490,0.594195,0.137815,0.120154,0.519807,0.071938,0.183992,Bellevue_150th_SE38th
9491,0.582538,0.127878,0.124038,0.61317,0.103935,0.205649,Bellevue_150th_SE38th
9492,0.52618,0.083283,0.151115,0.554504,0.100755,0.231523,Bellevue_150th_SE38th
9493,0.522728,0.087348,0.14275,0.625209,0.058937,0.267892,Bellevue_150th_SE38th
9494,0.570474,0.101805,0.126788,0.655624,0.220705,0.27341,Bellevue_150th_SE38th
9495,0.51943,0.088436,0.142269,0.674274,0.103917,0.245874,Bellevue_150th_SE38th
9496,0.583508,0.132352,0.119259,0.662432,0.196809,0.175419,Bellevue_150th_SE38th
9497,0.598307,0.148337,0.116693,0.754266,0.200141,0.230851,Bellevue_150th_SE38th
9498,0.519732,0.097967,0.131513,0.620467,0.147204,0.193977,Bellevue_150th_SE38th
9499,0.573471,0.133797,0.122723,0.443287,0.071488,0.198054,Bellevue_150th_SE38th
9500,0.554105,0.112473,0.136898,0.578824,0.211256,0.205946,Bellevue_150th_SE38th
9501,0.525154,0.080549,0.134909,0.45283,0.163555,0.125936,Bellevue_150th_SE38th
9502,0.581074,0.131705,0.116293,0.567136,0.244633,0.131577,Bellevue_150th_SE38th
9503,0.540399,0.105739,0.125814,0.600665,0.129896,0.163476,Bellevue_150th_SE38th
9504,0.57063,0.142976,0.110743,0.634622,0.070407,0.17649,Bellevue_150th_SE38th
9505,0.570898,0.141456,0.108346,0.596334,0.074011,0.157708,Bellevue_150th_SE38th
9506,0.579173,0.108366,0.129495,0.613477,0.076769,0.193084,Bellevue_150th_SE38th
9507,0.547616,0.120808,0.114622,0.562608,0.079251,0.135636,Bellevue_150th_SE38th
9508,0.54779,0.116447,0.12018,0.605024,0.134553,0.123115,Bellevue_150th_SE38th
9509,0.553553,0.118231,0.117177,0.703812,0.138938,0.161931,Bellevue_150th_SE38th
9510,0.556075,0.106129,0.114584,0.559239,0.155079,0.09396,Bellevue_150th_SE38th
9511,0.547804,0.122379,0.116961,0.664656,0.136351,0.09586,Bellevue_150th_SE38th
9512,0.600196,0.13798,0.105622,0.631915,0.087919,0.125052,Bellevue_150th_SE38th
9513,0.615571,0.158266,0.102362,0.914345,0.177538,0.279862,Bellevue_150th_SE38th
9514,0.545233,0.097511,0.142183,0.654482,0.091926,0.207892,Bellevue_150th_SE38th
9515,0.538922,0.102942,0.110899,0.643937,0.17029,0.14898,Bellevue_150th_SE38th
9516,0.55043,0.10778,0.118567,0.631024,0.215003,0.072753,Bellevue_150th_SE38th
9517,0.577949,0.122191,0.112597,0.532073,0.141435,0.07247,Bellevue_150th_SE38th
9518,0.546555,0.116077,0.107204,0.411423,0.099629,0.067715,Bellevue_150th_SE38th
9519,0.481372,0.100537,0.105074,0.45705,0.081095,0.094676,Bellevue_150th_SE38th
9520,0.593802,0.156726,0.098711,0.476272,0.033174,0.169779,Bellevue_150th_SE38th
9521,0.513422,0.120063,0.105594,0.515112,0.07196,0.119782,Bellevue_150th_SE38th
9522,0.547275,0.13772,0.105265,0.617353,0.100608,0.115652,Bellevue_150th_SE38th
9523,0.628851,0.152199,0.109504,0.741649,0.130952,0.069319,Bellevue_150th_SE38th
9524,0.53702,0.065473,0.096848,0.749435,0.145149,0.12878,Bellevue_150th_SE38th
9525,0.529668,0.093212,0.109261,0.612207,0.116421,0.082554,Bellevue_150th_SE38th
9526,0.595637,0.137918,0.10858,0.53716,0.093913,0.068551,Bellevue_150th_SE38th
9527,0.557144,0.115522,0.080023,0.525968,0.062945,0.065875,Bellevue_150th_SE38th
9528,0.534927,0.127637,0.091293,0.677877,0.164679,0.047898,Bellevue_150th_SE38th
9529,0.57606,0.146332,0.10755,0.771484,0.165166,0.064674,Bellevue_150th_SE38th
9530,0.499591,0.071898,0.111816,0.717152,0.258401,0.063683,Bellevue_150th_SE38th
9531,0.529505,0.09178,0.106706,0.691905,0.264769,0.000721,Bellevue_150th_SE38th
9532,0.536456,0.056939,0.087903,0.703308,0.266189,0.07061,Bellevue_150th_SE38th
9533,0.557737,0.064182,0.087558,0.698203,0.303163,-0.005921,Bellevue_150th_SE38th
9534,0.538133,0.126727,0.091573,0.722208,0.269098,0.049216,Bellevue_150th_SE38th
9535,0.54731,0.14082,0.097796,0.64803,0.221184,0.081058,Bellevue_150th_SE38th
9536,0.548438,0.143193,0.099134,0.632491,0.263069,0.023929,Bellevue_150th_SE38th
9537,0.571675,0.141483,0.108461,0.607896,0.282938,0.008463,Bellevue_150th_SE38th
9538,0.526077,0.112049,0.111526,0.721603,0.26557,0.061085,Bellevue_150th_SE38th
9539,0.576921,0.088387,0.093862,0.56325,0.1456,0.036899,Bellevue_150th_SE38th
9540,0.522627,0.121335,0.101742,0.4906,0.056089,0.04314,Bellevue_150th_SE38th
9541,0.485124,0.119224,0.100104,0.495104,0.048672,0.099368,Bellevue_150th_SE38th
9542,0.514312,0.129764,0.081957,0.597896,0.168814,0.101279,Bellevue_150th_SE38th
9543,0.448815,0.08013,0.104783,0.557793,0.203268,0.174317,Bellevue_150th_SE38th
9544,0.504095,0.117802,0.114216,0.536808,0.17867,0.166511,Bellevue_150th_SE38th
9545,0.417212,0.070408,0.102766,0.663608,0.26371,0.060997,Bellevue_150th_SE38th
9546,0.536653,0.101268,0.112768,0.68144,0.225348,0.099688,Bellevue_150th_SE38th
9547,0.538419,0.111926,0.12184,0.717467,0.191867,0.11997,Bellevue_150th_SE38th
9548,0.529262,0.114633,0.105804,0.685823,0.108165,0.166724,Bellevue_150th_SE38th
9549,0.474237,0.082298,0.114577,0.467372,0.086199,0.128196,Bellevue_150th_SE38th
9550,0.55443,0.138932,0.101623,0.577837,0.158538,0.127468,Bellevue_150th_SE38th
9551,0.487508,0.081844,0.120528,0.690066,0.24491,0.119939,Bellevue_150th_SE38th
9552,0.485315,0.072339,0.12689,0.555074,0.2375,0.05993,Bellevue_150th_SE38th
9553,0.542558,0.092512,0.125148,0.659002,0.290217,0.097377,Bellevue_150th_SE38th
9554,0.558343,0.103911,0.120402,0.653688,0.14973,0.175856,Bellevue_150th_SE38th
9555,0.449808,0.073545,0.112193,0.613483,0.130493,0.17958,Bellevue_150th_SE38th
9556,0.517015,0.122374,0.105769,0.550684,0.177836,0.085955,Bellevue_150th_SE38th
9557,0.472339,0.099826,0.103239,0.526194,0.207227,0.056749,Bellevue_150th_SE38th
9558,0.595171,0.146095,0.099479,0.603992,0.253137,0.062711,Bellevue_150th_SE38th
9559,0.559284,0.101996,0.116661,0.647328,0.312264,0.118649,Bellevue_150th_SE38th
9560,0.478896,0.059174,0.111196,0.489342,0.179241,0.075226,Bellevue_150th_SE38th
9561,0.457898,0.085553,0.10555,0.541927,0.051022,0.133044,Bellevue_150th_SE38th
9562,0.47681,0.101575,0.104178,0.658599,0.205926,0.136086,Bellevue_150th_SE38th
9563,0.500014,0.077086,0.114187,0.646937,0.215496,0.076257,Bellevue_150th_SE38th
9564,0.497876,0.099397,0.115824,0.708046,0.227519,0.098954,Bellevue_150th_SE38th
9565,0.523531,0.084045,0.149611,0.599308,0.219931,0.045441,Bellevue_150th_SE38th
9566,0.437843,0.048608,0.12082,0.560596,0.203733,0.01794,Bellevue_150th_SE38th
9567,0.530455,0.123621,0.096205,0.687659,0.250585,0.04603,Bellevue_150th_SE38th
9568,0.498355,0.12767,0.090461,0.690142,0.215472,0.04863,Bellevue_150th_SE38th
9569,0.543247,0.142443,0.095376,0.704385,0.244546,0.006145,Bellevue_150th_SE38th
9570,0.555351,0.117621,0.067406,0.623292,0.108236,0.066455,Bellevue_150th_SE38th
9571,0.49899,0.098784,0.100313,0.683535,0.044996,0.165454,Bellevue_150th_SE38th
9572,0.461819,0.055549,0.131852,0.596438,0.053199,0.107553,Bellevue_150th_SE38th
9573,0.56266,0.051065,0.080888,0.624836,0.16,0.086015,Bellevue_150th_SE38th
9574,0.562797,0.10512,0.0992,0.521016,0.085968,0.100067,Bellevue_150th_SE38th
9575,0.578463,0.152117,0.104674,0.53664,0.049524,0.092169,Bellevue_150th_SE38th
9576,0.572206,0.081027,0.09075,0.606733,0.117979,0.128975,Bellevue_150th_SE38th
9577,0.552217,0.064012,0.088032,0.619506,0.137913,0.089998,Bellevue_150th_SE38th
9578,0.572349,0.087121,0.092456,0.693623,0.187345,0.154073,Bellevue_150th_SE38th
9579,0.526704,0.081351,0.097919,0.706034,0.189104,0.135851,Bellevue_150th_SE38th
9580,0.561557,0.110956,0.098146,0.703737,0.193498,0.113695,Bellevue_150th_SE38th
9581,0.552646,0.119595,0.108296,0.682015,0.133995,0.091099,Bellevue_150th_SE38th
9582,0.554878,0.069923,0.082623,0.697851,0.137804,0.128195,Bellevue_150th_SE38th
9583,0.517557,0.080241,0.095769,0.596192,0.07887,0.179991,Bellevue_150th_SE38th
9584,0.560778,0.148132,0.095395,0.685412,0.097302,0.182268,Bellevue_150th_SE38th
9585,0.567702,0.088913,0.063207,0.674262,0.173092,0.149458,Bellevue_150th_SE38th
9586,0.642751,0.118131,0.071912,0.582386,0.222998,0.0579,Bellevue_150th_SE38th
9587,0.554585,0.067681,0.08193,0.619714,0.254545,0.058725,Bellevue_150th_SE38th
9588,0.566084,0.074576,0.082509,0.682341,0.271674,0.094555,Bellevue_150th_SE38th
9589,0.516234,0.112065,0.105927,0.73944,0.258254,0.214441,Bellevue_150th_SE38th
9590,0.529031,0.089903,0.112025,0.789277,0.25626,0.178034,Bellevue_150th_SE38th
9591,0.572379,0.068368,0.082208,0.676351,0.167834,0.125149,Bellevue_150th_SE38th
9592,0.569644,0.105942,0.064506,0.636088,0.209245,0.177451,Bellevue_150th_SE38th
9593,0.558209,0.102156,0.066118,0.641892,0.186449,0.220785,Bellevue_150th_SE38th
9594,0.562009,0.088711,0.072628,0.586349,0.155564,0.133461,Bellevue_150th_SE38th
9595,0.574812,0.131095,0.097933,0.700044,0.18547,0.164202,Bellevue_150th_SE38th
9596,0.474964,0.06918,0.120946,0.638619,0.201516,0.133704,Bellevue_150th_SE38th
9597,0.48691,0.070966,0.125488,0.661913,0.274955,0.107873,Bellevue_150th_SE38th
9598,0.492869,0.064402,0.121355,0.703194,0.38357,0.032697,Bellevue_150th_SE38th
9599,0.499035,0.081785,0.119046,0.719961,0.245943,0.138894,Bellevue_150th_SE38th
9600,0.486986,0.094409,0.107938,0.739298,0.219231,0.104236,Bellevue_150th_SE38th
9601,0.479489,0.068777,0.111977,0.54472,0.137574,0.085446,Bellevue_150th_SE38th
9602,0.555672,0.123738,0.109511,0.696061,0.170217,0.167471,Bellevue_150th_SE38th
9603,0.500416,0.074465,0.122449,0.544921,0.068453,0.159679,Bellevue_150th_SE38th
9604,0.484074,0.06357,0.119658,0.54033,0.104752,0.151899,Bellevue_150th_SE38th
9605,0.482474,0.05575,0.120673,0.591074,0.096842,0.129437,Bellevue_150th_SE38th
9606,0.464868,0.065361,0.122153,0.628316,0.059921,0.136333,Bellevue_150th_SE38th
9607,0.461262,0.066943,0.121452,0.645788,0.068698,0.121456,Bellevue_150th_SE38th
9608,0.448843,0.066612,0.111193,0.739567,0.118502,0.13001,Bellevue_150th_SE38th
9609,0.451124,0.048157,0.124803,0.723472,0.183382,0.121015,Bellevue_150th_SE38th
9610,0.494087,0.070178,0.123585,0.713085,0.182918,0.123665,Bellevue_150th_SE38th
9611,0.442461,0.040706,0.125844,0.6668,0.200003,0.06254,Bellevue_150th_SE38th
9612,0.488678,0.073212,0.123237,0.769738,0.146204,0.127073,Bellevue_150th_SE38th
9613,0.45039,0.04476,0.128407,0.610718,0.198585,0.069512,Bellevue_150th_SE38th
9614,0.429259,0.044789,0.122771,0.535843,0.128381,0.0432,Bellevue_150th_SE38th
9615,0.415785,0.048584,0.109722,0.637348,0.103103,0.092428,Bellevue_150th_SE38th
9616,0.444712,0.05825,0.111466,0.471716,0.050874,0.048993,Bellevue_150th_SE38th
9617,0.478401,0.099892,0.10863,0.482916,0.086121,0.06214,Bellevue_150th_SE38th
9618,0.552389,0.131613,0.100169,0.635794,0.121896,0.052173,Bellevue_150th_SE38th
9619,0.517509,0.083193,0.120681,0.615533,0.169342,0.115553,Bellevue_150th_SE38th
9620,0.459251,0.052278,0.143732,0.488978,0.194698,0.037087,Bellevue_150th_SE38th
9621,0.430183,0.071948,0.113904,0.610903,0.244177,0.059101,Bellevue_150th_SE38th
9622,0.411127,0.070623,0.103515,0.606901,0.299968,0.078448,Bellevue_150th_SE38th
9623,0.437894,0.088216,0.102904,0.589278,0.205999,0.103124,Bellevue_150th_SE38th
9624,0.524497,0.131327,0.097476,0.753781,0.240105,0.089348,Bellevue_150th_SE38th
9625,0.488932,0.067689,0.120546,0.682676,0.189866,0.09419,Bellevue_150th_SE38th
9626,0.559042,0.104594,0.103155,0.717406,0.209044,0.151813,Bellevue_150th_SE38th
9627,0.507321,0.109418,0.108452,0.67642,0.181641,0.1245,Bellevue_150th_SE38th
9628,0.523469,0.113383,0.096825,0.70236,0.117137,0.141454,Bellevue_150th_SE38th
9629,0.573137,0.096045,0.09327,0.628926,0.09665,0.121526,Bellevue_150th_SE38th
9630,0.569539,0.091298,0.079379,0.669033,0.113052,0.109268,Bellevue_150th_SE38th
9631,0.568764,0.060097,0.078865,0.676644,0.179541,0.086694,Bellevue_150th_SE38th
9632,0.537954,0.065083,0.097796,0.620276,0.301818,0.037475,Bellevue_150th_SE38th
9633,0.515128,0.045296,0.082872,0.688757,0.28707,0.046591,Bellevue_150th_SE38th
9634,0.538984,0.044106,0.080086,0.645737,0.125982,0.10777,Bellevue_150th_SE38th
9635,0.514525,0.09434,0.11537,0.632993,0.045619,0.211448,Bellevue_150th_SE38th
9636,0.551231,0.104797,0.086224,0.556978,0.023614,0.195665,Bellevue_150th_SE38th
9637,0.559598,0.080999,0.070921,0.556984,0.093648,0.090281,Bellevue_150th_SE38th
9638,0.552747,0.098744,0.084316,0.662176,0.112159,0.145062,Bellevue_150th_SE38th
9639,0.504868,0.083395,0.121128,0.505646,0.154597,0.062505,Bellevue_150th_SE38th
9640,0.497607,0.062175,0.108689,0.61111,0.193085,0.051506,Bellevue_150th_SE38th
9641,0.499022,0.100738,0.107697,0.615506,0.109539,0.028234,Bellevue_150th_SE38th
9642,0.557371,0.067458,0.084111,0.568426,0.171958,0.100766,Bellevue_150th_SE38th
9643,0.499003,0.083138,0.119836,0.532174,0.178284,0.049369,Bellevue_150th_SE38th
9644,0.489298,0.065955,0.113515,0.565359,0.216714,0.024361,Bellevue_150th_SE38th
9645,0.532247,0.111654,0.111136,0.765337,0.439564,0.107838,Bellevue_150th_SE38th
9646,0.503747,0.067987,0.123568,0.836782,0.406233,0.13262,Bellevue_150th_SE38th
9647,0.504899,0.049458,0.102364,0.702089,0.275967,0.063959,Bellevue_150th_SE38th
9648,0.498196,0.045983,0.100201,0.691284,0.179511,0.155191,Bellevue_150th_SE38th
9649,0.492588,0.05791,0.094584,0.494583,0.051926,0.145836,Bellevue_150th_SE38th
9650,0.565162,0.107623,0.077217,0.511721,0.072823,0.136365,Bellevue_150th_SE38th
9651,0.53409,0.13097,0.099315,0.558306,0.108056,0.109281,Bellevue_150th_SE38th
9652,0.522766,0.105544,0.102916,0.73063,0.198982,0.075341,Bellevue_150th_SE38th
9653,0.495763,0.098458,0.114082,0.717026,0.181944,0.148775,Bellevue_150th_SE38th
9654,0.489734,0.093426,0.112423,0.632891,0.219912,0.113373,Bellevue_150th_SE38th
9655,0.569876,0.114891,0.072108,0.523694,0.133656,0.124604,Bellevue_150th_SE38th
9656,0.534902,0.121314,0.091568,0.50992,0.129651,0.089825,Bellevue_150th_SE38th
9657,0.490839,0.064289,0.09042,0.547564,0.047817,0.170454,Bellevue_150th_SE38th
9658,0.517847,0.091742,0.136094,0.632288,0.136485,0.184088,Bellevue_150th_SE38th
9659,0.527472,0.060425,0.094877,0.695237,0.099209,0.306665,Bellevue_150th_SE38th
9660,0.538465,0.048755,0.083511,0.631923,0.134851,0.16571,Bellevue_150th_SE38th
9661,0.523588,0.06141,0.080057,0.595099,0.081898,0.082131,Bellevue_150th_SE38th
9662,0.513028,0.130409,0.095175,0.595703,0.074103,0.131317,Bellevue_150th_SE38th
9663,0.488506,0.110455,0.102654,0.487272,0.160994,0.059646,Bellevue_150th_SE38th
9664,0.474197,0.07559,0.12198,0.501209,0.104432,0.118928,Bellevue_150th_SE38th
9665,0.496478,0.078374,0.112916,0.501762,0.089939,0.060567,Bellevue_150th_SE38th
9666,0.492568,0.07701,0.121887,0.466845,0.147808,0.044625,Bellevue_150th_SE38th
9667,0.458067,0.071866,0.121264,0.344883,0.077825,0.018783,Bellevue_150th_SE38th
9668,0.547431,0.143718,0.099328,0.650623,0.116744,0.063341,Bellevue_150th_SE38th
9669,0.514924,0.111659,0.11735,0.749188,0.136222,0.140002,Bellevue_150th_SE38th
9670,0.499994,0.075049,0.112695,0.834626,0.249063,0.111854,Bellevue_150th_SE38th
9671,0.51852,0.064175,0.085993,0.635878,0.149865,0.050043,Bellevue_150th_SE38th
9672,0.487295,0.107998,0.102311,0.465631,0.086941,0.064386,Bellevue_150th_SE38th
9673,0.528834,0.110407,0.08704,0.410107,0.031257,0.110735,Bellevue_150th_SE38th
9674,0.505705,0.12594,0.095884,0.476665,0.105098,0.083668,Bellevue_150th_SE38th
9675,0.522998,0.133708,0.09945,0.494961,0.109135,0.060107,Bellevue_150th_SE38th
9676,0.496192,0.087882,0.132585,0.679264,0.215093,0.006071,Bellevue_150th_SE38th
9677,0.491099,0.069721,0.105932,0.6886,0.219958,0.002207,Bellevue_150th_SE38th
9678,0.491337,0.066489,0.1026,0.609509,0.214994,0.0319,Bellevue_150th_SE38th
9679,0.498322,0.120415,0.096007,0.535035,0.170268,0.082588,Bellevue_150th_SE38th
9680,0.518953,0.121819,0.104066,0.49946,0.141915,0.071824,Bellevue_150th_SE38th
9681,0.43686,0.069185,0.107309,0.488981,0.169778,0.048583,Bellevue_150th_SE38th
9682,0.465617,0.073354,0.11698,0.461274,0.167821,0.05198,Bellevue_150th_SE38th
9683,0.488817,0.074117,0.127163,0.391554,0.064011,0.029887,Bellevue_150th_SE38th
9684,0.469732,0.055581,0.136005,0.443202,0.099501,0.03316,Bellevue_150th_SE38th
9685,0.470697,0.071791,0.121906,0.623702,0.14225,0.109861,Bellevue_150th_SE38th
9686,0.482411,0.089908,0.114617,0.588639,0.104625,0.054136,Bellevue_150th_SE38th
9687,0.461763,0.067846,0.119237,0.661175,0.232276,0.049117,Bellevue_150th_SE38th
9688,0.488856,0.055886,0.133749,0.672327,0.152749,0.080288,Bellevue_150th_SE38th
9689,0.482761,0.051484,0.107623,0.671782,0.082814,0.109411,Bellevue_150th_SE38th
9690,0.482569,0.076755,0.119375,0.654294,0.055704,0.160077,Bellevue_150th_SE38th
9691,0.493014,0.063008,0.120805,0.65673,0.022332,0.181975,Bellevue_150th_SE38th
9692,0.485209,0.063639,0.121797,0.558394,0.053843,0.170567,Bellevue_150th_SE38th
9693,0.47582,0.079735,0.122206,0.446842,0.075305,0.038171,Bellevue_150th_SE38th
9694,0.510514,0.122559,0.110075,0.520417,0.061614,0.077818,Bellevue_150th_SE38th
9695,0.478216,0.104213,0.105557,0.58556,0.13692,0.052783,Bellevue_150th_SE38th
9696,0.476557,0.062375,0.140338,0.639973,0.226481,-0.016464,Bellevue_150th_SE38th
9697,0.484537,0.073262,0.129586,0.547727,0.231762,0.012296,Bellevue_150th_SE38th
9698,0.473133,0.067439,0.138216,0.59606,0.164848,0.066365,Bellevue_150th_SE38th
9699,0.477315,0.071947,0.123793,0.717047,0.1571,0.040823,Bellevue_150th_SE38th
9700,0.486828,0.064422,0.122167,0.596511,0.165811,-0.053034,Bellevue_150th_SE38th
9701,0.45827,0.064337,0.115129,0.573127,0.070628,-0.011774,Bellevue_150th_SE38th
9702,0.499501,0.116809,0.104087,0.599465,0.070077,0.071819,Bellevue_150th_SE38th
9703,0.468114,0.100169,0.101283,0.583206,0.133761,0.012368,Bellevue_150th_SE38th
9704,0.546038,0.131868,0.106111,0.665001,0.084104,0.061274,Bellevue_150th_SE38th
9705,0.47406,0.068171,0.124819,0.720396,0.197301,0.014036,Bellevue_150th_SE38th
9706,0.474868,0.063506,0.137685,0.657909,0.165994,0.046107,Bellevue_150th_SE38th
9707,0.490483,0.06631,0.117653,0.593139,0.146415,0.01086,Bellevue_150th_SE38th
9708,0.455696,0.073955,0.116119,0.537232,0.081689,0.123953,Bellevue_150th_SE38th
9709,0.506481,0.10571,0.109526,0.599904,0.132205,0.024622,Bellevue_150th_SE38th
9710,0.500584,0.095219,0.104346,0.724135,0.088368,0.089628,Bellevue_150th_SE38th
9711,0.489707,0.0739,0.119616,0.580638,0.16056,0.048041,Bellevue_150th_SE38th
9712,0.471399,0.078544,0.116895,0.635606,0.158372,0.086149,Bellevue_150th_SE38th
9713,0.47674,0.072153,0.129998,0.667426,0.141736,0.131252,Bellevue_150th_SE38th
9714,0.455893,0.055855,0.118886,0.703239,0.199271,0.177983,Bellevue_150th_SE38th
9715,0.460598,0.053202,0.122397,0.654556,0.232657,0.080374,Bellevue_150th_SE38th
9716,0.462123,0.065899,0.11748,0.660049,0.151588,0.11183,Bellevue_150th_SE38th
9717,0.432204,0.063348,0.110059,0.677098,0.15172,0.131842,Bellevue_150th_SE38th
9718,0.438973,0.07802,0.101778,0.567652,0.133146,0.071512,Bellevue_150th_SE38th
9719,0.402856,0.056267,0.105078,0.425255,0.106236,0.030179,Bellevue_150th_SE38th
9720,0.484825,0.10728,0.10029,0.587282,0.114785,-0.007458,Bellevue_150th_SE38th
9721,0.482578,0.038808,0.108939,0.43236,0.071334,0.039976,Bellevue_150th_SE38th
9722,0.438051,0.041108,0.133283,0.554758,0.106076,0.009441,Bellevue_150th_SE38th
9723,0.428935,0.036687,0.129465,0.654424,0.105614,0.090139,Bellevue_150th_SE38th
9724,0.453114,0.079,0.108481,0.552459,0.036534,0.046677,Bellevue_150th_SE38th
9725,0.419405,0.042007,0.111526,0.642596,0.106854,0.02516,Bellevue_150th_SE38th
9726,0.46735,0.071631,0.118523,0.682689,0.118512,0.065813,Bellevue_150th_SE38th
9727,0.454849,0.044112,0.143332,0.62358,0.167763,0.042258,Bellevue_150th_SE38th
9728,0.443885,0.04198,0.13327,0.670015,0.282023,0.005623,Bellevue_150th_SE38th
9729,0.451683,0.043962,0.1401,0.78603,0.318409,0.07308,Bellevue_150th_SE38th
9730,0.471418,0.060946,0.133362,0.675015,0.188849,0.042967,Bellevue_150th_SE38th
9731,0.448618,0.041744,0.141309,0.508366,0.119391,0.024914,Bellevue_150th_SE38th
9732,0.520394,0.128719,0.101468,0.543803,0.045862,0.196196,Bellevue_150th_SE38th
9733,0.420448,0.045257,0.107067,0.599475,0.230518,-0.005902,Bellevue_150th_SE38th
9734,0.460121,0.082643,0.107058,0.634431,0.174879,0.04148,Bellevue_150th_SE38th
9735,0.438063,0.034396,0.137285,0.682644,0.232797,0.044577,Bellevue_150th_SE38th
9736,0.477405,0.058176,0.131742,0.634229,0.247529,0.036401,Bellevue_150th_SE38th
9737,0.481881,0.069657,0.121218,0.581904,0.183509,0.010144,Bellevue_150th_SE38th
9738,0.444568,0.067258,0.119124,0.536343,0.141737,-0.011007,Bellevue_150th_SE38th
9739,0.435968,0.046464,0.098185,0.426161,0.063338,0.013061,Bellevue_150th_SE38th
9740,0.46438,0.066859,0.103356,0.454318,0.072393,0.048283,Bellevue_150th_SE38th
9741,0.487516,0.10582,0.100754,0.560701,0.142097,0.040962,Bellevue_150th_SE38th
9742,0.551453,0.132926,0.108408,0.734095,0.15112,0.057814,Bellevue_150th_SE38th
9743,0.486579,0.073803,0.119598,0.80822,0.193568,0.068085,Bellevue_150th_SE38th
9744,0.457956,0.049582,0.118325,0.825979,0.1632,0.128366,Bellevue_150th_SE38th
9745,0.452553,0.044233,0.111397,0.619164,0.147993,0.073748,Bellevue_150th_SE38th
9746,0.563964,0.124437,0.13683,0.63418,0.102357,0.073177,Bellevue_150th_SE38th
9747,0.542448,0.127969,0.107629,0.586922,0.072116,0.068092,Bellevue_150th_SE38th
9748,0.464529,0.045058,0.141933,0.604734,0.153098,0.030276,Bellevue_150th_SE38th
9749,0.469926,0.051918,0.14498,0.595457,0.195303,0.055274,Bellevue_150th_SE38th
9750,0.466531,0.052317,0.118716,0.582956,0.247666,-0.056698,Bellevue_150th_SE38th
9751,0.455598,0.045013,0.127506,0.612369,0.240947,-0.023416,Bellevue_150th_SE38th
9752,0.461876,0.079301,0.117087,0.584329,0.067449,0.17077,Bellevue_150th_SE38th
9753,0.528204,0.133036,0.099637,0.533888,-0.022562,0.150205,Bellevue_150th_SE38th
9754,0.426507,0.047925,0.112122,0.458164,0.081502,0.050346,Bellevue_150th_SE38th
9755,0.448574,0.062131,0.117577,0.425633,0.06295,-0.009907,Bellevue_150th_SE38th
9756,0.447502,0.039378,0.136383,0.468576,0.143975,0.005195,Bellevue_150th_SE38th
9757,0.443848,0.040571,0.136806,0.504434,0.171416,0.030916,Bellevue_150th_SE38th
9758,0.442444,0.04594,0.124714,0.520178,0.123351,0.074128,Bellevue_150th_SE38th
9759,0.430157,0.068467,0.109386,0.536726,0.092743,0.114875,Bellevue_150th_SE38th
9760,0.440675,0.073005,0.108007,0.419416,0.035359,0.048968,Bellevue_150th_SE38th
9761,0.433944,0.046159,0.115581,0.45245,0.076369,0.010054,Bellevue_150th_SE38th
9762,0.453479,0.064976,0.116667,0.57714,0.064789,0.011886,Bellevue_150th_SE38th
9763,0.464278,0.051486,0.137218,0.593702,0.052839,0.065965,Bellevue_150th_SE38th
9764,0.446845,0.049458,0.129606,0.480782,0.03693,0.035939,Bellevue_150th_SE38th
9765,0.423727,0.059554,0.115068,0.485999,0.061379,0.077898,Bellevue_150th_SE38th
9766,0.403773,0.06051,0.105979,0.421189,0.089548,0.048904,Bellevue_150th_SE38th
9767,0.412553,0.076052,0.097696,0.363056,0.063708,0.05611,Bellevue_150th_SE38th
9768,0.404384,0.076937,0.095045,0.367701,0.064001,0.010827,Bellevue_150th_SE38th
9769,0.534147,0.136798,0.099918,0.527486,0.067893,0.038054,Bellevue_150th_SE38th
9770,0.450715,0.067336,0.119682,0.721106,0.012926,0.229195,Bellevue_150th_SE38th
9771,0.42867,0.043843,0.115545,0.634219,0.110843,0.125237,Bellevue_150th_SE38th
9772,0.41872,0.045685,0.107293,0.568864,0.072544,0.106404,Bellevue_150th_SE38th
9773,0.410651,0.065003,0.102489,0.551427,0.107003,0.122489,Bellevue_150th_SE38th
9774,0.411651,0.069007,0.09933,0.45572,0.058919,0.060424,Bellevue_150th_SE38th
9775,0.470051,0.097064,0.103542,0.602517,0.134027,0.00731,Bellevue_150th_SE38th
9776,0.464795,0.06196,0.138022,0.608822,0.025089,0.136457,Bellevue_150th_SE38th
9777,0.475782,0.073204,0.116281,0.531154,0.100361,0.080306,Bellevue_150th_SE38th
9778,0.491315,0.115753,0.103148,0.459863,0.051537,0.123847,Bellevue_150th_SE38th
9779,0.416641,0.063717,0.104367,0.647624,0.11052,0.067071,Bellevue_150th_SE38th
9780,0.496091,0.092666,0.124053,0.614797,0.122526,0.108733,Bellevue_150th_SE38th
9781,0.443273,0.044695,0.136179,0.578878,0.145529,0.102212,Bellevue_150th_SE38th
9782,0.477774,0.091672,0.115309,0.556382,0.072847,0.10255,Bellevue_150th_SE38th
9783,0.482004,0.10068,0.114197,0.488916,0.076441,0.031249,Bellevue_150th_SE38th
9784,0.479506,0.103104,0.115478,0.388487,0.086055,0.015394,Bellevue_150th_SE38th
9785,0.51765,0.127086,0.100027,0.405609,0.046982,0.040036,Bellevue_150th_SE38th
9786,0.455042,0.073325,0.112685,0.435114,0.068293,0.025343,Bellevue_150th_SE38th
9787,0.473752,0.057435,0.141241,0.444753,0.024351,0.065053,Bellevue_150th_SE38th
9788,0.50591,0.080092,0.11149,0.483804,0.015175,0.088522,Bellevue_150th_SE38th
9789,0.472615,0.059266,0.117082,0.563197,0.063268,0.06768,Bellevue_150th_SE38th
9790,0.46674,0.054825,0.119251,0.572457,0.085912,0.044602,Bellevue_150th_SE38th
9791,0.462647,0.092734,0.105618,0.586486,0.065436,0.055857,Bellevue_150th_SE38th
9792,0.444928,0.069009,0.115371,0.576608,0.062015,0.058732,Bellevue_150th_SE38th
9793,0.474376,0.031407,0.066947,0.546539,0.117293,0.054107,Bellevue_150th_SE38th
9794,0.437428,0.04416,0.131578,0.558748,0.1284,0.107436,Bellevue_150th_SE38th
9795,0.45734,0.047933,0.139133,0.700021,0.184882,0.095774,Bellevue_150th_SE38th
9796,0.45585,0.046692,0.140807,0.76011,0.286964,0.068992,Bellevue_150th_SE38th
9797,0.456642,0.050971,0.138883,0.712471,0.170037,0.102925,Bellevue_150th_SE38th
9798,0.458968,0.096482,0.100868,0.658887,0.093571,0.113688,Bellevue_150th_SE38th
9799,0.428722,0.069395,0.101881,0.551382,0.126002,0.057088,Bellevue_150th_SE38th
9800,0.452478,0.084093,0.10868,0.598997,0.150132,0.035136,Bellevue_150th_SE38th
9801,0.433052,0.058273,0.113259,0.638889,0.206325,0.037613,Bellevue_150th_SE38th
9802,0.439461,0.033161,0.138044,0.710563,0.166373,0.092139,Bellevue_150th_SE38th
9803,0.450448,0.046287,0.137425,0.644522,0.13421,0.048153,Bellevue_150th_SE38th
9804,0.427473,0.055296,0.113947,0.536367,0.129023,0.060061,Bellevue_150th_SE38th
9805,0.443194,0.088169,0.108305,0.556764,0.106343,0.047219,Bellevue_150th_SE38th
9806,0.42647,0.067366,0.108259,0.643962,0.158203,0.069813,Bellevue_150th_SE38th
9807,0.431005,0.036366,0.134887,0.6273,0.252884,0.020558,Bellevue_150th_SE38th
9808,0.446646,0.039715,0.141209,0.719437,0.29829,0.062288,Bellevue_150th_SE38th
9809,0.438644,0.042742,0.122722,0.675959,0.279893,0.023568,Bellevue_150th_SE38th
9810,0.424177,0.036588,0.112571,0.610858,0.25708,0.046054,Bellevue_150th_SE38th
9811,0.437008,0.065166,0.114414,0.439399,0.108623,0.096917,Bellevue_150th_SE38th
9812,0.414371,0.04192,0.110428,0.390305,0.095427,0.036015,Bellevue_150th_SE38th
9813,0.443354,0.090858,0.102359,0.425148,0.09799,0.059177,Bellevue_150th_SE38th
9814,0.480712,0.100744,0.103486,0.494241,0.077026,-0.011588,Bellevue_150th_SE38th
9815,0.473454,0.077993,0.112521,0.596444,0.062889,0.038767,Bellevue_150th_SE38th
9816,0.443849,0.044588,0.135713,0.672183,0.093101,0.051104,Bellevue_150th_SE38th
9817,0.44253,0.045684,0.132451,0.56123,0.123317,0.037986,Bellevue_150th_SE38th
9818,0.435606,0.050153,0.129591,0.613409,0.054197,0.033792,Bellevue_150th_SE38th
9819,0.40423,0.050059,0.109126,0.575234,0.055664,0.019106,Bellevue_150th_SE38th
9820,0.442191,0.043673,0.132542,0.575234,0.139313,0.042049,Bellevue_150th_SE38th
9821,0.443247,0.048223,0.12542,0.663472,0.267692,0.033146,Bellevue_150th_SE38th
9822,0.4622,0.058937,0.123665,0.750791,0.373063,0.012193,Bellevue_150th_SE38th
9823,0.433832,0.034922,0.138144,0.679558,0.298013,0.023259,Bellevue_150th_SE38th
9824,0.426613,0.042387,0.115449,0.556755,0.161553,0.01641,Bellevue_150th_SE38th
9825,0.41321,0.050544,0.112609,0.472476,0.086081,0.092609,Bellevue_150th_SE38th
9826,0.410913,0.070165,0.103269,0.517417,0.013572,0.228369,Bellevue_150th_SE38th
9827,0.387984,0.053314,0.101879,0.438631,0.088907,0.011106,Bellevue_150th_SE38th
9828,0.453292,0.097203,0.100338,0.535237,0.095973,0.032511,Bellevue_150th_SE38th
9829,0.441545,0.045726,0.136577,0.523343,0.060017,0.015393,Bellevue_150th_SE38th
9830,0.437311,0.041107,0.137794,0.545412,0.148936,-0.011986,Bellevue_150th_SE38th
9831,0.447574,0.043615,0.14027,0.573589,0.111172,0.11043,Bellevue_150th_SE38th
9832,0.415951,0.034237,0.128037,0.505962,0.090487,0.124856,Bellevue_150th_SE38th
9833,0.40663,0.056663,0.108263,0.42017,0.055295,0.036035,Bellevue_150th_SE38th
9834,0.425701,0.056808,0.112515,0.308246,0.054973,0.058829,Bellevue_150th_SE38th
9835,0.448507,0.068129,0.124851,0.458455,0.124205,0.017727,Bellevue_150th_SE38th
9836,0.450242,0.067261,0.120394,0.421044,0.125948,0.044546,Bellevue_150th_SE38th
9837,0.415828,0.054072,0.110592,0.532295,0.151894,0.056695,Bellevue_150th_SE38th
9838,0.416185,0.047223,0.116083,0.457309,0.037567,0.127821,Bellevue_150th_SE38th
9839,0.402802,0.048796,0.106992,0.507797,0.033397,0.198457,Bellevue_150th_SE38th
9840,0.425301,0.073463,0.104356,0.412262,0.060699,0.075705,Bellevue_150th_SE38th
9841,0.401884,0.04978,0.106227,0.327501,0.051084,0.023765,Bellevue_150th_SE38th
9842,0.418284,0.044051,0.115728,0.505379,0.067814,0.038793,Bellevue_150th_SE38th
9843,0.446609,0.04442,0.129459,0.48096,0.065348,0.021911,Bellevue_150th_SE38th
9844,0.42622,0.029952,0.137634,0.637844,0.200076,0.011596,Bellevue_150th_SE38th
9845,0.436964,0.035465,0.124318,0.576115,0.148154,0.051134,Bellevue_150th_SE38th
9846,0.423049,0.049836,0.120689,0.403931,0.096966,0.031224,Bellevue_150th_SE38th
9847,0.417878,0.052333,0.109982,0.44393,0.053279,0.09556,Bellevue_150th_SE38th
9848,0.418615,0.065846,0.104139,0.610241,0.111,0.114107,Bellevue_150th_SE38th
9849,0.466007,0.071914,0.131733,0.572645,0.068468,0.104986,Bellevue_150th_SE38th
9850,0.42856,0.044833,0.120351,0.590103,0.099015,0.17012,Bellevue_150th_SE38th
9851,0.422858,0.03375,0.133175,0.446521,0.071588,0.142695,Bellevue_150th_SE38th
9852,0.431241,0.041203,0.133129,0.407248,0.046205,0.165327,Bellevue_150th_SE38th
9853,0.391683,0.045973,0.106316,0.392733,-0.000271,0.222598,Bellevue_150th_SE38th
9854,0.381772,0.031318,0.106527,0.456239,0.053695,0.211509,Bellevue_150th_SE38th
9855,0.398274,0.036004,0.107536,0.452579,0.04864,0.101134,Bellevue_150th_SE38th
9856,0.463033,0.080201,0.115313,0.494331,0.113211,0.089057,Bellevue_150th_SE38th
9857,0.439039,0.038005,0.13806,0.530585,0.159402,0.073527,Bellevue_150th_SE38th
9858,0.430903,0.039112,0.13372,0.475683,0.082937,0.125152,Bellevue_150th_SE38th
9859,0.422821,0.039339,0.126516,0.71257,0.15537,0.12399,Bellevue_150th_SE38th
9860,0.419422,0.028536,0.13023,0.668148,0.119206,0.118651,Bellevue_150th_SE38th
9861,0.442066,0.036948,0.142664,0.488895,0.103785,0.135991,Bellevue_150th_SE38th
9862,0.437476,0.037051,0.140787,0.633939,0.163374,0.087071,Bellevue_150th_SE38th
9863,0.431011,0.033815,0.138271,0.564787,0.191842,0.090524,Bellevue_150th_SE38th
9864,0.429482,0.037751,0.120394,0.626315,0.116075,0.090674,Bellevue_150th_SE38th
9865,0.431598,0.044242,0.122341,0.568547,0.186407,0.078458,Bellevue_150th_SE38th
9866,0.460842,0.097417,0.106858,0.609647,0.198812,0.122878,Bellevue_150th_SE38th
9867,0.401212,0.057897,0.105752,0.475189,0.144405,-0.002848,Bellevue_150th_SE38th
9868,0.444982,0.051059,0.114335,0.630168,0.162879,0.063105,Bellevue_150th_SE38th
9869,0.435486,0.031731,0.13926,0.660128,0.256071,0.047147,Bellevue_150th_SE38th
9870,0.43187,0.031027,0.130176,0.610636,0.163737,0.160922,Bellevue_150th_SE38th
9871,0.434489,0.039241,0.13515,0.470745,0.07897,0.111918,Bellevue_150th_SE38th
9872,0.421007,0.053743,0.111066,0.365681,0.049368,0.135282,Bellevue_150th_SE38th
9873,0.430198,0.070026,0.109572,0.384001,0.061134,0.119246,Bellevue_150th_SE38th
9874,0.473436,0.08885,0.110065,0.449426,0.074036,0.049697,Bellevue_150th_SE38th
9875,0.478071,0.061075,0.136973,0.532948,0.10585,-0.013088,Bellevue_150th_SE38th
9876,0.44953,0.031221,0.140493,0.796577,0.373833,0.011201,Bellevue_150th_SE38th
9877,0.444326,0.033822,0.142086,0.738297,0.376893,-0.003886,Bellevue_150th_SE38th
9878,0.4413,0.034894,0.141693,0.560986,0.235994,-0.000493,Bellevue_150th_SE38th
9879,0.436081,0.05262,0.127459,0.53899,0.160697,0.021422,Bellevue_150th_SE38th
9880,0.40785,0.059417,0.1059,0.362958,0.074422,0.058084,Bellevue_150th_SE38th
9881,0.399597,0.053964,0.106889,0.357234,0.096364,0.007242,Bellevue_150th_SE38th
9882,0.477433,0.103204,0.097291,0.409972,0.080317,0.041161,Bellevue_150th_SE38th
9883,0.43325,0.046803,0.12127,0.478056,0.111044,0.035759,Bellevue_150th_SE38th
9884,0.427632,0.04845,0.117425,0.457077,0.111995,0.090707,Bellevue_150th_SE38th
9885,0.424758,0.033935,0.134721,0.404212,0.109953,0.037053,Bellevue_150th_SE38th
9886,0.420949,0.05936,0.115933,0.358852,0.035979,0.100407,Bellevue_150th_SE38th
9887,0.404068,0.055984,0.10702,0.345401,0.125249,0.038199,Bellevue_150th_SE38th
9888,0.417628,0.04764,0.11456,0.421732,0.09107,0.010086,Bellevue_150th_SE38th
9889,0.440416,0.044538,0.121325,0.499651,0.156387,0.011255,Bellevue_150th_SE38th
9890,0.432381,0.039621,0.127327,0.563898,0.257625,-0.000165,Bellevue_150th_SE38th
9891,0.439316,0.043834,0.130453,0.653794,0.20778,0.079151,Bellevue_150th_SE38th
9892,0.445628,0.038182,0.135802,0.749102,0.203868,0.138947,Bellevue_150th_SE38th
9893,0.459582,0.075096,0.112119,0.609746,0.149388,0.073742,Bellevue_150th_SE38th
9894,0.440252,0.037549,0.126675,0.706766,0.16457,0.068043,Bellevue_150th_SE38th
9895,0.43887,0.033221,0.125421,0.678729,0.1449,0.049626,Bellevue_150th_SE38th
9896,0.426141,0.036017,0.121854,0.725201,0.172152,0.035525,Bellevue_150th_SE38th
9897,0.438166,0.030648,0.13686,0.615385,0.133409,0.049094,Bellevue_150th_SE38th
9898,0.430617,0.053928,0.116639,0.561917,0.182112,0.056318,Bellevue_150th_SE38th
9899,0.444163,0.062564,0.112842,0.443078,0.137314,0.058076,Bellevue_150th_SE38th
9900,0.424975,0.051385,0.112501,0.560163,0.172933,0.015773,Bellevue_150th_SE38th
9901,0.425251,0.022607,0.137157,0.586923,0.17676,0.185375,Bellevue_150th_SE38th
9902,0.434478,0.031514,0.141013,0.721049,0.234012,0.224282,Bellevue_150th_SE38th
9903,0.439066,0.030879,0.141875,0.698675,0.210925,0.14072,Bellevue_150th_SE38th
9904,0.433524,0.037677,0.133314,0.67318,0.153305,0.145174,Bellevue_150th_SE38th
9905,0.415415,0.040996,0.120682,0.527702,0.108061,0.046842,Bellevue_150th_SE38th
9906,0.43241,0.061984,0.10693,0.358004,0.042247,0.015335,Bellevue_150th_SE38th
9907,0.403944,0.038287,0.1148,0.384606,0.043718,0.037354,Bellevue_150th_SE38th
9908,0.441105,0.060352,0.114293,0.414515,0.094645,0.094676,Bellevue_150th_SE38th
9909,0.44011,0.052921,0.114794,0.521455,0.107983,0.181156,Bellevue_150th_SE38th
9910,0.436767,0.031031,0.141943,0.449094,0.092103,0.076616,Bellevue_150th_SE38th
9911,0.438748,0.031703,0.141452,0.396857,0.09607,0.02443,Bellevue_150th_SE38th
9912,0.436615,0.033865,0.138994,0.434524,0.084656,0.044928,Bellevue_150th_SE38th
9913,0.424898,0.041872,0.126104,0.428989,0.083135,0.13506,Bellevue_150th_SE38th
9914,0.422777,0.067277,0.10669,0.276334,0.018149,0.116892,Bellevue_150th_SE38th
9915,0.426911,0.03965,0.113512,0.366308,0.045672,0.083431,Bellevue_150th_SE38th
9916,0.414903,0.048821,0.113627,0.458858,0.078917,0.041272,Bellevue_150th_SE38th
9917,0.426313,0.050881,0.114891,0.588476,0.181065,0.062268,Bellevue_150th_SE38th
9918,0.43521,0.041387,0.12769,0.44411,0.074899,0.129559,Bellevue_150th_SE38th
9919,0.422672,0.044583,0.120182,0.385556,0.045062,0.073721,Bellevue_150th_SE38th
9920,0.424125,0.03809,0.122647,0.305991,0.054003,0.026644,Bellevue_150th_SE38th
9921,0.460779,0.073956,0.116357,0.395244,0.127503,0.078684,Bellevue_150th_SE38th
9922,0.426751,0.03207,0.128868,0.383022,0.153517,0.005515,Bellevue_150th_SE38th
9923,0.430588,0.031779,0.122424,0.412762,0.170099,8.5e-05,Bellevue_150th_SE38th
9924,0.434158,0.033635,0.132689,0.453066,0.226611,0.030906,Bellevue_150th_SE38th
9925,0.435891,0.032378,0.140609,0.450245,0.164944,0.019098,Bellevue_150th_SE38th
9926,0.426995,0.036587,0.134248,0.419451,-0.007536,0.068711,Bellevue_150th_SE38th
9927,0.409488,0.048836,0.112429,0.364068,0.067242,0.027758,Bellevue_150th_SE38th
9928,0.433693,0.051828,0.112648,0.371602,0.103057,-0.047985,Bellevue_150th_SE38th
9929,0.421652,0.036807,0.114303,0.403162,0.124314,0.036346,Bellevue_150th_SE38th
9930,0.454378,0.052611,0.125128,0.547952,0.186247,0.133411,Bellevue_150th_SE38th
9931,0.432196,0.035108,0.138289,0.568414,0.181459,0.079289,Bellevue_150th_SE38th
9932,0.436402,0.032092,0.137419,0.703718,0.24912,0.082923,Bellevue_150th_SE38th
9933,0.427518,0.03034,0.128184,0.64882,0.217114,0.073174,Bellevue_150th_SE38th
9934,0.429077,0.039081,0.126029,0.515652,0.103066,0.12018,Bellevue_150th_SE38th
9935,0.406991,0.050646,0.112455,0.385697,-0.013536,0.110899,Bellevue_150th_SE38th
9936,0.439298,0.081745,0.106573,0.374034,0.018648,0.125699,Bellevue_150th_SE38th
9937,0.401475,0.051173,0.106743,0.430121,0.099949,0.096596,Bellevue_150th_SE38th
9938,0.447861,0.070575,0.118564,0.518155,0.155037,-0.008632,Bellevue_150th_SE38th
9939,0.43338,0.035866,0.128216,0.645227,0.160613,0.063807,Bellevue_150th_SE38th
9940,0.430788,0.038885,0.125035,0.567973,0.126419,0.100696,Bellevue_150th_SE38th
9941,0.4409,0.036464,0.13257,0.484677,0.000606,0.167042,Bellevue_150th_SE38th
9942,0.407877,0.038231,0.11287,0.393017,-0.063033,0.227246,Bellevue_150th_SE38th
9943,0.400419,0.042473,0.108362,0.320465,-0.063232,0.183142,Bellevue_150th_SE38th
9944,0.40341,0.041547,0.112601,0.325223,0.0687,0.07547,Bellevue_150th_SE38th
9945,0.447011,0.058444,0.114901,0.559102,0.265138,0.003373,Bellevue_150th_SE38th
9946,0.442587,0.041959,0.135339,0.493392,0.231339,-7.7e-05,Bellevue_150th_SE38th
9947,0.433543,0.033389,0.136889,0.554524,0.184638,0.045655,Bellevue_150th_SE38th
9948,0.436467,0.0465,0.126558,0.663714,0.219201,0.008232,Bellevue_150th_SE38th
9949,0.42578,0.041984,0.126355,0.517,0.099171,0.016368,Bellevue_150th_SE38th
9950,0.425349,0.062414,0.109859,0.423281,0.077396,0.023534,Bellevue_150th_SE38th
9951,0.454082,0.072136,0.114826,0.454947,0.119959,-0.003584,Bellevue_150th_SE38th
9952,0.440931,0.033623,0.142605,0.493082,0.14504,0.07867,Bellevue_150th_SE38th
9953,0.436652,0.031737,0.142329,0.58828,0.320635,0.077619,Bellevue_150th_SE38th
9954,0.424784,0.024382,0.139355,0.610776,0.321243,0.016625,Bellevue_150th_SE38th
9955,0.424879,0.023813,0.138434,0.456999,0.215645,0.007228,Bellevue_150th_SE38th
9956,0.44411,0.040131,0.142057,0.342897,0.071274,0.071405,Bellevue_150th_SE38th
9957,0.426719,0.031617,0.138365,0.297065,0.095775,0.013394,Bellevue_150th_SE38th
9958,0.405064,0.042634,0.112974,0.333778,0.102547,0.08532,Bellevue_150th_SE38th
9959,0.40234,0.041343,0.111913,0.35841,0.113568,-0.009612,Bellevue_150th_SE38th
9960,0.395429,0.040701,0.107384,0.334291,0.160761,0.01379,Bellevue_150th_SE38th
9961,0.429578,0.052219,0.115115,0.523213,0.186167,0.147905,Bellevue_150th_SE38th
9962,0.42645,0.044353,0.11982,0.624412,0.244199,0.185392,Bellevue_150th_SE38th
9963,0.429775,0.032062,0.133614,0.725962,0.262752,0.219881,Bellevue_150th_SE38th
9964,0.438855,0.03601,0.127362,0.61079,0.234101,0.171641,Bellevue_150th_SE38th
9965,0.477122,0.052728,0.142787,0.447894,0.066178,0.205076,Bellevue_150th_SE38th
9966,0.414385,0.055694,0.107043,0.360782,0.019199,0.111611,Bellevue_150th_SE38th
9967,0.425319,0.060605,0.107855,0.277125,0.059743,0.096766,Bellevue_150th_SE38th
9968,0.434729,0.070567,0.105902,0.347107,0.103958,0.060135,Bellevue_150th_SE38th
9969,0.44356,0.055175,0.119847,0.553652,0.209492,0.077606,Bellevue_150th_SE38th
9970,0.435705,0.040662,0.125189,0.540018,0.054405,0.15511,Bellevue_150th_SE38th
9971,0.433346,0.039545,0.129644,0.577057,0.154691,0.160207,Bellevue_150th_SE38th
9972,0.430271,0.033335,0.129344,0.580719,0.133987,0.147025,Bellevue_150th_SE38th
9973,0.419766,0.035989,0.12217,0.543997,0.129966,0.116378,Bellevue_150th_SE38th
9974,0.413339,0.056594,0.105099,0.549433,0.121671,0.14715,Bellevue_150th_SE38th
9975,0.403082,0.054265,0.102606,0.636364,0.045455,0.227273,Bellevue_150th_SE38th
9976,0.355247,-0.009509,0.063264,0.636364,0.045455,0.227273,Bellevue_150th_SE38th
9977,0.309491,-0.017254,0.05638,0.636364,0.045455,0.227273,Bellevue_150th_SE38th
9978,0.309491,-0.017254,0.05638,0.669633,0.126985,0.141488,Bellevue_150th_SE38th
9979,0.439962,0.026485,0.113948,0.721823,0.325198,-0.012293,Bellevue_150th_SE38th
9980,0.433805,0.029606,0.140954,0.554788,0.151902,0.05373,Bellevue_150th_SE38th
9981,0.412414,0.050306,0.107974,0.499515,0.049875,0.087087,Bellevue_150th_SE38th
9982,0.394361,0.040683,0.106291,0.480666,0.07549,0.051216,Bellevue_150th_SE38th
9983,0.430278,0.051285,0.112629,0.475591,0.082578,0.028351,Bellevue_150th_SE38th
9984,0.430366,0.033134,0.122576,0.552741,0.11221,0.065138,Bellevue_150th_SE38th
9985,0.426432,0.032694,0.126054,0.489397,0.141951,0.037018,Bellevue_150th_SE38th
9986,0.420241,0.03889,0.122198,0.518681,0.120711,0.06025,Bellevue_150th_SE38th
9987,0.423556,0.029488,0.135719,0.599668,0.182781,0.102296,Bellevue_150th_SE38th
9988,0.434052,0.022962,0.135885,0.567254,0.092845,0.078348,Bellevue_150th_SE38th
9989,0.409542,0.040914,0.11345,0.529355,0.119841,0.013397,Bellevue_150th_SE38th
9990,0.398434,0.036718,0.112211,0.441412,0.010074,0.031553,Bellevue_150th_SE38th
9991,0.415719,0.034574,0.119515,0.439866,0.077984,0.066778,Bellevue_150th_SE38th
9992,0.446991,0.054879,0.119461,0.555306,0.207215,0.031399,Bellevue_150th_SE38th
9993,0.42384,0.030659,0.134653,0.512431,0.189025,-0.003818,Bellevue_150th_SE38th
9994,0.431594,0.037285,0.127812,0.628554,0.203778,0.052963,Bellevue_150th_SE38th
9995,0.430846,0.039026,0.128346,0.516095,0.16304,0.05689,Bellevue_150th_SE38th
9996,0.426441,0.04651,0.123052,0.576243,0.099944,0.116361,Bellevue_150th_SE38th
9997,0.411906,0.036926,0.119569,0.479281,0.11966,0.08719,Bellevue_150th_SE38th
9998,0.413235,0.058919,0.107012,0.482169,0.106544,0.084082,Bellevue_150th_SE38th
9999,0.415543,0.063293,0.105471,0.529272,0.137269,0.102541,Bellevue_150th_SE38th
10000,0.43265,0.073353,0.105691,0.516029,0.109262,0.092084,Bellevue_150th_SE38th
10001,0.468349,0.085426,0.108519,0.462143,0.077413,0.163159,Bellevue_150th_SE38th
10002,0.430231,0.034703,0.12651,0.475389,0.123025,-0.015596,Bellevue_150th_SE38th
10003,0.429714,0.045436,0.12723,0.477854,0.040853,0.122263,Bellevue_150th_SE38th
10004,0.41416,0.042126,0.121237,0.453222,0.025925,0.137179,Bellevue_150th_SE38th
10005,0.394907,0.047109,0.105313,0.47532,0.168077,0.12177,Bellevue_150th_SE38th
10006,0.380528,0.037192,0.104827,0.450481,0.177689,0.156776,Bellevue_150th_SE38th
10007,0.387101,0.033669,0.109974,0.335572,0.103525,0.125468,Bellevue_150th_SE38th
10008,0.431767,0.059212,0.112774,0.410316,0.186766,0.011873,Bellevue_150th_SE38th
10009,0.456053,0.056145,0.116203,0.766873,0.297886,0.184943,Bellevue_150th_SE38th
10010,0.438256,0.030262,0.142636,0.71044,0.262158,0.211958,Bellevue_150th_SE38th
10011,0.429572,0.030103,0.137176,0.535021,0.216761,0.104495,Bellevue_150th_SE38th
10012,0.402263,0.036159,0.110261,0.453695,0.111706,0.097841,Bellevue_150th_SE38th
10013,0.410251,0.056969,0.1055,0.422819,0.084987,0.112495,Bellevue_150th_SE38th
10014,0.427765,0.055813,0.109696,0.368898,0.042555,0.042874,Bellevue_150th_SE38th
10015,0.426966,0.049127,0.114346,0.544749,0.079499,0.037933,Bellevue_150th_SE38th
10016,0.431241,0.041035,0.120221,0.507774,0.067275,0.018526,Bellevue_150th_SE38th
10017,0.432592,0.028653,0.138707,0.512618,0.0893,-0.028383,Bellevue_150th_SE38th
10018,0.427588,0.036356,0.127683,0.433702,0.101998,-0.023187,Bellevue_150th_SE38th
10019,0.426138,0.032395,0.135821,0.315817,0.070407,0.011038,Bellevue_150th_SE38th
10020,0.404104,0.03959,0.113647,0.277948,0.049782,0.062127,Bellevue_150th_SE38th
10021,0.407267,0.036435,0.114327,0.448523,0.131028,0.065124,Bellevue_150th_SE38th
10022,0.440782,0.047148,0.120291,0.440258,0.146431,0.004999,Bellevue_150th_SE38th
10023,0.415893,0.028839,0.128811,0.463838,0.174175,0.011717,Bellevue_150th_SE38th
10024,0.423069,0.034223,0.130552,0.542268,0.19647,0.011081,Bellevue_150th_SE38th
10025,0.435359,0.033214,0.134828,0.601389,0.245056,0.067419,Bellevue_150th_SE38th
10026,0.438546,0.037038,0.142056,0.441365,0.080737,0.127856,Bellevue_150th_SE38th
10027,0.415443,0.045608,0.115618,0.347017,-0.014207,0.182818,Bellevue_150th_SE38th
10028,0.406469,0.044661,0.112086,0.361872,0.072035,0.018628,Bellevue_150th_SE38th
10029,0.438597,0.055634,0.116785,0.555389,0.100317,0.086152,Bellevue_150th_SE38th
10030,0.429379,0.039244,0.119156,0.583504,0.092876,0.030744,Bellevue_150th_SE38th
10031,0.424796,0.041259,0.122703,0.709273,0.115157,0.057076,Bellevue_150th_SE38th
10032,0.427379,0.031119,0.134218,0.706344,0.09987,0.018405,Bellevue_150th_SE38th
10033,0.440139,0.02827,0.143178,0.65351,0.100149,0.113839,Bellevue_150th_SE38th
10034,0.419746,0.026963,0.132499,0.636677,0.135236,0.073865,Bellevue_150th_SE38th
10035,0.418381,0.038327,0.123282,0.433103,0.088861,0.10408,Bellevue_150th_SE38th
10036,0.419159,0.051227,0.113546,0.405031,0.080762,0.075815,Bellevue_150th_SE38th
10037,0.39827,0.036084,0.114445,0.401184,0.09403,0.071002,Bellevue_150th_SE38th
10038,0.436517,0.064961,0.109683,0.447769,0.150659,-0.019171,Bellevue_150th_SE38th
10039,0.442207,0.046936,0.119483,0.687738,0.272751,0.014497,Bellevue_150th_SE38th
10040,0.429314,0.030762,0.135028,0.724378,0.264405,0.009008,Bellevue_150th_SE38th
10041,0.429407,0.029421,0.138728,0.606003,0.195648,0.027584,Bellevue_150th_SE38th
10042,0.431396,0.027834,0.13951,0.404051,0.167861,0.069155,Bellevue_150th_SE38th
10043,0.400441,0.041197,0.11118,0.233576,0.037285,0.061846,Bellevue_150th_SE38th
10044,0.407203,0.046318,0.116486,0.196158,0.078951,0.023661,Bellevue_150th_SE38th
10045,0.411795,0.035976,0.114412,0.349242,0.103251,-0.029457,Bellevue_150th_SE38th
10046,0.434351,0.047909,0.12456,0.411381,0.078441,-0.011676,Bellevue_150th_SE38th
10047,0.434434,0.031682,0.140474,0.5061,0.120772,0.058629,Bellevue_150th_SE38th
10048,0.429572,0.029358,0.139377,0.486344,0.093496,-0.003016,Bellevue_150th_SE38th
10049,0.433011,0.040301,0.12999,0.440922,0.064251,-0.046382,Bellevue_150th_SE38th
10050,0.427565,0.036306,0.122102,0.424089,0.079605,0.047648,Bellevue_150th_SE38th
10051,0.395636,0.039659,0.111189,0.382631,0.12409,0.09453,Bellevue_150th_SE38th
10052,0.3834,0.033009,0.106731,0.24399,0.056268,0.029863,Bellevue_150th_SE38th
10053,0.406,0.037501,0.109718,0.301552,0.073468,0.055944,Bellevue_150th_SE38th
10054,0.45194,0.050307,0.122278,0.366917,0.138212,-0.044043,Bellevue_150th_SE38th
10055,0.435797,0.031803,0.141683,0.418813,0.170945,-0.044427,Bellevue_150th_SE38th
10056,0.436133,0.036644,0.132434,0.499867,0.228507,0.047136,Bellevue_150th_SE38th
10057,0.434986,0.03191,0.13966,0.422982,0.109635,0.066151,Bellevue_150th_SE38th
10058,0.419675,0.0285,0.134389,0.427353,0.070861,0.064524,Bellevue_150th_SE38th
10059,0.405303,0.032592,0.111739,0.421168,0.100709,0.115102,Bellevue_150th_SE38th
10060,0.400666,0.031878,0.113206,0.346474,0.13889,0.044492,Bellevue_150th_SE38th
10061,0.442987,0.063439,0.120912,0.37438,0.184025,0.000248,Bellevue_150th_SE38th
10062,0.403832,0.03947,0.117593,0.308647,0.132099,-0.030305,Bellevue_150th_SE38th
10063,0.409723,0.033177,0.123607,0.403638,0.195275,0.011512,Bellevue_150th_SE38th
10064,0.431433,0.040865,0.128705,0.425407,0.163635,0.110004,Bellevue_150th_SE38th
10065,0.438713,0.030245,0.143176,0.409782,0.079292,0.108531,Bellevue_150th_SE38th
10066,0.424386,0.033114,0.133816,0.257269,0.011096,0.154214,Bellevue_150th_SE38th
10067,0.408565,0.041554,0.116089,0.212345,0.045737,0.018723,Bellevue_150th_SE38th
10068,0.428988,0.046018,0.120761,0.317647,0.049859,0.018951,Bellevue_150th_SE38th
10069,0.427139,0.036681,0.131141,0.497606,0.068968,0.239775,Bellevue_150th_SE38th
10070,0.425859,0.028033,0.140526,0.498461,0.117472,0.173604,Bellevue_150th_SE38th
10071,0.433852,0.031055,0.141229,0.540784,0.103668,0.15338,Bellevue_150th_SE38th
10072,0.422503,0.033929,0.124291,0.537603,0.092678,0.137699,Bellevue_150th_SE38th
10073,0.404197,0.042126,0.116137,0.435489,0.10144,0.151568,Bellevue_150th_SE38th
10074,0.394325,0.044282,0.11028,0.353784,0.048724,0.10043,Bellevue_150th_SE38th
10075,0.433258,0.062335,0.112529,0.443411,0.149983,0.097678,Bellevue_150th_SE38th
10076,0.434789,0.045703,0.1268,0.542057,0.212758,0.083993,Bellevue_150th_SE38th
10077,0.431528,0.04087,0.127185,0.647666,0.317622,0.117196,Bellevue_150th_SE38th
10078,0.433509,0.031233,0.141362,0.655674,0.216972,0.122614,Bellevue_150th_SE38th
10079,0.434673,0.033636,0.133395,0.688744,0.244664,0.136251,Bellevue_150th_SE38th
10080,0.436084,0.031463,0.142954,0.440257,0.113788,0.081451,Bellevue_150th_SE38th
10081,0.441356,0.055296,0.124528,0.328123,0.068072,0.069977,Bellevue_150th_SE38th
10082,0.405048,0.052747,0.107771,0.30541,0.038476,0.072867,Bellevue_150th_SE38th
10083,0.389185,0.04003,0.107644,0.32866,0.084837,0.032468,Bellevue_150th_SE38th
10084,0.402717,0.036281,0.116135,0.348967,0.054656,-0.007721,Bellevue_150th_SE38th
10085,0.428738,0.040108,0.129265,0.427644,0.078819,0.012608,Bellevue_150th_SE38th
10086,0.436067,0.032287,0.139383,0.481254,0.100233,0.054011,Bellevue_150th_SE38th
10087,0.424129,0.040139,0.127874,0.424968,0.105255,0.058839,Bellevue_150th_SE38th
10088,0.431886,0.045644,0.128825,0.36845,0.067708,0.063559,Bellevue_150th_SE38th
10089,0.400314,0.045985,0.10915,0.405094,0.026683,0.113308,Bellevue_150th_SE38th
10090,0.396376,0.033921,0.111638,0.315083,0.078153,0.061336,Bellevue_150th_SE38th
10091,0.413436,0.051638,0.111412,0.427426,0.125544,0.03492,Bellevue_150th_SE38th
10092,0.451073,0.05457,0.121456,0.659306,0.216231,0.133229,Bellevue_150th_SE38th
10093,0.430075,0.025494,0.14169,0.599768,0.194478,0.119819,Bellevue_150th_SE38th
10094,0.423976,0.024907,0.137843,0.615584,0.187561,0.082063,Bellevue_150th_SE38th
10095,0.43207,0.040395,0.130535,0.615116,0.233952,0.111123,Bellevue_150th_SE38th
10096,0.430336,0.045868,0.129579,0.353967,0.082528,0.038816,Bellevue_150th_SE38th
10097,0.419723,0.052785,0.114198,0.281313,-0.017225,0.070678,Bellevue_150th_SE38th
10098,0.389565,0.030269,0.112598,0.336296,0.065029,0.024593,Bellevue_150th_SE38th
10099,0.453153,0.069498,0.118064,0.349383,0.078093,0.007078,Bellevue_150th_SE38th
10100,0.441807,0.033422,0.1431,0.419252,0.073908,-0.001981,Bellevue_150th_SE38th
10101,0.42993,0.028566,0.141385,0.45323,0.121975,0.049938,Bellevue_150th_SE38th
10102,0.448697,0.035502,0.139167,0.553218,0.25503,0.019376,Bellevue_150th_SE38th
10103,0.440134,0.033696,0.141734,0.46208,0.159157,0.029404,Bellevue_150th_SE38th
10104,0.407731,0.043555,0.114967,0.450659,0.110483,0.012954,Bellevue_150th_SE38th
10105,0.396508,0.042135,0.108348,0.410415,0.122519,-0.003869,Bellevue_150th_SE38th
10106,0.403848,0.041222,0.111828,0.30475,0.086662,0.044727,Bellevue_150th_SE38th
10107,0.444037,0.065015,0.112285,0.428048,0.070482,0.114333,Bellevue_150th_SE38th
10108,0.423998,0.036544,0.121796,0.499552,0.166,0.027932,Bellevue_150th_SE38th
10109,0.423104,0.038086,0.126902,0.344922,0.17343,0.004027,Bellevue_150th_SE38th
10110,0.419646,0.042686,0.125626,0.357685,0.058989,0.040752,Bellevue_150th_SE38th
10111,0.405341,0.041587,0.113763,0.299047,0.060705,0.029645,Bellevue_150th_SE38th
10112,0.425346,0.05551,0.110601,0.357465,0.11201,-0.063366,Bellevue_150th_SE38th
10113,0.429546,0.039325,0.126287,0.4042,0.076975,-0.00674,Bellevue_150th_SE38th
10114,0.430826,0.037949,0.134059,0.368883,0.079754,0.03115,Bellevue_150th_SE38th
10115,0.429911,0.030139,0.140631,0.521935,0.241562,0.022587,Bellevue_150th_SE38th
10116,0.405398,0.038506,0.118988,0.53627,0.11236,0.225652,Bellevue_150th_SE38th
10117,0.405883,0.035402,0.11867,0.542996,0.030202,0.274441,Bellevue_150th_SE38th
10118,0.387944,0.0335,0.107897,0.287467,0.113696,0.00081,Bellevue_150th_SE38th
10119,0.432108,0.044195,0.112977,0.363297,0.08541,-0.030367,Bellevue_150th_SE38th
10120,0.432319,0.040782,0.128862,0.49975,0.169027,-0.032009,Bellevue_150th_SE38th
10121,0.430059,0.027156,0.141688,0.401635,0.10175,0.016204,Bellevue_150th_SE38th
10122,0.422294,0.032568,0.132779,0.384997,0.109716,0.060876,Bellevue_150th_SE38th
10123,0.413129,0.034294,0.122242,0.337973,0.083189,0.076735,Bellevue_150th_SE38th
10124,0.407963,0.036216,0.118514,0.359918,0.121717,-0.033462,Bellevue_150th_SE38th
10125,0.454547,0.043358,0.126846,0.428204,0.178537,-0.024113,Bellevue_150th_SE38th
10126,0.42378,0.032584,0.123998,0.59701,0.245972,0.021912,Bellevue_150th_SE38th
10127,0.41898,0.030135,0.127253,0.561858,0.205405,-0.050162,Bellevue_150th_SE38th
10128,0.424409,0.029242,0.137263,0.520812,0.254588,-0.039337,Bellevue_150th_SE38th
10129,0.408853,0.030352,0.122951,0.427796,0.106675,0.061048,Bellevue_150th_SE38th
10130,0.42289,0.051411,0.110602,0.385524,0.11325,0.03856,Bellevue_150th_SE38th
10131,0.40963,0.040418,0.118857,0.378264,0.080101,0.014528,Bellevue_150th_SE38th
10132,0.450982,0.052468,0.114471,0.49231,0.053294,0.056483,Bellevue_150th_SE38th
10133,0.427726,0.037038,0.130409,0.564472,0.115789,0.103335,Bellevue_150th_SE38th
10134,0.431438,0.034194,0.135357,0.41878,0.052216,0.127999,Bellevue_150th_SE38th
10135,0.437042,0.03696,0.139211,0.245284,0.019712,-0.000244,Bellevue_150th_SE38th
10136,0.408982,0.031361,0.118971,0.249922,0.026641,0.019209,Bellevue_150th_SE38th
10137,0.409711,0.033229,0.115689,0.395141,0.071346,0.00312,Bellevue_150th_SE38th
10138,0.432893,0.042296,0.129857,0.508758,0.161022,0.025119,Bellevue_150th_SE38th
10139,0.430079,0.027483,0.140173,0.374119,0.116343,-0.072371,Bellevue_150th_SE38th
10140,0.427001,0.034004,0.128627,0.441062,0.120504,-0.030346,Bellevue_150th_SE38th
10141,0.422209,0.03174,0.128406,0.566651,0.227773,-0.019736,Bellevue_150th_SE38th
10142,0.426309,0.032837,0.131032,0.503312,0.147101,-0.002829,Bellevue_150th_SE38th
10143,0.420394,0.047407,0.114756,0.45182,0.169196,-0.028675,Bellevue_150th_SE38th
10144,0.410202,0.037548,0.121714,0.389169,0.029145,0.008294,Bellevue_150th_SE38th
10145,0.41647,0.039033,0.119925,0.344134,0.03651,0.053893,Bellevue_150th_SE38th
10146,0.435652,0.051176,0.116466,0.364171,0.074111,-0.023342,Bellevue_150th_SE38th
10147,0.450483,0.040343,0.121984,0.553192,0.13358,0.041354,Bellevue_150th_SE38th
10148,0.422177,0.03293,0.130093,0.41709,0.08897,0.004008,Bellevue_150th_SE38th
10149,0.408265,0.040267,0.11859,0.376565,0.115141,0.023218,Bellevue_150th_SE38th
10150,0.397241,0.025129,0.109701,0.302869,0.070878,0.017776,Bellevue_150th_SE38th
10151,0.431395,0.039138,0.116864,0.518366,0.093864,0.001482,Bellevue_150th_SE38th
10152,0.426215,0.03119,0.129116,0.410248,0.077659,0.042326,Bellevue_150th_SE38th
10153,0.418134,0.031151,0.126685,0.343329,0.070825,-0.01415,Bellevue_150th_SE38th
10154,0.42232,0.033504,0.130807,0.378326,0.097172,-0.008535,Bellevue_150th_SE38th
10155,0.419947,0.034242,0.127322,0.458265,0.104145,0.09541,Bellevue_150th_SE38th
10156,0.42511,0.031804,0.129592,0.267115,0.110783,0.064109,Bellevue_150th_SE38th
10157,0.413056,0.03825,0.124362,0.273063,0.070888,0.071539,Bellevue_150th_SE38th
10158,0.398763,0.026736,0.118253,0.326282,0.144935,-0.012199,Bellevue_150th_SE38th
10159,0.429237,0.039334,0.128808,0.346139,0.074836,-0.003174,Bellevue_150th_SE38th
10160,0.422608,0.032472,0.125763,0.361872,0.10996,0.035792,Bellevue_150th_SE38th
10161,0.421784,0.028818,0.120454,0.377025,0.139265,0.001139,Bellevue_150th_SE38th
10162,0.427668,0.036443,0.121315,0.408332,0.131426,-0.003318,Bellevue_150th_SE38th
10163,0.422475,0.038364,0.127594,0.393789,0.106497,0.077992,Bellevue_150th_SE38th
10164,0.410571,0.044866,0.111458,0.399144,0.083222,0.118033,Bellevue_150th_SE38th
10165,0.415006,0.03404,0.111366,0.381573,0.107207,0.113594,Bellevue_150th_SE38th
10166,0.413074,0.024592,0.115982,0.37801,0.093318,0.081335,Bellevue_150th_SE38th
10167,0.428747,0.033415,0.122884,0.39186,0.134256,0.044819,Bellevue_150th_SE38th
10168,0.424576,0.034307,0.128435,0.396448,0.131747,0.036483,Bellevue_150th_SE38th
10169,0.424861,0.029141,0.129607,0.309107,0.096478,0.023164,Bellevue_150th_SE38th
10170,0.428607,0.032185,0.118366,0.323069,0.120418,0.050444,Bellevue_150th_SE38th
10171,0.4314,0.036048,0.128187,0.3985,0.183702,0.019097,Bellevue_150th_SE38th
10172,0.413356,0.036585,0.117409,0.398476,0.127161,0.052554,Bellevue_150th_SE38th
10173,0.411443,0.040201,0.121771,0.508992,0.271297,-0.001596,Bellevue_150th_SE38th
10174,0.402632,0.02867,0.119928,0.361574,0.099975,-0.039971,Bellevue_150th_SE38th
10175,0.427008,0.036042,0.129721,0.438074,0.074816,-0.022359,Bellevue_150th_SE38th
10176,0.422155,0.036057,0.128526,0.411956,0.068803,0.048652,Bellevue_150th_SE38th
10177,0.433618,0.032492,0.136888,0.35977,0.037484,0.074402,Bellevue_150th_SE38th
10178,0.439006,0.031092,0.122208,0.371324,0.069608,0.067631,Bellevue_150th_SE38th
10179,0.41275,0.037291,0.119884,0.378886,0.130404,0.077471,Bellevue_150th_SE38th
10180,0.405244,0.034892,0.113074,0.313891,0.111645,0.033885,Bellevue_150th_SE38th
10181,0.446874,0.046235,0.111035,0.463135,0.119791,0.02265,Bellevue_150th_SE38th
10182,0.424327,0.033032,0.129076,0.41983,0.069382,0.047076,Bellevue_150th_SE38th
10183,0.420727,0.032799,0.128014,0.452938,0.022851,0.008928,Bellevue_150th_SE38th
10184,0.411298,0.030368,0.128322,0.415878,0.068304,0.037819,Bellevue_150th_SE38th
10185,0.408851,0.038718,0.117661,0.313935,0.041406,0.093352,Bellevue_150th_SE38th
10186,0.400628,0.032544,0.117951,0.439986,0.073981,0.126699,Bellevue_150th_SE38th
10187,0.398261,0.025321,0.115267,0.38613,0.084486,0.074537,Bellevue_150th_SE38th
10188,0.429112,0.03365,0.127938,0.364243,0.096912,0.063237,Bellevue_150th_SE38th
10189,0.430288,0.034335,0.127306,0.459599,0.094696,0.146912,Bellevue_150th_SE38th
10190,0.419634,0.030696,0.127885,0.539421,0.120636,0.083999,Bellevue_150th_SE38th
10191,0.425006,0.032243,0.129525,0.547563,0.186025,0.003798,Bellevue_150th_SE38th
10192,0.430525,0.028352,0.130963,0.452099,0.080045,0.044965,Bellevue_150th_SE38th
10193,0.40743,0.03331,0.119637,0.263248,0.082456,0.028315,Bellevue_150th_SE38th
10194,0.398917,0.038455,0.110288,0.1538,0.037472,0.021998,Bellevue_150th_SE38th
10195,0.418582,0.031048,0.112724,0.258121,0.035448,0.044456,Bellevue_150th_SE38th
10196,0.428508,0.034383,0.12248,0.392792,0.110309,0.032506,Bellevue_150th_SE38th
10197,0.414364,0.034247,0.123763,0.43639,0.109236,0.124721,Bellevue_150th_SE38th
10198,0.423203,0.032494,0.123103,0.502192,0.196299,0.119777,Bellevue_150th_SE38th
10199,0.42551,0.032836,0.125146,0.492506,0.05488,0.135791,Bellevue_150th_SE38th
10200,0.400484,0.029961,0.116873,0.437859,0.015708,0.159948,Bellevue_150th_SE38th
10201,0.391208,0.025391,0.110891,0.394671,0.028658,0.133972,Bellevue_150th_SE38th
10202,0.411724,0.040228,0.108814,0.375336,0.088967,0.020296,Bellevue_150th_SE38th
10203,0.42948,0.034287,0.119979,0.711722,0.149005,0.092641,Bellevue_150th_SE38th
10204,0.411789,0.023461,0.124657,0.716562,0.093501,0.125194,Bellevue_150th_SE38th
10205,0.418974,0.029472,0.126534,0.654208,0.041235,0.103155,Bellevue_150th_SE38th
10206,0.421537,0.028184,0.120903,0.57143,0.002953,0.127155,Bellevue_150th_SE38th
10207,0.39553,0.029744,0.118812,0.362311,0.003493,0.118798,Bellevue_150th_SE38th
10208,0.392861,0.029796,0.112081,0.30692,0.020629,0.095731,Bellevue_150th_SE38th
10209,0.391036,0.027187,0.110248,0.347679,0.0645,0.010027,Bellevue_150th_SE38th
10210,0.437423,0.039513,0.123303,0.375546,0.050412,-0.007853,Bellevue_150th_SE38th
10211,0.417132,0.02897,0.122715,0.445743,0.07697,0.070828,Bellevue_150th_SE38th
10212,0.41797,0.024772,0.1248,0.434392,0.06591,0.051714,Bellevue_150th_SE38th
10213,0.423406,0.031692,0.121887,0.349131,0.06698,0.039009,Bellevue_150th_SE38th
10214,0.400839,0.034481,0.114115,0.337592,0.062461,0.034594,Bellevue_150th_SE38th
10215,0.401619,0.029317,0.108459,0.274519,0.040583,0.010473,Bellevue_150th_SE38th
10216,0.425323,0.053256,0.106108,0.316919,0.077215,-0.01823,Bellevue_150th_SE38th
10217,0.444476,0.039751,0.117257,0.440845,0.088169,0.000377,Bellevue_150th_SE38th
10218,0.428293,0.032376,0.126073,0.452795,0.0968,0.024276,Bellevue_150th_SE38th
10219,0.43219,0.0386,0.133566,0.38959,0.203687,-0.056124,Bellevue_150th_SE38th
10220,0.433964,0.040983,0.132082,0.308079,0.09615,-0.000526,Bellevue_150th_SE38th
10221,0.407062,0.031085,0.119502,0.33665,0.074278,0.057665,Bellevue_150th_SE38th
10222,0.422751,0.032001,0.116247,0.355759,0.105973,-0.018032,Bellevue_150th_SE38th
10223,0.426144,0.029836,0.118374,0.296024,0.120383,-0.001095,Bellevue_150th_SE38th
10224,0.421901,0.029878,0.123644,0.47888,0.215406,0.015644,Bellevue_150th_SE38th
10225,0.422581,0.030745,0.128257,0.509026,0.237047,0.078048,Bellevue_150th_SE38th
10226,0.430541,0.028182,0.128384,0.36183,0.119715,0.062253,Bellevue_150th_SE38th
10227,0.414032,0.032232,0.117961,0.288819,0.083053,0.055831,Bellevue_150th_SE38th
10228,0.418736,0.030246,0.118676,0.313873,0.159425,0.033854,Bellevue_150th_SE38th
10229,0.411127,0.024028,0.117662,0.384442,0.125146,0.065703,Bellevue_150th_SE38th
10230,0.433136,0.02845,0.119036,0.413499,0.172244,0.015625,Bellevue_150th_SE38th
10231,0.420724,0.028066,0.122939,0.384498,0.173986,0.005317,Bellevue_150th_SE38th
10232,0.418066,0.026765,0.12226,0.49616,0.225591,0.062726,Bellevue_150th_SE38th
10233,0.422333,0.026333,0.12611,0.365635,0.164529,0.0019,Bellevue_150th_SE38th
10234,0.434988,0.044919,0.119482,0.267137,0.081359,0.01644,Bellevue_150th_SE38th
10235,0.420219,0.03425,0.123799,0.286007,0.069792,-0.019247,Bellevue_150th_SE38th
10236,0.43522,0.037264,0.126827,0.384357,0.102025,0.003124,Bellevue_150th_SE38th
10237,0.439696,0.035513,0.124724,0.523754,0.210404,-0.075572,Bellevue_150th_SE38th
10238,0.425165,0.027051,0.125975,0.531906,0.19503,-0.059933,Bellevue_150th_SE38th
10239,0.412922,0.026952,0.122664,0.559765,0.202346,-0.048767,Bellevue_150th_SE38th
10240,0.427435,0.020869,0.123239,0.474339,0.205401,-0.068265,Bellevue_150th_SE38th
10241,0.424948,0.026248,0.12344,0.449203,0.200585,-0.051121,Bellevue_150th_SE38th
10242,0.422403,0.029571,0.124007,0.32101,0.021583,0.104966,Bellevue_150th_SE38th
10243,0.406938,0.028242,0.113083,0.213359,-0.010857,0.105184,Bellevue_150th_SE38th
10244,0.38565,0.013981,0.111966,0.333808,0.088938,0.016256,Bellevue_150th_SE38th
10245,0.434532,0.041504,0.120575,0.278873,0.035625,0.066822,Bellevue_150th_SE38th
10246,0.416567,0.024676,0.119834,0.392988,0.069963,-0.004544,Bellevue_150th_SE38th
10247,0.419848,0.023098,0.124148,0.460018,0.086343,-0.007414,Bellevue_150th_SE38th
10248,0.414494,0.030741,0.120023,0.37454,0.092578,0.042739,Bellevue_150th_SE38th
10249,0.408044,0.027036,0.11982,0.411776,0.058973,0.01652,Bellevue_150th_SE38th
10250,0.420664,0.034207,0.121781,0.608971,0.069857,0.013062,Bellevue_150th_SE38th
10251,0.419465,0.022327,0.122909,0.616154,0.092816,0.015831,Bellevue_150th_SE38th
10252,0.433696,0.033357,0.128974,0.569685,0.15116,-0.059433,Bellevue_150th_SE38th
10253,0.421734,0.023212,0.123681,0.571131,0.16268,0.013884,Bellevue_150th_SE38th
10254,0.411061,0.019176,0.121484,0.45739,0.154546,0.004492,Bellevue_150th_SE38th
10255,0.424919,0.022172,0.117152,0.508577,0.142484,0.01494,Bellevue_150th_SE38th
10256,0.406855,0.020479,0.115957,0.444318,0.143025,-0.01712,Bellevue_150th_SE38th
10257,0.412121,0.036221,0.113922,0.380197,0.104162,0.022365,Bellevue_150th_SE38th
10258,0.405258,0.031378,0.106857,0.333216,0.085569,0.028113,Bellevue_150th_SE38th
10259,0.430801,0.040434,0.1114,0.425726,0.082029,-0.021074,Bellevue_150th_SE38th
10260,0.422049,0.035081,0.124393,0.492223,0.094991,-0.027668,Bellevue_150th_SE38th
10261,0.417399,0.028629,0.125202,0.538201,0.087628,0.022101,Bellevue_150th_SE38th
10262,0.424268,0.033202,0.127563,0.467082,0.091537,0.01762,Bellevue_150th_SE38th
10263,0.422661,0.029822,0.125066,0.501214,0.074611,0.074479,Bellevue_150th_SE38th
10264,0.399821,0.030721,0.111836,0.344721,0.058144,0.044482,Bellevue_150th_SE38th
10265,0.376244,0.01347,0.106934,0.39133,0.091054,-0.01043,Bellevue_150th_SE38th
10266,0.451356,0.053895,0.111307,0.446067,0.101079,0.041571,Bellevue_150th_SE38th
10267,0.429375,0.028711,0.125594,0.467352,0.197638,0.032582,Bellevue_150th_SE38th
10268,0.439966,0.037337,0.125536,0.471096,0.20623,0.021742,Bellevue_150th_SE38th
10269,0.423666,0.026416,0.123197,0.369063,0.171475,-0.015053,Bellevue_150th_SE38th
10270,0.418168,0.036382,0.120604,0.256252,0.083801,0.027912,Bellevue_150th_SE38th
10271,0.424157,0.042672,0.107345,0.383076,0.102247,0.007016,Bellevue_150th_SE38th
10272,0.423852,0.032144,0.117172,0.519829,0.150626,0.108359,Bellevue_150th_SE38th
10273,0.423019,0.020118,0.116931,0.50275,0.183589,0.062362,Bellevue_150th_SE38th
10274,0.422581,0.029571,0.125839,0.465229,0.169853,0.016134,Bellevue_150th_SE38th
10275,0.437715,0.030356,0.123683,0.478371,0.181739,-0.04709,Bellevue_150th_SE38th
10276,0.427299,0.019803,0.121008,0.473703,0.204668,0.002406,Bellevue_150th_SE38th
10277,0.422762,0.026227,0.121072,0.482045,0.260179,-0.086348,Bellevue_150th_SE38th
10278,0.405411,0.027509,0.119722,0.322259,0.096936,0.012319,Bellevue_150th_SE38th
10279,0.413696,0.041439,0.105683,0.312677,0.130365,0.018147,Bellevue_150th_SE38th
10280,0.397864,0.03195,0.107819,0.347072,0.111288,0.034442,Bellevue_150th_SE38th
10281,0.436724,0.047547,0.110648,0.417188,0.11691,-0.033086,Bellevue_150th_SE38th
10282,0.436643,0.029184,0.117672,0.458547,0.071664,0.0047,Bellevue_150th_SE38th
10283,0.420943,0.023388,0.116408,0.314453,0.087599,0.005995,Bellevue_150th_SE38th
10284,0.419491,0.027749,0.122382,0.315625,0.083451,0.028192,Bellevue_150th_SE38th
10285,0.40393,0.023187,0.112851,0.266171,0.084969,-0.002921,Bellevue_150th_SE38th
10286,0.394919,0.023844,0.11441,0.205691,0.015328,0.02589,Bellevue_150th_SE38th
10287,0.41081,0.02102,0.118077,0.325998,0.068941,0.030921,Bellevue_150th_SE38th
10288,0.4239,0.030279,0.1186,0.538982,0.183679,0.030138,Bellevue_150th_SE38th
10289,0.432551,0.032284,0.126719,0.6619,0.33159,0.095008,Bellevue_150th_SE38th
10290,0.423622,0.028278,0.125195,0.608439,0.293075,0.120622,Bellevue_150th_SE38th
10291,0.428336,0.031194,0.120109,0.526527,0.215775,0.074144,Bellevue_150th_SE38th
10292,0.406066,0.02638,0.112642,0.441979,0.040914,0.046329,Bellevue_150th_SE38th
10293,0.395146,0.020786,0.109618,0.442629,0.00445,0.060198,Bellevue_150th_SE38th
10294,0.413606,0.029272,0.119494,0.332247,0.039262,0.068461,Bellevue_150th_SE38th
10295,0.431809,0.039836,0.111197,0.421404,0.089881,-0.005708,Bellevue_150th_SE38th
10296,0.417622,0.021338,0.121713,0.410331,0.147146,-0.001923,Bellevue_150th_SE38th
10297,0.42636,0.027144,0.125676,0.47576,0.188964,0.021561,Bellevue_150th_SE38th
10298,0.414041,0.021887,0.121624,0.417531,0.024346,0.115506,Bellevue_150th_SE38th
10299,0.41188,0.034583,0.109093,0.383333,0.008582,0.164932,Bellevue_150th_SE38th
10300,0.411382,0.029923,0.119198,0.383354,0.07665,0.068847,Bellevue_150th_SE38th
10301,0.449459,0.036117,0.107353,0.473584,0.170745,0.085958,Bellevue_150th_SE38th
10302,0.432919,0.032094,0.124881,0.632822,0.383048,0.071015,Bellevue_150th_SE38th
10303,0.420708,0.020299,0.120378,0.585993,0.320253,0.123583,Bellevue_150th_SE38th
10304,0.433525,0.027648,0.124116,0.539566,0.246371,0.099297,Bellevue_150th_SE38th
10305,0.413336,0.028641,0.118717,0.354595,0.143644,0.021538,Bellevue_150th_SE38th
10306,0.417227,0.045305,0.112303,0.407375,0.151807,0.021972,Bellevue_150th_SE38th
10307,0.405884,0.02724,0.109759,0.451371,0.168944,0.031872,Bellevue_150th_SE38th
10308,0.440887,0.047939,0.113421,0.521499,0.15789,-0.017088,Bellevue_150th_SE38th
10309,0.433554,0.029953,0.123984,0.513193,0.206337,0.017752,Bellevue_150th_SE38th
10310,0.429619,0.024036,0.121896,0.435694,0.159423,0.102404,Bellevue_150th_SE38th
10311,0.436946,0.027395,0.124406,0.45982,0.079824,0.17645,Bellevue_150th_SE38th
10312,0.422548,0.026589,0.121333,0.349167,0.006844,0.178015,Bellevue_150th_SE38th
10313,0.431636,0.034113,0.115625,0.438837,0.089802,0.099919,Bellevue_150th_SE38th
10314,0.4096,0.025662,0.10703,0.29991,0.087557,0.03287,Bellevue_150th_SE38th
10315,0.40733,0.022167,0.11279,0.422295,0.147004,0.024101,Bellevue_150th_SE38th
10316,0.424388,0.02484,0.110682,0.407901,0.071667,0.016083,Bellevue_150th_SE38th
10317,0.429135,0.032693,0.117226,0.475375,0.087313,0.073794,Bellevue_150th_SE38th
10318,0.428255,0.022832,0.120769,0.432487,0.14493,0.028878,Bellevue_150th_SE38th
10319,0.430306,0.019216,0.116503,0.491212,0.19857,-0.027203,Bellevue_150th_SE38th
10320,0.42495,0.024746,0.118011,0.44902,0.192968,0.02267,Bellevue_150th_SE38th
10321,0.421381,0.049046,0.106578,0.404422,0.14398,0.012445,Bellevue_150th_SE38th
10322,0.411556,0.034248,0.106141,0.337572,0.071129,0.04686,Bellevue_150th_SE38th
10323,0.451523,0.039681,0.112873,0.528279,0.273682,-0.001105,Bellevue_150th_SE38th
10324,0.429986,0.024661,0.119076,0.649477,0.303198,0.096164,Bellevue_150th_SE38th
10325,0.41889,0.019855,0.116506,0.658414,0.27555,0.150544,Bellevue_150th_SE38th
10326,0.426495,0.016212,0.115317,0.592289,0.216897,0.123543,Bellevue_150th_SE38th
10327,0.426797,0.019201,0.111678,0.349687,0.117672,0.016406,Bellevue_150th_SE38th
10328,0.42698,0.032033,0.112487,0.325857,0.076909,0.071979,Bellevue_150th_SE38th
10329,0.427368,0.032394,0.111606,0.395622,0.055295,0.031273,Bellevue_150th_SE38th
10330,0.422046,0.019419,0.115088,0.396406,0.066479,0.069243,Bellevue_150th_SE38th
10331,0.414542,0.019375,0.116356,0.427166,-0.003227,0.11451,Bellevue_150th_SE38th
10332,0.427759,0.020134,0.1167,0.409696,-0.021991,0.157069,Bellevue_150th_SE38th
10333,0.424021,0.017273,0.113514,0.532277,0.094098,0.145302,Bellevue_150th_SE38th
10334,0.419935,0.019635,0.119405,0.389829,0.058338,0.080559,Bellevue_150th_SE38th
10335,0.409467,0.030344,0.109237,0.374041,0.078404,0.044023,Bellevue_150th_SE38th
10336,0.402112,0.022344,0.110708,0.30439,0.074131,0.038171,Bellevue_150th_SE38th
10337,0.424295,0.029793,0.112006,0.273384,0.080378,-0.000284,Bellevue_150th_SE38th
10338,0.411886,0.022504,0.114717,0.449496,0.21902,0.025317,Bellevue_150th_SE38th
10339,0.473061,0.020364,0.106406,0.533555,0.266369,-0.019346,Bellevue_150th_SE38th
10340,0.409572,0.018706,0.12095,0.562571,0.260071,-0.017077,Bellevue_150th_SE38th
10341,0.428768,0.016568,0.118909,0.480976,0.233276,-0.024064,Bellevue_150th_SE38th
10342,0.409381,0.022374,0.118235,0.36631,0.127857,0.02574,Bellevue_150th_SE38th
10343,0.404573,0.027541,0.10924,0.438339,0.224515,0.011833,Bellevue_150th_SE38th
10344,0.419016,0.026906,0.114768,0.541726,0.248928,0.035788,Bellevue_150th_SE38th
10345,0.422956,0.019745,0.121831,0.599471,0.289125,0.068972,Bellevue_150th_SE38th
10346,0.417281,0.020929,0.115188,0.700173,0.336185,0.127961,Bellevue_150th_SE38th
10347,0.423034,0.017116,0.117032,0.658878,0.286557,0.105512,Bellevue_150th_SE38th
10348,0.419687,0.020598,0.117402,0.638165,0.260637,0.096368,Bellevue_150th_SE38th
10349,0.417324,0.022185,0.113458,0.585491,0.183444,0.112834,Bellevue_150th_SE38th
10350,0.400765,0.016865,0.112144,0.38763,0.080308,0.074641,Bellevue_150th_SE38th
10351,0.396204,0.02883,0.103416,0.37603,0.083945,0.08868,Bellevue_150th_SE38th
10352,0.408454,0.031473,0.104475,0.410584,0.063481,0.104054,Bellevue_150th_SE38th
10353,0.453983,0.064457,0.106375,0.28,0.0,0.04,Bellevue_150th_SE38th
10354,0.359626,-0.024494,0.062891,0.3356,0.027366,0.053116,Bellevue_150th_SE38th
10355,0.430373,0.011114,0.095495,0.565098,0.128673,0.136888,Bellevue_150th_SE38th
10356,0.416091,0.014158,0.116353,0.569377,0.169124,0.093164,Bellevue_150th_SE38th
10357,0.403643,0.011797,0.113285,0.529312,0.149158,0.091721,Bellevue_150th_SE38th
10358,0.417882,0.02223,0.119014,0.441644,0.078955,0.050237,Bellevue_150th_SE38th
10359,0.424785,0.03558,0.110385,0.342956,-0.006009,0.026373,Bellevue_150th_SE38th
10360,0.400643,0.020382,0.109729,0.279804,0.046195,0.04998,Bellevue_150th_SE38th
10361,0.433519,0.041178,0.109967,0.363797,0.053041,0.051486,Bellevue_150th_SE38th
10362,0.455186,0.041301,0.123444,0.533827,0.195564,0.001455,Bellevue_150th_SE38th
10363,0.421561,0.022074,0.122166,0.538705,0.212285,0.045084,Bellevue_150th_SE38th
10364,0.431162,0.018315,0.121261,0.593014,0.309817,0.016961,Bellevue_150th_SE38th
10365,0.413054,0.014015,0.116227,0.508272,0.179425,0.036853,Bellevue_150th_SE38th
10366,0.422829,0.035017,0.110318,0.35858,0.049354,0.095266,Bellevue_150th_SE38th
10367,0.398149,0.030227,0.110274,0.431302,0.140272,0.094879,Bellevue_150th_SE38th
10368,0.380728,0.020407,0.107104,0.378446,0.060565,-0.007228,Bellevue_150th_SE38th
10369,0.438445,0.033961,0.118738,0.45836,0.095244,0.018254,Bellevue_150th_SE38th
10370,0.430028,0.024838,0.11488,0.41935,0.07267,0.039407,Bellevue_150th_SE38th
10371,0.424529,0.016006,0.111872,0.393271,0.121041,0.002247,Bellevue_150th_SE38th
10372,0.426134,0.017203,0.111893,0.372591,0.127382,-0.005508,Bellevue_150th_SE38th
10373,0.409787,0.021534,0.106355,0.333151,0.084884,0.012595,Bellevue_150th_SE38th
10374,0.401758,0.020252,0.107372,0.379064,0.04049,0.046286,Bellevue_150th_SE38th
10375,0.41311,0.032994,0.110213,0.458701,0.052476,0.012142,Bellevue_150th_SE38th
10376,0.438783,0.021236,0.111441,0.530444,0.137319,0.065573,Bellevue_150th_SE38th
10377,0.455738,0.058336,0.109551,0.503874,0.247244,0.031714,Bellevue_150th_SE38th
10378,0.423484,0.028222,0.113492,0.515199,0.264249,-0.000792,Bellevue_150th_SE38th
10379,0.428059,0.026258,0.112153,0.535847,0.258144,0.04423,Bellevue_150th_SE38th
10380,0.428745,0.02711,0.116094,0.513674,0.199932,0.12242,Bellevue_150th_SE38th
10381,0.411991,0.031619,0.112388,0.396321,0.064365,0.166283,Bellevue_150th_SE38th
10382,0.427976,0.053186,0.106884,0.439019,0.106457,0.148321,Bellevue_150th_SE38th
10383,0.404497,0.033729,0.105729,0.386257,0.133238,0.103586,Bellevue_150th_SE38th
10384,0.457356,0.07398,0.101567,0.387058,0.19615,0.047737,Bellevue_150th_SE38th
10385,0.444872,0.060502,0.106356,0.337077,0.10934,-0.010539,Bellevue_150th_SE38th
10386,0.44188,0.049536,0.111003,0.395163,0.112949,-0.044161,Bellevue_150th_SE38th
10387,0.429108,0.02454,0.114152,0.401661,0.122985,-0.028345,Bellevue_150th_SE38th
10388,0.434343,0.041518,0.109542,0.456767,0.149677,0.057084,Bellevue_150th_SE38th
10389,0.44167,0.048382,0.108321,0.284928,0.040295,0.010864,Bellevue_150th_SE38th
10390,0.44191,0.032571,0.109211,0.3576,-0.012953,0.102898,Bellevue_150th_SE38th
10391,0.450075,0.032048,0.107459,0.47463,0.187939,0.065364,Bellevue_150th_SE38th
10392,0.463738,0.047373,0.107845,0.68396,0.429574,0.049875,Bellevue_150th_SE38th
10393,0.445633,0.011022,0.090052,0.544232,0.228836,0.012949,Bellevue_150th_SE38th
10394,0.42126,0.019322,0.110833,0.520931,0.219857,0.032309,Bellevue_150th_SE38th
10395,0.417274,0.020446,0.108267,0.474495,0.2154,0.039145,Bellevue_150th_SE38th
10396,0.460385,0.073979,0.110277,0.432552,0.223327,0.065583,Bellevue_150th_SE38th
10397,0.427739,0.055963,0.106105,0.600425,0.23466,0.07619,Bellevue_150th_SE38th
10398,0.415033,0.038544,0.099818,0.56604,0.16353,0.111466,Bellevue_150th_SE38th
10399,0.411056,0.029252,0.105965,0.412815,0.082086,0.033581,Bellevue_150th_SE38th
10400,0.424068,0.021415,0.110528,0.435923,0.088121,-0.008266,Bellevue_150th_SE38th
10401,0.441089,0.018284,0.110054,0.417057,0.188876,-0.024996,Bellevue_150th_SE38th
10402,0.438934,0.029444,0.110927,0.32663,0.121078,-0.010983,Bellevue_150th_SE38th
10403,0.421826,0.040919,0.105874,0.403588,0.096391,0.004317,Bellevue_150th_SE38th
10404,0.411356,0.024857,0.103671,0.331694,0.071438,0.019965,Bellevue_150th_SE38th
10405,0.45959,0.053006,0.106096,0.541891,0.263075,0.027305,Bellevue_150th_SE38th
10406,0.427406,0.018511,0.114475,0.681124,0.293505,0.134405,Bellevue_150th_SE38th
10407,0.431884,0.009883,0.106271,0.625892,0.309908,0.090258,Bellevue_150th_SE38th
10408,0.447015,0.028263,0.111181,0.747145,0.501557,0.001449,Bellevue_150th_SE38th
10409,0.416062,0.018123,0.111488,0.464624,0.19753,0.028245,Bellevue_150th_SE38th
10410,0.454957,0.039012,0.103257,0.488453,0.129495,0.050283,Bellevue_150th_SE38th
10411,0.411618,0.028491,0.109723,0.466158,0.129384,0.076626,Bellevue_150th_SE38th
10412,0.457635,0.040915,0.111376,0.501634,0.108346,0.046352,Bellevue_150th_SE38th
10413,0.441194,0.031379,0.110445,0.54325,0.06997,0.014557,Bellevue_150th_SE38th
10414,0.426869,0.032395,0.109194,0.51351,0.040039,0.056792,Bellevue_150th_SE38th
10415,0.426339,0.017573,0.11065,0.491683,0.123616,0.078528,Bellevue_150th_SE38th
10416,0.433147,0.02376,0.114522,0.430303,0.103712,0.062781,Bellevue_150th_SE38th
10417,0.420203,0.026305,0.106391,0.378242,0.124709,0.062852,Bellevue_150th_SE38th
10418,0.430698,0.032542,0.112098,0.384147,0.106032,0.029146,Bellevue_150th_SE38th
10419,0.439523,0.029453,0.108546,0.447557,0.10232,0.030255,Bellevue_150th_SE38th
10420,0.449225,0.035558,0.112072,0.354116,0.085213,0.00262,Bellevue_150th_SE38th
10421,0.419124,0.021097,0.110022,0.394269,0.109081,-0.010633,Bellevue_150th_SE38th
10422,0.438747,0.023254,0.113182,0.426569,0.196053,-0.058004,Bellevue_150th_SE38th
10423,0.424691,0.018157,0.109599,0.439116,0.039363,0.181572,Bellevue_150th_SE38th
10424,0.445176,0.02969,0.104898,0.401494,0.019707,0.142586,Bellevue_150th_SE38th
10425,0.418913,0.019946,0.103724,0.427536,0.147171,0.051899,Bellevue_150th_SE38th
10426,0.440854,0.028811,0.113033,0.426018,0.175814,0.047938,Bellevue_150th_SE38th
10427,0.426982,0.034118,0.107497,0.432784,0.217134,0.044379,Bellevue_150th_SE38th
10428,0.445897,0.034059,0.109367,0.481382,0.265811,0.003938,Bellevue_150th_SE38th
10429,0.429796,0.015984,0.107823,0.477692,0.213977,0.070945,Bellevue_150th_SE38th
10430,0.443114,0.023699,0.112362,0.450641,0.151439,0.088059,Bellevue_150th_SE38th
10431,0.421102,0.036111,0.100636,0.389148,0.096448,0.000482,Bellevue_150th_SE38th
10432,0.422952,0.018898,0.106097,0.377676,0.118682,0.021502,Bellevue_150th_SE38th
10433,0.462448,0.05734,0.101008,0.404687,0.098316,0.05109,Bellevue_150th_SE38th
10434,0.43671,0.026428,0.107265,0.472419,0.054051,0.07072,Bellevue_150th_SE38th
10435,0.433733,0.016692,0.108566,0.559101,0.084966,0.065581,Bellevue_150th_SE38th
10436,0.44313,0.020722,0.108971,0.735397,0.208872,0.1023,Bellevue_150th_SE38th
10437,0.447529,0.023199,0.109555,0.501075,0.148434,0.130231,Bellevue_150th_SE38th
10438,0.416481,0.041577,0.102147,0.480959,0.155152,0.146208,Bellevue_150th_SE38th
10439,0.392278,0.019572,0.100669,0.351223,0.13331,0.039824,Bellevue_150th_SE38th
10440,0.434597,0.04608,0.103143,0.456526,0.078523,0.028967,Bellevue_150th_SE38th
10441,0.456074,0.032346,0.109161,0.530082,0.104679,0.04386,Bellevue_150th_SE38th
10442,0.425642,0.017798,0.108934,0.488816,0.071991,0.062571,Bellevue_150th_SE38th
10443,0.424482,0.022976,0.110853,0.465485,0.142687,0.087094,Bellevue_150th_SE38th
10444,0.397424,0.036737,0.101764,0.587982,0.148395,0.151635,Bellevue_150th_SE38th
10445,0.401879,0.033795,0.106758,0.51166,0.174312,-0.006037,Bellevue_150th_SE38th
10446,0.480362,0.06668,0.09817,0.497985,0.130312,-0.040564,Bellevue_150th_SE38th
10447,0.443791,0.033418,0.105556,0.450781,0.130888,-0.031187,Bellevue_150th_SE38th
10448,0.438451,0.022092,0.108634,0.607268,0.278548,0.060505,Bellevue_150th_SE38th
10449,0.440814,0.027905,0.105075,0.55641,0.2041,0.043094,Bellevue_150th_SE38th
10450,0.43293,0.024088,0.104262,0.462357,0.169592,0.026462,Bellevue_150th_SE38th
10451,0.414861,0.033172,0.100379,0.527924,0.15765,0.076139,Bellevue_150th_SE38th
10452,0.412559,0.027017,0.106067,0.50607,0.138467,0.037134,Bellevue_150th_SE38th
10453,0.469757,0.05115,0.104545,0.472604,0.104892,0.028075,Bellevue_150th_SE38th
10454,0.431225,0.021309,0.104959,0.469852,0.147019,-0.005333,Bellevue_150th_SE38th
10455,0.425865,0.017822,0.107574,0.514531,0.176808,-0.007873,Bellevue_150th_SE38th
10456,0.457268,0.030488,0.107279,0.510362,0.175227,0.051059,Bellevue_150th_SE38th
10457,0.425267,0.029714,0.112801,0.39425,0.096698,0.07382,Bellevue_150th_SE38th
10458,0.448864,0.054199,0.104537,0.544077,0.145053,0.114454,Bellevue_150th_SE38th
10459,0.444299,0.045882,0.098543,0.474286,0.184294,0.039485,Bellevue_150th_SE38th
10460,0.466797,0.055404,0.087761,0.583159,0.205819,0.12785,Bellevue_150th_SE38th
10461,0.472521,0.042655,0.104327,0.549522,0.266195,0.070068,Bellevue_150th_SE38th
10462,0.457079,0.017354,0.098458,0.423509,0.177524,0.040772,Bellevue_150th_SE38th
10463,0.441166,0.051988,0.097219,0.45975,0.14699,0.069528,Bellevue_150th_SE38th
10464,0.414613,0.040403,0.101893,0.458068,0.145079,0.046847,Bellevue_150th_SE38th
10465,0.46375,0.051897,0.0963,0.612853,0.137335,0.129949,Bellevue_150th_SE38th
10466,0.430063,0.027855,0.099464,0.551069,0.172894,0.211889,Bellevue_150th_SE38th
10467,0.435042,0.024871,0.100995,0.571142,0.154072,0.13559,Bellevue_150th_SE38th
10468,0.436465,0.021198,0.107131,0.592953,0.158672,0.118915,Bellevue_150th_SE38th
10469,0.449803,0.010762,0.092867,0.425327,0.114913,0.061118,Bellevue_150th_SE38th
10470,0.46486,0.072774,0.10026,0.473019,0.137431,0.072345,Bellevue_150th_SE38th
10471,0.429511,0.046841,0.098111,0.615864,0.169472,0.029766,Bellevue_150th_SE38th
10472,0.464973,0.03078,0.100212,0.536102,0.145666,0.064936,Bellevue_150th_SE38th
10473,0.433415,0.023427,0.102109,0.492331,0.148369,0.086253,Bellevue_150th_SE38th
10474,0.439424,0.026757,0.102649,0.448543,0.108488,0.060939,Bellevue_150th_SE38th
10475,0.463086,0.048179,0.103436,0.55316,0.142908,0.063589,Bellevue_150th_SE38th
10476,0.426003,0.023503,0.10376,0.549984,0.14693,0.107321,Bellevue_150th_SE38th
10477,0.434735,0.007181,0.086336,0.466135,0.117768,0.135663,Bellevue_150th_SE38th
10478,0.427446,0.044982,0.094348,0.491693,0.190273,0.087086,Bellevue_150th_SE38th
10479,0.423848,0.056536,0.098056,0.645538,0.291518,0.047737,Bellevue_150th_SE38th
10480,0.431817,0.041022,0.093916,0.514794,0.183707,0.052485,Bellevue_150th_SE38th
10481,0.476863,0.074208,0.105419,0.587678,0.258871,-0.022294,Bellevue_150th_SE38th
10482,0.424084,0.02277,0.091073,0.416163,0.154119,0.032245,Bellevue_150th_SE38th
10483,0.435629,0.052955,0.10316,0.416347,0.135276,0.052583,Bellevue_150th_SE38th
10484,0.421804,0.054409,0.09637,0.513034,0.240797,0.088585,Bellevue_150th_SE38th
10485,0.420494,0.046184,0.099407,0.490647,0.255051,0.068165,Bellevue_150th_SE38th
10486,0.475295,0.04541,0.091476,0.423803,0.117437,0.089219,Bellevue_150th_SE38th
10487,0.445622,0.046072,0.095776,0.401683,0.145977,-0.000387,Bellevue_150th_SE38th
10488,0.444479,0.031569,0.102479,0.480231,0.236323,0.005253,Bellevue_150th_SE38th
10489,0.426574,0.027977,0.106223,0.517921,0.120935,0.158419,Bellevue_150th_SE38th
10490,0.446968,0.02469,0.107284,0.470198,0.163613,0.094884,Bellevue_150th_SE38th
10491,0.421497,0.034101,0.101084,0.485136,0.21611,0.076588,Bellevue_150th_SE38th
10492,0.453675,0.073072,0.101689,0.585685,0.322767,0.106276,Bellevue_150th_SE38th
10493,0.43554,0.051232,0.100251,0.474513,0.209177,0.036853,Bellevue_150th_SE38th
10494,0.463416,0.050696,0.100106,0.483697,0.156641,0.038116,Bellevue_150th_SE38th
10495,0.429716,0.022317,0.103058,0.50144,0.161226,0.016994,Bellevue_150th_SE38th
10496,0.445285,0.02139,0.105138,0.59108,0.234958,0.028844,Bellevue_150th_SE38th
10497,0.437107,0.025663,0.103694,0.53721,0.203973,0.004698,Bellevue_150th_SE38th
10498,0.434344,0.018619,0.105319,0.467196,0.151302,0.104807,Bellevue_150th_SE38th
10499,0.444937,0.066469,0.095784,0.399347,0.163291,0.134925,Bellevue_150th_SE38th
10500,0.435599,0.054064,0.100156,0.305024,0.142482,0.02604,Bellevue_150th_SE38th
10501,0.427599,0.021337,0.0991,0.388067,0.10712,0.038885,Bellevue_150th_SE38th
10502,0.461891,0.037087,0.105637,0.40642,0.164257,0.020153,Bellevue_150th_SE38th
10503,0.443765,0.027152,0.104982,0.369302,0.158806,-0.002826,Bellevue_150th_SE38th
10504,0.433945,0.019665,0.10651,0.525078,0.273224,-0.028105,Bellevue_150th_SE38th
10505,0.435595,0.019463,0.10773,0.514909,0.250471,0.044381,Bellevue_150th_SE38th
10506,0.460721,0.038574,0.107268,0.518443,0.114836,0.172577,Bellevue_150th_SE38th
10507,0.44187,0.04538,0.09846,0.507884,0.119821,0.128949,Bellevue_150th_SE38th
10508,0.44558,0.039014,0.100109,0.433082,0.144488,0.048541,Bellevue_150th_SE38th
10509,0.465821,0.060346,0.079216,0.42743,0.081793,0.026386,Bellevue_150th_SE38th
10510,0.461244,0.048453,0.108037,0.555936,0.152484,0.06157,Bellevue_150th_SE38th
10511,0.470241,0.030163,0.10261,0.623301,0.205258,0.062811,Bellevue_150th_SE38th
10512,0.455331,0.021218,0.103586,0.541356,0.138156,0.080213,Bellevue_150th_SE38th
10513,0.454914,0.030215,0.094923,0.515195,0.144431,0.077573,Bellevue_150th_SE38th
10514,0.431017,0.020217,0.104513,0.495051,0.18429,0.044154,Bellevue_150th_SE38th
10515,0.460603,0.041352,0.100617,0.633081,0.207614,0.020578,Bellevue_150th_SE38th
10516,0.433172,0.007183,0.093476,0.635948,0.20344,0.10723,Bellevue_150th_SE38th
10517,0.421823,0.00941,0.095689,0.463814,0.151822,0.083871,Bellevue_150th_SE38th
10518,0.464101,0.041977,0.104529,0.583057,0.17991,0.056681,Bellevue_150th_SE38th
10519,0.457857,0.02805,0.103759,0.613362,0.12854,0.090284,Bellevue_150th_SE38th
10520,0.452669,0.021627,0.103085,0.726354,0.23888,0.044922,Bellevue_150th_SE38th
10521,0.478836,0.033798,0.101437,0.653133,0.246655,0.056936,Bellevue_150th_SE38th
10522,0.473609,0.007803,0.07256,0.494011,0.206309,0.085669,Bellevue_150th_SE38th
10523,0.466684,0.082501,0.093072,0.520588,0.249495,0.051185,Bellevue_150th_SE38th
10524,0.455456,0.058984,0.096776,0.411472,0.201551,0.054099,Bellevue_150th_SE38th
10525,0.47729,0.069747,0.092925,0.454604,0.149929,0.070696,Bellevue_150th_SE38th
10526,0.463583,0.061447,0.096016,0.492314,0.149667,0.04765,Bellevue_150th_SE38th
10527,0.469524,0.04036,0.103924,0.700955,0.245757,0.057528,Bellevue_150th_SE38th
10528,0.458039,0.016012,0.093163,0.669139,0.201974,0.101826,Bellevue_150th_SE38th
10529,0.462784,0.008136,0.082753,0.545935,0.146151,0.121356,Bellevue_150th_SE38th
10530,0.455221,0.070143,0.095518,0.687167,0.324006,0.067495,Bellevue_150th_SE38th
10531,0.428697,0.041776,0.096217,0.59288,0.299907,0.041463,Bellevue_150th_SE38th
10532,0.472469,0.070767,0.084838,0.405164,0.103862,-0.002814,Bellevue_150th_SE38th
10533,0.475433,0.058719,0.103687,0.459685,0.141042,-0.006761,Bellevue_150th_SE38th
10534,0.446053,0.023401,0.098696,0.613807,0.231887,0.037305,Bellevue_150th_SE38th
10535,0.451636,0.0127,0.092604,0.600587,0.194504,0.054692,Bellevue_150th_SE38th
10536,0.450585,0.018168,0.094513,0.599931,0.27571,-0.021097,Bellevue_150th_SE38th
10537,0.486685,0.017408,0.084431,0.456487,0.152633,0.020618,Bellevue_150th_SE38th
10538,0.464212,0.076621,0.089385,0.410739,0.152288,0.032307,Bellevue_150th_SE38th
10539,0.467613,0.026358,0.082864,0.597792,0.254559,0.085404,Bellevue_150th_SE38th
10540,0.471338,0.030903,0.088923,0.587053,0.197776,0.127597,Bellevue_150th_SE38th
10541,0.475381,0.026078,0.0894,0.649012,0.198655,0.149703,Bellevue_150th_SE38th
10542,0.472461,0.017155,0.089724,0.415441,0.140353,0.018289,Bellevue_150th_SE38th
10543,0.474119,0.025493,0.086967,0.478203,0.202125,-0.003419,Bellevue_150th_SE38th
10544,0.468339,0.024403,0.093063,0.592032,0.228706,0.03355,Bellevue_150th_SE38th
10545,0.477089,0.015997,0.089029,0.701877,0.348507,-0.002594,Bellevue_150th_SE38th
10546,0.482578,0.001145,0.077184,0.710072,0.273617,0.059283,Bellevue_150th_SE38th
10547,0.442751,0.009363,0.091217,0.624334,0.222069,0.029898,Bellevue_150th_SE38th
10548,0.474173,0.028828,0.089504,0.603166,0.188435,-0.026237,Bellevue_150th_SE38th
10549,0.485621,0.013526,0.084933,0.540065,0.183978,0.052052,Bellevue_150th_SE38th
10550,0.481648,0.032895,0.08823,0.474101,0.162552,0.068288,Bellevue_150th_SE38th
10551,0.47743,0.031783,0.091432,0.504223,0.116091,0.078409,Bellevue_150th_SE38th
10552,0.469127,0.006613,0.085685,0.481633,0.094226,0.102919,Bellevue_150th_SE38th
10553,0.469001,0.006151,0.085086,0.609665,0.211936,0.04893,Bellevue_150th_SE38th
10554,0.481709,0.017793,0.089283,0.649937,0.234736,0.062782,Bellevue_150th_SE38th
10555,0.47392,0.025948,0.096742,0.669299,0.31171,0.090016,Bellevue_150th_SE38th
10556,0.475245,0.026432,0.089536,0.610282,0.189498,0.133852,Bellevue_150th_SE38th
10557,0.489211,0.02576,0.084874,0.588235,0.147059,0.147059,Bellevue_150th_SE38th
10558,0.588896,0.003606,0.038129,0.588235,0.147059,0.147059,Bellevue_150th_SE38th
10559,0.588896,0.003606,0.038129,0.500216,0.134719,0.053574,Bellevue_150th_SE38th
10560,0.474118,0.031031,0.091193,0.530194,0.120272,0.067955,Bellevue_150th_SE38th
10561,0.475761,0.024495,0.092461,0.599282,0.146963,0.100555,Bellevue_150th_SE38th
10562,0.49681,0.051317,0.090377,0.796481,0.365288,0.047353,Bellevue_150th_SE38th
10563,0.475221,0.039136,0.081988,0.730018,0.343763,0.078187,Bellevue_150th_SE38th
10564,0.48289,0.033447,0.078604,0.815986,0.364962,0.030385,Bellevue_150th_SE38th
10565,0.507581,0.016118,0.07599,0.804334,0.334988,0.071408,Bellevue_150th_SE38th
10566,0.494367,0.03083,0.082436,0.769962,0.325756,0.079095,Bellevue_150th_SE38th
10567,0.497271,0.03224,0.083859,0.725563,0.234594,0.074454,Bellevue_150th_SE38th
10568,0.529646,0.021767,0.080178,0.650737,0.146109,0.142154,Bellevue_150th_SE38th
10569,0.491922,0.032055,0.0851,0.692403,0.143636,0.098414,Bellevue_150th_SE38th
10570,0.534272,0.023727,0.079371,0.707046,0.262293,0.097661,Bellevue_150th_SE38th
10571,0.528277,0.029599,0.084157,0.701607,0.296503,0.043805,Bellevue_150th_SE38th
10572,0.492073,0.04171,0.08383,0.781799,0.348181,0.094494,Bellevue_150th_SE38th
10573,0.486427,0.036147,0.0878,0.748378,0.311376,0.099924,Bellevue_150th_SE38th
10574,0.490037,0.03962,0.080414,0.742398,0.241159,0.080297,Bellevue_150th_SE38th
10575,0.503085,0.032739,0.085543,0.641026,0.183297,0.055353,Bellevue_150th_SE38th
10576,0.532468,0.051112,0.091735,0.663463,0.156932,-0.000217,Bellevue_150th_SE38th
10577,0.520646,0.024902,0.084674,0.646004,0.147073,-0.020424,Bellevue_150th_SE38th
10578,0.493781,0.036207,0.087214,0.661504,0.195869,-0.00368,Bellevue_150th_SE38th
10579,0.512355,0.031246,0.083376,0.726404,0.181087,0.045938,Bellevue_150th_SE38th
10580,0.498703,0.021253,0.081286,0.664464,0.133628,0.129446,Bellevue_150th_SE38th
10581,0.500282,0.048086,0.088494,0.703527,0.183198,0.127751,Bellevue_150th_SE38th
10582,0.527364,0.034964,0.078651,0.793103,0.275862,0.103448,Bellevue_150th_SE38th
10583,0.614179,0.024951,0.047314,0.734888,0.195517,0.051861,Bellevue_150th_SE38th
