frame_idx,split,pred_nano,pred_recovery_ns,pred_recovery_sm,true_nano,true_recovery_ns,true_recovery_sm,intersection
0,within,0.215593,0.010257,0.015238,0.233333,0.0,0.0,Bellevue_116th_NE12th
1,within,0.21054,0.005067,0.01518,0.166667,0.0,0.0,Bellevue_116th_NE12th
2,within,0.208671,0.004725,0.014719,0.233333,0.0,0.0,Bellevue_116th_NE12th
3,within,0.210443,0.00564,0.014861,0.133333,0.0,0.0,Bellevue_116th_NE12th
4,within,0.211027,0.013344,0.011737,0.033333,0.0,0.0,Bellevue_116th_NE12th
5,within,0.209176,0.003789,0.014714,0.133333,0.0,0.0,Bellevue_116th_NE12th
6,within,0.208317,0.003612,0.014969,0.266667,0.0,0.0,Bellevue_116th_NE12th
7,within,0.215334,0.015331,0.013321,0.2,0.0,0.0,Bellevue_116th_NE12th
8,within,0.206162,0.003402,0.014681,0.2,0.0,0.0,Bellevue_116th_NE12th
9,within,0.210893,0.013194,0.01242,0.2,0.0,0.0,Bellevue_116th_NE12th
10,within,0.213357,0.013244,0.013134,0.1,0.0,0.0,Bellevue_116th_NE12th
11,within,0.207733,0.004614,0.015438,0.266667,0.0,0.0,Bellevue_116th_NE12th
12,within,0.209521,0.007135,0.013843,0.233333,0.0,0.0,Bellevue_116th_NE12th
13,within,0.213345,0.010054,0.013851,0.066667,0.0,0.0,Bellevue_116th_NE12th
14,within,0.211303,0.008141,0.014609,0.3,0.0,0.0,Bellevue_116th_NE12th
15,within,0.20294,0.002756,0.013437,0.066667,0.0,0.0,Bellevue_116th_NE12th
16,within,0.208043,0.004064,0.014316,0.233333,0.0,0.0,Bellevue_116th_NE12th
17,within,0.207917,0.004237,0.014612,0.066667,0.0,0.0,Bellevue_116th_NE12th
18,within,0.212932,0.007717,0.014837,0.2,0.0,0.0,Bellevue_116th_NE12th
19,within,0.209098,0.004784,0.014633,0.133333,0.0,0.0,Bellevue_116th_NE12th
20,within,0.206388,0.004438,0.01361,0.266667,0.0,0.0,Bellevue_116th_NE12th
21,within,0.211093,0.004512,0.015471,0.066667,0.0,0.0,Bellevue_116th_NE12th
22,within,0.20824,0.003711,0.014854,0.166667,0.0,0.0,Bellevue_116th_NE12th
23,within,0.212162,0.004488,0.015808,0.166667,0.0,0.0,Bellevue_116th_NE12th
24,within,0.203539,0.000684,0.016125,0.066667,0.0,0.0,Bellevue_116th_NE12th
25,within,0.211244,0.004273,0.01578,0.333333,0.0,0.0,Bellevue_116th_NE12th
26,within,0.209443,0.004355,0.01524,0.166667,0.0,0.0,Bellevue_116th_NE12th
27,within,0.215549,0.01498,0.013105,0.266667,0.0,0.0,Bellevue_116th_NE12th
28,within,0.525985,0.197626,0.079743,0.333333,0.216667,0.033333,Bellevue_116th_NE12th
29,within,0.486434,0.119083,0.066341,0.383333,0.033333,0.0,Bellevue_116th_NE12th
30,within,0.248657,0.015524,0.019787,0.0,0.0,0.0,Bellevue_116th_NE12th
31,within,0.208243,0.002972,0.015049,0.166667,0.0,0.0,Bellevue_116th_NE12th
32,within,0.210588,0.004991,0.015199,0.133333,0.0,0.0,Bellevue_116th_NE12th
33,within,0.21115,0.0051,0.015037,0.366667,0.0,0.0,Bellevue_116th_NE12th
34,within,0.208988,0.004418,0.014192,0.266667,0.0,0.0,Bellevue_116th_NE12th
35,within,0.208257,0.00444,0.014463,0.266667,0.0,0.0,Bellevue_116th_NE12th
36,within,0.20744,0.004694,0.013836,0.166667,0.0,0.0,Bellevue_116th_NE12th
37,within,0.210758,0.004261,0.014782,0.033333,0.0,0.0,Bellevue_116th_NE12th
38,within,0.204427,0.004354,0.013142,0.1,0.0,0.0,Bellevue_116th_NE12th
39,within,0.209298,0.004158,0.01522,0.2,0.0,0.0,Bellevue_116th_NE12th
40,within,0.213421,0.004907,0.016332,0.1,0.0,0.0,Bellevue_116th_NE12th
41,within,0.21503,0.010942,0.014748,0.2,0.0,0.0,Bellevue_116th_NE12th
42,within,0.214206,0.00538,0.016222,0.2,0.0,0.0,Bellevue_116th_NE12th
43,within,0.211425,0.004702,0.015329,0.066667,0.0,0.0,Bellevue_116th_NE12th
44,within,0.20767,0.003935,0.014336,0.133333,0.0,0.0,Bellevue_116th_NE12th
45,within,0.21071,0.005119,0.015074,0.266667,0.0,0.0,Bellevue_116th_NE12th
46,within,0.21798,0.015389,0.013866,0.1,0.0,0.0,Bellevue_116th_NE12th
47,within,0.211103,0.00859,0.013885,0.533333,0.0,0.033333,Bellevue_116th_NE12th
48,within,0.703789,0.174906,0.169674,0.643333,0.058333,0.108333,Bellevue_116th_NE12th
49,within,0.40939,0.083379,0.049556,0.516667,0.033333,0.083333,Bellevue_116th_NE12th
50,within,0.310363,0.024096,0.031389,0.4,0.1,0.0,Bellevue_116th_NE12th
51,within,0.334758,0.045554,0.04463,0.1,0.0,0.0,Bellevue_116th_NE12th
52,within,0.206863,0.005945,0.014837,0.266667,0.0,0.0,Bellevue_116th_NE12th
53,within,0.217735,0.014118,0.014244,0.2,0.0,0.0,Bellevue_116th_NE12th
54,within,0.210852,0.004794,0.015815,0.233333,0.0,0.0,Bellevue_116th_NE12th
55,within,0.215405,0.00566,0.01614,0.166667,0.0,0.0,Bellevue_116th_NE12th
56,within,0.20957,0.004075,0.015517,0.033333,0.0,0.0,Bellevue_116th_NE12th
57,within,0.214792,0.005313,0.01652,0.266667,0.0,0.0,Bellevue_116th_NE12th
58,within,0.21454,0.010016,0.014795,0.2,0.0,0.0,Bellevue_116th_NE12th
59,within,0.21251,0.008411,0.014579,0.433333,0.116667,0.033333,Bellevue_116th_NE12th
60,within,0.290083,0.019674,0.03662,0.3,0.016667,0.016667,Bellevue_116th_NE12th
61,within,0.303952,0.033828,0.028597,0.133333,0.0,0.0,Bellevue_116th_NE12th
62,within,0.200574,0.003556,0.013906,0.066667,0.0,0.0,Bellevue_116th_NE12th
63,within,0.209508,0.004308,0.014993,0.1,0.0,0.0,Bellevue_116th_NE12th
64,within,0.211746,0.012232,0.013237,0.133333,0.0,0.0,Bellevue_116th_NE12th
65,within,0.220013,0.017263,0.013622,0.133333,0.0,0.0,Bellevue_116th_NE12th
66,within,0.209639,0.004098,0.014785,0.133333,0.0,0.0,Bellevue_116th_NE12th
67,within,0.205724,0.003859,0.01327,0.2,0.0,0.0,Bellevue_116th_NE12th
68,within,0.209837,0.004267,0.015229,0.233333,0.0,0.0,Bellevue_116th_NE12th
69,within,0.212884,0.004817,0.015688,0.166667,0.0,0.0,Bellevue_116th_NE12th
70,within,0.218063,0.016167,0.01364,0.1,0.0,0.0,Bellevue_116th_NE12th
71,within,0.209468,0.009,0.013818,0.133333,0.0,0.0,Bellevue_116th_NE12th
72,within,0.208047,0.004284,0.013987,0.133333,0.0,0.0,Bellevue_116th_NE12th
73,within,0.206807,0.002527,0.014463,0.133333,0.0,0.0,Bellevue_116th_NE12th
74,within,0.205737,0.000502,0.016608,0.266667,0.0,0.0,Bellevue_116th_NE12th
75,within,0.211195,0.004123,0.015366,0.166667,0.0,0.0,Bellevue_116th_NE12th
76,within,0.206823,0.001321,0.015737,0.166667,0.0,0.0,Bellevue_116th_NE12th
77,within,0.21384,0.004562,0.016215,0.166667,0.0,0.0,Bellevue_116th_NE12th
78,within,0.205821,0.003229,0.015196,0.066667,0.0,0.0,Bellevue_116th_NE12th
79,within,0.210539,0.004306,0.015392,0.266667,0.033333,0.083333,Bellevue_116th_NE12th
80,within,0.615888,0.1496,0.099969,0.5,0.05,0.016667,Bellevue_116th_NE12th
81,within,0.55631,0.14149,0.098281,0.2,-0.016667,0.033333,Bellevue_116th_NE12th
82,within,0.217256,0.014569,0.013562,0.233333,0.0,0.0,Bellevue_116th_NE12th
83,within,0.204878,0.00337,0.013612,0.1,0.0,0.0,Bellevue_116th_NE12th
84,within,0.480891,0.095267,0.079674,0.3,0.0,0.0,Bellevue_116th_NE12th
85,within,0.383552,0.074108,0.045781,0.166667,0.0,0.0,Bellevue_116th_NE12th
86,within,0.218185,0.005597,0.017601,0.2,0.0,0.0,Bellevue_116th_NE12th
87,within,0.207578,0.014051,0.013252,0.166667,0.0,0.0,Bellevue_116th_NE12th
88,within,0.195596,0.004185,0.013234,0.033333,0.0,0.0,Bellevue_116th_NE12th
89,within,0.199446,0.002219,0.014934,0.133333,0.0,0.0,Bellevue_116th_NE12th
90,within,0.204984,0.004022,0.016264,0.233333,0.0,0.0,Bellevue_116th_NE12th
91,within,0.204856,0.005032,0.016333,0.433333,0.0,0.0,Bellevue_116th_NE12th
92,within,0.199642,0.002678,0.015407,0.233333,0.0,0.0,Bellevue_116th_NE12th
93,within,0.221574,0.018002,0.014053,0.166667,0.0,0.0,Bellevue_116th_NE12th
94,within,0.208846,0.004348,0.014734,0.3,0.0,0.0,Bellevue_116th_NE12th
95,within,0.205369,0.003717,0.013736,0.2,0.0,0.0,Bellevue_116th_NE12th
96,within,0.206772,0.003855,0.013992,0.066667,0.0,0.0,Bellevue_116th_NE12th
97,within,0.20742,0.003809,0.014482,0.166667,0.0,0.0,Bellevue_116th_NE12th
98,within,0.207394,0.00428,0.014751,0.166667,0.0,0.0,Bellevue_116th_NE12th
99,within,0.219715,0.012684,0.01677,0.2,0.0,0.0,Bellevue_116th_NE12th
100,within,0.209128,0.004229,0.014469,0.166667,0.0,0.0,Bellevue_116th_NE12th
101,within,0.209477,0.0051,0.014786,0.3,0.0,0.0,Bellevue_116th_NE12th
102,within,0.205147,0.003803,0.013696,0.1,0.0,0.0,Bellevue_116th_NE12th
103,within,0.204327,0.003515,0.012987,0.133333,0.0,0.0,Bellevue_116th_NE12th
104,within,0.207389,0.003388,0.014588,0.266667,0.0,0.0,Bellevue_116th_NE12th
105,within,0.208579,0.003948,0.014497,0.333333,0.0,0.0,Bellevue_116th_NE12th
106,within,0.209487,0.004777,0.014787,0.433333,0.0,0.0,Bellevue_116th_NE12th
107,within,0.20884,0.004368,0.015154,0.283333,0.0,0.0,Bellevue_116th_NE12th
108,within,0.49339,0.132105,0.070836,0.35,0.033333,0.0,Bellevue_116th_NE12th
109,within,0.214676,0.01059,0.014058,0.133333,0.0,0.0,Bellevue_116th_NE12th
110,within,0.216768,0.016366,0.013202,0.066667,0.0,0.0,Bellevue_116th_NE12th
111,within,0.206808,0.003743,0.014348,0.266667,0.0,0.0,Bellevue_116th_NE12th
112,within,0.209564,0.004065,0.015059,0.266667,0.0,0.0,Bellevue_116th_NE12th
113,within,0.203619,0.002748,0.013816,0.233333,0.0,0.033333,Bellevue_116th_NE12th
114,within,0.376181,0.058272,0.055463,0.433333,0.05,0.033333,Bellevue_116th_NE12th
115,within,0.217433,0.006135,0.016185,0.366667,0.0,0.0,Bellevue_116th_NE12th
116,within,0.20871,0.006248,0.013922,0.133333,0.0,0.016667,Bellevue_116th_NE12th
117,within,0.604378,0.095382,0.184199,0.794444,0.283333,0.211111,Bellevue_116th_NE12th
118,within,0.596414,0.119097,0.092776,0.466667,0.366667,0.0,Bellevue_116th_NE12th
119,within,0.243387,0.016095,0.015673,0.4,0.0,0.0,Bellevue_116th_NE12th
120,within,0.201227,0.004496,0.012308,0.2,0.0,0.0,Bellevue_116th_NE12th
121,within,0.21172,0.006091,0.013962,0.133333,0.0,0.0,Bellevue_116th_NE12th
122,within,0.206636,0.002842,0.014459,0.1,0.0,0.0,Bellevue_116th_NE12th
123,within,0.208574,0.00398,0.01463,0.166667,0.0,0.0,Bellevue_116th_NE12th
124,within,0.20127,0.000483,0.015578,0.266667,0.0,0.0,Bellevue_116th_NE12th
125,within,0.212096,0.008235,0.014323,0.1,0.0,0.0,Bellevue_116th_NE12th
126,within,0.220024,0.01759,0.01357,0.3,0.0,0.0,Bellevue_116th_NE12th
127,within,0.208526,0.004417,0.01443,0.133333,0.0,0.0,Bellevue_116th_NE12th
128,within,0.205092,0.003437,0.013259,0.233333,0.0,0.0,Bellevue_116th_NE12th
129,within,0.206614,0.003053,0.014175,0.133333,0.0,0.0,Bellevue_116th_NE12th
130,within,0.211465,0.004134,0.015609,0.2,0.0,0.0,Bellevue_116th_NE12th
131,within,0.20145,0.001788,0.013606,0.133333,0.0,0.0,Bellevue_116th_NE12th
132,within,0.211053,0.010316,0.013629,0.166667,0.0,0.0,Bellevue_116th_NE12th
133,within,0.210724,0.004351,0.015866,0.333333,0.1,0.0,Bellevue_116th_NE12th
134,within,0.213421,0.000598,0.017602,0.133333,0.0,0.0,Bellevue_116th_NE12th
135,within,0.203825,0.002556,0.013846,0.166667,0.0,0.0,Bellevue_116th_NE12th
136,within,0.212277,0.013107,0.012248,0.1,0.0,0.0,Bellevue_116th_NE12th
137,within,0.373241,0.080284,0.043728,0.366667,0.0,0.0,Bellevue_116th_NE12th
138,within,0.220086,0.016406,0.013242,0.233333,0.0,0.0,Bellevue_116th_NE12th
139,within,0.204887,0.003152,0.013902,0.233333,0.0,0.0,Bellevue_116th_NE12th
140,within,0.246356,0.029893,0.019104,0.2,0.0,0.0,Bellevue_116th_NE12th
141,within,0.210436,0.00584,0.015207,0.2,0.0,0.0,Bellevue_116th_NE12th
142,within,0.208973,0.004924,0.014874,0.2,0.0,0.0,Bellevue_116th_NE12th
143,within,0.548462,0.216267,0.089288,0.577778,0.233333,0.066667,Bellevue_116th_NE12th
144,within,0.415362,0.07861,0.054978,0.233333,0.0,0.0,Bellevue_116th_NE12th
145,within,0.216706,0.005073,0.016401,0.266667,0.0,0.0,Bellevue_116th_NE12th
146,within,0.213925,0.004478,0.016487,0.2,0.0,0.0,Bellevue_116th_NE12th
147,within,0.206103,0.002931,0.014887,0.233333,0.0,0.0,Bellevue_116th_NE12th
148,within,0.336039,0.066432,0.039854,0.166667,0.0,0.0,Bellevue_116th_NE12th
149,within,0.220504,0.01039,0.016994,0.166667,0.0,0.0,Bellevue_116th_NE12th
150,within,0.211046,0.012444,0.012556,0.233333,0.0,0.0,Bellevue_116th_NE12th
151,within,0.208141,0.004417,0.014167,0.333333,0.0,0.0,Bellevue_116th_NE12th
152,within,0.328336,0.042294,0.032171,0.616667,0.05,0.183333,Bellevue_116th_NE12th
153,within,0.508764,0.159772,0.070037,0.805556,0.341667,0.277778,Bellevue_116th_NE12th
154,within,0.501645,0.070837,0.052022,0.3,0.033333,0.0,Bellevue_116th_NE12th
155,within,0.628009,0.116392,0.143951,0.811111,0.044444,0.058333,Bellevue_116th_NE12th
156,within,0.513638,0.118844,0.073757,0.472222,0.116667,0.05,Bellevue_116th_NE12th
157,within,0.238368,0.014262,0.016783,0.233333,0.0,0.0,Bellevue_116th_NE12th
158,within,0.211737,0.003862,0.015347,0.333333,0.0,0.0,Bellevue_116th_NE12th
159,within,0.216461,0.006032,0.016815,0.266667,0.0,0.0,Bellevue_116th_NE12th
160,within,0.206714,-0.000476,0.015099,0.233333,0.0,0.0,Bellevue_116th_NE12th
161,within,0.214428,0.008498,0.015779,0.066667,0.0,0.0,Bellevue_116th_NE12th
162,within,0.211557,0.003821,0.015466,0.366667,0.0,0.0,Bellevue_116th_NE12th
163,within,0.230399,0.01989,0.015819,0.2,0.0,0.0,Bellevue_116th_NE12th
164,within,0.219721,0.006333,0.017087,0.2,0.0,0.0,Bellevue_116th_NE12th
165,within,0.228889,0.018996,0.016198,0.133333,0.0,0.0,Bellevue_116th_NE12th
166,within,0.21627,0.012797,0.013208,0.2,0.0,0.0,Bellevue_116th_NE12th
167,within,0.220277,0.006012,0.017523,0.2,0.0,0.0,Bellevue_116th_NE12th
168,within,0.221378,0.006185,0.01795,0.2,0.0,0.0,Bellevue_116th_NE12th
169,within,0.214196,0.0051,0.015018,0.166667,0.0,0.0,Bellevue_116th_NE12th
170,within,0.386833,0.072571,0.06286,0.383333,0.094444,0.05,Bellevue_116th_NE12th
171,within,0.451523,0.080822,0.063925,0.4,0.033333,0.033333,Bellevue_116th_NE12th
172,within,0.227281,0.01632,0.013914,0.166667,0.0,0.0,Bellevue_116th_NE12th
173,within,0.212083,0.004746,0.015802,0.233333,0.0,0.0,Bellevue_116th_NE12th
174,within,0.210988,0.004303,0.016297,0.1,0.0,0.0,Bellevue_116th_NE12th
175,within,0.35603,0.058852,0.043375,0.3,0.066667,0.033333,Bellevue_116th_NE12th
176,within,0.246176,0.004769,0.020219,0.1,0.0,0.0,Bellevue_116th_NE12th
177,within,0.213565,0.011858,0.012473,0.3,0.0,0.0,Bellevue_116th_NE12th
178,within,0.209036,0.004594,0.01417,0.3,0.033333,0.0,Bellevue_116th_NE12th
179,within,0.545292,0.22088,0.083421,0.386111,0.061111,0.083333,Bellevue_116th_NE12th
180,within,0.478668,0.105497,0.059836,0.4,0.0,0.0,Bellevue_116th_NE12th
181,within,0.282163,0.025879,0.032482,0.583333,0.216667,0.044444,Bellevue_116th_NE12th
182,within,0.317003,0.040503,0.033882,0.266667,0.033333,0.066667,Bellevue_116th_NE12th
183,within,0.211847,0.004395,0.014869,0.3,0.0,0.0,Bellevue_116th_NE12th
184,within,0.216533,0.00577,0.016297,0.2,0.0,0.0,Bellevue_116th_NE12th
185,within,0.204704,0.003146,0.012948,0.166667,0.0,0.0,Bellevue_116th_NE12th
186,within,0.209823,0.003855,0.01451,0.233333,0.0,0.0,Bellevue_116th_NE12th
187,within,0.217481,0.015998,0.013618,0.233333,0.0,0.0,Bellevue_116th_NE12th
188,within,0.215334,0.01542,0.012758,0.133333,0.0,0.0,Bellevue_116th_NE12th
189,within,0.212331,0.004675,0.015898,0.233333,0.0,0.0,Bellevue_116th_NE12th
190,within,0.210673,0.003758,0.015517,0.166667,0.0,0.0,Bellevue_116th_NE12th
191,within,0.292345,0.031928,0.030068,0.3,0.033333,0.033333,Bellevue_116th_NE12th
192,within,0.256693,0.017179,0.020462,0.1,0.0,0.0,Bellevue_116th_NE12th
193,within,0.474142,0.135635,0.069979,0.633333,0.116667,0.1,Bellevue_116th_NE12th
194,within,0.533446,0.180053,0.073377,0.55,0.15,0.033333,Bellevue_116th_NE12th
195,within,0.422312,0.099872,0.050458,0.266667,0.0,0.0,Bellevue_116th_NE12th
196,within,0.210602,0.003506,0.014737,0.033333,0.0,0.0,Bellevue_116th_NE12th
197,within,0.211942,0.004199,0.015148,0.1,0.0,0.0,Bellevue_116th_NE12th
198,within,0.216906,0.01583,0.012926,0.2,0.0,0.0,Bellevue_116th_NE12th
199,within,0.212831,0.010392,0.014201,0.133333,0.0,0.0,Bellevue_116th_NE12th
200,within,0.200859,-8.6e-05,0.015596,0.2,0.0,0.0,Bellevue_116th_NE12th
201,within,0.210557,0.003819,0.014821,0.166667,0.0,0.0,Bellevue_116th_NE12th
202,within,0.212498,0.004699,0.015092,0.133333,0.0,0.0,Bellevue_116th_NE12th
203,within,0.210569,0.004551,0.014802,0.333333,0.0,0.0,Bellevue_116th_NE12th
204,within,0.20945,0.004145,0.015372,0.4,0.0,0.0,Bellevue_116th_NE12th
205,within,0.214403,0.00514,0.016185,0.1,0.0,0.0,Bellevue_116th_NE12th
206,within,0.205216,0.006772,0.012353,0.4,0.166667,0.016667,Bellevue_116th_NE12th
207,within,0.320495,0.05964,0.03554,0.2,0.133333,0.0,Bellevue_116th_NE12th
208,within,0.490115,0.116432,0.07084,0.358333,0.1,0.05,Bellevue_116th_NE12th
209,within,0.223596,0.007238,0.017936,0.166667,0.0,0.0,Bellevue_116th_NE12th
210,within,0.212178,0.004969,0.017194,0.2,0.0,0.0,Bellevue_116th_NE12th
211,within,0.209777,0.008656,0.014029,0.233333,0.0,0.0,Bellevue_116th_NE12th
212,within,0.214584,0.004934,0.015936,0.233333,0.0,0.0,Bellevue_116th_NE12th
213,within,0.210669,0.004122,0.014523,0.266667,0.0,0.0,Bellevue_116th_NE12th
214,within,0.269292,0.020436,0.029156,0.366667,0.083333,0.0,Bellevue_116th_NE12th
215,within,0.281573,0.023354,0.02457,0.3,0.0,0.0,Bellevue_116th_NE12th
216,within,0.210051,0.003268,0.015658,0.3,0.0,0.0,Bellevue_116th_NE12th
217,within,0.215117,0.003392,0.016806,0.266667,0.0,0.0,Bellevue_116th_NE12th
218,within,0.224203,0.014417,0.016242,0.2,0.0,0.0,Bellevue_116th_NE12th
219,within,0.24056,0.020523,0.017875,0.033333,0.0,0.0,Bellevue_116th_NE12th
220,within,0.212424,0.002826,0.015482,0.2,0.0,0.0,Bellevue_116th_NE12th
221,within,0.215106,0.00597,0.016117,0.166667,0.0,0.0,Bellevue_116th_NE12th
222,within,0.225759,0.009159,0.01976,0.266667,0.0,0.0,Bellevue_116th_NE12th
223,within,0.378236,0.053093,0.058869,0.476667,0.1,0.033333,Bellevue_116th_NE12th
224,within,0.486978,0.127846,0.086811,0.466667,0.011111,0.011111,Bellevue_116th_NE12th
225,within,0.417993,0.074607,0.06316,0.338889,0.016667,0.066667,Bellevue_116th_NE12th
226,within,0.366821,0.067238,0.046335,0.366667,0.066667,0.066667,Bellevue_116th_NE12th
227,within,0.210203,0.009489,0.012854,0.266667,0.0,0.0,Bellevue_116th_NE12th
228,within,0.256049,0.029673,0.020856,0.166667,0.0,0.0,Bellevue_116th_NE12th
229,within,0.209105,0.004179,0.014597,0.1,0.0,0.0,Bellevue_116th_NE12th
230,within,0.218759,0.015778,0.01432,0.166667,0.0,0.0,Bellevue_116th_NE12th
231,within,0.209919,0.00408,0.015431,0.066667,0.0,0.0,Bellevue_116th_NE12th
232,within,0.211258,0.004067,0.015602,0.266667,0.0,0.0,Bellevue_116th_NE12th
233,within,0.210782,0.004463,0.014979,0.166667,0.0,0.0,Bellevue_116th_NE12th
234,within,0.209338,0.003776,0.014703,0.2,0.0,0.0,Bellevue_116th_NE12th
235,within,0.204465,0.002889,0.013454,0.133333,0.0,0.0,Bellevue_116th_NE12th
236,within,0.204106,0.001356,0.015496,0.1,0.0,0.0,Bellevue_116th_NE12th
237,within,0.211532,0.002522,0.016246,0.166667,0.0,0.0,Bellevue_116th_NE12th
238,within,0.21084,0.004232,0.015463,0.033333,0.0,0.0,Bellevue_116th_NE12th
239,within,0.210344,0.004476,0.01504,0.166667,0.0,0.0,Bellevue_116th_NE12th
240,within,0.212236,0.004851,0.014631,0.166667,0.0,0.0,Bellevue_116th_NE12th
241,within,0.215015,0.005263,0.016144,0.733333,0.0,0.2,Bellevue_116th_NE12th
242,within,0.582239,0.132223,0.104427,0.433333,0.208333,0.016667,Bellevue_116th_NE12th
243,within,0.543824,0.183262,0.066228,0.4,0.1,0.033333,Bellevue_116th_NE12th
244,within,0.273653,0.023109,0.023024,0.3,0.0,0.0,Bellevue_116th_NE12th
245,within,0.211432,0.004272,0.015917,0.2,0.0,0.0,Bellevue_116th_NE12th
246,within,0.211517,0.004515,0.015401,0.266667,0.0,0.0,Bellevue_116th_NE12th
247,within,0.210483,0.00428,0.015159,0.6,0.316667,0.094444,Bellevue_116th_NE12th
248,within,0.544205,0.212341,0.07598,0.708333,0.316667,0.094444,Bellevue_116th_NE12th
249,within,0.405353,0.081426,0.047643,0.2,0.0,0.0,Bellevue_116th_NE12th
250,within,0.210829,0.003803,0.014958,0.033333,0.0,0.0,Bellevue_116th_NE12th
251,within,0.21193,0.004564,0.015603,0.133333,0.0,0.0,Bellevue_116th_NE12th
252,within,0.215325,0.004406,0.016382,0.166667,0.0,0.0,Bellevue_116th_NE12th
253,within,0.218514,0.005549,0.017556,0.1,0.0,0.0,Bellevue_116th_NE12th
254,within,0.218592,0.0077,0.015825,0.3,0.0,0.0,Bellevue_116th_NE12th
255,within,0.213833,0.004523,0.015751,0.166667,0.0,0.0,Bellevue_116th_NE12th
256,within,0.211728,0.003842,0.015486,0.033333,0.0,0.0,Bellevue_116th_NE12th
257,within,0.212365,0.003981,0.01572,0.0,0.0,0.0,Bellevue_116th_NE12th
258,within,0.209271,0.002997,0.014616,0.133333,0.0,0.0,Bellevue_116th_NE12th
259,within,0.221741,0.009137,0.016769,0.066667,0.0,0.0,Bellevue_116th_NE12th
260,within,0.220072,0.014785,0.014381,0.333333,0.0,0.0,Bellevue_116th_NE12th
261,within,0.254675,0.020097,0.027981,0.233333,0.0,0.0,Bellevue_116th_NE12th
262,within,0.320965,0.044372,0.034953,0.3,0.0,0.0,Bellevue_116th_NE12th
263,within,0.355311,0.057669,0.054294,0.372222,0.0,0.0,Bellevue_116th_NE12th
264,within,0.654183,0.168939,0.149561,0.605556,0.2,0.1,Bellevue_116th_NE12th
265,within,0.394244,0.070812,0.045821,0.725,0.352778,0.077778,Bellevue_116th_NE12th
266,within,0.344375,0.050895,0.038369,0.166667,0.0,0.0,Bellevue_116th_NE12th
267,within,0.212059,0.003864,0.015129,0.133333,0.0,0.0,Bellevue_116th_NE12th
268,within,0.209749,0.003125,0.01546,0.2,0.0,0.0,Bellevue_116th_NE12th
269,within,0.214525,0.004599,0.015934,0.2,0.0,0.0,Bellevue_116th_NE12th
270,within,0.21891,0.009838,0.015991,0.266667,0.016667,0.05,Bellevue_116th_NE12th
271,within,0.257258,0.01704,0.019937,0.1,0.0,0.0,Bellevue_116th_NE12th
272,within,0.213949,0.007576,0.013743,0.166667,0.0,0.0,Bellevue_116th_NE12th
273,within,0.218659,0.003871,0.016993,0.133333,0.0,0.0,Bellevue_116th_NE12th
274,within,0.219466,0.012421,0.014866,0.133333,0.0,0.0,Bellevue_116th_NE12th
275,within,0.252693,0.008441,0.024753,0.344444,0.116667,0.0,Bellevue_116th_NE12th
276,within,0.297548,0.035258,0.032104,0.45,0.116667,0.05,Bellevue_116th_NE12th
277,within,0.337513,0.042846,0.037825,0.3,0.0,0.0,Bellevue_116th_NE12th
278,within,0.206239,0.002063,0.013769,0.366667,0.116667,0.033333,Bellevue_116th_NE12th
279,within,0.275754,0.014076,0.03348,0.066667,0.0,0.0,Bellevue_116th_NE12th
280,within,0.217334,0.002997,0.017307,0.3,0.0,0.066667,Bellevue_116th_NE12th
281,within,0.212716,-0.001294,0.017376,0.266667,0.0,0.0,Bellevue_116th_NE12th
282,within,0.211031,0.002993,0.015857,0.2,0.0,0.0,Bellevue_116th_NE12th
283,within,0.223157,0.009229,0.018686,0.166667,0.0,0.0,Bellevue_116th_NE12th
284,within,0.215827,0.004759,0.016791,0.266667,0.0,0.0,Bellevue_116th_NE12th
285,within,0.219452,0.005514,0.017644,0.1,0.0,0.0,Bellevue_116th_NE12th
286,within,0.202392,0.000132,0.014744,0.266667,0.0,0.0,Bellevue_116th_NE12th
287,within,0.343761,0.059121,0.042575,0.283333,0.0,0.033333,Bellevue_116th_NE12th
288,within,0.319154,0.032417,0.034929,0.233333,0.0,0.0,Bellevue_116th_NE12th
289,within,0.219891,0.004239,0.017468,0.2,0.0,0.0,Bellevue_116th_NE12th
290,within,0.217358,0.004353,0.017182,0.3,0.0,0.0,Bellevue_116th_NE12th
291,within,0.210373,0.003428,0.014942,0.266667,0.0,0.0,Bellevue_116th_NE12th
292,within,0.21152,0.003933,0.015535,0.166667,0.0,0.0,Bellevue_116th_NE12th
293,within,0.204319,0.002505,0.013764,0.166667,0.0,0.0,Bellevue_116th_NE12th
294,within,0.206178,0.003105,0.014228,0.522222,0.111111,0.083333,Bellevue_116th_NE12th
295,within,0.597283,0.114756,0.089065,0.5,0.05,0.133333,Bellevue_116th_NE12th
296,within,0.342035,0.053362,0.03553,0.166667,0.0,0.0,Bellevue_116th_NE12th
297,within,0.211073,0.003613,0.015148,0.066667,0.0,0.0,Bellevue_116th_NE12th
298,within,0.214305,0.014786,0.012296,0.166667,0.0,0.0,Bellevue_116th_NE12th
299,within,0.213567,0.014522,0.011985,0.166667,0.0,0.0,Bellevue_116th_NE12th
300,within,0.217534,0.005093,0.016959,0.2,0.0,0.0,Bellevue_116th_NE12th
301,within,0.210817,0.003383,0.015269,0.133333,0.0,0.0,Bellevue_116th_NE12th
302,within,0.212075,0.004197,0.015699,0.266667,0.0,0.0,Bellevue_116th_NE12th
303,within,0.21107,0.003773,0.01561,0.066667,0.0,0.0,Bellevue_116th_NE12th
304,within,0.211698,0.004017,0.015612,0.266667,0.0,0.0,Bellevue_116th_NE12th
305,within,0.216159,0.004818,0.016837,0.133333,0.0,0.0,Bellevue_116th_NE12th
306,within,0.219048,0.005238,0.016876,0.658333,0.072222,0.152778,Bellevue_116th_NE12th
307,within,0.576547,0.274556,0.079036,0.687222,0.462222,0.036111,Bellevue_116th_NE12th
308,within,0.441523,0.079775,0.052265,0.2,0.0,0.0,Bellevue_116th_NE12th
309,within,0.211001,0.005595,0.014535,0.411111,0.088889,0.022222,Bellevue_116th_NE12th
310,within,0.664839,0.173172,0.12373,0.461667,0.152778,0.055556,Bellevue_116th_NE12th
311,within,0.500225,0.109516,0.078762,0.466667,0.1,0.066667,Bellevue_116th_NE12th
312,within,0.433178,0.114851,0.059015,0.402778,0.166667,0.033333,Bellevue_116th_NE12th
313,within,0.3552,0.066646,0.043595,0.272222,0.0,0.0,Bellevue_116th_NE12th
314,within,0.235843,0.019104,0.017188,0.25,0.066667,0.066667,Bellevue_116th_NE12th
315,within,0.527648,0.211557,0.076903,0.533333,0.361111,0.033333,Bellevue_116th_NE12th
316,within,0.491907,0.169801,0.059508,0.305556,0.011111,0.0,Bellevue_116th_NE12th
317,within,0.220219,0.008679,0.016033,0.133333,0.0,0.0,Bellevue_116th_NE12th
318,within,0.212025,0.004283,0.015547,0.45,-0.033333,0.216667,Bellevue_116th_NE12th
319,within,0.352638,0.048917,0.037442,0.3,0.033333,0.083333,Bellevue_116th_NE12th
320,within,0.256167,0.023609,0.023178,0.166667,0.0,0.0,Bellevue_116th_NE12th
321,within,0.213992,0.013558,0.012786,0.3,0.0,0.0,Bellevue_116th_NE12th
322,within,0.246433,0.025769,0.018373,0.2,0.0,0.0,Bellevue_116th_NE12th
323,within,0.209115,0.00425,0.014472,0.166667,0.0,0.0,Bellevue_116th_NE12th
324,within,0.205853,0.00355,0.014098,0.166667,0.0,0.0,Bellevue_116th_NE12th
325,within,0.208012,0.00388,0.014329,0.033333,0.0,0.0,Bellevue_116th_NE12th
326,within,0.212215,0.012755,0.013219,0.1,0.0,0.0,Bellevue_116th_NE12th
327,within,0.230494,0.020442,0.015627,0.505556,0.116667,0.1,Bellevue_116th_NE12th
328,within,0.269023,0.021889,0.029322,0.266667,0.0,0.0,Bellevue_116th_NE12th
329,within,0.234384,0.019345,0.014939,0.233333,0.0,0.0,Bellevue_116th_NE12th
330,within,0.210071,0.012238,0.012004,0.233333,0.0,0.0,Bellevue_116th_NE12th
331,within,0.21998,0.010066,0.018136,0.516667,-0.033333,0.033333,Bellevue_116th_NE12th
332,within,0.482793,0.063902,0.102679,0.333333,0.066667,0.066667,Bellevue_116th_NE12th
333,within,0.331353,0.047295,0.030635,0.2,0.0,0.0,Bellevue_116th_NE12th
334,within,0.327252,0.058533,0.034359,0.266667,0.055556,0.0,Bellevue_116th_NE12th
335,within,0.501593,0.15858,0.070081,0.433333,0.122222,0.0,Bellevue_116th_NE12th
336,within,0.36443,0.061602,0.049828,0.233333,0.0,0.0,Bellevue_116th_NE12th
337,within,0.207294,0.002684,0.014515,0.2,0.0,0.0,Bellevue_116th_NE12th
338,within,0.211555,0.010979,0.013464,0.233333,0.0,0.0,Bellevue_116th_NE12th
339,within,0.374173,0.077422,0.050801,0.45,0.061111,0.066667,Bellevue_116th_NE12th
340,within,0.583067,0.201333,0.090213,0.363889,-0.305556,0.058333,Bellevue_116th_NE12th
341,within,0.269636,0.007569,0.023658,0.544444,-0.033333,0.022222,Bellevue_116th_NE12th
342,within,0.673843,0.212097,0.129033,0.813889,0.463889,0.108333,Bellevue_116th_NE12th
343,within,0.671522,0.206119,0.125036,0.5,0.216667,0.0,Bellevue_116th_NE12th
344,within,0.325846,0.045265,0.042272,0.494444,0.083333,0.0,Bellevue_116th_NE12th
345,within,0.381724,0.06768,0.045859,0.2,0.0,0.0,Bellevue_116th_NE12th
346,within,0.208105,0.004969,0.015373,0.266667,0.0,0.0,Bellevue_116th_NE12th
347,within,0.20521,0.003257,0.013562,0.066667,0.0,0.0,Bellevue_116th_NE12th
348,within,0.212735,0.01162,0.012569,0.283333,0.083333,0.033333,Bellevue_116th_NE12th
349,within,0.571954,0.248429,0.08473,0.25,0.066667,0.0,Bellevue_116th_NE12th
350,within,0.458856,0.110968,0.056416,0.3,0.0,0.0,Bellevue_116th_NE12th
351,within,0.204941,0.003882,0.01241,0.4,0.0,0.0,Bellevue_116th_NE12th
352,within,0.214821,0.004582,0.01567,0.366667,-0.055556,0.083333,Bellevue_116th_NE12th
353,within,0.584675,0.054018,0.170168,0.533333,-0.133333,0.35,Bellevue_116th_NE12th
354,within,0.419411,0.069137,0.052659,0.7,0.0,0.7,Bellevue_116th_NE12th
355,within,0.212033,0.006952,0.013071,0.416667,0.0,0.0,Bellevue_116th_NE12th
356,within,0.564067,0.234111,0.089173,0.588889,0.166667,0.133333,Bellevue_116th_NE12th
357,within,0.602847,0.09627,0.167019,0.15,0.033333,0.0,Bellevue_116th_NE12th
358,within,0.509198,0.122647,0.086108,0.683333,0.25,0.1,Bellevue_116th_NE12th
359,within,0.425062,0.033687,0.076142,0.25,0.033333,0.0,Bellevue_116th_NE12th
360,within,0.561026,0.208621,0.072242,0.555556,0.133333,0.183333,Bellevue_116th_NE12th
361,within,0.37888,0.060893,0.051183,0.2,0.0,0.0,Bellevue_116th_NE12th
362,within,0.215871,0.007479,0.016724,0.233333,0.0,0.0,Bellevue_116th_NE12th
363,within,0.283281,0.026853,0.036566,0.483333,0.033333,0.016667,Bellevue_116th_NE12th
364,within,0.221757,0.012268,0.014882,0.2,0.0,0.0,Bellevue_116th_NE12th
365,within,0.208279,0.007602,0.013328,0.233333,0.0,0.0,Bellevue_116th_NE12th
366,within,0.205199,0.0034,0.013732,0.233333,0.0,0.0,Bellevue_116th_NE12th
367,within,0.200961,0.002034,0.012723,0.233333,0.0,0.0,Bellevue_116th_NE12th
368,within,0.20466,0.007885,0.011601,0.2,0.0,0.0,Bellevue_116th_NE12th
369,within,0.205968,0.00284,0.014058,0.166667,0.0,0.0,Bellevue_116th_NE12th
370,within,0.344842,0.06272,0.042518,0.333333,0.033333,0.0,Bellevue_116th_NE12th
371,within,0.366472,0.054562,0.050242,0.383333,0.016667,0.15,Bellevue_116th_NE12th
372,within,0.630659,0.107203,0.140205,0.516667,0.016667,0.066667,Bellevue_116th_NE12th
373,within,0.486338,0.117897,0.063994,0.605556,0.066667,0.0,Bellevue_116th_NE12th
374,within,0.49751,0.162866,0.078488,0.266667,0.033333,0.016667,Bellevue_116th_NE12th
375,within,0.280911,0.019873,0.032107,0.5,0.15,0.033333,Bellevue_116th_NE12th
376,within,0.3357,0.047896,0.036008,0.3,0.0,0.0,Bellevue_116th_NE12th
377,within,0.210122,0.003663,0.014588,0.166667,0.0,0.0,Bellevue_116th_NE12th
378,within,0.207044,0.001835,0.016053,0.266667,0.0,0.0,Bellevue_116th_NE12th
379,within,0.204867,0.003298,0.014181,0.066667,0.0,0.0,Bellevue_116th_NE12th
380,within,0.216568,0.013988,0.013293,0.2,0.0,0.0,Bellevue_116th_NE12th
381,within,0.206135,0.007116,0.013041,0.3,0.0,0.0,Bellevue_116th_NE12th
382,within,0.211684,0.012807,0.012433,0.3,0.0,0.0,Bellevue_116th_NE12th
383,within,0.205025,0.008796,0.012027,0.166667,0.0,0.0,Bellevue_116th_NE12th
384,within,0.489816,0.154602,0.078321,0.188889,0.1,0.0,Bellevue_116th_NE12th
385,within,0.459767,0.121484,0.059094,0.241667,0.0,0.016667,Bellevue_116th_NE12th
386,within,0.276961,0.020758,0.026518,0.3,0.0,0.0,Bellevue_116th_NE12th
387,within,0.293067,0.021898,0.029102,0.533333,-0.066667,0.35,Bellevue_116th_NE12th
388,within,0.656051,0.172849,0.118235,0.616667,0.061111,0.15,Bellevue_116th_NE12th
389,within,0.357697,0.054932,0.037406,0.566667,0.0,0.0,Bellevue_116th_NE12th
390,within,0.218277,0.004674,0.018,0.166667,0.0,0.0,Bellevue_116th_NE12th
391,within,0.211281,0.009659,0.013464,0.55,0.233333,0.0,Bellevue_116th_NE12th
392,within,0.522487,0.181687,0.072519,0.358333,0.011111,0.15,Bellevue_116th_NE12th
393,within,0.499711,0.079254,0.065953,0.3,-0.033333,0.033333,Bellevue_116th_NE12th
394,within,0.344936,0.059085,0.044133,0.5,0.044444,0.033333,Bellevue_116th_NE12th
395,within,0.26101,0.020201,0.022285,0.366667,0.0,0.0,Bellevue_116th_NE12th
396,within,0.213221,0.006751,0.016209,0.166667,0.0,0.0,Bellevue_116th_NE12th
397,within,0.209359,0.00415,0.01446,0.233333,-0.033333,0.033333,Bellevue_116th_NE12th
398,within,0.202359,0.003712,0.01183,0.3,0.0,0.0,Bellevue_116th_NE12th
399,within,0.208157,0.004417,0.014366,0.4,0.0,0.0,Bellevue_116th_NE12th
400,within,0.351449,0.068503,0.039635,0.555556,0.183333,0.116667,Bellevue_116th_NE12th
401,within,0.540214,0.220668,0.070215,0.511667,0.153889,0.015,Bellevue_116th_NE12th
402,within,0.540133,0.09425,0.074035,0.521111,0.233333,0.094444,Bellevue_116th_NE12th
403,within,0.527075,0.148653,0.086423,0.616667,0.233333,0.033333,Bellevue_116th_NE12th
404,within,0.247551,0.014653,0.020018,0.833333,0.0,0.0,Bellevue_116th_NE12th
405,within,0.215969,0.002913,0.015229,0.133333,0.0,0.0,Bellevue_116th_NE12th
406,within,0.21435,0.008601,0.015222,0.2,0.0,0.0,Bellevue_116th_NE12th
407,within,0.451162,0.110212,0.077994,0.366667,0.066667,0.0,Bellevue_116th_NE12th
408,within,0.278523,0.02232,0.026595,0.166667,0.0,0.0,Bellevue_116th_NE12th
409,within,0.205038,0.003109,0.013919,0.438889,0.027778,0.033333,Bellevue_116th_NE12th
410,within,0.60424,0.1589,0.098519,0.277778,0.0,0.016667,Bellevue_116th_NE12th
411,within,0.465457,0.019765,0.088174,0.572222,0.2,0.1,Bellevue_116th_NE12th
412,within,0.411331,0.07103,0.051741,0.35,0.15,0.0,Bellevue_116th_NE12th
413,within,0.221932,0.004361,0.017529,0.4,0.0,0.0,Bellevue_116th_NE12th
414,within,0.219402,0.005246,0.016458,0.133333,0.0,0.0,Bellevue_116th_NE12th
415,within,0.519711,0.182149,0.085717,0.333333,0.066667,0.066667,Bellevue_116th_NE12th
416,within,0.535177,0.164838,0.090095,0.666667,0.233333,0.233333,Bellevue_116th_NE12th
417,within,0.421788,0.112548,0.053883,0.2,0.0,0.0,Bellevue_116th_NE12th
418,within,0.56183,0.075652,0.157845,0.85,0.594444,0.033333,Bellevue_116th_NE12th
419,within,0.62009,0.12635,0.142653,0.444444,0.2,0.0,Bellevue_116th_NE12th
420,within,0.212498,0.003595,0.015462,0.62,0.15,0.061111,Bellevue_116th_NE12th
421,within,0.482606,0.14337,0.065224,0.738889,0.422222,0.033333,Bellevue_116th_NE12th
422,within,0.539408,0.137042,0.081278,0.372222,0.016667,0.033333,Bellevue_116th_NE12th
423,within,0.226995,0.007978,0.017416,0.2,0.0,0.0,Bellevue_116th_NE12th
424,within,0.236511,0.020178,0.018593,0.5,-0.133333,0.233333,Bellevue_116th_NE12th
425,within,0.696295,0.150278,0.156889,0.683889,0.069444,0.072222,Bellevue_116th_NE12th
426,within,0.432712,0.086092,0.056492,0.538889,0.05,0.016667,Bellevue_116th_NE12th
427,within,0.244315,0.016641,0.014372,0.3,0.0,0.0,Bellevue_116th_NE12th
428,within,0.3337,0.065498,0.039933,0.1,0.0,0.0,Bellevue_116th_NE12th
429,within,0.232681,0.012806,0.013431,0.4,0.0,0.0,Bellevue_116th_NE12th
430,within,0.20926,0.003585,0.01433,0.266667,0.0,0.0,Bellevue_116th_NE12th
431,within,0.218405,0.012579,0.014501,0.833333,0.0,0.5,Bellevue_116th_NE12th
432,within,0.625259,0.095285,0.168927,0.711111,0.113889,0.219444,Bellevue_116th_NE12th
433,within,0.516527,0.148698,0.075151,0.133333,0.033333,0.0,Bellevue_116th_NE12th
434,within,0.296686,0.017051,0.029486,0.488889,0.383333,0.044444,Bellevue_116th_NE12th
435,within,0.583653,0.239137,0.089155,0.427778,0.183333,0.033333,Bellevue_116th_NE12th
436,within,0.6304,0.218826,0.107606,0.405556,0.188889,0.044444,Bellevue_116th_NE12th
437,within,0.539261,0.207979,0.075882,0.183333,0.027778,0.0,Bellevue_116th_NE12th
438,within,0.477265,0.14601,0.057995,0.538889,0.1,0.05,Bellevue_116th_NE12th
439,within,0.526177,0.193424,0.070444,0.5,0.133333,0.1,Bellevue_116th_NE12th
440,within,0.23134,0.001742,0.017211,0.4,0.0,0.0,Bellevue_116th_NE12th
441,within,0.457172,0.041971,0.118203,0.191667,-0.016667,0.033333,Bellevue_116th_NE12th
442,within,0.441504,0.070264,0.064733,0.672222,0.033333,0.027778,Bellevue_116th_NE12th
443,within,0.637555,0.213779,0.108138,0.530556,0.123333,0.08,Bellevue_116th_NE12th
444,within,0.591626,0.213001,0.10123,0.466667,0.183333,0.016667,Bellevue_116th_NE12th
445,within,0.53288,0.163227,0.090483,0.35,0.088889,0.0,Bellevue_116th_NE12th
446,within,0.608857,0.192968,0.108729,0.575556,0.175,0.155556,Bellevue_116th_NE12th
447,within,0.496687,0.153794,0.074293,0.288889,0.1,0.05,Bellevue_116th_NE12th
448,within,0.545546,0.155585,0.093234,0.266667,0.05,0.033333,Bellevue_116th_NE12th
449,within,0.570502,0.154704,0.120657,0.497222,-0.255556,0.525,Bellevue_116th_NE12th
450,within,0.621686,0.16345,0.147274,0.478333,0.109286,0.038333,Bellevue_116th_NE12th
451,within,0.589751,0.206363,0.089145,0.876984,0.582341,0.116429,Bellevue_116th_NE12th
452,within,0.490335,0.154595,0.072083,0.52627,0.154444,0.047222,Bellevue_116th_NE12th
453,within,0.598803,0.24221,0.080482,0.522222,0.055556,0.052778,Bellevue_116th_NE12th
454,within,0.666935,0.193634,0.12775,0.566667,0.083333,0.233333,Bellevue_116th_NE12th
455,within,0.570874,0.164583,0.109193,0.291667,0.044444,0.05,Bellevue_116th_NE12th
456,within,0.586391,0.138557,0.143244,0.411111,0.15,0.066667,Bellevue_116th_NE12th
457,within,0.512906,0.177005,0.071974,0.541667,0.208889,0.109444,Bellevue_116th_NE12th
458,within,0.567286,0.160183,0.117632,0.66172,0.248148,0.163823,Bellevue_116th_NE12th
459,within,0.591243,0.20183,0.086936,0.564405,0.14123,0.095873,Bellevue_116th_NE12th
460,within,0.649914,0.157382,0.110824,0.633333,0.072222,0.041667,Bellevue_116th_NE12th
461,within,0.617303,0.14754,0.137883,0.416111,0.136667,0.041667,Bellevue_116th_NE12th
462,within,0.643142,0.20917,0.094674,0.437222,0.06,0.081111,Bellevue_116th_NE12th
463,within,0.482429,0.159654,0.061071,0.555556,0.461111,0.0,Bellevue_116th_NE12th
464,within,0.618033,0.17962,0.103515,0.4,0.033333,0.1,Bellevue_116th_NE12th
465,within,0.555514,0.181349,0.071813,0.066667,0.033333,0.033333,Bellevue_116th_NE12th
466,within,0.469201,0.141356,0.067383,0.383333,0.116667,0.05,Bellevue_116th_NE12th
467,within,0.496416,0.145624,0.083822,0.363889,0.125,0.041667,Bellevue_116th_NE12th
468,within,0.500591,0.166327,0.066744,0.475,0.263889,0.052778,Bellevue_116th_NE12th
469,within,0.55601,0.174278,0.087197,0.387778,0.122222,0.05,Bellevue_116th_NE12th
470,within,0.480803,0.146169,0.063709,0.488889,0.177778,0.066667,Bellevue_116th_NE12th
471,within,0.473579,0.138697,0.053606,0.190556,0.036667,0.025,Bellevue_116th_NE12th
472,within,0.520518,0.168478,0.073716,0.567222,0.297778,0.065,Bellevue_116th_NE12th
473,within,0.477521,0.146391,0.064335,0.30381,0.109762,0.063095,Bellevue_116th_NE12th
474,within,0.485759,0.144348,0.052747,0.416667,0.233333,0.0,Bellevue_116th_NE12th
475,within,0.442742,0.12492,0.051191,0.605556,0.066667,0.116667,Bellevue_116th_NE12th
476,within,0.514448,0.145007,0.057264,0.283333,0.116667,0.0,Bellevue_116th_NE12th
477,within,0.538919,0.145241,0.086565,0.466667,-0.016667,0.166667,Bellevue_116th_NE12th
478,within,0.551007,0.142334,0.095228,0.486111,0.155556,0.125,Bellevue_116th_NE12th
479,within,0.469275,0.11673,0.05756,0.586111,0.105556,0.111111,Bellevue_116th_NE12th
480,within,0.501313,0.128679,0.065697,0.533333,0.15,0.05,Bellevue_116th_NE12th
481,within,0.512703,0.165259,0.065139,0.477381,0.045833,0.067778,Bellevue_116th_NE12th
482,within,0.466187,0.131401,0.05887,0.538135,0.103452,0.042857,Bellevue_116th_NE12th
483,within,0.523852,0.138283,0.062463,0.508189,0.110123,0.038005,Bellevue_116th_NE12th
484,within,0.482186,0.119105,0.062036,0.628373,0.025,0.154484,Bellevue_116th_NE12th
485,within,0.507154,0.105909,0.070485,0.700397,0.127302,0.181984,Bellevue_116th_NE12th
486,within,0.449137,0.106393,0.053167,0.527778,0.075,0.177778,Bellevue_116th_NE12th
487,within,0.542683,0.125565,0.07202,0.386111,-0.111667,0.302778,Bellevue_116th_NE12th
488,within,0.434575,0.118162,0.053751,0.412468,0.1618,0.031999,Bellevue_116th_NE12th
489,within,0.450697,0.101036,0.056847,0.592411,0.117795,0.130402,Bellevue_116th_NE12th
490,within,0.432425,0.116734,0.05368,0.734272,0.110582,0.247077,Bellevue_116th_NE12th
491,within,0.471099,0.081555,0.055843,0.534524,0.132778,0.046667,Bellevue_116th_NE12th
492,within,0.482772,0.084294,0.061815,0.488889,0.15,0.066667,Bellevue_116th_NE12th
493,within,0.457262,0.095145,0.053841,0.365556,0.056667,0.0,Bellevue_116th_NE12th
494,within,0.432527,0.089997,0.052406,0.546667,0.104444,0.053889,Bellevue_116th_NE12th
495,within,0.439886,0.087342,0.050051,0.630556,0.088889,0.066667,Bellevue_116th_NE12th
496,within,0.417732,0.100589,0.053657,0.616587,0.181905,0.102222,Bellevue_116th_NE12th
497,within,0.419794,0.092962,0.052126,0.497923,0.08418,0.092116,Bellevue_116th_NE12th
498,within,0.486074,0.065458,0.061984,0.867063,0.523968,0.113651,Bellevue_116th_NE12th
499,within,0.505439,0.060752,0.058807,0.720476,0.13623,0.164167,Bellevue_116th_NE12th
500,within,0.45644,0.096892,0.056747,0.573452,0.134246,0.085913,Bellevue_116th_NE12th
501,within,0.426539,0.082261,0.052542,0.521111,0.039405,0.095172,Bellevue_116th_NE12th
502,within,0.407729,0.088149,0.054112,0.556587,0.126429,0.058095,Bellevue_116th_NE12th
503,within,0.428916,0.101744,0.055976,0.518333,0.076667,0.052222,Bellevue_116th_NE12th
504,within,0.454288,0.10871,0.053692,0.45,0.016667,0.05,Bellevue_116th_NE12th
505,within,0.49338,0.098537,0.068804,0.541667,-0.002778,0.211111,Bellevue_116th_NE12th
506,within,0.455186,0.084012,0.063936,0.544299,0.131944,0.058651,Bellevue_116th_NE12th
507,within,0.452589,0.102386,0.059999,0.66627,0.036111,0.034444,Bellevue_116th_NE12th
508,within,0.408348,0.10609,0.052578,0.505556,0.159484,0.024802,Bellevue_116th_NE12th
509,within,0.426244,0.088127,0.062611,0.506905,0.282685,0.008929,Bellevue_116th_NE12th
510,within,0.419897,0.101385,0.053131,0.574401,0.178496,0.048387,Bellevue_116th_NE12th
511,within,0.438474,0.099722,0.057684,0.580159,0.038333,0.125,Bellevue_116th_NE12th
512,within,0.448678,0.111242,0.056655,0.568016,0.098413,0.101667,Bellevue_116th_NE12th
513,within,0.439161,0.102151,0.052646,0.450556,0.074444,0.058333,Bellevue_116th_NE12th
514,within,0.417975,0.118512,0.055617,0.40004,0.040317,0.059841,Bellevue_116th_NE12th
515,within,0.405042,0.097915,0.0496,0.609365,0.135873,0.085873,Bellevue_116th_NE12th
516,within,0.429928,0.117484,0.052756,0.416667,0.152778,0.069444,Bellevue_116th_NE12th
517,within,0.423643,0.095221,0.045401,0.408611,0.178333,0.027778,Bellevue_116th_NE12th
518,within,0.49006,0.133609,0.063117,0.621047,0.197629,0.12934,Bellevue_116th_NE12th
519,within,0.416969,0.073576,0.050459,0.57026,0.168815,0.134221,Bellevue_116th_NE12th
520,within,0.451669,0.080919,0.055203,0.530152,0.167977,0.108469,Bellevue_116th_NE12th
521,within,0.449254,0.094894,0.055367,0.680754,0.10463,0.105423,Bellevue_116th_NE12th
522,within,0.403695,0.092978,0.051858,0.61345,0.078163,0.087964,Bellevue_116th_NE12th
523,within,0.440801,0.104278,0.053937,0.59119,0.063413,0.124206,Bellevue_116th_NE12th
524,within,0.417078,0.105707,0.046449,0.360556,0.075,0.1,Bellevue_116th_NE12th
525,within,0.449801,0.108426,0.047497,0.630556,0.175,0.141667,Bellevue_116th_NE12th
526,within,0.472558,0.126351,0.057062,0.481587,0.102222,0.011111,Bellevue_116th_NE12th
527,within,0.430055,0.107471,0.051668,0.618254,0.040556,0.064444,Bellevue_116th_NE12th
528,within,0.407826,0.099521,0.050847,0.627778,0.102778,0.052778,Bellevue_116th_NE12th
529,within,0.43065,0.1139,0.054022,0.454444,0.041812,0.049392,Bellevue_116th_NE12th
530,within,0.386914,0.09837,0.047238,0.595394,0.226629,0.028468,Bellevue_116th_NE12th
531,within,0.428213,0.102938,0.049755,0.806429,0.221508,0.081905,Bellevue_116th_NE12th
532,within,0.381808,0.095638,0.043796,0.699048,0.057937,0.085595,Bellevue_116th_NE12th
533,within,0.458875,0.107809,0.051562,0.388889,0.04,0.044444,Bellevue_116th_NE12th
534,within,0.484147,0.136695,0.059637,0.766945,0.101111,0.086111,Bellevue_116th_NE12th
535,within,0.443945,0.09802,0.054026,0.706071,0.132857,0.036111,Bellevue_116th_NE12th
536,within,0.452439,0.126021,0.05657,0.674444,0.101865,0.076151,Bellevue_116th_NE12th
537,within,0.459557,0.08727,0.047868,0.746773,0.209272,0.056406,Bellevue_116th_NE12th
538,within,0.614556,0.05543,0.050946,0.744885,0.310662,0.039882,Bellevue_116th_NE12th
539,within,0.39819,0.112824,0.045136,0.603199,0.069313,0.052977,Bellevue_116th_NE12th
540,within,0.397435,0.09578,0.046131,0.591438,0.09986,0.082267,Bellevue_116th_NE12th
541,within,0.486193,0.101832,0.059414,0.727364,0.14196,0.111708,Bellevue_116th_NE12th
542,within,0.409286,0.122267,0.048903,0.637644,0.158058,0.061934,Bellevue_116th_NE12th
543,within,0.408896,0.116401,0.047483,0.634619,0.090663,0.120654,Bellevue_116th_NE12th
544,within,0.435045,0.128792,0.049474,0.648889,0.140476,0.027024,Bellevue_116th_NE12th
545,within,0.406395,0.121372,0.047278,0.566667,0.0,0.066667,Bellevue_116th_NE12th
546,within,0.543711,0.157726,0.044765,0.352778,-0.116111,0.159444,Bellevue_116th_NE12th
547,within,0.444112,0.120674,0.052534,0.726667,0.148651,0.051111,Bellevue_116th_NE12th
548,within,0.459317,0.137481,0.051713,0.744444,0.158333,0.011111,Bellevue_116th_NE12th
549,within,0.395163,0.111765,0.045051,0.569579,0.142172,0.07479,Bellevue_116th_NE12th
550,within,0.402129,0.112595,0.047097,0.527763,0.013849,0.055744,Bellevue_116th_NE12th
551,within,0.40942,0.119536,0.049846,0.624582,0.126114,0.008889,Bellevue_116th_NE12th
552,within,0.41243,0.119551,0.047681,0.683743,0.156348,0.082596,Bellevue_116th_NE12th
553,within,0.419431,0.116476,0.047661,0.756218,0.107194,0.043911,Bellevue_116th_NE12th
554,within,0.479328,0.12035,0.053525,0.588404,0.08573,0.041867,Bellevue_116th_NE12th
555,within,0.412234,0.119555,0.046242,0.574607,0.067939,0.094283,Bellevue_116th_NE12th
556,within,0.426597,0.116879,0.047596,0.650895,0.18009,0.067373,Bellevue_116th_NE12th
557,within,0.408402,0.121333,0.046799,0.453468,0.057146,0.064299,Bellevue_116th_NE12th
558,within,0.437459,0.122509,0.049753,0.566141,0.04349,0.084298,Bellevue_116th_NE12th
559,within,0.438292,0.125218,0.047234,0.483625,0.019754,0.098269,Bellevue_116th_NE12th
560,within,0.405355,0.117396,0.046676,0.56727,0.130456,0.058599,Bellevue_116th_NE12th
561,within,0.415555,0.103664,0.047494,0.50602,0.088792,0.048952,Bellevue_116th_NE12th
562,within,0.422086,0.121761,0.047271,0.526297,0.036202,0.042554,Bellevue_116th_NE12th
563,within,0.439802,0.125583,0.051125,0.554042,0.110345,0.013401,Bellevue_116th_NE12th
564,within,0.455167,0.114717,0.049292,0.779603,0.233452,0.075357,Bellevue_116th_NE12th
565,within,0.433277,0.099616,0.04488,0.642222,0.128889,0.108333,Bellevue_116th_NE12th
566,within,0.412071,0.116299,0.047483,0.633333,0.138889,0.172222,Bellevue_116th_NE12th
567,within,0.427121,0.118324,0.048068,0.513889,0.05213,0.026706,Bellevue_116th_NE12th
568,within,0.452258,0.147186,0.05148,0.60658,0.108896,0.045437,Bellevue_116th_NE12th
569,within,0.41513,0.13085,0.046658,0.381954,0.066287,0.026263,Bellevue_116th_NE12th
570,within,0.422702,0.120688,0.046834,0.280423,-0.005556,0.014484,Bellevue_116th_NE12th
571,within,0.469748,0.128599,0.045318,0.469444,0.057222,0.078333,Bellevue_116th_NE12th
572,within,0.457741,0.123159,0.051397,0.62504,0.157262,0.134193,Bellevue_116th_NE12th
573,within,0.376804,0.112785,0.042118,0.544899,0.128744,0.043164,Bellevue_116th_NE12th
574,within,0.409345,0.107812,0.044647,0.462552,0.066765,0.082962,Bellevue_116th_NE12th
575,within,0.457788,0.121246,0.051493,0.720556,0.22,0.055,Bellevue_116th_NE12th
576,within,0.526042,0.16366,0.053408,0.334722,0.083333,0.062222,Bellevue_116th_NE12th
577,within,0.442648,0.133453,0.05086,0.399652,0.079129,0.042335,Bellevue_116th_NE12th
578,within,0.476919,0.122289,0.050766,0.452793,0.035603,0.101906,Bellevue_116th_NE12th
579,within,0.445166,0.111633,0.052518,0.527835,0.110047,0.089791,Bellevue_116th_NE12th
580,within,0.481954,0.129093,0.0523,0.672222,0.040556,0.015,Bellevue_116th_NE12th
581,within,0.417634,0.114526,0.053248,0.579471,0.235066,0.034444,Bellevue_116th_NE12th
582,within,0.382861,0.116581,0.042806,0.52928,0.218071,0.023319,Bellevue_116th_NE12th
583,within,0.425675,0.12092,0.047578,0.483537,0.097066,0.022505,Bellevue_116th_NE12th
584,within,0.430682,0.115898,0.049062,0.552758,0.109926,0.040768,Bellevue_116th_NE12th
585,within,0.456129,0.136778,0.053904,0.482269,0.145613,0.054359,Bellevue_116th_NE12th
586,within,0.485041,0.120513,0.051953,0.475705,0.030067,0.116246,Bellevue_116th_NE12th
587,within,0.452199,0.118505,0.051479,0.509031,0.050837,0.068242,Bellevue_116th_NE12th
588,within,0.42444,0.124371,0.048301,0.479147,0.098781,0.042211,Bellevue_116th_NE12th
589,within,0.433986,0.116512,0.048297,0.436398,0.089322,0.067452,Bellevue_116th_NE12th
590,within,0.422117,0.110588,0.04684,0.330904,0.019842,0.062755,Bellevue_116th_NE12th
591,within,0.470894,0.127858,0.051999,0.43166,0.060635,0.036121,Bellevue_116th_NE12th
592,within,0.456084,0.123384,0.052088,0.564426,0.057953,0.057275,Bellevue_116th_NE12th
593,within,0.416496,0.125517,0.049532,0.443175,0.131386,0.064987,Bellevue_116th_NE12th
594,within,0.463359,0.114864,0.053149,0.531206,0.169435,0.07205,Bellevue_116th_NE12th
595,within,0.651047,0.102933,0.082766,0.573696,-0.00291,0.10874,Bellevue_116th_NE12th
596,within,0.404142,0.106212,0.045425,0.664312,0.069259,0.084854,Bellevue_116th_NE12th
597,within,0.474064,0.13337,0.053407,0.600952,0.120556,0.044762,Bellevue_116th_NE12th
598,within,0.407701,0.118009,0.04674,0.505823,0.109066,0.041987,Bellevue_116th_NE12th
599,within,0.518248,0.13372,0.075127,0.665854,0.163018,0.081601,Bellevue_116th_NE12th
600,within,0.541547,0.096658,0.048733,0.617196,0.145291,0.042169,Bellevue_116th_NE12th
601,within,0.633253,0.06929,0.055986,0.569686,0.088056,0.041049,Bellevue_116th_NE12th
602,within,0.474804,0.1296,0.056134,0.421043,0.10905,0.026649,Bellevue_116th_NE12th
603,within,0.509745,0.129812,0.054737,0.708975,0.121889,0.155126,Bellevue_116th_NE12th
604,within,0.515546,0.10437,0.080702,0.620221,0.091735,0.044101,Bellevue_116th_NE12th
605,within,0.415812,0.117999,0.046172,0.579191,0.043136,0.167964,Bellevue_116th_NE12th
606,within,0.39715,0.104238,0.044007,0.690833,0.096667,0.077222,Bellevue_116th_NE12th
607,within,0.436411,0.134467,0.05277,0.47944,0.057346,0.075081,Bellevue_116th_NE12th
608,within,0.425799,0.122819,0.046896,0.656047,0.071344,0.084487,Bellevue_116th_NE12th
609,within,0.482335,0.14042,0.055372,0.603902,0.049334,0.05907,Bellevue_116th_NE12th
610,within,0.430064,0.121305,0.048291,0.485445,0.036611,0.072246,Bellevue_116th_NE12th
611,within,0.452793,0.118106,0.051513,0.612466,0.072989,0.041931,Bellevue_116th_NE12th
612,within,0.414706,0.119967,0.046862,0.56421,0.039252,0.027079,Bellevue_116th_NE12th
613,within,0.456304,0.123343,0.051147,0.54519,0.10775,0.040808,Bellevue_116th_NE12th
614,within,0.460401,0.125371,0.053892,0.650992,0.068373,0.08,Bellevue_116th_NE12th
615,within,0.453409,0.124878,0.049453,0.635013,0.133399,0.031944,Bellevue_116th_NE12th
616,within,0.481118,0.136366,0.056757,0.671043,0.097068,0.030438,Bellevue_116th_NE12th
617,within,0.425198,0.118896,0.052836,0.497507,0.059722,0.065629,Bellevue_116th_NE12th
618,within,0.470645,0.132586,0.055515,0.48286,0.1072,0.040141,Bellevue_116th_NE12th
619,within,0.603419,0.144615,0.082521,0.505256,0.117988,0.060234,Bellevue_116th_NE12th
620,within,0.58659,0.123224,0.075072,0.723176,0.150238,0.090128,Bellevue_116th_NE12th
621,within,0.556102,0.129436,0.107468,0.649666,0.116414,0.03458,Bellevue_116th_NE12th
622,within,0.468692,0.118083,0.053555,0.483173,0.007803,0.017264,Bellevue_116th_NE12th
623,within,0.439254,0.124257,0.050252,0.41422,0.046812,0.041627,Bellevue_116th_NE12th
624,within,0.469977,0.11875,0.053545,0.649286,0.066984,0.044762,Bellevue_116th_NE12th
625,within,0.441115,0.135253,0.051197,0.639525,0.057645,0.113424,Bellevue_116th_NE12th
626,within,0.434669,0.122963,0.04777,0.55341,0.05358,0.06508,Bellevue_116th_NE12th
627,within,0.443118,0.125748,0.049845,0.591623,0.078275,0.052954,Bellevue_116th_NE12th
628,within,0.466708,0.12921,0.052612,0.591489,0.039137,0.018651,Bellevue_116th_NE12th
629,within,0.443692,0.125714,0.049819,0.630238,0.088333,0.028095,Bellevue_116th_NE12th
630,within,0.462828,0.135853,0.055279,0.807989,0.128704,0.105952,Bellevue_116th_NE12th
631,within,0.502753,0.134446,0.066009,0.607919,0.132705,0.0345,Bellevue_116th_NE12th
632,within,0.478821,0.118181,0.079519,0.512324,0.162594,0.045272,Bellevue_116th_NE12th
633,within,0.47629,0.131581,0.052784,0.576941,0.081456,0.032367,Bellevue_116th_NE12th
634,within,0.44819,0.119762,0.059525,0.51276,0.079054,0.07593,Bellevue_116th_NE12th
635,within,0.461172,0.123522,0.05042,0.675918,0.053971,0.113365,Bellevue_116th_NE12th
636,within,0.488899,0.135162,0.053018,0.619286,0.110873,0.025556,Bellevue_116th_NE12th
637,within,0.448384,0.126511,0.060133,0.545714,0.078095,0.0,Bellevue_116th_NE12th
638,within,0.455922,0.128821,0.057526,0.668413,0.060556,0.023651,Bellevue_116th_NE12th
639,within,0.461923,0.123006,0.060561,0.640869,0.068917,0.085992,Bellevue_116th_NE12th
640,within,0.486806,0.124995,0.052347,0.706071,0.069484,0.020556,Bellevue_116th_NE12th
641,within,0.506641,0.119087,0.057878,0.583333,0.066667,0.0,Bellevue_116th_NE12th
642,within,0.483644,0.119803,0.065474,0.623492,0.173333,0.072222,Bellevue_116th_NE12th
643,within,0.443879,0.114437,0.061231,0.614257,0.256972,0.061999,Bellevue_116th_NE12th
644,within,0.461553,0.128565,0.058849,0.517781,0.198011,0.033271,Bellevue_116th_NE12th
645,within,0.540164,0.128349,0.051899,0.455344,0.070157,0.00735,Bellevue_116th_NE12th
646,within,0.536717,0.126306,0.07129,0.579151,0.100795,0.021574,Bellevue_116th_NE12th
647,within,0.450375,0.11618,0.064934,0.695233,0.169834,0.039656,Bellevue_116th_NE12th
648,within,0.503258,0.134155,0.052026,0.680156,0.151477,0.030566,Bellevue_116th_NE12th
649,within,0.577733,0.127819,0.056055,0.618294,0.045317,0.011111,Bellevue_116th_NE12th
650,within,0.440787,0.123853,0.051241,0.636574,0.041098,0.049008,Bellevue_116th_NE12th
651,within,0.463245,0.124024,0.047755,0.768571,0.048333,0.055556,Bellevue_116th_NE12th
652,within,0.467171,0.112545,0.072239,0.618528,0.080535,0.056639,Bellevue_116th_NE12th
653,within,0.457203,0.122192,0.056468,0.550763,0.112773,0.065865,Bellevue_116th_NE12th
654,within,0.433863,0.120033,0.047715,0.582801,0.178613,0.076884,Bellevue_116th_NE12th
655,within,0.62496,0.130439,0.057869,0.651032,0.186905,0.057672,Bellevue_116th_NE12th
656,within,0.470879,0.119141,0.075586,0.492421,0.084791,0.02963,Bellevue_116th_NE12th
657,within,0.438191,0.120514,0.053493,0.406885,0.095394,0.018111,Bellevue_116th_NE12th
658,within,0.491281,0.140739,0.060456,0.441519,0.054682,0.020726,Bellevue_116th_NE12th
659,within,0.564119,0.149526,0.092691,0.692259,0.218993,0.070183,Bellevue_116th_NE12th
660,within,0.643527,0.146668,0.058978,0.498452,0.117533,0.036314,Bellevue_116th_NE12th
661,within,0.539278,0.135129,0.097283,0.775538,0.128247,0.141525,Bellevue_116th_NE12th
662,within,0.501693,0.11815,0.076176,0.541408,0.120475,0.060412,Bellevue_116th_NE12th
663,within,0.511467,0.129436,0.077991,0.641201,0.019595,0.064671,Bellevue_116th_NE12th
664,within,0.450236,0.12305,0.05085,0.666597,0.033653,0.100523,Bellevue_116th_NE12th
665,within,0.490132,0.113185,0.088137,0.702886,0.038689,0.081496,Bellevue_116th_NE12th
666,within,0.490723,0.114297,0.061578,0.62455,0.035635,0.047513,Bellevue_116th_NE12th
667,within,0.466202,0.127954,0.053997,0.566201,0.060967,0.038665,Bellevue_116th_NE12th
668,within,0.52591,0.131557,0.085134,0.534553,0.121074,0.203357,Bellevue_116th_NE12th
669,within,0.456402,0.118409,0.063649,0.396922,0.120905,0.019181,Bellevue_116th_NE12th
670,within,0.609503,0.171944,0.098111,0.485126,0.084871,0.069556,Bellevue_116th_NE12th
671,within,0.498678,0.127162,0.085504,0.436788,0.078977,0.069481,Bellevue_116th_NE12th
672,within,0.499034,0.124534,0.093872,0.300471,0.095883,0.009091,Bellevue_116th_NE12th
673,within,0.483071,0.1196,0.075629,0.295164,0.052392,0.050018,Bellevue_116th_NE12th
674,within,0.478239,0.124758,0.052819,0.364703,0.08628,0.032149,Bellevue_116th_NE12th
675,within,0.539114,0.152154,0.07002,0.468018,0.122392,0.047141,Bellevue_116th_NE12th
676,within,0.482034,0.134385,0.059915,0.377532,0.064066,0.034696,Bellevue_116th_NE12th
677,within,0.571944,0.157242,0.09799,0.476826,0.126412,0.025602,Bellevue_116th_NE12th
678,within,0.499491,0.13152,0.087023,0.523324,0.201276,0.009325,Bellevue_116th_NE12th
679,within,0.492591,0.131178,0.073612,0.389358,0.131922,0.027423,Bellevue_116th_NE12th
680,within,0.678403,0.191282,0.065996,0.779,0.258297,0.179035,Bellevue_116th_NE12th
681,within,0.699153,0.156679,0.048925,0.877688,0.321798,0.121434,Bellevue_116th_NE12th
682,within,0.692898,0.161884,0.047287,0.602243,0.11915,0.136742,Bellevue_116th_NE12th
683,within,0.638661,0.199141,0.068756,0.515786,0.113855,0.102227,Bellevue_116th_NE12th
684,within,0.630044,0.181527,0.064935,0.455453,0.112738,0.079169,Bellevue_116th_NE12th
685,within,0.628822,0.195192,0.077552,0.504874,0.073286,0.155619,Bellevue_116th_NE12th
686,within,0.663237,0.202825,0.081557,0.489134,0.049662,0.130035,Bellevue_116th_NE12th
687,within,0.646681,0.194413,0.087862,0.496792,-0.025896,0.150695,Bellevue_116th_NE12th
688,within,0.675211,0.170525,0.058436,0.658152,0.054022,0.171405,Bellevue_116th_NE12th
689,within,0.649909,0.170555,0.116793,0.637099,0.108304,0.199841,Bellevue_116th_NE12th
690,within,0.573726,0.182859,0.073718,0.589438,0.104641,0.139882,Bellevue_116th_NE12th
691,within,0.600276,0.188903,0.063656,0.544696,0.040992,0.104722,Bellevue_116th_NE12th
692,within,0.590783,0.180822,0.064069,0.52719,0.057872,0.057791,Bellevue_116th_NE12th
693,within,0.57272,0.183299,0.062231,0.272038,-0.114394,0.078799,Bellevue_116th_NE12th
694,within,0.605886,0.17905,0.064354,0.463669,0.02698,0.101018,Bellevue_116th_NE12th
695,within,0.639564,0.190813,0.076063,0.707774,0.24675,0.127499,Bellevue_116th_NE12th
696,within,0.622626,0.190098,0.08209,0.701497,0.234501,0.132449,Bellevue_116th_NE12th
697,within,0.609156,0.188471,0.063965,0.667608,0.200844,0.143447,Bellevue_116th_NE12th
698,within,0.642357,0.197725,0.070075,0.715444,0.241478,0.117335,Bellevue_116th_NE12th
699,within,0.649356,0.196718,0.069113,0.492565,0.156466,0.065435,Bellevue_116th_NE12th
700,within,0.676958,0.177785,0.060698,0.524713,0.160603,0.055706,Bellevue_116th_NE12th
701,within,0.665007,0.198334,0.078411,0.524745,0.13472,0.090925,Bellevue_116th_NE12th
702,within,0.670002,0.179373,0.065677,0.481449,0.110602,0.067119,Bellevue_116th_NE12th
703,within,0.648827,0.185715,0.065952,0.614246,0.08342,0.160562,Bellevue_116th_NE12th
704,within,0.635375,0.187161,0.103559,0.639281,0.061104,0.152904,Bellevue_116th_NE12th
705,within,0.59664,0.180565,0.070525,0.535866,0.007416,0.087124,Bellevue_116th_NE12th
706,within,0.595793,0.186761,0.066578,0.772473,0.190059,0.119956,Bellevue_116th_NE12th
707,within,0.588143,0.190828,0.067515,0.64717,0.249756,0.040627,Bellevue_116th_NE12th
708,within,0.679074,0.1685,0.054945,0.594388,0.223641,0.044574,Bellevue_116th_NE12th
709,within,0.652267,0.195131,0.068042,0.506638,0.230704,0.04616,Bellevue_116th_NE12th
710,within,0.642612,0.20037,0.074715,0.47677,0.181947,0.031573,Bellevue_116th_NE12th
711,within,0.703064,0.157318,0.049971,0.610566,0.272798,0.09875,Bellevue_116th_NE12th
712,within,0.659644,0.169031,0.055598,0.382391,0.026997,0.057036,Bellevue_116th_NE12th
713,within,0.64124,0.164721,0.099,0.53144,0.09355,0.119455,Bellevue_116th_NE12th
714,within,0.637707,0.194912,0.079291,0.570695,0.090171,0.140496,Bellevue_116th_NE12th
715,within,0.571475,0.181179,0.058458,0.611867,0.102492,0.131159,Bellevue_116th_NE12th
716,within,0.648618,0.203614,0.077453,0.577997,0.099249,0.089924,Bellevue_116th_NE12th
717,within,0.680181,0.154435,0.048335,0.59164,0.179154,0.091415,Bellevue_116th_NE12th
718,within,0.630739,0.194674,0.070839,0.571068,0.180312,0.113562,Bellevue_116th_NE12th
719,within,0.64477,0.200724,0.07402,0.6159,0.162923,0.123493,Bellevue_116th_NE12th
720,within,0.639427,0.187436,0.059678,0.667202,0.149755,0.097921,Bellevue_116th_NE12th
721,within,0.630132,0.178437,0.069938,0.681253,0.215574,0.112047,Bellevue_116th_NE12th
722,within,0.637446,0.1914,0.076154,0.593262,0.134693,0.155554,Bellevue_116th_NE12th
723,within,0.635846,0.190424,0.063884,0.677121,0.084661,0.204846,Bellevue_116th_NE12th
724,within,0.595493,0.184709,0.058077,0.810363,0.145923,0.108004,Bellevue_116th_NE12th
725,within,0.613526,0.183922,0.06088,0.638777,0.192386,0.05126,Bellevue_116th_NE12th
726,within,0.603902,0.192456,0.070909,0.605878,0.235095,0.0,Bellevue_116th_NE12th
727,within,0.652499,0.198843,0.075631,0.651513,0.147898,0.01796,Bellevue_116th_NE12th
728,within,0.645823,0.197042,0.074549,0.657361,0.183839,0.12233,Bellevue_116th_NE12th
729,within,0.607878,0.184911,0.068606,0.713995,0.136646,0.167025,Bellevue_116th_NE12th
730,within,0.612922,0.190715,0.075067,0.805224,0.143361,0.112778,Bellevue_116th_NE12th
731,within,0.598844,0.188174,0.061669,0.81476,0.166281,0.144915,Bellevue_116th_NE12th
732,within,0.622614,0.188729,0.059591,0.766161,0.194218,0.157619,Bellevue_116th_NE12th
733,within,0.632483,0.188164,0.060485,0.598399,0.150009,0.104533,Bellevue_116th_NE12th
734,within,0.649913,0.199481,0.072633,0.607632,0.132316,0.094109,Bellevue_116th_NE12th
735,within,0.661256,0.202263,0.073995,0.75544,0.274013,0.065842,Bellevue_116th_NE12th
736,within,0.692232,0.155942,0.046417,0.57992,0.124398,0.068797,Bellevue_116th_NE12th
737,within,0.652699,0.181794,0.06636,0.671551,0.129878,0.076834,Bellevue_116th_NE12th
738,within,0.640357,0.190806,0.078002,0.644017,0.130748,0.059569,Bellevue_116th_NE12th
739,within,0.66316,0.187866,0.061212,0.713719,0.073862,0.124464,Bellevue_116th_NE12th
740,within,0.624841,0.185944,0.062708,0.727879,0.099574,0.275731,Bellevue_116th_NE12th
741,within,0.634014,0.201981,0.077486,0.623906,0.131994,0.167821,Bellevue_116th_NE12th
742,within,0.646426,0.201216,0.068803,0.62432,0.093287,0.266189,Bellevue_116th_NE12th
743,within,0.708667,0.157109,0.046412,0.689324,0.126189,0.316247,Bellevue_116th_NE12th
744,within,0.72766,0.163233,0.046079,0.75184,0.176987,0.274993,Bellevue_116th_NE12th
745,within,0.67427,0.191664,0.068887,0.658702,0.09427,0.146382,Bellevue_116th_NE12th
746,within,0.655877,0.191092,0.073835,0.612018,-0.018024,0.16606,Bellevue_116th_NE12th
747,within,0.586039,0.185417,0.062482,0.619048,0.047619,0.095238,Bellevue_116th_NE12th
748,within,0.674681,0.135085,0.045637,0.606213,0.094039,0.063492,Bellevue_116th_NE12th
749,within,0.631192,0.15461,0.055021,0.669467,0.210266,0.066613,Bellevue_116th_NE12th
750,within,0.674497,0.163866,0.054113,0.550397,0.246706,0.049206,Bellevue_116th_NE12th
751,within,0.689239,0.160277,0.047732,0.507794,0.226592,0.041077,Bellevue_116th_NE12th
752,within,0.539801,0.171164,0.063221,0.495846,0.096128,0.057754,Bellevue_116th_NE12th
753,within,0.647543,0.191796,0.088985,0.426197,0.043151,0.015042,Bellevue_116th_NE12th
754,within,0.656404,0.18462,0.107567,0.482141,0.134576,0.008781,Bellevue_116th_NE12th
755,within,0.690536,0.147743,0.053031,0.350954,0.016992,0.039299,Bellevue_116th_NE12th
756,within,0.539849,0.174092,0.055347,0.388398,0.061735,0.029929,Bellevue_116th_NE12th
757,within,0.630932,0.163175,0.053109,0.360427,0.036013,0.08679,Bellevue_116th_NE12th
758,within,0.610632,0.186168,0.064037,0.562954,0.166341,0.047894,Bellevue_116th_NE12th
759,within,0.536851,0.167026,0.055752,0.650189,0.22126,0.019014,Bellevue_116th_NE12th
760,within,0.629799,0.187165,0.065811,0.597219,0.167259,0.038343,Bellevue_116th_NE12th
761,within,0.681371,0.152206,0.052192,0.3922,0.025084,0.084837,Bellevue_116th_NE12th
762,within,0.704556,0.142235,0.081727,0.426375,0.057665,0.040308,Bellevue_116th_NE12th
763,within,0.647621,0.181201,0.087112,0.484331,0.062039,0.013014,Bellevue_116th_NE12th
764,within,0.613268,0.183847,0.07732,0.429527,0.031937,0.091822,Bellevue_116th_NE12th
765,within,0.666966,0.189226,0.066187,0.432432,0.0,0.135135,Bellevue_116th_NE12th
766,within,0.756511,0.123374,0.047272,0.415684,0.061245,0.075573,Bellevue_116th_NE12th
767,within,0.690095,0.160374,0.054101,0.412562,0.089394,0.030273,Bellevue_116th_NE12th
768,within,0.698447,0.164177,0.058779,0.358285,0.068346,0.061303,Bellevue_116th_NE12th
769,within,0.706878,0.160186,0.055294,0.626332,0.332262,0.066773,Bellevue_116th_NE12th
770,within,0.686281,0.154026,0.05194,0.457224,0.08546,0.063862,Bellevue_116th_NE12th
771,within,0.568362,0.177279,0.067924,0.437765,0.053058,0.061849,Bellevue_116th_NE12th
772,within,0.584915,0.177616,0.103571,0.475673,0.009528,0.062706,Bellevue_116th_NE12th
773,within,0.6301,0.182133,0.10924,0.468022,-0.025507,0.068227,Bellevue_116th_NE12th
774,within,0.645687,0.183348,0.11034,0.462091,0.008872,0.097566,Bellevue_116th_NE12th
775,within,0.712333,0.09408,0.066988,0.365695,0.050648,0.024736,Bellevue_116th_NE12th
776,within,0.677699,0.136586,0.056745,0.435273,0.13044,0.027378,Bellevue_116th_NE12th
777,within,0.666693,0.17001,0.065975,0.518405,0.188485,0.029525,Bellevue_116th_NE12th
778,within,0.657414,0.185828,0.117296,0.658935,0.241817,0.031741,Bellevue_116th_NE12th
779,within,0.614574,0.17891,0.081455,0.500486,0.126424,0.018641,Bellevue_116th_NE12th
780,within,0.580558,0.174278,0.081732,0.370021,0.055313,0.01002,Bellevue_116th_NE12th
781,within,0.682599,0.166587,0.066473,0.426163,0.113408,0.011466,Bellevue_116th_NE12th
782,within,0.602004,0.188523,0.08183,0.450236,0.121342,0.0,Bellevue_116th_NE12th
783,within,0.643265,0.183221,0.119329,0.339855,0.044353,0.0,Bellevue_116th_NE12th
784,within,0.672179,0.140508,0.074956,0.316878,0.114921,0.001515,Bellevue_116th_NE12th
785,within,0.672944,0.152338,0.089037,0.320412,0.021811,0.036477,Bellevue_116th_NE12th
786,within,0.723019,0.141258,0.078581,0.453758,0.015565,0.049749,Bellevue_116th_NE12th
787,within,0.668107,0.170115,0.068428,0.48678,0.046858,0.042832,Bellevue_116th_NE12th
788,within,0.58815,0.166686,0.064439,0.541667,0.125,0.0,Bellevue_116th_NE12th
789,within,0.743036,0.120504,0.048292,0.235216,0.043057,0.027843,Bellevue_116th_NE12th
790,within,0.688718,0.125637,0.051558,0.237422,0.090735,0.0,Bellevue_116th_NE12th
791,within,0.680504,0.098602,0.058428,0.38694,0.102635,0.018662,Bellevue_116th_NE12th
792,within,0.663289,0.189752,0.089182,0.329133,0.071629,0.054631,Bellevue_116th_NE12th
793,within,0.680848,0.167082,0.06644,0.255499,0.006618,0.009016,Bellevue_116th_NE12th
794,within,0.710965,0.163009,0.057255,0.3726,0.06523,0.074236,Bellevue_116th_NE12th
795,within,0.643119,0.175083,0.078457,0.503817,0.120158,0.04027,Bellevue_116th_NE12th
796,within,0.715062,0.190735,0.07354,0.492981,0.168941,0.022859,Bellevue_116th_NE12th
797,within,0.709805,0.162831,0.062343,0.392975,0.154605,0.059935,Bellevue_116th_NE12th
798,within,0.600241,0.194423,0.07642,0.365841,0.140523,0.036262,Bellevue_116th_NE12th
799,within,0.69077,0.183998,0.107197,0.418923,0.151902,0.061462,Bellevue_116th_NE12th
800,within,0.717155,0.204057,0.118537,0.486027,0.103629,0.188432,Bellevue_116th_NE12th
801,within,0.689932,0.182275,0.104701,0.692144,0.145009,0.353453,Bellevue_116th_NE12th
802,within,0.71286,0.168581,0.073003,0.764706,0.176471,0.411765,Bellevue_116th_NE12th
803,within,0.781277,0.128875,0.05294,0.660188,0.193807,0.222895,Bellevue_116th_NE12th
804,within,0.692241,0.160012,0.056414,0.4554,0.167123,0.053378,Bellevue_116th_NE12th
805,within,0.709643,0.197522,0.129247,0.341234,0.075759,0.045353,Bellevue_116th_NE12th
806,within,0.709298,0.191971,0.126081,0.397828,0.122921,0.047202,Bellevue_116th_NE12th
807,within,0.685438,0.192438,0.113419,0.483871,0.16129,0.064516,Bellevue_116th_NE12th
808,within,0.791064,0.126412,0.058027,0.444938,0.154921,0.055688,Bellevue_116th_NE12th
809,within,0.765891,0.130411,0.064248,0.389301,0.092038,0.111817,Bellevue_116th_NE12th
810,within,0.74979,0.167476,0.050487,0.780244,0.286055,0.063813,Bellevue_150th_Eastgate
811,within,0.707973,0.165128,0.055917,0.806471,0.269312,0.045552,Bellevue_150th_Eastgate
812,within,0.721004,0.164068,0.050136,0.67015,0.161612,0.014427,Bellevue_150th_Eastgate
813,within,0.699411,0.196735,0.075541,0.599511,0.149363,0.038383,Bellevue_150th_Eastgate
814,within,0.703104,0.179676,0.065001,0.582146,0.268275,0.02644,Bellevue_150th_Eastgate
815,within,0.710565,0.164895,0.051704,0.605835,0.27146,0.038694,Bellevue_150th_Eastgate
816,within,0.705745,0.184807,0.063232,0.644849,0.282329,0.052541,Bellevue_150th_Eastgate
817,within,0.717219,0.156853,0.047073,0.717111,0.188334,0.068203,Bellevue_150th_Eastgate
818,within,0.699644,0.161053,0.048252,0.776724,0.243164,0.061385,Bellevue_150th_Eastgate
819,within,0.696997,0.167074,0.054147,0.734205,0.17775,0.07257,Bellevue_150th_Eastgate
820,within,0.68024,0.19963,0.092319,0.801952,0.178952,0.054237,Bellevue_150th_Eastgate
821,within,0.698645,0.177162,0.056383,0.79685,0.210161,0.072727,Bellevue_150th_Eastgate
822,within,0.681348,0.194399,0.070374,0.681037,0.166783,0.040026,Bellevue_150th_Eastgate
823,within,0.681382,0.202472,0.074335,0.729679,0.163,0.054652,Bellevue_150th_Eastgate
824,within,0.704155,0.163234,0.050591,0.717261,0.157923,0.030384,Bellevue_150th_Eastgate
825,within,0.671231,0.201967,0.08099,0.761026,0.155832,0.032854,Bellevue_150th_Eastgate
826,within,0.714966,0.172482,0.050707,0.757156,0.138868,0.049214,Bellevue_150th_Eastgate
827,within,0.712824,0.15904,0.047722,0.831804,0.184191,0.075062,Bellevue_150th_Eastgate
828,within,0.697902,0.160261,0.051086,0.78053,0.253816,0.047002,Bellevue_150th_Eastgate
829,within,0.706361,0.192574,0.065033,0.790526,0.267198,0.063449,Bellevue_150th_Eastgate
830,within,0.687787,0.163507,0.050776,0.764728,0.299314,0.05829,Bellevue_150th_Eastgate
831,within,0.668318,0.200401,0.072401,0.748644,0.296997,0.030907,Bellevue_150th_Eastgate
832,within,0.683576,0.191574,0.069523,0.760435,0.282735,0.0228,Bellevue_150th_Eastgate
833,within,0.708907,0.157966,0.050075,0.754833,0.316394,0.010494,Bellevue_150th_Eastgate
834,within,0.7043,0.158208,0.050572,0.778088,0.313657,0.022605,Bellevue_150th_Eastgate
835,within,0.683689,0.161664,0.05001,0.743579,0.293997,0.020188,Bellevue_150th_Eastgate
836,within,0.680941,0.201551,0.076899,0.838649,0.323259,0.008199,Bellevue_150th_Eastgate
837,within,0.711268,0.166492,0.050925,0.816346,0.287996,0.017953,Bellevue_150th_Eastgate
838,within,0.701255,0.161004,0.053105,0.6492,0.220376,0.104559,Bellevue_150th_Eastgate
839,within,0.670455,0.202549,0.078239,0.631736,0.169928,0.152805,Bellevue_150th_Eastgate
840,within,0.690582,0.192137,0.093899,0.677664,0.18474,0.150719,Bellevue_150th_Eastgate
841,within,0.717623,0.155863,0.049954,0.7454,0.195052,0.148263,Bellevue_150th_Eastgate
842,within,0.678632,0.194288,0.075437,0.818584,0.157528,0.139491,Bellevue_150th_Eastgate
843,within,0.705421,0.185098,0.058426,0.742001,0.276756,0.041558,Bellevue_150th_Eastgate
844,within,0.709944,0.189138,0.080835,0.74898,0.256972,0.085089,Bellevue_150th_Eastgate
845,within,0.709207,0.175931,0.061829,0.699857,0.253116,0.083726,Bellevue_150th_Eastgate
846,within,0.686146,0.181618,0.063129,0.684191,0.266254,0.061438,Bellevue_150th_Eastgate
847,within,0.713351,0.163581,0.05066,0.638003,0.244463,0.067834,Bellevue_150th_Eastgate
848,within,0.711172,0.15872,0.047373,0.633045,0.207384,0.068226,Bellevue_150th_Eastgate
849,within,0.712478,0.154651,0.052072,0.720863,0.190301,0.103666,Bellevue_150th_Eastgate
850,within,0.743389,0.158776,0.046446,0.674022,0.164761,0.01028,Bellevue_150th_Eastgate
851,within,0.710185,0.169699,0.053303,0.64296,0.189854,0.02694,Bellevue_150th_Eastgate
852,within,0.685895,0.177362,0.060256,0.715768,0.209869,0.032356,Bellevue_150th_Eastgate
853,within,0.732083,0.161101,0.053516,0.737946,0.269227,0.060868,Bellevue_150th_Eastgate
854,within,0.667697,0.202539,0.077313,0.701586,0.236852,0.052797,Bellevue_150th_Eastgate
855,within,0.717887,0.171297,0.054606,0.759182,0.239712,0.040544,Bellevue_150th_Eastgate
856,within,0.704369,0.157649,0.050076,0.784888,0.234955,0.058063,Bellevue_150th_Eastgate
857,within,0.776317,0.165374,0.047423,0.860463,0.222961,0.047135,Bellevue_150th_Eastgate
858,within,0.724672,0.155059,0.046323,0.773262,0.287265,0.029873,Bellevue_150th_Eastgate
859,within,0.694668,0.163102,0.050554,0.705932,0.211339,0.020575,Bellevue_150th_Eastgate
860,within,0.702948,0.187666,0.064529,0.784282,0.20438,0.030063,Bellevue_150th_Eastgate
861,within,0.693599,0.185937,0.061118,0.700441,0.206638,0.068681,Bellevue_150th_Eastgate
862,within,0.665412,0.200152,0.075041,0.679359,0.266505,0.06266,Bellevue_150th_Eastgate
863,within,0.703049,0.172941,0.059312,0.717998,0.288037,0.030584,Bellevue_150th_Eastgate
864,within,0.715435,0.161342,0.048085,0.734643,0.254575,0.015407,Bellevue_150th_Eastgate
865,within,0.742743,0.15947,0.04721,0.871063,0.266762,0.052035,Bellevue_150th_Eastgate
866,within,0.733186,0.164965,0.046854,0.765918,0.175293,0.088716,Bellevue_150th_Eastgate
867,within,0.706037,0.19546,0.067791,0.830512,0.183442,0.027193,Bellevue_150th_Eastgate
868,within,0.744412,0.155978,0.046718,0.739654,0.210268,0.017834,Bellevue_150th_Eastgate
869,within,0.715794,0.150718,0.047703,0.625661,0.198394,0.05537,Bellevue_150th_Eastgate
870,within,0.681423,0.184651,0.064926,0.6154,0.236364,0.037749,Bellevue_150th_Eastgate
871,within,0.694383,0.173046,0.059336,0.67579,0.231531,0.014967,Bellevue_150th_Eastgate
872,within,0.698835,0.156064,0.04829,0.684351,0.165538,0.034522,Bellevue_150th_Eastgate
873,within,0.71408,0.162443,0.048953,0.819916,0.209879,0.029037,Bellevue_150th_Eastgate
874,within,0.690704,0.169355,0.055322,0.732059,0.225006,0.044354,Bellevue_150th_Eastgate
875,within,0.701109,0.191783,0.068701,0.774825,0.251182,0.021082,Bellevue_150th_Eastgate
876,within,0.702245,0.173993,0.054277,0.678748,0.174935,0.040485,Bellevue_150th_Eastgate
877,within,0.696393,0.165556,0.054183,0.548628,0.140619,0.011002,Bellevue_150th_Eastgate
878,within,0.68461,0.197442,0.084236,0.562671,0.13587,0.021786,Bellevue_150th_Eastgate
879,within,0.705505,0.157808,0.04865,0.500795,0.176763,0.003663,Bellevue_150th_Eastgate
880,within,0.701845,0.166306,0.056921,0.591311,0.134679,0.015332,Bellevue_150th_Eastgate
881,within,0.707955,0.17519,0.057898,0.692842,0.156068,0.038284,Bellevue_150th_Eastgate
882,within,0.681501,0.193196,0.067022,0.777903,0.18135,0.062331,Bellevue_150th_Eastgate
883,within,0.695192,0.171409,0.059632,0.806364,0.192068,0.066156,Bellevue_150th_Eastgate
884,within,0.730247,0.175632,0.055077,0.795948,0.178491,0.09656,Bellevue_150th_Eastgate
885,within,0.713414,0.149781,0.050589,0.74417,0.185811,0.071374,Bellevue_150th_Eastgate
886,within,0.658635,0.198739,0.078775,0.713152,0.167624,0.100243,Bellevue_150th_Eastgate
887,within,0.686822,0.195568,0.069751,0.686803,0.082345,0.130851,Bellevue_150th_Eastgate
888,within,0.700512,0.16727,0.049568,0.711517,0.156325,0.088991,Bellevue_150th_Eastgate
889,within,0.698675,0.175611,0.05717,0.720415,0.199468,0.095828,Bellevue_150th_Eastgate
890,within,0.715525,0.167694,0.049045,0.787296,0.193185,0.115654,Bellevue_150th_Eastgate
891,within,0.699418,0.163464,0.049552,0.784421,0.226856,0.058022,Bellevue_150th_Eastgate
892,within,0.693357,0.169861,0.057041,0.788478,0.227496,0.02871,Bellevue_150th_Eastgate
893,within,0.678006,0.190798,0.111939,0.761146,0.228392,0.04921,Bellevue_150th_Eastgate
894,within,0.701307,0.154732,0.053189,0.745425,0.253396,0.031092,Bellevue_150th_Eastgate
895,within,0.681948,0.194913,0.099767,0.686729,0.199939,0.030086,Bellevue_150th_Eastgate
896,within,0.713585,0.163833,0.054666,0.784365,0.25088,0.020598,Bellevue_150th_Eastgate
897,within,0.711039,0.156937,0.049422,0.631218,0.183819,0.022181,Bellevue_150th_Eastgate
898,within,0.71149,0.156359,0.049649,0.733115,0.187953,0.055529,Bellevue_150th_Eastgate
899,within,0.730708,0.162094,0.047323,0.816002,0.224435,0.030886,Bellevue_150th_Eastgate
900,within,0.712792,0.162979,0.048266,0.716165,0.206747,0.035739,Bellevue_150th_Eastgate
901,within,0.698694,0.183226,0.066456,0.842341,0.215326,0.06214,Bellevue_150th_Eastgate
902,within,0.730941,0.14976,0.046822,0.693784,0.258273,0.055237,Bellevue_150th_Eastgate
903,within,0.694188,0.187101,0.062772,0.707689,0.284478,0.040781,Bellevue_150th_Eastgate
904,within,0.702768,0.161928,0.049476,0.731491,0.276358,0.037036,Bellevue_150th_Eastgate
905,within,0.685381,0.180376,0.056081,0.652605,0.258767,0.028037,Bellevue_150th_Eastgate
906,within,0.697001,0.164035,0.049767,0.645628,0.298597,0.019093,Bellevue_150th_Eastgate
907,within,0.690192,0.158221,0.0496,0.749086,0.299004,0.037365,Bellevue_150th_Eastgate
908,within,0.747473,0.165792,0.049309,0.786365,0.292618,0.096802,Bellevue_150th_Eastgate
909,within,0.7158,0.161397,0.049137,0.700416,0.161236,0.052749,Bellevue_150th_Eastgate
910,within,0.694677,0.194703,0.10561,0.782704,0.206968,0.032916,Bellevue_150th_Eastgate
911,within,0.747986,0.145925,0.04984,0.665084,0.196813,0.053937,Bellevue_150th_Eastgate
912,within,0.714337,0.171348,0.053648,0.678816,0.293823,0.027034,Bellevue_150th_Eastgate
913,within,0.668491,0.199207,0.082901,0.666819,0.349872,0.03541,Bellevue_150th_Eastgate
914,within,0.71557,0.166417,0.048308,0.612533,0.261774,0.059638,Bellevue_150th_Eastgate
915,within,0.706322,0.161514,0.048223,0.600358,0.224364,0.059629,Bellevue_150th_Eastgate
916,within,0.711369,0.159508,0.048134,0.711538,0.314935,0.027232,Bellevue_150th_Eastgate
917,within,0.71573,0.162131,0.048732,0.654923,0.212858,0.060817,Bellevue_150th_Eastgate
918,within,0.700054,0.180225,0.063605,0.694525,0.177946,0.114759,Bellevue_150th_Eastgate
919,within,0.670411,0.19379,0.068467,0.675581,0.17632,0.037518,Bellevue_150th_Eastgate
920,within,0.671856,0.194679,0.082723,0.65222,0.226242,0.08174,Bellevue_150th_Eastgate
921,within,0.675736,0.20026,0.078249,0.792351,0.352451,0.036582,Bellevue_150th_Eastgate
922,within,0.699151,0.159622,0.05209,0.688054,0.275692,0.023112,Bellevue_150th_Eastgate
923,within,0.689019,0.177382,0.06141,0.558738,0.196979,0.017604,Bellevue_150th_Eastgate
924,within,0.701541,0.159009,0.049697,0.604306,0.132736,0.040235,Bellevue_150th_Eastgate
925,within,0.71117,0.157882,0.046801,0.656835,0.167107,0.015707,Bellevue_150th_Eastgate
926,within,0.722008,0.155603,0.045699,0.723697,0.217755,0.018461,Bellevue_150th_Eastgate
927,within,0.687613,0.163383,0.05039,0.670411,0.085688,0.05788,Bellevue_150th_Eastgate
928,within,0.676964,0.194976,0.103158,0.690893,0.119497,0.035046,Bellevue_150th_Eastgate
929,within,0.705821,0.165895,0.050509,0.623118,0.108626,0.139038,Bellevue_150th_Eastgate
930,within,0.666191,0.193451,0.070756,0.698367,0.119807,0.135497,Bellevue_150th_Eastgate
931,within,0.694693,0.159317,0.048298,0.702776,0.223622,0.051142,Bellevue_150th_Eastgate
932,within,0.669402,0.158068,0.055241,0.723968,0.214173,0.05702,Bellevue_150th_Eastgate
933,within,0.709706,0.161091,0.047559,0.7393,0.192874,0.061907,Bellevue_150th_Eastgate
934,within,0.69397,0.168825,0.053538,0.793519,0.217917,0.070964,Bellevue_150th_Eastgate
935,within,0.694647,0.181562,0.054886,0.678837,0.225113,0.041529,Bellevue_150th_Eastgate
936,within,0.652633,0.193059,0.066532,0.709304,0.233638,0.094576,Bellevue_150th_Eastgate
937,within,0.726042,0.162249,0.054408,0.735293,0.248596,0.073548,Bellevue_150th_Eastgate
938,within,0.694505,0.179208,0.065469,0.642036,0.18903,0.09017,Bellevue_150th_Eastgate
939,within,0.647931,0.199039,0.081391,0.563119,0.150601,0.084101,Bellevue_150th_Eastgate
940,within,0.691383,0.18296,0.064714,0.55237,0.116069,0.08131,Bellevue_150th_Eastgate
941,within,0.704655,0.168518,0.056501,0.629421,0.129475,0.077146,Bellevue_150th_Eastgate
942,within,0.711351,0.158122,0.047695,0.683281,0.175876,0.017241,Bellevue_150th_Eastgate
943,within,0.706822,0.161341,0.047592,0.724491,0.216761,0.005235,Bellevue_150th_Eastgate
944,within,0.716529,0.167349,0.048273,0.822163,0.157179,0.122618,Bellevue_150th_Eastgate
945,within,0.708086,0.168066,0.048479,0.747823,0.188252,0.07319,Bellevue_150th_Eastgate
946,within,0.698323,0.175483,0.057168,0.717184,0.173954,0.073886,Bellevue_150th_Eastgate
947,within,0.717353,0.176171,0.05245,0.761497,0.205192,0.063553,Bellevue_150th_Eastgate
948,within,0.726467,0.164936,0.047321,0.707539,0.16467,0.073438,Bellevue_150th_Eastgate
949,within,0.632971,0.197169,0.078428,0.720788,0.214597,0.045734,Bellevue_150th_Eastgate
950,within,0.696055,0.174319,0.058709,0.794202,0.253412,0.059453,Bellevue_150th_Eastgate
951,within,0.704841,0.159649,0.049249,0.864787,0.269767,0.033419,Bellevue_150th_Eastgate
952,within,0.735805,0.166563,0.04722,0.868032,0.289929,0.002151,Bellevue_150th_Eastgate
953,within,0.711163,0.160465,0.04682,0.835981,0.295568,0.00891,Bellevue_150th_Eastgate
954,within,0.708508,0.159009,0.047466,0.639419,0.151789,0.032609,Bellevue_150th_Eastgate
955,within,0.694264,0.194271,0.069298,0.737086,0.186706,0.049176,Bellevue_150th_Eastgate
956,within,0.722601,0.180426,0.053428,0.655035,0.168175,0.096761,Bellevue_150th_Eastgate
957,within,0.694421,0.160894,0.050246,0.660733,0.188448,0.051366,Bellevue_150th_Eastgate
958,within,0.702944,0.160414,0.048729,0.723712,0.19259,0.063169,Bellevue_150th_Eastgate
959,within,0.700196,0.162025,0.048832,0.642561,0.111988,0.056655,Bellevue_150th_Eastgate
960,within,0.700988,0.1669,0.051034,0.61477,0.136092,0.035403,Bellevue_150th_Eastgate
961,within,0.702479,0.16842,0.053176,0.693242,0.124789,0.059776,Bellevue_150th_Eastgate
962,within,0.691015,0.162105,0.053406,0.729906,0.168161,0.068159,Bellevue_150th_Eastgate
963,within,0.70873,0.162022,0.049879,0.763792,0.17732,0.081851,Bellevue_150th_Eastgate
964,within,0.705825,0.165601,0.050141,0.677306,0.174735,0.046344,Bellevue_150th_Eastgate
965,within,0.676181,0.196455,0.070411,0.644203,0.192356,0.088558,Bellevue_150th_Eastgate
966,within,0.701936,0.163554,0.054725,0.657713,0.211049,0.052626,Bellevue_150th_Eastgate
967,within,0.673334,0.199393,0.090311,0.725647,0.213732,0.037891,Bellevue_150th_Eastgate
968,within,0.691944,0.164555,0.051272,0.726803,0.26627,0.019657,Bellevue_150th_Eastgate
969,within,0.675889,0.185011,0.063326,0.750828,0.195677,0.017149,Bellevue_150th_Eastgate
970,within,0.706033,0.1709,0.052109,0.808948,0.17734,0.04757,Bellevue_150th_Eastgate
971,within,0.749157,0.171047,0.048677,0.640272,0.123776,0.070161,Bellevue_150th_Eastgate
972,within,0.694772,0.169339,0.055928,0.606972,0.188974,0.023536,Bellevue_150th_Eastgate
973,within,0.68689,0.157947,0.05432,0.555997,0.226557,0.021048,Bellevue_150th_Eastgate
974,within,0.706411,0.169586,0.056859,0.590034,0.193765,0.066151,Bellevue_150th_Eastgate
975,within,0.629217,0.195143,0.071679,0.663212,0.194359,0.124548,Bellevue_150th_Eastgate
976,within,0.707907,0.170056,0.050536,0.758832,0.285134,0.099337,Bellevue_150th_Eastgate
977,within,0.709319,0.166348,0.049783,0.713148,0.28383,0.029922,Bellevue_150th_Eastgate
978,within,0.685835,0.198961,0.079481,0.824764,0.264544,0.035096,Bellevue_150th_Eastgate
979,within,0.762299,0.166128,0.048476,0.720486,0.254442,0.055508,Bellevue_150th_Eastgate
980,within,0.703553,0.165308,0.053533,0.683381,0.213243,0.044324,Bellevue_150th_Eastgate
981,within,0.707432,0.158001,0.048254,0.660082,0.246939,0.025809,Bellevue_150th_Eastgate
982,within,0.707862,0.162189,0.048867,0.623803,0.240458,0.02462,Bellevue_150th_Eastgate
983,within,0.66995,0.201503,0.074886,0.688241,0.219568,0.045188,Bellevue_150th_Eastgate
984,within,0.677274,0.201281,0.084409,0.708282,0.170363,0.024664,Bellevue_150th_Eastgate
985,within,0.674785,0.197134,0.074656,0.6951,0.160185,0.022735,Bellevue_150th_Eastgate
986,within,0.710707,0.15856,0.051075,0.774843,0.176701,0.030777,Bellevue_150th_Eastgate
987,within,0.707768,0.16743,0.052087,0.788248,0.18426,0.042088,Bellevue_150th_Eastgate
988,within,0.669085,0.175314,0.062288,0.700427,0.232273,0.042804,Bellevue_150th_Eastgate
989,within,0.699802,0.185973,0.058144,0.725297,0.30653,0.015216,Bellevue_150th_Eastgate
990,within,0.704656,0.162927,0.04812,0.751373,0.301357,0.04443,Bellevue_150th_Eastgate
991,within,0.714478,0.164331,0.047716,0.692812,0.199704,0.040735,Bellevue_150th_Eastgate
992,within,0.718856,0.164227,0.04762,0.762219,0.252181,0.03699,Bellevue_150th_Eastgate
993,within,0.721346,0.157928,0.045875,0.742357,0.223203,0.040219,Bellevue_150th_Eastgate
994,within,0.700716,0.160053,0.047821,0.735952,0.127378,0.045584,Bellevue_150th_Eastgate
995,within,0.684872,0.166744,0.054433,0.686085,0.106115,0.066085,Bellevue_150th_Eastgate
996,within,0.696599,0.186971,0.067897,0.679262,0.197805,0.059784,Bellevue_150th_Eastgate
997,within,0.649782,0.188068,0.100618,0.569627,0.210802,0.026209,Bellevue_150th_Eastgate
998,within,0.700649,0.158751,0.052315,0.65499,0.213113,0.070283,Bellevue_150th_Eastgate
999,within,0.709088,0.17317,0.055359,0.693154,0.22682,0.042033,Bellevue_150th_Eastgate
1000,within,0.688498,0.180874,0.059614,0.700457,0.201474,0.024723,Bellevue_150th_Eastgate
1001,within,0.705765,0.167819,0.050249,0.787672,0.19847,0.026728,Bellevue_150th_Eastgate
1002,within,0.753599,0.164281,0.046238,0.790225,0.216594,0.04435,Bellevue_150th_Eastgate
1003,within,0.700507,0.160526,0.0489,0.764274,0.229272,0.076524,Bellevue_150th_Eastgate
1004,within,0.684327,0.196053,0.070647,0.823265,0.190734,0.035907,Bellevue_150th_Eastgate
1005,within,0.66719,0.200605,0.086515,0.765944,0.209468,0.036693,Bellevue_150th_Eastgate
1006,within,0.662326,0.194963,0.069405,0.687222,0.223879,0.010231,Bellevue_150th_Eastgate
1007,within,0.670594,0.163778,0.054187,0.737025,0.271179,0.008779,Bellevue_150th_Eastgate
1008,within,0.670808,0.154408,0.052712,0.731734,0.24409,0.011373,Bellevue_150th_Eastgate
1009,within,0.718513,0.174015,0.04976,0.783279,0.27176,0.002964,Bellevue_150th_Eastgate
1010,within,0.720203,0.174443,0.049083,0.804776,0.256613,0.008337,Bellevue_150th_Eastgate
1011,within,0.724867,0.157512,0.044912,0.820246,0.307976,0.038319,Bellevue_150th_Eastgate
1012,within,0.686044,0.175521,0.057388,0.800847,0.243187,0.079243,Bellevue_150th_Eastgate
1013,within,0.717148,0.172861,0.060884,0.80959,0.276711,0.040789,Bellevue_150th_Eastgate
1014,within,0.720009,0.16275,0.056082,0.683347,0.241534,0.044213,Bellevue_150th_Eastgate
1015,within,0.67761,0.199301,0.09165,0.656442,0.213529,0.081549,Bellevue_150th_Eastgate
1016,within,0.671534,0.201513,0.078799,0.618326,0.165941,0.070847,Bellevue_150th_Eastgate
1017,within,0.678147,0.184332,0.064515,0.681743,0.205897,0.081,Bellevue_150th_Eastgate
1018,within,0.698039,0.191502,0.060585,0.759986,0.194911,0.078078,Bellevue_150th_Eastgate
1019,within,0.694232,0.178886,0.054234,0.724202,0.187028,0.089103,Bellevue_150th_Eastgate
1020,within,0.704324,0.163486,0.048847,0.732008,0.21116,0.052291,Bellevue_150th_Eastgate
1021,within,0.685263,0.196933,0.069776,0.782656,0.234622,0.070834,Bellevue_150th_Eastgate
1022,within,0.693132,0.192567,0.064701,0.79639,0.223881,0.078211,Bellevue_150th_Eastgate
1023,within,0.710395,0.161419,0.050472,0.660319,0.238466,0.043165,Bellevue_150th_Eastgate
1024,within,0.708438,0.161626,0.052919,0.606842,0.191311,0.062194,Bellevue_150th_Eastgate
1025,within,0.666185,0.201271,0.077983,0.644081,0.218762,0.067936,Bellevue_150th_Eastgate
1026,within,0.69234,0.186951,0.057719,0.672614,0.206932,0.056808,Bellevue_150th_Eastgate
1027,within,0.681828,0.184291,0.058332,0.707936,0.237639,0.057294,Bellevue_150th_Eastgate
1028,within,0.695291,0.174998,0.053341,0.712588,0.198714,0.062856,Bellevue_150th_Eastgate
1029,within,0.682193,0.186561,0.063384,0.793149,0.202417,0.100757,Bellevue_150th_Eastgate
1030,within,0.70796,0.174478,0.054301,0.822255,0.209721,0.083556,Bellevue_150th_Eastgate
1031,within,0.708799,0.168595,0.049895,0.722254,0.203616,0.091296,Bellevue_150th_Eastgate
1032,within,0.681901,0.18498,0.064383,0.650083,0.207809,0.094045,Bellevue_150th_Eastgate
1033,within,0.662386,0.17744,0.0659,0.689656,0.140618,0.070189,Bellevue_150th_Eastgate
1034,within,0.657131,0.195346,0.075014,0.741484,0.166334,0.037737,Bellevue_150th_Eastgate
1035,within,0.671365,0.196752,0.069361,0.680011,0.169968,0.027719,Bellevue_150th_Eastgate
1036,within,0.701433,0.154768,0.049761,0.689419,0.155119,0.02175,Bellevue_150th_Eastgate
1037,within,0.691429,0.162855,0.053877,0.73816,0.156816,0.01777,Bellevue_150th_Eastgate
1038,within,0.683343,0.200491,0.081983,0.863107,0.204648,0.034054,Bellevue_150th_Eastgate
1039,within,0.727205,0.151753,0.04736,0.711484,0.204377,0.076363,Bellevue_150th_Eastgate
1040,within,0.689581,0.179129,0.064028,0.523044,0.075774,0.05833,Bellevue_150th_Eastgate
1041,within,0.666896,0.155314,0.054962,0.529742,0.0975,0.085901,Bellevue_150th_Eastgate
1042,within,0.714257,0.164948,0.048269,0.632655,0.109835,0.120026,Bellevue_150th_Eastgate
1043,within,0.717243,0.174614,0.051619,0.691079,0.15982,0.055502,Bellevue_150th_Eastgate
1044,within,0.698148,0.168041,0.052553,0.738716,0.188812,0.041456,Bellevue_150th_Eastgate
1045,within,0.704637,0.162904,0.049084,0.816629,0.173588,0.025176,Bellevue_150th_Eastgate
1046,within,0.714583,0.186441,0.059861,0.856186,0.203386,0.027503,Bellevue_150th_Eastgate
1047,within,0.748491,0.161635,0.047224,0.740197,0.186618,0.053515,Bellevue_150th_Eastgate
1048,within,0.697821,0.156583,0.04998,0.534762,0.19303,0.061568,Bellevue_150th_Eastgate
1049,within,0.691355,0.168237,0.052993,0.458535,0.169657,0.028876,Bellevue_150th_Eastgate
1050,within,0.719352,0.161403,0.052348,0.532017,0.194471,0.045143,Bellevue_150th_Eastgate
1051,within,0.734281,0.169511,0.048514,0.634189,0.28286,0.054121,Bellevue_150th_Eastgate
1052,within,0.721574,0.173605,0.049763,0.704983,0.212707,0.088187,Bellevue_150th_Eastgate
1053,within,0.726595,0.154312,0.046312,0.751549,0.274773,0.035086,Bellevue_150th_Eastgate
1054,within,0.730234,0.169215,0.051598,0.794912,0.232835,0.044131,Bellevue_150th_Eastgate
1055,within,0.710141,0.156086,0.049959,0.61124,0.174428,0.020376,Bellevue_150th_Eastgate
1056,within,0.664186,0.193191,0.069656,0.635486,0.259513,0.012656,Bellevue_150th_Eastgate
1057,within,0.666379,0.192232,0.066861,0.65375,0.305374,0.058449,Bellevue_150th_Eastgate
1058,within,0.699755,0.179379,0.054736,0.676816,0.247483,0.11359,Bellevue_150th_Eastgate
1059,within,0.678145,0.173627,0.057306,0.662682,0.251085,0.050945,Bellevue_150th_Eastgate
1060,within,0.703033,0.182523,0.057197,0.653163,0.280024,0.045277,Bellevue_150th_Eastgate
1061,within,0.671636,0.188519,0.062743,0.65898,0.212386,0.006944,Bellevue_150th_Eastgate
1062,within,0.692965,0.164179,0.050343,0.606796,0.173292,0.010011,Bellevue_150th_Eastgate
1063,within,0.674795,0.194278,0.069252,0.702552,0.215119,0.002517,Bellevue_150th_Eastgate
1064,within,0.706907,0.16856,0.05274,0.7302,0.146917,0.053437,Bellevue_150th_Eastgate
1065,within,0.672538,0.180814,0.060673,0.663829,0.136428,0.106737,Bellevue_150th_Eastgate
1066,within,0.658413,0.167325,0.060876,0.64521,0.111873,0.155183,Bellevue_150th_Eastgate
1067,within,0.68528,0.150707,0.050317,0.661914,0.128666,0.112492,Bellevue_150th_Eastgate
1068,within,0.69346,0.167175,0.055155,0.638036,0.167829,0.11467,Bellevue_150th_Eastgate
1069,within,0.647158,0.199656,0.089168,0.769059,0.26469,0.095195,Bellevue_150th_Eastgate
1070,within,0.708181,0.171474,0.051663,0.84873,0.268131,0.06318,Bellevue_150th_Eastgate
1071,within,0.748165,0.144049,0.047867,0.624075,0.200116,0.062363,Bellevue_150th_Eastgate
1072,within,0.698217,0.175889,0.060906,0.69225,0.29519,0.004991,Bellevue_150th_Eastgate
1073,within,0.705281,0.176921,0.058947,0.734152,0.334294,0.043021,Bellevue_150th_Eastgate
1074,within,0.667412,0.202126,0.075471,0.720017,0.310358,0.102415,Bellevue_150th_Eastgate
1075,within,0.702487,0.16623,0.050408,0.689513,0.277586,0.11332,Bellevue_150th_Eastgate
1076,within,0.681991,0.204434,0.081896,0.707662,0.290309,0.08271,Bellevue_150th_Eastgate
1077,within,0.662561,0.188504,0.06091,0.655043,0.298905,0.031245,Bellevue_150th_Eastgate
1078,within,0.697317,0.164171,0.054464,0.632254,0.24818,0.003627,Bellevue_150th_Eastgate
1079,within,0.730486,0.178043,0.05242,0.55407,0.204037,0.009067,Bellevue_150th_Eastgate
1080,within,0.709586,0.165042,0.04995,0.536067,0.175831,0.009995,Bellevue_150th_Eastgate
1081,within,0.690705,0.178679,0.062248,0.517929,0.163817,0.00844,Bellevue_150th_Eastgate
1082,within,0.708939,0.167725,0.049473,0.580213,0.1756,0.037276,Bellevue_150th_Eastgate
1083,within,0.689922,0.156939,0.047569,0.570987,0.16085,0.081141,Bellevue_150th_Eastgate
1084,within,0.703873,0.163233,0.05433,0.685829,0.212042,0.118089,Bellevue_150th_Eastgate
1085,within,0.666642,0.196949,0.071098,0.738404,0.254417,0.046317,Bellevue_150th_Eastgate
1086,within,0.698249,0.1706,0.056794,0.681038,0.175754,0.04175,Bellevue_150th_Eastgate
1087,within,0.684396,0.196649,0.077675,0.80302,0.182947,0.092748,Bellevue_150th_Eastgate
1088,within,0.727076,0.165621,0.04998,0.701397,0.122811,0.110562,Bellevue_150th_Eastgate
1089,within,0.670856,0.200833,0.073864,0.715472,0.114055,0.117104,Bellevue_150th_Eastgate
1090,within,0.685553,0.165389,0.053546,0.727232,0.103026,0.176447,Bellevue_150th_Eastgate
1091,within,0.692037,0.170812,0.053105,0.722923,0.067716,0.201843,Bellevue_150th_Eastgate
1092,within,0.670295,0.200353,0.070203,0.705573,0.049549,0.149084,Bellevue_150th_Eastgate
1093,within,0.712632,0.16348,0.047749,0.758826,0.12331,0.095838,Bellevue_150th_Eastgate
1094,within,0.683884,0.174804,0.058883,0.710998,0.139579,0.053249,Bellevue_150th_Eastgate
1095,within,0.686034,0.192235,0.074144,0.806401,0.165574,0.019874,Bellevue_150th_Eastgate
1096,within,0.741519,0.154522,0.046916,0.742232,0.152118,0.036932,Bellevue_150th_Eastgate
1097,within,0.684648,0.164416,0.053772,0.607983,0.120822,0.059356,Bellevue_150th_Eastgate
1098,within,0.667623,0.195608,0.09224,0.542006,0.105759,0.025187,Bellevue_150th_Eastgate
1099,within,0.709967,0.171563,0.058589,0.549955,0.095685,0.049438,Bellevue_150th_Eastgate
1100,within,0.659236,0.167682,0.059686,0.61156,0.18715,0.048597,Bellevue_150th_Eastgate
1101,within,0.653042,0.192247,0.104014,0.676151,0.165213,0.087732,Bellevue_150th_Eastgate
1102,within,0.70102,0.169654,0.054085,0.715276,0.130259,0.131432,Bellevue_150th_Eastgate
1103,within,0.697316,0.156287,0.049982,0.739177,0.222874,0.097495,Bellevue_150th_Eastgate
1104,within,0.672261,0.189792,0.070953,0.757335,0.212599,0.100642,Bellevue_150th_Eastgate
1105,within,0.72572,0.167886,0.054176,0.797372,0.206162,0.04525,Bellevue_150th_Eastgate
1106,within,0.716015,0.151886,0.05323,0.629434,0.165856,0.024232,Bellevue_150th_Eastgate
1107,within,0.632956,0.189091,0.072462,0.703636,0.256972,0.067641,Bellevue_150th_Eastgate
1108,within,0.669598,0.194154,0.075401,0.773907,0.260681,0.113979,Bellevue_150th_Eastgate
1109,within,0.728337,0.162613,0.048181,0.752598,0.206451,0.137177,Bellevue_150th_Eastgate
1110,within,0.688303,0.174314,0.056714,0.706782,0.153827,0.070224,Bellevue_150th_Eastgate
1111,within,0.677921,0.199894,0.0792,0.887292,0.175908,0.09947,Bellevue_150th_Eastgate
1112,within,0.767348,0.161283,0.049133,0.782304,0.212478,0.065462,Bellevue_150th_Eastgate
1113,within,0.713434,0.155354,0.051398,0.752214,0.197586,0.018403,Bellevue_150th_Eastgate
1114,within,0.75591,0.16033,0.048954,0.810272,0.230725,0.021031,Bellevue_150th_Eastgate
1115,within,0.703311,0.153762,0.050576,0.686468,0.136039,0.022237,Bellevue_150th_Eastgate
1116,within,0.650108,0.200912,0.083687,0.752129,0.169623,0.045557,Bellevue_150th_Eastgate
1117,within,0.665251,0.191951,0.069084,0.725271,0.176759,0.037115,Bellevue_150th_Eastgate
1118,within,0.716335,0.169169,0.059273,0.883656,0.204914,0.051191,Bellevue_150th_Eastgate
1119,within,0.750384,0.146018,0.046983,0.664314,0.176328,0.024433,Bellevue_150th_Eastgate
1120,within,0.70827,0.167771,0.056115,0.667736,0.13134,0.014312,Bellevue_150th_Eastgate
1121,within,0.719469,0.156734,0.052578,0.748823,0.172716,0.023244,Bellevue_150th_Eastgate
1122,within,0.730344,0.149991,0.047039,0.736528,0.195857,0.004293,Bellevue_150th_Eastgate
1123,within,0.69442,0.164486,0.054224,0.866952,0.189032,0.021396,Bellevue_150th_Eastgate
1124,within,0.710021,0.163622,0.049136,0.770419,0.211943,0.003204,Bellevue_150th_Eastgate
1125,within,0.749987,0.166853,0.051492,0.77321,0.238476,0.030438,Bellevue_150th_Eastgate
1126,within,0.741685,0.143579,0.047987,0.720414,0.140379,0.019907,Bellevue_150th_Eastgate
1127,within,0.735282,0.147886,0.047369,0.786474,0.233932,0.010004,Bellevue_150th_Eastgate
1128,within,0.692662,0.164652,0.056213,0.694154,0.242754,0.041565,Bellevue_150th_Eastgate
1129,within,0.698412,0.171786,0.057126,0.680647,0.205027,0.058932,Bellevue_150th_Eastgate
1130,within,0.710064,0.159248,0.050015,0.735891,0.235266,0.048207,Bellevue_150th_Eastgate
1131,within,0.717811,0.156269,0.048507,0.802492,0.279073,0.110802,Bellevue_150th_Eastgate
1132,within,0.730194,0.160855,0.050151,0.783044,0.179864,0.125046,Bellevue_150th_Eastgate
1133,within,0.735213,0.1478,0.051118,0.711019,0.214232,0.056255,Bellevue_150th_Eastgate
1134,within,0.673952,0.181387,0.069695,0.689387,0.225313,0.018602,Bellevue_150th_Eastgate
1135,within,0.686504,0.177558,0.053355,0.661091,0.276275,0.007289,Bellevue_150th_Eastgate
1136,within,0.674929,0.178198,0.058845,0.759138,0.359456,0.014312,Bellevue_150th_Eastgate
1137,within,0.686791,0.178249,0.05302,0.642062,0.31943,0.005273,Bellevue_150th_Eastgate
1138,within,0.646132,0.159215,0.051931,0.668335,0.262237,0.009599,Bellevue_150th_Eastgate
1139,within,0.649584,0.186769,0.059385,0.729463,0.223946,0.010974,Bellevue_150th_Eastgate
1140,within,0.667583,0.177981,0.05992,0.727359,0.185355,0.030564,Bellevue_150th_Eastgate
1141,within,0.655792,0.196454,0.080623,0.689238,0.199513,0.053287,Bellevue_150th_Eastgate
1142,within,0.677512,0.178517,0.061067,0.615433,0.169212,0.055372,Bellevue_150th_Eastgate
1143,within,0.665096,0.156478,0.053474,0.742796,0.294217,0.051192,Bellevue_150th_Eastgate
1144,within,0.689632,0.162121,0.049681,0.648754,0.251995,0.057293,Bellevue_150th_Eastgate
1145,within,0.691122,0.169907,0.051142,0.67071,0.195384,0.08947,Bellevue_150th_Eastgate
1146,within,0.664836,0.170311,0.054771,0.688734,0.329117,0.025329,Bellevue_150th_Eastgate
1147,within,0.720564,0.163127,0.04905,0.646922,0.241555,0.039435,Bellevue_150th_Eastgate
1148,within,0.732865,0.16916,0.053498,0.794928,0.300144,0.056053,Bellevue_150th_Eastgate
1149,within,0.685208,0.159595,0.055801,0.763015,0.340795,0.03027,Bellevue_150th_Eastgate
1150,within,0.623266,0.178408,0.077095,0.655201,0.297144,0.050178,Bellevue_150th_Eastgate
1151,within,0.666989,0.189645,0.071515,0.685064,0.230246,0.12901,Bellevue_150th_Eastgate
1152,within,0.689744,0.182221,0.058988,0.639091,0.250719,0.104089,Bellevue_150th_Eastgate
1153,within,0.676732,0.152808,0.047367,0.695224,0.21922,0.168328,Bellevue_150th_Eastgate
1154,within,0.710127,0.162629,0.049072,0.648416,0.337504,0.045553,Bellevue_150th_Eastgate
1155,within,0.696921,0.164082,0.055191,0.666987,0.35999,0.0,Bellevue_150th_Eastgate
1156,within,0.693192,0.18715,0.064932,0.696701,0.345611,0.013366,Bellevue_150th_Eastgate
1157,within,0.713769,0.168466,0.054349,0.620546,0.227443,0.022014,Bellevue_150th_Eastgate
1158,within,0.72032,0.161543,0.048936,0.608399,0.21032,0.01559,Bellevue_150th_Eastgate
1159,within,0.711741,0.162786,0.051211,0.589436,0.313349,0.038224,Bellevue_150th_Eastgate
1160,within,0.657172,0.194449,0.072592,0.669391,0.291446,0.032828,Bellevue_150th_Eastgate
1161,within,0.662273,0.193218,0.06743,0.743454,0.195008,0.067773,Bellevue_150th_Eastgate
1162,within,0.682305,0.172468,0.057651,0.785737,0.166104,0.09228,Bellevue_150th_Eastgate
1163,within,0.740622,0.154613,0.046811,0.721077,0.211862,0.049185,Bellevue_150th_Eastgate
1164,within,0.685953,0.157552,0.051989,0.664228,0.235336,0.019706,Bellevue_150th_Eastgate
1165,within,0.692174,0.162211,0.05451,0.757776,0.320767,0.037937,Bellevue_150th_Eastgate
1166,within,0.701079,0.166757,0.051895,0.66339,0.201736,0.092313,Bellevue_150th_Eastgate
1167,within,0.691517,0.163328,0.050745,0.63026,0.222625,0.064811,Bellevue_150th_Eastgate
1168,within,0.678272,0.171495,0.056868,0.639854,0.179558,0.055104,Bellevue_150th_Eastgate
1169,within,0.700212,0.164382,0.050041,0.52923,0.253713,0.02783,Bellevue_150th_Eastgate
1170,within,0.776044,0.151526,0.046097,0.60662,0.287252,0.077676,Bellevue_150th_Eastgate
1171,within,0.687093,0.158648,0.050708,0.568324,0.22938,0.006508,Bellevue_150th_Eastgate
1172,within,0.686177,0.194663,0.072425,0.793582,0.480785,0.010897,Bellevue_150th_Eastgate
1173,within,0.74553,0.14597,0.047925,0.737238,0.322318,0.055805,Bellevue_150th_Eastgate
1174,within,0.680264,0.173646,0.06001,0.677079,0.297024,0.035273,Bellevue_150th_Eastgate
1175,within,0.675834,0.185674,0.066995,0.692732,0.280466,0.065035,Bellevue_150th_Eastgate
1176,within,0.693223,0.16048,0.050295,0.627949,0.2656,0.04832,Bellevue_150th_Eastgate
1177,within,0.655189,0.17139,0.061229,0.661629,0.214271,0.101504,Bellevue_150th_Eastgate
1178,within,0.674773,0.159575,0.051768,0.735612,0.361881,0.093004,Bellevue_150th_Eastgate
1179,within,0.679653,0.171599,0.058182,0.643736,0.214663,0.094603,Bellevue_150th_Eastgate
1180,within,0.687547,0.172186,0.059281,0.748218,0.256961,0.051009,Bellevue_150th_Eastgate
1181,within,0.676534,0.162294,0.056484,0.664795,0.25652,0.010786,Bellevue_150th_Eastgate
1182,within,0.650954,0.190208,0.069806,0.663858,0.218947,0.047398,Bellevue_150th_Eastgate
1183,within,0.692431,0.172742,0.090932,0.735152,0.264769,0.02343,Bellevue_150th_Eastgate
1184,within,0.700077,0.163411,0.056465,0.831272,0.30258,0.066703,Bellevue_150th_Eastgate
1185,within,0.693596,0.179064,0.085717,0.812463,0.289633,0.045363,Bellevue_150th_Eastgate
1186,within,0.702249,0.151122,0.052561,0.730158,0.258862,0.045468,Bellevue_150th_Eastgate
1187,within,0.649021,0.183936,0.104912,0.845352,0.196739,0.073662,Bellevue_150th_Eastgate
1188,within,0.774408,0.151324,0.048219,0.683965,0.236928,0.014969,Bellevue_150th_Eastgate
1189,within,0.695733,0.165925,0.056288,0.638851,0.240442,0.017166,Bellevue_150th_Eastgate
1190,within,0.66297,0.176431,0.063284,0.753058,0.27201,0.029234,Bellevue_150th_Eastgate
1191,within,0.711265,0.167216,0.050632,0.690389,0.212307,0.025835,Bellevue_150th_Eastgate
1192,within,0.64394,0.19346,0.07927,0.720032,0.30145,0.028888,Bellevue_150th_Eastgate
1193,within,0.650343,0.200063,0.084351,0.716126,0.179198,0.036014,Bellevue_150th_Eastgate
1194,within,0.701029,0.183579,0.065218,0.844609,0.249908,0.019273,Bellevue_150th_Eastgate
1195,within,0.721331,0.16151,0.048254,0.702383,0.217205,0.05772,Bellevue_150th_Eastgate
1196,within,0.604839,0.189018,0.072866,0.764136,0.300967,0.100039,Bellevue_150th_Eastgate
1197,within,0.689329,0.179263,0.059169,0.766229,0.296612,0.106291,Bellevue_150th_Eastgate
1198,within,0.742307,0.168698,0.04695,0.82529,0.262773,0.1121,Bellevue_150th_Eastgate
1199,within,0.732087,0.151028,0.045906,0.797545,0.198064,0.155152,Bellevue_150th_Eastgate
1200,within,0.694875,0.157769,0.047764,0.712027,0.249458,0.101998,Bellevue_150th_Eastgate
1201,within,0.69551,0.164402,0.049659,0.657076,0.135006,0.118496,Bellevue_150th_Eastgate
1202,within,0.700519,0.168751,0.058703,0.699485,0.187007,0.094166,Bellevue_150th_Eastgate
1203,within,0.7119,0.149035,0.048292,0.683094,0.168034,0.070782,Bellevue_150th_Eastgate
1204,within,0.739122,0.150563,0.04629,0.652501,0.199244,0.038709,Bellevue_150th_Eastgate
1205,within,0.74319,0.151582,0.047379,0.663497,0.302303,0.084738,Bellevue_150th_Eastgate
1206,within,0.732147,0.147548,0.047214,0.638676,0.352705,0.046185,Bellevue_150th_Eastgate
1207,within,0.69296,0.154107,0.052545,0.56442,0.254618,0.061672,Bellevue_150th_Eastgate
1208,within,0.679957,0.16791,0.056524,0.755996,0.190826,0.049981,Bellevue_150th_Eastgate
1209,within,0.652575,0.197496,0.078007,0.809355,0.179938,0.020861,Bellevue_150th_Eastgate
1210,within,0.672886,0.181027,0.096403,0.752045,0.150134,0.036522,Bellevue_150th_Eastgate
1211,within,0.716698,0.149779,0.05082,0.670242,0.216431,0.015899,Bellevue_150th_Eastgate
1212,within,0.683059,0.141249,0.050679,0.734267,0.29107,0.001667,Bellevue_150th_Eastgate
1213,within,0.695799,0.146912,0.051496,0.720213,0.303083,0.0,Bellevue_150th_Eastgate
1214,within,0.71654,0.155817,0.047776,0.644334,0.266075,0.020724,Bellevue_150th_Eastgate
1215,within,0.657589,0.151902,0.050408,0.637471,0.182684,0.043284,Bellevue_150th_Eastgate
1216,within,0.651989,0.190338,0.070347,0.721677,0.212722,0.045236,Bellevue_150th_Eastgate
1217,within,0.690967,0.16921,0.057451,0.799423,0.289024,0.020835,Bellevue_150th_Eastgate
1218,within,0.68241,0.138395,0.049086,0.692785,0.256677,0.035031,Bellevue_150th_Eastgate
1219,within,0.643077,0.186116,0.108254,0.697649,0.238879,0.078804,Bellevue_150th_Eastgate
1220,within,0.650175,0.191707,0.085061,0.706249,0.225251,0.094765,Bellevue_150th_Eastgate
1221,within,0.69165,0.173048,0.054207,0.616841,0.129519,0.149153,Bellevue_150th_Eastgate
1222,within,0.656304,0.169301,0.055944,0.769518,0.283242,0.143886,Bellevue_150th_Eastgate
1223,within,0.714038,0.158945,0.047931,0.727676,0.252307,0.077838,Bellevue_150th_Eastgate
1224,within,0.686323,0.183846,0.066748,0.760071,0.228479,0.087916,Bellevue_150th_Eastgate
1225,within,0.657417,0.183679,0.069785,0.645134,0.285806,0.024106,Bellevue_150th_Eastgate
1226,within,0.647747,0.193767,0.070698,0.504429,0.233747,0.014633,Bellevue_150th_Eastgate
1227,within,0.647677,0.153277,0.054834,0.603789,0.240077,0.001515,Bellevue_150th_Eastgate
1228,within,0.697494,0.171166,0.050747,0.639066,0.279815,0.00965,Bellevue_150th_Eastgate
1229,within,0.691187,0.164201,0.050029,0.659886,0.246551,0.021098,Bellevue_150th_Eastgate
1230,within,0.66677,0.155613,0.04993,0.510704,0.079287,0.092659,Bellevue_150th_Eastgate
1231,within,0.641457,0.188918,0.07207,0.646008,0.133749,0.052116,Bellevue_150th_Eastgate
1232,within,0.684858,0.186014,0.064964,0.635999,0.208636,0.041559,Bellevue_150th_Eastgate
1233,within,0.661389,0.157476,0.051982,0.689733,0.287522,0.03033,Bellevue_150th_Eastgate
1234,within,0.675406,0.152125,0.047168,0.679804,0.209841,0.039787,Bellevue_150th_Eastgate
1235,within,0.681816,0.163326,0.050339,0.627518,0.210657,0.074782,Bellevue_150th_Eastgate
1236,within,0.701339,0.14786,0.046896,0.711551,0.184659,0.084886,Bellevue_150th_Eastgate
1237,within,0.70655,0.155899,0.049314,0.754484,0.148138,0.061355,Bellevue_150th_Eastgate
1238,within,0.682655,0.161579,0.054763,0.794155,0.1354,0.034297,Bellevue_150th_Eastgate
1239,within,0.705322,0.158928,0.050948,0.747098,0.080627,0.048431,Bellevue_150th_Eastgate
1240,within,0.73773,0.165442,0.048776,0.712806,0.196263,0.018353,Bellevue_150th_Eastgate
1241,within,0.657668,0.158208,0.054803,0.652908,0.190732,0.038386,Bellevue_150th_Eastgate
1242,within,0.665579,0.171694,0.060612,0.766587,0.239547,0.066292,Bellevue_150th_Eastgate
1243,within,0.716475,0.167394,0.046939,0.640859,0.243591,0.057268,Bellevue_150th_Eastgate
1244,within,0.663481,0.154579,0.049054,0.674796,0.286026,0.038719,Bellevue_150th_Eastgate
1245,within,0.669399,0.156558,0.051565,0.684516,0.252852,0.043654,Bellevue_150th_Eastgate
1246,within,0.685775,0.177726,0.060134,0.827499,0.261562,0.0726,Bellevue_150th_Eastgate
1247,within,0.730735,0.160644,0.049124,0.615889,0.217258,0.023438,Bellevue_150th_Eastgate
1248,within,0.650483,0.153082,0.054546,0.600093,0.202356,0.011111,Bellevue_150th_Eastgate
1249,within,0.654881,0.15208,0.050979,0.727217,0.230634,0.067488,Bellevue_150th_Eastgate
1250,within,0.61006,0.167933,0.068055,0.774558,0.251271,0.088201,Bellevue_150th_Eastgate
1251,within,0.661575,0.148016,0.04901,0.73926,0.180162,0.100465,Bellevue_150th_Eastgate
1252,within,0.690573,0.174371,0.06077,0.697924,0.142032,0.140441,Bellevue_150th_Eastgate
1253,within,0.695074,0.159108,0.050658,0.605455,0.159739,0.053442,Bellevue_150th_Eastgate
1254,within,0.6418,0.182461,0.075073,0.896457,0.220567,0.125806,Bellevue_150th_Eastgate
1255,within,0.7838,0.151243,0.04989,0.67603,0.19919,0.037854,Bellevue_150th_Eastgate
1256,within,0.73847,0.149527,0.053822,0.671748,0.19738,0.029235,Bellevue_150th_Eastgate
1257,within,0.666219,0.149148,0.053732,0.658402,0.215026,0.002381,Bellevue_150th_Eastgate
1258,within,0.693671,0.140912,0.046252,0.685919,0.163572,0.074415,Bellevue_150th_Eastgate
1259,within,0.708248,0.150761,0.048062,0.69392,0.137459,0.158323,Bellevue_150th_Eastgate
1260,within,0.701874,0.159266,0.052186,0.916499,0.314383,0.053232,Bellevue_150th_Eastgate
1261,within,0.755245,0.129742,0.052277,0.730576,0.211852,0.032268,Bellevue_150th_Eastgate
1262,within,0.708762,0.148361,0.053879,0.748709,0.256161,0.003421,Bellevue_150th_Eastgate
1263,within,0.595355,0.166433,0.061975,0.640246,0.218103,0.032507,Bellevue_150th_Eastgate
1264,within,0.677366,0.163017,0.052326,0.654058,0.290324,0.0196,Bellevue_150th_Eastgate
1265,within,0.688918,0.174802,0.054102,0.621564,0.183097,0.020456,Bellevue_150th_Eastgate
1266,within,0.61935,0.176736,0.061913,0.692986,0.301452,0.042084,Bellevue_150th_Eastgate
1267,within,0.649099,0.162112,0.057991,0.845893,0.356943,0.010729,Bellevue_150th_Eastgate
1268,within,0.759508,0.163396,0.050013,0.742436,0.345628,0.03887,Bellevue_150th_Eastgate
1269,within,0.706837,0.154482,0.05166,0.706099,0.340896,0.06929,Bellevue_150th_Eastgate
1270,within,0.659178,0.148602,0.058224,0.904861,0.291734,0.292036,Bellevue_150th_Eastgate
1271,within,0.701818,0.141032,0.051815,0.915836,0.255357,0.290029,Bellevue_150th_Eastgate
1272,within,0.713108,0.133079,0.056078,0.853631,0.174281,0.266213,Bellevue_150th_Eastgate
1273,within,0.767113,0.156543,0.049752,0.819569,0.224496,0.322659,Bellevue_150th_Eastgate
1274,within,0.763906,0.136986,0.053515,0.714863,0.200345,0.134272,Bellevue_150th_Eastgate
1275,within,0.672351,0.189745,0.108953,0.727112,0.202856,0.054828,Bellevue_150th_Eastgate
1276,within,0.744747,0.13978,0.050657,0.663618,0.271947,0.012725,Bellevue_150th_Eastgate
1277,within,0.695571,0.147908,0.051184,0.716903,0.228099,0.0,Bellevue_150th_Eastgate
1278,within,0.770444,0.159916,0.047968,0.745142,0.271572,0.011859,Bellevue_150th_Eastgate
1279,within,0.723347,0.150992,0.048178,0.713376,0.2414,0.06247,Bellevue_150th_Eastgate
1280,within,0.61834,0.146256,0.051643,0.822964,0.195739,0.118877,Bellevue_150th_Eastgate
1281,within,0.656716,0.154601,0.053075,0.836056,0.129048,0.109114,Bellevue_150th_Eastgate
1282,within,0.703505,0.161213,0.052488,0.701194,0.181468,0.083759,Bellevue_150th_Eastgate
1283,within,0.664896,0.172799,0.060955,0.68457,0.279074,0.042932,Bellevue_150th_Eastgate
1284,within,0.638419,0.155959,0.051251,0.671592,0.276583,0.010712,Bellevue_150th_Eastgate
1285,within,0.744616,0.168277,0.049096,0.702315,0.278419,0.038285,Bellevue_150th_Eastgate
1286,within,0.670143,0.149902,0.05228,0.681303,0.224064,0.088451,Bellevue_150th_Eastgate
1287,within,0.665124,0.146796,0.047745,0.650997,0.275636,0.04619,Bellevue_150th_Eastgate
1288,within,0.694519,0.157329,0.0534,0.663758,0.26768,0.006001,Bellevue_150th_Eastgate
1289,within,0.707303,0.160092,0.051406,0.588128,0.235845,0.028628,Bellevue_150th_Eastgate
1290,within,0.662805,0.184357,0.069761,0.536901,0.161928,0.080504,Bellevue_150th_Eastgate
1291,within,0.660672,0.161831,0.058208,0.590782,0.158008,0.060939,Bellevue_150th_Eastgate
1292,within,0.630093,0.185769,0.111417,0.516097,0.03708,0.040011,Bellevue_150th_Eastgate
1293,within,0.590825,0.186194,0.086893,0.499615,0.09828,0.032996,Bellevue_150th_Eastgate
1294,within,0.707644,0.165535,0.049922,0.567486,0.183479,0.070611,Bellevue_150th_Eastgate
1295,within,0.712896,0.157403,0.05013,0.681392,0.290933,0.034674,Bellevue_150th_Eastgate
1296,within,0.714999,0.147666,0.051724,0.615384,0.111715,0.080344,Bellevue_150th_Eastgate
1297,within,0.577982,0.179055,0.086016,0.630329,0.155074,0.089922,Bellevue_150th_Eastgate
1298,within,0.636546,0.157137,0.050581,0.605143,0.163483,0.135524,Bellevue_150th_Eastgate
1299,within,0.704182,0.163645,0.050162,0.640795,0.187485,0.117773,Bellevue_150th_Eastgate
1300,within,0.66627,0.148868,0.048807,0.65015,0.202995,0.096624,Bellevue_150th_Eastgate
1301,within,0.694622,0.15429,0.047884,0.685323,0.170433,0.128012,Bellevue_150th_Eastgate
1302,within,0.66827,0.163582,0.05443,0.614831,0.085082,0.057774,Bellevue_150th_Eastgate
1303,within,0.602509,0.176196,0.066622,0.661875,0.146285,0.043756,Bellevue_150th_Eastgate
1304,within,0.628781,0.163838,0.057138,0.502416,0.136253,0.031541,Bellevue_150th_Eastgate
1305,within,0.634244,0.181533,0.074416,0.491024,0.10801,0.104341,Bellevue_150th_Eastgate
1306,within,0.600669,0.182291,0.067422,0.57044,0.121173,0.057685,Bellevue_150th_Eastgate
1307,within,0.703453,0.155767,0.04792,0.606884,0.184085,0.02953,Bellevue_150th_Eastgate
1308,within,0.730709,0.166712,0.049211,0.57443,0.187564,0.021188,Bellevue_150th_Eastgate
1309,within,0.701695,0.155929,0.048064,0.594685,0.11015,0.040528,Bellevue_150th_Eastgate
1310,within,0.686463,0.160175,0.053004,0.607881,0.057158,0.031168,Bellevue_150th_Eastgate
1311,within,0.692119,0.170949,0.060889,0.691987,0.079781,0.069371,Bellevue_150th_Eastgate
1312,within,0.774925,0.128673,0.051454,0.705871,0.188072,0.036461,Bellevue_150th_Eastgate
1313,within,0.695294,0.1581,0.056515,0.578788,0.200582,0.032815,Bellevue_150th_Eastgate
1314,within,0.663949,0.151774,0.057092,0.825387,0.284193,0.057778,Bellevue_150th_Eastgate
1315,within,0.690187,0.162667,0.055699,0.804154,0.313178,0.039067,Bellevue_150th_Eastgate
1316,within,0.728767,0.142032,0.04714,0.806964,0.339614,0.026199,Bellevue_150th_Eastgate
1317,within,0.706218,0.15216,0.048922,0.815775,0.31278,0.0861,Bellevue_150th_Eastgate
1318,within,0.677626,0.177468,0.066576,0.850972,0.281299,0.065015,Bellevue_150th_Eastgate
1319,within,0.680597,0.182669,0.096511,0.80189,0.222371,0.087539,Bellevue_150th_Eastgate
1320,within,0.702692,0.153156,0.053794,0.667768,0.138962,0.074794,Bellevue_150th_Eastgate
1321,within,0.673771,0.159895,0.055026,0.65711,0.140129,0.064588,Bellevue_150th_Eastgate
1322,within,0.639218,0.153571,0.057876,0.634568,0.140563,0.047749,Bellevue_150th_Eastgate
1323,within,0.614798,0.186303,0.072363,0.685908,0.194934,0.036421,Bellevue_150th_Eastgate
1324,within,0.681541,0.157587,0.049903,0.637045,0.205019,0.042368,Bellevue_150th_Eastgate
1325,within,0.691664,0.156837,0.049832,0.664772,0.219984,0.049396,Bellevue_150th_Eastgate
1326,within,0.684296,0.163556,0.060192,0.756691,0.202138,0.075696,Bellevue_150th_Eastgate
1327,within,0.694489,0.161108,0.058646,0.70218,0.124767,0.04105,Bellevue_150th_Eastgate
1328,within,0.733603,0.146681,0.057326,0.737522,0.156445,0.024113,Bellevue_150th_Eastgate
1329,within,0.733651,0.130098,0.053582,0.648281,0.245824,0.056231,Bellevue_150th_Eastgate
1330,within,0.64116,0.160024,0.062518,0.719977,0.23455,0.101753,Bellevue_150th_Eastgate
1331,within,0.671143,0.145206,0.049879,0.71856,0.194772,0.089841,Bellevue_150th_Eastgate
1332,within,0.674898,0.139822,0.053903,0.707423,0.310861,0.029807,Bellevue_150th_Eastgate
1333,within,0.706837,0.15724,0.052949,0.605855,0.234273,0.028518,Bellevue_150th_Eastgate
1334,within,0.661184,0.18821,0.089472,0.752085,0.313115,0.019019,Bellevue_150th_Eastgate
1335,within,0.715441,0.137207,0.051625,0.691899,0.227654,0.014306,Bellevue_150th_Eastgate
1336,within,0.643187,0.158226,0.056593,0.726911,0.23296,0.030642,Bellevue_150th_Eastgate
1337,within,0.655016,0.158526,0.060371,0.802875,0.192563,0.04991,Bellevue_150th_Eastgate
1338,within,0.652511,0.146104,0.054829,0.777404,0.168201,0.12707,Bellevue_150th_Eastgate
1339,within,0.689215,0.175014,0.062359,0.776855,0.222112,0.095579,Bellevue_150th_Eastgate
1340,within,0.68199,0.176091,0.06685,0.739241,0.310804,0.019735,Bellevue_150th_Eastgate
1341,within,0.680558,0.160865,0.056928,0.653489,0.268211,0.027037,Bellevue_150th_Eastgate
1342,within,0.727061,0.155608,0.055245,0.767191,0.372518,0.054113,Bellevue_150th_Eastgate
1343,within,0.726549,0.093737,0.080781,0.609086,0.192768,0.038116,Bellevue_150th_Eastgate
1344,within,0.631122,0.158435,0.058725,0.664882,0.259049,0.109544,Bellevue_150th_Eastgate
1345,within,0.619851,0.169106,0.063224,0.705222,0.242736,0.154796,Bellevue_150th_Eastgate
1346,within,0.724417,0.135069,0.048239,0.729567,0.131637,0.184974,Bellevue_150th_Eastgate
1347,within,0.735009,0.138278,0.049765,0.759937,0.037321,0.290989,Bellevue_150th_Eastgate
1348,within,0.811203,0.123949,0.052683,0.638808,0.13299,0.112106,Bellevue_150th_Eastgate
1349,within,0.661087,0.148611,0.054903,0.8621,0.323618,0.06064,Bellevue_150th_Eastgate
1350,within,0.595957,0.110812,0.055583,0.670558,0.224007,0.014181,Bellevue_150th_Eastgate
1351,within,0.659712,0.140215,0.047675,0.544906,0.181905,0.032015,Bellevue_150th_Eastgate
1352,within,0.667082,0.154968,0.054235,0.729446,0.169295,0.079895,Bellevue_150th_Eastgate
1353,within,0.660291,0.14727,0.047335,0.584747,0.17589,0.032109,Bellevue_150th_Eastgate
1354,within,0.649507,0.151813,0.051757,0.74804,0.204622,0.064776,Bellevue_150th_Eastgate
1355,within,0.71413,0.153824,0.048033,0.659397,0.150586,0.105076,Bellevue_150th_Eastgate
1356,within,0.677502,0.133843,0.052301,0.707417,0.088498,0.069595,Bellevue_150th_Eastgate
1357,within,0.704166,0.154683,0.050711,0.580048,0.036229,0.086781,Bellevue_150th_Eastgate
1358,within,0.567731,0.149346,0.052699,0.549436,0.152472,0.048939,Bellevue_150th_Eastgate
1359,within,0.651573,0.149106,0.050019,0.567206,0.176911,0.04482,Bellevue_150th_Eastgate
1360,within,0.70032,0.161102,0.049495,0.572201,0.159248,0.046705,Bellevue_150th_Eastgate
1361,within,0.717321,0.150339,0.048096,0.535869,0.147361,0.067391,Bellevue_150th_Eastgate
1362,within,0.723572,0.159531,0.051136,0.62254,0.147053,0.064687,Bellevue_150th_Eastgate
1363,within,0.681568,0.151926,0.055917,0.648999,0.132729,0.039682,Bellevue_150th_Eastgate
1364,within,0.685003,0.148666,0.053557,0.648227,0.171847,0.04274,Bellevue_150th_Eastgate
1365,within,0.654381,0.156716,0.059986,0.58326,0.232372,0.040351,Bellevue_150th_Eastgate
1366,within,0.655176,0.149519,0.050433,0.617819,0.256831,0.071889,Bellevue_150th_Eastgate
1367,within,0.632434,0.156731,0.05004,0.68501,0.191396,0.219867,Bellevue_150th_Eastgate
1368,within,0.673303,0.169994,0.055123,0.730961,0.197006,0.07919,Bellevue_150th_Eastgate
1369,within,0.707151,0.150677,0.052313,0.730077,0.229504,0.006405,Bellevue_150th_Eastgate
1370,within,0.742078,0.114435,0.059337,0.603392,0.167547,0.01733,Bellevue_150th_Eastgate
1371,within,0.70159,0.149238,0.051649,0.508727,0.167127,0.067501,Bellevue_150th_Eastgate
1372,within,0.679721,0.159913,0.054491,0.478998,0.177654,0.08017,Bellevue_150th_Eastgate
1373,within,0.719423,0.150718,0.048054,0.543811,0.13294,0.05199,Bellevue_150th_Eastgate
1374,within,0.661484,0.164979,0.061027,0.65256,0.180406,0.02024,Bellevue_150th_Eastgate
1375,within,0.654302,0.182104,0.073905,0.778215,0.207408,0.085748,Bellevue_150th_Eastgate
1376,within,0.5858,0.178844,0.096008,0.628864,0.225905,0.087228,Bellevue_150th_Eastgate
1377,within,0.596802,0.180399,0.082519,0.747964,0.298259,0.018478,Bellevue_150th_Eastgate
1378,within,0.695152,0.140602,0.049104,0.777799,0.384766,0.001961,Bellevue_150th_Eastgate
1379,within,0.720213,0.159477,0.0542,0.784298,0.325467,0.037351,Bellevue_150th_Eastgate
1380,within,0.714423,0.158299,0.051249,0.74065,0.36058,0.018645,Bellevue_150th_Eastgate
1381,within,0.693898,0.150145,0.049878,0.692146,0.264136,0.080672,Bellevue_150th_Eastgate
1382,within,0.631194,0.179613,0.111099,0.587829,0.225692,0.080298,Bellevue_150th_Eastgate
1383,within,0.604072,0.171495,0.086905,0.599926,0.127475,0.016481,Bellevue_150th_Eastgate
1384,within,0.643872,0.155906,0.056793,0.770177,0.203845,0.004762,Bellevue_150th_Eastgate
1385,within,0.741527,0.158773,0.05027,0.74505,0.162739,0.001449,Bellevue_150th_Eastgate
1386,within,0.640148,0.146315,0.053856,0.774155,0.15281,0.009676,Bellevue_150th_Eastgate
1387,within,0.601086,0.127429,0.050939,0.75313,0.209731,0.025829,Bellevue_150th_Eastgate
1388,within,0.700108,0.142742,0.051902,0.672689,0.195252,0.038424,Bellevue_150th_Eastgate
1389,within,0.638189,0.1804,0.099355,0.716919,0.197319,0.068591,Bellevue_150th_Eastgate
1390,within,0.627291,0.179338,0.110972,0.642428,0.175761,0.023436,Bellevue_150th_Eastgate
1391,within,0.600269,0.171925,0.078925,0.677569,0.180075,0.038283,Bellevue_150th_Eastgate
1392,within,0.603173,0.166788,0.068198,0.663337,0.163571,0.030807,Bellevue_150th_Eastgate
1393,within,0.75706,0.155726,0.048795,0.701941,0.249379,0.062596,Bellevue_150th_Eastgate
1394,within,0.636746,0.166654,0.083157,0.62198,0.242567,0.019298,Bellevue_150th_Eastgate
1395,within,0.691999,0.119674,0.065486,0.508898,0.215667,0.024351,Bellevue_150th_Eastgate
1396,within,0.653978,0.149821,0.055002,0.41498,0.203162,0.030064,Bellevue_150th_Eastgate
1397,within,0.588287,0.180479,0.07845,0.562277,0.298288,0.05422,Bellevue_150th_Eastgate
1398,within,0.690691,0.173892,0.058316,0.59235,0.21859,0.049725,Bellevue_150th_Eastgate
1399,within,0.664094,0.184153,0.075728,0.791094,0.241419,0.048816,Bellevue_150th_Eastgate
1400,within,0.655296,0.108795,0.061701,0.744909,0.168409,0.011354,Bellevue_150th_Eastgate
1401,within,0.726906,0.09667,0.07764,0.786364,0.236011,0.005754,Bellevue_150th_Eastgate
1402,within,0.660313,0.162235,0.065034,0.734118,0.230484,0.030129,Bellevue_150th_Eastgate
1403,within,0.632629,0.180948,0.072789,0.744196,0.195677,0.078173,Bellevue_150th_Eastgate
1404,within,0.623505,0.166265,0.061746,0.647129,0.269829,0.113967,Bellevue_150th_Eastgate
1405,within,0.625454,0.154202,0.052454,0.557259,0.218531,0.052249,Bellevue_150th_Eastgate
1406,within,0.663099,0.185233,0.082553,0.629943,0.247622,0.013822,Bellevue_150th_Eastgate
1407,within,0.582866,0.176338,0.084937,0.578939,0.163815,0.026115,Bellevue_150th_Eastgate
1408,within,0.592464,0.164722,0.066276,0.561184,0.199808,0.018026,Bellevue_150th_Eastgate
1409,within,0.572245,0.178594,0.082596,0.569854,0.207283,0.074478,Bellevue_150th_Eastgate
1410,within,0.591853,0.172408,0.097597,0.555518,0.171494,0.074318,Bellevue_150th_Eastgate
1411,within,0.606701,0.177178,0.101734,0.60129,0.23444,0.084545,Bellevue_150th_Eastgate
1412,within,0.601175,0.180635,0.092279,0.6095,0.216501,0.106177,Bellevue_150th_Eastgate
1413,within,0.605634,0.180487,0.079709,0.533298,0.211811,0.040469,Bellevue_150th_Eastgate
1414,within,0.588708,0.166941,0.102682,0.462311,0.11654,0.017996,Bellevue_150th_Eastgate
1415,within,0.657381,0.14011,0.053042,0.597516,0.15298,0.02785,Bellevue_150th_Eastgate
1416,within,0.534841,0.157732,0.058397,0.558133,0.147553,0.046223,Bellevue_150th_Eastgate
1417,within,0.609293,0.115032,0.056757,0.559768,0.171847,0.024919,Bellevue_150th_Eastgate
1418,within,0.628564,0.137192,0.049011,0.622991,0.250782,0.015546,Bellevue_150th_Eastgate
1419,within,0.643697,0.170534,0.060701,0.651602,0.225043,0.015145,Bellevue_150th_Eastgate
1420,within,0.654136,0.15571,0.056341,0.762623,0.291981,0.005185,Bellevue_150th_Eastgate
1421,within,0.758075,0.143687,0.051158,0.588109,0.148676,0.012337,Bellevue_150th_Eastgate
1422,within,0.704237,0.13061,0.055265,0.595065,0.171588,0.066637,Bellevue_150th_Eastgate
1423,within,0.593531,0.17703,0.103552,0.631889,0.140775,0.090112,Bellevue_150th_Eastgate
1424,within,0.577437,0.152905,0.052427,0.672353,0.18992,0.115837,Bellevue_150th_Eastgate
1425,within,0.624257,0.152394,0.055262,0.689712,0.174184,0.156545,Bellevue_150th_Eastgate
1426,within,0.613442,0.150889,0.052676,0.674028,0.195709,0.062796,Bellevue_150th_Eastgate
1427,within,0.622168,0.180813,0.096122,0.673404,0.181872,0.068343,Bellevue_150th_Eastgate
1428,within,0.633525,0.178034,0.110563,0.859064,0.258961,0.090507,Bellevue_150th_Eastgate
1429,within,0.734545,0.100099,0.08161,0.576154,0.203788,0.035792,Bellevue_150th_Eastgate
1430,within,0.69614,0.138507,0.068057,0.524997,0.182779,0.017116,Bellevue_150th_Eastgate
1431,within,0.688843,0.109404,0.072096,0.604821,0.146666,0.121713,Bellevue_150th_Eastgate
1432,within,0.587593,0.171704,0.069857,0.508976,0.072598,0.090634,Bellevue_150th_Eastgate
1433,within,0.618891,0.156934,0.073734,0.539436,0.10703,0.117859,Bellevue_150th_Eastgate
1434,within,0.692234,0.078519,0.089209,0.567809,0.211175,0.141489,Bellevue_150th_Eastgate
1435,within,0.649243,0.173187,0.068615,0.597237,0.199287,0.073922,Bellevue_150th_Eastgate
1436,within,0.674537,0.182121,0.120381,0.708263,0.266699,0.058734,Bellevue_150th_Eastgate
1437,within,0.719127,0.07602,0.101964,0.55072,0.231352,0.017833,Bellevue_150th_Eastgate
1438,within,0.691462,0.121205,0.067178,0.549881,0.235708,0.010175,Bellevue_150th_Eastgate
1439,within,0.673121,0.181853,0.0708,0.593173,0.260232,0.009162,Bellevue_150th_Eastgate
1440,within,0.731853,0.136163,0.076531,0.57825,0.282527,0.015955,Bellevue_150th_Eastgate
1441,within,0.742615,0.118886,0.066883,0.561843,0.266345,0.018701,Bellevue_150th_Eastgate
1442,within,0.679833,0.138788,0.061316,0.612254,0.29587,0.034505,Bellevue_150th_Eastgate
1443,within,0.633857,0.187397,0.086537,0.63791,0.282534,0.049482,Bellevue_150th_Eastgate
1444,within,0.619898,0.172801,0.112005,0.68611,0.250626,0.055401,Bellevue_150th_Eastgate
1445,within,0.70373,0.105527,0.089945,0.610864,0.282055,0.022393,Bellevue_150th_Eastgate
1446,within,0.632728,0.169586,0.105949,0.574112,0.221899,0.072835,Bellevue_150th_Eastgate
1447,within,0.643639,0.135946,0.062383,0.603278,0.232144,0.016547,Bellevue_150th_Eastgate
1448,within,0.660004,0.169907,0.07235,0.622824,0.17111,0.041192,Bellevue_150th_Eastgate
1449,within,0.666178,0.148359,0.060137,0.698702,0.166282,0.068264,Bellevue_150th_Eastgate
1450,within,0.642219,0.178316,0.114556,0.675883,0.215583,0.0608,Bellevue_150th_Eastgate
1451,within,0.651603,0.172646,0.105168,0.760384,0.162565,0.156522,Bellevue_150th_Eastgate
1452,within,0.711898,0.136853,0.057294,0.649514,0.179166,0.077201,Bellevue_150th_Eastgate
1453,within,0.608201,0.154064,0.089931,0.551079,0.121944,0.083629,Bellevue_150th_Eastgate
1454,within,0.603535,0.181947,0.070283,0.522598,0.160126,0.085376,Bellevue_150th_Eastgate
1455,within,0.640586,0.181343,0.069464,0.558938,0.198336,0.05392,Bellevue_150th_Eastgate
1456,within,0.590797,0.178701,0.102865,0.566337,0.202678,0.071203,Bellevue_150th_Eastgate
1457,within,0.583615,0.173923,0.073433,0.570915,0.17423,0.025926,Bellevue_150th_Eastgate
1458,within,0.637767,0.161017,0.062078,0.648779,0.17344,0.008517,Bellevue_150th_Eastgate
1459,within,0.632094,0.174241,0.118597,0.712212,0.134584,0.005248,Bellevue_150th_Eastgate
1460,within,0.695805,0.132571,0.090376,0.535435,0.160419,0.022226,Bellevue_150th_Eastgate
1461,within,0.607959,0.173602,0.10602,0.557243,0.218146,0.009264,Bellevue_150th_Eastgate
1462,within,0.674089,0.151805,0.061178,0.687573,0.22044,0.025857,Bellevue_150th_Eastgate
1463,within,0.685256,0.141805,0.052184,0.690867,0.233141,0.091872,Bellevue_150th_Eastgate
1464,within,0.632717,0.17445,0.103963,0.776411,0.327884,0.064111,Bellevue_150th_Eastgate
1465,within,0.618784,0.177459,0.101542,0.638021,0.167791,0.063968,Bellevue_150th_Eastgate
1466,within,0.731383,0.149855,0.054476,0.68047,0.20646,0.075969,Bellevue_150th_Eastgate
1467,within,0.701965,0.089852,0.090648,0.605282,0.197686,0.034236,Bellevue_150th_Eastgate
1468,within,0.603997,0.172379,0.075888,0.602037,0.213785,0.009279,Bellevue_150th_Eastgate
1469,within,0.620613,0.181496,0.082897,0.600435,0.273662,0.015645,Bellevue_150th_Eastgate
1470,within,0.596337,0.177751,0.09741,0.669459,0.2713,0.05921,Bellevue_150th_Eastgate
1471,within,0.637975,0.173555,0.095908,0.570845,0.187398,0.095128,Bellevue_150th_Eastgate
1472,within,0.631121,0.17627,0.106852,0.712972,0.213851,0.156824,Bellevue_150th_Eastgate
1473,within,0.642059,0.174327,0.106633,0.551461,0.162244,0.05087,Bellevue_150th_Eastgate
1474,within,0.627341,0.177786,0.111571,0.502044,0.138888,0.029396,Bellevue_150th_Eastgate
1475,within,0.669558,0.145407,0.058759,0.560389,0.185795,0.035514,Bellevue_150th_Eastgate
1476,within,0.680282,0.132894,0.05589,0.646204,0.248835,0.018244,Bellevue_150th_Eastgate
1477,within,0.682611,0.16563,0.095409,0.647236,0.250942,0.042258,Bellevue_150th_Eastgate
1478,within,0.716391,0.090663,0.074243,0.640842,0.203725,0.088584,Bellevue_150th_Eastgate
1479,within,0.654577,0.161886,0.073417,0.617822,0.188692,0.091021,Bellevue_150th_Eastgate
1480,within,0.712458,0.110791,0.087834,0.675633,0.161983,0.07558,Bellevue_150th_Eastgate
1481,within,0.497668,0.127142,0.055345,0.626591,0.093597,0.209482,Bellevue_150th_Eastgate
1482,within,0.624801,0.137305,0.075732,0.623785,0.176145,0.104743,Bellevue_150th_Eastgate
1483,within,0.629846,0.084086,0.06633,0.711367,0.116886,0.139093,Bellevue_150th_Eastgate
1484,within,0.724267,0.076123,0.110522,0.689053,0.252842,0.052014,Bellevue_150th_Eastgate
1485,within,0.719773,0.116539,0.074488,0.685774,0.292905,0.030629,Bellevue_150th_Eastgate
1486,within,0.70724,0.074798,0.092988,0.700525,0.267678,0.012966,Bellevue_150th_Eastgate
1487,within,0.63354,0.173417,0.111601,0.670175,-0.004194,0.16335,Bellevue_150th_Eastgate
1488,within,0.694196,0.153161,0.060848,0.618946,0.02523,0.113116,Bellevue_150th_Eastgate
1489,within,0.727728,0.157631,0.056429,0.649819,0.034166,0.097599,Bellevue_150th_Eastgate
1490,within,0.750155,0.11361,0.066163,0.656939,0.068811,0.110123,Bellevue_150th_Eastgate
1491,within,0.699353,0.117797,0.063336,0.693176,0.150129,0.131454,Bellevue_150th_Eastgate
1492,within,0.649986,0.175986,0.109253,0.677118,0.216051,0.042117,Bellevue_150th_Eastgate
1493,within,0.604038,0.167196,0.110535,0.51751,0.179826,0.031967,Bellevue_150th_Eastgate
1494,within,0.618105,0.169495,0.112357,0.525177,0.220496,0.002381,Bellevue_150th_Eastgate
1495,within,0.666318,0.151921,0.057304,0.547486,0.166692,0.021669,Bellevue_150th_Eastgate
1496,within,0.649314,0.12448,0.081197,0.60801,0.091764,0.115203,Bellevue_150th_Eastgate
1497,within,0.611962,0.170769,0.107694,0.633133,0.220373,0.126651,Bellevue_150th_Eastgate
1498,within,0.631086,0.171406,0.074224,0.677222,0.219317,0.120048,Bellevue_150th_Eastgate
1499,within,0.65409,0.176852,0.122644,0.678584,0.25568,0.097804,Bellevue_150th_Eastgate
1500,within,0.662919,0.135425,0.092877,0.591111,0.149052,0.056309,Bellevue_150th_Eastgate
1501,within,0.623016,0.179993,0.081947,0.61986,0.208694,0.027856,Bellevue_150th_Eastgate
1502,within,0.581798,0.163272,0.100419,0.633515,0.200627,0.02013,Bellevue_150th_Eastgate
1503,within,0.585829,0.169701,0.098916,0.648068,0.264431,0.055872,Bellevue_150th_Eastgate
1504,within,0.642599,0.187203,0.070322,0.617486,0.219146,0.045555,Bellevue_150th_Eastgate
1505,within,0.648238,0.180674,0.113332,0.582701,0.160062,0.044156,Bellevue_150th_Eastgate
1506,within,0.609633,0.173248,0.105085,0.560364,0.207428,0.029308,Bellevue_150th_Eastgate
1507,within,0.597755,0.170269,0.089653,0.61637,0.183026,0.05679,Bellevue_150th_Eastgate
1508,within,0.631589,0.162495,0.106797,0.592786,0.197659,0.030559,Bellevue_150th_Eastgate
1509,within,0.738763,0.10176,0.060781,0.663953,0.167502,0.087249,Bellevue_150th_Eastgate
1510,within,0.719187,0.132787,0.050341,0.51699,0.193041,0.022423,Bellevue_150th_Eastgate
1511,within,0.69197,0.166648,0.066048,0.760132,0.211073,0.104067,Bellevue_150th_Eastgate
1512,within,0.714962,0.076879,0.095704,0.540861,0.170203,0.063,Bellevue_150th_Eastgate
1513,within,0.612846,0.17985,0.110002,0.663746,0.174289,0.044307,Bellevue_150th_Eastgate
1514,within,0.681461,0.143574,0.061811,0.730784,0.310021,0.012634,Bellevue_150th_Eastgate
1515,within,0.651225,0.157461,0.062633,0.749596,0.233356,0.128207,Bellevue_150th_Eastgate
1516,within,0.708092,0.1607,0.058652,0.576755,0.182732,0.055112,Bellevue_150th_Eastgate
1517,within,0.677208,0.14353,0.05638,0.602741,0.172019,0.08202,Bellevue_150th_Eastgate
1518,within,0.642271,0.175956,0.100327,0.708033,0.172524,0.108073,Bellevue_150th_Eastgate
1519,within,0.728856,0.087449,0.086421,0.62455,0.222772,0.032444,Bellevue_150th_Eastgate
1520,within,0.592542,0.148975,0.09561,0.591666,0.206189,0.070769,Bellevue_150th_Eastgate
1521,within,0.620175,0.170346,0.105356,0.549412,0.196047,0.056342,Bellevue_150th_Eastgate
1522,within,0.639324,0.180549,0.098767,0.566829,0.227817,0.033695,Bellevue_150th_Eastgate
1523,within,0.670964,0.176683,0.122506,0.591236,0.278707,0.017043,Bellevue_150th_Eastgate
1524,within,0.722073,0.104817,0.087304,0.655557,0.274128,0.070565,Bellevue_150th_Eastgate
1525,within,0.651468,0.176568,0.109547,0.683308,0.17439,0.12011,Bellevue_150th_Eastgate
1526,within,0.645169,0.168582,0.11681,0.687206,0.24838,0.029674,Bellevue_150th_Eastgate
1527,within,0.668495,0.158841,0.111535,0.616354,0.227126,0.045775,Bellevue_150th_Eastgate
1528,within,0.697246,0.08052,0.087569,0.724452,0.225407,0.063895,Bellevue_150th_Eastgate
1529,within,0.701055,0.072458,0.09191,0.65204,0.231103,0.029865,Bellevue_150th_Eastgate
1530,within,0.669437,0.105503,0.077925,0.656571,0.229225,0.085964,Bellevue_150th_Eastgate
1531,within,0.641146,0.178902,0.088494,0.788912,0.318133,0.056704,Bellevue_150th_Eastgate
1532,within,0.648643,0.168683,0.097649,0.753984,0.245851,0.079597,Bellevue_150th_Eastgate
1533,within,0.650123,0.169634,0.118417,0.550952,0.132394,0.040393,Bellevue_150th_Eastgate
1534,within,0.635708,0.172667,0.111357,0.493335,0.122323,0.007305,Bellevue_150th_Eastgate
1535,within,0.632538,0.16648,0.094922,0.529919,0.141865,0.016093,Bellevue_150th_Eastgate
1536,within,0.618214,0.113528,0.067883,0.595587,0.214817,0.007136,Bellevue_150th_Eastgate
1537,within,0.690647,0.079194,0.088565,0.550648,0.24651,0.007407,Bellevue_150th_Eastgate
1538,within,0.668327,0.091579,0.072298,0.536256,0.267758,0.029047,Bellevue_150th_Eastgate
1539,within,0.646643,0.179333,0.095836,0.636823,0.272246,0.011363,Bellevue_150th_Eastgate
1540,within,0.644084,0.151421,0.063264,0.406523,0.168972,0.042553,Bellevue_150th_Eastgate
1541,within,0.684103,0.152963,0.061994,0.555154,0.153314,0.111741,Bellevue_150th_Eastgate
1542,within,0.539103,0.145553,0.091208,0.626547,0.106401,0.14999,Bellevue_150th_Eastgate
1543,within,0.691723,0.120303,0.066579,0.53168,0.090834,0.122065,Bellevue_150th_Eastgate
1544,within,0.712118,0.082571,0.089253,0.468699,0.064245,0.096478,Bellevue_150th_Eastgate
1545,within,0.691948,0.093241,0.079752,0.566105,0.210438,0.03684,Bellevue_150th_Eastgate
1546,within,0.623303,0.188289,0.076032,0.620616,0.206745,0.030007,Bellevue_150th_Eastgate
1547,within,0.589316,0.176223,0.083451,0.548987,0.226444,0.011528,Bellevue_150th_Eastgate
1548,within,0.590534,0.175408,0.094346,0.512555,0.20074,0.00668,Bellevue_150th_Eastgate
1549,within,0.548565,0.15658,0.098934,0.492663,0.172253,0.0114,Bellevue_150th_Eastgate
1550,within,0.603006,0.169187,0.112258,0.483813,0.154075,0.014385,Bellevue_150th_Eastgate
1551,within,0.687784,0.141272,0.055794,0.543905,0.265386,0.033159,Bellevue_150th_Eastgate
1552,within,0.676221,0.171187,0.08339,0.612102,0.277875,0.027668,Bellevue_150th_Eastgate
1553,within,0.645226,0.167577,0.118343,0.649869,0.225454,0.037093,Bellevue_150th_Eastgate
1554,within,0.693778,0.093108,0.091963,0.564463,0.20568,0.033924,Bellevue_150th_Eastgate
1555,within,0.600834,0.16152,0.113731,0.643012,0.226499,0.04319,Bellevue_150th_Eastgate
1556,within,0.566187,0.149106,0.093338,0.690497,0.261952,0.090324,Bellevue_150th_Eastgate
1557,within,0.628112,0.069695,0.07554,0.641861,0.204856,0.064837,Bellevue_150th_Eastgate
1558,within,0.67283,0.159716,0.068095,0.761533,0.162627,0.073814,Bellevue_150th_Eastgate
1559,within,0.638919,0.165014,0.12208,0.624976,0.247181,0.02944,Bellevue_150th_Eastgate
1560,within,0.640475,0.154897,0.093106,0.565238,0.281543,0.008278,Bellevue_150th_Eastgate
1561,within,0.683172,0.058183,0.089655,0.656725,0.256786,0.051688,Bellevue_150th_Eastgate
1562,within,0.7594,0.077308,0.100715,0.648836,0.301767,0.033864,Bellevue_150th_Eastgate
1563,within,0.665831,0.042691,0.09498,0.566517,0.285868,0.011908,Bellevue_150th_Eastgate
1564,within,0.674765,0.086873,0.079303,0.733133,0.213445,0.052671,Bellevue_150th_Eastgate
1565,within,0.633965,0.183608,0.102756,0.636204,0.158778,0.048316,Bellevue_150th_Eastgate
1566,within,0.675278,0.178181,0.098751,0.732107,0.187373,0.055843,Bellevue_150th_Eastgate
1567,within,0.583728,0.061755,0.094262,0.488433,0.18167,0.041812,Bellevue_150th_Eastgate
1568,within,0.604476,0.171265,0.072726,0.485245,0.160221,0.057528,Bellevue_150th_Eastgate
1569,within,0.641664,0.17314,0.083218,0.513195,0.168736,0.048926,Bellevue_150th_Eastgate
1570,within,0.607167,0.168202,0.112776,0.600711,0.175814,0.037459,Bellevue_150th_Eastgate
1571,within,0.637817,0.172576,0.110644,0.602725,0.216139,0.039761,Bellevue_150th_Eastgate
1572,within,0.653084,0.163491,0.104921,0.609623,0.197283,0.061567,Bellevue_150th_Eastgate
1573,within,0.636781,0.174932,0.09933,0.719413,0.23923,0.061324,Bellevue_150th_Eastgate
1574,within,0.621238,0.161547,0.105859,0.667513,0.17907,0.057205,Bellevue_150th_Eastgate
1575,within,0.633063,0.167495,0.106258,0.491066,0.146419,0.018061,Bellevue_150th_Eastgate
1576,within,0.612302,0.157159,0.104305,0.581252,0.101033,0.106806,Bellevue_150th_Eastgate
1577,within,0.691252,0.079112,0.085355,0.503836,0.156584,0.072502,Bellevue_150th_Eastgate
1578,within,0.631841,0.173259,0.10392,0.585594,0.218779,0.128117,Bellevue_150th_Eastgate
1579,within,0.627083,0.172758,0.107381,0.623579,0.170871,0.163223,Bellevue_150th_Eastgate
1580,within,0.622862,0.168499,0.109664,0.697988,0.250939,0.107007,Bellevue_150th_Eastgate
1581,within,0.60755,0.157714,0.11109,0.655428,0.232622,0.048678,Bellevue_150th_Eastgate
1582,within,0.647366,0.091617,0.077198,0.552005,0.270918,0.016732,Bellevue_150th_Eastgate
1583,within,0.624231,0.174127,0.111845,0.519526,0.320057,0.014186,Bellevue_150th_Eastgate
1584,within,0.610478,0.167176,0.113043,0.49681,0.223646,0.034042,Bellevue_150th_Eastgate
1585,within,0.61057,0.16621,0.091351,0.596266,0.213348,0.052304,Bellevue_150th_Eastgate
1586,within,0.655604,0.175871,0.120385,0.7716,0.234015,0.031969,Bellevue_150th_Eastgate
1587,within,0.686995,0.066231,0.097441,0.470308,0.150531,0.010082,Bellevue_150th_Eastgate
1588,within,0.603271,0.16729,0.104378,0.482051,0.126527,0.001961,Bellevue_150th_Eastgate
1589,within,0.566945,0.156904,0.093735,0.472057,0.138629,0.004525,Bellevue_150th_Eastgate
1590,within,0.536724,0.143975,0.089185,0.547767,0.135508,0.026459,Bellevue_150th_Eastgate
1591,within,0.600033,0.163029,0.106778,0.485342,0.097263,0.038351,Bellevue_150th_Eastgate
1592,within,0.674291,0.154575,0.060305,0.575437,0.121246,0.030215,Bellevue_150th_Eastgate
1593,within,0.605754,0.16182,0.098794,0.641686,0.116285,0.09267,Bellevue_150th_Eastgate
1594,within,0.622756,0.145966,0.092009,0.642068,0.170871,0.06416,Bellevue_150th_Eastgate
1595,within,0.568558,0.129244,0.108778,0.732933,0.180202,0.112185,Bellevue_150th_Eastgate
1596,within,0.673484,0.045974,0.099991,0.664097,0.243963,0.074009,Bellevue_150th_Eastgate
1597,within,0.658499,0.057344,0.100475,0.609612,0.187016,0.070496,Bellevue_150th_Eastgate
1598,within,0.673678,0.098051,0.089052,0.607346,0.233907,0.042137,Bellevue_150th_Eastgate
1599,within,0.693006,0.098449,0.081209,0.685756,0.271911,0.064565,Bellevue_150th_Eastgate
1600,within,0.636639,0.164452,0.119989,0.598797,0.197657,0.039419,Bellevue_150th_Eastgate
1601,within,0.596027,0.155854,0.104106,0.559248,0.202334,0.014196,Bellevue_150th_Eastgate
1602,within,0.527725,0.14189,0.094522,0.623279,0.203089,0.034558,Bellevue_150th_Eastgate
1603,within,0.697686,0.063543,0.09087,0.654366,0.229328,0.077101,Bellevue_150th_Eastgate
1604,within,0.669101,0.041186,0.101259,0.633505,0.223236,0.063487,Bellevue_150th_Eastgate
1605,within,0.567546,0.153553,0.095108,0.721642,0.322886,0.076533,Bellevue_150th_Eastgate
1606,within,0.62352,0.174621,0.11372,0.699675,0.287471,0.087589,Bellevue_150th_Eastgate
1607,within,0.630876,0.165392,0.118611,0.730859,0.254573,0.02,Bellevue_150th_Eastgate
1608,within,0.617005,0.053623,0.088632,0.583805,0.193415,0.021437,Bellevue_150th_Eastgate
1609,within,0.629173,0.164507,0.104314,0.545179,0.223142,0.008036,Bellevue_150th_Eastgate
1610,within,0.604642,0.164264,0.112437,0.653403,0.304169,0.020562,Bellevue_150th_Eastgate
1611,within,0.652804,0.166742,0.107226,0.617055,0.257993,0.042467,Bellevue_150th_Eastgate
1612,within,0.592814,0.159412,0.11039,0.624782,0.243132,0.030149,Bellevue_150th_Eastgate
1613,within,0.591286,0.16404,0.095316,0.5858,0.257822,0.019873,Bellevue_150th_Eastgate
1614,within,0.635807,0.170061,0.09807,0.736727,0.337977,0.071133,Bellevue_150th_Eastgate
1615,within,0.691378,0.069883,0.085666,0.500959,0.161457,0.031732,Bellevue_150th_Eastgate
1616,within,0.59555,0.168904,0.1025,0.536494,0.13749,0.033229,Bellevue_150th_Eastgate
1617,within,0.686044,0.135154,0.051223,0.512977,0.196081,0.01873,Bellevue_150th_Eastgate
1618,within,0.617613,0.146218,0.074911,0.573405,0.207736,0.032992,Bellevue_150th_Eastgate
1619,within,0.596559,0.157221,0.096494,0.643973,0.228892,0.088463,Bellevue_150th_Eastgate
1620,within,0.690382,0.07515,0.080776,0.440914,0.20965,0.026586,Bellevue_150th_Eastgate
1621,within,0.561243,0.143988,0.088143,0.438256,0.153838,0.049848,Bellevue_150th_Eastgate
1622,within,0.569875,0.155829,0.099575,0.414328,0.098493,0.083758,Bellevue_150th_Eastgate
1623,within,0.574429,0.15427,0.110224,0.494528,0.100544,0.084953,Bellevue_150th_Eastgate
1624,within,0.624091,0.126493,0.086541,0.54777,0.137307,0.053568,Bellevue_150th_Eastgate
1625,within,0.720395,0.071108,0.088162,0.534628,0.119561,0.062597,Bellevue_150th_Eastgate
1626,within,0.654689,0.150129,0.076278,0.65318,0.17148,0.067436,Bellevue_150th_Eastgate
1627,within,0.631252,0.076762,0.077076,0.456189,0.172593,0.01494,Bellevue_150th_Eastgate
1628,within,0.596442,0.164394,0.111419,0.479192,0.152058,0.036295,Bellevue_150th_Eastgate
1629,within,0.605258,0.165318,0.111731,0.574526,0.238373,0.041598,Bellevue_150th_Eastgate
1630,within,0.675036,0.113018,0.076815,0.623134,0.262768,0.031703,Bellevue_150th_Eastgate
1631,within,0.654903,0.103966,0.084336,0.62124,0.298756,0.095248,Bellevue_150th_Eastgate
1632,within,0.614901,0.161377,0.10097,0.525667,0.242151,0.036877,Bellevue_150th_Eastgate
1633,within,0.579447,0.158705,0.078885,0.625801,0.338136,0.034447,Bellevue_150th_Eastgate
1634,within,0.623574,0.164037,0.11342,0.527539,0.221656,0.036572,Bellevue_150th_Eastgate
1635,within,0.557081,0.148074,0.104532,0.477863,0.148306,0.044461,Bellevue_150th_Eastgate
1636,within,0.581605,0.154409,0.105371,0.536918,0.200107,0.094749,Bellevue_150th_Eastgate
1637,within,0.608051,0.163616,0.119926,0.568023,0.247681,0.066069,Bellevue_150th_Eastgate
1638,within,0.68512,0.11225,0.094592,0.622264,0.186234,0.067517,Bellevue_150th_Eastgate
1639,within,0.650581,0.1737,0.11419,0.682057,0.183748,0.078328,Bellevue_150th_Eastgate
1640,within,0.56141,0.138289,0.107233,0.591355,0.207465,0.040333,Bellevue_150th_Eastgate
1641,within,0.626659,0.168488,0.106867,0.473772,0.196653,0.036599,Bellevue_150th_Eastgate
1642,within,0.597267,0.166307,0.101688,0.510454,0.247012,0.025734,Bellevue_150th_Eastgate
1643,within,0.567199,0.155746,0.101945,0.573324,0.29731,0.010034,Bellevue_150th_Eastgate
1644,within,0.568656,0.148945,0.101268,0.572333,0.317795,0.046391,Bellevue_150th_Eastgate
1645,within,0.655251,0.158026,0.08624,0.607476,0.221172,0.079147,Bellevue_150th_Eastgate
1646,within,0.618314,0.163326,0.110979,0.760601,0.239513,0.185093,Bellevue_150th_Eastgate
1647,within,0.619142,0.158142,0.119398,0.715335,0.252031,0.140981,Bellevue_150th_Eastgate
1648,within,0.622145,0.164566,0.114511,0.586078,0.222387,0.09119,Bellevue_150th_Eastgate
1649,within,0.575523,0.150682,0.11234,0.628845,0.225814,0.084179,Bellevue_150th_Eastgate
1650,within,0.5854,0.119925,0.093784,0.714755,0.327523,0.117943,Bellevue_150th_Eastgate
1651,within,0.638643,0.052279,0.093796,0.700355,0.278934,0.149317,Bellevue_150th_Eastgate
1652,within,0.656489,0.184371,0.099289,0.579972,0.169469,0.097335,Bellevue_150th_Eastgate
1653,within,0.660429,0.180209,0.109168,0.840164,0.31697,0.09424,Bellevue_150th_Eastgate
1654,within,0.643555,0.080318,0.12986,0.516438,0.199827,0.028688,Bellevue_150th_Eastgate
1655,within,0.685736,0.097958,0.088874,0.440284,0.160791,0.013225,Bellevue_150th_Eastgate
1656,within,0.585052,0.15657,0.107067,0.542415,0.246568,0.03747,Bellevue_150th_Eastgate
1657,within,0.590737,0.158145,0.111068,0.528512,0.253926,0.074985,Bellevue_150th_Eastgate
1658,within,0.603651,0.109806,0.084965,0.461541,0.160477,0.040942,Bellevue_150th_Eastgate
1659,within,0.550015,0.142046,0.099794,0.439231,0.207779,0.037529,Bellevue_150th_Eastgate
1660,within,0.585056,0.158692,0.110041,0.532197,0.214719,0.061437,Bellevue_150th_Eastgate
1661,within,0.637983,0.17868,0.103903,0.598157,0.219126,0.037406,Bellevue_150th_Eastgate
1662,within,0.649225,0.174525,0.117431,0.719958,0.284451,0.024842,Bellevue_150th_Eastgate
1663,within,0.606037,0.129662,0.094869,0.685181,0.301173,0.031463,Bellevue_150th_Eastgate
1664,within,0.653671,0.172597,0.103327,0.586033,0.17987,0.020408,Bellevue_150th_Eastgate
1665,within,0.618474,0.154613,0.084939,0.594331,0.21213,0.027892,Bellevue_150th_Eastgate
1666,within,0.635468,0.154394,0.104176,0.639722,0.252335,0.049624,Bellevue_150th_Eastgate
1667,within,0.638278,0.105512,0.080327,0.725561,0.331587,0.027183,Bellevue_150th_Eastgate
1668,within,0.622155,0.172919,0.112546,0.648864,0.247697,0.03678,Bellevue_150th_Eastgate
1669,within,0.645928,0.185184,0.094897,0.620206,0.216847,0.045986,Bellevue_150th_Eastgate
1670,within,0.605302,0.158429,0.115681,0.746754,0.239731,0.03127,Bellevue_150th_Eastgate
1671,within,0.674302,0.045297,0.10795,0.546121,0.179756,0.04227,Bellevue_150th_Eastgate
1672,within,0.59308,0.162668,0.095714,0.647117,0.237938,0.053979,Bellevue_150th_Eastgate
1673,within,0.619893,0.176555,0.093954,0.682487,0.26874,0.059547,Bellevue_150th_Eastgate
1674,within,0.640798,0.175016,0.112422,0.652516,0.23931,0.05002,Bellevue_150th_Eastgate
1675,within,0.565413,0.150964,0.108466,0.678186,0.294264,0.040153,Bellevue_150th_Eastgate
1676,within,0.634736,0.168009,0.111597,0.619183,0.182474,0.061374,Bellevue_150th_Eastgate
1677,within,0.6383,0.15508,0.128137,0.715135,0.200041,0.039331,Bellevue_150th_Eastgate
1678,within,0.666558,0.079629,0.103556,0.552153,0.211658,0.015544,Bellevue_150th_Eastgate
1679,within,0.596113,0.156312,0.099774,0.51723,0.196827,0.005767,Bellevue_150th_Eastgate
1680,within,0.598136,0.163326,0.109818,0.654365,0.298663,0.02821,Bellevue_150th_Eastgate
1681,within,0.631574,0.165327,0.118287,0.581331,0.226403,0.017865,Bellevue_150th_Eastgate
1682,within,0.697267,0.075326,0.091533,0.618734,0.191628,0.033594,Bellevue_150th_Eastgate
1683,within,0.602946,0.161443,0.101076,0.633681,0.176255,0.032385,Bellevue_150th_Eastgate
1684,within,0.699735,0.095964,0.070935,0.562407,0.172794,0.04723,Bellevue_150th_Eastgate
1685,within,0.62021,0.178408,0.087369,0.629644,0.186892,0.033148,Bellevue_150th_Eastgate
1686,within,0.642691,0.168089,0.121138,0.658377,0.175817,0.046752,Bellevue_150th_Eastgate
1687,within,0.631697,0.168586,0.103352,0.533595,0.061259,0.047909,Bellevue_150th_Eastgate
1688,within,0.611398,0.150681,0.108556,0.58219,0.11298,0.049019,Bellevue_150th_Eastgate
1689,within,0.58224,0.138532,0.102132,0.611228,0.16837,0.050582,Bellevue_150th_Eastgate
1690,within,0.704006,0.052393,0.099536,0.544285,0.183403,0.022093,Bellevue_150th_Eastgate
1691,within,0.624468,0.170641,0.107524,0.533343,0.189778,0.057919,Bellevue_150th_Eastgate
1692,within,0.62316,0.17164,0.115145,0.564502,0.217096,0.05691,Bellevue_150th_Eastgate
1693,within,0.663518,0.176101,0.112044,0.709296,0.270508,0.088142,Bellevue_150th_Eastgate
1694,within,0.707078,0.083153,0.104939,0.665836,0.233327,0.064289,Bellevue_150th_Eastgate
1695,within,0.586508,0.157909,0.105481,0.515062,0.148549,0.031516,Bellevue_150th_Eastgate
1696,within,0.636462,0.131463,0.088879,0.668504,0.224063,0.087272,Bellevue_150th_Eastgate
1697,within,0.566104,0.14601,0.10707,0.618752,0.226613,0.094646,Bellevue_150th_Eastgate
1698,within,0.584737,0.153896,0.110039,0.652943,0.250847,0.053579,Bellevue_150th_Eastgate
1699,within,0.617317,0.164365,0.113339,0.604674,0.269571,0.027103,Bellevue_150th_Eastgate
1700,within,0.641139,0.135742,0.086646,0.445836,0.163195,0.025357,Bellevue_150th_Eastgate
1701,within,0.645091,0.168394,0.112797,0.690284,0.191684,0.15405,Bellevue_150th_Eastgate
1702,within,0.648494,0.053725,0.094568,0.565558,0.205995,0.056325,Bellevue_150th_Eastgate
1703,within,0.659917,0.056352,0.089991,0.525526,0.137698,0.055163,Bellevue_150th_Eastgate
1704,within,0.582129,0.161419,0.096156,0.666559,0.187524,0.015525,Bellevue_150th_Eastgate
1705,within,0.531118,0.142968,0.099896,0.714658,0.238439,0.02405,Bellevue_150th_Eastgate
1706,within,0.609693,0.166066,0.105331,0.619375,0.140705,0.071028,Bellevue_150th_Eastgate
1707,within,0.544238,0.145127,0.102599,0.688769,0.1813,0.055118,Bellevue_150th_Eastgate
1708,within,0.618445,0.158539,0.103911,0.77018,0.274877,0.06256,Bellevue_150th_Eastgate
1709,within,0.649276,0.153635,0.11422,0.538657,0.190296,0.02441,Bellevue_150th_Eastgate
1710,within,0.612737,0.166772,0.108977,0.521668,0.202242,0.003333,Bellevue_150th_Eastgate
1711,within,0.589869,0.160033,0.107002,0.63535,0.266289,0.034284,Bellevue_150th_Eastgate
1712,within,0.650397,0.139589,0.082584,0.582331,0.200753,0.01666,Bellevue_150th_Eastgate
1713,within,0.564773,0.145518,0.10795,0.61251,0.206634,0.014708,Bellevue_150th_Eastgate
1714,within,0.693888,0.058902,0.089956,0.70128,0.290326,0.007074,Bellevue_150th_Eastgate
1715,within,0.692083,0.107539,0.07324,0.61744,0.281386,0.003935,Bellevue_150th_Eastgate
1716,within,0.627334,0.161418,0.110028,0.584068,0.210304,0.027767,Bellevue_150th_Eastgate
1717,within,0.586576,0.147246,0.107016,0.613476,0.269072,0.017738,Bellevue_150th_Eastgate
1718,within,0.571612,0.145768,0.099136,0.526736,0.259595,0.003813,Bellevue_150th_Eastgate
1719,within,0.57289,0.163505,0.10001,0.550955,0.184619,0.03671,Bellevue_150th_Eastgate
1720,within,0.578499,0.15199,0.09374,0.557552,0.191061,0.014076,Bellevue_150th_Eastgate
1721,within,0.499148,0.138307,0.081978,0.604636,0.191164,0.001961,Bellevue_150th_Eastgate
1722,within,0.539501,0.124457,0.063542,0.646298,0.244483,0.009401,Bellevue_150th_Eastgate
1723,within,0.63441,0.167106,0.114612,0.62162,0.21585,0.043482,Bellevue_150th_Eastgate
1724,within,0.660667,0.089129,0.08342,0.592224,0.146859,0.035936,Bellevue_150th_Eastgate
1725,within,0.579121,0.170002,0.077503,0.566604,0.133179,0.035379,Bellevue_150th_Eastgate
1726,within,0.707568,0.127453,0.049878,0.522897,0.085249,0.015203,Bellevue_150th_Eastgate
1727,within,0.644491,0.05955,0.065807,0.60095,0.141223,0.031643,Bellevue_150th_Eastgate
1728,within,0.536095,0.139709,0.051555,0.650233,0.145154,0.042916,Bellevue_150th_Eastgate
1729,within,0.738764,0.104567,0.064889,0.62809,0.238605,0.026389,Bellevue_150th_Eastgate
1730,within,0.665865,0.080921,0.069394,0.705744,0.282977,0.017691,Bellevue_150th_Eastgate
1731,within,0.59989,0.115277,0.068785,0.580913,0.191467,0.033134,Bellevue_150th_Eastgate
1732,within,0.591236,0.15418,0.114314,0.658804,0.176723,0.104404,Bellevue_150th_Eastgate
1733,within,0.583772,0.148864,0.111519,0.532593,0.141631,0.034485,Bellevue_150th_Eastgate
1734,within,0.598363,0.162997,0.109421,0.43436,0.13722,0.010305,Bellevue_150th_Eastgate
1735,within,0.635587,0.155217,0.073474,0.417275,0.076197,0.011927,Bellevue_150th_Eastgate
1736,within,0.551553,0.151501,0.10325,0.467431,0.17525,0.043135,Bellevue_150th_Eastgate
1737,within,0.629156,0.11437,0.075651,0.518545,0.180474,0.041705,Bellevue_150th_Eastgate
1738,within,0.585201,0.1535,0.091082,0.546552,0.217626,0.004697,Bellevue_150th_Eastgate
1739,within,0.568775,0.149891,0.11039,0.614513,0.223474,0.010107,Bellevue_150th_Eastgate
1740,within,0.657145,0.172372,0.12242,0.694262,0.28734,0.013787,Bellevue_150th_Eastgate
1741,within,0.634407,0.166164,0.12258,0.503914,0.165488,0.037588,Bellevue_150th_Eastgate
1742,within,0.609103,0.168752,0.107665,0.472742,0.160966,0.014712,Bellevue_150th_Eastgate
1743,within,0.615619,0.169307,0.100711,0.758959,0.339304,0.011954,Bellevue_150th_Eastgate
1744,within,0.560773,0.142552,0.0919,0.666736,0.369658,0.004921,Bellevue_150th_Eastgate
1745,within,0.519871,0.112581,0.082193,0.601534,0.410026,0.003367,Bellevue_150th_Eastgate
1746,within,0.625116,0.152139,0.107269,0.542521,0.250062,0.018116,Bellevue_150th_Eastgate
1747,within,0.641073,0.179394,0.101452,0.578588,0.180544,0.021815,Bellevue_150th_Eastgate
1748,within,0.634518,0.16874,0.120391,0.656279,0.221312,0.018787,Bellevue_150th_Eastgate
1749,within,0.597455,0.161378,0.103577,0.49639,0.139119,0.01521,Bellevue_150th_Eastgate
1750,within,0.610788,0.16591,0.093518,0.514021,0.180613,0.016167,Bellevue_150th_Eastgate
1751,within,0.577128,0.151609,0.102225,0.483083,0.217597,0.029512,Bellevue_150th_Eastgate
1752,within,0.58154,0.159225,0.098378,0.556769,0.231659,0.059331,Bellevue_150th_Eastgate
1753,within,0.642107,0.135319,0.08624,0.600382,0.372837,0.023125,Bellevue_150th_Eastgate
1754,within,0.592742,0.162169,0.102148,0.618515,0.3207,0.079971,Bellevue_150th_Eastgate
1755,within,0.547184,0.143117,0.096236,0.526623,0.265489,0.012543,Bellevue_150th_Eastgate
1756,within,0.621696,0.122923,0.085556,0.497153,0.216598,0.02136,Bellevue_150th_Eastgate
1757,within,0.518532,0.135412,0.081354,0.486408,0.123823,0.049685,Bellevue_150th_Eastgate
1758,within,0.489328,0.137597,0.077193,0.569954,0.15804,0.042278,Bellevue_150th_Eastgate
1759,within,0.561211,0.152498,0.110652,0.50239,0.153557,0.031193,Bellevue_150th_Eastgate
1760,within,0.563275,0.141387,0.113499,0.53789,0.191613,0.041204,Bellevue_150th_Eastgate
1761,within,0.548863,0.142537,0.102921,0.494048,0.13971,0.058836,Bellevue_150th_Eastgate
1762,within,0.572214,0.16085,0.090612,0.534818,0.180897,0.050878,Bellevue_150th_Eastgate
1763,within,0.594766,0.173955,0.093542,0.517786,0.142557,0.047339,Bellevue_150th_Eastgate
1764,within,0.632899,0.172974,0.117445,0.503167,0.127013,0.041899,Bellevue_150th_Eastgate
1765,within,0.5816,0.164163,0.106702,0.511695,0.174368,0.036674,Bellevue_150th_Eastgate
1766,within,0.591835,0.174891,0.108466,0.560135,0.166231,0.020964,Bellevue_150th_Eastgate
1767,within,0.56834,0.162815,0.101347,0.660317,0.271918,0.013839,Bellevue_150th_Eastgate
1768,within,0.613503,0.174984,0.099588,0.673777,0.244752,0.012073,Bellevue_150th_Eastgate
1769,within,0.703549,0.152238,0.064774,0.682178,0.297893,0.011764,Bellevue_150th_Eastgate
1770,within,0.608482,0.166516,0.110673,0.611699,0.258945,0.011174,Bellevue_150th_Eastgate
1771,within,0.606737,0.162873,0.108723,0.789852,0.344196,0.058514,Bellevue_150th_Eastgate
1772,within,0.636564,0.069241,0.120491,0.527308,0.227786,0.022544,Bellevue_150th_Eastgate
1773,within,0.550331,0.150836,0.103145,0.575556,0.255511,0.060351,Bellevue_150th_Eastgate
1774,within,0.576467,0.159039,0.106011,0.661134,0.217605,0.10346,Bellevue_150th_Eastgate
1775,within,0.507476,0.136672,0.093755,0.659863,0.24388,0.037024,Bellevue_150th_Eastgate
1776,within,0.570253,0.161701,0.110192,0.67271,0.323646,0.041033,Bellevue_150th_Eastgate
1777,within,0.653417,0.140603,0.103491,0.569414,0.287195,0.014598,Bellevue_150th_Eastgate
1778,within,0.665883,0.138459,0.07389,0.59987,0.268279,0.01837,Bellevue_150th_Eastgate
1779,within,0.571045,0.156563,0.104466,0.747778,0.241561,0.058264,Bellevue_150th_Eastgate
1780,within,0.522674,0.147812,0.094879,0.618406,0.176469,0.021196,Bellevue_150th_Eastgate
1781,within,0.570459,0.161151,0.103756,0.552375,0.103198,0.039787,Bellevue_150th_Eastgate
1782,within,0.58394,0.159936,0.101017,0.588091,0.115736,0.063693,Bellevue_150th_Eastgate
1783,within,0.565781,0.15754,0.105046,0.518349,0.161841,0.059263,Bellevue_150th_Eastgate
1784,within,0.579692,0.162094,0.097889,0.45132,0.162142,0.030788,Bellevue_150th_Eastgate
1785,within,0.584185,0.165962,0.09381,0.635153,0.228698,0.063214,Bellevue_150th_Eastgate
1786,within,0.543262,0.146419,0.096652,0.591203,0.196975,0.094027,Bellevue_150th_Eastgate
1787,within,0.606823,0.153634,0.088796,0.503988,0.151146,0.027434,Bellevue_150th_Eastgate
1788,within,0.484118,0.131681,0.088156,0.536016,0.197009,0.014107,Bellevue_150th_Eastgate
1789,within,0.599247,0.121926,0.096549,0.600438,0.231882,0.037719,Bellevue_150th_Eastgate
1790,within,0.579207,0.161102,0.100519,0.569403,0.227751,0.019388,Bellevue_150th_Eastgate
1791,within,0.555576,0.157447,0.098666,0.568252,0.182639,0.06114,Bellevue_150th_Eastgate
1792,within,0.630543,0.168753,0.113267,0.56722,0.11352,0.043048,Bellevue_150th_Eastgate
1793,within,0.595086,0.157902,0.096386,0.610686,0.116249,0.093531,Bellevue_150th_Eastgate
1794,within,0.581498,0.15982,0.099067,0.5657,0.144912,0.102471,Bellevue_150th_Eastgate
1795,within,0.560712,0.160308,0.08952,0.43032,0.142456,0.036306,Bellevue_150th_Eastgate
1796,within,0.602247,0.165796,0.102246,0.5777,0.208335,0.093986,Bellevue_150th_Eastgate
1797,within,0.619217,0.157986,0.105049,0.5728,0.191056,0.074219,Bellevue_150th_Eastgate
1798,within,0.622485,0.112875,0.086455,0.688834,0.32244,0.072449,Bellevue_150th_Eastgate
1799,within,0.563208,0.101995,0.083207,0.641546,0.321502,0.124074,Bellevue_150th_Eastgate
1800,within,0.596931,0.092978,0.074057,0.526697,0.17869,0.087624,Bellevue_150th_Eastgate
1801,within,0.628053,0.155136,0.10377,0.681185,0.306274,0.103487,Bellevue_150th_Eastgate
1802,within,0.588969,0.139013,0.105822,0.478126,0.174695,0.039508,Bellevue_150th_Eastgate
1803,within,0.618399,0.163644,0.106751,0.439936,0.174577,0.031956,Bellevue_150th_Eastgate
1804,within,0.55942,0.152131,0.108092,0.468996,0.17254,0.046816,Bellevue_150th_Eastgate
1805,within,0.523617,0.140391,0.085835,0.523749,0.192012,0.06579,Bellevue_150th_Eastgate
1806,within,0.584337,0.160195,0.115506,0.67688,0.249009,0.085123,Bellevue_150th_Eastgate
1807,within,0.616083,0.156279,0.093742,0.685031,0.230065,0.03588,Bellevue_150th_Eastgate
1808,within,0.681166,0.128703,0.059649,0.536914,0.116998,0.041264,Bellevue_150th_Eastgate
1809,within,0.551049,0.155169,0.086455,0.675321,0.116174,0.117298,Bellevue_150th_Eastgate
1810,within,0.526516,0.120348,0.09105,0.487993,0.08406,0.076249,Bellevue_150th_Eastgate
1811,within,0.579528,0.164181,0.093039,0.524437,0.155328,0.066961,Bellevue_150th_Eastgate
1812,within,0.562189,0.161554,0.10419,0.526098,0.170409,0.087598,Bellevue_150th_Eastgate
1813,within,0.528609,0.152384,0.086144,0.600013,0.198272,0.066583,Bellevue_150th_Eastgate
1814,within,0.566853,0.166541,0.10202,0.578227,0.216808,0.074721,Bellevue_150th_Eastgate
1815,within,0.653998,0.131743,0.057695,0.612804,0.196578,0.107743,Bellevue_150th_Eastgate
1816,within,0.55589,0.145767,0.096106,0.654776,0.273826,0.055696,Bellevue_150th_Eastgate
1817,within,0.547187,0.15286,0.098696,0.731262,0.266652,0.06135,Bellevue_150th_Eastgate
1818,within,0.598697,0.090908,0.134549,0.595569,0.165962,0.07812,Bellevue_150th_Eastgate
1819,within,0.644662,0.074433,0.088424,0.596773,0.116795,0.092011,Bellevue_150th_Eastgate
1820,within,0.56385,0.150971,0.108293,0.627763,0.126741,0.171595,Bellevue_150th_Eastgate
1821,within,0.484521,0.128176,0.0791,0.632681,0.160848,0.111856,Bellevue_150th_Eastgate
1822,within,0.540884,0.148618,0.103632,0.519538,0.224822,0.024856,Bellevue_150th_Eastgate
1823,within,0.546645,0.153909,0.103087,0.553332,0.170486,0.036569,Bellevue_150th_Eastgate
1824,within,0.594256,0.161413,0.074996,0.911716,0.358421,0.093162,Bellevue_150th_Eastgate
1825,within,0.70568,0.050293,0.116917,0.620375,0.25503,0.13923,Bellevue_150th_Eastgate
1826,within,0.568749,0.160539,0.098574,0.623972,0.222582,0.138291,Bellevue_150th_Eastgate
1827,within,0.528114,0.143628,0.09676,0.664027,0.276693,0.081182,Bellevue_150th_Eastgate
1828,within,0.431879,0.122486,0.069098,0.63428,0.2603,0.05597,Bellevue_150th_Eastgate
1829,within,0.479978,0.121602,0.062732,0.60502,0.214235,0.085665,Bellevue_150th_Eastgate
1830,within,0.557497,0.142077,0.074205,0.573755,0.207086,0.070856,Bellevue_150th_Eastgate
1831,within,0.651511,0.172994,0.099829,0.733945,0.203881,0.073901,Bellevue_150th_Eastgate
1832,within,0.610142,0.155453,0.104907,0.636122,0.195118,0.039615,Bellevue_150th_Eastgate
1833,within,0.562201,0.155739,0.082392,0.451998,0.114045,0.043639,Bellevue_150th_Eastgate
1834,within,0.586109,0.162512,0.094429,0.480221,0.139803,0.027,Bellevue_150th_Eastgate
1835,within,0.569124,0.157775,0.103258,0.672128,0.226884,0.070947,Bellevue_150th_Eastgate
1836,within,0.41727,0.111671,0.066006,0.654217,0.314956,0.081459,Bellevue_150th_Eastgate
1837,within,0.596747,0.139234,0.066878,0.570695,0.201565,0.034391,Bellevue_150th_Eastgate
1838,within,0.612544,0.09374,0.084137,0.623362,0.209588,0.018882,Bellevue_150th_Eastgate
1839,within,0.610011,0.142903,0.104968,0.501845,0.166678,0.031264,Bellevue_150th_Eastgate
1840,within,0.548766,0.150165,0.103551,0.458622,0.172609,0.010929,Bellevue_150th_Eastgate
1841,within,0.533314,0.146745,0.100108,0.553084,0.158597,0.043519,Bellevue_150th_Eastgate
1842,within,0.512322,0.139777,0.086925,0.554476,0.21478,0.030259,Bellevue_150th_Eastgate
1843,within,0.526406,0.142483,0.102638,0.620854,0.243555,0.021934,Bellevue_150th_Eastgate
1844,within,0.690341,0.051207,0.099316,0.512549,0.196715,0.035054,Bellevue_150th_Eastgate
1845,within,0.544726,0.054099,0.080216,0.641788,0.172123,0.06642,Bellevue_150th_Eastgate
1846,within,0.487407,0.112513,0.071601,0.672823,0.166822,0.066936,Bellevue_150th_Eastgate
1847,within,0.554937,0.149767,0.100317,0.613049,0.232325,0.042801,Bellevue_150th_Eastgate
1848,within,0.508225,0.148661,0.076041,0.595683,0.253033,0.053133,Bellevue_150th_Eastgate
1849,within,0.554694,0.160441,0.095914,0.647914,0.253707,0.056399,Bellevue_150th_Eastgate
1850,within,0.534164,0.144124,0.096201,0.463853,0.12022,0.016649,Bellevue_150th_Eastgate
1851,within,0.557348,0.146146,0.105681,0.496255,0.09687,0.075496,Bellevue_150th_Eastgate
1852,within,0.657553,0.114488,0.113595,0.516535,0.198577,0.03629,Bellevue_150th_Eastgate
1853,within,0.646543,0.046374,0.091759,0.517651,0.194282,0.027783,Bellevue_150th_Eastgate
1854,within,0.672381,0.051777,0.096982,0.508618,0.253905,0.0,Bellevue_150th_Eastgate
1855,within,0.665756,0.137985,0.091494,0.744469,0.40976,0.036246,Bellevue_150th_Eastgate
1856,within,0.452324,0.102351,0.069609,0.569543,0.273157,0.029264,Bellevue_150th_Eastgate
1857,within,0.642871,0.129071,0.095238,0.405949,0.173297,0.007898,Bellevue_150th_Eastgate
1858,within,0.509932,0.126878,0.097179,0.586813,0.261592,0.018519,Bellevue_150th_Eastgate
1859,within,0.427297,0.036353,0.078253,0.588014,0.27584,0.041456,Bellevue_150th_Eastgate
1860,within,0.498112,0.115624,0.072222,0.541188,0.287477,0.006119,Bellevue_150th_Eastgate
1861,within,0.622866,0.177199,0.092477,0.639016,0.245343,0.040762,Bellevue_150th_Eastgate
1862,within,0.549734,0.147566,0.106307,0.639852,0.255926,0.071285,Bellevue_150th_Eastgate
1863,within,0.571567,0.152904,0.105388,0.597658,0.188644,0.050731,Bellevue_150th_Eastgate
1864,within,0.563469,0.160774,0.085565,0.464308,0.130778,0.029293,Bellevue_150th_Eastgate
1865,within,0.604561,0.170522,0.085465,0.486553,0.132786,0.02416,Bellevue_150th_Eastgate
1866,within,0.48142,0.123282,0.079431,0.549425,0.17502,0.034067,Bellevue_150th_Eastgate
1867,within,0.530942,0.138334,0.103688,0.450939,0.16127,0.022128,Bellevue_150th_Eastgate
1868,within,0.543001,0.143927,0.102146,0.550019,0.196715,0.064552,Bellevue_150th_Eastgate
1869,within,0.574186,0.15564,0.096531,0.679523,0.180271,0.097291,Bellevue_150th_Eastgate
1870,within,0.483486,0.129415,0.086282,0.54979,0.128714,0.040491,Bellevue_150th_Eastgate
1871,within,0.542557,0.136766,0.095065,0.494848,0.110574,0.004762,Bellevue_150th_Eastgate
1872,within,0.455886,0.106857,0.072918,0.46437,0.106242,0.023212,Bellevue_150th_Eastgate
1873,within,0.44349,0.120331,0.059277,0.472515,0.11271,0.036234,Bellevue_150th_Eastgate
1874,within,0.554043,0.150216,0.102327,0.541854,0.183979,0.04048,Bellevue_150th_Eastgate
1875,within,0.549467,0.156469,0.081823,0.628358,0.254993,0.054163,Bellevue_150th_Eastgate
1876,within,0.565009,0.156632,0.066317,0.832502,0.298185,0.025345,Bellevue_150th_Eastgate
1877,within,0.558456,0.107555,0.06785,0.80134,0.240848,0.06368,Bellevue_150th_Eastgate
1878,within,0.685801,0.079079,0.08903,0.671958,0.189667,0.045106,Bellevue_150th_Eastgate
1879,within,0.61358,0.138172,0.088842,0.684582,0.174539,0.026287,Bellevue_150th_Eastgate
1880,within,0.504164,0.137873,0.083118,0.595251,0.160781,0.025623,Bellevue_150th_Eastgate
1881,within,0.561912,0.148057,0.098416,0.583185,0.139186,0.073364,Bellevue_150th_Eastgate
1882,within,0.476558,0.125115,0.087768,0.50067,0.136622,0.041107,Bellevue_150th_Eastgate
1883,within,0.586235,0.154323,0.112188,0.597096,0.108189,0.13741,Bellevue_150th_Eastgate
1884,within,0.621802,0.16338,0.113425,0.815027,0.199035,0.162058,Bellevue_150th_Eastgate
1885,within,0.697867,0.04839,0.106218,0.571376,0.125743,0.04467,Bellevue_150th_Eastgate
1886,within,0.666299,0.128502,0.098848,0.542942,0.071415,0.040466,Bellevue_150th_Eastgate
1887,within,0.606127,0.140388,0.089296,0.573721,0.114553,0.062012,Bellevue_150th_Eastgate
1888,within,0.561504,0.1567,0.096579,0.531728,0.09987,0.0541,Bellevue_150th_Eastgate
1889,within,0.489418,0.1318,0.090361,0.550913,0.195359,0.041216,Bellevue_150th_Eastgate
1890,within,0.466312,0.121448,0.072578,0.600624,0.224906,0.062183,Bellevue_150th_Eastgate
1891,within,0.491329,0.129237,0.080358,0.733149,0.225804,0.129768,Bellevue_150th_Eastgate
1892,within,0.602697,0.113134,0.097645,0.668576,0.181886,0.103282,Bellevue_150th_Eastgate
1893,within,0.48368,0.127102,0.088829,0.615836,0.254503,0.080718,Bellevue_150th_Eastgate
1894,within,0.527234,0.144763,0.101268,0.623401,0.21025,0.027284,Bellevue_150th_Eastgate
1895,within,0.487586,0.127736,0.09549,0.626419,0.166803,0.048992,Bellevue_150th_Eastgate
1896,within,0.549519,0.145614,0.109225,0.593352,0.204854,0.067189,Bellevue_150th_Eastgate
1897,within,0.59687,0.159678,0.113669,0.59836,0.201351,0.082123,Bellevue_150th_Eastgate
1898,within,0.560492,0.151018,0.091763,0.616961,0.197203,0.053902,Bellevue_150th_Eastgate
1899,within,0.603319,0.138339,0.114763,0.696844,0.225369,0.073076,Bellevue_150th_Eastgate
1900,within,0.596972,0.137638,0.106976,0.620581,0.224669,0.030604,Bellevue_150th_Eastgate
1901,within,0.491597,0.111275,0.081713,0.732182,0.235495,0.020487,Bellevue_150th_Eastgate
1902,within,0.492721,0.076821,0.076223,0.720299,0.19784,0.050816,Bellevue_150th_Eastgate
1903,within,0.498333,0.126333,0.085113,0.732746,0.272007,0.052683,Bellevue_150th_Eastgate
1904,within,0.56495,0.132642,0.107975,0.721257,0.289206,0.092983,Bellevue_150th_Eastgate
1905,within,0.635843,0.164065,0.1119,0.654805,0.155182,0.133938,Bellevue_150th_Eastgate
1906,within,0.5762,0.129637,0.118819,0.596335,0.144322,0.080452,Bellevue_150th_Eastgate
1907,within,0.570914,0.154651,0.102239,0.570362,0.173879,0.029925,Bellevue_150th_Eastgate
1908,within,0.503998,0.126183,0.096479,0.601628,0.152974,0.017036,Bellevue_150th_Eastgate
1909,within,0.415083,0.096795,0.063203,0.519563,0.138649,0.04001,Bellevue_150th_Eastgate
1910,within,0.604386,0.050065,0.094004,0.386999,0.118426,0.0215,Bellevue_150th_Eastgate
1911,within,0.555399,0.115536,0.108976,0.530094,0.192815,0.03352,Bellevue_150th_Eastgate
1912,within,0.649151,0.166157,0.118982,0.71053,0.309396,0.051817,Bellevue_150th_Eastgate
1913,within,0.569787,0.131257,0.128136,0.436667,0.194165,0.01814,Bellevue_150th_Eastgate
1914,within,0.55848,0.142671,0.101016,0.373737,0.163297,0.003838,Bellevue_150th_Eastgate
1915,within,0.504567,0.122975,0.097239,0.369281,0.152849,0.006822,Bellevue_150th_Eastgate
1916,within,0.554599,0.136782,0.109931,0.398079,0.079524,0.013307,Bellevue_150th_Eastgate
1917,within,0.499876,0.125206,0.095141,0.544803,0.280955,0.017711,Bellevue_150th_Eastgate
1918,within,0.553913,0.140998,0.1023,0.57119,0.177822,0.019591,Bellevue_150th_Eastgate
1919,within,0.584849,0.145953,0.116476,0.712252,0.233464,0.176236,Bellevue_150th_Eastgate
1920,within,0.53366,0.121117,0.111234,0.535065,0.12638,0.044768,Bellevue_150th_Eastgate
1921,within,0.658088,0.063968,0.092394,0.512632,0.106272,0.022211,Bellevue_150th_Eastgate
1922,within,0.547243,0.140794,0.100759,0.477253,0.051779,0.060075,Bellevue_150th_Eastgate
1923,within,0.53919,0.121822,0.103352,0.579776,0.173115,0.036591,Bellevue_150th_Eastgate
1924,within,0.555698,0.151018,0.092103,0.601071,0.301142,0.011119,Bellevue_150th_Eastgate
1925,within,0.611693,0.164351,0.110532,0.647849,0.198986,0.032235,Bellevue_150th_Eastgate
1926,within,0.544467,0.132525,0.099734,0.618074,0.239529,0.040881,Bellevue_150th_Eastgate
1927,within,0.597659,0.136847,0.105641,0.558982,0.240672,0.02716,Bellevue_150th_Eastgate
1928,within,0.608328,0.054817,0.103579,0.426572,0.227481,0.002778,Bellevue_150th_Eastgate
1929,within,0.451807,0.099522,0.072447,0.578248,0.282333,0.014837,Bellevue_150th_Eastgate
1930,within,0.501158,0.12255,0.084916,0.607684,0.269605,0.05904,Bellevue_150th_Eastgate
1931,within,0.489587,0.123513,0.092898,0.573162,0.259182,0.099473,Bellevue_150th_Eastgate
1932,within,0.541789,0.128862,0.102799,0.583991,0.153845,0.164749,Bellevue_150th_Eastgate
1933,within,0.59328,0.144201,0.084027,0.601174,0.237955,0.058849,Bellevue_150th_Eastgate
1934,within,0.628176,0.063192,0.091876,0.410118,0.162946,0.065651,Bellevue_150th_Eastgate
1935,within,0.630091,0.143439,0.104886,0.490692,0.162416,0.092064,Bellevue_150th_Eastgate
1936,within,0.508185,0.126705,0.102563,0.443994,0.158127,0.101741,Bellevue_150th_Eastgate
1937,within,0.545715,0.141154,0.097375,0.425914,0.137179,0.094654,Bellevue_150th_Eastgate
1938,within,0.553846,0.150467,0.099488,0.46461,0.179931,0.06276,Bellevue_150th_Eastgate
1939,within,0.552186,0.152145,0.092383,0.558915,0.188928,0.061025,Bellevue_150th_Eastgate
1940,within,0.608884,0.141818,0.109563,0.641052,0.230781,0.071239,Bellevue_150th_Eastgate
1941,within,0.559815,0.089727,0.118637,0.557403,0.215012,0.035473,Bellevue_150th_Eastgate
1942,within,0.622418,0.151969,0.10453,0.626258,0.242215,0.01421,Bellevue_150th_Eastgate
1943,within,0.540754,0.142495,0.107165,0.574313,0.258819,0.006712,Bellevue_150th_Eastgate
1944,within,0.612376,0.162132,0.090504,0.610203,0.179262,0.023047,Bellevue_150th_Eastgate
1945,within,0.52106,0.112195,0.106075,0.523063,0.0875,0.031949,Bellevue_150th_Eastgate
1946,within,0.63007,0.144602,0.112636,0.519951,0.06886,0.027997,Bellevue_150th_Eastgate
1947,within,0.485828,0.114219,0.086941,0.445975,0.141113,0.027023,Bellevue_150th_Eastgate
1948,within,0.570174,0.143731,0.107282,0.473802,0.121521,0.049451,Bellevue_150th_Eastgate
1949,within,0.540349,0.13498,0.105525,0.549228,0.149701,0.070259,Bellevue_150th_Eastgate
1950,within,0.424312,0.101564,0.082408,0.593186,0.223985,0.062575,Bellevue_150th_Eastgate
1951,within,0.485124,0.085521,0.077993,0.60136,0.231193,0.072835,Bellevue_150th_Eastgate
1952,within,0.56452,0.124557,0.099162,0.543509,0.217563,0.057844,Bellevue_150th_Eastgate
1953,within,0.608184,0.152593,0.105318,0.725923,0.298973,0.048175,Bellevue_150th_Eastgate
1954,within,0.583823,0.097756,0.102834,0.764519,0.276884,0.090641,Bellevue_150th_Eastgate
1955,within,0.651197,0.052231,0.101895,0.612911,0.202337,0.04639,Bellevue_150th_Eastgate
1956,within,0.622366,0.056187,0.091558,0.617395,0.276012,0.028912,Bellevue_150th_Eastgate
1957,within,0.518759,0.131547,0.098307,0.62025,0.306649,0.076344,Bellevue_150th_Eastgate
1958,within,0.497921,0.130649,0.083116,0.630807,0.296299,0.070333,Bellevue_150th_Eastgate
1959,within,0.509592,0.120399,0.080963,0.604658,0.301136,0.131479,Bellevue_150th_Eastgate
1960,within,0.528882,0.151413,0.081527,0.704527,0.262014,0.157282,Bellevue_150th_Eastgate
1961,within,0.56213,0.062943,0.077741,0.580353,0.21678,0.053651,Bellevue_150th_Eastgate
1962,within,0.500141,0.076311,0.091269,0.532885,0.129666,0.058845,Bellevue_150th_Eastgate
1963,within,0.54718,0.136889,0.102667,0.504353,0.088441,0.073455,Bellevue_150th_Eastgate
1964,within,0.434586,0.10056,0.058648,0.510195,0.089363,0.08774,Bellevue_150th_Eastgate
1965,within,0.51474,0.119713,0.073766,0.500307,0.106948,0.078971,Bellevue_150th_Eastgate
1966,within,0.54447,0.088853,0.066677,0.505446,0.187481,0.042694,Bellevue_150th_Eastgate
1967,within,0.605203,0.159748,0.064569,0.527993,0.146558,0.042757,Bellevue_150th_Eastgate
1968,within,0.695438,0.15337,0.064653,0.688846,0.216825,0.084351,Bellevue_150th_Eastgate
1969,within,0.71517,0.110837,0.079849,0.490393,0.143286,0.023789,Bellevue_150th_Eastgate
1970,within,0.678146,0.115516,0.069845,0.493511,0.160231,0.025955,Bellevue_150th_Eastgate
1971,within,0.567457,0.151503,0.083191,0.469868,0.116486,0.074711,Bellevue_150th_Eastgate
1972,within,0.624648,0.134926,0.061015,0.606581,0.220349,0.079346,Bellevue_150th_Eastgate
1973,within,0.602594,0.080101,0.081554,0.593583,0.255413,0.048069,Bellevue_150th_Eastgate
1974,within,0.426173,0.085514,0.055804,0.538472,0.182134,0.028505,Bellevue_150th_Eastgate
1975,within,0.625439,0.141962,0.106919,0.594572,0.233115,0.083794,Bellevue_150th_Eastgate
1976,within,0.620201,0.066935,0.110476,0.388342,0.175394,0.019383,Bellevue_150th_Eastgate
1977,within,0.573368,0.143343,0.1078,0.381429,0.15781,0.028728,Bellevue_150th_Eastgate
1978,within,0.587707,0.151038,0.115695,0.44377,0.244242,0.013025,Bellevue_150th_Eastgate
1979,within,0.566014,0.149255,0.105241,0.529184,0.125158,0.132942,Bellevue_150th_Eastgate
1980,within,0.542699,0.139958,0.107367,0.515169,0.203898,0.047152,Bellevue_150th_Eastgate
1981,within,0.598758,0.161212,0.115976,0.484097,0.191824,0.042711,Bellevue_150th_Eastgate
1982,within,0.63574,0.153395,0.12738,0.619777,0.227897,0.057642,Bellevue_150th_Eastgate
1983,within,0.563573,0.087906,0.130661,0.516418,0.191925,0.047605,Bellevue_150th_Eastgate
1984,within,0.602421,0.14644,0.111584,0.591731,0.185651,0.142438,Bellevue_150th_Eastgate
1985,within,0.498291,0.127312,0.086197,0.573218,0.118601,0.175411,Bellevue_150th_Eastgate
1986,within,0.573566,0.077131,0.096675,0.551316,0.136947,0.177606,Bellevue_150th_Eastgate
1987,within,0.497025,0.111423,0.084223,0.51787,0.195956,0.135712,Bellevue_150th_Eastgate
1988,within,0.608593,0.046515,0.089275,0.454596,0.200161,0.116234,Bellevue_150th_Eastgate
1989,within,0.6376,0.05693,0.090125,0.603618,0.230245,0.081114,Bellevue_150th_Eastgate
1990,within,0.619439,0.153078,0.101539,0.632203,0.237215,0.02893,Bellevue_150th_Eastgate
1991,within,0.557444,0.138678,0.111256,0.497541,0.178051,0.030549,Bellevue_150th_Eastgate
1992,within,0.612748,0.152096,0.105185,0.523016,0.162951,0.014367,Bellevue_150th_Eastgate
1993,within,0.589565,0.153977,0.110162,0.465622,0.135257,0.026759,Bellevue_150th_Eastgate
1994,within,0.560451,0.143584,0.096926,0.539108,0.153828,0.027046,Bellevue_150th_Eastgate
1995,within,0.59224,0.037118,0.096403,0.467268,0.238844,0.030416,Bellevue_150th_Eastgate
1996,within,0.543366,0.136803,0.110794,0.536513,0.11003,0.075283,Bellevue_150th_Eastgate
1997,within,0.583964,0.139637,0.109469,0.526319,0.139886,0.068827,Bellevue_150th_Eastgate
1998,within,0.617798,0.146523,0.108785,0.479235,0.175369,0.04497,Bellevue_150th_Eastgate
1999,within,0.54455,0.151427,0.095665,0.441051,0.128569,0.059356,Bellevue_150th_Eastgate
2000,within,0.47473,0.109349,0.076693,0.415255,0.122402,0.078836,Bellevue_150th_Eastgate
2001,within,0.48476,0.121431,0.080503,0.473905,0.17172,0.072372,Bellevue_150th_Eastgate
2002,within,0.56526,0.100166,0.099974,0.543178,0.214727,0.089239,Bellevue_150th_Eastgate
2003,within,0.606248,0.131251,0.096205,0.666808,0.231538,0.053414,Bellevue_150th_Eastgate
2004,within,0.495709,0.120273,0.091713,0.697385,0.240494,0.1118,Bellevue_150th_Eastgate
2005,within,0.68254,0.040396,0.115647,0.429409,0.130157,0.033379,Bellevue_150th_Eastgate
2006,within,0.578164,0.148846,0.10726,0.289316,0.077094,0.040193,Bellevue_150th_Eastgate
2007,within,0.554531,0.143892,0.105899,0.452477,0.106718,0.039752,Bellevue_150th_Eastgate
2008,within,0.439823,0.113742,0.075976,0.611963,0.112999,0.111731,Bellevue_150th_Eastgate
2009,within,0.577358,0.059194,0.107895,0.543206,0.122728,0.058322,Bellevue_150th_Eastgate
2010,within,0.57916,0.120478,0.09854,0.568759,0.222051,0.035388,Bellevue_150th_Eastgate
2011,within,0.591552,0.140272,0.10968,0.671947,0.226329,0.03735,Bellevue_150th_Eastgate
2012,within,0.527949,0.142728,0.092061,0.5187,0.146143,0.054034,Bellevue_150th_Eastgate
2013,within,0.647094,0.11058,0.069684,0.554572,0.137734,0.068219,Bellevue_150th_Eastgate
2014,within,0.533273,0.128018,0.073031,0.543289,0.153205,0.070617,Bellevue_150th_Eastgate
2015,within,0.647475,0.041994,0.101931,0.639356,0.295692,0.045722,Bellevue_150th_Eastgate
2016,within,0.575196,0.081906,0.107102,0.698368,0.304208,0.062717,Bellevue_150th_Eastgate
2017,within,0.718675,0.037836,0.103505,0.624201,0.124438,0.114649,Bellevue_150th_Eastgate
2018,within,0.60077,0.145829,0.117806,0.646487,0.145596,0.093661,Bellevue_150th_Eastgate
2019,within,0.527889,0.131097,0.079773,0.500983,0.221094,0.122854,Bellevue_150th_Eastgate
2020,within,0.64744,0.120035,0.097674,0.481813,0.181419,0.180762,Bellevue_150th_Eastgate
2021,within,0.520605,0.07682,0.078085,0.515487,0.160439,0.167645,Bellevue_150th_Eastgate
2022,within,0.522477,0.06122,0.083645,0.51375,0.175861,0.081744,Bellevue_150th_Eastgate
2023,within,0.551367,0.137478,0.1058,0.588964,0.203619,0.154111,Bellevue_150th_Eastgate
2024,within,0.573344,0.161158,0.090058,0.566388,0.207002,0.051044,Bellevue_150th_Eastgate
2025,within,0.617729,0.14059,0.104257,0.56053,0.177228,0.099232,Bellevue_150th_Eastgate
2026,within,0.568098,0.146374,0.104952,0.408992,0.127651,0.028891,Bellevue_150th_Eastgate
2027,within,0.647792,0.143421,0.110197,0.453274,0.170077,0.028005,Bellevue_150th_Eastgate
2028,within,0.567309,0.142676,0.110833,0.425819,0.163376,0.051124,Bellevue_150th_Eastgate
2029,within,0.581193,0.138173,0.099751,0.289032,0.095738,0.019074,Bellevue_150th_Eastgate
2030,within,0.611878,0.042943,0.089762,0.409084,0.107222,0.046684,Bellevue_150th_Eastgate
2031,within,0.634407,0.13982,0.096515,0.592258,0.208952,0.074923,Bellevue_150th_Eastgate
2032,within,0.66582,0.078629,0.0857,0.46427,0.123357,0.066687,Bellevue_150th_Eastgate
2033,within,0.652007,0.104199,0.085722,0.612279,0.158093,0.088214,Bellevue_150th_Eastgate
2034,within,0.521101,0.099167,0.090689,0.5801,0.21124,0.042685,Bellevue_150th_Eastgate
2035,within,0.613337,0.124166,0.077146,0.613436,0.259478,0.051743,Bellevue_150th_Eastgate
2036,within,0.565115,0.116462,0.103008,0.588139,0.278056,0.044811,Bellevue_150th_Eastgate
2037,within,0.641562,0.16474,0.114482,0.671056,0.299703,0.125407,Bellevue_150th_Eastgate
2038,within,0.621111,0.084191,0.091784,0.656377,0.309482,0.041934,Bellevue_150th_Eastgate
2039,within,0.622697,0.095112,0.062148,0.619188,0.289692,0.069035,Bellevue_150th_Eastgate
2040,within,0.56995,0.074447,0.095746,0.639447,0.347035,0.052064,Bellevue_150th_Eastgate
2041,within,0.612562,0.160042,0.116358,0.530169,0.187892,0.04124,Bellevue_150th_Eastgate
2042,within,0.533249,0.13713,0.098325,0.502325,0.182689,0.066984,Bellevue_150th_Eastgate
2043,within,0.51667,0.127211,0.092131,0.526933,0.153574,0.074826,Bellevue_150th_Eastgate
2044,within,0.607134,0.145371,0.100944,0.557454,0.20584,0.024469,Bellevue_150th_Eastgate
2045,within,0.558919,0.147431,0.106164,0.614364,0.238007,0.023569,Bellevue_150th_Eastgate
2046,within,0.545165,0.154308,0.086995,0.669273,0.25648,0.029913,Bellevue_150th_Eastgate
2047,within,0.600782,0.121376,0.087854,0.761693,0.209217,0.117791,Bellevue_150th_Eastgate
2048,within,0.547261,0.157816,0.098599,0.598392,0.216339,0.084979,Bellevue_150th_Eastgate
2049,within,0.613252,0.143683,0.099902,0.671441,0.163456,0.060342,Bellevue_150th_Eastgate
2050,within,0.494239,0.09794,0.096088,0.574417,0.148574,0.060157,Bellevue_150th_Eastgate
2051,within,0.564463,0.158955,0.076862,0.517942,0.130272,0.116853,Bellevue_150th_Eastgate
2052,within,0.55305,0.153749,0.088452,0.627383,0.183839,0.139997,Bellevue_150th_Eastgate
2053,within,0.477395,0.128581,0.08063,0.671615,0.254313,0.078721,Bellevue_150th_Eastgate
2054,within,0.583386,0.147135,0.094138,0.693456,0.220548,0.142246,Bellevue_150th_Eastgate
2055,within,0.490568,0.136729,0.081388,0.575506,0.169162,0.06652,Bellevue_150th_Eastgate
2056,within,0.653066,0.162536,0.103902,0.734093,0.235478,0.109081,Bellevue_150th_Eastgate
2057,within,0.443575,0.094442,0.072123,0.586036,0.204777,0.076122,Bellevue_150th_Eastgate
2058,within,0.644598,0.063262,0.083793,0.497411,0.134419,0.122488,Bellevue_150th_Eastgate
2059,within,0.658561,0.066758,0.088599,0.678878,0.136282,0.290282,Bellevue_150th_Eastgate
2060,within,0.429038,0.09377,0.064722,0.624395,0.223076,0.089373,Bellevue_150th_Eastgate
2061,within,0.547076,0.038615,0.093467,0.592916,0.175473,0.170606,Bellevue_150th_Eastgate
2062,within,0.575068,0.090653,0.101891,0.570198,0.221415,0.051268,Bellevue_150th_Eastgate
2063,within,0.599072,0.145162,0.104534,0.725825,0.265678,0.087083,Bellevue_150th_Eastgate
2064,within,0.578782,0.089083,0.117173,0.50586,0.153684,0.094218,Bellevue_150th_Eastgate
2065,within,0.574519,0.125053,0.104028,0.438447,0.170952,0.085417,Bellevue_150th_Eastgate
2066,within,0.550481,0.143663,0.104086,0.49457,0.192141,0.097674,Bellevue_150th_Eastgate
2067,within,0.509449,0.133821,0.097175,0.472951,0.194821,0.105865,Bellevue_150th_Eastgate
2068,within,0.563058,0.073936,0.095591,0.499048,0.255675,0.084985,Bellevue_150th_Eastgate
2069,within,0.502141,0.105697,0.082847,0.465973,0.215242,0.071135,Bellevue_150th_Eastgate
2070,within,0.573873,0.138774,0.104552,0.488029,0.219449,0.061464,Bellevue_150th_Eastgate
2071,within,0.534949,0.166542,0.067813,0.598481,0.202396,0.067414,Bellevue_150th_Eastgate
2072,within,0.616941,0.162104,0.086761,0.668468,0.216912,0.049193,Bellevue_150th_Eastgate
2073,within,0.594415,0.165459,0.100558,0.459385,0.086918,0.087416,Bellevue_150th_Eastgate
2074,within,0.65045,0.129542,0.08452,0.473029,0.113587,0.066262,Bellevue_150th_Eastgate
2075,within,0.661793,0.068179,0.084552,0.437495,0.137328,0.04562,Bellevue_150th_Eastgate
2076,within,0.536607,0.139651,0.098376,0.456016,0.138879,0.040492,Bellevue_150th_Eastgate
2077,within,0.633547,0.127523,0.076536,0.526929,0.202541,0.055203,Bellevue_150th_Eastgate
2078,within,0.569924,0.158051,0.09872,0.349847,0.123844,0.042793,Bellevue_150th_Eastgate
2079,within,0.607268,0.156327,0.102949,0.380441,0.081125,0.056499,Bellevue_150th_Eastgate
2080,within,0.593622,0.145076,0.106834,0.391485,0.049223,0.091852,Bellevue_150th_Eastgate
2081,within,0.658091,0.054922,0.089959,0.415865,0.143253,0.029365,Bellevue_150th_Eastgate
2082,within,0.654216,0.061011,0.09623,0.444479,0.167028,0.044351,Bellevue_150th_Eastgate
2083,within,0.534008,0.140297,0.090899,0.379379,0.14837,0.049906,Bellevue_150th_Eastgate
2084,within,0.574824,0.145782,0.107714,0.443057,0.173908,0.101806,Bellevue_150th_Eastgate
2085,within,0.564358,0.138816,0.11074,0.569569,0.280138,0.13341,Bellevue_150th_Eastgate
2086,within,0.549181,0.142486,0.102886,0.533478,0.271421,0.132172,Bellevue_150th_Eastgate
2087,within,0.591933,0.145987,0.106694,0.588513,0.330192,0.128386,Bellevue_150th_Eastgate
2088,within,0.686952,0.052464,0.094318,0.533493,0.227531,0.040974,Bellevue_150th_Eastgate
2089,within,0.658762,0.079752,0.101311,0.413164,0.169874,0.078488,Bellevue_150th_Eastgate
2090,within,0.512325,0.130008,0.091378,0.445043,0.171668,0.09868,Bellevue_150th_Eastgate
2091,within,0.509838,0.1324,0.096997,0.505013,0.218635,0.07697,Bellevue_150th_Eastgate
2092,within,0.529484,0.136923,0.103416,0.518007,0.216439,0.097929,Bellevue_150th_Eastgate
2093,within,0.582376,0.15347,0.102635,0.58884,0.277793,0.046468,Bellevue_150th_Eastgate
2094,within,0.453553,0.114493,0.081082,0.489316,0.196032,0.057058,Bellevue_150th_Eastgate
2095,within,0.598045,0.14732,0.110651,0.557245,0.149556,0.060331,Bellevue_150th_Eastgate
2096,within,0.593255,0.142206,0.114029,0.569481,0.202974,0.03033,Bellevue_150th_Eastgate
2097,within,0.590368,0.149507,0.111883,0.480455,0.081761,0.057426,Bellevue_150th_Eastgate
2098,within,0.527667,0.133911,0.102729,0.493804,0.129629,0.029707,Bellevue_150th_Eastgate
2099,within,0.507011,0.136315,0.083163,0.507069,0.113133,0.035392,Bellevue_150th_Eastgate
2100,within,0.548328,0.119182,0.077737,0.505422,0.105243,0.040756,Bellevue_150th_Eastgate
2101,within,0.594368,0.126062,0.07118,0.580545,0.121333,0.066037,Bellevue_150th_Eastgate
2102,within,0.575922,0.160982,0.100878,0.590333,0.170762,0.085851,Bellevue_150th_Eastgate
2103,within,0.611942,0.154887,0.081859,0.584672,0.162194,0.067183,Bellevue_150th_Eastgate
2104,within,0.59484,0.150706,0.10653,0.621646,0.11503,0.062344,Bellevue_150th_Eastgate
2105,within,0.644111,0.065122,0.081916,0.466016,0.125827,0.049216,Bellevue_150th_Eastgate
2106,within,0.644056,0.08789,0.073936,0.355245,0.060825,0.035334,Bellevue_150th_Eastgate
2107,within,0.526464,0.13668,0.099408,0.388336,0.111683,0.083048,Bellevue_150th_Eastgate
2108,within,0.574529,0.111736,0.080282,0.363387,0.122456,0.043348,Bellevue_150th_Eastgate
2109,within,0.479762,0.12392,0.084585,0.33308,0.137566,0.082581,Bellevue_150th_Eastgate
2110,within,0.547352,0.146315,0.09757,0.660432,0.39594,0.030595,Bellevue_150th_Eastgate
2111,within,0.507014,0.090269,0.087076,0.570515,0.253207,0.015634,Bellevue_150th_Eastgate
2112,within,0.635101,0.084533,0.076502,0.492375,0.19885,0.023574,Bellevue_150th_Eastgate
2113,within,0.608,0.035761,0.088946,0.564398,0.226023,0.049041,Bellevue_150th_Eastgate
2114,within,0.61047,0.153297,0.101359,0.529501,0.246109,0.065366,Bellevue_150th_Eastgate
2115,within,0.595594,0.150715,0.103717,0.510106,0.25843,0.06112,Bellevue_150th_Eastgate
2116,within,0.488348,0.129026,0.086366,0.615358,0.270823,0.07394,Bellevue_150th_Eastgate
2117,within,0.572379,0.152612,0.099874,0.777769,0.363755,0.149305,Bellevue_150th_Eastgate
2118,within,0.527004,0.133316,0.093446,0.621601,0.210889,0.103571,Bellevue_150th_Eastgate
2119,within,0.695971,0.113001,0.096331,0.664961,0.25116,0.079578,Bellevue_150th_Eastgate
2120,within,0.460171,0.093669,0.067218,0.5794,0.230759,0.061887,Bellevue_150th_Eastgate
2121,within,0.575771,0.146546,0.096039,0.572088,0.214222,0.067077,Bellevue_150th_Eastgate
2122,within,0.57269,0.153296,0.102768,0.57413,0.209251,0.059788,Bellevue_150th_Eastgate
2123,within,0.548175,0.151561,0.094767,0.466434,0.241824,0.044666,Bellevue_150th_Eastgate
2124,within,0.594775,0.152535,0.103375,0.567906,0.163602,0.10558,Bellevue_150th_Eastgate
2125,within,0.535479,0.129748,0.100671,0.610184,0.155789,0.108811,Bellevue_150th_Eastgate
2126,within,0.644966,0.061138,0.09061,0.580098,0.129932,0.120953,Bellevue_150th_Eastgate
2127,within,0.551923,0.138855,0.104746,0.573066,0.175977,0.115052,Bellevue_150th_Eastgate
2128,within,0.522178,0.121467,0.091993,0.61944,0.109697,0.1726,Bellevue_150th_Eastgate
2129,within,0.417183,0.095735,0.062995,0.596275,0.150609,0.11486,Bellevue_150th_Eastgate
2130,within,0.512126,0.127063,0.097173,0.515264,0.167072,0.048313,Bellevue_150th_Eastgate
2131,within,0.540008,0.139178,0.09199,0.592971,0.092093,0.034469,Bellevue_150th_Eastgate
2132,within,0.61737,0.08184,0.088921,0.670808,0.120414,0.09647,Bellevue_150th_Eastgate
2133,within,0.61001,0.151539,0.096401,0.52263,0.166717,0.007592,Bellevue_150th_Eastgate
2134,within,0.592471,0.153539,0.07608,0.516327,0.252749,0.0,Bellevue_150th_Eastgate
2135,within,0.580355,0.169704,0.084276,0.590898,0.239178,0.026144,Bellevue_150th_Eastgate
2136,within,0.536478,0.144993,0.065887,0.632893,0.251374,0.004762,Bellevue_150th_Eastgate
2137,within,0.575249,0.116859,0.069227,0.658035,0.244874,0.020938,Bellevue_150th_Eastgate
2138,within,0.649113,0.136585,0.059682,0.487223,0.1127,0.066656,Bellevue_150th_Eastgate
2139,within,0.604783,0.138732,0.100183,0.598237,0.114605,0.078019,Bellevue_150th_Eastgate
2140,within,0.650554,0.065669,0.091343,0.502373,0.120349,0.063495,Bellevue_150th_Eastgate
2141,within,0.628002,0.157561,0.08104,0.523394,0.120895,0.07148,Bellevue_150th_Eastgate
2142,within,0.596018,0.146765,0.092136,0.641553,0.225103,0.088172,Bellevue_150th_Eastgate
2143,within,0.549937,0.126597,0.065796,0.617492,0.227092,0.051184,Bellevue_150th_Eastgate
2144,within,0.617641,0.130388,0.06897,0.698169,0.221378,0.170854,Bellevue_150th_Eastgate
2145,within,0.555016,0.120705,0.070836,0.553058,0.207945,0.044948,Bellevue_150th_Eastgate
2146,within,0.610116,0.14584,0.079435,0.602177,0.241233,0.050202,Bellevue_150th_Eastgate
2147,within,0.63198,0.119998,0.079322,0.514295,0.270444,0.047053,Bellevue_150th_Eastgate
2148,within,0.569543,0.129485,0.092237,0.727074,0.301416,0.062838,Bellevue_150th_Eastgate
2149,within,0.546924,0.055878,0.093413,0.668085,0.306776,0.040041,Bellevue_150th_Eastgate
2150,within,0.606573,0.051063,0.092124,0.609617,0.218793,0.064005,Bellevue_150th_Eastgate
2151,within,0.502382,0.116451,0.102212,0.655053,0.258496,0.066271,Bellevue_150th_Eastgate
2152,within,0.533916,0.110798,0.098915,0.592082,0.158103,0.092165,Bellevue_150th_Eastgate
2153,within,0.630011,0.094485,0.09169,0.629543,0.148867,0.122068,Bellevue_150th_Eastgate
2154,within,0.634119,0.041957,0.088851,0.534332,0.110787,0.089593,Bellevue_150th_Eastgate
2155,within,0.662308,0.084081,0.082789,0.681636,0.107208,0.12081,Bellevue_150th_Eastgate
2156,within,0.541995,0.09431,0.083208,0.644724,0.097134,0.115454,Bellevue_150th_Eastgate
2157,within,0.561815,0.136727,0.082545,0.623543,0.181359,0.128434,Bellevue_150th_Eastgate
2158,within,0.546337,0.15755,0.08927,0.602788,0.252221,0.089,Bellevue_150th_Eastgate
2159,within,0.599473,0.150634,0.104513,0.562535,0.144027,0.049594,Bellevue_150th_Eastgate
2160,within,0.612524,0.146667,0.113276,0.631064,0.114256,0.068976,Bellevue_150th_Eastgate
2161,within,0.602385,0.065199,0.085715,0.5321,0.085815,0.077369,Bellevue_150th_Eastgate
2162,within,0.601504,0.157508,0.088461,0.539669,0.139425,0.091471,Bellevue_150th_Eastgate
2163,within,0.56101,0.137324,0.095774,0.575144,0.221178,0.035515,Bellevue_150th_Eastgate
2164,within,0.62457,0.131158,0.077071,0.682791,0.231945,0.060471,Bellevue_150th_Eastgate
2165,within,0.659556,0.078358,0.083687,0.700369,0.26062,0.043863,Bellevue_150th_Eastgate
2166,within,0.674899,0.093379,0.08505,0.616013,0.17748,0.04365,Bellevue_150th_Eastgate
2167,within,0.604003,0.141685,0.102005,0.773405,0.13764,0.182098,Bellevue_150th_Eastgate
2168,within,0.675151,0.055744,0.100644,0.611413,0.137546,0.083694,Bellevue_150th_Eastgate
2169,within,0.58434,0.163031,0.084417,0.586262,0.080353,0.087793,Bellevue_150th_Eastgate
2170,within,0.536658,0.129994,0.106099,0.532202,0.095251,0.088439,Bellevue_150th_Eastgate
2171,within,0.544407,0.143558,0.101085,0.452087,0.123297,0.069437,Bellevue_150th_Eastgate
2172,within,0.548851,0.142466,0.099917,0.503085,0.173963,0.055081,Bellevue_150th_Eastgate
2173,within,0.595137,0.147716,0.110721,0.637596,0.205399,0.084218,Bellevue_150th_Eastgate
2174,within,0.643406,0.073315,0.080596,0.47753,0.108595,0.043832,Bellevue_150th_Eastgate
2175,within,0.513471,0.140464,0.065286,0.471598,0.149672,0.020745,Bellevue_150th_Eastgate
2176,within,0.561614,0.153005,0.104496,0.626661,0.231035,0.006516,Bellevue_150th_Eastgate
2177,within,0.639576,0.086121,0.065709,0.70545,0.34219,0.026224,Bellevue_150th_Eastgate
2178,within,0.527743,0.140595,0.061222,0.60752,0.309559,0.036629,Bellevue_150th_Eastgate
2179,within,0.675398,0.10446,0.085345,0.629135,0.233089,0.105497,Bellevue_150th_Eastgate
2180,within,0.616576,0.045908,0.075836,0.416948,0.101774,0.01047,Bellevue_150th_Eastgate
2181,within,0.581883,0.145728,0.106684,0.409381,0.145296,0.026477,Bellevue_150th_Eastgate
2182,within,0.561354,0.152457,0.103872,0.404938,0.154464,0.059159,Bellevue_150th_Eastgate
2183,within,0.507426,0.129254,0.090876,0.537142,0.143145,0.124068,Bellevue_150th_Eastgate
2184,within,0.595408,0.13751,0.120737,0.604865,0.224367,0.099951,Bellevue_150th_Eastgate
2185,within,0.560789,0.125355,0.104716,0.571817,0.139729,0.071769,Bellevue_150th_Eastgate
2186,within,0.607917,0.136238,0.111144,0.734529,0.162912,0.082772,Bellevue_150th_Eastgate
2187,within,0.514505,0.124395,0.080676,0.385366,0.092736,0.020351,Bellevue_150th_Eastgate
2188,within,0.626413,0.141432,0.100037,0.372366,0.126338,0.015166,Bellevue_150th_Eastgate
2189,within,0.561902,0.141049,0.109673,0.402099,0.18698,0.007146,Bellevue_150th_Eastgate
2190,within,0.520394,0.117653,0.103255,0.470825,0.214241,0.043629,Bellevue_150th_Eastgate
2191,within,0.604436,0.056317,0.093025,0.504915,0.179699,0.04785,Bellevue_150th_Eastgate
2192,within,0.657656,0.111084,0.100735,0.643093,0.103156,0.068457,Bellevue_150th_Eastgate
2193,within,0.63641,0.102868,0.093389,0.519111,0.123033,0.055665,Bellevue_150th_Eastgate
2194,within,0.66728,0.084019,0.085362,0.476538,0.171543,0.016337,Bellevue_150th_Eastgate
2195,within,0.577977,0.161282,0.100462,0.490203,0.207199,0.013296,Bellevue_150th_Eastgate
2196,within,0.57759,0.14584,0.10235,0.556215,0.267588,0.036334,Bellevue_150th_Eastgate
2197,within,0.610021,0.120536,0.089252,0.800878,0.305343,0.073892,Bellevue_150th_Eastgate
2198,within,0.550195,0.132308,0.078373,0.656912,0.200491,0.053393,Bellevue_150th_Eastgate
2199,within,0.625959,0.156505,0.107797,0.650415,0.153472,0.047914,Bellevue_150th_Eastgate
2200,within,0.565525,0.138166,0.111149,0.457984,0.142114,0.063963,Bellevue_150th_Eastgate
2201,within,0.623836,0.143294,0.104087,0.40982,0.150523,0.061057,Bellevue_150th_Eastgate
2202,within,0.571929,0.143173,0.108645,0.440068,0.156179,0.079523,Bellevue_150th_Eastgate
2203,within,0.471036,0.078206,0.082883,0.55446,0.181807,0.105667,Bellevue_150th_Eastgate
2204,within,0.623257,0.036386,0.095988,0.547959,0.163384,0.101229,Bellevue_150th_Eastgate
2205,within,0.571585,0.103132,0.101091,0.584393,0.164956,0.107811,Bellevue_150th_Eastgate
2206,within,0.619684,0.146223,0.108932,0.70792,0.198569,0.136512,Bellevue_150th_Eastgate
2207,within,0.556524,0.126776,0.11061,0.570467,0.180504,0.047124,Bellevue_150th_Eastgate
2208,within,0.659167,0.081011,0.080659,0.681235,0.182564,0.059582,Bellevue_150th_Eastgate
2209,within,0.559346,0.138575,0.102269,0.576825,0.113334,0.060613,Bellevue_150th_Eastgate
2210,within,0.528583,0.139887,0.099109,0.675678,0.135332,0.05578,Bellevue_150th_Eastgate
2211,within,0.626815,0.12671,0.103839,0.628615,0.130879,0.033788,Bellevue_150th_Eastgate
2212,within,0.645169,0.105875,0.087298,0.555315,0.089602,0.042758,Bellevue_150th_Eastgate
2213,within,0.63083,0.149104,0.11994,0.69141,0.182872,0.055003,Bellevue_150th_Eastgate
2214,within,0.686821,0.135124,0.075645,0.434891,0.169116,0.050499,Bellevue_150th_Eastgate
2215,within,0.66248,0.130791,0.059153,0.425251,0.158054,0.075949,Bellevue_150th_Eastgate
2216,within,0.563538,0.138916,0.109683,0.471315,0.194409,0.054684,Bellevue_150th_Eastgate
2217,within,0.54164,0.133738,0.105878,0.535043,0.16416,0.033965,Bellevue_150th_Eastgate
2218,within,0.585328,0.145475,0.115316,0.541752,0.163962,0.057934,Bellevue_150th_Eastgate
2219,within,0.582515,0.14699,0.1162,0.546374,0.120938,0.057121,Bellevue_150th_Eastgate
2220,within,0.604871,0.156688,0.097181,0.498971,0.084734,0.056968,Bellevue_150th_Eastgate
2221,within,0.631157,0.131423,0.111008,0.560337,0.104346,0.045141,Bellevue_150th_Eastgate
2222,within,0.634956,0.121175,0.091826,0.428235,0.14639,0.01806,Bellevue_150th_Eastgate
2223,within,0.67581,0.095197,0.091104,0.456608,0.233244,0.021319,Bellevue_150th_Eastgate
2224,within,0.652223,0.156921,0.115851,0.623607,0.326934,0.024037,Bellevue_150th_Eastgate
2225,within,0.634631,0.066379,0.084077,0.64513,0.262345,0.036554,Bellevue_150th_Eastgate
2226,within,0.678092,0.066747,0.088787,0.549375,0.215362,0.060094,Bellevue_150th_Eastgate
2227,within,0.661915,0.085366,0.077358,0.584381,0.264278,0.048121,Bellevue_150th_Eastgate
2228,within,0.65095,0.151038,0.0803,0.552942,0.220567,0.063681,Bellevue_150th_Eastgate
2229,within,0.707071,0.056737,0.086079,0.535257,0.149599,0.059111,Bellevue_150th_Eastgate
2230,within,0.66486,0.136899,0.072498,0.356146,0.135692,0.052346,Bellevue_150th_Eastgate
2231,within,0.605451,0.150114,0.096343,0.397314,0.157528,0.064035,Bellevue_150th_Eastgate
2232,within,0.591219,0.159466,0.096414,0.5376,0.170247,0.131776,Bellevue_150th_Eastgate
2233,within,0.588872,0.164232,0.089009,0.599289,0.156243,0.0939,Bellevue_150th_Eastgate
2234,within,0.601207,0.165993,0.115212,0.50169,0.09293,0.079639,Bellevue_150th_Eastgate
2235,within,0.614076,0.167554,0.104258,0.547771,0.130602,0.021018,Bellevue_150th_Eastgate
2236,within,0.616546,0.137172,0.107487,0.776048,0.177359,0.040679,Bellevue_150th_Eastgate
2237,within,0.653806,0.046874,0.094074,0.575689,0.183922,0.057071,Bellevue_150th_Eastgate
2238,within,0.689727,0.057292,0.091076,0.531479,0.209897,0.076522,Bellevue_150th_Eastgate
2239,within,0.652824,0.074176,0.089528,0.601481,0.235492,0.135926,Bellevue_150th_Eastgate
2240,within,0.59986,0.141056,0.109206,0.748475,0.357901,0.075491,Bellevue_150th_Eastgate
2241,within,0.52052,0.117952,0.083742,0.57867,0.29618,0.071534,Bellevue_150th_Eastgate
2242,within,0.583712,0.152813,0.088844,0.570746,0.313958,0.067171,Bellevue_150th_Eastgate
2243,within,0.647831,0.175219,0.104354,0.576323,0.239083,0.067423,Bellevue_150th_Eastgate
2244,within,0.63648,0.150076,0.099936,0.61796,0.329843,0.040565,Bellevue_150th_Eastgate
2245,within,0.633681,0.125047,0.08333,0.603501,0.294701,0.039479,Bellevue_150th_Eastgate
2246,within,0.64932,0.133416,0.09531,0.705117,0.229387,0.10086,Bellevue_150th_Eastgate
2247,within,0.728784,0.088254,0.085884,0.737378,0.259072,0.113152,Bellevue_150th_Eastgate
2248,within,0.697923,0.080711,0.087378,0.653191,0.207763,0.058461,Bellevue_150th_Eastgate
2249,within,0.531702,0.128171,0.10573,0.544989,0.2269,0.076899,Bellevue_150th_Eastgate
2250,within,0.601952,0.11249,0.106597,0.535366,0.186017,0.054039,Bellevue_150th_Eastgate
2251,within,0.620204,0.148212,0.114609,0.627358,0.191155,0.057924,Bellevue_150th_Eastgate
2252,within,0.655988,0.072967,0.091482,0.430235,0.193766,0.029061,Bellevue_150th_Eastgate
2253,within,0.61135,0.13442,0.100512,0.590737,0.246772,0.050915,Bellevue_150th_Eastgate
2254,within,0.665942,0.066112,0.091263,0.617998,0.321142,0.0,Bellevue_150th_Eastgate
2255,within,0.460164,0.107993,0.086135,0.49625,0.278315,0.019967,Bellevue_150th_Eastgate
2256,within,0.567885,0.138275,0.107367,0.505918,0.235836,0.035658,Bellevue_150th_Eastgate
2257,within,0.60275,0.111047,0.099009,0.527132,0.22783,0.050592,Bellevue_150th_Eastgate
2258,within,0.635892,0.093484,0.083498,0.583605,0.271433,0.031494,Bellevue_150th_Eastgate
2259,within,0.662072,0.073351,0.086348,0.65783,0.194905,0.136044,Bellevue_150th_Eastgate
2260,within,0.664976,0.058845,0.08359,0.505905,0.160588,0.051783,Bellevue_150th_Eastgate
2261,within,0.610684,0.148354,0.091223,0.60988,0.196745,0.056502,Bellevue_150th_Eastgate
2262,within,0.560741,0.144515,0.105376,0.656222,0.176234,0.0547,Bellevue_150th_Eastgate
2263,within,0.610726,0.068784,0.108176,0.580239,0.208806,0.069096,Bellevue_150th_Eastgate
2264,within,0.671426,0.10521,0.101423,0.57993,0.179972,0.031907,Bellevue_150th_Eastgate
2265,within,0.602636,0.137311,0.096659,0.549032,0.229291,0.02227,Bellevue_150th_Eastgate
2266,within,0.598029,0.15324,0.105756,0.573464,0.159988,0.038295,Bellevue_150th_Eastgate
2267,within,0.630316,0.157328,0.120261,0.537395,0.207703,0.035069,Bellevue_150th_Eastgate
2268,within,0.629745,0.152118,0.118125,0.500766,0.176444,0.046635,Bellevue_150th_Eastgate
2269,within,0.615896,0.169554,0.101102,0.522814,0.16335,0.100376,Bellevue_150th_Eastgate
2270,within,0.636573,0.161532,0.10569,0.593179,0.091683,0.177435,Bellevue_150th_Eastgate
2271,within,0.661772,0.082879,0.076424,0.593793,0.109486,0.123522,Bellevue_150th_Eastgate
2272,within,0.642353,0.097747,0.073105,0.681508,0.178514,0.12208,Bellevue_150th_Eastgate
2273,within,0.669823,0.073395,0.084656,0.66599,0.175987,0.053831,Bellevue_150th_Eastgate
2274,within,0.657089,0.115157,0.073977,0.63088,0.168765,0.050465,Bellevue_150th_Eastgate
2275,within,0.581561,0.164807,0.075132,0.593473,0.13669,0.027145,Bellevue_150th_Eastgate
2276,within,0.621635,0.152008,0.104441,0.615323,0.198526,0.090025,Bellevue_150th_Eastgate
2277,within,0.610748,0.157191,0.103452,0.522712,0.190395,0.067639,Bellevue_150th_Eastgate
2278,within,0.653221,0.130214,0.102458,0.550277,0.192276,0.10267,Bellevue_150th_Eastgate
2279,within,0.615466,0.148525,0.106655,0.663129,0.214785,0.14695,Bellevue_150th_Eastgate
2280,within,0.664652,0.073972,0.084976,0.701212,0.182673,0.152864,Bellevue_150th_Eastgate
2281,within,0.591118,0.156226,0.10827,0.61576,0.168622,0.135822,Bellevue_150th_Eastgate
2282,within,0.5937,0.146847,0.101919,0.534548,0.120958,0.081443,Bellevue_150th_Eastgate
2283,within,0.616264,0.154029,0.102364,0.599189,0.140655,0.031847,Bellevue_150th_Eastgate
2284,within,0.633895,0.1295,0.095444,0.703483,0.195956,0.077496,Bellevue_150th_Eastgate
2285,within,0.654467,0.079695,0.07842,0.571459,0.261792,0.050296,Bellevue_150th_Eastgate
2286,within,0.695148,0.085636,0.089451,0.56656,0.239868,0.0813,Bellevue_150th_Eastgate
2287,within,0.650768,0.141672,0.071644,0.608999,0.237894,0.138593,Bellevue_150th_Eastgate
2288,within,0.64568,0.151156,0.068233,0.653325,0.219475,0.09603,Bellevue_150th_Eastgate
2289,within,0.635937,0.121978,0.058123,0.664558,0.187839,0.077896,Bellevue_150th_Eastgate
2290,within,0.643095,0.14234,0.057229,0.517067,0.182406,0.032332,Bellevue_150th_Eastgate
2291,within,0.634491,0.141368,0.092004,0.74888,0.198441,0.104095,Bellevue_150th_Eastgate
2292,within,0.729289,0.073363,0.090183,0.585429,0.14335,0.064365,Bellevue_150th_Eastgate
2293,within,0.680768,0.094674,0.073199,0.475787,0.121935,0.080593,Bellevue_150th_Eastgate
2294,within,0.630051,0.148546,0.085034,0.518729,0.178357,0.048123,Bellevue_150th_Eastgate
2295,within,0.639567,0.134296,0.093009,0.623168,0.190189,0.104995,Bellevue_150th_Eastgate
2296,within,0.673796,0.10803,0.085812,0.666893,0.180407,0.110985,Bellevue_150th_Eastgate
2297,within,0.678618,0.091976,0.075592,0.696671,0.183953,0.11208,Bellevue_150th_Eastgate
2298,within,0.660478,0.116925,0.082821,0.672619,0.149995,0.135538,Bellevue_150th_Eastgate
2299,within,0.720145,0.098891,0.07282,0.495785,0.168985,0.028481,Bellevue_150th_Eastgate
2300,within,0.609383,0.14708,0.090318,0.602835,0.139196,0.02246,Bellevue_150th_Eastgate
2301,within,0.726465,0.100379,0.097835,0.647762,0.165507,0.04732,Bellevue_150th_Eastgate
2302,within,0.693816,0.107596,0.084046,0.514094,0.142207,0.031469,Bellevue_150th_Eastgate
2303,within,0.646003,0.140555,0.069836,0.59745,0.168841,0.026788,Bellevue_150th_Eastgate
2304,within,0.63093,0.146359,0.099135,0.675822,0.20889,0.031859,Bellevue_150th_Eastgate
2305,within,0.684777,0.092574,0.091196,0.767556,0.253081,0.04446,Bellevue_150th_Eastgate
2306,within,0.687883,0.092097,0.079286,0.791762,0.202835,0.113501,Bellevue_150th_Eastgate
2307,within,0.670351,0.107543,0.06561,0.798474,0.173275,0.085565,Bellevue_150th_Eastgate
2308,within,0.704757,0.114775,0.074595,0.578421,0.119572,0.047309,Bellevue_150th_Eastgate
2309,within,0.643518,0.134428,0.082031,0.642454,0.134709,0.030667,Bellevue_150th_Eastgate
2310,within,0.703562,0.093886,0.071861,0.456607,0.140728,0.057405,Bellevue_150th_Eastgate
2311,within,0.66008,0.134097,0.063884,0.570095,0.205531,0.064114,Bellevue_150th_Eastgate
2312,within,0.703278,0.085292,0.081884,0.525453,0.159359,0.093492,Bellevue_150th_Eastgate
2313,within,0.663934,0.114953,0.068226,0.541831,0.14829,0.102977,Bellevue_150th_Eastgate
2314,within,0.643147,0.12815,0.062662,0.660736,0.214211,0.07026,Bellevue_150th_Eastgate
2315,within,0.670742,0.123453,0.062406,0.61463,0.223398,0.034372,Bellevue_150th_Eastgate
2316,within,0.597423,0.15256,0.069513,0.56376,0.180603,0.017539,Bellevue_150th_Eastgate
2317,within,0.622595,0.162119,0.080449,0.745901,0.192246,0.074991,Bellevue_150th_Eastgate
2318,within,0.687793,0.117929,0.069343,0.671911,0.132816,0.093407,Bellevue_150th_Eastgate
2319,within,0.648058,0.156241,0.077189,0.553946,0.130759,0.082783,Bellevue_150th_Eastgate
2320,within,0.678665,0.127293,0.085325,0.586861,0.193248,0.037709,Bellevue_150th_Eastgate
2321,within,0.687265,0.073551,0.082264,0.603408,0.126042,0.073342,Bellevue_150th_Eastgate
2322,within,0.681948,0.075359,0.088828,0.517248,0.122483,0.053523,Bellevue_150th_Eastgate
2323,within,0.60867,0.133571,0.09997,0.510154,0.117501,0.049379,Bellevue_150th_Eastgate
2324,within,0.738023,0.059839,0.098676,0.521219,0.191807,0.0367,Bellevue_150th_Eastgate
2325,within,0.684621,0.123785,0.067176,0.591709,0.199019,0.019883,Bellevue_150th_Eastgate
2326,within,0.621215,0.154413,0.072252,0.566907,0.171853,0.026761,Bellevue_150th_Eastgate
2327,within,0.661047,0.110676,0.077704,0.682224,0.209145,0.082625,Bellevue_150th_Eastgate
2328,within,0.707934,0.111307,0.077529,0.521936,0.183046,0.010553,Bellevue_150th_Eastgate
2329,within,0.672984,0.141638,0.0893,0.60399,0.187449,0.049318,Bellevue_150th_Eastgate
2330,within,0.721601,0.102439,0.066896,0.598626,0.176641,0.061003,Bellevue_150th_Eastgate
2331,within,0.684664,0.09315,0.07701,0.586237,0.211559,0.042452,Bellevue_150th_Eastgate
2332,within,0.728174,0.086003,0.079299,0.660951,0.288852,0.030454,Bellevue_150th_Eastgate
2333,within,0.667773,0.073561,0.08247,0.657177,0.27701,0.091137,Bellevue_150th_Eastgate
2334,within,0.676748,0.125231,0.071866,0.549127,0.258633,0.051573,Bellevue_150th_Eastgate
2335,within,0.680166,0.133394,0.061805,0.507244,0.165603,0.052892,Bellevue_150th_Eastgate
2336,within,0.67478,0.167668,0.087751,0.546055,0.170257,0.027492,Bellevue_150th_Eastgate
2337,within,0.656121,0.133145,0.078106,0.724729,0.291953,0.100115,Bellevue_150th_Eastgate
2338,within,0.716101,0.091243,0.076669,0.675177,0.293796,0.047708,Bellevue_150th_Eastgate
2339,within,0.695661,0.106201,0.071956,0.523145,0.2192,0.059733,Bellevue_150th_Eastgate
2340,within,0.595307,0.172118,0.074792,0.481545,0.213901,0.053512,Bellevue_150th_Eastgate
2341,within,0.63689,0.157719,0.068525,0.47572,0.202709,0.036704,Bellevue_150th_Eastgate
2342,within,0.666906,0.158571,0.061676,0.513092,0.2314,0.043851,Bellevue_150th_Eastgate
2343,within,0.706997,0.141026,0.05145,0.543412,0.178717,0.073182,Bellevue_150th_Eastgate
2344,within,0.671541,0.134419,0.050383,0.644749,0.179636,0.200199,Bellevue_150th_Eastgate
2345,within,0.637653,0.141069,0.052686,0.51979,0.12434,0.109947,Bellevue_150th_Eastgate
2346,within,0.626317,0.152895,0.093474,0.614232,0.108213,0.165098,Bellevue_150th_Eastgate
2347,within,0.736847,0.106106,0.072087,0.601145,0.168303,0.138891,Bellevue_150th_Eastgate
2348,within,0.740905,0.108118,0.080505,0.634906,0.180636,0.137149,Bellevue_150th_Eastgate
2349,within,0.679884,0.125451,0.066481,0.675459,0.157487,0.1159,Bellevue_150th_Eastgate
2350,within,0.696307,0.128616,0.060825,0.635641,0.16196,0.102379,Bellevue_150th_Eastgate
2351,within,0.673395,0.122947,0.060003,0.62279,0.147792,0.135144,Bellevue_150th_Eastgate
2352,within,0.622743,0.161512,0.071331,0.634229,0.20865,0.115309,Bellevue_150th_Eastgate
2353,within,0.699409,0.150704,0.058002,0.705719,0.178006,0.075269,Bellevue_150th_Eastgate
2354,within,0.675822,0.169784,0.08337,0.659464,0.151419,0.044174,Bellevue_150th_Eastgate
2355,within,0.625579,0.160987,0.079475,0.635699,0.209199,0.066889,Bellevue_150th_Eastgate
2356,within,0.622206,0.148843,0.064548,0.485554,0.191541,0.068441,Bellevue_150th_Eastgate
2357,within,0.677441,0.127675,0.076832,0.58736,0.231426,0.084624,Bellevue_150th_Eastgate
2358,within,0.685455,0.113559,0.058787,0.565707,0.241941,0.106764,Bellevue_150th_Eastgate
2359,within,0.707289,0.135099,0.055612,0.57631,0.211462,0.051889,Bellevue_150th_Eastgate
2360,within,0.68836,0.125304,0.063685,0.623286,0.176567,0.042202,Bellevue_150th_Eastgate
2361,within,0.638336,0.159646,0.090529,0.707898,0.17744,0.088443,Bellevue_150th_Eastgate
2362,within,0.691453,0.148523,0.057825,0.56794,0.130025,0.03472,Bellevue_150th_Eastgate
2363,within,0.616272,0.155472,0.090773,0.748758,0.189195,0.047329,Bellevue_150th_Eastgate
2364,within,0.727241,0.094774,0.080137,0.571233,0.174407,0.032456,Bellevue_150th_Eastgate
2365,within,0.661201,0.168564,0.097843,0.554679,0.150827,0.104699,Bellevue_150th_Eastgate
2366,within,0.65973,0.123922,0.088174,0.608303,0.160079,0.082919,Bellevue_150th_Eastgate
2367,within,0.644849,0.11455,0.085273,0.597861,0.089182,0.175544,Bellevue_150th_Eastgate
2368,within,0.627163,0.164163,0.085828,0.650426,0.164166,0.100329,Bellevue_150th_Eastgate
2369,within,0.625994,0.162677,0.09222,0.583766,0.182608,0.074128,Bellevue_150th_Eastgate
2370,within,0.675901,0.175985,0.10151,0.568456,0.148209,0.014024,Bellevue_150th_Eastgate
2371,within,0.654103,0.129489,0.101337,0.726139,0.276424,0.03351,Bellevue_150th_Eastgate
2372,within,0.736839,0.08885,0.082971,0.587006,0.202567,0.038194,Bellevue_150th_Eastgate
2373,within,0.703749,0.109375,0.081725,0.513999,0.185857,0.060644,Bellevue_150th_Eastgate
2374,within,0.668721,0.162138,0.098609,0.475264,0.176037,0.062151,Bellevue_150th_Eastgate
2375,within,0.656229,0.122385,0.066324,0.623238,0.246135,0.108509,Bellevue_150th_Eastgate
2376,within,0.626494,0.136103,0.086465,0.574877,0.275027,0.083698,Bellevue_150th_Eastgate
2377,within,0.651157,0.128391,0.060369,0.54702,0.17375,0.082897,Bellevue_150th_Eastgate
2378,within,0.694214,0.173297,0.085478,0.787622,0.360038,0.093455,Bellevue_150th_Eastgate
2379,within,0.763616,0.085306,0.082108,0.564126,0.159597,0.0741,Bellevue_150th_Eastgate
2380,within,0.732889,0.099522,0.08415,0.582976,0.17729,0.032346,Bellevue_150th_Eastgate
2381,within,0.675086,0.115021,0.07304,0.585114,0.250327,0.052528,Bellevue_150th_Eastgate
2382,within,0.649903,0.144527,0.060153,0.594843,0.275398,0.08156,Bellevue_150th_Eastgate
2383,within,0.645606,0.162527,0.076936,0.612724,0.302035,0.058745,Bellevue_150th_Eastgate
2384,within,0.676927,0.1451,0.058125,0.652133,0.250483,0.103771,Bellevue_150th_Eastgate
2385,within,0.671276,0.146256,0.05823,0.646113,0.180111,0.094661,Bellevue_150th_Eastgate
2386,within,0.686997,0.179044,0.077173,0.622882,0.123941,0.164788,Bellevue_150th_Eastgate
2387,within,0.666304,0.117328,0.093621,0.559093,0.163295,0.097749,Bellevue_150th_Eastgate
2388,within,0.678413,0.124778,0.062404,0.530318,0.160629,0.12865,Bellevue_150th_Eastgate
2389,within,0.674591,0.142413,0.085155,0.593165,0.168385,0.136126,Bellevue_150th_Eastgate
2390,within,0.679491,0.126814,0.064406,0.599582,0.148056,0.117554,Bellevue_150th_Eastgate
2391,within,0.662764,0.122691,0.058829,0.778493,0.276511,0.119021,Bellevue_150th_Eastgate
2392,within,0.667388,0.126777,0.067844,0.666957,0.306091,0.019446,Bellevue_150th_Eastgate
2393,within,0.667674,0.123741,0.058156,0.585811,0.206901,0.006073,Bellevue_150th_Eastgate
2394,within,0.655586,0.147004,0.070917,0.548537,0.130682,0.037039,Bellevue_150th_Eastgate
2395,within,0.710069,0.09944,0.07539,0.558915,0.104308,0.061909,Bellevue_150th_Eastgate
2396,within,0.741215,0.103342,0.077758,0.491284,0.08678,0.082324,Bellevue_150th_Eastgate
2397,within,0.695541,0.13033,0.081533,0.50455,0.116868,0.047903,Bellevue_150th_Eastgate
2398,within,0.633779,0.166244,0.103368,0.461678,0.157782,0.012814,Bellevue_150th_Eastgate
2399,within,0.683734,0.122796,0.088749,0.454976,0.130996,0.029225,Bellevue_150th_Eastgate
2400,within,0.685676,0.12388,0.088716,0.606929,0.247075,0.052169,Bellevue_150th_Eastgate
2401,within,0.700041,0.117003,0.076779,0.605541,0.222607,0.097761,Bellevue_150th_Eastgate
2402,within,0.718313,0.127446,0.06879,0.594229,0.226398,0.034057,Bellevue_150th_Eastgate
2403,within,0.690007,0.108322,0.064231,0.583423,0.224679,0.071697,Bellevue_150th_Eastgate
2404,within,0.668122,0.155456,0.074681,0.513411,0.159999,0.102963,Bellevue_150th_Eastgate
2405,within,0.667252,0.147758,0.094741,0.514969,0.184251,0.097459,Bellevue_150th_Eastgate
2406,within,0.612342,0.161124,0.099532,0.573251,0.230381,0.079073,Bellevue_150th_Eastgate
2407,within,0.627373,0.153929,0.095027,0.727492,0.238524,0.141027,Bellevue_150th_Eastgate
2408,within,0.744416,0.100183,0.087426,0.702066,0.258805,0.062454,Bellevue_150th_Eastgate
2409,within,0.71662,0.124961,0.061943,0.548805,0.128185,0.07469,Bellevue_150th_Eastgate
2410,within,0.636393,0.151853,0.090545,0.648601,0.19403,0.083237,Bellevue_150th_Eastgate
2411,within,0.734494,0.098202,0.075236,0.548449,0.16534,0.048469,Bellevue_150th_Eastgate
2412,within,0.651009,0.152748,0.066996,0.591762,0.189341,0.052263,Bellevue_150th_Eastgate
2413,within,0.691674,0.133248,0.052245,0.679548,0.226013,0.093117,Bellevue_150th_Eastgate
2414,within,0.719095,0.143105,0.054482,0.642816,0.194344,0.100821,Bellevue_150th_Eastgate
2415,within,0.705648,0.13005,0.05107,0.654414,0.18889,0.137749,Bellevue_150th_Eastgate
2416,within,0.691375,0.135746,0.051564,0.619857,0.19654,0.074631,Bellevue_150th_Eastgate
2417,within,0.700093,0.147679,0.053952,0.558505,0.147679,0.030909,Bellevue_150th_Eastgate
2418,within,0.657312,0.141709,0.080115,0.635916,0.173976,0.081767,Bellevue_150th_Eastgate
2419,within,0.717664,0.134277,0.071374,0.561979,0.146385,0.085923,Bellevue_150th_Eastgate
2420,within,0.700297,0.13488,0.081182,0.621078,0.182638,0.064357,Bellevue_150th_Eastgate
2421,within,0.763919,0.110926,0.058196,0.652424,0.191055,0.075182,Bellevue_150th_Eastgate
2422,within,0.701342,0.118533,0.054497,0.659813,0.214149,0.063741,Bellevue_150th_Eastgate
2423,within,0.666308,0.140556,0.060715,0.663047,0.29329,0.047267,Bellevue_150th_Eastgate
2424,within,0.615912,0.161459,0.070042,0.644781,0.262139,0.042642,Bellevue_150th_Eastgate
2425,within,0.666047,0.171388,0.082672,0.697523,0.18474,0.088397,Bellevue_150th_Eastgate
2426,within,0.746887,0.106215,0.086087,0.576112,0.209256,0.027723,Bellevue_150th_Eastgate
2427,within,0.681325,0.133444,0.064722,0.59453,0.16963,0.054848,Bellevue_150th_Eastgate
2428,within,0.679843,0.158686,0.073212,0.636686,0.148913,0.076989,Bellevue_150th_Eastgate
2429,within,0.669346,0.136021,0.055048,0.638076,0.186432,0.030913,Bellevue_150th_Eastgate
2430,within,0.671717,0.134536,0.052113,0.661471,0.179624,0.030311,Bellevue_150th_Eastgate
2431,within,0.651715,0.146399,0.061441,0.650071,0.198427,0.034963,Bellevue_150th_Eastgate
2432,within,0.658916,0.149606,0.060008,0.673497,0.161063,0.023035,Bellevue_150th_Eastgate
2433,within,0.630128,0.174834,0.072697,0.754239,0.14398,0.058326,Bellevue_150th_Eastgate
2434,within,0.673307,0.147424,0.062679,0.671339,0.196363,0.045717,Bellevue_150th_Eastgate
2435,within,0.626582,0.168987,0.091782,0.527556,0.156416,0.03868,Bellevue_150th_Eastgate
2436,within,0.614316,0.16549,0.069211,0.661754,0.208922,0.059926,Bellevue_150th_Eastgate
2437,within,0.673619,0.140622,0.0552,0.666575,0.267272,0.08514,Bellevue_150th_Eastgate
2438,within,0.681414,0.140619,0.051309,0.68454,0.202154,0.1,Bellevue_150th_Eastgate
2439,within,0.648713,0.142768,0.057237,0.591349,0.19792,0.070994,Bellevue_150th_Eastgate
2440,within,0.628648,0.161214,0.060972,0.551115,0.119621,0.078225,Bellevue_150th_Eastgate
2441,within,0.637829,0.166506,0.095284,0.725579,0.160873,0.147978,Bellevue_150th_Eastgate
2442,within,0.75366,0.11129,0.056311,0.616059,0.13573,0.119103,Bellevue_150th_Eastgate
2443,within,0.691784,0.119731,0.066029,0.688167,0.148361,0.090356,Bellevue_150th_Eastgate
2444,within,0.621111,0.173061,0.106795,0.723667,0.233911,0.059303,Bellevue_150th_Eastgate
2445,within,0.696288,0.14987,0.062043,0.770075,0.284962,0.071758,Bellevue_150th_Eastgate
2446,within,0.731409,0.122533,0.06301,0.680683,0.253703,0.066072,Bellevue_150th_Eastgate
2447,within,0.724172,0.140257,0.055265,0.615066,0.193689,0.096502,Bellevue_150th_Eastgate
2448,within,0.653293,0.174317,0.064551,0.627765,0.11584,0.106595,Bellevue_150th_Eastgate
2449,within,0.668025,0.145765,0.063554,0.656358,0.179821,0.043337,Bellevue_150th_Eastgate
2450,within,0.68022,0.133616,0.05649,0.56431,0.124762,0.023432,Bellevue_150th_Eastgate
2451,within,0.66587,0.142446,0.08092,0.595756,0.131517,0.014457,Bellevue_150th_Eastgate
2452,within,0.689022,0.140279,0.054199,0.579573,0.155795,0.013843,Bellevue_150th_Eastgate
2453,within,0.686047,0.139131,0.052644,0.592623,0.206645,0.002904,Bellevue_150th_Eastgate
2454,within,0.681679,0.140256,0.05258,0.614457,0.243365,0.013773,Bellevue_150th_Eastgate
2455,within,0.642633,0.151137,0.059059,0.607262,0.239487,0.03815,Bellevue_150th_Eastgate
2456,within,0.673212,0.16617,0.060938,0.612047,0.145893,0.055408,Bellevue_150th_Eastgate
2457,within,0.604656,0.16532,0.083068,0.790518,0.18463,0.167973,Bellevue_150th_Eastgate
2458,within,0.718208,0.112884,0.062345,0.712236,0.191941,0.122523,Bellevue_150th_Eastgate
2459,within,0.743177,0.141802,0.059154,0.660021,0.185928,0.103575,Bellevue_150th_Eastgate
2460,within,0.734979,0.117861,0.060663,0.678151,0.185115,0.146339,Bellevue_150th_Eastgate
2461,within,0.725914,0.123092,0.056586,0.60408,0.170936,0.143558,Bellevue_150th_Eastgate
2462,within,0.702608,0.147812,0.056631,0.518868,0.168892,0.059226,Bellevue_150th_Eastgate
2463,within,0.615466,0.177896,0.070185,0.560374,0.174411,0.059831,Bellevue_150th_Eastgate
2464,within,0.613488,0.17324,0.070912,0.603679,0.270369,0.046809,Bellevue_150th_Eastgate
2465,within,0.692513,0.148064,0.053348,0.540561,0.186275,0.031198,Bellevue_150th_Eastgate
2466,within,0.596679,0.165393,0.076302,0.788492,0.249412,0.065239,Bellevue_150th_Eastgate
2467,within,0.730044,0.135278,0.052154,0.641048,0.129161,0.112195,Bellevue_150th_Eastgate
2468,within,0.68903,0.158713,0.059911,0.742138,0.224426,0.10272,Bellevue_150th_Eastgate
2469,within,0.681336,0.138271,0.0552,0.656059,0.205084,0.062584,Bellevue_150th_Eastgate
2470,within,0.712006,0.134174,0.054436,0.65793,0.193707,0.06758,Bellevue_150th_Eastgate
2471,within,0.693031,0.130208,0.05466,0.680351,0.194876,0.048778,Bellevue_150th_Eastgate
2472,within,0.691671,0.150599,0.062248,0.637085,0.140673,0.071062,Bellevue_150th_Eastgate
2473,within,0.71849,0.139806,0.048756,0.637049,0.154366,0.042356,Bellevue_150th_Eastgate
2474,within,0.721234,0.149924,0.055738,0.633025,0.199022,0.024374,Bellevue_150th_Eastgate
2475,within,0.66036,0.160681,0.077414,0.640334,0.198673,0.065022,Bellevue_150th_Eastgate
2476,within,0.709548,0.151701,0.054244,0.5601,0.195071,0.054899,Bellevue_150th_Eastgate
2477,within,0.698571,0.125734,0.068102,0.588078,0.249439,0.092835,Bellevue_150th_Eastgate
2478,within,0.685496,0.142253,0.054384,0.646763,0.294119,0.106017,Bellevue_150th_Eastgate
2479,within,0.706315,0.147644,0.054846,0.674914,0.226371,0.101624,Bellevue_150th_Eastgate
2480,within,0.674338,0.140473,0.053147,0.650781,0.223964,0.045576,Bellevue_150th_Eastgate
2481,within,0.667672,0.141084,0.053531,0.564891,0.204337,0.017255,Bellevue_150th_Eastgate
2482,within,0.650571,0.157182,0.059908,0.543975,0.155901,0.020597,Bellevue_150th_Eastgate
2483,within,0.625267,0.162302,0.081142,0.673142,0.191203,0.035327,Bellevue_150th_Eastgate
2484,within,0.719591,0.129191,0.072577,0.571363,0.146205,0.041481,Bellevue_150th_Eastgate
2485,within,0.687844,0.139476,0.073704,0.692175,0.237491,0.024937,Bellevue_150th_Eastgate
2486,within,0.709524,0.131904,0.053721,0.666615,0.219795,0.033432,Bellevue_150th_Eastgate
2487,within,0.754502,0.139865,0.054902,0.718709,0.238538,0.010209,Bellevue_150th_Eastgate
2488,within,0.77815,0.131612,0.055873,0.73831,0.243915,0.012094,Bellevue_150th_Eastgate
2489,within,0.71115,0.122415,0.053491,0.661133,0.157429,0.044256,Bellevue_150th_Eastgate
2490,within,0.748279,0.116085,0.056974,0.566174,0.133793,0.03021,Bellevue_150th_Eastgate
2491,within,0.722814,0.146172,0.059073,0.658032,0.130473,0.065938,Bellevue_150th_Eastgate
2492,within,0.758377,0.108691,0.072724,0.524954,0.116233,0.085307,Bellevue_150th_Eastgate
2493,within,0.615676,0.168271,0.084512,0.708877,0.174568,0.141991,Bellevue_150th_Eastgate
2494,within,0.685591,0.127862,0.063283,0.584761,0.180752,0.074317,Bellevue_150th_Eastgate
2495,within,0.696943,0.12644,0.05818,0.612893,0.231763,0.057153,Bellevue_150th_Eastgate
2496,within,0.69352,0.133349,0.054879,0.690817,0.248841,0.10637,Bellevue_150th_Eastgate
2497,within,0.71372,0.131419,0.052525,0.713228,0.254231,0.07829,Bellevue_150th_Eastgate
2498,within,0.706955,0.132189,0.054961,0.713328,0.28544,0.045834,Bellevue_150th_Eastgate
2499,within,0.742265,0.112339,0.05963,0.6334,0.271796,0.027411,Bellevue_150th_Eastgate
2500,within,0.671519,0.148227,0.056252,0.638644,0.264864,0.021929,Bellevue_150th_Eastgate
2501,within,0.657289,0.151436,0.057428,0.52937,0.076274,0.023285,Bellevue_150th_Eastgate
2502,within,0.58253,0.165153,0.074002,0.650303,0.162435,0.055558,Bellevue_150th_Eastgate
2503,within,0.750868,0.128577,0.061624,0.598997,0.124685,0.098399,Bellevue_150th_Eastgate
2504,within,0.733387,0.142015,0.057003,0.565826,0.164538,0.056171,Bellevue_150th_Eastgate
2505,within,0.699453,0.13244,0.069822,0.608913,0.231018,0.054933,Bellevue_150th_Eastgate
2506,within,0.610964,0.176169,0.068936,0.661727,0.244413,0.048174,Bellevue_150th_Eastgate
2507,within,0.67077,0.141668,0.049843,0.68726,0.187745,0.066804,Bellevue_150th_Eastgate
2508,within,0.660434,0.147246,0.052961,0.650563,0.184688,0.052907,Bellevue_150th_Eastgate
2509,within,0.68315,0.149629,0.050354,0.516786,0.085809,0.033433,Bellevue_150th_Eastgate
2510,within,0.696072,0.181617,0.078257,0.669886,0.074136,0.073244,Bellevue_150th_Eastgate
2511,within,0.76019,0.128716,0.074993,0.595291,0.084756,0.061594,Bellevue_150th_Eastgate
2512,within,0.672351,0.159215,0.070207,0.651756,0.083893,0.099644,Bellevue_150th_Eastgate
2513,within,0.750643,0.103597,0.067912,0.706175,0.095597,0.130527,Bellevue_150th_Eastgate
2514,within,0.731062,0.111518,0.071727,0.661376,0.153983,0.105287,Bellevue_150th_Eastgate
2515,within,0.694721,0.139828,0.069295,0.659871,0.176321,0.046391,Bellevue_150th_Eastgate
2516,within,0.643556,0.143887,0.057323,0.567253,0.144714,0.016771,Bellevue_150th_Eastgate
2517,within,0.625344,0.169685,0.07298,0.550584,0.099793,0.022198,Bellevue_150th_Eastgate
2518,within,0.649063,0.166931,0.079296,0.590804,0.107236,0.037148,Bellevue_150th_Eastgate
2519,within,0.67015,0.161429,0.097553,0.663665,0.153138,0.052295,Bellevue_150th_Eastgate
2520,within,0.740191,0.130909,0.067379,0.545388,0.133591,0.035994,Bellevue_150th_Eastgate
2521,within,0.694564,0.137311,0.065099,0.54559,0.164438,0.029548,Bellevue_150th_Eastgate
2522,within,0.719054,0.118381,0.059499,0.437321,0.131105,0.012599,Bellevue_150th_Eastgate
2523,within,0.719115,0.128644,0.061938,0.565298,0.175315,0.02097,Bellevue_150th_Eastgate
2524,within,0.70808,0.130496,0.061724,0.609714,0.163077,0.092338,Bellevue_150th_Eastgate
2525,within,0.674399,0.140758,0.061448,0.524553,0.172492,0.093469,Bellevue_150th_Eastgate
2526,within,0.708125,0.127441,0.056634,0.535193,0.11492,0.094428,Bellevue_150th_Eastgate
2527,within,0.640182,0.177714,0.08728,0.798555,0.188713,0.208037,Bellevue_150th_Eastgate
2528,within,0.754838,0.101353,0.0792,0.580455,0.157608,0.086777,Bellevue_150th_Eastgate
2529,within,0.742646,0.126036,0.073041,0.536327,0.118312,0.07417,Bellevue_150th_Eastgate
2530,within,0.676294,0.143392,0.060437,0.552369,0.152815,0.091602,Bellevue_150th_Eastgate
2531,within,0.723112,0.117886,0.071592,0.568369,0.183142,0.084309,Bellevue_150th_Eastgate
2532,within,0.745163,0.124178,0.066372,0.68876,0.208498,0.072539,Bellevue_150th_Eastgate
2533,within,0.762082,0.10715,0.070197,0.650541,0.151277,0.050117,Bellevue_150th_Eastgate
2534,within,0.740636,0.11367,0.066395,0.623003,0.169312,0.061917,Bellevue_150th_Eastgate
2535,within,0.712168,0.152439,0.057356,0.726851,0.144062,0.056498,Bellevue_150th_Eastgate
2536,within,0.771645,0.114654,0.084883,0.79782,0.140691,0.092505,Bellevue_150th_Eastgate
2537,within,0.739799,0.141706,0.068537,0.638828,0.080767,0.087955,Bellevue_150th_Eastgate
2538,within,0.707718,0.118228,0.068,0.633014,0.153442,0.066456,Bellevue_150th_Eastgate
2539,within,0.737497,0.129316,0.070058,0.601865,0.132437,0.089824,Bellevue_150th_Eastgate
2540,within,0.728454,0.121026,0.061401,0.633308,0.1305,0.060863,Bellevue_150th_Eastgate
2541,within,0.742854,0.103521,0.071239,0.670246,0.181054,0.060825,Bellevue_150th_Eastgate
2542,within,0.686073,0.130678,0.069514,0.660613,0.143174,0.037243,Bellevue_150th_Eastgate
2543,within,0.778146,0.128616,0.068746,0.600075,0.084042,0.022367,Bellevue_150th_Eastgate
2544,within,0.71121,0.157454,0.077828,0.541375,0.046928,0.024395,Bellevue_150th_Eastgate
2545,within,0.643846,0.147354,0.077616,0.632262,0.106733,0.025792,Bellevue_150th_Eastgate
2546,within,0.731112,0.144558,0.070041,0.600271,0.109601,0.034832,Bellevue_150th_Eastgate
2547,within,0.759616,0.127921,0.10043,0.614879,0.073296,0.058007,Bellevue_150th_Eastgate
2548,within,0.737041,0.137481,0.073816,0.54493,0.115259,0.027909,Bellevue_150th_Eastgate
2549,within,0.679397,0.150742,0.067426,0.55978,0.21001,0.022422,Bellevue_150th_Eastgate
2550,within,0.704689,0.16746,0.072711,0.527857,0.173383,0.041723,Bellevue_150th_Eastgate
2551,within,0.657879,0.162023,0.070271,0.563383,0.251544,0.03673,Bellevue_150th_Eastgate
2552,within,0.725309,0.139894,0.066666,0.533479,0.184152,0.037504,Bellevue_150th_Eastgate
2553,within,0.663611,0.152447,0.080975,0.637863,0.147178,0.099741,Bellevue_150th_Eastgate
2554,within,0.743718,0.102872,0.088449,0.722438,0.19216,0.050431,Bellevue_150th_Eastgate
2555,within,0.692494,0.159091,0.060967,0.662089,0.184278,0.028911,Bellevue_150th_Eastgate
2556,within,0.716011,0.13101,0.074556,0.668589,0.188708,0.065947,Bellevue_150th_Eastgate
2557,within,0.708914,0.14031,0.059819,0.713577,0.167385,0.116987,Bellevue_150th_Eastgate
2558,within,0.722558,0.13798,0.058808,0.709054,0.224132,0.073856,Bellevue_150th_Eastgate
2559,within,0.717163,0.136396,0.061637,0.796766,0.224203,0.16782,Bellevue_150th_Eastgate
2560,within,0.739299,0.138408,0.061566,0.768554,0.305099,0.112983,Bellevue_150th_Eastgate
2561,within,0.692506,0.170899,0.060134,0.613414,0.23469,0.020611,Bellevue_150th_Eastgate
2562,within,0.622259,0.163285,0.080338,0.765302,0.260426,0.097033,Bellevue_150th_Eastgate
2563,within,0.694672,0.129303,0.074315,0.722929,0.266419,0.084686,Bellevue_150th_Eastgate
2564,within,0.709934,0.132957,0.069741,0.689277,0.276166,0.068345,Bellevue_150th_Eastgate
2565,within,0.684028,0.131986,0.061908,0.741485,0.273836,0.114681,Bellevue_150th_Eastgate
2566,within,0.782889,0.112174,0.079326,0.850865,0.268899,0.138296,Bellevue_150th_Eastgate
2567,within,0.746698,0.101651,0.072277,0.799885,0.251705,0.094754,Bellevue_150th_Eastgate
2568,within,0.750486,0.099867,0.085276,0.648722,0.257914,0.101601,Bellevue_150th_Eastgate
2569,within,0.737082,0.123808,0.079287,0.510391,0.256918,0.053081,Bellevue_150th_Eastgate
2570,within,0.704533,0.165306,0.059405,0.472518,0.166736,0.025211,Bellevue_150th_Eastgate
2571,within,0.682211,0.159979,0.078886,0.695582,0.217292,0.080675,Bellevue_150th_Eastgate
2572,within,0.727558,0.114769,0.07372,0.524132,0.149426,0.036189,Bellevue_150th_Eastgate
2573,within,0.649314,0.158345,0.087522,0.520842,0.136168,0.074158,Bellevue_150th_Eastgate
2574,within,0.734776,0.135117,0.067874,0.530679,0.160662,0.05566,Bellevue_150th_Eastgate
2575,within,0.726473,0.123555,0.065458,0.526182,0.203658,0.048951,Bellevue_150th_Eastgate
2576,within,0.729598,0.136829,0.074375,0.653948,0.12461,0.102961,Bellevue_150th_Eastgate
2577,within,0.748766,0.120995,0.065492,0.590486,0.134854,0.126504,Bellevue_150th_Eastgate
2578,within,0.708162,0.152864,0.056482,0.468441,0.095663,0.057028,Bellevue_150th_Eastgate
2579,within,0.690799,0.163446,0.087072,0.690642,0.232995,0.06722,Bellevue_150th_Eastgate
2580,within,0.765416,0.121265,0.074398,0.625318,0.225313,0.028967,Bellevue_150th_Eastgate
2581,within,0.738848,0.126488,0.065649,0.422694,0.14708,0.034649,Bellevue_150th_Eastgate
2582,within,0.716641,0.153355,0.069,0.370455,0.167327,0.043959,Bellevue_150th_Eastgate
2583,within,0.715481,0.135529,0.057431,0.42058,0.127129,0.068035,Bellevue_150th_Eastgate
2584,within,0.715479,0.128295,0.060744,0.551182,0.184726,0.067258,Bellevue_150th_Eastgate
2585,within,0.726435,0.139173,0.07206,0.51845,0.143164,0.084791,Bellevue_150th_Eastgate
2586,within,0.710003,0.149886,0.056354,0.515295,0.180293,0.063008,Bellevue_150th_Eastgate
2587,within,0.69531,0.151851,0.05639,0.592111,0.112239,0.081806,Bellevue_150th_Eastgate
2588,within,0.647345,0.172289,0.083136,0.699284,0.220211,0.065645,Bellevue_150th_Eastgate
2589,within,0.72284,0.119817,0.066114,0.714286,0.292864,0.048414,Bellevue_150th_Eastgate
2590,within,0.65394,0.169372,0.072611,0.748381,0.280837,0.063003,Bellevue_150th_Eastgate
2591,within,0.728216,0.118312,0.062074,0.735589,0.233715,0.108233,Bellevue_150th_Eastgate
2592,within,0.729795,0.117855,0.070458,0.751726,0.260904,0.059589,Bellevue_150th_Eastgate
2593,within,0.72691,0.132589,0.071621,0.743924,0.211591,0.059482,Bellevue_150th_Eastgate
2594,within,0.732673,0.121746,0.063449,0.687799,0.182977,0.084888,Bellevue_150th_Eastgate
2595,within,0.679067,0.148149,0.058488,0.646392,0.162421,0.065843,Bellevue_150th_Eastgate
2596,within,0.673027,0.167535,0.083994,0.744895,0.16245,0.067203,Bellevue_150th_Eastgate
2597,within,0.767461,0.104655,0.080116,0.755833,0.238522,0.07637,Bellevue_150th_Eastgate
2598,within,0.780424,0.11159,0.079477,0.676183,0.227441,0.029499,Bellevue_150th_Eastgate
2599,within,0.71365,0.11965,0.077828,0.560708,0.195397,0.071554,Bellevue_150th_Eastgate
2600,within,0.671979,0.179367,0.09279,0.560702,0.177204,0.109791,Bellevue_150th_Eastgate
2601,within,0.736182,0.124582,0.060771,0.63461,0.276778,0.082458,Bellevue_150th_Eastgate
2602,within,0.702124,0.143552,0.068788,0.692409,0.221987,0.129407,Bellevue_150th_Eastgate
2603,within,0.730977,0.112946,0.076005,0.650152,0.19533,0.105183,Bellevue_150th_Eastgate
2604,within,0.770974,0.128252,0.072614,0.625066,0.129665,0.109123,Bellevue_150th_Eastgate
2605,within,0.713272,0.149832,0.073372,0.608384,0.055132,0.063578,Bellevue_150th_Eastgate
2606,within,0.644941,0.171777,0.083325,0.785944,0.162364,0.038225,Bellevue_150th_Eastgate
2607,within,0.744572,0.109659,0.078001,0.710115,0.205802,0.018093,Bellevue_150th_Eastgate
2608,within,0.760578,0.11378,0.080259,0.632712,0.209897,0.021869,Bellevue_150th_Eastgate
2609,within,0.743308,0.119333,0.095818,0.612466,0.230835,0.035068,Bellevue_150th_Eastgate
2610,within,0.797685,0.129912,0.090835,0.662611,0.259828,0.047723,Bellevue_150th_Eastgate
2611,within,0.733182,0.122233,0.093736,0.66606,0.260113,0.085129,Bellevue_150th_Eastgate
2612,within,0.756039,0.128606,0.081961,0.6747,0.178888,0.143399,Bellevue_150th_Eastgate
2613,within,0.795495,0.124663,0.081116,0.587997,0.122534,0.10857,Bellevue_150th_Eastgate
2614,within,0.732688,0.169785,0.101235,0.691893,0.174724,0.155706,Bellevue_150th_Eastgate
2615,within,0.774013,0.111218,0.082771,0.582127,0.15855,0.037225,Bellevue_150th_Eastgate
2616,within,0.767736,0.131943,0.090742,0.63191,0.220525,0.029864,Bellevue_150th_Eastgate
2617,within,0.764172,0.103733,0.077195,0.507794,0.175636,0.030681,Bellevue_150th_Eastgate
2618,within,0.760248,0.12488,0.081528,0.568342,0.224006,0.0638,Bellevue_150th_Eastgate
2619,within,0.778261,0.136812,0.084895,0.602078,0.1516,0.067012,Bellevue_150th_Eastgate
2620,within,0.782803,0.125256,0.090628,0.538749,0.177519,0.047652,Bellevue_150th_Eastgate
2621,within,0.760518,0.117485,0.074134,0.501181,0.193644,0.042958,Bellevue_150th_Eastgate
2622,within,0.735412,0.151352,0.080632,0.750522,0.286805,0.062097,Bellevue_150th_Eastgate
2623,within,0.748304,0.093962,0.085643,0.685881,0.218838,0.079594,Bellevue_150th_Eastgate
2624,within,0.72591,0.124865,0.076981,0.487028,0.164964,0.04624,Bellevue_150th_Eastgate
2625,within,0.731374,0.131249,0.075434,0.535139,0.206145,0.085918,Bellevue_150th_Eastgate
2626,within,0.748388,0.119748,0.081851,0.627705,0.187817,0.1378,Bellevue_150th_Eastgate
2627,within,0.778173,0.112294,0.07578,0.697876,0.247696,0.133305,Bellevue_150th_Eastgate
2628,within,0.802749,0.1414,0.088638,0.682599,0.279387,0.105317,Bellevue_150th_Eastgate
2629,within,0.739376,0.129175,0.073089,0.607622,0.27869,0.088784,Bellevue_150th_Eastgate
2630,within,0.765067,0.135,0.07399,0.534253,0.144837,0.096186,Bellevue_150th_Eastgate
2631,within,0.698725,0.174949,0.086004,0.572159,0.114299,0.080171,Bellevue_150th_Eastgate
2632,within,0.732151,0.130229,0.078505,0.593342,0.110734,0.081601,Bellevue_150th_Eastgate
2633,within,0.725958,0.15074,0.076305,0.466604,0.106754,0.055976,Bellevue_150th_Eastgate
2634,within,0.658985,0.164141,0.088413,0.472952,0.077331,0.080118,Bellevue_150th_Eastgate
2635,within,0.77842,0.125292,0.089246,0.508966,0.093168,0.067344,Bellevue_150th_Eastgate
2636,within,0.766839,0.12455,0.080138,0.621572,0.148818,0.042033,Bellevue_150th_Eastgate
2637,within,0.761855,0.11346,0.078825,0.64166,0.10399,0.088826,Bellevue_150th_Eastgate
2638,within,0.769218,0.117558,0.077135,0.58015,0.064673,0.127216,Bellevue_150th_Eastgate
2639,within,0.73477,0.12854,0.078627,0.590068,0.085411,0.090833,Bellevue_150th_Eastgate
2640,within,0.689404,0.149538,0.082721,0.779519,0.131746,0.18321,Bellevue_150th_Eastgate
2641,within,0.767841,0.101133,0.078788,0.605651,0.207776,0.089124,Bellevue_150th_Eastgate
2642,within,0.754171,0.129687,0.076686,0.545976,0.204925,0.089732,Bellevue_150th_Eastgate
2643,within,0.75751,0.110269,0.078454,0.549118,0.197968,0.055644,Bellevue_150th_Eastgate
2644,within,0.722807,0.132764,0.077227,0.546806,0.190177,0.071977,Bellevue_150th_Eastgate
2645,within,0.717965,0.143043,0.076343,0.668149,0.233311,0.075489,Bellevue_150th_Eastgate
2646,within,0.767898,0.150717,0.081225,0.652049,0.250285,0.057434,Bellevue_150th_Eastgate
2647,within,0.782849,0.145938,0.067873,0.636409,0.223949,0.131295,Bellevue_150th_Eastgate
2648,within,0.736373,0.146476,0.065073,0.556629,0.156365,0.094514,Bellevue_150th_Eastgate
2649,within,0.652448,0.157806,0.083828,0.664505,0.142443,0.118551,Bellevue_150th_Eastgate
2650,within,0.751031,0.112136,0.078647,0.701029,0.201004,0.087646,Bellevue_150th_Eastgate
2651,within,0.727201,0.134984,0.079691,0.603144,0.182943,0.049855,Bellevue_150th_Eastgate
2652,within,0.694937,0.137522,0.082757,0.629728,0.174208,0.045586,Bellevue_150th_Eastgate
2653,within,0.736733,0.120153,0.085262,0.597263,0.162013,0.072311,Bellevue_150th_Eastgate
2654,within,0.718622,0.127199,0.079623,0.56028,0.219785,0.063072,Bellevue_150th_Eastgate
2655,within,0.740344,0.128464,0.063542,0.531284,0.208304,0.081616,Bellevue_150th_Eastgate
2656,within,0.755404,0.140283,0.073646,0.716233,0.235006,0.061023,Bellevue_150th_Eastgate
2657,within,0.728213,0.120843,0.08534,0.78279,0.258466,0.069005,Bellevue_150th_Eastgate
2658,within,0.758667,0.147521,0.083986,0.585554,0.20692,0.044136,Bellevue_150th_Eastgate
2659,within,0.715465,0.123574,0.082173,0.617127,0.294986,0.067023,Bellevue_150th_Eastgate
2660,within,0.75103,0.151986,0.080001,0.618659,0.283237,0.08403,Bellevue_150th_Eastgate
2661,within,0.784319,0.148013,0.077154,0.609162,0.289896,0.05603,Bellevue_150th_Eastgate
2662,within,0.804958,0.137115,0.073582,0.657731,0.330845,0.087579,Bellevue_150th_Eastgate
2663,within,0.742059,0.119029,0.083726,0.55997,0.28755,0.068885,Bellevue_150th_Eastgate
2664,within,0.765255,0.144865,0.073241,0.57015,0.184252,0.085755,Bellevue_150th_Eastgate
2665,within,0.695681,0.149015,0.069651,0.550426,0.093301,0.060087,Bellevue_150th_Eastgate
2666,within,0.631528,0.163254,0.078078,0.700117,0.172124,0.0824,Bellevue_150th_Eastgate
2667,within,0.750314,0.128578,0.08773,0.699281,0.198508,0.064983,Bellevue_150th_Eastgate
2668,within,0.768697,0.125346,0.088781,0.746538,0.222069,0.077982,Bellevue_150th_Eastgate
2669,within,0.76368,0.141298,0.076978,0.738509,0.202425,0.076533,Bellevue_150th_Eastgate
2670,within,0.78247,0.145781,0.10168,0.734509,0.248139,0.095,Bellevue_150th_Eastgate
2671,within,0.755205,0.13203,0.084422,0.763029,0.200956,0.111171,Bellevue_150th_Eastgate
2672,within,0.774932,0.129815,0.085804,0.676876,0.181815,0.120984,Bellevue_150th_Eastgate
2673,within,0.759673,0.142855,0.081153,0.618524,0.158529,0.072991,Bellevue_150th_Eastgate
2674,within,0.695229,0.177042,0.079049,0.747636,0.146953,0.116162,Bellevue_150th_Eastgate
2675,within,0.750078,0.125878,0.081825,0.576516,0.196878,0.073244,Bellevue_150th_Eastgate
2676,within,0.754772,0.154801,0.076473,0.626521,0.213723,0.041515,Bellevue_150th_Eastgate
2677,within,0.769244,0.125457,0.066618,0.685167,0.254213,0.084881,Bellevue_150th_Eastgate
2678,within,0.807011,0.139438,0.077888,0.680923,0.294908,0.076829,Bellevue_150th_Eastgate
2679,within,0.785374,0.13812,0.089368,0.718057,0.263556,0.087527,Bellevue_150th_Eastgate
2680,within,0.739127,0.130885,0.068831,0.769953,0.201056,0.109787,Bellevue_150th_Eastgate
2681,within,0.806463,0.138702,0.074054,0.681217,0.129467,0.119532,Bellevue_150th_Eastgate
2682,within,0.731964,0.142022,0.067214,0.563974,0.062426,0.133586,Bellevue_150th_Eastgate
2683,within,0.698778,0.162655,0.07704,0.72563,0.23668,0.072536,Bellevue_150th_Eastgate
2684,within,0.767058,0.108838,0.078615,0.544142,0.148592,0.067229,Bellevue_150th_Eastgate
2685,within,0.74662,0.130218,0.088962,0.479744,0.215834,0.036858,Bellevue_150th_Eastgate
2686,within,0.755019,0.136014,0.094083,0.407977,0.164636,0.063399,Bellevue_150th_Eastgate
2687,within,0.771686,0.131717,0.097257,0.412329,0.153223,0.045983,Bellevue_150th_Eastgate
2688,within,0.779581,0.133944,0.090204,0.411534,0.16561,0.038172,Bellevue_150th_Eastgate
2689,within,0.743937,0.125354,0.092445,0.571965,0.310628,0.031349,Bellevue_150th_Eastgate
2690,within,0.75153,0.134898,0.066129,0.611249,0.285411,0.038672,Bellevue_150th_Eastgate
2691,within,0.763398,0.134262,0.077884,0.54787,0.150576,0.052824,Bellevue_150th_Eastgate
2692,within,0.624958,0.167715,0.079125,0.7011,0.227291,0.057426,Bellevue_150th_Eastgate
2693,within,0.819468,0.143933,0.094462,0.851093,0.339604,0.060926,Bellevue_150th_Eastgate
2694,within,0.769537,0.108953,0.08043,0.652023,0.274818,0.046017,Bellevue_150th_Eastgate
2695,within,0.719045,0.128181,0.088933,0.65528,0.233786,0.045108,Bellevue_150th_Eastgate
2696,within,0.752375,0.137146,0.09761,0.66784,0.270377,0.060499,Bellevue_150th_Eastgate
2697,within,0.745089,0.114863,0.081591,0.81902,0.380081,0.097013,Bellevue_150th_Eastgate
2698,within,0.807114,0.124534,0.086558,0.715881,0.225964,0.130342,Bellevue_150th_Eastgate
2699,within,0.754457,0.131666,0.088692,0.637486,0.130246,0.158465,Bellevue_150th_Eastgate
2700,within,0.728977,0.152259,0.079353,0.877921,0.245551,0.180601,Bellevue_150th_Eastgate
2701,within,0.780254,0.106239,0.082093,0.642008,0.179502,0.062932,Bellevue_150th_Eastgate
2702,within,0.748049,0.122899,0.090939,0.580082,0.168238,0.068287,Bellevue_150th_Eastgate
2703,within,0.759584,0.1356,0.085414,0.562013,0.152307,0.059747,Bellevue_150th_Eastgate
2704,within,0.763138,0.129291,0.083879,0.54334,0.130219,0.085101,Bellevue_150th_Eastgate
2705,within,0.787625,0.127914,0.088203,0.583062,0.192618,0.10598,Bellevue_150th_Eastgate
2706,within,0.749632,0.162646,0.092397,0.640943,0.265934,0.086197,Bellevue_150th_Eastgate
2707,within,0.706563,0.158812,0.068061,0.703805,0.259448,0.078036,Bellevue_150th_Eastgate
2708,within,0.780143,0.16518,0.085757,0.698994,0.198953,0.089632,Bellevue_150th_Eastgate
2709,within,0.737694,0.158405,0.07681,0.644844,0.160095,0.06826,Bellevue_150th_Eastgate
2710,within,0.776155,0.126527,0.084807,0.808158,0.228223,0.101578,Bellevue_150th_Eastgate
2711,within,0.78378,0.128563,0.087889,0.661637,0.206195,0.102429,Bellevue_150th_Eastgate
2712,within,0.717543,0.16354,0.08697,0.603685,0.195261,0.079371,Bellevue_150th_Eastgate
2713,within,0.749351,0.15418,0.082319,0.623565,0.270273,0.033962,Bellevue_150th_Eastgate
2714,within,0.767835,0.148343,0.083838,0.698472,0.359601,0.042511,Bellevue_150th_Eastgate
2715,within,0.761217,0.141572,0.091884,0.634124,0.221223,0.053697,Bellevue_150th_Eastgate
2716,within,0.756177,0.130371,0.080233,0.617857,0.221044,0.069792,Bellevue_150th_Eastgate
2717,within,0.776407,0.149711,0.086391,0.639516,0.196247,0.06074,Bellevue_150th_Eastgate
2718,within,0.779795,0.134176,0.098239,0.627271,0.152327,0.089955,Bellevue_150th_Eastgate
2719,within,0.778135,0.138259,0.085458,0.568023,0.110436,0.031947,Bellevue_150th_Eastgate
2720,within,0.626989,0.178745,0.073584,0.632171,0.142327,0.082995,Bellevue_150th_Eastgate
2721,within,0.760837,0.159253,0.120189,0.507518,0.188978,0.040718,Bellevue_150th_Eastgate
2722,within,0.717864,0.185719,0.119754,0.590045,0.237368,0.035311,Bellevue_150th_Eastgate
2723,within,0.720535,0.187161,0.12901,0.521123,0.222753,0.047702,Bellevue_150th_Eastgate
2724,within,0.759929,0.147393,0.112651,0.573308,0.194469,0.111734,Bellevue_150th_Eastgate
2725,within,0.697308,0.175889,0.121656,0.64601,0.265592,0.113126,Bellevue_150th_Eastgate
2726,within,0.764884,0.190116,0.136651,0.619655,0.152378,0.041993,Bellevue_150th_Eastgate
2727,within,0.729768,0.158752,0.090488,0.6305,0.092891,0.051167,Bellevue_150th_Eastgate
2728,within,0.70302,0.174708,0.104149,0.625627,0.02003,0.077754,Bellevue_150th_Eastgate
2729,within,0.716716,0.156294,0.097525,0.796119,0.166154,0.058934,Bellevue_150th_Eastgate
2730,within,0.78776,0.132162,0.093043,0.619387,0.164262,0.097712,Bellevue_150th_Eastgate
2731,within,0.739182,0.156389,0.100878,0.543823,0.165907,0.061879,Bellevue_150th_Eastgate
2732,within,0.774581,0.14366,0.109848,0.514533,0.177347,0.031357,Bellevue_150th_Eastgate
2733,within,0.763853,0.127576,0.09678,0.548008,0.193162,0.055397,Bellevue_150th_Eastgate
2734,within,0.72792,0.117985,0.089558,0.607222,0.161354,0.133821,Bellevue_150th_Eastgate
2735,within,0.759729,0.136884,0.080909,0.580147,0.152764,0.146479,Bellevue_150th_Eastgate
2736,within,0.729475,0.142785,0.088672,0.551301,0.146039,0.12254,Bellevue_150th_Eastgate
2737,within,0.635402,0.166756,0.090679,0.580413,0.12515,0.108421,Bellevue_150th_Eastgate
2738,within,0.719054,0.163053,0.116516,0.585274,0.150162,0.114924,Bellevue_150th_Eastgate
2739,within,0.764351,0.185203,0.13125,0.606195,0.177198,0.143856,Bellevue_150th_Eastgate
2740,within,0.769693,0.141773,0.09753,0.533664,0.18268,0.104295,Bellevue_150th_Eastgate
2741,within,0.753492,0.152197,0.111309,0.625995,0.212384,0.094882,Bellevue_150th_Eastgate
2742,within,0.784438,0.158053,0.104433,0.703993,0.263076,0.169247,Bellevue_150th_Eastgate
2743,within,0.786991,0.136323,0.101675,0.682452,0.2184,0.15464,Bellevue_150th_Eastgate
2744,within,0.77304,0.129799,0.093933,0.608432,0.180372,0.077942,Bellevue_150th_Eastgate
2745,within,0.720943,0.194548,0.080874,0.571153,0.100917,0.05532,Bellevue_150th_Eastgate
2746,within,0.597558,0.167491,0.077474,0.695572,0.186928,0.073927,Bellevue_150th_Eastgate
2747,within,0.77911,0.145856,0.112304,0.667781,0.250334,0.049741,Bellevue_150th_Eastgate
2748,within,0.820825,0.141795,0.102539,0.737456,0.274851,0.043752,Bellevue_150th_Eastgate
2749,within,0.780776,0.139052,0.097815,0.582105,0.236276,0.053075,Bellevue_150th_Eastgate
2750,within,0.701137,0.171324,0.096687,0.695875,0.288169,0.06616,Bellevue_150th_Eastgate
2751,within,0.67799,0.176173,0.120462,0.747002,0.23807,0.056593,Bellevue_150th_Eastgate
2752,within,0.755826,0.132385,0.105909,0.729852,0.267055,0.090717,Bellevue_150th_Eastgate
2753,within,0.713135,0.176891,0.118531,0.750693,0.229067,0.100611,Bellevue_150th_Eastgate
2754,within,0.653138,0.172183,0.115723,0.638296,0.102944,0.074824,Bellevue_150th_Eastgate
2755,within,0.610688,0.16827,0.081047,0.754288,0.15149,0.093323,Bellevue_150th_Eastgate
2756,within,0.788092,0.130942,0.097884,0.581204,0.152083,0.066987,Bellevue_150th_Eastgate
2757,within,0.715958,0.160719,0.080236,0.508151,0.139699,0.052788,Bellevue_150th_Eastgate
2758,within,0.738997,0.181664,0.127866,0.564159,0.171391,0.066426,Bellevue_150th_Eastgate
2759,within,0.78703,0.174817,0.124466,0.66685,0.233853,0.075747,Bellevue_150th_Eastgate
2760,within,0.753634,0.13387,0.101356,0.694844,0.238754,0.095571,Bellevue_150th_Eastgate
2761,within,0.799837,0.133612,0.090005,0.623959,0.231703,0.087107,Bellevue_150th_Eastgate
2762,within,0.765461,0.139733,0.108605,0.559858,0.217113,0.085854,Bellevue_150th_Eastgate
2763,within,0.699185,0.185341,0.096209,0.63793,0.185427,0.101092,Bellevue_150th_Eastgate
2764,within,0.715608,0.180136,0.113917,0.735432,0.184639,0.107705,Bellevue_150th_Eastgate
2765,within,0.790528,0.140156,0.103931,0.745077,0.200808,0.072262,Bellevue_150th_Eastgate
2766,within,0.729107,0.184442,0.113304,0.691387,0.209544,0.076833,Bellevue_150th_Eastgate
2767,within,0.731521,0.189527,0.122539,0.65966,0.184399,0.109289,Bellevue_150th_Eastgate
2768,within,0.771865,0.135931,0.106597,0.624762,0.167338,0.089985,Bellevue_150th_Eastgate
2769,within,0.671968,0.174247,0.118774,0.681248,0.151261,0.132477,Bellevue_150th_Eastgate
2770,within,0.739797,0.185228,0.118471,0.64491,0.155867,0.176599,Bellevue_150th_Eastgate
2771,within,0.762431,0.200096,0.118961,0.607946,0.121074,0.140311,Bellevue_150th_Eastgate
2772,within,0.726916,0.160467,0.082369,0.669875,0.092559,0.125793,Bellevue_150th_Eastgate
2773,within,0.697103,0.177005,0.111296,0.77093,0.223488,0.115624,Bellevue_150th_Eastgate
2774,within,0.800905,0.158014,0.121938,0.637701,0.248821,0.086354,Bellevue_150th_Eastgate
2775,within,0.675899,0.162454,0.088625,0.654295,0.23202,0.094327,Bellevue_150th_Eastgate
2776,within,0.76509,0.17793,0.122126,0.721479,0.209744,0.111538,Bellevue_150th_Eastgate
2777,within,0.756826,0.154709,0.107007,0.739063,0.232684,0.118433,Bellevue_150th_Eastgate
2778,within,0.804498,0.162284,0.120066,0.63824,0.200595,0.082548,Bellevue_150th_Eastgate
2779,within,0.760211,0.190631,0.139219,0.679967,0.164358,0.081354,Bellevue_150th_Eastgate
2780,within,0.778026,0.138811,0.09361,0.632329,0.113147,0.125712,Bellevue_150th_Eastgate
2781,within,0.621954,0.168873,0.087784,0.761463,0.183936,0.130549,Bellevue_150th_Eastgate
2782,within,0.773474,0.151274,0.113606,0.590311,0.155572,0.085338,Bellevue_150th_Eastgate
2783,within,0.683122,0.180172,0.114664,0.640556,0.170122,0.104738,Bellevue_150th_Eastgate
2784,within,0.790837,0.171099,0.125058,0.660208,0.209556,0.043111,Bellevue_150th_Eastgate
2785,within,0.780245,0.145581,0.111551,0.723783,0.243999,0.052715,Bellevue_150th_Eastgate
2786,within,0.757184,0.131009,0.102222,0.775578,0.285279,0.08908,Bellevue_150th_Eastgate
2787,within,0.797607,0.160934,0.092941,0.658515,0.179846,0.121561,Bellevue_150th_Eastgate
2788,within,0.751871,0.168855,0.082562,0.586811,0.138829,0.103451,Bellevue_150th_Eastgate
2789,within,0.694175,0.181935,0.095705,0.724051,0.197654,0.14076,Bellevue_150th_Eastgate
2790,within,0.818762,0.195354,0.137587,0.756073,0.23468,0.13571,Bellevue_150th_Eastgate
2791,within,0.814171,0.164768,0.118926,0.718394,0.176723,0.11057,Bellevue_150th_Eastgate
2792,within,0.788487,0.157855,0.116104,0.61369,0.168585,0.074071,Bellevue_150th_Eastgate
2793,within,0.774814,0.17471,0.126257,0.665161,0.160816,0.101544,Bellevue_150th_Eastgate
2794,within,0.793368,0.153798,0.110974,0.650822,0.196353,0.059801,Bellevue_150th_Eastgate
2795,within,0.686311,0.172018,0.121975,0.653604,0.215097,0.033409,Bellevue_150th_Eastgate
2796,within,0.715019,0.176285,0.121769,0.64242,0.199596,0.081758,Bellevue_150th_Eastgate
2797,within,0.797809,0.162553,0.094522,0.668642,0.111888,0.127879,Bellevue_150th_Eastgate
2798,within,0.826396,0.195327,0.117859,0.803651,0.16085,0.136388,Bellevue_150th_Eastgate
2799,within,0.863779,0.175119,0.11098,0.681184,0.184158,0.063758,Bellevue_150th_Eastgate
2800,within,0.77281,0.159428,0.120981,0.566867,0.193472,0.039252,Bellevue_150th_Eastgate
2801,within,0.675774,0.180979,0.10357,0.59622,0.147361,0.052014,Bellevue_150th_Eastgate
2802,within,0.786948,0.151584,0.119453,0.630764,0.214863,0.020513,Bellevue_150th_Eastgate
2803,within,0.772372,0.159666,0.124556,0.617548,0.155283,0.05762,Bellevue_150th_Eastgate
2804,within,0.779678,0.135895,0.106657,0.627465,0.147368,0.127271,Bellevue_150th_Eastgate
2805,within,0.784393,0.143926,0.102777,0.612495,0.143108,0.124832,Bellevue_150th_Eastgate
2806,within,0.743127,0.149042,0.077615,0.68674,0.082802,0.170627,Bellevue_150th_Eastgate
2807,within,0.775057,0.138759,0.110916,0.70313,0.08498,0.1523,Bellevue_150th_Eastgate
2808,within,0.76287,0.16265,0.119145,0.586953,0.135538,0.063683,Bellevue_150th_Eastgate
2809,within,0.794749,0.171259,0.123435,0.594212,0.162654,0.106653,Bellevue_150th_Eastgate
2810,within,0.768793,0.135406,0.100517,0.568394,0.203849,0.083906,Bellevue_150th_Eastgate
2811,within,0.733957,0.197941,0.139982,0.512414,0.125864,0.096011,Bellevue_150th_Eastgate
2812,within,0.693499,0.179589,0.118385,0.611894,0.167154,0.10332,Bellevue_150th_Eastgate
2813,within,0.738698,0.128323,0.100161,0.582759,0.180534,0.09401,Bellevue_150th_Eastgate
2814,within,0.838501,0.160731,0.102046,0.583232,0.168977,0.094166,Bellevue_150th_Eastgate
2815,within,0.742487,0.183863,0.11016,0.775188,0.210166,0.092501,Bellevue_150th_Eastgate
2816,within,0.824343,0.154327,0.105104,0.76012,0.231822,0.070165,Bellevue_150th_Eastgate
2817,within,0.791679,0.152301,0.112146,0.708466,0.242382,0.033885,Bellevue_150th_Eastgate
2818,within,0.812435,0.165513,0.112593,0.689278,0.274293,0.041815,Bellevue_150th_Eastgate
2819,within,0.771439,0.128385,0.102254,0.74463,0.194935,0.052833,Bellevue_150th_Eastgate
2820,within,0.795338,0.12573,0.081889,0.803042,0.241811,0.059218,Bellevue_150th_Eastgate
2821,within,0.796344,0.171756,0.106277,0.840881,0.268916,0.098225,Bellevue_150th_Eastgate
2822,within,0.77221,0.136887,0.091654,0.838234,0.185606,0.123385,Bellevue_150th_Eastgate
2823,within,0.81302,0.158453,0.084109,0.598861,0.090715,0.095685,Bellevue_150th_Eastgate
2824,within,0.706198,0.194844,0.086224,0.737797,0.144034,0.144764,Bellevue_150th_Eastgate
2825,within,0.797461,0.155522,0.109922,0.63927,0.160897,0.047142,Bellevue_150th_Eastgate
2826,within,0.802909,0.176775,0.127766,0.655802,0.179621,0.036935,Bellevue_150th_Eastgate
2827,within,0.845237,0.167858,0.104612,0.601246,0.154679,0.078644,Bellevue_150th_Eastgate
2828,within,0.821459,0.15175,0.104226,0.645568,0.137223,0.072865,Bellevue_150th_Eastgate
2829,within,0.839265,0.180794,0.097101,0.640471,0.116431,0.064041,Bellevue_150th_Eastgate
2830,within,0.864913,0.204588,0.08893,0.615964,0.086802,0.057141,Bellevue_150th_Eastgate
2831,within,0.774613,0.131658,0.089971,0.58937,0.161372,0.03355,Bellevue_150th_Eastgate
2832,within,0.775532,0.142417,0.091721,0.58667,0.091004,0.066997,Bellevue_150th_Eastgate
2833,within,0.639318,0.16381,0.0824,0.730441,0.152069,0.048592,Bellevue_150th_Eastgate
2834,within,0.815208,0.170397,0.099471,0.761089,0.208398,0.028676,Bellevue_150th_Eastgate
2835,within,0.736394,0.139696,0.097455,0.615873,0.214592,0.022872,Bellevue_150th_Eastgate
2836,within,0.773722,0.1949,0.139888,0.66843,0.225883,0.042644,Bellevue_150th_Eastgate
2837,within,0.818379,0.158935,0.10733,0.617504,0.205292,0.03478,Bellevue_150th_Eastgate
2838,within,0.750995,0.125863,0.093409,0.549194,0.161427,0.03267,Bellevue_150th_Eastgate
2839,within,0.77367,0.162168,0.111738,0.55146,0.150767,0.043414,Bellevue_150th_Eastgate
2840,within,0.765312,0.138999,0.100856,0.57512,0.168433,0.053066,Bellevue_150th_Eastgate
2841,within,0.728203,0.164572,0.098868,0.577422,0.111506,0.076415,Bellevue_150th_Eastgate
2842,within,0.629122,0.166157,0.080768,0.744239,0.107354,0.113417,Bellevue_150th_Eastgate
2843,within,0.813915,0.161748,0.107265,0.720749,0.196795,0.069765,Bellevue_150th_Eastgate
2844,within,0.749126,0.122219,0.089872,0.729832,0.207824,0.041561,Bellevue_150th_Eastgate
2845,within,0.775907,0.131717,0.094451,0.741576,0.238533,0.087415,Bellevue_150th_Eastgate
2846,within,0.72674,0.178203,0.095309,0.826857,0.271361,0.095691,Bellevue_150th_Eastgate
2847,within,0.737929,0.170446,0.090947,0.786863,0.279577,0.094572,Bellevue_150th_Eastgate
2848,within,0.754511,0.242522,0.111011,0.754412,0.219974,0.119344,Bellevue_150th_Eastgate
2849,within,0.768368,0.176048,0.104508,0.632856,0.199563,0.052789,Bellevue_150th_Eastgate
2850,within,0.584015,0.162389,0.077096,0.68062,0.189701,0.055423,Bellevue_150th_Eastgate
2851,within,0.674946,0.182,0.113494,0.827961,0.283298,0.099373,Bellevue_150th_Eastgate
2852,within,0.816962,0.238386,0.154103,0.697978,0.269016,0.073902,Bellevue_150th_Eastgate
2853,within,0.778499,0.162923,0.123939,0.652984,0.247777,0.068352,Bellevue_150th_Eastgate
2854,within,0.744014,0.183177,0.121523,0.739722,0.230486,0.115123,Bellevue_150th_Eastgate
2855,within,0.795029,0.212395,0.126636,0.695432,0.201546,0.082206,Bellevue_150th_Eastgate
2856,within,0.78695,0.153308,0.112147,0.706257,0.203411,0.082649,Bellevue_150th_Eastgate
2857,within,0.730529,0.201505,0.109096,0.662372,0.218598,0.071175,Bellevue_150th_Eastgate
2858,within,0.694675,0.190629,0.114628,0.650064,0.102787,0.048523,Bellevue_150th_Eastgate
2859,within,0.667045,0.189695,0.09299,0.764262,0.094114,0.11148,Bellevue_150th_Eastgate
2860,within,0.780786,0.182128,0.143162,0.822398,0.22167,0.103897,Bellevue_150th_Eastgate
2861,within,0.802961,0.195029,0.144229,0.678776,0.187992,0.065785,Bellevue_150th_Eastgate
2862,within,0.742154,0.164611,0.121265,0.635635,0.194435,0.068707,Bellevue_150th_Eastgate
2863,within,0.680531,0.170748,0.114891,0.777415,0.347868,0.052006,Bellevue_150th_Eastgate
2864,within,0.766141,0.182661,0.118162,0.816016,0.324513,0.078087,Bellevue_150th_Eastgate
2865,within,0.807995,0.15998,0.117793,0.699523,0.262978,0.056542,Bellevue_150th_Eastgate
2866,within,0.766334,0.19556,0.136491,0.607302,0.212145,0.05817,Bellevue_150th_Eastgate
2867,within,0.719137,0.204512,0.123916,0.627285,0.17223,0.040648,Bellevue_150th_Eastgate
2868,within,0.728285,0.197159,0.122021,0.807657,0.289432,0.027443,Bellevue_150th_Eastgate
2869,within,0.825918,0.1836,0.112357,0.659492,0.241746,0.0615,Bellevue_150th_Eastgate
2870,within,0.74795,0.194083,0.106025,0.742918,0.288776,0.067316,Bellevue_150th_Eastgate
2871,within,0.796474,0.248552,0.144741,0.668185,0.210748,0.08725,Bellevue_150th_Eastgate
2872,within,0.82288,0.205107,0.108222,0.724051,0.274249,0.092782,Bellevue_150th_Eastgate
2873,within,0.781064,0.166368,0.094642,0.852584,0.289195,0.129293,Bellevue_150th_Eastgate
2874,within,0.784035,0.166691,0.080224,0.823564,0.276299,0.150471,Bellevue_150th_Eastgate
2875,within,0.845441,0.183988,0.09761,0.654116,0.185173,0.10765,Bellevue_150th_Eastgate
2876,within,0.700303,0.203986,0.085344,0.728322,0.235043,0.122218,Bellevue_150th_Eastgate
2877,within,0.846908,0.221002,0.13791,0.633991,0.230646,0.097827,Bellevue_150th_Eastgate
2878,within,0.771044,0.221939,0.137735,0.656076,0.277146,0.081313,Bellevue_150th_Eastgate
2879,within,0.82712,0.236902,0.132371,0.727718,0.287278,0.090822,Bellevue_150th_Eastgate
2880,within,0.811189,0.178352,0.090569,0.598167,0.237511,0.101823,Bellevue_150th_Eastgate
2881,within,0.782569,0.179525,0.098237,0.543516,0.183047,0.104013,Bellevue_150th_Eastgate
2882,within,0.816133,0.1993,0.107709,0.561793,0.141727,0.157763,Bellevue_150th_Eastgate
2883,within,0.852662,0.202871,0.080511,0.626554,0.160515,0.18404,Bellevue_150th_Eastgate
2884,within,0.765357,0.177283,0.078608,0.620731,0.143676,0.139255,Bellevue_150th_Eastgate
2885,within,0.728156,0.183208,0.086902,0.643756,0.155474,0.136452,Bellevue_150th_Eastgate
2886,within,0.816588,0.220169,0.121205,0.633712,0.184843,0.07471,Bellevue_150th_Eastgate
2887,within,0.78103,0.20741,0.128255,0.717876,0.287878,0.05544,Bellevue_150th_Eastgate
2888,within,0.820904,0.237746,0.14059,0.683256,0.257047,0.043456,Bellevue_150th_Eastgate
2889,within,0.803254,0.190286,0.119558,0.746899,0.274505,0.078383,Bellevue_150th_Eastgate
2890,within,0.761666,0.167212,0.125645,0.791797,0.269576,0.031135,Bellevue_150th_Eastgate
2891,within,0.843761,0.189517,0.086893,0.72269,0.22337,0.054403,Bellevue_150th_Eastgate
2892,within,0.814195,0.176406,0.105708,0.559846,0.136918,0.077612,Bellevue_150th_Eastgate
2893,within,0.687996,0.193268,0.092704,0.757219,0.260556,0.079654,Bellevue_150th_Eastgate
2894,within,0.841905,0.219648,0.130309,0.72437,0.214876,0.102121,Bellevue_150th_Eastgate
2895,within,0.804041,0.252148,0.166485,0.697226,0.235282,0.106527,Bellevue_150th_Eastgate
2896,within,0.836067,0.194226,0.110029,0.676385,0.212823,0.087039,Bellevue_150th_Eastgate
2897,within,0.830823,0.219924,0.140177,0.681112,0.257103,0.061765,Bellevue_150th_Eastgate
2898,within,0.838678,0.27172,0.162571,0.690219,0.208197,0.059888,Bellevue_150th_Eastgate
2899,within,0.799494,0.152822,0.111643,0.713287,0.181946,0.068071,Bellevue_150th_Eastgate
2900,within,0.792188,0.178313,0.080457,0.67506,0.176734,0.072566,Bellevue_150th_Eastgate
2901,within,0.793514,0.159353,0.091952,0.575467,0.095804,0.093047,Bellevue_150th_Eastgate
2902,within,0.761104,0.196941,0.118939,0.595779,0.090941,0.108688,Bellevue_150th_Eastgate
2903,within,0.782878,0.225223,0.102532,0.624165,0.24985,0.039293,Bellevue_150th_Eastgate
2904,within,0.850914,0.279225,0.163368,0.6411,0.235761,0.036401,Bellevue_150th_Eastgate
2905,within,0.826119,0.26638,0.17229,0.607044,0.241611,0.017039,Bellevue_150th_Eastgate
2906,within,0.823359,0.180706,0.100388,0.625783,0.181323,0.036549,Bellevue_150th_Eastgate
2907,within,0.831142,0.191418,0.093416,0.632326,0.238806,0.062418,Bellevue_150th_Eastgate
2908,within,0.816488,0.221955,0.098964,0.565728,0.113097,0.035754,Bellevue_150th_Eastgate
2909,within,0.780522,0.238166,0.119693,0.552684,0.096361,0.037934,Bellevue_150th_Eastgate
2910,within,0.751498,0.184631,0.086156,0.588117,0.054192,0.124203,Bellevue_150th_Eastgate
2911,within,0.813615,0.233496,0.130632,0.801283,0.184046,0.100213,Bellevue_150th_Eastgate
2912,within,0.811413,0.26293,0.170256,0.632169,0.206694,0.118089,Bellevue_150th_Eastgate
2913,within,0.791934,0.246019,0.155758,0.541511,0.185347,0.048269,Bellevue_150th_Eastgate
2914,within,0.840946,0.261131,0.137813,0.606505,0.283803,0.090249,Bellevue_150th_Eastgate
2915,within,0.802266,0.203846,0.124768,0.738144,0.299439,0.164871,Bellevue_150th_Eastgate
2916,within,0.864862,0.288132,0.18188,0.688876,0.286465,0.092262,Bellevue_150th_Eastgate
2917,within,0.805525,0.251385,0.163267,0.615662,0.262108,0.135314,Bellevue_150th_Eastgate
2918,within,0.816489,0.234976,0.116567,0.594359,0.166965,0.163038,Bellevue_150th_Eastgate
2919,within,0.723562,0.226001,0.102974,0.647064,0.11955,0.220405,Bellevue_150th_Eastgate
2920,within,0.846873,0.244285,0.11428,0.798551,0.22736,0.148632,Bellevue_150th_Eastgate
2921,within,0.852815,0.283308,0.184175,0.890241,0.252593,0.151066,Bellevue_150th_Eastgate
2922,within,0.858224,0.271967,0.172876,0.858386,0.280571,0.13051,Bellevue_150th_Eastgate
2923,within,0.814869,0.258536,0.173347,0.74749,0.245337,0.165032,Bellevue_150th_Eastgate
2924,within,0.8192,0.268809,0.173831,0.735247,0.278205,0.129054,Bellevue_150th_Eastgate
2925,within,0.799015,0.242989,0.163171,0.740457,0.308232,0.132976,Bellevue_150th_Eastgate
2926,within,0.781298,0.2494,0.151765,0.755929,0.322892,0.160218,Bellevue_150th_Eastgate
2927,within,0.830996,0.267555,0.170602,0.710128,0.263327,0.142424,Bellevue_150th_Eastgate
2928,within,0.753834,0.217558,0.12626,0.853037,0.258013,0.156777,Bellevue_150th_Eastgate
2929,within,0.843182,0.27593,0.187535,0.756803,0.178545,0.106988,Bellevue_150th_Eastgate
2930,within,0.855632,0.289239,0.178224,0.790801,0.254219,0.076648,Bellevue_150th_Eastgate
2931,within,0.826268,0.24082,0.151986,0.798462,0.290711,0.142163,Bellevue_150th_Eastgate
2932,within,0.803599,0.26211,0.159865,0.818031,0.314396,0.101784,Bellevue_150th_Eastgate
2933,within,0.84167,0.283507,0.168186,0.754031,0.222595,0.112951,Bellevue_150th_Eastgate
2934,within,0.850734,0.28775,0.174837,0.743428,0.264502,0.094937,Bellevue_150th_Eastgate
2935,within,0.833948,0.279035,0.165174,0.731946,0.272343,0.093174,Bellevue_150th_Eastgate
2936,within,0.809022,0.262053,0.163269,0.553557,0.119495,0.099874,Bellevue_150th_Eastgate
2937,within,0.759132,0.233631,0.122748,0.746278,0.20485,0.088585,Bellevue_150th_Eastgate
2938,within,0.843357,0.285811,0.170009,0.773079,0.24027,0.156883,Bellevue_150th_Eastgate
2939,within,0.828368,0.273855,0.178452,0.70966,0.273544,0.090656,Bellevue_150th_Eastgate
2940,within,0.799504,0.2549,0.166643,0.804859,0.349727,0.093854,Bellevue_150th_Eastgate
2941,within,0.845554,0.286454,0.176301,0.773387,0.327365,0.174471,Bellevue_150th_Eastgate
2942,within,0.832997,0.271229,0.175523,0.748021,0.269808,0.243553,Bellevue_150th_Eastgate
2943,within,0.071559,-0.049396,0.018637,0.033333,-0.066667,0.0,Bellevue_150th_Newport
2944,within,0.191288,0.025353,0.026927,0.283333,0.133333,0.033333,Bellevue_150th_Newport
2945,within,0.21608,0.032865,0.028944,0.033333,0.0,0.0,Bellevue_150th_Newport
2946,within,0.041623,-0.075212,0.01953,0.0,-0.033333,0.0,Bellevue_150th_Newport
2947,within,0.030115,-0.097153,0.027827,0.0,-0.1,0.066667,Bellevue_150th_Newport
2948,within,0.033083,-0.088599,0.025006,0.033333,-0.066667,0.066667,Bellevue_150th_Newport
2949,within,0.033684,-0.088386,0.025074,0.0,0.0,0.0,Bellevue_150th_Newport
2950,within,0.047855,-0.071097,0.02155,0.0,0.0,0.0,Bellevue_150th_Newport
2951,within,0.162802,0.008687,0.023229,0.233333,0.15,0.0,Bellevue_150th_Newport
2952,within,0.142663,-0.008459,0.022451,0.033333,0.033333,0.0,Bellevue_150th_Newport
2953,within,0.13483,-0.004396,0.016504,0.0,0.0,0.0,Bellevue_150th_Newport
2954,within,0.029305,-0.090117,0.024756,0.0,-0.1,0.033333,Bellevue_150th_Newport
2955,within,0.03207,-0.089286,0.025192,0.0,-0.066667,0.0,Bellevue_150th_Newport
2956,within,0.033838,-0.088332,0.025134,0.0,-0.133333,0.066667,Bellevue_150th_Newport
2957,within,0.036432,-0.087292,0.024803,0.0,-0.133333,0.033333,Bellevue_150th_Newport
2958,within,0.032773,-0.088422,0.024884,0.2,-0.066667,0.083333,Bellevue_150th_Newport
2959,within,0.507306,0.133051,0.086118,0.65,0.166667,0.233333,Bellevue_150th_Newport
2960,within,0.35087,0.090229,0.048389,0.166667,0.1,0.033333,Bellevue_150th_Newport
2961,within,0.053622,-0.068684,0.021888,0.2,0.066667,0.033333,Bellevue_150th_Newport
2962,within,0.486522,0.162306,0.069613,0.833333,0.65,0.016667,Bellevue_150th_Newport
2963,within,0.564807,0.215317,0.082505,0.438889,0.205556,0.116667,Bellevue_150th_Newport
2964,within,0.315643,0.083936,0.039545,0.116667,0.033333,0.0,Bellevue_150th_Newport
2965,within,0.032629,-0.086759,0.023085,0.0,-0.166667,0.0,Bellevue_150th_Newport
2966,within,0.147495,-0.015356,0.031756,0.1,-0.066667,0.033333,Bellevue_150th_Newport
2967,within,0.065256,-0.053001,0.018151,0.0,0.0,0.0,Bellevue_150th_Newport
2968,within,0.033144,-0.087972,0.024662,0.0,0.0,0.0,Bellevue_150th_Newport
2969,within,0.033001,-0.089088,0.025388,0.0,-0.033333,0.033333,Bellevue_150th_Newport
2970,within,0.033397,-0.088914,0.025373,0.0,-0.166667,0.133333,Bellevue_150th_Newport
2971,within,0.074261,-0.044615,0.017283,0.033333,-0.033333,0.033333,Bellevue_150th_Newport
2972,within,0.201649,0.031489,0.027847,0.3,0.066667,0.033333,Bellevue_150th_Newport
2973,within,0.177619,0.012941,0.023932,0.033333,0.033333,0.0,Bellevue_150th_Newport
2974,within,0.139044,-0.008506,0.019129,0.0,-0.033333,0.033333,Bellevue_150th_Newport
2975,within,0.033806,-0.088886,0.025977,0.0,-0.1,0.066667,Bellevue_150th_Newport
2976,within,0.033579,-0.089317,0.025818,0.0,-0.066667,0.066667,Bellevue_150th_Newport
2977,within,0.033801,-0.088748,0.025625,0.0,-0.1,0.0,Bellevue_150th_Newport
2978,within,0.162672,0.004522,0.024911,0.333333,0.1,0.066667,Bellevue_150th_Newport
2979,within,0.188888,0.018829,0.023558,0.05,-0.066667,0.033333,Bellevue_150th_Newport
2980,within,0.035689,-0.087565,0.025187,0.066667,-0.033333,0.066667,Bellevue_150th_Newport
2981,within,0.035613,-0.087767,0.025436,0.0,-0.133333,0.1,Bellevue_150th_Newport
2982,within,0.039606,-0.083452,0.024328,0.0,-0.1,0.066667,Bellevue_150th_Newport
2983,within,0.032224,-0.089075,0.025108,0.0,-0.066667,0.0,Bellevue_150th_Newport
2984,within,0.029332,-0.090372,0.024773,0.0,0.0,0.0,Bellevue_150th_Newport
2985,within,0.033809,-0.088361,0.025204,0.0,-0.033333,0.033333,Bellevue_150th_Newport
2986,within,0.033596,-0.100564,0.029888,0.0,-0.133333,0.066667,Bellevue_150th_Newport
2987,within,0.035193,-0.088797,0.025855,0.0,-0.066667,0.0,Bellevue_150th_Newport
2988,within,0.035485,-0.088733,0.02593,0.033333,0.0,0.0,Bellevue_150th_Newport
2989,within,0.033762,-0.088378,0.025646,0.0,-0.066667,0.0,Bellevue_150th_Newport
2990,within,0.032699,-0.089714,0.025844,0.0,-0.066667,0.0,Bellevue_150th_Newport
2991,within,0.036518,-0.087553,0.02533,0.0,-0.033333,0.0,Bellevue_150th_Newport
2992,within,0.031924,-0.089622,0.025153,0.0,-0.166667,0.066667,Bellevue_150th_Newport
2993,within,0.034245,-0.088192,0.024801,0.0,0.0,0.0,Bellevue_150th_Newport
2994,within,0.03229,-0.089017,0.024982,0.0,-0.1,0.033333,Bellevue_150th_Newport
2995,within,0.033588,-0.087943,0.024784,0.0,-0.066667,0.033333,Bellevue_150th_Newport
2996,within,0.031927,-0.089209,0.024898,0.0,-0.033333,0.0,Bellevue_150th_Newport
2997,within,0.034866,-0.087327,0.024865,0.0,-0.066667,0.0,Bellevue_150th_Newport
2998,within,0.029245,-0.101859,0.029653,0.033333,-0.133333,0.1,Bellevue_150th_Newport
2999,within,0.03089,-0.091001,0.02564,0.0,-0.066667,0.066667,Bellevue_150th_Newport
3000,within,0.033484,-0.088379,0.024659,0.0,-0.166667,0.033333,Bellevue_150th_Newport
3001,within,0.032126,-0.088517,0.024192,0.05,-0.116667,0.083333,Bellevue_150th_Newport
3002,within,0.034355,-0.10045,0.029997,0.0,-0.066667,0.033333,Bellevue_150th_Newport
3003,within,0.033977,-0.089253,0.026052,0.033333,-0.1,0.1,Bellevue_150th_Newport
3004,within,0.036118,-0.0874,0.025367,0.0,-0.033333,0.0,Bellevue_150th_Newport
3005,within,0.157612,0.011728,0.021861,0.066667,0.0,0.0,Bellevue_150th_Newport
3006,within,0.206384,0.026061,0.030903,0.1,0.033333,0.0,Bellevue_150th_Newport
3007,within,0.034668,-0.08851,0.025478,0.0,0.0,0.0,Bellevue_150th_Newport
3008,within,0.033497,-0.088458,0.024916,0.0,-0.033333,0.033333,Bellevue_150th_Newport
3009,within,0.034069,-0.08841,0.024666,0.0,-0.1,0.033333,Bellevue_150th_Newport
3010,within,0.032446,-0.089592,0.025112,0.0,0.0,0.0,Bellevue_150th_Newport
3011,within,0.034466,-0.088,0.025017,0.0,-0.033333,0.033333,Bellevue_150th_Newport
3012,within,0.031199,-0.090287,0.025504,0.033333,-0.1,0.066667,Bellevue_150th_Newport
3013,within,0.033343,-0.088278,0.025078,0.0,-0.066667,0.0,Bellevue_150th_Newport
3014,within,0.031845,-0.101221,0.029846,0.138889,0.0,0.094444,Bellevue_150th_Newport
3015,within,0.166142,-0.018951,0.032907,0.288889,0.1,0.05,Bellevue_150th_Newport
3016,within,0.22623,0.040442,0.031633,0.0,-0.066667,0.033333,Bellevue_150th_Newport
3017,within,0.034281,-0.087057,0.024327,0.0,0.0,0.0,Bellevue_150th_Newport
3018,within,0.033917,-0.088914,0.025046,0.0,-0.033333,0.0,Bellevue_150th_Newport
3019,within,0.034147,-0.087838,0.024867,0.0,0.0,0.0,Bellevue_150th_Newport
3020,within,0.033342,-0.088927,0.025312,0.0,-0.033333,0.0,Bellevue_150th_Newport
3021,within,0.034549,-0.088296,0.02521,0.0,-0.133333,0.033333,Bellevue_150th_Newport
3022,within,0.034076,-0.088189,0.02489,0.033333,-0.033333,0.033333,Bellevue_150th_Newport
3023,within,0.032997,-0.08834,0.024597,0.033333,0.0,0.0,Bellevue_150th_Newport
3024,within,0.031821,-0.088952,0.024218,0.0,-0.133333,0.1,Bellevue_150th_Newport
3025,within,0.036872,-0.086848,0.025042,0.0,-0.033333,0.0,Bellevue_150th_Newport
3026,within,0.031885,-0.101298,0.030054,0.0,0.0,0.0,Bellevue_150th_Newport
3027,within,0.035798,-0.087832,0.025812,0.0,-0.1,0.066667,Bellevue_150th_Newport
3028,within,0.035718,-0.087341,0.025396,0.066667,0.033333,0.0,Bellevue_150th_Newport
3029,within,0.200484,0.019746,0.032962,0.066667,0.0,0.0,Bellevue_150th_Newport
3030,within,0.036671,-0.087657,0.025266,0.0,-0.1,0.0,Bellevue_150th_Newport
3031,within,0.033541,-0.088587,0.025037,0.0,-0.133333,0.1,Bellevue_150th_Newport
3032,within,0.034171,-0.088253,0.024909,0.0,-0.1,0.066667,Bellevue_150th_Newport
3033,within,0.031365,-0.089647,0.025193,0.0,-0.1,0.033333,Bellevue_150th_Newport
3034,within,0.033214,-0.089103,0.025291,0.0,-0.033333,0.0,Bellevue_150th_Newport
3035,within,0.035165,-0.087447,0.024761,0.0,-0.033333,0.0,Bellevue_150th_Newport
3036,within,0.031292,-0.089862,0.025432,0.0,-0.033333,0.0,Bellevue_150th_Newport
3037,within,0.034778,-0.087714,0.024958,0.0,-0.1,0.033333,Bellevue_150th_Newport
3038,within,0.032051,-0.101144,0.029741,0.0,0.0,0.0,Bellevue_150th_Newport
3039,within,0.034069,-0.088704,0.025234,0.0,-0.033333,0.033333,Bellevue_150th_Newport
3040,within,0.031578,-0.089147,0.024903,0.0,0.0,0.0,Bellevue_150th_Newport
3041,within,0.036018,-0.086498,0.024541,0.0,-0.166667,0.1,Bellevue_150th_Newport
3042,within,0.030401,-0.101496,0.029727,0.0,-0.033333,0.033333,Bellevue_150th_Newport
3043,within,0.034225,-0.087827,0.025124,0.0,0.0,0.0,Bellevue_150th_Newport
3044,within,0.031844,-0.089295,0.02525,0.0,0.0,0.0,Bellevue_150th_Newport
3045,within,0.031535,-0.089555,0.025198,0.05,-0.016667,0.05,Bellevue_150th_Newport
3046,within,0.036621,-0.086646,0.024235,0.0,-0.033333,0.0,Bellevue_150th_Newport
3047,within,0.03212,-0.089304,0.024792,0.0,-0.033333,0.033333,Bellevue_150th_Newport
3048,within,0.03577,-0.088144,0.025483,0.0,0.0,0.0,Bellevue_150th_Newport
3049,within,0.036593,-0.087287,0.025577,0.0,-0.033333,0.0,Bellevue_150th_Newport
3050,within,0.034998,-0.088429,0.025696,0.0,-0.033333,0.033333,Bellevue_150th_Newport
3051,within,0.036267,-0.087033,0.025269,0.0,-0.033333,0.0,Bellevue_150th_Newport
3052,within,0.034492,-0.088144,0.025435,0.0,-0.066667,0.0,Bellevue_150th_Newport
3053,within,0.036035,-0.087474,0.025403,0.0,-0.066667,0.033333,Bellevue_150th_Newport
3054,within,0.031911,-0.101347,0.029919,0.0,-0.066667,0.066667,Bellevue_150th_Newport
3055,within,0.034799,-0.088907,0.025551,0.0,0.0,0.0,Bellevue_150th_Newport
3056,within,0.032836,-0.089202,0.025123,0.0,-0.1,0.066667,Bellevue_150th_Newport
3057,within,0.032852,-0.088539,0.024809,0.0,-0.033333,0.0,Bellevue_150th_Newport
3058,within,0.034222,-0.088071,0.02495,0.0,-0.033333,0.033333,Bellevue_150th_Newport
3059,within,0.032601,-0.088503,0.024919,0.0,-0.1,0.1,Bellevue_150th_Newport
3060,within,0.034681,-0.08785,0.024907,0.0,-0.033333,0.0,Bellevue_150th_Newport
3061,within,0.03317,-0.088195,0.024666,0.0,-0.033333,0.033333,Bellevue_150th_Newport
3062,within,0.033147,-0.088562,0.024954,0.0,-0.066667,0.033333,Bellevue_150th_Newport
3063,within,0.20169,0.032248,0.025861,0.6,0.383333,0.1,Bellevue_150th_Newport
3064,within,0.297903,0.074492,0.038802,0.872222,0.611111,0.25,Bellevue_150th_Newport
3065,within,0.116211,-0.043416,0.030615,0.3,0.083333,0.1,Bellevue_150th_Newport
3066,within,0.196333,0.014642,0.030693,0.0,-0.033333,0.0,Bellevue_150th_Newport
3067,within,0.035615,-0.088042,0.025937,0.033333,0.0,0.0,Bellevue_150th_Newport
3068,within,0.034529,-0.088634,0.025574,0.0,0.0,0.0,Bellevue_150th_Newport
3069,within,0.035609,-0.087597,0.025327,0.133333,0.033333,0.0,Bellevue_150th_Newport
3070,within,0.083858,-0.031864,0.009269,0.0,-0.066667,0.066667,Bellevue_150th_Newport
3071,within,0.033125,-0.088333,0.024998,0.0,-0.133333,0.033333,Bellevue_150th_Newport
3072,within,0.033745,-0.08842,0.024687,0.0,-0.066667,0.033333,Bellevue_150th_Newport
3073,within,0.035163,-0.087871,0.024853,0.0,-0.1,0.033333,Bellevue_150th_Newport
3074,within,0.035696,-0.087048,0.02445,0.0,-0.1,0.0,Bellevue_150th_Newport
3075,within,0.035771,-0.086162,0.023796,0.0,0.0,0.0,Bellevue_150th_Newport
3076,within,0.033535,-0.089061,0.025608,0.0,-0.133333,0.0,Bellevue_150th_Newport
3077,within,0.033412,-0.087985,0.024734,0.0,-0.033333,0.0,Bellevue_150th_Newport
3078,within,0.032614,-0.100986,0.02966,0.0,0.0,0.0,Bellevue_150th_Newport
3079,within,0.033764,-0.088349,0.024553,0.033333,-0.033333,0.033333,Bellevue_150th_Newport
3080,within,0.157645,-0.010737,0.033361,0.233333,-0.566667,0.8,Bellevue_150th_Newport
3081,within,0.173963,0.005567,0.031983,0.183333,0.066667,0.033333,Bellevue_150th_Newport
3082,within,0.036217,-0.093623,0.027376,0.0,-0.1,0.0,Bellevue_150th_Newport
3083,within,0.034145,-0.08855,0.025722,0.033333,-0.066667,0.033333,Bellevue_150th_Newport
3084,within,0.03597,-0.08636,0.024941,0.0,-0.033333,0.033333,Bellevue_150th_Newport
3085,within,0.035906,-0.087639,0.025542,0.0,-0.066667,0.0,Bellevue_150th_Newport
3086,within,0.035099,-0.087696,0.025209,0.0,-0.066667,0.066667,Bellevue_150th_Newport
3087,within,0.034765,-0.087958,0.025239,0.0,-0.1,0.066667,Bellevue_150th_Newport
3088,within,0.037685,-0.085835,0.024246,0.0,-0.166667,0.133333,Bellevue_150th_Newport
3089,within,0.034991,-0.086969,0.024269,0.0,-0.133333,0.1,Bellevue_150th_Newport
3090,within,0.036271,-0.086815,0.02474,0.033333,-0.133333,0.066667,Bellevue_150th_Newport
3091,within,0.033907,-0.088336,0.025017,0.0,-0.166667,0.133333,Bellevue_150th_Newport
3092,within,0.034584,-0.087762,0.025005,0.0,-0.033333,0.033333,Bellevue_150th_Newport
3093,within,0.034897,-0.08706,0.024525,0.033333,-0.1,0.033333,Bellevue_150th_Newport
3094,within,0.032968,-0.100674,0.029706,0.033333,-0.033333,0.033333,Bellevue_150th_Newport
3095,within,0.032228,-0.089567,0.025547,0.0,-0.033333,0.0,Bellevue_150th_Newport
3096,within,0.034832,-0.087044,0.024341,0.0,-0.033333,0.033333,Bellevue_150th_Newport
3097,within,0.033619,-0.088149,0.025009,0.033333,-0.066667,0.0,Bellevue_150th_Newport
3098,within,0.097287,-0.028728,0.015304,0.1,0.033333,0.033333,Bellevue_150th_Newport
3099,within,0.19441,0.01756,0.031226,0.038889,-0.177778,0.144444,Bellevue_150th_Newport
3100,within,0.038685,-0.086093,0.025305,0.0,-0.1,0.066667,Bellevue_150th_Newport
3101,within,0.037172,-0.08666,0.025102,0.0,-0.1,0.066667,Bellevue_150th_Newport
3102,within,0.037521,-0.086757,0.025293,0.033333,-0.1,0.066667,Bellevue_150th_Newport
3103,within,0.037921,-0.085839,0.024927,0.0,-0.066667,0.033333,Bellevue_150th_Newport
3104,within,0.035877,-0.087425,0.025278,0.0,-0.033333,0.033333,Bellevue_150th_Newport
3105,within,0.180332,0.01761,0.025107,0.066667,-0.016667,0.066667,Bellevue_150th_Newport
3106,within,0.033798,-0.100699,0.029745,0.0,-0.033333,0.033333,Bellevue_150th_Newport
3107,within,0.03595,-0.086763,0.024672,0.0,-0.066667,0.033333,Bellevue_150th_Newport
3108,within,0.035284,-0.087887,0.025077,0.0,-0.133333,0.1,Bellevue_150th_Newport
3109,within,0.133281,-0.009107,0.020356,0.2,0.1,0.0,Bellevue_150th_Newport
3110,within,0.27779,0.071023,0.040188,0.216667,0.116667,0.0,Bellevue_150th_Newport
3111,within,0.31722,0.103068,0.035947,0.0,0.0,0.0,Bellevue_150th_Newport
3112,within,0.034331,-0.087118,0.024495,0.0,-0.066667,0.0,Bellevue_150th_Newport
3113,within,0.032397,-0.089003,0.025466,0.0,-0.1,0.1,Bellevue_150th_Newport
3114,within,0.034296,-0.089088,0.024935,0.0,-0.2,0.1,Bellevue_150th_Newport
3115,within,0.033451,-0.087582,0.024352,0.0,0.0,0.0,Bellevue_150th_Newport
3116,within,0.039714,-0.08518,0.025038,0.033333,-0.033333,0.033333,Bellevue_150th_Newport
3117,within,0.035329,-0.08752,0.02558,0.0,-0.033333,0.033333,Bellevue_150th_Newport
3118,within,0.032661,-0.100704,0.029928,0.0,-0.066667,0.066667,Bellevue_150th_Newport
3119,within,0.034879,-0.089044,0.026253,0.0,-0.066667,0.033333,Bellevue_150th_Newport
3120,within,0.035178,-0.087882,0.02545,0.0,-0.033333,0.0,Bellevue_150th_Newport
3121,within,0.034448,-0.088225,0.02559,0.0,-0.066667,0.033333,Bellevue_150th_Newport
3122,within,0.030431,-0.100157,0.029241,0.0,-0.1,0.033333,Bellevue_150th_Newport
3123,within,0.036463,-0.086714,0.024697,0.0,-0.066667,0.066667,Bellevue_150th_Newport
3124,within,0.034181,-0.088017,0.024902,0.033333,-0.166667,0.133333,Bellevue_150th_Newport
3125,within,0.036775,-0.086158,0.024445,0.0,-0.1,0.066667,Bellevue_150th_Newport
3126,within,0.033756,-0.088458,0.025311,0.033333,-0.133333,0.033333,Bellevue_150th_Newport
3127,within,0.035001,-0.088291,0.025468,0.0,-0.133333,0.066667,Bellevue_150th_Newport
3128,within,0.033914,-0.088479,0.025121,0.0,-0.1,0.1,Bellevue_150th_Newport
3129,within,0.035181,-0.086663,0.024376,0.0,-0.033333,0.033333,Bellevue_150th_Newport
3130,within,0.035644,-0.087308,0.024979,0.0,-0.033333,0.033333,Bellevue_150th_Newport
3131,within,0.137469,-0.000398,0.019915,0.033333,-0.033333,0.0,Bellevue_150th_Newport
3132,within,0.234881,0.046273,0.034489,0.066667,-0.033333,0.1,Bellevue_150th_Newport
3133,within,0.036779,-0.08681,0.025401,0.0,-0.033333,0.0,Bellevue_150th_Newport
3134,within,0.031444,-0.101326,0.0301,0.0,0.0,0.0,Bellevue_150th_Newport
3135,within,0.035122,-0.088905,0.026277,0.0,-0.133333,0.066667,Bellevue_150th_Newport
3136,within,0.036132,-0.087384,0.025664,0.0,-0.166667,0.1,Bellevue_150th_Newport
3137,within,0.039335,-0.085716,0.025325,0.0,-0.033333,0.0,Bellevue_150th_Newport
3138,within,0.038484,-0.085727,0.024675,0.0,-0.066667,0.0,Bellevue_150th_Newport
3139,within,0.038915,-0.084932,0.024176,0.0,-0.1,0.066667,Bellevue_150th_Newport
3140,within,0.03537,-0.087354,0.02497,0.0,-0.066667,0.033333,Bellevue_150th_Newport
3141,within,0.034711,-0.087812,0.025204,0.0,-0.133333,0.1,Bellevue_150th_Newport
3142,within,0.03534,-0.087442,0.025015,0.0,-0.133333,0.066667,Bellevue_150th_Newport
3143,within,0.033532,-0.088635,0.025227,0.0,-0.1,0.1,Bellevue_150th_Newport
3144,within,0.034755,-0.088343,0.025355,0.0,-0.166667,0.1,Bellevue_150th_Newport
3145,within,0.035864,-0.086938,0.024672,0.0,-0.1,0.066667,Bellevue_150th_Newport
3146,within,0.035381,-0.099865,0.029686,0.0,-0.033333,0.0,Bellevue_150th_Newport
3147,within,0.03318,-0.088175,0.024557,0.0,-0.133333,0.066667,Bellevue_150th_Newport
3148,within,0.033956,-0.087471,0.024437,0.0,-0.2,0.166667,Bellevue_150th_Newport
3149,within,0.036176,-0.08696,0.025126,0.0,-0.066667,0.066667,Bellevue_150th_Newport
3150,within,0.037625,-0.086461,0.025322,0.0,-0.033333,0.033333,Bellevue_150th_Newport
3151,within,0.038243,-0.085833,0.025118,0.0,-0.066667,0.066667,Bellevue_150th_Newport
3152,within,0.035737,-0.088015,0.025745,0.0,-0.066667,0.066667,Bellevue_150th_Newport
3153,within,0.032262,-0.090281,0.026257,0.0,-0.2,0.166667,Bellevue_150th_Newport
3154,within,0.035383,-0.087989,0.025678,0.066667,-0.133333,0.1,Bellevue_150th_Newport
3155,within,0.033441,-0.089566,0.026198,0.0,-0.066667,0.033333,Bellevue_150th_Newport
3156,within,0.033867,-0.088285,0.025127,0.0,-0.266667,0.133333,Bellevue_150th_Newport
3157,within,0.035923,-0.086795,0.024615,0.0,-0.1,0.033333,Bellevue_150th_Newport
3158,within,0.033051,-0.100773,0.029754,0.0,-0.133333,0.0,Bellevue_150th_Newport
3159,within,0.034776,-0.088662,0.025498,0.0,-0.233333,0.1,Bellevue_150th_Newport
3160,within,0.031885,-0.088471,0.024481,0.0,-0.2,0.1,Bellevue_150th_Newport
3161,within,0.031855,-0.088427,0.024506,0.0,-0.1,0.066667,Bellevue_150th_Newport
3162,within,0.033826,-0.100483,0.029904,0.0,-0.166667,0.133333,Bellevue_150th_Newport
3163,within,0.036188,-0.087606,0.025563,0.0,-0.166667,0.1,Bellevue_150th_Newport
3164,within,0.035472,-0.087475,0.025452,0.0,-0.2,0.033333,Bellevue_150th_Newport
3165,within,0.036976,-0.086228,0.024982,0.0,-0.166667,0.133333,Bellevue_150th_Newport
3166,within,0.035364,-0.087087,0.025015,0.0,-0.1,0.033333,Bellevue_150th_Newport
3167,within,0.035835,-0.087348,0.025175,0.0,-0.133333,0.033333,Bellevue_150th_Newport
3168,within,0.033845,-0.088366,0.025004,0.0,-0.133333,0.066667,Bellevue_150th_Newport
3169,within,0.040856,-0.083492,0.023229,0.1,0.0,0.0,Bellevue_150th_Newport
3170,within,0.033131,-0.088009,0.024838,0.0,-0.1,0.1,Bellevue_150th_Newport
3171,within,0.033721,-0.087941,0.024614,0.0,-0.133333,0.066667,Bellevue_150th_Newport
3172,within,0.03324,-0.088624,0.024956,0.0,-0.033333,0.033333,Bellevue_150th_Newport
3173,within,0.036651,-0.086768,0.02469,0.0,-0.1,0.066667,Bellevue_150th_Newport
3174,within,0.033738,-0.100688,0.02973,0.033333,-0.2,0.133333,Bellevue_150th_Newport
3175,within,0.033099,-0.089025,0.02503,0.0,-0.066667,0.033333,Bellevue_150th_Newport
3176,within,0.034011,-0.08774,0.024675,0.0,-0.2,0.166667,Bellevue_150th_Newport
3177,within,0.035835,-0.086498,0.023767,0.033333,-0.133333,0.033333,Bellevue_150th_Newport
3178,within,0.035435,-0.08804,0.025724,0.0,-0.133333,0.066667,Bellevue_150th_Newport
3179,within,0.036781,-0.087274,0.025601,0.0,-0.133333,0.066667,Bellevue_150th_Newport
3180,within,0.036624,-0.086922,0.025127,0.0,-0.066667,0.033333,Bellevue_150th_Newport
3181,within,0.034863,-0.087786,0.02546,0.0,-0.3,0.2,Bellevue_150th_Newport
3182,within,0.033951,-0.088394,0.025452,0.0,-0.166667,0.133333,Bellevue_150th_Newport
3183,within,0.035458,-0.087051,0.025157,0.0,-0.1,0.066667,Bellevue_150th_Newport
3184,within,0.034401,-0.087743,0.024695,0.0,-0.133333,0.066667,Bellevue_150th_Newport
3185,within,0.035681,-0.086322,0.024463,0.0,-0.066667,0.033333,Bellevue_150th_Newport
3186,within,0.031947,-0.101069,0.029821,0.033333,-0.1,0.033333,Bellevue_150th_Newport
3187,within,0.118461,-0.016939,0.02066,0.0,0.0,0.0,Bellevue_150th_Newport
3188,within,0.205769,0.023437,0.032681,0.066667,0.0,0.033333,Bellevue_150th_Newport
3189,within,0.032127,-0.088991,0.025181,0.0,-0.133333,0.1,Bellevue_150th_Newport
3190,within,0.033991,-0.087902,0.025056,0.033333,-0.133333,0.133333,Bellevue_150th_Newport
3191,within,0.034768,-0.087945,0.025545,0.0,-0.033333,0.0,Bellevue_150th_Newport
3192,within,0.036043,-0.086482,0.025278,0.066667,-0.066667,0.033333,Bellevue_150th_Newport
3193,within,0.036047,-0.086671,0.025155,0.0,-0.166667,0.133333,Bellevue_150th_Newport
3194,within,0.035805,-0.087176,0.025507,0.0,-0.033333,0.0,Bellevue_150th_Newport
3195,within,0.035128,-0.08733,0.025345,0.0,-0.2,0.133333,Bellevue_150th_Newport
3196,within,0.035287,-0.087021,0.02538,0.0,-0.1,0.033333,Bellevue_150th_Newport
3197,within,0.036503,-0.086355,0.024958,0.0,-0.133333,0.066667,Bellevue_150th_Newport
3198,within,0.036232,-0.086742,0.024965,0.0,-0.1,0.1,Bellevue_150th_Newport
3199,within,0.033379,-0.100377,0.029709,0.05,-0.116667,0.066667,Bellevue_150th_Newport
3200,within,0.033074,-0.088202,0.025293,0.0,-0.133333,0.066667,Bellevue_150th_Newport
3201,within,0.033333,-0.088359,0.025178,0.066667,-0.1,0.066667,Bellevue_150th_Newport
3202,within,0.033666,-0.087491,0.024978,0.0,-0.2,0.033333,Bellevue_150th_Newport
3203,within,0.034215,-0.087113,0.02491,0.016667,-0.15,0.116667,Bellevue_150th_Newport
3204,within,0.032817,-0.086952,0.024077,0.033333,-0.133333,0.066667,Bellevue_150th_Newport
3205,within,0.035711,-0.087861,0.025806,0.0,-0.166667,0.033333,Bellevue_150th_Newport
3206,within,0.035078,-0.087444,0.025446,0.0,-0.1,0.033333,Bellevue_150th_Newport
3207,within,0.035667,-0.087376,0.025406,0.0,-0.166667,0.066667,Bellevue_150th_Newport
3208,within,0.033999,-0.08851,0.026004,0.0,-0.166667,0.133333,Bellevue_150th_Newport
3209,within,0.035263,-0.087452,0.025477,0.0,-0.166667,0.1,Bellevue_150th_Newport
3210,within,0.084254,-0.039955,0.019222,0.188889,-0.066667,0.1,Bellevue_150th_Newport
3211,within,0.437521,0.145367,0.059778,0.133333,0.033333,0.066667,Bellevue_150th_Newport
3212,within,0.190388,0.008329,0.034209,0.066667,-0.133333,0.116667,Bellevue_150th_Newport
3213,within,0.034945,-0.086735,0.024695,0.0,-0.066667,0.066667,Bellevue_150th_Newport
3214,within,0.036284,-0.086466,0.024975,0.033333,-0.066667,0.0,Bellevue_150th_Newport
3215,within,0.034982,-0.086377,0.024313,0.033333,-0.133333,0.1,Bellevue_150th_Newport
3216,within,0.032905,-0.088846,0.025595,0.033333,-0.266667,0.166667,Bellevue_150th_Newport
3217,within,0.034585,-0.086845,0.024702,0.0,-0.1,0.033333,Bellevue_150th_Newport
3218,within,0.218873,0.033685,0.031913,0.266667,0.161111,0.0,Bellevue_150th_Newport
3219,within,0.377017,0.083913,0.052408,0.033333,-0.033333,0.0,Bellevue_150th_Newport
3220,within,0.117729,-0.017257,0.015665,0.0,-0.166667,0.066667,Bellevue_150th_Newport
3221,within,0.032672,-0.088209,0.024839,0.0,-0.133333,0.133333,Bellevue_150th_Newport
3222,within,0.03718,-0.086061,0.024987,0.033333,-0.066667,0.033333,Bellevue_150th_Newport
3223,within,0.035227,-0.099744,0.029803,0.033333,-0.166667,0.066667,Bellevue_150th_Newport
3224,within,0.036453,-0.087749,0.026077,0.0,-0.066667,0.066667,Bellevue_150th_Newport
3225,within,0.149017,-0.018831,0.032561,0.15,-0.05,0.1,Bellevue_150th_Newport
3226,within,0.179282,0.004199,0.021688,0.05,-0.083333,0.033333,Bellevue_150th_Newport
3227,within,0.032409,-0.099422,0.029282,0.0,-0.166667,0.066667,Bellevue_150th_Newport
3228,within,0.033805,-0.087565,0.024979,0.0,-0.166667,0.1,Bellevue_150th_Newport
3229,within,0.032781,-0.088512,0.025041,0.0,-0.133333,0.133333,Bellevue_150th_Newport
3230,within,0.135084,-0.008897,0.02612,0.0,0.0,0.0,Bellevue_150th_Newport
3231,within,0.240249,0.040673,0.034622,0.083333,-0.033333,0.033333,Bellevue_150th_Newport
3232,within,0.092758,-0.041094,0.018521,0.0,-0.066667,0.033333,Bellevue_150th_Newport
3233,within,0.033714,-0.088643,0.025479,0.0,0.0,0.0,Bellevue_150th_Newport
3234,within,0.034132,-0.08766,0.024912,0.0,0.0,0.0,Bellevue_150th_Newport
3235,within,0.034967,-0.087004,0.024709,0.0,-0.1,0.066667,Bellevue_150th_Newport
3236,within,0.031712,-0.088897,0.024816,0.0,-0.066667,0.033333,Bellevue_150th_Newport
3237,within,0.031152,-0.088754,0.024666,0.0,-0.066667,0.066667,Bellevue_150th_Newport
3238,within,0.034249,-0.088211,0.025668,0.0,-0.266667,0.2,Bellevue_150th_Newport
3239,within,0.032268,-0.100585,0.029408,0.033333,-0.133333,0.0,Bellevue_150th_Newport
3240,within,0.03406,-0.088624,0.025634,0.033333,-0.066667,0.033333,Bellevue_150th_Newport
3241,within,0.036528,-0.086409,0.025082,0.0,-0.233333,0.133333,Bellevue_150th_Newport
3242,within,0.037627,-0.085899,0.024788,0.0,-0.1,0.066667,Bellevue_150th_Newport
3243,within,0.032937,-0.088529,0.025214,0.0,-0.066667,0.066667,Bellevue_150th_Newport
3244,within,0.035085,-0.086019,0.023854,0.0,-0.266667,0.166667,Bellevue_150th_Newport
3245,within,0.032177,-0.088059,0.024353,0.0,-0.166667,0.1,Bellevue_150th_Newport
3246,within,0.033626,-0.0884,0.025294,0.0,-0.2,0.066667,Bellevue_150th_Newport
3247,within,0.037393,-0.086173,0.02504,0.0,-0.166667,0.066667,Bellevue_150th_Newport
3248,within,0.038074,-0.085482,0.024902,0.083333,0.0,0.066667,Bellevue_150th_Newport
3249,within,0.171356,0.010804,0.027441,0.1,-0.033333,0.0,Bellevue_150th_Newport
3250,within,0.044724,-0.073816,0.021393,0.0,-0.1,0.1,Bellevue_150th_Newport
3251,within,0.032149,-0.100806,0.029874,0.0,0.0,0.0,Bellevue_150th_Newport
3252,within,0.034162,-0.087816,0.025134,0.0,-0.066667,0.0,Bellevue_150th_Newport
3253,within,0.033186,-0.088216,0.024935,0.0,-0.166667,0.033333,Bellevue_150th_Newport
3254,within,0.034797,-0.086448,0.024504,0.0,-0.2,0.033333,Bellevue_150th_Newport
3255,within,0.033214,-0.087821,0.024917,0.0,-0.066667,0.033333,Bellevue_150th_Newport
3256,within,0.033772,-0.088715,0.025785,0.0,0.0,0.0,Bellevue_150th_Newport
3257,within,0.034757,-0.08759,0.025426,0.0,-0.166667,0.033333,Bellevue_150th_Newport
3258,within,0.036623,-0.086504,0.02512,0.0,-0.166667,0.1,Bellevue_150th_Newport
3259,within,0.033612,-0.088721,0.025841,0.016667,-0.15,0.066667,Bellevue_150th_Newport
3260,within,0.039284,-0.081093,0.023636,0.1,-0.133333,0.133333,Bellevue_150th_Newport
3261,within,0.233525,0.04949,0.028725,0.066667,0.033333,0.0,Bellevue_150th_Newport
3262,within,0.093662,-0.032363,0.015585,0.066667,0.016667,0.0,Bellevue_150th_Newport
3263,within,0.135363,-0.001752,0.015048,0.0,-0.233333,0.066667,Bellevue_150th_Newport
3264,within,0.042581,-0.077818,0.022075,0.0,-0.2,0.133333,Bellevue_150th_Newport
3265,within,0.036988,-0.083055,0.024028,0.166667,-0.066667,0.066667,Bellevue_150th_Newport
3266,within,0.318073,0.096282,0.038708,0.133333,-0.05,0.066667,Bellevue_150th_Newport
3267,within,0.080478,-0.046262,0.018959,0.0,-0.166667,0.1,Bellevue_150th_Newport
3268,within,0.032475,-0.087814,0.024864,0.0,-0.066667,0.066667,Bellevue_150th_Newport
3269,within,0.03321,-0.088018,0.024914,0.1,-0.133333,0.05,Bellevue_150th_Newport
3270,within,0.221838,0.044561,0.027588,0.283333,0.05,0.05,Bellevue_150th_Newport
3271,within,0.087505,-0.03491,0.01526,0.0,-0.2,0.0,Bellevue_150th_Newport
3272,within,0.045104,-0.079075,0.023142,0.083333,-0.25,0.133333,Bellevue_150th_Newport
3273,within,0.521695,0.192008,0.07806,0.483333,0.15,0.183333,Bellevue_150th_Newport
3274,within,0.1192,-0.01452,0.00844,0.033333,0.033333,0.0,Bellevue_150th_Newport
3275,within,0.164145,0.01266,0.020919,0.0,-0.233333,0.066667,Bellevue_150th_Newport
3276,within,0.036933,-0.08592,0.02511,0.0,-0.266667,0.1,Bellevue_150th_Newport
3277,within,0.03371,-0.088493,0.025276,0.033333,-0.166667,0.1,Bellevue_150th_Newport
3278,within,0.034913,-0.087516,0.025042,0.0,-0.2,0.133333,Bellevue_150th_Newport
3279,within,0.031493,-0.100871,0.029678,0.0,-0.233333,0.133333,Bellevue_150th_Newport
3280,within,0.033348,-0.088784,0.025166,0.0,-0.166667,0.033333,Bellevue_150th_Newport
3281,within,0.082044,-0.039042,0.019376,0.1,-0.066667,0.0,Bellevue_150th_Newport
3282,within,0.196188,0.022716,0.029232,0.45,0.1,0.033333,Bellevue_150th_Newport
3283,within,0.299078,0.081822,0.036682,0.0,0.0,0.0,Bellevue_150th_Newport
3284,within,0.039948,-0.079657,0.021292,0.0,0.0,0.0,Bellevue_150th_Newport
3285,within,0.032914,-0.087766,0.024781,0.0,-0.2,0.166667,Bellevue_150th_Newport
3286,within,0.031966,-0.088092,0.02476,0.0,-0.133333,0.1,Bellevue_150th_Newport
3287,within,0.03351,-0.087462,0.023924,0.0,-0.133333,0.066667,Bellevue_150th_Newport
3288,within,0.034355,-0.087646,0.025407,0.0,-0.133333,0.1,Bellevue_150th_Newport
3289,within,0.092135,-0.033786,0.017646,0.033333,-0.133333,0.133333,Bellevue_150th_Newport
3290,within,0.200024,0.02872,0.029188,0.316667,0.2,0.033333,Bellevue_150th_Newport
3291,within,0.145692,-0.012506,0.026969,0.0,-0.033333,0.0,Bellevue_150th_Newport
3292,within,0.038494,-0.083754,0.023906,0.0,-0.266667,0.133333,Bellevue_150th_Newport
3293,within,0.034336,-0.087983,0.025474,0.266667,-0.0,0.1,Bellevue_150th_Newport
3294,within,0.156579,-0.025487,0.032757,0.355556,0.233333,0.0,Bellevue_150th_Newport
3295,within,0.123275,-0.029871,0.022763,0.0,-0.166667,0.066667,Bellevue_150th_Newport
3296,within,0.068957,-0.049938,0.016568,0.033333,-0.1,0.033333,Bellevue_150th_Newport
3297,within,0.034705,-0.087109,0.024792,0.0,-0.166667,0.1,Bellevue_150th_Newport
3298,within,0.033719,-0.087742,0.024972,0.0,-0.233333,0.133333,Bellevue_150th_Newport
3299,within,0.03623,-0.086367,0.02458,0.0,-0.233333,0.066667,Bellevue_150th_Newport
3300,within,0.03353,-0.087819,0.024964,0.0,-0.066667,0.033333,Bellevue_150th_Newport
3301,within,0.033569,-0.087612,0.02472,0.0,-0.1,0.033333,Bellevue_150th_Newport
3302,within,0.032578,-0.08831,0.024738,0.0,-0.266667,0.266667,Bellevue_150th_Newport
3303,within,0.029621,-0.101321,0.029463,0.0,-0.2,0.166667,Bellevue_150th_Newport
3304,within,0.036694,-0.08652,0.025235,0.0,-0.1,0.066667,Bellevue_150th_Newport
3305,within,0.038662,-0.081781,0.023867,0.25,-0.016667,0.066667,Bellevue_150th_Newport
3306,within,0.250978,0.055573,0.027736,0.2,0.1,0.0,Bellevue_150th_Newport
3307,within,0.18246,0.019004,0.026697,0.516667,0.183333,0.083333,Bellevue_150th_Newport
3308,within,0.399761,0.13214,0.049873,0.1,-0.033333,0.05,Bellevue_150th_Newport
3309,within,0.073604,-0.045758,0.016266,0.0,-0.1,0.033333,Bellevue_150th_Newport
3310,within,0.034296,-0.087492,0.025454,0.0,-0.066667,0.0,Bellevue_150th_Newport
3311,within,0.037913,-0.086015,0.025145,0.066667,-0.3,0.15,Bellevue_150th_Newport
3312,within,0.132051,-0.031353,0.030426,0.044444,0.022222,0.0,Bellevue_150th_Newport
3313,within,0.206305,0.022851,0.028731,0.033333,-0.1,0.066667,Bellevue_150th_Newport
3314,within,0.075109,-0.045929,0.017717,0.0,-0.133333,0.066667,Bellevue_150th_Newport
3315,within,0.033408,-0.087297,0.024613,0.033333,-0.2,0.066667,Bellevue_150th_Newport
3316,within,0.03494,-0.087173,0.02471,0.0,-0.033333,0.033333,Bellevue_150th_Newport
3317,within,0.034774,-0.087378,0.025022,0.0,-0.066667,0.0,Bellevue_150th_Newport
3318,within,0.032977,-0.087971,0.024963,0.0,-0.066667,0.0,Bellevue_150th_Newport
3319,within,0.031239,-0.100351,0.029226,0.0,-0.066667,0.033333,Bellevue_150th_Newport
3320,within,0.035529,-0.087705,0.025956,0.0,-0.133333,0.1,Bellevue_150th_Newport
3321,within,0.058782,-0.074382,0.023713,0.0,-0.133333,0.1,Bellevue_150th_Newport
3322,within,0.037058,-0.086525,0.025397,0.0,-0.066667,0.033333,Bellevue_150th_Newport
3323,within,0.035991,-0.086419,0.025077,0.0,-0.133333,0.033333,Bellevue_150th_Newport
3324,within,0.036333,-0.086267,0.025125,0.0,-0.366667,0.133333,Bellevue_150th_Newport
3325,within,0.034107,-0.087711,0.025396,0.0,-0.166667,0.0,Bellevue_150th_Newport
3326,within,0.034811,-0.087631,0.025481,0.0,-0.066667,0.066667,Bellevue_150th_Newport
3327,within,0.03659,-0.08595,0.024884,0.0,-0.1,0.066667,Bellevue_150th_Newport
3328,within,0.034115,-0.088237,0.025801,0.0,-0.1,0.066667,Bellevue_150th_Newport
3329,within,0.03427,-0.087907,0.025489,0.033333,-0.133333,0.133333,Bellevue_150th_Newport
3330,within,0.033319,-0.087809,0.025152,0.066667,-0.133333,0.066667,Bellevue_150th_Newport
3331,within,0.032028,-0.101011,0.029797,0.0,-0.233333,0.1,Bellevue_150th_Newport
3332,within,0.034165,-0.08729,0.024869,0.133333,-0.116667,0.033333,Bellevue_150th_Newport
3333,within,0.11383,-0.013963,0.013631,0.033333,-0.2,0.033333,Bellevue_150th_Newport
3334,within,0.438129,0.149126,0.057442,0.366667,0.2,0.033333,Bellevue_150th_Newport
3335,within,0.09466,-0.030645,0.015863,0.0,-0.066667,0.033333,Bellevue_150th_Newport
3336,within,0.031965,-0.088685,0.02504,0.0,-0.2,0.066667,Bellevue_150th_Newport
3337,within,0.198421,0.00391,0.043815,0.033333,0.0,0.0,Bellevue_150th_Newport
3338,within,0.03783,-0.08225,0.022566,0.0,-0.233333,0.133333,Bellevue_150th_Newport
3339,within,0.085999,-0.036928,0.017793,0.016667,-0.1,0.066667,Bellevue_150th_Newport
3340,within,0.192736,0.021972,0.028254,0.333333,0.05,0.166667,Bellevue_150th_Newport
3341,within,0.037217,-0.085359,0.024525,0.0,-0.2,0.133333,Bellevue_150th_Newport
3342,within,0.03533,-0.087379,0.025545,0.0,-0.166667,0.1,Bellevue_150th_Newport
3343,within,0.032542,-0.100933,0.030304,0.016667,-0.216667,0.1,Bellevue_150th_Newport
3344,within,0.033648,-0.088889,0.02597,0.033333,-0.433333,0.2,Bellevue_150th_Newport
3345,within,0.033092,-0.088949,0.025842,0.0,-0.066667,0.066667,Bellevue_150th_Newport
3346,within,0.034541,-0.087324,0.024968,0.033333,-0.233333,0.066667,Bellevue_150th_Newport
3347,within,0.029425,-0.097709,0.027848,0.0,-0.066667,0.033333,Bellevue_150th_Newport
3348,within,0.034533,-0.08777,0.025366,0.0,-0.066667,0.066667,Bellevue_150th_Newport
3349,within,0.031568,-0.089358,0.025508,0.0,-0.066667,0.033333,Bellevue_150th_Newport
3350,within,0.033188,-0.088557,0.025603,0.0,-0.1,0.0,Bellevue_150th_Newport
3351,within,0.033182,-0.088099,0.025157,0.1,-0.2,0.066667,Bellevue_150th_Newport
3352,within,0.03254,-0.088656,0.025197,0.0,-0.1,0.033333,Bellevue_150th_Newport
3353,within,0.032246,-0.088464,0.025016,0.0,-0.233333,0.166667,Bellevue_150th_Newport
3354,within,0.032484,-0.088379,0.024797,0.016667,-0.183333,0.066667,Bellevue_150th_Newport
3355,within,0.034564,-0.087804,0.025576,0.0,-0.066667,0.033333,Bellevue_150th_Newport
3356,within,0.033814,-0.088673,0.0257,0.0,-0.133333,0.033333,Bellevue_150th_Newport
3357,within,0.153139,0.006604,0.023766,0.0,0.0,0.0,Bellevue_150th_Newport
3358,within,0.187703,0.021749,0.026509,0.2,0.033333,0.033333,Bellevue_150th_Newport
3359,within,0.0541,-0.085466,0.025793,0.0,-0.066667,0.0,Bellevue_150th_Newport
3360,within,0.033512,-0.089475,0.02596,0.0,-0.033333,0.033333,Bellevue_150th_Newport
3361,within,0.032879,-0.089107,0.025733,0.0,-0.1,0.033333,Bellevue_150th_Newport
3362,within,0.035481,-0.08643,0.024681,0.0,-0.066667,0.0,Bellevue_150th_Newport
3363,within,0.033647,-0.087819,0.024835,0.033333,-0.1,0.066667,Bellevue_150th_Newport
3364,within,0.033363,-0.088439,0.025615,0.033333,-0.2,0.133333,Bellevue_150th_Newport
3365,within,0.033974,-0.088166,0.025314,0.0,-0.233333,0.066667,Bellevue_150th_Newport
3366,within,0.034011,-0.088093,0.025579,0.0,-0.066667,0.033333,Bellevue_150th_Newport
3367,within,0.035497,-0.087336,0.025368,0.0,-0.066667,0.066667,Bellevue_150th_Newport
3368,within,0.034927,-0.087253,0.025315,0.0,-0.2,0.033333,Bellevue_150th_Newport
3369,within,0.032414,-0.088547,0.025209,0.0,-0.2,0.1,Bellevue_150th_Newport
3370,within,0.031524,-0.088361,0.02477,0.0,-0.1,0.033333,Bellevue_150th_Newport
3371,within,0.032526,-0.101035,0.030163,0.0,-0.133333,0.0,Bellevue_150th_Newport
3372,within,0.036151,-0.086942,0.025232,0.0,-0.066667,0.0,Bellevue_150th_Newport
3373,within,0.034514,-0.087786,0.025718,0.033333,-0.066667,0.033333,Bellevue_150th_Newport
3374,within,0.460371,0.172453,0.064343,0.322222,0.1,0.033333,Bellevue_150th_Newport
3375,within,0.162526,0.01248,0.021156,0.0,-0.033333,0.0,Bellevue_150th_Newport
3376,within,0.175146,0.013758,0.024317,0.116667,0.033333,0.0,Bellevue_150th_Newport
3377,within,0.033172,-0.088863,0.025489,0.033333,-0.033333,0.033333,Bellevue_150th_Newport
3378,within,0.032755,-0.087953,0.024828,0.0,-0.166667,0.033333,Bellevue_150th_Newport
3379,within,0.033403,-0.087934,0.024728,0.033333,-0.1,0.066667,Bellevue_150th_Newport
3380,within,0.03218,-0.0886,0.024814,0.0,-0.1,0.033333,Bellevue_150th_Newport
3381,within,0.032014,-0.089181,0.025393,0.033333,-0.133333,0.066667,Bellevue_150th_Newport
3382,within,0.052337,-0.06709,0.021353,0.35,-0.0,0.15,Bellevue_150th_Newport
3383,within,0.105595,-0.021881,0.011342,0.0,-0.033333,0.0,Bellevue_150th_Newport
3384,within,0.063705,-0.069916,0.027575,0.033333,0.033333,0.0,Bellevue_150th_Newport
3385,within,0.387485,0.139247,0.050644,0.55,-0.083333,0.216667,Bellevue_150th_Newport
3386,within,0.413727,0.153185,0.05149,0.183333,-0.033333,0.0,Bellevue_150th_Newport
3387,within,0.045215,-0.086873,0.026955,0.0,-0.133333,0.0,Bellevue_150th_Newport
3388,within,0.037397,-0.086193,0.025374,0.0,-0.166667,0.0,Bellevue_150th_Newport
3389,within,0.036954,-0.085693,0.024854,0.0,-0.033333,0.033333,Bellevue_150th_Newport
3390,within,0.183737,0.022569,0.024859,0.183333,0.033333,0.033333,Bellevue_150th_Newport
3391,within,0.163175,-0.004231,0.030281,0.1,-0.216667,0.133333,Bellevue_150th_Newport
3392,within,0.322991,0.078117,0.043587,0.2,0.05,0.0,Bellevue_150th_Newport
3393,within,0.04281,-0.079375,0.023665,0.0,-0.133333,0.033333,Bellevue_150th_Newport
3394,within,0.033902,-0.087955,0.025046,0.0,-0.133333,0.0,Bellevue_150th_Newport
3395,within,0.035082,-0.08641,0.024553,0.0,-0.2,0.166667,Bellevue_150th_Newport
3396,within,0.033607,-0.087644,0.024972,0.0,-0.133333,0.033333,Bellevue_150th_Newport
3397,within,0.061014,-0.056629,0.019066,0.0,-0.033333,0.0,Bellevue_150th_Newport
3398,within,0.176135,0.014962,0.025951,0.266667,0.083333,0.033333,Bellevue_150th_Newport
3399,within,0.034951,-0.098915,0.028926,0.0,-0.1,0.1,Bellevue_150th_Newport
3400,within,0.164336,0.016655,0.021163,0.283333,0.066667,0.033333,Bellevue_150th_Newport
3401,within,0.224495,0.039052,0.032249,0.066667,0.0,0.0,Bellevue_150th_Newport
3402,within,0.127006,-0.008869,0.015621,0.0,-0.1,0.0,Bellevue_150th_Newport
3403,within,0.035724,-0.086582,0.025234,0.0,-0.166667,0.066667,Bellevue_150th_Newport
3404,within,0.080567,-0.046938,0.020535,0.366667,0.1,0.1,Bellevue_150th_Newport
3405,within,0.114366,-0.01911,0.013683,0.0,-0.133333,0.033333,Bellevue_150th_Newport
3406,within,0.037387,-0.084526,0.024548,0.0,-0.1,0.066667,Bellevue_150th_Newport
3407,within,0.036039,-0.087045,0.025245,0.0,-0.1,0.066667,Bellevue_150th_Newport
3408,within,0.033395,-0.087479,0.024787,0.033333,-0.033333,0.033333,Bellevue_150th_Newport
3409,within,0.036268,-0.08644,0.024711,0.0,-0.1,0.033333,Bellevue_150th_Newport
3410,within,0.032457,-0.088268,0.024945,0.066667,-0.2,0.033333,Bellevue_150th_Newport
3411,within,0.286694,0.07814,0.037438,0.316667,0.083333,0.116667,Bellevue_150th_Newport
3412,within,0.142563,-0.014776,0.017638,0.016667,-0.033333,0.033333,Bellevue_150th_Newport
3413,within,0.075652,-0.049481,0.01568,0.0,-0.1,0.033333,Bellevue_150th_Newport
3414,within,0.049383,-0.07612,0.021007,0.0,-0.133333,0.066667,Bellevue_150th_Newport
3415,within,0.047535,-0.076669,0.02091,0.033333,-0.066667,0.033333,Bellevue_150th_Newport
3416,within,0.144606,0.00573,0.017194,0.75,0.2,0.133333,Bellevue_150th_Newport
3417,within,0.265255,0.052641,0.034124,0.033333,-0.033333,0.0,Bellevue_150th_Newport
3418,within,0.03637,-0.085775,0.024304,0.033333,-0.1,0.0,Bellevue_150th_Newport
3419,within,0.036394,-0.086271,0.025499,0.0,-0.033333,0.0,Bellevue_150th_Newport
3420,within,0.035625,-0.086942,0.025141,0.0,-0.133333,0.066667,Bellevue_150th_Newport
3421,within,0.035943,-0.086151,0.025052,0.0,-0.133333,0.066667,Bellevue_150th_Newport
3422,within,0.038451,-0.085662,0.025275,0.0,-0.233333,0.066667,Bellevue_150th_Newport
3423,within,0.033222,-0.087508,0.025165,0.033333,-0.066667,0.0,Bellevue_150th_Newport
3424,within,0.033924,-0.099884,0.029936,0.0,-0.066667,0.033333,Bellevue_150th_Newport
3425,within,0.038885,-0.084635,0.024979,0.0,-0.1,0.066667,Bellevue_150th_Newport
3426,within,0.036819,-0.086134,0.025269,0.0,-0.166667,0.0,Bellevue_150th_Newport
3427,within,0.102856,-0.030058,0.025246,0.116667,-0.183333,0.05,Bellevue_150th_Newport
3428,within,0.276603,0.065071,0.037433,0.066667,-0.3,0.166667,Bellevue_150th_Newport
3429,within,0.057631,-0.065776,0.02073,0.033333,-0.133333,0.066667,Bellevue_150th_Newport
3430,within,0.166339,0.011819,0.023111,0.316667,0.116667,0.016667,Bellevue_150th_Newport
3431,within,0.424465,0.134753,0.054371,0.15,0.05,0.05,Bellevue_150th_Newport
3432,within,0.059512,-0.058082,0.018107,0.0,-0.1,0.1,Bellevue_150th_Newport
3433,within,0.031862,-0.088209,0.024784,0.0,-0.166667,0.033333,Bellevue_150th_Newport
3434,within,0.035596,-0.086224,0.024866,0.0,-0.166667,0.033333,Bellevue_150th_Newport
3435,within,0.035099,-0.086896,0.025367,0.0,-0.2,0.066667,Bellevue_150th_Newport
3436,within,0.033246,-0.100752,0.030165,0.0,-0.2,0.066667,Bellevue_150th_Newport
3437,within,0.036991,-0.087098,0.02596,0.033333,-0.3,0.133333,Bellevue_150th_Newport
3438,within,0.03616,-0.086436,0.025162,0.0,-0.133333,0.033333,Bellevue_150th_Newport
3439,within,0.036247,-0.08593,0.024924,0.0,-0.1,0.033333,Bellevue_150th_Newport
3440,within,0.033285,-0.087482,0.024928,0.0,-0.166667,0.0,Bellevue_150th_Newport
3441,within,0.033225,-0.087442,0.024639,0.033333,-0.266667,0.1,Bellevue_150th_Newport
3442,within,0.035226,-0.087286,0.025489,0.216667,0.033333,0.033333,Bellevue_150th_Newport
3443,within,0.114662,-0.017801,0.015455,0.0,-0.066667,0.0,Bellevue_150th_Newport
3444,within,0.16415,0.011829,0.022761,0.116667,0.0,0.033333,Bellevue_150th_Newport
3445,within,0.206155,0.036694,0.028005,0.133333,0.0,0.0,Bellevue_150th_Newport
3446,within,0.068685,-0.051436,0.019896,0.216667,-0.016667,0.016667,Bellevue_150th_Newport
3447,within,0.115449,-0.010741,0.010698,0.0,-0.166667,0.033333,Bellevue_150th_Newport
3448,within,0.042926,-0.089234,0.027061,0.033333,-0.2,0.033333,Bellevue_150th_Newport
3449,within,0.033683,-0.088533,0.025472,0.216667,-0.066667,0.033333,Bellevue_150th_Newport
3450,within,0.155321,0.004462,0.01986,0.133333,0.05,0.0,Bellevue_150th_Newport
3451,within,0.049367,-0.072469,0.021005,0.0,-0.2,0.033333,Bellevue_150th_Newport
3452,within,0.031511,-0.095449,0.027358,0.0,-0.166667,0.0,Bellevue_150th_Newport
3453,within,0.033584,-0.088337,0.025464,0.033333,-0.133333,0.1,Bellevue_150th_Newport
3454,within,0.034727,-0.087348,0.025111,0.0,-0.233333,0.066667,Bellevue_150th_Newport
3455,within,0.033967,-0.087561,0.025108,0.033333,-0.1,0.033333,Bellevue_150th_Newport
3456,within,0.037645,-0.08595,0.02527,0.033333,-0.166667,0.033333,Bellevue_150th_Newport
3457,within,0.456479,0.165369,0.062396,0.316667,0.083333,0.116667,Bellevue_150th_Newport
3458,within,0.16047,0.012855,0.020775,0.033333,-0.033333,0.0,Bellevue_150th_Newport
3459,within,0.205763,0.031175,0.028873,0.188889,0.033333,0.033333,Bellevue_150th_Newport
3460,within,0.189812,0.021442,0.025642,0.0,0.0,0.0,Bellevue_150th_Newport
3461,within,0.041547,-0.079752,0.022371,0.0,-0.1,0.033333,Bellevue_150th_Newport
3462,within,0.033666,-0.089118,0.026153,0.0,-0.2,0.066667,Bellevue_150th_Newport
3463,within,0.034986,-0.087887,0.025657,0.033333,-0.133333,0.0,Bellevue_150th_Newport
3464,within,0.036684,-0.093518,0.028675,0.133333,-0.066667,0.05,Bellevue_150th_Newport
3465,within,0.427084,0.145821,0.054404,0.25,0.1,0.033333,Bellevue_150th_Newport
3466,within,0.095428,-0.03026,0.016631,0.0,-0.066667,0.033333,Bellevue_150th_Newport
3467,within,0.037367,-0.085294,0.024872,0.0,-0.1,0.033333,Bellevue_150th_Newport
3468,within,0.036308,-0.08634,0.024922,0.0,-0.166667,0.033333,Bellevue_150th_Newport
3469,within,0.037155,-0.085557,0.025211,0.0,-0.1,0.033333,Bellevue_150th_Newport
3470,within,0.031585,-0.08945,0.025706,0.0,-0.1,0.066667,Bellevue_150th_Newport
3471,within,0.213444,0.036892,0.029466,0.283333,0.066667,0.033333,Bellevue_150th_Newport
3472,within,0.168684,0.007715,0.02378,0.033333,0.0,0.0,Bellevue_150th_Newport
3473,within,0.165132,0.009514,0.02142,0.216667,0.066667,0.033333,Bellevue_150th_Newport
3474,within,0.127511,-0.001216,0.014492,0.266667,0.1,0.0,Bellevue_150th_Newport
3475,within,0.159727,0.012359,0.017435,0.1,0.1,0.0,Bellevue_150th_Newport
3476,within,0.063672,-0.062108,0.022099,0.05,-0.116667,0.066667,Bellevue_150th_Newport
3477,within,0.034449,-0.087465,0.025643,0.0,0.0,0.0,Bellevue_150th_Newport
3478,within,0.032754,-0.086859,0.024607,0.0,-0.133333,0.066667,Bellevue_150th_Newport
3479,within,0.034973,-0.086578,0.025173,0.033333,-0.033333,0.033333,Bellevue_150th_Newport
3480,within,0.035295,-0.086549,0.02477,0.033333,-0.2,0.133333,Bellevue_150th_Newport
3481,within,0.036436,-0.085851,0.025079,0.0,0.0,0.0,Bellevue_150th_Newport
3482,within,0.03202,-0.089091,0.025565,0.0,-0.1,0.066667,Bellevue_150th_Newport
3483,within,0.123024,-0.015528,0.019163,0.033333,-0.133333,0.066667,Bellevue_150th_Newport
3484,within,0.24425,0.056546,0.034449,0.433333,0.216667,0.0,Bellevue_150th_Newport
3485,within,0.220828,0.036081,0.0279,0.116667,0.0,0.033333,Bellevue_150th_Newport
3486,within,0.217909,0.032599,0.030191,0.2,0.1,0.0,Bellevue_150th_Newport
3487,within,0.050196,-0.076182,0.024036,0.1,0.0,0.0,Bellevue_150th_Newport
3488,within,0.277223,0.072883,0.034352,0.083333,0.05,0.0,Bellevue_150th_Newport
3489,within,0.080917,-0.039702,0.016632,0.3,-0.033333,0.033333,Bellevue_150th_Newport
3490,within,0.245791,0.061316,0.031223,0.066667,0.033333,0.0,Bellevue_150th_Newport
3491,within,0.092762,-0.032454,0.017182,0.0,-0.133333,0.033333,Bellevue_150th_Newport
3492,within,0.035369,-0.096541,0.029027,0.0,0.0,0.0,Bellevue_150th_Newport
3493,within,0.034115,-0.087136,0.025113,0.033333,-0.016667,0.0,Bellevue_150th_Newport
3494,within,0.090027,-0.034158,0.016512,0.0,-0.1,0.0,Bellevue_150th_Newport
3495,within,0.033106,-0.088255,0.02548,0.066667,0.0,0.033333,Bellevue_150th_Newport
3496,within,0.212015,0.026254,0.032587,0.033333,0.0,0.033333,Bellevue_150th_Newport
3497,within,0.181843,0.009143,0.029815,0.687778,0.113889,0.006667,Bellevue_150th_Newport
3498,within,0.463185,0.143709,0.065676,0.166667,0.066667,0.0,Bellevue_150th_Newport
3499,within,0.098631,-0.032179,0.016713,0.116667,0.0,0.0,Bellevue_150th_Newport
3500,within,0.097913,-0.02195,0.010096,0.016667,-0.15,0.0,Bellevue_150th_Newport
3501,within,0.042252,-0.079171,0.023302,0.05,0.033333,0.0,Bellevue_150th_Newport
3502,within,0.109483,-0.019637,0.014852,0.183333,0.066667,0.0,Bellevue_150th_Newport
3503,within,0.190414,0.02168,0.020735,0.275,0.113889,0.027778,Bellevue_150th_Newport
3504,within,0.427051,0.133088,0.056727,0.133333,0.033333,0.0,Bellevue_150th_Newport
3505,within,0.188637,0.026139,0.021702,0.0,-0.133333,0.033333,Bellevue_150th_Newport
3506,within,0.033362,-0.089077,0.025861,0.0,-0.266667,0.1,Bellevue_150th_Newport
3507,within,0.035453,-0.087725,0.02536,0.0,-0.1,0.0,Bellevue_150th_Newport
3508,within,0.16594,0.012822,0.022843,0.2,0.016667,0.0,Bellevue_150th_Newport
3509,within,0.109498,-0.027019,0.019014,0.066667,0.0,0.033333,Bellevue_150th_Newport
3510,within,0.149822,-0.001317,0.0241,0.033333,-0.066667,0.033333,Bellevue_150th_Newport
3511,within,0.057706,-0.060588,0.019653,0.033333,-0.166667,0.033333,Bellevue_150th_Newport
3512,within,0.574667,0.19168,0.090846,0.472222,0.216667,0.066667,Bellevue_150th_Newport
3513,within,0.375534,0.11969,0.047425,0.233333,0.133333,0.066667,Bellevue_150th_Newport
3514,within,0.09346,-0.030066,0.014357,0.0,-0.1,0.0,Bellevue_150th_Newport
3515,within,0.034948,-0.085724,0.023953,0.0,-0.2,0.0,Bellevue_150th_Newport
3516,within,0.030798,-0.101603,0.029705,0.2,0.0,0.033333,Bellevue_150th_Newport
3517,within,0.163678,0.016154,0.019077,0.333333,0.2,0.033333,Bellevue_150th_Newport
3518,within,0.064811,-0.052385,0.017288,0.0,-0.266667,0.066667,Bellevue_150th_Newport
3519,within,0.031105,-0.089251,0.024837,0.0,-0.066667,0.033333,Bellevue_150th_Newport
3520,within,0.032286,-0.088848,0.024874,0.033333,-0.033333,0.033333,Bellevue_150th_Newport
3521,within,0.031659,-0.089204,0.025107,0.0,-0.3,0.066667,Bellevue_150th_Newport
3522,within,0.030525,-0.088988,0.024441,0.0,-0.233333,0.1,Bellevue_150th_Newport
3523,within,0.035313,-0.087214,0.024983,0.236111,-0.055556,0.05,Bellevue_150th_Newport
3524,within,0.229077,0.040977,0.03554,0.238889,0.111111,0.027778,Bellevue_150th_Newport
3525,within,0.263778,0.051334,0.034481,0.216667,0.116667,0.05,Bellevue_150th_Newport
3526,within,0.102844,-0.028286,0.017117,0.0,-0.233333,0.066667,Bellevue_150th_Newport
3527,within,0.034988,-0.087998,0.025755,0.05,-0.15,0.05,Bellevue_150th_Newport
3528,within,0.572413,0.193975,0.088894,0.316667,0.183333,0.05,Bellevue_150th_Newport
3529,within,0.115001,-0.019833,0.015321,0.0,-0.066667,0.0,Bellevue_150th_Newport
3530,within,0.037377,-0.085081,0.024349,0.033333,-0.066667,0.0,Bellevue_150th_Newport
3531,within,0.369497,0.116046,0.047266,0.233333,0.15,0.0,Bellevue_150th_Newport
3532,within,0.353282,0.102848,0.045401,0.383333,0.144444,0.0,Bellevue_150th_Newport
3533,within,0.548208,0.195803,0.079506,0.166667,0.033333,0.133333,Bellevue_150th_Newport
3534,within,0.144784,-0.001482,0.015437,0.033333,-0.233333,0.066667,Bellevue_150th_Newport
3535,within,0.037802,-0.083442,0.023678,0.0,-0.266667,0.166667,Bellevue_150th_Newport
3536,within,0.033163,-0.088772,0.025476,0.066667,0.033333,0.0,Bellevue_150th_Newport
3537,within,0.090828,-0.033637,0.015758,0.1,0.033333,0.0,Bellevue_150th_Newport
3538,within,0.10937,-0.009696,0.016242,0.35,0.216667,0.033333,Bellevue_150th_Newport
3539,within,0.286511,0.063193,0.036086,0.166667,0.133333,0.0,Bellevue_150th_Newport
3540,within,0.038205,-0.083915,0.024079,0.016667,-0.25,0.1,Bellevue_150th_Newport
3541,within,0.066499,-0.053502,0.019898,0.2,-0.116667,0.116667,Bellevue_150th_Newport
3542,within,0.430983,0.143333,0.055071,0.683333,0.25,0.4,Bellevue_150th_Newport
3543,within,0.704482,0.252181,0.102383,0.066667,-0.016667,0.0,Bellevue_150th_Newport
3544,within,0.035314,-0.09607,0.028129,0.033333,-0.133333,0.133333,Bellevue_150th_Newport
3545,within,0.034921,-0.088395,0.025674,0.0,-0.333333,0.233333,Bellevue_150th_Newport
3546,within,0.032728,-0.088942,0.025349,0.0,-0.1,0.033333,Bellevue_150th_Newport
3547,within,0.036616,-0.085999,0.024903,0.0,-0.1,0.033333,Bellevue_150th_Newport
3548,within,0.034981,-0.087451,0.025085,0.0,-0.166667,0.066667,Bellevue_150th_Newport
3549,within,0.123255,-0.007566,0.022249,0.333333,0.033333,0.166667,Bellevue_150th_Newport
3550,within,0.099424,-0.027692,0.016407,0.033333,-0.166667,0.066667,Bellevue_150th_Newport
3551,within,0.034278,-0.08738,0.025069,0.0,-0.2,0.066667,Bellevue_150th_Newport
3552,within,0.044107,-0.083035,0.025711,0.0,-0.1,0.0,Bellevue_150th_Newport
3553,within,0.037142,-0.086769,0.025737,0.0,-0.133333,0.0,Bellevue_150th_Newport
3554,within,0.035937,-0.087645,0.025744,0.066667,-0.1,0.066667,Bellevue_150th_Newport
3555,within,0.388678,0.126317,0.050753,0.7,0.333333,0.116667,Bellevue_150th_Newport
3556,within,0.245576,0.05151,0.023189,0.0,-0.033333,0.0,Bellevue_150th_Newport
3557,within,0.042952,-0.077921,0.022288,0.05,-0.033333,0.016667,Bellevue_150th_Newport
3558,within,0.22043,0.04396,0.033274,0.066667,-0.1,0.066667,Bellevue_150th_Newport
3559,within,0.054761,-0.0644,0.019015,0.0,-0.2,0.033333,Bellevue_150th_Newport
3560,within,0.071612,-0.050787,0.019482,0.033333,-0.1,0.033333,Bellevue_150th_Newport
3561,within,0.101821,-0.026539,0.016407,0.1,-0.1,0.0,Bellevue_150th_Newport
3562,within,0.05205,-0.068358,0.021118,0.111111,-0.022222,0.066667,Bellevue_150th_Newport
3563,within,0.154626,0.010543,0.01498,0.0,0.0,0.0,Bellevue_150th_Newport
3564,within,0.041399,-0.080542,0.022615,0.033333,-0.266667,0.066667,Bellevue_150th_Newport
3565,within,0.0336,-0.088748,0.024951,0.0,-0.2,0.033333,Bellevue_150th_Newport
3566,within,0.163974,0.014138,0.021188,0.0,0.0,0.0,Bellevue_150th_Newport
3567,within,0.234392,0.048978,0.032834,0.1,-0.066667,0.016667,Bellevue_150th_Newport
3568,within,0.031692,-0.101221,0.029534,0.1,-0.033333,0.033333,Bellevue_150th_Newport
3569,within,0.114707,-0.01301,0.016363,0.0,-0.066667,0.033333,Bellevue_150th_Newport
3570,within,0.047982,-0.072774,0.020693,0.0,-0.1,0.033333,Bellevue_150th_Newport
3571,within,0.03378,-0.088626,0.025324,0.0,-0.033333,0.0,Bellevue_150th_Newport
3572,within,0.153257,0.005848,0.023757,0.15,0.066667,0.033333,Bellevue_150th_Newport
3573,within,0.030484,-0.09052,0.024385,0.0,-0.233333,0.066667,Bellevue_150th_Newport
3574,within,0.034257,-0.088255,0.025588,0.0,-0.1,0.033333,Bellevue_150th_Newport
3575,within,0.037918,-0.083632,0.024039,0.0,-0.1,0.0,Bellevue_150th_Newport
3576,within,0.034599,-0.088034,0.025115,0.033333,0.0,0.0,Bellevue_150th_Newport
3577,within,0.198811,0.027309,0.027295,0.066667,0.0,0.0,Bellevue_150th_Newport
3578,within,0.244573,0.063412,0.033332,0.416667,0.133333,0.066667,Bellevue_150th_Newport
3579,within,0.183637,0.009737,0.026277,0.0,-0.033333,0.0,Bellevue_150th_Newport
3580,within,0.037011,-0.085498,0.023936,0.0,-0.066667,0.0,Bellevue_150th_Newport
3581,within,0.033749,-0.088564,0.025133,0.033333,-0.166667,0.066667,Bellevue_150th_Newport
3582,within,0.03865,-0.083474,0.024618,0.2,-0.083333,0.033333,Bellevue_150th_Newport
3583,within,0.290283,0.078607,0.034245,0.233333,0.083333,0.033333,Bellevue_150th_Newport
3584,within,0.053616,-0.077101,0.024521,0.0,-0.2,0.066667,Bellevue_150th_Newport
3585,within,0.033837,-0.08876,0.025342,0.133333,0.066667,0.033333,Bellevue_150th_Newport
3586,within,0.084289,-0.038134,0.016541,0.0,-0.166667,0.0,Bellevue_150th_Newport
3587,within,0.03381,-0.087568,0.024686,0.088889,-0.1,0.066667,Bellevue_150th_Newport
3588,within,0.182402,0.012742,0.031124,0.133333,0.0,0.033333,Bellevue_150th_Newport
3589,within,0.12708,-0.015298,0.017857,0.0,-0.133333,0.066667,Bellevue_150th_Newport
3590,within,0.043224,-0.078161,0.021595,0.0,-0.033333,0.0,Bellevue_150th_Newport
3591,within,0.074474,-0.049896,0.020392,0.0,-0.166667,0.066667,Bellevue_150th_Newport
3592,within,0.306706,0.060913,0.044778,0.194444,0.055556,0.0,Bellevue_150th_Newport
3593,within,0.317351,0.079454,0.039375,0.333333,0.155556,0.016667,Bellevue_150th_Newport
3594,within,0.159725,0.006363,0.019497,0.177778,0.005556,0.127778,Bellevue_150th_Newport
3595,within,0.286696,0.067793,0.041503,0.166667,0.133333,0.0,Bellevue_150th_Newport
3596,within,0.143508,-0.003772,0.015811,0.0,-0.2,0.133333,Bellevue_150th_Newport
3597,within,0.054455,-0.06475,0.019431,0.016667,-0.133333,0.0,Bellevue_150th_Newport
3598,within,0.143113,0.001674,0.018496,0.033333,0.0,0.033333,Bellevue_150th_Newport
3599,within,0.11414,-0.0191,0.016045,0.0,-0.266667,0.066667,Bellevue_150th_Newport
3600,within,0.037961,-0.082559,0.023453,0.0,-0.166667,0.033333,Bellevue_150th_Newport
3601,within,0.034919,-0.087742,0.025264,0.033333,-0.266667,0.033333,Bellevue_150th_Newport
3602,within,0.034875,-0.088034,0.025435,0.033333,-0.066667,0.0,Bellevue_150th_Newport
3603,within,0.256348,0.048854,0.038157,0.1,0.033333,0.066667,Bellevue_150th_Newport
3604,within,0.26242,0.05379,0.033463,0.316667,0.066667,0.033333,Bellevue_150th_Newport
3605,within,0.207957,0.031702,0.02764,0.033333,0.0,0.0,Bellevue_150th_Newport
3606,within,0.053467,-0.068252,0.018659,0.0,-0.2,0.066667,Bellevue_150th_Newport
3607,within,0.217248,0.044615,0.032353,0.266667,0.0,0.133333,Bellevue_150th_Newport
3608,within,0.051522,-0.079948,0.024431,0.0,-0.2,0.0,Bellevue_150th_Newport
3609,within,0.045813,-0.072754,0.02054,0.0,-0.066667,0.066667,Bellevue_150th_Newport
3610,within,0.03516,-0.088625,0.025879,0.0,-0.166667,0.033333,Bellevue_150th_Newport
3611,within,0.035544,-0.088009,0.025766,0.0,-0.233333,0.066667,Bellevue_150th_Newport
3612,within,0.031525,-0.101206,0.030142,0.066667,-0.133333,0.066667,Bellevue_150th_Newport
3613,within,0.03505,-0.089159,0.026463,0.083333,-0.083333,0.033333,Bellevue_150th_Newport
3614,within,0.177823,0.009392,0.031542,0.3,0.0,0.116667,Bellevue_150th_Newport
3615,within,0.216957,0.03962,0.024855,0.55,0.2,0.283333,Bellevue_150th_Newport
3616,within,0.169269,0.008638,0.024696,0.066667,-0.033333,0.033333,Bellevue_150th_Newport
3617,within,0.100155,-0.029942,0.017805,0.0,-0.116667,0.033333,Bellevue_150th_Newport
3618,within,0.181148,0.010451,0.031613,0.0,-0.1,0.066667,Bellevue_150th_Newport
3619,within,0.062554,-0.066855,0.023186,0.0,-0.233333,0.066667,Bellevue_150th_Newport
3620,within,0.163882,0.009025,0.026827,0.366667,0.133333,0.05,Bellevue_150th_Newport
3621,within,0.317316,0.081514,0.037763,0.161111,0.022222,0.011111,Bellevue_150th_Newport
3622,within,0.101116,-0.034717,0.022707,0.0,-0.033333,0.033333,Bellevue_150th_Newport
3623,within,0.113697,-0.011692,0.014004,0.033333,-0.016667,0.0,Bellevue_150th_Newport
3624,within,0.281542,0.070193,0.037738,0.205556,-0.083333,0.033333,Bellevue_150th_Newport
3625,within,0.115342,-0.018913,0.016031,0.166667,0.033333,0.0,Bellevue_150th_Newport
3626,within,0.262964,0.069177,0.033595,0.366667,0.2,0.0,Bellevue_150th_Newport
3627,within,0.145456,-0.008166,0.02508,0.533333,0.133333,0.0,Bellevue_150th_Newport
3628,within,0.424756,0.14504,0.055033,0.266667,0.033333,0.0,Bellevue_150th_Newport
3629,within,0.263462,0.064614,0.039607,0.2,0.116667,0.0,Bellevue_150th_Newport
3630,within,0.391189,0.119734,0.049873,0.116667,-0.016667,0.05,Bellevue_150th_Newport
3631,within,0.040815,-0.082594,0.024288,0.0,-0.233333,0.1,Bellevue_150th_Newport
3632,within,0.033829,-0.089022,0.02597,0.033333,-0.166667,0.0,Bellevue_150th_Newport
3633,within,0.033083,-0.089416,0.025922,0.0,-0.1,0.033333,Bellevue_150th_Newport
3634,within,0.046861,-0.08254,0.026573,0.033333,0.0,0.0,Bellevue_150th_Newport
3635,within,0.121396,-0.017492,0.019436,0.366667,0.077778,0.1,Bellevue_150th_Newport
3636,within,0.381868,0.113984,0.049126,0.477778,0.083333,0.0,Bellevue_150th_Newport
3637,within,0.153479,-0.02428,0.033509,0.183333,0.033333,0.066667,Bellevue_150th_Newport
3638,within,0.09032,-0.03579,0.016895,0.0,-0.133333,0.066667,Bellevue_150th_Newport
3639,within,0.037381,-0.086507,0.02536,0.05,-0.05,0.0,Bellevue_150th_Newport
3640,within,0.243925,0.055485,0.033001,0.383333,-0.083333,0.283333,Bellevue_150th_Newport
3641,within,0.037818,-0.086919,0.027765,0.0,-0.133333,0.066667,Bellevue_150th_Newport
3642,within,0.089806,-0.035729,0.022287,0.322222,0.0,0.083333,Bellevue_150th_Newport
3643,within,0.217974,0.04146,0.02687,0.3,0.0,0.05,Bellevue_150th_Newport
3644,within,0.142768,0.005952,0.019915,0.0,-0.233333,0.1,Bellevue_150th_Newport
3645,within,0.045476,-0.075326,0.023743,0.0,-0.1,0.0,Bellevue_150th_Newport
3646,within,0.034865,-0.086737,0.026758,0.0,-0.3,0.166667,Bellevue_150th_Newport
3647,within,0.036287,-0.087671,0.027571,0.0,-0.266667,0.1,Bellevue_150th_Newport
3648,within,0.051598,-0.067257,0.023037,0.0,-0.2,0.066667,Bellevue_150th_Newport
3649,within,0.032014,-0.100224,0.030922,0.0,-0.166667,0.066667,Bellevue_150th_Newport
3650,within,0.178941,0.026092,0.022598,0.4,0.2,0.033333,Bellevue_150th_Newport
3651,within,0.26834,0.059894,0.035791,0.066667,-0.1,0.033333,Bellevue_150th_Newport
3652,within,0.052524,-0.070187,0.024138,0.0,-0.166667,0.033333,Bellevue_150th_Newport
3653,within,0.038204,-0.085631,0.026787,0.0,-0.066667,0.033333,Bellevue_150th_Newport
3654,within,0.03344,-0.08839,0.026847,0.016667,-0.216667,0.066667,Bellevue_150th_Newport
3655,within,0.052981,-0.077226,0.028163,0.0,-0.1,0.033333,Bellevue_150th_Newport
3656,within,0.037034,-0.08681,0.026847,0.0,-0.2,0.033333,Bellevue_150th_Newport
3657,within,0.065872,-0.056809,0.022794,0.272222,0.002778,0.033333,Bellevue_150th_Newport
3658,within,0.487001,0.158962,0.069591,0.355556,0.169444,0.05,Bellevue_150th_Newport
3659,within,0.426154,0.142251,0.05658,0.35,0.016667,0.094444,Bellevue_150th_Newport
3660,within,0.216758,0.019104,0.033325,0.016667,-0.133333,0.0,Bellevue_150th_Newport
3661,within,0.032714,-0.100749,0.030899,0.0,-0.133333,0.033333,Bellevue_150th_Newport
3662,within,0.03754,-0.081863,0.02461,0.066667,-0.066667,0.0,Bellevue_150th_Newport
3663,within,0.331559,0.08745,0.046605,0.133333,0.1,0.0,Bellevue_150th_Newport
3664,within,0.113704,-0.016641,0.018702,0.383333,0.1,0.066667,Bellevue_150th_Newport
3665,within,0.384065,0.112656,0.051067,0.772222,0.616667,0.033333,Bellevue_150th_Newport
3666,within,0.391298,0.114328,0.053021,0.461111,0.311111,0.016667,Bellevue_150th_Newport
3667,within,0.185781,0.023533,0.021729,0.033333,0.0,0.0,Bellevue_150th_Newport
3668,within,0.092801,-0.034581,0.020069,0.3,-0.116667,0.116667,Bellevue_150th_Newport
3669,within,0.270051,0.068971,0.034378,0.1,0.033333,0.033333,Bellevue_150th_Newport
3670,within,0.075827,-0.045763,0.019912,0.0,-0.033333,0.0,Bellevue_150th_Newport
3671,within,0.034309,-0.08841,0.027062,0.05,-0.316667,0.1,Bellevue_150th_Newport
3672,within,0.307365,0.097704,0.041303,0.45,0.066667,0.116667,Bellevue_150th_Newport
3673,within,0.213429,0.031516,0.025979,0.4,0.216667,0.133333,Bellevue_150th_Newport
3674,within,0.076449,-0.046531,0.01687,0.066667,-0.066667,0.0,Bellevue_150th_Newport
3675,within,0.425433,0.148997,0.053675,0.083333,0.066667,0.0,Bellevue_150th_Newport
3676,within,0.598312,0.223332,0.086693,0.116667,-0.066667,0.033333,Bellevue_150th_Newport
3677,within,0.398968,0.150401,0.050115,0.561111,0.066667,0.233333,Bellevue_150th_Newport
3678,within,0.473365,0.179209,0.057764,0.188889,0.066667,0.033333,Bellevue_150th_Newport
3679,within,0.106898,-0.022549,0.015915,0.0,-0.166667,0.033333,Bellevue_150th_Newport
3680,within,0.04192,-0.081457,0.024856,0.0,-0.1,0.033333,Bellevue_150th_Newport
3681,within,0.042738,-0.081806,0.024755,0.066667,-0.033333,0.016667,Bellevue_150th_Newport
3682,within,0.280407,0.068258,0.043058,0.3,0.05,0.044444,Bellevue_150th_Newport
3683,within,0.371917,0.106841,0.048557,0.197222,0.111111,0.008333,Bellevue_150th_Newport
3684,within,0.316481,0.094589,0.036362,0.1,-0.033333,0.033333,Bellevue_150th_Newport
3685,within,0.114296,-0.016903,0.01893,0.205556,-0.1,0.066667,Bellevue_150th_Newport
3686,within,0.265003,0.067107,0.035263,0.066667,0.0,0.0,Bellevue_150th_Newport
3687,within,0.071784,-0.049593,0.019685,0.05,-0.233333,0.066667,Bellevue_150th_Newport
3688,within,0.317531,0.084796,0.045267,0.158333,0.041667,0.033333,Bellevue_150th_Newport
3689,within,0.106924,-0.02524,0.020817,0.033333,-0.133333,0.0,Bellevue_150th_Newport
3690,within,0.03471,-0.088848,0.027552,0.0,-0.433333,0.133333,Bellevue_150th_Newport
3691,within,0.053792,-0.065634,0.023323,0.216667,-0.116667,0.133333,Bellevue_150th_Newport
3692,within,0.315459,0.089782,0.039461,0.583333,0.011111,0.416667,Bellevue_150th_Newport
3693,within,0.276901,0.071227,0.035413,0.333333,0.0,0.1,Bellevue_150th_Newport
3694,within,0.140516,-0.013428,0.029187,0.083333,-0.083333,0.033333,Bellevue_150th_Newport
3695,within,0.100823,-0.023874,0.017856,0.0,-0.2,0.066667,Bellevue_150th_Newport
3696,within,0.036848,-0.084547,0.025736,0.016667,-0.166667,0.1,Bellevue_150th_Newport
3697,within,0.21775,0.022072,0.043727,0.533333,0.25,0.066667,Bellevue_150th_Newport
3698,within,0.50137,0.163129,0.070496,0.366667,0.166667,0.016667,Bellevue_150th_Newport
3699,within,0.367796,0.117759,0.048824,0.280556,0.108333,0.061111,Bellevue_150th_Newport
3700,within,0.137551,0.004316,0.015116,0.0,-0.3,0.033333,Bellevue_150th_Newport
3701,within,0.036371,-0.095185,0.0293,0.133333,-0.033333,0.033333,Bellevue_150th_Newport
3702,within,0.359868,0.105188,0.048634,0.316667,0.066667,0.166667,Bellevue_150th_Newport
3703,within,0.146632,0.003038,0.020625,0.0,-0.1,0.0,Bellevue_150th_Newport
3704,within,0.052022,-0.074218,0.02639,0.083333,0.0,0.016667,Bellevue_150th_Newport
3705,within,0.200858,0.027478,0.026741,0.166667,0.033333,0.0,Bellevue_150th_Newport
3706,within,0.444803,0.148832,0.05565,0.655556,0.166667,0.1,Bellevue_150th_Newport
3707,within,0.620999,0.226251,0.088687,0.547222,0.252778,0.105556,Bellevue_150th_Newport
3708,within,0.395883,0.120588,0.052436,0.194444,0.105556,0.05,Bellevue_150th_Newport
3709,within,0.457399,0.127276,0.065103,0.316667,0.066667,0.066667,Bellevue_150th_Newport
3710,within,0.239541,0.054328,0.027561,0.45,0.027778,0.116667,Bellevue_150th_Newport
3711,within,0.15354,0.006857,0.012968,0.166667,0.1,0.0,Bellevue_150th_Newport
3712,within,0.373693,0.10195,0.057363,0.033333,0.0,0.0,Bellevue_150th_Newport
3713,within,0.04191,-0.092138,0.028038,0.0,-0.266667,0.1,Bellevue_150th_Newport
3714,within,0.15897,0.007504,0.024562,0.133333,-0.088889,0.033333,Bellevue_150th_Newport
3715,within,0.321214,0.080937,0.042701,0.361111,0.155556,0.0,Bellevue_150th_Newport
3716,within,0.42136,0.134199,0.053204,0.4,0.1,0.066667,Bellevue_150th_Newport
3717,within,0.13072,-0.008636,0.018175,0.188889,0.033333,0.033333,Bellevue_150th_Newport
3718,within,0.262654,0.062978,0.034834,0.4,0.266667,0.0,Bellevue_150th_Newport
3719,within,0.339975,0.101095,0.042263,0.033333,0.0,0.0,Bellevue_150th_Newport
3720,within,0.223755,0.044317,0.027604,0.4,0.05,0.05,Bellevue_150th_Newport
3721,within,0.447295,0.163557,0.057142,0.266667,0.083333,0.016667,Bellevue_150th_Newport
3722,within,0.308038,0.092411,0.036147,0.333333,0.233333,0.033333,Bellevue_150th_Newport
3723,within,0.225369,0.037493,0.027405,0.466667,0.266667,0.166667,Bellevue_150th_Newport
3724,within,0.13956,0.004733,0.011907,0.0,-0.033333,0.0,Bellevue_150th_Newport
3725,within,0.044144,-0.076882,0.022906,0.166667,0.0,0.0,Bellevue_150th_Newport
3726,within,0.519931,0.19455,0.076999,0.383333,0.25,0.033333,Bellevue_150th_Newport
3727,within,0.560704,0.227535,0.077457,0.538889,0.088889,0.033333,Bellevue_150th_Newport
3728,within,0.462259,0.15364,0.062713,0.375,0.169444,0.05,Bellevue_150th_Newport
3729,within,0.302997,0.102263,0.033051,0.066667,0.0,0.0,Bellevue_150th_Newport
3730,within,0.263709,0.066115,0.035638,0.083333,-0.116667,0.1,Bellevue_150th_Newport
3731,within,0.093667,-0.034302,0.019198,0.266667,0.05,0.066667,Bellevue_150th_Newport
3732,within,0.149962,0.0094,0.014477,0.438889,0.116667,0.161111,Bellevue_150th_Newport
3733,within,0.659911,0.236521,0.103427,0.616667,0.283333,0.133333,Bellevue_150th_Newport
3734,within,0.217884,0.044143,0.023436,0.0,0.0,0.0,Bellevue_150th_Newport
3735,within,0.046403,-0.076649,0.023295,0.066667,0.0,0.033333,Bellevue_150th_Newport
3736,within,0.115971,-0.00843,0.012641,0.1,-0.033333,0.0,Bellevue_150th_Newport
3737,within,0.546762,0.190447,0.080901,0.6,0.255556,0.05,Bellevue_150th_Newport
3738,within,0.280472,0.07523,0.026907,0.133333,0.033333,0.0,Bellevue_150th_Newport
3739,within,0.494825,0.189669,0.068256,0.65,0.216667,0.1,Bellevue_150th_Newport
3740,within,0.503146,0.191556,0.06822,0.283333,0.05,0.033333,Bellevue_150th_Newport
3741,within,0.36064,0.121159,0.04248,0.238889,0.1,0.016667,Bellevue_150th_Newport
3742,within,0.346948,0.119662,0.039534,0.333333,0.15,0.0,Bellevue_150th_Newport
3743,within,0.41079,0.131645,0.055353,0.566667,0.261111,0.144444,Bellevue_150th_Newport
3744,within,0.528487,0.198534,0.071295,0.133333,0.033333,0.033333,Bellevue_150th_Newport
3745,within,0.106522,-0.022391,0.015487,0.0,-0.066667,0.0,Bellevue_150th_Newport
3746,within,0.041627,-0.082413,0.025633,0.0,-0.166667,0.066667,Bellevue_150th_Newport
3747,within,0.041918,-0.082447,0.025479,0.122222,-0.044444,0.1,Bellevue_150th_Newport
3748,within,0.253588,0.043963,0.034189,0.066667,-0.033333,0.0,Bellevue_150th_Newport
3749,within,0.168337,-0.003243,0.032367,0.1,0.0,0.033333,Bellevue_150th_Newport
3750,within,0.062099,-0.059808,0.02077,0.0,-0.2,0.066667,Bellevue_150th_Newport
3751,within,0.046243,-0.078103,0.02403,0.0,-0.1,0.0,Bellevue_150th_Newport
3752,within,0.380989,0.107092,0.056026,0.338889,0.0,0.094444,Bellevue_150th_Newport
3753,within,0.317473,0.087465,0.043234,0.166667,0.05,0.0,Bellevue_150th_Newport
3754,within,0.143774,-0.009737,0.020403,0.0,0.0,0.0,Bellevue_150th_Newport
3755,within,0.220343,0.046201,0.028303,0.15,0.016667,0.016667,Bellevue_150th_Newport
3756,within,0.083135,-0.055345,0.02187,0.0,-0.066667,0.033333,Bellevue_150th_Newport
3757,within,0.037184,-0.096553,0.029531,0.0,-0.1,0.0,Bellevue_150th_Newport
3758,within,0.040469,-0.082308,0.024778,0.033333,-0.066667,0.0,Bellevue_150th_Newport
3759,within,0.159551,0.014715,0.023868,0.45,0.216667,0.05,Bellevue_150th_Newport
3760,within,0.19235,0.026785,0.019511,0.116667,0.05,0.0,Bellevue_150th_Newport
3761,within,0.076353,-0.045681,0.017223,0.033333,0.0,0.0,Bellevue_150th_Newport
3762,within,0.321749,0.094933,0.04375,0.233333,0.116667,0.0,Bellevue_150th_Newport
3763,within,0.38124,0.127894,0.046747,0.461111,0.316667,0.033333,Bellevue_150th_Newport
3764,within,0.564867,0.185928,0.092214,0.447222,0.25,0.027778,Bellevue_150th_Newport
3765,within,0.49527,0.193557,0.059909,0.116667,0.033333,0.0,Bellevue_150th_Newport
3766,within,0.148091,0.00579,0.011823,0.0,-0.033333,0.033333,Bellevue_150th_Newport
3767,within,0.118891,-0.014329,0.017777,0.066667,0.033333,0.0,Bellevue_150th_Newport
3768,within,0.269164,0.072438,0.035415,0.016667,-0.083333,0.033333,Bellevue_150th_Newport
3769,within,0.0368,-0.097467,0.029871,0.016667,-0.216667,0.083333,Bellevue_150th_Newport
3770,within,0.040551,-0.082278,0.025442,0.066667,-0.166667,0.033333,Bellevue_150th_Newport
3771,within,0.040407,-0.082146,0.025022,0.0,-0.1,0.0,Bellevue_150th_Newport
3772,within,0.169463,-0.002006,0.03735,0.211111,0.05,0.033333,Bellevue_150th_Newport
3773,within,0.417796,0.177271,0.049452,0.0,-0.1,0.0,Bellevue_150th_Newport
3774,within,0.129413,-0.00998,0.018069,0.066667,0.033333,0.0,Bellevue_150th_Newport
3775,within,0.292478,0.092192,0.038213,0.15,0.05,0.016667,Bellevue_150th_Newport
3776,within,0.457492,0.165852,0.06051,0.666667,0.216667,0.133333,Bellevue_150th_Newport
3777,within,0.459238,0.168421,0.057351,0.033333,0.033333,0.0,Bellevue_150th_Newport
3778,within,0.261958,0.069754,0.033856,0.394444,0.044444,0.0,Bellevue_150th_Newport
3779,within,0.086353,-0.028109,0.012397,0.0,-0.066667,0.0,Bellevue_150th_Newport
3780,within,0.498396,0.191343,0.067743,0.833333,0.216667,0.177778,Bellevue_150th_Newport
3781,within,0.70929,0.247158,0.119381,0.586111,0.261111,0.119444,Bellevue_150th_Newport
3782,within,0.21688,0.041544,0.023844,0.25,0.027778,0.0,Bellevue_150th_Newport
3783,within,0.540836,0.181649,0.079438,0.479444,0.262222,0.055556,Bellevue_150th_Newport
3784,within,0.635727,0.233399,0.097489,0.311111,0.172222,0.0,Bellevue_150th_Newport
3785,within,0.134648,-0.006606,0.018404,0.3,0.127778,0.033333,Bellevue_150th_Newport
3786,within,0.318392,0.084938,0.038984,0.233333,0.1,0.033333,Bellevue_150th_Newport
3787,within,0.171377,0.016078,0.019161,0.05,-0.05,0.0,Bellevue_150th_Newport
3788,within,0.052782,-0.070272,0.023648,0.033333,-0.033333,0.0,Bellevue_150th_Newport
3789,within,0.194098,0.034033,0.025447,0.0,-0.033333,0.0,Bellevue_150th_Newport
3790,within,0.240775,0.051203,0.031823,0.428333,0.028889,0.138889,Bellevue_150th_Newport
3791,within,0.511026,0.162869,0.074695,0.676667,0.208333,0.138333,Bellevue_150th_Newport
3792,within,0.517302,0.169336,0.074861,0.088889,-0.016667,0.044444,Bellevue_150th_Newport
3793,within,0.585306,0.202579,0.090776,0.733333,0.388889,0.061111,Bellevue_150th_Newport
3794,within,0.654287,0.223259,0.101359,0.2,0.044444,0.016667,Bellevue_150th_Newport
3795,within,0.266557,0.06242,0.036005,0.216667,-0.044444,0.083333,Bellevue_150th_Newport
3796,within,0.377456,0.115014,0.050844,0.616667,0.15,0.2,Bellevue_150th_Newport
3797,within,0.476616,0.212349,0.059369,0.1,0.066667,0.033333,Bellevue_150th_Newport
3798,within,0.195492,0.028985,0.02243,0.2,0.0,0.0,Bellevue_150th_Newport
3799,within,0.606651,0.215591,0.097214,0.733333,0.1,0.266667,Bellevue_150th_Newport
3800,within,0.548616,0.21537,0.071531,0.45,0.216667,0.1,Bellevue_150th_Newport
3801,within,0.4605,0.15951,0.056089,0.316667,0.166667,0.0,Bellevue_150th_Newport
3802,within,0.28649,0.056025,0.039013,0.188889,0.094444,0.0,Bellevue_150th_Newport
3803,within,0.186411,0.019127,0.019728,0.1,-0.033333,0.0,Bellevue_150th_Newport
3804,within,0.478238,0.214337,0.061761,0.533333,0.266667,0.083333,Bellevue_150th_Newport
3805,within,0.147955,0.007391,0.015946,0.283333,0.0,0.1,Bellevue_150th_Newport
3806,within,0.391968,0.1477,0.047835,0.2,0.083333,0.0,Bellevue_150th_Newport
3807,within,0.165317,0.010024,0.019341,0.2,0.033333,0.0,Bellevue_150th_Newport
3808,within,0.402962,0.131088,0.052301,0.283333,0.133333,0.133333,Bellevue_150th_Newport
3809,within,0.342666,0.090198,0.047448,0.388889,0.216667,0.033333,Bellevue_150th_Newport
3810,within,0.430304,0.14323,0.055999,0.105556,0.016667,0.033333,Bellevue_150th_Newport
3811,within,0.226089,0.041384,0.026959,0.0,0.0,0.0,Bellevue_150th_Newport
3812,within,0.05649,-0.06435,0.023112,0.066667,-0.066667,0.0,Bellevue_150th_Newport
3813,within,0.39079,0.154099,0.049852,0.366667,0.266667,0.033333,Bellevue_150th_Newport
3814,within,0.196651,0.027517,0.024409,0.15,0.05,0.033333,Bellevue_150th_Newport
3815,within,0.190639,0.02316,0.020027,0.133333,0.0,0.0,Bellevue_150th_Newport
3816,within,0.521271,0.200208,0.075128,0.333333,0.166667,0.066667,Bellevue_150th_Newport
3817,within,0.184315,0.021197,0.022876,0.188889,-0.011111,0.061111,Bellevue_150th_Newport
3818,within,0.465951,0.1495,0.066469,0.55,0.05,0.0,Bellevue_150th_Newport
3819,within,0.433199,0.139439,0.057537,0.383333,0.083333,0.066667,Bellevue_150th_Newport
3820,within,0.497631,0.171196,0.069965,0.45,0.311111,0.066667,Bellevue_150th_Newport
3821,within,0.183541,0.018742,0.021932,0.0,0.0,0.0,Bellevue_150th_Newport
3822,within,0.077161,-0.048888,0.023684,0.216667,0.05,0.0,Bellevue_150th_Newport
3823,within,0.183262,0.01813,0.017441,0.0,0.0,0.0,Bellevue_150th_Newport
3824,within,0.245276,0.047847,0.030604,0.033333,0.0,0.0,Bellevue_150th_Newport
3825,within,0.371938,0.104026,0.050453,0.455556,0.2,0.094444,Bellevue_150th_Newport
3826,within,0.420973,0.126337,0.058064,0.033333,0.033333,0.0,Bellevue_150th_Newport
3827,within,0.298733,0.069444,0.039055,0.2,0.066667,0.0,Bellevue_150th_Newport
3828,within,0.185749,0.022178,0.023445,0.0,-0.033333,0.0,Bellevue_150th_Newport
3829,within,0.078251,-0.048722,0.022837,0.033333,0.0,0.0,Bellevue_150th_Newport
3830,within,0.160183,0.010461,0.023126,0.283333,0.0,0.116667,Bellevue_150th_Newport
3831,within,0.458967,0.172983,0.060478,0.1,0.066667,0.033333,Bellevue_150th_Newport
3832,within,0.210316,0.030766,0.026299,0.0,0.0,0.0,Bellevue_150th_Newport
3833,within,0.264164,0.053976,0.035632,0.155556,0.094444,0.0,Bellevue_150th_Newport
3834,within,0.299546,0.078687,0.038743,0.304444,0.014444,0.066667,Bellevue_150th_Newport
3835,within,0.428865,0.129034,0.058715,0.133333,0.011111,0.0,Bellevue_150th_Newport
3836,within,0.298831,0.064168,0.038832,0.283333,0.216667,0.0,Bellevue_150th_Newport
3837,within,0.301083,0.073653,0.037888,0.255556,0.1,0.061111,Bellevue_150th_Newport
3838,within,0.494875,0.158573,0.071785,0.066667,0.066667,0.0,Bellevue_150th_Newport
3839,within,0.298663,0.076158,0.038347,0.066667,-0.033333,0.066667,Bellevue_150th_Newport
3840,within,0.547941,0.18988,0.087869,0.466667,0.266667,0.05,Bellevue_150th_Newport
3841,within,0.290565,0.064242,0.038878,0.15,0.033333,0.0,Bellevue_150th_Newport
3842,within,0.531977,0.177045,0.080243,0.377778,0.205556,0.066667,Bellevue_150th_Newport
3843,within,0.250476,0.042801,0.027719,0.1,0.033333,0.0,Bellevue_150th_Newport
3844,within,0.298946,0.050641,0.042608,0.288889,0.111111,0.011111,Bellevue_150th_Newport
3845,within,0.387493,0.111586,0.049289,0.233333,0.1,0.0,Bellevue_150th_Newport
3846,within,0.22744,0.033295,0.03303,0.566667,0.383333,0.033333,Bellevue_150th_Newport
3847,within,0.332873,0.076748,0.042738,0.183333,0.1,0.0,Bellevue_150th_Newport
3848,within,0.332976,0.100339,0.043152,0.316667,0.122222,0.0,Bellevue_150th_Newport
3849,within,0.305718,0.082278,0.03842,0.2,0.066667,0.033333,Bellevue_150th_Newport
3850,within,0.175958,0.01317,0.017806,0.4,0.283333,0.016667,Bellevue_150th_Newport
3851,within,0.438805,0.135438,0.058062,0.416667,0.283333,0.033333,Bellevue_150th_Newport
3852,within,0.226746,0.035937,0.028383,0.283333,0.1,0.033333,Bellevue_150th_Newport
3853,within,0.232985,0.034844,0.025862,0.066667,0.05,0.0,Bellevue_150th_Newport
3854,within,0.426268,0.14033,0.057467,0.388889,0.277778,0.0,Bellevue_150th_Newport
3855,within,0.3797,0.120192,0.051134,0.15,0.066667,0.0,Bellevue_150th_Newport
3856,within,0.310748,0.077925,0.03921,0.158333,0.066667,0.008333,Bellevue_150th_Newport
3857,within,0.251698,0.04569,0.031918,0.066667,0.066667,0.0,Bellevue_150th_Newport
3858,within,0.274271,0.069091,0.034893,0.2,0.011111,0.033333,Bellevue_150th_Newport
3859,within,0.396169,0.115572,0.053594,0.354444,-0.004444,0.061111,Bellevue_150th_Newport
3860,within,0.513629,0.150812,0.085525,0.708333,0.372222,0.102778,Bellevue_150th_Newport
3861,within,0.525063,0.179575,0.078891,0.584802,0.155079,0.095873,Bellevue_150th_Newport
3862,within,0.526878,0.169229,0.079531,0.504683,0.017857,0.125317,Bellevue_150th_Newport
3863,within,0.433525,0.140763,0.05765,0.322222,0.066667,0.066667,Bellevue_150th_Newport
3864,within,0.408745,0.125685,0.054951,0.122222,0.033333,0.0,Bellevue_150th_Newport
3865,within,0.395502,0.109398,0.054916,0.67381,0.401429,0.015873,Bellevue_150th_Newport
3866,within,0.42886,0.125136,0.060596,0.632778,0.133333,0.112778,Bellevue_150th_Newport
3867,within,0.283294,0.039994,0.038538,0.4,0.038889,0.0,Bellevue_150th_Newport
3868,within,0.394111,0.118519,0.053414,0.581071,0.096151,0.083651,Bellevue_150th_Newport
3869,within,0.380029,0.08784,0.0536,0.633333,0.022222,0.044444,Bellevue_150th_Newport
3870,within,0.377833,0.094224,0.054723,0.602778,0.152778,0.038889,Bellevue_150th_Newport
3871,within,0.326246,0.084854,0.041318,0.561111,0.119444,0.075,Bellevue_150th_Newport
3872,within,0.379789,0.111781,0.050694,0.656111,0.055556,0.141667,Bellevue_150th_Newport
3873,within,0.393896,0.106089,0.05494,0.805556,0.15,0.075,Bellevue_150th_Newport
3874,within,0.365744,0.099711,0.048259,0.702778,0.041667,0.127778,Bellevue_150th_Newport
3875,within,0.278226,0.044469,0.03783,0.602222,0.021111,0.055,Bellevue_150th_Newport
3876,within,0.375922,0.063945,0.0608,0.674444,0.044444,0.162222,Bellevue_150th_Newport
3877,within,0.364201,0.086774,0.050209,0.758333,0.102778,0.141667,Bellevue_150th_Newport
3878,within,0.402153,0.114323,0.055181,0.753889,0.075,0.099444,Bellevue_150th_Newport
3879,within,0.222575,0.017879,0.03288,0.893889,0.097778,0.091111,Bellevue_150th_Newport
3880,within,0.329154,0.085193,0.04277,0.819444,-0.011111,0.127778,Bellevue_150th_Newport
3881,within,0.371412,0.092883,0.052753,0.830556,0.077778,0.097222,Bellevue_150th_Newport
3882,within,0.321489,0.04939,0.048116,0.808016,0.128968,0.096429,Bellevue_150th_Newport
3883,within,0.326395,0.077286,0.042582,0.911111,0.091667,0.113889,Bellevue_150th_Newport
3884,within,0.426386,0.132274,0.058405,0.686349,0.164524,0.123333,Bellevue_150th_Newport
3885,within,0.434888,0.136299,0.057297,0.839841,0.172698,0.10373,Bellevue_150th_Newport
3886,within,0.438083,0.125254,0.060106,0.733929,0.128466,0.160952,Bellevue_150th_Newport
3887,within,0.422098,0.098693,0.060207,0.977778,0.180556,0.152778,Bellevue_150th_Newport
3888,within,0.331621,0.049033,0.046782,0.957222,0.231667,0.162222,Bellevue_150th_Newport
3889,within,0.355095,0.064812,0.048565,0.807778,0.133333,0.122222,Bellevue_150th_Newport
3890,within,0.410077,0.101622,0.054821,0.837381,0.050926,0.282222,Bellevue_150th_Newport
3891,within,0.484034,0.133142,0.073141,0.597405,0.092091,0.132489,Bellevue_150th_Newport
3892,within,0.454944,0.119681,0.058838,0.588598,0.082288,0.128241,Bellevue_150th_Newport
3893,within,0.462597,0.116763,0.06526,0.793889,0.164444,0.151111,Bellevue_150th_Newport
3894,within,0.317706,0.042452,0.040154,0.894444,0.111111,0.152778,Bellevue_150th_Newport
3895,within,0.294446,0.041396,0.036791,0.743889,0.156111,0.112222,Bellevue_150th_Newport
3896,within,0.400102,0.105902,0.048345,0.943333,0.119444,0.131111,Bellevue_150th_Newport
3897,within,0.29005,0.051848,0.041849,0.555833,0.015556,0.1275,Bellevue_150th_Newport
3898,within,0.476334,0.081442,0.078758,0.723267,0.148347,0.196773,Bellevue_150th_Newport
3899,within,0.413035,0.114967,0.054307,0.752222,0.2,0.140556,Bellevue_150th_Newport
3900,within,0.47242,0.102857,0.062441,0.64,0.046481,0.11537,Bellevue_150th_Newport
3901,within,0.537019,0.140836,0.064223,0.480635,-0.001667,0.088651,Bellevue_150th_Newport
3902,within,0.466929,0.096695,0.062571,0.520635,0.018889,0.113492,Bellevue_150th_Newport
3903,within,0.459735,0.118037,0.061151,0.718545,0.13664,0.126468,Bellevue_150th_Newport
3904,within,0.676428,0.167333,0.071957,0.702695,0.143577,0.037727,Bellevue_150th_Newport
3905,within,0.607429,0.097329,0.082638,0.580497,0.069722,0.050159,Bellevue_150th_Newport
3906,within,0.73697,0.130148,0.097218,0.655714,0.014206,0.127222,Bellevue_150th_Newport
3907,within,0.757681,0.087875,0.121303,0.623805,0.091906,0.083717,Bellevue_150th_Newport
3908,within,0.772695,0.09945,0.065377,0.654722,0.045939,0.092222,Bellevue_150th_Newport
3909,within,0.74363,0.117559,0.067687,0.651349,0.071931,0.143624,Bellevue_150th_Newport
3910,within,0.762816,0.143868,0.062966,0.666429,0.092526,0.077487,Bellevue_150th_Newport
3911,within,0.73707,0.103939,0.07856,0.722854,0.066484,0.120238,Bellevue_150th_Newport
3912,within,0.798437,0.096523,0.079592,0.672308,0.142953,0.160245,Bellevue_150th_Newport
3913,within,0.760322,0.118434,0.077564,0.61078,0.078214,0.132517,Bellevue_150th_Newport
3914,within,0.791868,0.104277,0.0791,0.602526,0.076627,0.147937,Bellevue_150th_Newport
3915,within,0.800878,0.104951,0.079018,0.712623,0.202534,0.093227,Bellevue_150th_Newport
3916,within,0.757204,0.143667,0.077306,0.691249,0.208093,0.082926,Bellevue_150th_Newport
3917,within,0.813119,0.111882,0.0664,0.643065,0.14877,0.094845,Bellevue_150th_Newport
3918,within,0.827319,0.108719,0.068555,0.613254,0.007222,0.175873,Bellevue_150th_Newport
3919,within,0.800065,0.080762,0.083146,0.650556,0.071111,0.148333,Bellevue_150th_Newport
3920,within,0.838785,0.103315,0.053012,0.698968,0.050873,0.148968,Bellevue_150th_Newport
3921,within,0.828705,0.069399,0.056374,0.645913,-0.011071,0.19504,Bellevue_150th_Newport
3922,within,0.791871,0.046143,0.069073,0.671111,0.02,0.151111,Bellevue_150th_Newport
3923,within,0.791058,0.045261,0.07057,0.702778,-0.007778,0.112222,Bellevue_150th_Newport
3924,within,0.798358,0.044332,0.059258,0.74881,0.041429,0.163333,Bellevue_150th_Newport
3925,within,0.816997,0.060507,0.071934,0.70746,0.006111,0.202222,Bellevue_150th_Newport
3926,within,0.778577,0.041888,0.07933,0.609956,0.073097,0.11385,Bellevue_150th_Newport
3927,within,0.723044,0.074265,0.08259,0.628947,0.076245,0.090992,Bellevue_150th_Newport
3928,within,0.759992,0.078767,0.061924,0.662365,0.134888,0.069196,Bellevue_150th_Newport
3929,within,0.714297,0.041076,0.090325,0.650397,0.061402,0.110397,Bellevue_150th_Newport
3930,within,0.772347,0.044106,0.092608,0.661003,0.026522,0.112897,Bellevue_150th_Newport
3931,within,0.731947,0.040582,0.083813,0.614138,0.054658,0.087316,Bellevue_150th_Newport
3932,within,0.782645,0.043943,0.086921,0.767103,0.081177,0.160357,Bellevue_150th_Newport
3933,within,0.771063,0.048842,0.085211,0.686667,0.027222,0.142222,Bellevue_150th_Newport
3934,within,0.809968,0.045065,0.06449,0.727222,0.047222,0.201667,Bellevue_150th_Newport
3935,within,0.764062,0.030131,0.071231,0.689193,0.070492,0.119252,Bellevue_150th_Newport
3936,within,0.706978,0.037041,0.101482,0.621655,0.121844,0.083102,Bellevue_150th_Newport
3937,within,0.7356,0.091315,0.075948,0.734574,0.10938,0.149924,Bellevue_150th_Newport
3938,within,0.705148,0.035031,0.090338,0.537659,0.037566,0.147368,Bellevue_150th_Newport
3939,within,0.753521,0.035588,0.089025,0.674603,0.068532,0.19123,Bellevue_150th_Newport
3940,within,0.755983,0.045079,0.080976,0.710885,0.013294,0.148401,Bellevue_150th_Newport
3941,within,0.813148,0.0513,0.069453,0.637729,0.070531,0.095879,Bellevue_150th_Newport
3942,within,0.677895,0.037161,0.091022,0.642489,0.037115,0.087278,Bellevue_150th_Newport
3943,within,0.669332,0.029583,0.091395,0.67927,0.078249,0.174206,Bellevue_150th_Newport
3944,within,0.698526,0.040542,0.09231,0.694239,0.103749,0.07135,Bellevue_150th_Newport
3945,within,0.746319,0.035985,0.095264,0.757394,0.022077,0.132275,Bellevue_150th_Newport
3946,within,0.811695,0.042617,0.074612,0.694339,-0.075754,0.204259,Bellevue_150th_Newport
3947,within,0.79224,0.048483,0.082929,0.830675,0.060344,0.170754,Bellevue_150th_Newport
3948,within,0.706764,0.019641,0.084656,0.766198,0.185444,0.148814,Bellevue_150th_Newport
3949,within,0.733737,0.026477,0.085399,0.750727,0.131071,0.187328,Bellevue_150th_Newport
3950,within,0.776982,0.026722,0.080045,0.79877,-0.079802,0.338413,Bellevue_150th_Newport
3951,within,0.774957,0.025837,0.077458,0.770357,0.071918,0.247183,Bellevue_150th_Newport
3952,within,0.730327,0.021695,0.082211,0.902407,0.258161,0.243254,Bellevue_150th_Newport
3953,within,0.719053,0.06948,0.071647,0.796875,0.152857,0.245123,Bellevue_150th_Newport
3954,within,0.763319,0.039501,0.077017,0.798029,0.039471,0.218505,Bellevue_150th_Newport
3955,within,0.714268,0.019386,0.077778,0.793043,0.162825,0.233215,Bellevue_150th_Newport
3956,within,0.762934,0.036984,0.080732,0.733321,0.087066,0.152096,Bellevue_150th_Newport
3957,within,0.635266,0.022912,0.089493,0.714571,0.077441,0.206852,Bellevue_150th_Newport
3958,within,0.694248,0.029554,0.093454,0.700421,0.053098,0.240471,Bellevue_150th_Newport
3959,within,0.687668,0.031246,0.09283,0.775595,0.049563,0.246601,Bellevue_150th_Newport
3960,within,0.720282,0.027712,0.08381,0.788555,-0.040266,0.32548,Bellevue_150th_Newport
3961,within,0.784227,0.025622,0.071704,0.807831,0.000582,0.403876,Bellevue_150th_Newport
3962,within,0.718481,0.023541,0.080107,0.77942,0.08808,0.236755,Bellevue_150th_Newport
3963,within,0.766047,0.030584,0.088778,0.684202,0.020266,0.19438,Bellevue_150th_Newport
3964,within,0.657245,0.037811,0.086774,0.65925,0.086376,0.17212,Bellevue_150th_Newport
3965,within,0.724262,0.030918,0.097371,0.626797,0.049753,0.20615,Bellevue_150th_Newport
3966,within,0.68305,0.037564,0.088877,0.585427,0.01589,0.155747,Bellevue_150th_Newport
3967,within,0.723089,0.034145,0.098949,0.57082,0.011029,0.192881,Bellevue_150th_Newport
3968,within,0.68325,0.030224,0.096178,0.628776,0.057015,0.205465,Bellevue_150th_Newport
3969,within,0.701955,0.079513,0.083187,0.748644,0.089948,0.18861,Bellevue_150th_Newport
3970,within,0.802405,0.04854,0.085271,0.775476,-0.134444,0.36127,Bellevue_150th_Newport
3971,within,0.680399,0.006401,0.056027,0.776243,-0.036772,0.348915,Bellevue_150th_Newport
3972,within,0.753653,0.034949,0.09348,0.727388,0.096398,0.246726,Bellevue_150th_Newport
3973,within,0.721449,0.041261,0.093847,0.790489,0.007354,0.286984,Bellevue_150th_Newport
3974,within,0.740684,0.024903,0.087521,0.652662,0.109872,0.134047,Bellevue_150th_Newport
3975,within,0.642422,0.032596,0.086636,0.669213,0.167443,0.095491,Bellevue_150th_Newport
3976,within,0.755836,0.040773,0.100236,0.699933,0.139413,0.163283,Bellevue_150th_Newport
3977,within,0.677936,0.046794,0.091549,0.634771,0.109848,0.175552,Bellevue_150th_Newport
3978,within,0.697191,0.057958,0.084947,0.616633,0.005572,0.187925,Bellevue_150th_Newport
3979,within,0.675654,0.036995,0.092068,0.664993,0.022141,0.21126,Bellevue_150th_Newport
3980,within,0.678607,0.033617,0.091964,0.635471,0.062272,0.187895,Bellevue_150th_Newport
3981,within,0.691845,0.050355,0.085808,0.737015,0.110456,0.199482,Bellevue_150th_Newport
3982,within,0.684876,0.034138,0.09482,0.726671,0.088282,0.172995,Bellevue_150th_Newport
3983,within,0.703745,0.032705,0.099185,0.623767,0.054245,0.188775,Bellevue_150th_Newport
3984,within,0.712918,0.080268,0.078993,0.665563,0.129355,0.179507,Bellevue_150th_Newport
3985,within,0.724347,0.065688,0.072234,0.598464,0.040894,0.190207,Bellevue_150th_Newport
3986,within,0.725186,0.067391,0.08684,0.665235,0.036726,0.164274,Bellevue_150th_Newport
3987,within,0.656168,0.02787,0.094411,0.670903,0.050845,0.217401,Bellevue_150th_Newport
3988,within,0.71466,0.033933,0.099872,0.695172,-0.01037,0.246124,Bellevue_150th_Newport
3989,within,0.695526,0.042374,0.089387,0.709892,0.040265,0.253088,Bellevue_150th_Newport
3990,within,0.746534,0.037503,0.097754,0.668756,-0.037405,0.223584,Bellevue_150th_Newport
3991,within,0.69978,0.039725,0.093844,0.653712,0.076187,0.251215,Bellevue_150th_Newport
3992,within,0.703738,0.035717,0.09569,0.701706,-0.101865,0.353214,Bellevue_150th_Newport
3993,within,0.7124,0.028247,0.093225,0.71935,0.013874,0.255017,Bellevue_150th_Newport
3994,within,0.701692,0.033067,0.095131,0.733558,-0.075437,0.348161,Bellevue_150th_Newport
3995,within,0.690264,0.024866,0.093376,0.719125,0.080225,0.188244,Bellevue_150th_Newport
3996,within,0.615193,0.024183,0.085424,0.752183,0.009603,0.280079,Bellevue_150th_Newport
3997,within,0.685004,0.056298,0.081363,0.758635,0.014882,0.264686,Bellevue_150th_Newport
3998,within,0.733684,0.033725,0.097685,0.702341,0.002659,0.30623,Bellevue_150th_Newport
3999,within,0.676198,0.038416,0.088686,0.693201,0.194412,0.161368,Bellevue_150th_Newport
4000,within,0.68841,0.061767,0.081778,0.688299,0.099806,0.132536,Bellevue_150th_Newport
4001,within,0.685643,0.059514,0.082449,0.701403,0.044064,0.178673,Bellevue_150th_Newport
4002,within,0.646939,0.032993,0.090009,0.606751,0.044194,0.220983,Bellevue_150th_Newport
4003,within,0.673137,0.064654,0.080218,0.654048,0.085132,0.129444,Bellevue_150th_Newport
4004,within,0.712845,0.074921,0.078237,0.70876,0.051303,0.171755,Bellevue_150th_Newport
4005,within,0.730687,0.060558,0.092138,0.84004,-0.007447,0.238704,Bellevue_150th_Newport
4006,within,0.715916,0.03132,0.097044,0.633448,0.093301,0.165015,Bellevue_150th_Newport
4007,within,0.737411,0.079103,0.080578,0.700934,0.095389,0.1703,Bellevue_150th_Newport
4008,within,0.698368,0.064137,0.086316,0.679649,0.034107,0.179861,Bellevue_150th_Newport
4009,within,0.707504,0.040631,0.09236,0.691384,0.053796,0.197042,Bellevue_150th_Newport
4010,within,0.695888,0.065873,0.080361,0.700272,0.039881,0.199382,Bellevue_150th_Newport
4011,within,0.717718,0.055113,0.089396,0.773582,-0.007698,0.259341,Bellevue_150th_Newport
4012,within,0.699754,0.036247,0.093778,0.746729,0.014922,0.204962,Bellevue_150th_Newport
4013,within,0.752149,0.051862,0.094625,0.718666,0.070034,0.17614,Bellevue_150th_Newport
4014,within,0.672527,0.036525,0.09413,0.560719,0.062691,0.168861,Bellevue_150th_Newport
4015,within,0.695681,0.051544,0.084991,0.654604,0.117772,0.131195,Bellevue_150th_Newport
4016,within,0.731002,0.03699,0.094885,0.66298,0.149608,0.165187,Bellevue_150th_Newport
4017,within,0.692209,0.091801,0.068332,0.713769,0.124196,0.139213,Bellevue_150th_Newport
4018,within,0.712755,0.083287,0.070439,0.702049,0.089857,0.153543,Bellevue_150th_Newport
4019,within,0.707083,0.046999,0.092171,0.721702,0.135258,0.118299,Bellevue_150th_Newport
4020,within,0.714592,0.092125,0.069283,0.823209,0.195843,0.118251,Bellevue_150th_Newport
4021,within,0.713589,0.056369,0.088991,0.763605,0.084667,0.207287,Bellevue_150th_Newport
4022,within,0.732429,0.066174,0.086026,0.752374,-0.000465,0.262452,Bellevue_150th_Newport
4023,within,0.692607,0.037719,0.09373,0.666089,0.102472,0.129807,Bellevue_150th_Newport
4024,within,0.717753,0.06514,0.085162,0.678485,0.03032,0.193046,Bellevue_150th_Newport
4025,within,0.735478,0.042437,0.098272,0.845397,-0.06254,0.272698,Bellevue_150th_Newport
4026,within,0.726787,0.037896,0.09646,0.758577,0.020228,0.21009,Bellevue_150th_Newport
4027,within,0.68508,0.045775,0.090086,0.606735,0.131141,0.171843,Bellevue_150th_Newport
4028,within,0.696729,0.063976,0.080517,0.646554,0.071388,0.184842,Bellevue_150th_Newport
4029,within,0.700975,0.075104,0.07287,0.767735,0.061167,0.128092,Bellevue_150th_Newport
4030,within,0.702921,0.077884,0.070289,0.648222,0.069996,0.205797,Bellevue_150th_Newport
4031,within,0.730645,0.064505,0.084994,0.654087,0.105711,0.177953,Bellevue_150th_Newport
4032,within,0.666559,0.052262,0.082421,0.619207,0.103815,0.190603,Bellevue_150th_Newport
4033,within,0.685395,0.04857,0.086774,0.703662,0.123632,0.181325,Bellevue_150th_Newport
4034,within,0.719733,0.094419,0.074171,0.682412,0.031636,0.210363,Bellevue_150th_Newport
4035,within,0.712642,0.06521,0.083482,0.720857,0.065423,0.167956,Bellevue_150th_Newport
4036,within,0.70865,0.059382,0.084699,0.704,0.073807,0.213652,Bellevue_150th_Newport
4037,within,0.692172,0.056653,0.084912,0.774286,0.103876,0.224815,Bellevue_150th_Newport
4038,within,0.73864,0.048064,0.09824,0.780675,-0.151429,0.34377,Bellevue_150th_Newport
4039,within,0.691666,0.033655,0.090865,0.747953,-0.063309,0.276195,Bellevue_150th_Newport
4040,within,0.711936,0.048873,0.090597,0.805647,0.016204,0.248004,Bellevue_150th_Newport
4041,within,0.769277,0.06138,0.08448,0.773016,-0.084683,0.338889,Bellevue_150th_Newport
4042,within,0.72884,0.040809,0.094999,0.763141,-0.01868,0.27298,Bellevue_150th_Newport
4043,within,0.727917,0.051276,0.093349,0.652315,0.009975,0.166436,Bellevue_150th_Newport
4044,within,0.677637,0.042428,0.090029,0.799771,0.09952,0.224823,Bellevue_150th_Newport
4045,within,0.699362,0.077463,0.076253,0.670648,0.061108,0.213134,Bellevue_150th_Newport
4046,within,0.727358,0.073093,0.075243,0.713912,-0.045769,0.231057,Bellevue_150th_Newport
4047,within,0.739407,0.057852,0.092686,0.812526,-0.007062,0.258059,Bellevue_150th_Newport
4048,within,0.710593,0.063518,0.084561,0.686771,0.023523,0.180183,Bellevue_150th_Newport
4049,within,0.704052,0.054765,0.086149,0.70093,0.104596,0.159354,Bellevue_150th_Newport
4050,within,0.691242,0.050956,0.086252,0.682124,0.015572,0.216645,Bellevue_150th_Newport
4051,within,0.653738,0.030557,0.090782,0.690582,-0.021429,0.228082,Bellevue_150th_Newport
4052,within,0.723009,0.046371,0.093116,0.76005,0.075776,0.217597,Bellevue_150th_Newport
4053,within,0.73125,0.066235,0.085905,0.723508,0.045046,0.214646,Bellevue_150th_Newport
4054,within,0.728031,0.053754,0.089985,0.810968,0.075556,0.155086,Bellevue_150th_Newport
4055,within,0.705235,0.073674,0.078335,0.796846,0.015556,0.24143,Bellevue_150th_Newport
4056,within,0.737466,0.053482,0.091161,0.690132,0.034656,0.168492,Bellevue_150th_Newport
4057,within,0.697565,0.03744,0.094323,0.81466,0.016157,0.221134,Bellevue_150th_Newport
4058,within,0.693594,0.057139,0.085378,0.662173,0.044681,0.154205,Bellevue_150th_Newport
4059,within,0.733732,0.072244,0.077198,0.820263,0.151716,0.151728,Bellevue_150th_Newport
4060,within,0.683692,0.072898,0.072133,0.685342,0.1045,0.162369,Bellevue_150th_Newport
4061,within,0.715541,0.069977,0.077949,0.691286,0.093951,0.138995,Bellevue_150th_Newport
4062,within,0.736863,0.068491,0.077242,0.654211,0.01785,0.227941,Bellevue_150th_Newport
4063,within,0.702772,0.042226,0.096345,0.709015,0.102165,0.186492,Bellevue_150th_Newport
4064,within,0.718197,0.094675,0.066944,0.720819,0.138191,0.178982,Bellevue_150th_Newport
4065,within,0.724715,0.071616,0.070797,0.678744,0.12465,0.133486,Bellevue_150th_Newport
4066,within,0.701988,0.120322,0.05375,0.772512,0.119169,0.199827,Bellevue_150th_Newport
4067,within,0.785672,0.098821,0.055184,0.763574,0.139115,0.188813,Bellevue_150th_Newport
4068,within,0.70515,0.098766,0.057853,0.619507,0.099941,0.092257,Bellevue_150th_Newport
4069,within,0.759201,0.078338,0.071327,0.734075,0.18637,0.081533,Bellevue_150th_Newport
4070,within,0.711493,0.068161,0.082176,0.663237,0.120818,0.090909,Bellevue_150th_Newport
4071,within,0.739746,0.053259,0.084421,0.700745,0.085452,0.143989,Bellevue_150th_Newport
4072,within,0.700181,0.073399,0.077606,0.830376,0.186279,0.175113,Bellevue_150th_Newport
4073,within,0.730706,0.065088,0.077192,0.688902,0.092412,0.187384,Bellevue_150th_Newport
4074,within,0.710704,0.076514,0.069764,0.686732,0.053606,0.191661,Bellevue_150th_Newport
4075,within,0.690663,0.070034,0.075316,0.689141,0.081278,0.103953,Bellevue_150th_Newport
4076,within,0.712582,0.065336,0.079807,0.699219,0.114628,0.190866,Bellevue_150th_Newport
4077,within,0.705053,0.080377,0.072141,0.63464,0.076597,0.151005,Bellevue_150th_Newport
4078,within,0.708204,0.070705,0.078829,0.626963,0.080189,0.127354,Bellevue_150th_Newport
4079,within,0.722944,0.061518,0.085933,0.64922,0.094176,0.122841,Bellevue_150th_Newport
4080,within,0.720715,0.063984,0.085285,0.609245,0.052514,0.153285,Bellevue_150th_Newport
4081,within,0.678869,0.067733,0.076002,0.71654,0.072164,0.138499,Bellevue_150th_Newport
4082,within,0.720814,0.075313,0.071757,0.688013,0.006455,0.194851,Bellevue_150th_Newport
4083,within,0.714976,0.067666,0.078313,0.768058,0.042796,0.207276,Bellevue_150th_Newport
4084,within,0.725165,0.053935,0.089736,0.693727,0.090201,0.172252,Bellevue_150th_Newport
4085,within,0.680722,0.087229,0.068636,0.789089,0.236538,0.125837,Bellevue_150th_Newport
4086,within,0.749548,0.098865,0.053889,0.702847,0.156754,0.162804,Bellevue_150th_Newport
4087,within,0.790851,0.101873,0.061295,0.782544,0.144029,0.230067,Bellevue_150th_Newport
4088,within,0.713884,0.060868,0.087591,0.796333,0.156756,0.157193,Bellevue_150th_Newport
4089,within,0.676694,0.0669,0.079355,0.751626,0.134119,0.192033,Bellevue_150th_Newport
4090,within,0.727405,0.09316,0.066343,0.729588,0.070058,0.181096,Bellevue_150th_Newport
4091,within,0.606466,0.171345,0.101546,0.402933,0.073771,0.039596,Bellevue_Bellevue_NE8th
4092,within,0.597367,0.161969,0.104371,0.504816,0.084392,0.076354,Bellevue_Bellevue_NE8th
4093,within,0.557417,0.146703,0.104455,0.549059,0.234611,0.057155,Bellevue_Bellevue_NE8th
4094,within,0.565286,0.159382,0.098265,0.480354,0.311692,0.01412,Bellevue_Bellevue_NE8th
4095,within,0.531377,0.143061,0.101973,0.526982,0.291701,0.063796,Bellevue_Bellevue_NE8th
4096,within,0.534042,0.143744,0.098619,0.49556,0.138669,0.145534,Bellevue_Bellevue_NE8th
4097,within,0.575429,0.161609,0.096825,0.403047,0.110202,0.110526,Bellevue_Bellevue_NE8th
4098,within,0.582025,0.169667,0.085688,0.436539,0.118264,0.14219,Bellevue_Bellevue_NE8th
4099,within,0.56941,0.154271,0.109897,0.434318,0.096866,0.134843,Bellevue_Bellevue_NE8th
4100,within,0.541263,0.152072,0.098883,0.490017,0.159935,0.090825,Bellevue_Bellevue_NE8th
4101,within,0.576494,0.160687,0.103287,0.505822,0.185498,0.081036,Bellevue_Bellevue_NE8th
4102,within,0.561862,0.155394,0.10702,0.381821,0.109151,0.092456,Bellevue_Bellevue_NE8th
4103,within,0.581626,0.161039,0.108256,0.364107,0.06472,0.096142,Bellevue_Bellevue_NE8th
4104,within,0.608395,0.17012,0.102647,0.398419,0.051151,0.130513,Bellevue_Bellevue_NE8th
4105,within,0.593774,0.161684,0.110411,0.39103,0.064593,0.136187,Bellevue_Bellevue_NE8th
4106,within,0.594513,0.167056,0.102697,0.51286,0.096441,0.188994,Bellevue_Bellevue_NE8th
4107,within,0.5578,0.159951,0.099092,0.488887,0.20007,0.095154,Bellevue_Bellevue_NE8th
4108,within,0.53429,0.149245,0.095919,0.551949,0.171228,0.090142,Bellevue_Bellevue_NE8th
4109,within,0.570309,0.163182,0.101728,0.568513,0.200189,0.056071,Bellevue_Bellevue_NE8th
4110,within,0.630997,0.176473,0.097999,0.640013,0.273329,0.082722,Bellevue_Bellevue_NE8th
4111,within,0.623578,0.170018,0.113849,0.674655,0.261275,0.150488,Bellevue_Bellevue_NE8th
4112,within,0.665063,0.050934,0.096515,0.649805,0.207155,0.124504,Bellevue_Bellevue_NE8th
4113,within,0.586773,0.163291,0.105709,0.608118,0.205731,0.107256,Bellevue_Bellevue_NE8th
4114,within,0.573604,0.160238,0.101862,0.354536,0.157101,0.082111,Bellevue_Bellevue_NE8th
4115,within,0.550918,0.157677,0.094242,0.440485,0.185211,0.04884,Bellevue_Bellevue_NE8th
4116,within,0.578249,0.16135,0.107984,0.362985,0.107521,0.064744,Bellevue_Bellevue_NE8th
4117,within,0.635133,0.174355,0.115793,0.425328,0.106378,0.084826,Bellevue_Bellevue_NE8th
4118,within,0.582261,0.149721,0.112284,0.569966,0.04882,0.090746,Bellevue_Bellevue_NE8th
4119,within,0.666828,0.051694,0.099787,0.57058,0.117249,0.057227,Bellevue_Bellevue_NE8th
4120,within,0.59688,0.167368,0.103255,0.554058,0.178283,0.046214,Bellevue_Bellevue_NE8th
4121,within,0.60007,0.17353,0.095211,0.306316,0.132631,0.026893,Bellevue_Bellevue_NE8th
4122,within,0.591864,0.161696,0.114,0.470752,0.196005,0.02787,Bellevue_Bellevue_NE8th
4123,within,0.610431,0.168528,0.106388,0.607847,0.180221,0.090555,Bellevue_Bellevue_NE8th
4124,within,0.638254,0.175221,0.113783,0.550201,0.15337,0.092915,Bellevue_Bellevue_NE8th
4125,within,0.531756,0.139187,0.100688,0.47994,0.108991,0.136514,Bellevue_Bellevue_NE8th
4126,within,0.594198,0.167469,0.10175,0.443607,0.110421,0.137136,Bellevue_Bellevue_NE8th
4127,within,0.636836,0.179928,0.113712,0.557573,0.102352,0.102745,Bellevue_Bellevue_NE8th
4128,within,0.622887,0.177026,0.113002,0.565235,0.10842,0.11555,Bellevue_Bellevue_NE8th
4129,within,0.54275,0.142088,0.108104,0.61295,0.264789,0.054892,Bellevue_Bellevue_NE8th
4130,within,0.625398,0.167536,0.125769,0.599035,0.286758,0.089832,Bellevue_Bellevue_NE8th
4131,within,0.553852,0.144583,0.110018,0.719173,0.429002,0.084232,Bellevue_Bellevue_NE8th
4132,within,0.546815,0.136823,0.114285,0.538519,0.188635,0.065855,Bellevue_Bellevue_NE8th
4133,within,0.575001,0.153347,0.119671,0.529482,0.074868,0.048522,Bellevue_Bellevue_NE8th
4134,within,0.546782,0.140528,0.109269,0.519639,0.213474,0.036279,Bellevue_Bellevue_NE8th
4135,within,0.553804,0.146966,0.110871,0.497506,0.239431,0.03468,Bellevue_Bellevue_NE8th
4136,within,0.555695,0.142374,0.113963,0.473548,0.163799,0.084498,Bellevue_Bellevue_NE8th
4137,within,0.634865,0.167943,0.132195,0.423715,0.160137,0.072002,Bellevue_Bellevue_NE8th
4138,within,0.545195,0.138345,0.110864,0.402014,0.136342,0.078297,Bellevue_Bellevue_NE8th
4139,within,0.603636,0.169544,0.119063,0.605391,0.166121,0.047576,Bellevue_Bellevue_NE8th
4140,within,0.605023,0.165416,0.120093,0.548354,0.129748,0.036073,Bellevue_Bellevue_NE8th
4141,within,0.573628,0.15044,0.111308,0.540626,0.157464,0.020163,Bellevue_Bellevue_NE8th
4142,within,0.579744,0.160182,0.111203,0.404125,0.056818,0.093355,Bellevue_Bellevue_NE8th
4143,within,0.584344,0.158569,0.11848,0.519608,0.141027,0.092163,Bellevue_Bellevue_NE8th
4144,within,0.640931,0.175652,0.117151,0.545641,0.20443,0.101392,Bellevue_Bellevue_NE8th
4145,within,0.706453,0.187811,0.143609,0.525029,0.233524,0.093458,Bellevue_Bellevue_NE8th
4146,within,0.709127,0.188087,0.150983,0.473685,0.161864,0.092289,Bellevue_Bellevue_NE8th
4147,within,0.667389,0.192474,0.126803,0.494595,0.200714,0.125236,Bellevue_Bellevue_NE8th
4148,within,0.595947,0.170609,0.115472,0.454493,0.100282,0.156042,Bellevue_Bellevue_NE8th
4149,within,0.70209,0.089761,0.063131,0.566915,0.156969,0.126005,Bellevue_Bellevue_NE8th
4150,within,0.723331,0.119507,0.060446,0.540259,0.190084,0.156405,Bellevue_Bellevue_NE8th
4151,within,0.735998,0.123888,0.05627,0.61777,0.23008,0.080207,Bellevue_Bellevue_NE8th
4152,within,0.749793,0.127064,0.105523,0.695116,0.235342,0.056439,Bellevue_Bellevue_NE8th
4153,within,0.745759,0.122926,0.092979,0.642114,0.126199,0.093159,Bellevue_Bellevue_NE8th
4154,within,0.734702,0.09064,0.077023,0.541695,0.134092,0.116663,Bellevue_Bellevue_NE8th
4155,within,0.716095,0.136656,0.073865,0.491683,0.177672,0.155746,Bellevue_Bellevue_NE8th
4156,within,0.787983,0.133512,0.073468,0.562844,0.180724,0.14145,Bellevue_Bellevue_NE8th
4157,within,0.736108,0.129037,0.054007,0.682868,0.268782,0.144805,Bellevue_Bellevue_NE8th
4158,within,0.735482,0.143698,0.053511,0.700324,0.225924,0.133455,Bellevue_Bellevue_NE8th
4159,within,0.748732,0.120057,0.099653,0.610544,0.151732,0.056297,Bellevue_Bellevue_NE8th
4160,within,0.651924,0.170728,0.114812,0.770608,0.173672,0.118385,Bellevue_Bellevue_NE8th
4161,within,0.784201,0.127956,0.11098,0.537601,0.181998,0.077876,Bellevue_Bellevue_NE8th
4162,within,0.723437,0.184688,0.134312,0.55466,0.150879,0.140183,Bellevue_Bellevue_NE8th
4163,within,0.812528,0.151029,0.133725,0.611289,0.175838,0.04303,Bellevue_Bellevue_NE8th
4164,within,0.755059,0.103326,0.09045,0.596727,0.181524,0.08509,Bellevue_Bellevue_NE8th
4165,within,0.754057,0.110555,0.091386,0.525147,0.167488,0.070507,Bellevue_Bellevue_NE8th
4166,within,0.726446,0.118785,0.091944,0.592746,0.156207,0.169053,Bellevue_Bellevue_NE8th
4167,within,0.721917,0.113731,0.101979,0.729431,0.144611,0.22088,Bellevue_Bellevue_NE8th
4168,within,0.767006,0.102757,0.084534,0.76434,0.307293,0.098701,Bellevue_Bellevue_NE8th
4169,within,0.766253,0.114482,0.104547,0.669531,0.21497,0.122161,Bellevue_Bellevue_NE8th
4170,within,0.786014,0.105078,0.100745,0.604531,0.151289,0.154232,Bellevue_Bellevue_NE8th
4171,within,0.784507,0.105952,0.083599,0.493648,0.116643,0.073853,Bellevue_Bellevue_NE8th
4172,within,0.844337,0.148847,0.068612,0.587697,0.261479,0.041364,Bellevue_Bellevue_NE8th
4173,within,0.731464,0.118778,0.093092,0.670073,0.268395,0.156775,Bellevue_Bellevue_NE8th
4174,within,0.707479,0.109237,0.098518,0.694146,0.278926,0.206958,Bellevue_Bellevue_NE8th
4175,within,0.777827,0.124081,0.095171,0.788292,0.199934,0.269796,Bellevue_Bellevue_NE8th
4176,within,0.810921,0.111354,0.08584,0.629481,0.139462,0.147077,Bellevue_Bellevue_NE8th
4177,within,0.736327,0.133338,0.094365,0.722081,0.170652,0.112237,Bellevue_Bellevue_NE8th
4178,within,0.784635,0.139398,0.132289,0.698329,0.131831,0.091766,Bellevue_Bellevue_NE8th
4179,within,0.784628,0.11982,0.092538,0.641381,0.216602,0.095023,Bellevue_Bellevue_NE8th
4180,within,0.772168,0.114324,0.098108,0.443049,0.159946,0.049685,Bellevue_Bellevue_NE8th
4181,within,0.770542,0.117071,0.099422,0.415929,0.106854,0.024469,Bellevue_Bellevue_NE8th
4182,within,0.770377,0.127303,0.109165,0.549191,0.19679,0.02058,Bellevue_Bellevue_NE8th
4183,within,0.78313,0.117682,0.105565,0.550306,0.188076,0.037382,Bellevue_Bellevue_NE8th
4184,within,0.766796,0.122013,0.113733,0.390702,0.106024,0.059819,Bellevue_Bellevue_NE8th
4185,within,0.709811,0.177274,0.12668,0.619594,0.272493,0.07413,Bellevue_Bellevue_NE8th
4186,within,0.78167,0.109111,0.083662,0.752994,0.474602,0.056003,Bellevue_Bellevue_NE8th
4187,within,0.758771,0.088098,0.083097,0.674175,0.427809,0.074113,Bellevue_Bellevue_NE8th
4188,within,0.7565,0.124585,0.092025,0.565899,0.324016,0.078925,Bellevue_Bellevue_NE8th
4189,within,0.811783,0.124255,0.10138,0.506431,0.154764,0.06558,Bellevue_Bellevue_NE8th
4190,within,0.812267,0.079562,0.076352,0.533575,0.085519,0.248016,Bellevue_Bellevue_NE8th
4191,within,0.77,0.10903,0.095123,0.667657,0.109846,0.187516,Bellevue_Bellevue_NE8th
4192,within,0.777688,0.164963,0.139638,0.695754,0.192188,0.112461,Bellevue_Bellevue_NE8th
4193,within,0.798657,0.107968,0.090492,0.545565,0.084367,0.147517,Bellevue_Bellevue_NE8th
4194,within,0.737291,0.189671,0.140287,0.597683,0.11309,0.137592,Bellevue_Bellevue_NE8th
4195,within,0.739344,0.123758,0.095233,0.557113,0.112115,0.114158,Bellevue_Bellevue_NE8th
4196,within,0.728392,0.12806,0.093355,0.456191,-0.00153,0.126132,Bellevue_Bellevue_NE8th
4197,within,0.792849,0.095326,0.097234,0.303508,0.04216,0.061792,Bellevue_Bellevue_NE8th
4198,within,0.77623,0.134325,0.116537,0.562476,0.215723,0.08964,Bellevue_Bellevue_NE8th
4199,within,0.818284,0.145864,0.107473,0.634374,0.331215,0.064666,Bellevue_Bellevue_NE8th
4200,within,0.744533,0.064208,0.100929,0.679514,0.211724,0.13262,Bellevue_Bellevue_NE8th
4201,within,0.74246,0.111718,0.099104,0.711174,0.270368,0.152735,Bellevue_Bellevue_NE8th
4202,within,0.738038,0.127144,0.095201,0.726732,0.289781,0.13355,Bellevue_Bellevue_NE8th
4203,within,0.742871,0.126867,0.095209,0.570773,0.194015,0.097197,Bellevue_Bellevue_NE8th
4204,within,0.784445,0.131625,0.097724,0.551122,0.050242,0.064639,Bellevue_Bellevue_NE8th
4205,within,0.766521,0.052299,0.081616,0.579083,0.038778,0.058874,Bellevue_Bellevue_NE8th
4206,within,0.764385,0.091736,0.098412,0.620035,0.151653,0.073636,Bellevue_Bellevue_NE8th
4207,within,0.768411,0.123166,0.100524,0.710302,0.19344,0.039613,Bellevue_Bellevue_NE8th
4208,within,0.717063,0.076224,0.087293,0.613352,0.200749,0.049475,Bellevue_Bellevue_NE8th
4209,within,0.788601,0.117524,0.085898,0.527558,0.187389,0.049814,Bellevue_Bellevue_NE8th
4210,within,0.800002,0.117373,0.096314,0.574072,0.186883,0.064227,Bellevue_Bellevue_NE8th
4211,within,0.732939,0.141057,0.084555,0.393558,0.0564,0.123891,Bellevue_Bellevue_NE8th
4212,within,0.758146,0.100037,0.07695,0.419457,0.106465,0.110925,Bellevue_Bellevue_NE8th
4213,within,0.772049,0.120958,0.091325,0.590113,0.194915,0.065334,Bellevue_Bellevue_NE8th
4214,within,0.823154,0.132931,0.082417,0.640486,0.24362,0.088177,Bellevue_Bellevue_NE8th
4215,within,0.763064,0.083038,0.086187,0.552459,0.224953,0.062386,Bellevue_Bellevue_NE8th
4216,within,0.728348,0.099365,0.08393,0.570604,0.233633,0.043787,Bellevue_Bellevue_NE8th
4217,within,0.76652,0.121627,0.084024,0.641538,0.260377,0.05848,Bellevue_Bellevue_NE8th
4218,within,0.734695,0.122975,0.09315,0.707957,0.272032,0.091822,Bellevue_Bellevue_NE8th
4219,within,0.74148,0.126317,0.096032,0.67662,0.278713,0.088752,Bellevue_Bellevue_NE8th
4220,within,0.788676,0.119388,0.077216,0.900761,0.325949,0.031246,Bellevue_Bellevue_NE8th
4221,within,0.69594,0.041457,0.093092,0.646233,0.322136,0.045506,Bellevue_Bellevue_NE8th
4222,within,0.772742,0.116134,0.111468,0.630482,0.34006,0.036908,Bellevue_Bellevue_NE8th
4223,within,0.720239,0.099621,0.094353,0.671684,0.25734,0.110885,Bellevue_Bellevue_NE8th
4224,within,0.762295,0.103808,0.080731,0.651695,0.245029,0.172706,Bellevue_Bellevue_NE8th
4225,within,0.791875,0.115252,0.090205,0.665894,0.19443,0.127794,Bellevue_Bellevue_NE8th
4226,within,0.727888,0.125501,0.091863,0.696636,0.29204,0.095858,Bellevue_Bellevue_NE8th
4227,within,0.780447,0.120521,0.10876,0.663608,0.163041,0.144494,Bellevue_Bellevue_NE8th
4228,within,0.719568,0.077995,0.096831,0.567096,0.111332,0.112121,Bellevue_Bellevue_NE8th
4229,within,0.785812,0.121939,0.117014,0.600194,0.099114,0.174601,Bellevue_Bellevue_NE8th
4230,within,0.717524,0.094287,0.087968,0.670415,0.162959,0.139568,Bellevue_Bellevue_NE8th
4231,within,0.724188,0.090111,0.081672,0.59459,0.246651,0.117135,Bellevue_Bellevue_NE8th
4232,within,0.783532,0.112012,0.076297,0.569382,0.200503,0.103384,Bellevue_Bellevue_NE8th
4233,within,0.780453,0.114505,0.088455,0.625126,0.274233,0.093375,Bellevue_Bellevue_NE8th
4234,within,0.73237,0.129787,0.090845,0.613372,0.244299,0.078882,Bellevue_Bellevue_NE8th
4235,within,0.756594,0.117919,0.088224,0.59345,0.109842,0.147924,Bellevue_Bellevue_NE8th
4236,within,0.720312,0.041635,0.095349,0.5682,0.061633,0.106885,Bellevue_Bellevue_NE8th
4237,within,0.749837,0.121815,0.101425,0.58269,0.10218,0.076679,Bellevue_Bellevue_NE8th
4238,within,0.7142,0.180601,0.136184,0.617407,0.138352,0.101002,Bellevue_Bellevue_NE8th
4239,within,0.786429,0.108292,0.095817,0.525318,0.142269,0.095571,Bellevue_Bellevue_NE8th
4240,within,0.784953,0.093367,0.076613,0.511369,0.210346,0.036656,Bellevue_Bellevue_NE8th
4241,within,0.800264,0.101217,0.088146,0.489821,0.15819,0.033921,Bellevue_Bellevue_NE8th
4242,within,0.765525,0.108735,0.076335,0.499815,0.210225,0.07455,Bellevue_Bellevue_NE8th
4243,within,0.756158,0.123144,0.098718,0.39074,0.113694,0.025595,Bellevue_Bellevue_NE8th
4244,within,0.757118,0.102492,0.10602,0.509346,0.138323,0.097158,Bellevue_Bellevue_NE8th
4245,within,0.758937,0.10618,0.098795,0.531148,0.135306,0.104752,Bellevue_Bellevue_NE8th
4246,within,0.758751,0.103375,0.092131,0.449696,0.25621,0.072157,Bellevue_Bellevue_NE8th
4247,within,0.698539,0.125305,0.087007,0.480257,0.242111,0.057732,Bellevue_Bellevue_NE8th
4248,within,0.755752,0.106205,0.088658,0.56062,0.272187,0.062034,Bellevue_Bellevue_NE8th
4249,within,0.727404,0.12011,0.094127,0.467612,0.181868,0.059545,Bellevue_Bellevue_NE8th
4250,within,0.702275,0.172329,0.117816,0.344787,0.11753,0.01572,Bellevue_Bellevue_NE8th
4251,within,0.738253,0.079069,0.080906,0.294772,0.019882,0.018981,Bellevue_Bellevue_NE8th
4252,within,0.802326,0.104704,0.081404,0.493977,0.099973,0.061099,Bellevue_Bellevue_NE8th
4253,within,0.695545,0.109019,0.076369,0.414887,0.179214,0.093243,Bellevue_Bellevue_NE8th
4254,within,0.692024,0.150964,0.101091,0.499656,0.179876,0.050057,Bellevue_Bellevue_NE8th
4255,within,0.733342,0.1151,0.087136,0.556127,0.24534,0.015659,Bellevue_Bellevue_NE8th
4256,within,0.769058,0.108024,0.095568,0.582655,0.383761,0.004762,Bellevue_Bellevue_NE8th
4257,within,0.732287,0.057908,0.091667,0.525655,0.322858,0.023629,Bellevue_Bellevue_NE8th
4258,within,0.72311,0.078964,0.095243,0.451401,0.28232,0.040004,Bellevue_Bellevue_NE8th
4259,within,0.737188,0.129075,0.103899,0.526685,0.291369,0.031826,Bellevue_Bellevue_NE8th
4260,within,0.744758,0.102293,0.074544,0.511272,0.267592,0.026283,Bellevue_Bellevue_NE8th
4261,within,0.784439,0.113298,0.08022,0.575604,0.298881,0.036462,Bellevue_Bellevue_NE8th
4262,within,0.746705,0.096206,0.089032,0.613097,0.276205,0.094244,Bellevue_Bellevue_NE8th
4263,within,0.744351,0.126181,0.09137,0.599984,0.155399,0.081476,Bellevue_Bellevue_NE8th
4264,within,0.750454,0.112472,0.094727,0.704968,0.207612,0.134196,Bellevue_Bellevue_NE8th
4265,within,0.766461,0.092344,0.091026,0.744235,0.178744,0.067448,Bellevue_Bellevue_NE8th
4266,within,0.70576,0.092871,0.085629,0.479934,0.189434,0.047117,Bellevue_Bellevue_NE8th
4267,within,0.708038,0.176869,0.137227,0.489599,0.190404,0.055014,Bellevue_Bellevue_NE8th
4268,within,0.717045,0.066485,0.084626,0.428017,0.194862,0.037182,Bellevue_Bellevue_NE8th
4269,within,0.812966,0.087884,0.07214,0.456758,0.132601,0.060305,Bellevue_Bellevue_NE8th
4270,within,0.74014,0.095014,0.093594,0.622283,0.144818,0.096442,Bellevue_Bellevue_NE8th
4271,within,0.742829,0.122047,0.090716,0.816376,0.041799,0.079881,Bellevue_Bellevue_NE8th
4272,within,0.708396,0.038652,0.091661,0.460405,0.063493,0.107886,Bellevue_Bellevue_NE8th
4273,within,0.771033,0.102084,0.110522,0.624173,0.125431,0.165312,Bellevue_Bellevue_NE8th
4274,within,0.6676,0.05725,0.09383,0.674098,0.153755,0.07661,Bellevue_Bellevue_NE8th
4275,within,0.750585,0.06249,0.091402,0.68198,0.218998,0.051208,Bellevue_Bellevue_NE8th
4276,within,0.777921,0.100914,0.085135,0.713646,0.291041,0.029317,Bellevue_Bellevue_NE8th
4277,within,0.735417,0.116077,0.096113,0.745404,0.180339,0.037661,Bellevue_Bellevue_NE8th
4278,within,0.761356,0.105035,0.087873,0.520508,0.122296,0.064675,Bellevue_Bellevue_NE8th
4279,within,0.74642,0.126112,0.085753,0.454211,0.073579,0.010342,Bellevue_Bellevue_NE8th
4280,within,0.781932,0.067693,0.084767,0.518125,0.049567,0.034899,Bellevue_Bellevue_NE8th
4281,within,0.794387,0.068317,0.099677,0.702981,0.196826,0.031102,Bellevue_Bellevue_NE8th
4282,within,0.796389,0.082743,0.076088,0.756137,0.234433,0.083013,Bellevue_Bellevue_NE8th
4283,within,0.761071,0.077433,0.084408,0.737939,0.267122,0.088827,Bellevue_Bellevue_NE8th
4284,within,0.770444,0.112818,0.086052,0.729983,0.299477,0.039008,Bellevue_Bellevue_NE8th
4285,within,0.789468,0.115557,0.097637,0.629996,0.178936,0.136124,Bellevue_Bellevue_NE8th
4286,within,0.744215,0.133003,0.092735,0.692047,0.159022,0.245936,Bellevue_Bellevue_NE8th
4287,within,0.779049,0.09336,0.081958,0.630361,0.202861,0.056309,Bellevue_Bellevue_NE8th
4288,within,0.783535,0.094625,0.104352,0.503072,0.086448,0.06138,Bellevue_Bellevue_NE8th
4289,within,0.713272,0.081033,0.08911,0.497651,0.113315,0.093427,Bellevue_Bellevue_NE8th
4290,within,0.73644,0.054118,0.089955,0.529627,0.194665,0.073036,Bellevue_Bellevue_NE8th
4291,within,0.773031,0.097366,0.086447,0.520491,0.178596,0.03264,Bellevue_Bellevue_NE8th
4292,within,0.761095,0.096335,0.082905,0.574156,0.233497,0.032949,Bellevue_Bellevue_NE8th
4293,within,0.749943,0.124676,0.107394,0.609191,0.156291,0.060584,Bellevue_Bellevue_NE8th
4294,within,0.75169,0.120683,0.09479,0.607373,0.136612,0.110713,Bellevue_Bellevue_NE8th
4295,within,0.763371,0.12594,0.110891,0.653969,0.251057,0.019056,Bellevue_Bellevue_NE8th
4296,within,0.737476,0.082691,0.089172,0.660516,0.217507,0.030842,Bellevue_Bellevue_NE8th
4297,within,0.697962,0.065257,0.079486,0.592131,0.201759,0.05274,Bellevue_Bellevue_NE8th
4298,within,0.772395,0.117113,0.089925,0.633499,0.174139,0.101531,Bellevue_Bellevue_NE8th
4299,within,0.758476,0.096961,0.075452,0.646402,0.171503,0.052042,Bellevue_Bellevue_NE8th
4300,within,0.755466,0.114185,0.086567,0.591466,0.152791,0.059814,Bellevue_Bellevue_NE8th
4301,within,0.72615,0.105571,0.087256,0.503821,0.227363,0.062671,Bellevue_Bellevue_NE8th
4302,within,0.672639,0.174472,0.124545,0.610132,0.236663,0.090004,Bellevue_Bellevue_NE8th
4303,within,0.745779,0.074132,0.087047,0.632479,0.207194,0.065704,Bellevue_Bellevue_NE8th
4304,within,0.759404,0.084877,0.083464,0.5927,0.221768,0.086372,Bellevue_Bellevue_NE8th
4305,within,0.75889,0.104279,0.072527,0.681425,0.283666,0.056386,Bellevue_Bellevue_NE8th
4306,within,0.727382,0.114089,0.093672,0.659857,0.252602,0.056267,Bellevue_Bellevue_NE8th
4307,within,0.704807,0.167085,0.086848,0.547409,0.148919,0.085635,Bellevue_Bellevue_NE8th
4308,within,0.709994,0.182294,0.129708,0.672731,0.277677,0.076549,Bellevue_Bellevue_NE8th
4309,within,0.718694,0.103556,0.087314,0.674453,0.321285,0.114132,Bellevue_Bellevue_NE8th
4310,within,0.743713,0.102148,0.073918,0.73738,0.405155,0.130447,Bellevue_Bellevue_NE8th
4311,within,0.773543,0.106447,0.059437,0.76384,0.346064,0.071606,Bellevue_Bellevue_NE8th
4312,within,0.770656,0.106752,0.073434,0.771468,0.367409,0.063347,Bellevue_Bellevue_NE8th
4313,within,0.732355,0.109126,0.072393,0.766575,0.322042,0.076438,Bellevue_Bellevue_NE8th
4314,within,0.726329,0.148054,0.08582,0.66509,0.230491,0.101152,Bellevue_Bellevue_NE8th
4315,within,0.717156,0.142031,0.081344,0.61309,0.154292,0.122272,Bellevue_Bellevue_NE8th
4316,within,0.775162,0.099556,0.074024,0.587603,0.167932,0.08819,Bellevue_Bellevue_NE8th
4317,within,0.728574,0.114267,0.084573,0.561702,0.131534,0.05525,Bellevue_Bellevue_NE8th
4318,within,0.69367,0.180338,0.119232,0.475857,0.182325,0.079494,Bellevue_Bellevue_NE8th
4319,within,0.702109,0.186868,0.133762,0.411928,0.228676,0.102751,Bellevue_Bellevue_NE8th
4320,within,0.669539,0.077223,0.112439,0.424069,0.193657,0.110551,Bellevue_Bellevue_NE8th
4321,within,0.7456,0.113916,0.098202,0.505699,0.118685,0.083937,Bellevue_Bellevue_NE8th
4322,within,0.738949,0.124713,0.097782,0.521017,0.142069,0.030542,Bellevue_Bellevue_NE8th
4323,within,0.799771,0.120543,0.115352,0.523168,0.060309,0.023836,Bellevue_Bellevue_NE8th
4324,within,0.752079,0.094273,0.112226,0.431479,-0.021398,0.036864,Bellevue_Bellevue_NE8th
4325,within,0.696002,0.168117,0.134445,0.593181,-0.02124,0.123455,Bellevue_Bellevue_NE8th
4326,within,0.712033,0.13042,0.111783,0.427689,0.100359,0.061655,Bellevue_Bellevue_NE8th
4327,within,0.788583,0.092095,0.077096,0.466045,0.037891,0.091857,Bellevue_Bellevue_NE8th
4328,within,0.720201,0.070228,0.095083,0.544995,0.037745,0.084861,Bellevue_Bellevue_NE8th
4329,within,0.75799,0.073267,0.09062,0.542913,0.171534,0.054098,Bellevue_Bellevue_NE8th
4330,within,0.730281,0.131065,0.085078,0.48975,0.204659,0.082899,Bellevue_Bellevue_NE8th
4331,within,0.750383,0.134868,0.105187,0.468968,0.197184,0.122913,Bellevue_Bellevue_NE8th
4332,within,0.749174,0.101661,0.095189,0.621522,0.248213,0.152464,Bellevue_Bellevue_NE8th
4333,within,0.66508,0.17329,0.121587,0.597709,0.203566,0.082554,Bellevue_Bellevue_NE8th
4334,within,0.721281,0.105189,0.075848,0.517892,0.204725,0.05278,Bellevue_Bellevue_NE8th
4335,within,0.726089,0.09022,0.076965,0.530913,0.150249,0.06217,Bellevue_Bellevue_NE8th
4336,within,0.703316,0.11853,0.072035,0.577852,0.068897,0.087068,Bellevue_Bellevue_NE8th
4337,within,0.723043,0.160384,0.114838,0.715637,0.212427,0.080329,Bellevue_Bellevue_NE8th
4338,within,0.690001,0.182172,0.125399,0.778652,0.175587,0.169295,Bellevue_Bellevue_NE8th
4339,within,0.751538,0.069091,0.086279,0.648876,0.164874,0.113575,Bellevue_Bellevue_NE8th
4340,within,0.727539,0.127835,0.10754,0.601596,0.124885,0.132422,Bellevue_Bellevue_NE8th
4341,within,0.744192,0.147906,0.108873,0.602332,0.143087,0.099239,Bellevue_Bellevue_NE8th
4342,within,0.794456,0.10215,0.077701,0.564594,0.124642,0.086807,Bellevue_Bellevue_NE8th
4343,within,0.748224,0.08264,0.083063,0.491668,0.034299,0.176984,Bellevue_Bellevue_NE8th
4344,within,0.775037,0.104967,0.087252,0.596074,0.052217,0.235888,Bellevue_Bellevue_NE8th
4345,within,0.748155,0.131377,0.104774,0.645592,0.049819,0.278056,Bellevue_Bellevue_NE8th
4346,within,0.760555,0.109138,0.101904,0.692308,0.027024,0.33051,Bellevue_Bellevue_NE8th
4347,within,0.753491,0.098168,0.097068,0.595239,0.099006,0.087222,Bellevue_Bellevue_NE8th
4348,within,0.736602,0.09126,0.098345,0.631556,0.110612,0.121329,Bellevue_Bellevue_NE8th
4349,within,0.726788,0.097285,0.098767,0.748469,0.222057,0.199752,Bellevue_Bellevue_NE8th
4350,within,0.637031,0.1692,0.111994,0.788816,0.317103,0.236442,Bellevue_Bellevue_NE8th
4351,within,0.74439,0.105379,0.075229,0.64931,0.357541,0.089815,Bellevue_Bellevue_NE8th
4352,within,0.721671,0.105133,0.087362,0.681138,0.284071,0.082828,Bellevue_Bellevue_NE8th
4353,within,0.72718,0.122293,0.086767,0.53082,0.134427,0.073706,Bellevue_Bellevue_NE8th
4354,within,0.684022,0.186623,0.114675,0.431856,0.166411,0.141093,Bellevue_Bellevue_NE8th
4355,within,0.721409,0.152871,0.058987,0.44559,0.192707,0.105915,Bellevue_Bellevue_NE8th
4356,within,0.677542,0.173067,0.068385,0.457199,0.241393,0.076536,Bellevue_Bellevue_NE8th
4357,within,0.717459,0.137913,0.074524,0.457098,0.202947,0.037833,Bellevue_Bellevue_NE8th
4358,within,0.69398,0.153043,0.053896,0.466617,0.191018,0.057279,Bellevue_Bellevue_NE8th
4359,within,0.642451,0.175947,0.109706,0.490083,0.24594,0.054612,Bellevue_Bellevue_NE8th
4360,within,0.645972,0.181662,0.108636,0.599623,0.247876,0.061618,Bellevue_Bellevue_NE8th
4361,within,0.719252,0.160667,0.108387,0.506373,0.219937,0.075668,Bellevue_Bellevue_NE8th
4362,within,0.71012,0.135959,0.05893,0.647777,0.349429,0.088928,Bellevue_Bellevue_NE8th
4363,within,0.728761,0.135781,0.050343,0.523021,0.233633,0.117794,Bellevue_Bellevue_NE8th
4364,within,0.695586,0.148216,0.052295,0.535277,0.189405,0.059746,Bellevue_Bellevue_NE8th
4365,within,0.634321,0.179183,0.097894,0.439397,0.148108,0.072526,Bellevue_Bellevue_NE8th
4366,within,0.707462,0.143232,0.052419,0.443224,0.147441,0.035224,Bellevue_Bellevue_NE8th
4367,within,0.70996,0.147329,0.049279,0.365609,0.108643,0.04435,Bellevue_Bellevue_NE8th
4368,within,0.691803,0.164291,0.095632,0.457863,0.200087,0.045802,Bellevue_Bellevue_NE8th
4369,within,0.726887,0.120066,0.085186,0.574041,0.212626,0.091236,Bellevue_Bellevue_NE8th
4370,within,0.687087,0.142846,0.067828,0.586375,0.212855,0.086677,Bellevue_Bellevue_NE8th
4371,within,0.689369,0.14831,0.051335,0.548953,0.225234,0.058336,Bellevue_Bellevue_NE8th
4372,within,0.643285,0.179649,0.102544,0.522321,0.196541,0.078007,Bellevue_Bellevue_NE8th
4373,within,0.632179,0.175888,0.101208,0.55449,0.202119,0.07582,Bellevue_Bellevue_NE8th
4374,within,0.716495,0.148349,0.046928,0.579547,0.220567,0.060064,Bellevue_Bellevue_NE8th
4375,within,0.645311,0.181875,0.109593,0.566598,0.190759,0.065278,Bellevue_Bellevue_NE8th
4376,within,0.695393,0.193502,0.10581,0.525673,0.084351,0.11591,Bellevue_Bellevue_NE8th
4377,within,0.648683,0.179103,0.100308,0.424931,0.039713,0.098067,Bellevue_Bellevue_NE8th
4378,within,0.694962,0.147797,0.050959,0.454051,0.119271,0.099205,Bellevue_Bellevue_NE8th
4379,within,0.633253,0.185276,0.093402,0.476023,0.165964,0.083998,Bellevue_Bellevue_NE8th
4380,within,0.699029,0.157593,0.054207,0.4032,0.134681,0.05173,Bellevue_Bellevue_NE8th
4381,within,0.703015,0.149043,0.050085,0.331976,0.123745,0.053216,Bellevue_Bellevue_NE8th
4382,within,0.707233,0.149654,0.045757,0.446077,0.159146,0.0614,Bellevue_Bellevue_NE8th
4383,within,0.721687,0.139333,0.054325,0.289825,0.074754,0.015951,Bellevue_Bellevue_NE8th
4384,within,0.720193,0.117907,0.073695,0.265886,0.028823,0.021429,Bellevue_Bellevue_NE8th
4385,within,0.728139,0.10028,0.070563,0.321946,0.155018,0.03619,Bellevue_Bellevue_NE8th
4386,within,0.690008,0.138215,0.053009,0.51371,0.164897,0.054315,Bellevue_Bellevue_NE8th
4387,within,0.631224,0.17585,0.108429,0.594386,0.220764,0.080948,Bellevue_Bellevue_NE8th
4388,within,0.615578,0.172823,0.10295,0.598736,0.207668,0.104405,Bellevue_Bellevue_NE8th
4389,within,0.690457,0.147638,0.052088,0.643125,0.241323,0.121219,Bellevue_Bellevue_NE8th
4390,within,0.703716,0.143776,0.049189,0.605599,0.202965,0.05145,Bellevue_Bellevue_NE8th
4391,within,0.690958,0.142885,0.051641,0.375779,0.157272,0.04689,Bellevue_Bellevue_NE8th
4392,within,0.650341,0.160036,0.116625,0.562037,0.236243,0.030357,Bellevue_Bellevue_NE8th
4393,within,0.737224,0.094471,0.053962,0.54924,0.092488,0.059793,Bellevue_Bellevue_NE8th
4394,within,0.693983,0.139386,0.051878,0.55599,0.16597,0.083637,Bellevue_Bellevue_NE8th
4395,within,0.62221,0.175335,0.104668,0.588323,0.245304,0.105482,Bellevue_Bellevue_NE8th
4396,within,0.611888,0.164484,0.103458,0.508026,0.186013,0.140787,Bellevue_Bellevue_NE8th
4397,within,0.665102,0.160185,0.066426,0.548188,0.225441,0.09099,Bellevue_Bellevue_NE8th
4398,within,0.685018,0.144616,0.052683,0.619527,0.239588,0.11234,Bellevue_Bellevue_NE8th
4399,within,0.63419,0.168746,0.109631,0.493964,0.232176,0.069397,Bellevue_Bellevue_NE8th
4400,within,0.668422,0.178403,0.093197,0.414523,0.253376,0.057596,Bellevue_Bellevue_NE8th
4401,within,0.717135,0.128066,0.097858,0.580556,0.213476,0.195751,Bellevue_Bellevue_NE8th
4402,within,0.706593,0.136432,0.055591,0.661056,0.226766,0.132365,Bellevue_Bellevue_NE8th
4403,within,0.623469,0.177293,0.102134,0.671734,0.399328,0.090292,Bellevue_Bellevue_NE8th
4404,within,0.596074,0.165181,0.101547,0.718118,0.374185,0.101728,Bellevue_Bellevue_NE8th
4405,within,0.682894,0.141554,0.051937,0.535612,0.289279,0.062662,Bellevue_Bellevue_NE8th
4406,within,0.595972,0.16288,0.097418,0.544476,0.260086,0.06782,Bellevue_Bellevue_NE8th
4407,within,0.658067,0.179329,0.069625,0.576928,0.260784,0.053268,Bellevue_Bellevue_NE8th
4408,within,0.642585,0.174673,0.100078,0.492308,0.192732,0.128704,Bellevue_Bellevue_NE8th
4409,within,0.681784,0.183411,0.116295,0.476446,0.176457,0.088049,Bellevue_Bellevue_NE8th
4410,within,0.704803,0.119635,0.082642,0.36939,0.129818,0.092198,Bellevue_Bellevue_NE8th
4411,within,0.619078,0.170532,0.102634,0.289358,0.083015,0.106471,Bellevue_Bellevue_NE8th
4412,within,0.678751,0.15041,0.073998,0.261859,0.029621,0.1181,Bellevue_Bellevue_NE8th
4413,within,0.729764,0.122811,0.045447,0.429652,0.147625,0.097812,Bellevue_Bellevue_NE8th
4414,within,0.67688,0.139184,0.054749,0.61348,0.188225,0.121796,Bellevue_Bellevue_NE8th
4415,within,0.614398,0.176684,0.093261,0.605152,0.097073,0.129374,Bellevue_Bellevue_NE8th
4416,within,0.610807,0.177757,0.087493,0.527744,0.06868,0.114157,Bellevue_Bellevue_NE8th
4417,within,0.616077,0.174462,0.08531,0.512792,0.046868,0.138968,Bellevue_Bellevue_NE8th
4418,within,0.631402,0.174196,0.106391,0.522937,0.0613,0.18856,Bellevue_Bellevue_NE8th
4419,within,0.695936,0.138621,0.052525,0.478256,0.081498,0.176802,Bellevue_Bellevue_NE8th
4420,within,0.619074,0.170863,0.104221,0.598442,0.0789,0.173578,Bellevue_Bellevue_NE8th
4421,within,0.627142,0.149841,0.082107,0.476792,0.111144,0.184903,Bellevue_Bellevue_NE8th
4422,within,0.677837,0.148034,0.055816,0.485319,0.180483,0.16064,Bellevue_Bellevue_NE8th
4423,within,0.631371,0.177049,0.106083,0.494062,0.192347,0.067236,Bellevue_Bellevue_NE8th
4424,within,0.660973,0.177492,0.108916,0.596848,0.174211,0.157986,Bellevue_Bellevue_NE8th
4425,within,0.639041,0.180216,0.104982,0.561211,0.16802,0.098427,Bellevue_Bellevue_NE8th
4426,within,0.609186,0.175771,0.093645,0.555513,0.097781,0.117661,Bellevue_Bellevue_NE8th
4427,within,0.692375,0.146588,0.05292,0.625173,0.074906,0.134435,Bellevue_Bellevue_NE8th
4428,within,0.606019,0.158009,0.105664,0.587735,0.053709,0.090809,Bellevue_Bellevue_NE8th
4429,within,0.67841,0.138758,0.052291,0.60309,0.142569,0.043833,Bellevue_Bellevue_NE8th
4430,within,0.667504,0.15607,0.059714,0.544824,0.190278,0.064502,Bellevue_Bellevue_NE8th
4431,within,0.631987,0.176721,0.10828,0.609926,0.195912,0.121224,Bellevue_Bellevue_NE8th
4432,within,0.601988,0.167356,0.099681,0.657971,0.292348,0.065153,Bellevue_Bellevue_NE8th
4433,within,0.668409,0.139845,0.0531,0.55904,0.261147,0.096015,Bellevue_Bellevue_NE8th
4434,within,0.686225,0.148053,0.052023,0.599599,0.257652,0.01633,Bellevue_Bellevue_NE8th
4435,within,0.629635,0.177413,0.108266,0.60593,0.209092,0.030842,Bellevue_Bellevue_NE8th
4436,within,0.644294,0.185289,0.106506,0.575159,0.201558,0.079645,Bellevue_Bellevue_NE8th
4437,within,0.59791,0.17683,0.092781,0.573433,0.130926,0.155356,Bellevue_Bellevue_NE8th
4438,within,0.670362,0.145535,0.071813,0.576062,0.049425,0.143215,Bellevue_Bellevue_NE8th
4439,within,0.66663,0.136181,0.05526,0.623188,0.193848,0.093721,Bellevue_Bellevue_NE8th
4440,within,0.618811,0.176526,0.100146,0.522453,0.118639,0.156267,Bellevue_Bellevue_NE8th
4441,within,0.611923,0.174639,0.100757,0.587841,0.210268,0.138269,Bellevue_Bellevue_NE8th
4442,within,0.693224,0.138427,0.049165,0.596977,0.110245,0.208164,Bellevue_Bellevue_NE8th
4443,within,0.575628,0.157469,0.096006,0.642346,0.166738,0.169904,Bellevue_Bellevue_NE8th
4444,within,0.675667,0.142911,0.049909,0.518464,0.190366,0.085026,Bellevue_Bellevue_NE8th
4445,within,0.693633,0.145855,0.050241,0.545939,0.201374,0.095595,Bellevue_Bellevue_NE8th
4446,within,0.685479,0.146764,0.051438,0.57056,0.152665,0.076214,Bellevue_Bellevue_NE8th
4447,within,0.627587,0.170132,0.095312,0.454569,0.12507,0.052477,Bellevue_Bellevue_NE8th
4448,within,0.651783,0.184609,0.08532,0.457888,0.13707,0.069022,Bellevue_Bellevue_NE8th
4449,within,0.704141,0.141319,0.080187,0.49497,0.19533,0.06124,Bellevue_Bellevue_NE8th
4450,within,0.623015,0.178515,0.095527,0.679413,0.271915,0.113975,Bellevue_Bellevue_NE8th
4451,within,0.618752,0.176608,0.103236,0.639764,0.317698,0.059222,Bellevue_Bellevue_NE8th
4452,within,0.603009,0.16694,0.102051,0.634239,0.294447,0.095096,Bellevue_Bellevue_NE8th
4453,within,0.592939,0.167709,0.100477,0.543221,0.253829,0.053605,Bellevue_Bellevue_NE8th
4454,within,0.620458,0.175376,0.106181,0.574519,0.180803,0.096067,Bellevue_Bellevue_NE8th
4455,within,0.654314,0.179822,0.101897,0.536785,0.132136,0.126098,Bellevue_Bellevue_NE8th
4456,within,0.648563,0.177587,0.089861,0.610566,0.089489,0.22737,Bellevue_Bellevue_NE8th
4457,within,0.609816,0.16409,0.104699,0.655008,0.230347,0.197066,Bellevue_Bellevue_NE8th
4458,within,0.629901,0.178601,0.107959,0.651154,0.264621,0.145575,Bellevue_Bellevue_NE8th
4459,within,0.585626,0.161303,0.103258,0.402782,0.131284,0.080117,Bellevue_Bellevue_NE8th
4460,within,0.581609,0.163178,0.09825,0.427391,0.201895,0.047378,Bellevue_Bellevue_NE8th
4461,within,0.611244,0.172776,0.102553,0.495578,0.182368,0.098575,Bellevue_Bellevue_NE8th
4462,within,0.637925,0.179015,0.103896,0.525153,0.197602,0.081197,Bellevue_Bellevue_NE8th
4463,within,0.623131,0.170939,0.104494,0.668684,0.157914,0.085519,Bellevue_Bellevue_NE8th
4464,within,0.666221,0.117095,0.065895,0.646198,0.164612,0.10476,Bellevue_Bellevue_NE8th
4465,within,0.592853,0.161226,0.097062,0.502901,0.151837,0.034639,Bellevue_Bellevue_NE8th
4466,within,0.621269,0.177232,0.09862,0.465149,0.231033,0.029295,Bellevue_Bellevue_NE8th
4467,within,0.59536,0.162062,0.101758,0.391474,0.10674,0.073633,Bellevue_Bellevue_NE8th
4468,within,0.606492,0.166646,0.103931,0.360485,0.104941,0.030772,Bellevue_Bellevue_NE8th
4469,within,0.58479,0.159018,0.097432,0.468788,0.199501,0.010251,Bellevue_Bellevue_NE8th
4470,within,0.646971,0.175119,0.107716,0.604527,0.192965,0.053625,Bellevue_Bellevue_NE8th
4471,within,0.584139,0.160726,0.099706,0.581484,0.198804,0.125812,Bellevue_Bellevue_NE8th
4472,within,0.608456,0.165312,0.106028,0.526289,0.104222,0.205702,Bellevue_Bellevue_NE8th
4473,within,0.605,0.156066,0.091644,0.486448,0.149806,0.12532,Bellevue_Bellevue_NE8th
4474,within,0.610063,0.171849,0.10212,0.558489,0.099791,0.144086,Bellevue_Bellevue_NE8th
4475,within,0.583357,0.161339,0.101792,0.556967,0.142514,0.19515,Bellevue_Bellevue_NE8th
4476,within,0.535861,0.140688,0.09718,0.476008,0.166978,0.099915,Bellevue_Bellevue_NE8th
4477,within,0.589106,0.166715,0.099938,0.527983,0.26664,0.054613,Bellevue_Bellevue_NE8th
4478,within,0.599736,0.161981,0.104415,0.529499,0.231886,0.069794,Bellevue_Bellevue_NE8th
4479,within,0.624211,0.177428,0.102828,0.728643,0.288003,0.138657,Bellevue_Bellevue_NE8th
4480,within,0.59801,0.16806,0.099745,0.708558,0.224367,0.191786,Bellevue_Bellevue_NE8th
4481,within,0.612337,0.170081,0.107844,0.764941,0.243146,0.208887,Bellevue_Bellevue_NE8th
4482,within,0.543321,0.149405,0.098482,0.780062,0.305404,0.164887,Bellevue_Bellevue_NE8th
4483,within,0.625514,0.127072,0.059811,0.606384,0.218148,0.158956,Bellevue_Bellevue_NE8th
4484,within,0.595025,0.170128,0.099574,0.550785,0.18748,0.145634,Bellevue_Bellevue_NE8th
4485,within,0.568875,0.152859,0.10038,0.491815,0.226665,0.074348,Bellevue_Bellevue_NE8th
4486,within,0.618242,0.175937,0.103803,0.524998,0.158806,0.124019,Bellevue_Bellevue_NE8th
4487,within,0.622574,0.17755,0.10134,0.496467,0.134857,0.07579,Bellevue_Bellevue_NE8th
4488,within,0.602888,0.171035,0.098747,0.404579,0.077716,0.083134,Bellevue_Bellevue_NE8th
4489,within,0.586406,0.162134,0.09814,0.420077,0.102051,0.092499,Bellevue_Bellevue_NE8th
4490,within,0.596633,0.168434,0.102354,0.371334,0.097535,0.096191,Bellevue_Bellevue_NE8th
4491,within,0.614983,0.173718,0.105269,0.374559,0.086651,0.075952,Bellevue_Bellevue_NE8th
4492,within,0.570293,0.162182,0.095687,0.371666,0.119748,0.049163,Bellevue_Bellevue_NE8th
4493,within,0.566269,0.155481,0.097481,0.413265,0.03907,0.053391,Bellevue_Bellevue_NE8th
4494,within,0.609382,0.16939,0.104138,0.546611,0.095654,0.067036,Bellevue_Bellevue_NE8th
4495,within,0.592725,0.164759,0.10218,0.518946,0.219242,0.060712,Bellevue_Bellevue_NE8th
4496,within,0.584013,0.159966,0.101664,0.49621,0.186292,0.056654,Bellevue_Bellevue_NE8th
4497,within,0.546289,0.149627,0.094863,0.515574,0.17075,0.047363,Bellevue_Bellevue_NE8th
4498,within,0.581946,0.160879,0.100467,0.545893,0.138027,0.064763,Bellevue_Bellevue_NE8th
4499,within,0.568226,0.155843,0.097501,0.389649,0.108074,0.100477,Bellevue_Bellevue_NE8th
4500,within,0.546276,0.150048,0.094799,0.31244,0.100374,0.057994,Bellevue_Bellevue_NE8th
4501,within,0.582996,0.162812,0.101714,0.516899,0.211827,0.098286,Bellevue_Bellevue_NE8th
4502,within,0.61576,0.171515,0.104839,0.503572,0.149912,0.119267,Bellevue_Bellevue_NE8th
4503,within,0.624869,0.174161,0.104372,0.486631,0.094977,0.193143,Bellevue_Bellevue_NE8th
4504,within,0.547687,0.149232,0.099276,0.441606,0.110287,0.139231,Bellevue_Bellevue_NE8th
4505,within,0.568503,0.156463,0.101857,0.423189,0.13266,0.173366,Bellevue_Bellevue_NE8th
4506,within,0.55815,0.150537,0.103511,0.550018,0.112113,0.254991,Bellevue_Bellevue_NE8th
4507,within,0.525,0.136133,0.096382,0.631121,0.14802,0.12038,Bellevue_Bellevue_NE8th
4508,within,0.55873,0.15542,0.096632,0.562666,0.137223,0.077249,Bellevue_Bellevue_NE8th
4509,within,0.577317,0.162688,0.095972,0.623473,0.19765,0.081554,Bellevue_Bellevue_NE8th
4510,within,0.608449,0.177034,0.093255,0.636698,0.123684,0.097961,Bellevue_Bellevue_NE8th
4511,within,0.614159,0.172026,0.098462,0.640907,0.126158,0.154175,Bellevue_Bellevue_NE8th
4512,within,0.598502,0.163468,0.104372,0.702259,0.22302,0.039448,Bellevue_Bellevue_NE8th
4513,within,0.551167,0.151679,0.09397,0.543467,0.141837,0.050004,Bellevue_Bellevue_NE8th
4514,within,0.622283,0.175458,0.10553,0.597729,0.168191,0.073226,Bellevue_Bellevue_NE8th
4515,within,0.597992,0.169761,0.098649,0.595738,0.201405,0.10002,Bellevue_Bellevue_NE8th
4516,within,0.604823,0.170726,0.102533,0.577212,0.175255,0.141548,Bellevue_Bellevue_NE8th
4517,within,0.567625,0.151822,0.103574,0.520584,0.162626,0.113827,Bellevue_Bellevue_NE8th
4518,within,0.59667,0.168134,0.103703,0.557236,0.111645,0.135299,Bellevue_Bellevue_NE8th
4519,within,0.570063,0.159289,0.096867,0.366828,0.133388,0.0688,Bellevue_Bellevue_NE8th
4520,within,0.662329,0.172708,0.108944,0.358391,0.1893,0.071228,Bellevue_Bellevue_NE8th
4521,within,0.58514,0.15954,0.108174,0.496651,0.138654,0.072788,Bellevue_Bellevue_NE8th
4522,within,0.589121,0.165745,0.096715,0.489737,0.152867,0.041572,Bellevue_Bellevue_NE8th
4523,within,0.600326,0.169543,0.100937,0.493306,0.166267,0.070921,Bellevue_Bellevue_NE8th
4524,within,0.571007,0.15821,0.102572,0.592912,0.204376,0.076166,Bellevue_Bellevue_NE8th
4525,within,0.550061,0.15101,0.098547,0.493636,0.21977,0.076852,Bellevue_Bellevue_NE8th
4526,within,0.636142,0.178214,0.099652,0.445071,0.118267,0.077275,Bellevue_Bellevue_NE8th
4527,within,0.621723,0.174764,0.103674,0.514044,-0.03364,0.141727,Bellevue_Bellevue_NE8th
4528,within,0.543438,0.146535,0.09959,0.450544,-0.046213,0.115382,Bellevue_Bellevue_NE8th
4529,within,0.59342,0.163409,0.096842,0.44386,0.098515,0.09618,Bellevue_Bellevue_NE8th
4530,within,0.60172,0.165827,0.106865,0.308518,0.127475,0.084226,Bellevue_Bellevue_NE8th
4531,within,0.528022,0.144658,0.093666,0.405757,0.181865,0.076403,Bellevue_Bellevue_NE8th
4532,within,0.594739,0.170879,0.100748,0.599086,0.274639,0.170439,Bellevue_Bellevue_NE8th
4533,within,0.575906,0.164165,0.098224,0.562623,0.139521,0.198764,Bellevue_Bellevue_NE8th
4534,within,0.627023,0.175321,0.106095,0.54814,0.072077,0.1486,Bellevue_Bellevue_NE8th
4535,within,0.622743,0.176056,0.101753,0.553794,0.034691,0.150082,Bellevue_Bellevue_NE8th
4536,within,0.563291,0.158633,0.096502,0.548065,0.050903,0.093586,Bellevue_Bellevue_NE8th
4537,within,0.620527,0.173236,0.103446,0.528896,0.107185,0.113237,Bellevue_Bellevue_NE8th
4538,within,0.587754,0.161433,0.098564,0.624212,0.263556,0.132897,Bellevue_Bellevue_NE8th
4539,within,0.56798,0.161834,0.096268,0.631306,0.30413,0.160152,Bellevue_Bellevue_NE8th
4540,within,0.588136,0.166245,0.099764,0.630489,0.312229,0.141025,Bellevue_Bellevue_NE8th
4541,within,0.578339,0.164811,0.097217,0.541253,0.117671,0.13984,Bellevue_Bellevue_NE8th
4542,within,0.637643,0.179668,0.108105,0.622506,0.111527,0.144448,Bellevue_Bellevue_NE8th
4543,within,0.574928,0.157824,0.10141,0.660729,0.114643,0.209161,Bellevue_Bellevue_NE8th
4544,within,0.510075,0.137533,0.092349,0.64232,0.159078,0.175177,Bellevue_Bellevue_NE8th
4545,within,0.609798,0.170983,0.089874,0.543491,0.13933,0.136695,Bellevue_Bellevue_NE8th
4546,within,0.622471,0.17621,0.105035,0.499559,0.062964,0.216181,Bellevue_Bellevue_NE8th
4547,within,0.544934,0.146936,0.096847,0.480239,0.149554,0.153209,Bellevue_Bellevue_NE8th
4548,within,0.566585,0.156539,0.102383,0.556799,0.178786,0.167817,Bellevue_Bellevue_NE8th
4549,within,0.546265,0.151803,0.099461,0.536062,0.183031,0.14731,Bellevue_Bellevue_NE8th
4550,within,0.542831,0.14645,0.096177,0.494884,0.140496,0.097755,Bellevue_Bellevue_NE8th
4551,within,0.638212,0.179448,0.102902,0.52374,0.166893,0.085105,Bellevue_Bellevue_NE8th
4552,within,0.58625,0.164551,0.103975,0.510517,0.125141,0.088043,Bellevue_Bellevue_NE8th
4553,within,0.60432,0.168186,0.102121,0.435236,0.107229,0.13456,Bellevue_Bellevue_NE8th
4554,within,0.579433,0.165658,0.099366,0.517213,0.173481,0.127623,Bellevue_Bellevue_NE8th
4555,within,0.536125,0.148694,0.096863,0.556389,0.223058,0.085647,Bellevue_Bellevue_NE8th
4556,within,0.579742,0.163657,0.10066,0.511337,0.141266,0.099988,Bellevue_Bellevue_NE8th
4557,within,0.606078,0.174085,0.100307,0.589026,0.114993,0.14163,Bellevue_Bellevue_NE8th
4558,within,0.59976,0.169602,0.101896,0.488722,0.054457,0.156173,Bellevue_Bellevue_NE8th
4559,within,0.617429,0.174932,0.101641,0.486927,0.070886,0.273399,Bellevue_Bellevue_NE8th
4560,within,0.571916,0.160061,0.098885,0.425024,0.076704,0.22641,Bellevue_Bellevue_NE8th
4561,within,0.586472,0.165459,0.10193,0.452417,0.172858,0.196526,Bellevue_Bellevue_NE8th
4562,within,0.523935,0.1372,0.098912,0.535069,0.251496,0.096048,Bellevue_Bellevue_NE8th
4563,within,0.539317,0.149855,0.091057,0.588079,0.300874,0.109872,Bellevue_Bellevue_NE8th
4564,within,0.570325,0.162763,0.096467,0.600265,0.101364,0.141175,Bellevue_Bellevue_NE8th
4565,within,0.606003,0.173247,0.102088,0.579938,0.037706,0.143583,Bellevue_Bellevue_NE8th
4566,within,0.566134,0.156745,0.098731,0.638433,0.04808,0.152045,Bellevue_Bellevue_NE8th
4567,within,0.608161,0.169169,0.106708,0.648308,0.070521,0.158863,Bellevue_Bellevue_NE8th
4568,within,0.568133,0.158188,0.100154,0.581844,0.137485,0.071421,Bellevue_Bellevue_NE8th
4569,within,0.604795,0.169684,0.103291,0.700409,0.114622,0.148733,Bellevue_Bellevue_NE8th
4570,within,0.545632,0.136947,0.105085,0.69697,0.110282,0.084229,Bellevue_Bellevue_NE8th
4571,within,0.561999,0.156255,0.098527,0.631555,0.034091,0.106614,Bellevue_Bellevue_NE8th
4572,within,0.609856,0.173216,0.102165,0.71922,0.156221,0.190528,Bellevue_Bellevue_NE8th
4573,within,0.593373,0.164446,0.104339,0.691953,0.247532,0.169949,Bellevue_Bellevue_NE8th
4574,within,0.538213,0.152184,0.089278,0.670235,0.267016,0.097833,Bellevue_Bellevue_NE8th
4575,within,0.533674,0.148117,0.094773,0.633744,0.302113,0.115031,Bellevue_Bellevue_NE8th
4576,within,0.521681,0.142513,0.092388,0.587612,0.249646,0.130645,Bellevue_Bellevue_NE8th
4577,within,0.56957,0.160094,0.100448,0.474308,0.14997,0.054984,Bellevue_Bellevue_NE8th
4578,within,0.595236,0.167604,0.105032,0.476881,0.126809,0.027689,Bellevue_Bellevue_NE8th
4579,within,0.555428,0.154684,0.095502,0.627394,0.138357,0.07765,Bellevue_Bellevue_NE8th
4580,within,0.588837,0.168555,0.098828,0.653611,0.191128,0.10584,Bellevue_Bellevue_NE8th
4581,within,0.572374,0.163712,0.095864,0.499346,0.176569,0.072832,Bellevue_Bellevue_NE8th
4582,within,0.582135,0.165698,0.096469,0.448488,0.16962,0.091391,Bellevue_Bellevue_NE8th
4583,within,0.556216,0.15752,0.096369,0.503818,0.190591,0.118323,Bellevue_Bellevue_NE8th
4584,within,0.599677,0.169795,0.100959,0.447318,0.067525,0.112906,Bellevue_Bellevue_NE8th
4585,within,0.610917,0.172989,0.101132,0.488874,0.072561,0.090551,Bellevue_Bellevue_NE8th
4586,within,0.613631,0.170863,0.104677,0.538131,0.193855,0.089722,Bellevue_Bellevue_NE8th
4587,within,0.515828,0.140444,0.095214,0.496263,0.15469,0.047449,Bellevue_Bellevue_NE8th
4588,within,0.5891,0.163741,0.100884,0.427257,0.152834,0.068581,Bellevue_Bellevue_NE8th
4589,within,0.609797,0.171847,0.105652,0.44853,0.247711,0.047762,Bellevue_Bellevue_NE8th
4590,within,0.541144,0.148401,0.100125,0.58117,0.190236,0.0945,Bellevue_Bellevue_NE8th
4591,within,0.584798,0.167979,0.098601,0.684226,0.179523,0.125061,Bellevue_Bellevue_NE8th
4592,within,0.528622,0.148769,0.093548,0.657032,0.283047,0.069522,Bellevue_Bellevue_NE8th
4593,within,0.546383,0.152984,0.095517,0.536537,0.135209,0.034848,Bellevue_Bellevue_NE8th
4594,within,0.593928,0.164829,0.099625,0.523856,0.094446,0.05553,Bellevue_Bellevue_NE8th
4595,within,0.627312,0.173728,0.105834,0.583953,0.098484,0.077104,Bellevue_Bellevue_NE8th
4596,within,0.548588,0.151111,0.09797,0.606381,0.078887,0.066275,Bellevue_Bellevue_NE8th
4597,within,0.570532,0.158592,0.099339,0.564048,0.105346,0.044273,Bellevue_Bellevue_NE8th
4598,within,0.567316,0.15671,0.10089,0.617925,0.134363,0.024728,Bellevue_Bellevue_NE8th
4599,within,0.514953,0.137682,0.094599,0.428739,0.127997,0.119079,Bellevue_Bellevue_NE8th
4600,within,0.566224,0.160821,0.095619,0.372577,0.200603,0.072937,Bellevue_Bellevue_NE8th
4601,within,0.515128,0.144195,0.090899,0.429841,0.202585,0.092703,Bellevue_Bellevue_NE8th
4602,within,0.547561,0.155785,0.092943,0.455701,0.107615,0.067768,Bellevue_Bellevue_NE8th
4603,within,0.589371,0.166015,0.101114,0.604141,0.048243,0.05318,Bellevue_Bellevue_NE8th
4604,within,0.607296,0.173211,0.093874,0.617674,0.034501,0.063845,Bellevue_Bellevue_NE8th
4605,within,0.615404,0.172431,0.10672,0.665847,0.088021,0.0521,Bellevue_Bellevue_NE8th
4606,within,0.587109,0.165678,0.100867,0.66989,0.126998,0.057181,Bellevue_Bellevue_NE8th
4607,within,0.580405,0.159698,0.102892,0.694351,0.132461,0.06756,Bellevue_Bellevue_NE8th
4608,within,0.528051,0.142881,0.097728,0.675684,0.206359,0.090042,Bellevue_Bellevue_NE8th
4609,within,0.512614,0.141932,0.087696,0.611169,0.252721,0.080075,Bellevue_Bellevue_NE8th
4610,within,0.614102,0.172087,0.105299,0.614957,0.235782,0.095189,Bellevue_Bellevue_NE8th
4611,within,0.530138,0.146377,0.092642,0.648366,0.174931,0.058454,Bellevue_Bellevue_NE8th
4612,within,0.525133,0.140081,0.094814,0.509219,0.127714,0.068707,Bellevue_Bellevue_NE8th
4613,within,0.613219,0.173298,0.100484,0.583559,0.06158,0.113734,Bellevue_Bellevue_NE8th
4614,within,0.599838,0.168967,0.104375,0.636651,0.033938,0.113557,Bellevue_Bellevue_NE8th
4615,within,0.54042,0.149505,0.093647,0.50048,0.051785,0.079984,Bellevue_Bellevue_NE8th
4616,within,0.576786,0.16381,0.097028,0.358369,0.032548,0.113601,Bellevue_Bellevue_NE8th
4617,within,0.547628,0.152503,0.095021,0.516135,0.108645,0.088586,Bellevue_Bellevue_NE8th
4618,within,0.515176,0.144623,0.089366,0.4929,0.160873,0.08691,Bellevue_Bellevue_NE8th
4619,within,0.57411,0.164116,0.094961,0.498945,0.176561,0.13489,Bellevue_Bellevue_NE8th
4620,within,0.549702,0.156538,0.096021,0.502449,0.19403,0.074643,Bellevue_Bellevue_NE8th
4621,within,0.55601,0.158523,0.093653,0.463563,0.107834,0.088499,Bellevue_Bellevue_NE8th
4622,within,0.609606,0.171336,0.101406,0.470764,0.108893,0.093016,Bellevue_Bellevue_NE8th
4623,within,0.610704,0.172826,0.099262,0.426799,0.110671,0.126029,Bellevue_Bellevue_NE8th
4624,within,0.609034,0.167209,0.109176,0.492516,0.142214,0.089759,Bellevue_Bellevue_NE8th
4625,within,0.519033,0.138526,0.097754,0.457991,0.15038,0.037015,Bellevue_Bellevue_NE8th
4626,within,0.526925,0.139822,0.098411,0.543821,0.189867,0.069717,Bellevue_Bellevue_NE8th
4627,within,0.516981,0.137521,0.09737,0.511151,0.138388,0.081385,Bellevue_Bellevue_NE8th
4628,within,0.548861,0.156884,0.090917,0.489921,0.218188,0.074882,Bellevue_Bellevue_NE8th
4629,within,0.540666,0.14952,0.09755,0.55115,0.264646,0.08492,Bellevue_Bellevue_NE8th
4630,within,0.523245,0.144226,0.094715,0.436466,0.183291,0.075926,Bellevue_Bellevue_NE8th
4631,within,0.555928,0.155239,0.09075,0.461107,0.1305,0.148103,Bellevue_Bellevue_NE8th
4632,within,0.62514,0.171298,0.105916,0.51672,0.168984,0.204656,Bellevue_Bellevue_NE8th
4633,within,0.572069,0.157641,0.10014,0.561499,0.193661,0.159197,Bellevue_Bellevue_NE8th
4634,within,0.540499,0.149817,0.095694,0.575082,0.251919,0.122563,Bellevue_Bellevue_NE8th
4635,within,0.536066,0.145849,0.099654,0.616599,0.295681,0.028165,Bellevue_Bellevue_NE8th
4636,within,0.535658,0.145536,0.095821,0.529348,0.17996,0.020317,Bellevue_Bellevue_NE8th
4637,within,0.519602,0.139773,0.094148,0.396687,0.16587,0.065182,Bellevue_Bellevue_NE8th
4638,within,0.579239,0.167239,0.096018,0.524372,0.238846,0.068689,Bellevue_Bellevue_NE8th
4639,within,0.584036,0.165084,0.101139,0.550666,0.225098,0.094834,Bellevue_Bellevue_NE8th
4640,within,0.524952,0.148566,0.091067,0.550254,0.134916,0.074233,Bellevue_Bellevue_NE8th
4641,within,0.531189,0.1468,0.093895,0.410247,0.107794,0.076192,Bellevue_Bellevue_NE8th
4642,within,0.611571,0.177825,0.085862,0.519199,0.148935,0.118324,Bellevue_Bellevue_NE8th
4643,within,0.527254,0.143109,0.097598,0.485723,0.132647,0.110753,Bellevue_Bellevue_NE8th
4644,within,0.593741,0.169855,0.098342,0.500156,0.186056,0.148574,Bellevue_Bellevue_NE8th
4645,within,0.520893,0.144846,0.093473,0.585253,0.181712,0.179235,Bellevue_Bellevue_NE8th
4646,within,0.518901,0.137166,0.098747,0.550499,0.160971,0.201333,Bellevue_Bellevue_NE8th
4647,within,0.514102,0.135518,0.096497,0.642496,0.184295,0.204217,Bellevue_Bellevue_NE8th
4648,within,0.511189,0.132271,0.098425,0.606863,0.188405,0.155507,Bellevue_Bellevue_NE8th
4649,within,0.517092,0.14044,0.093213,0.552889,0.194303,0.140465,Bellevue_Bellevue_NE8th
4650,within,0.538633,0.147196,0.096905,0.417159,0.111629,0.151238,Bellevue_Bellevue_NE8th
4651,within,0.579205,0.16058,0.097145,0.47067,0.169513,0.123774,Bellevue_Bellevue_NE8th
4652,within,0.584241,0.163111,0.101565,0.501217,0.194471,0.161259,Bellevue_Bellevue_NE8th
4653,within,0.533465,0.146021,0.093483,0.506393,0.182806,0.162792,Bellevue_Bellevue_NE8th
4654,within,0.528376,0.144286,0.097077,0.487559,0.188559,0.21604,Bellevue_Bellevue_NE8th
4655,within,0.478306,0.128709,0.087417,0.474726,0.148647,0.042641,Bellevue_Bellevue_NE8th
4656,within,0.559195,0.160691,0.092676,0.508826,0.196019,0.040302,Bellevue_Bellevue_NE8th
4657,within,0.521944,0.149537,0.089878,0.516644,0.195347,0.046313,Bellevue_Bellevue_NE8th
4658,within,0.524438,0.147714,0.089356,0.580759,0.157447,0.079066,Bellevue_Bellevue_NE8th
4659,within,0.600097,0.168036,0.099578,0.589472,0.094453,0.123723,Bellevue_Bellevue_NE8th
4660,within,0.53307,0.144867,0.093766,0.626431,0.115454,0.103877,Bellevue_Bellevue_NE8th
4661,within,0.559122,0.149678,0.104236,0.596908,0.087121,0.118645,Bellevue_Bellevue_NE8th
4662,within,0.553207,0.15339,0.095444,0.562803,0.11443,0.110291,Bellevue_Bellevue_NE8th
4663,within,0.585799,0.164302,0.098542,0.52885,0.194295,0.089609,Bellevue_Bellevue_NE8th
4664,within,0.52202,0.143093,0.093914,0.488116,0.146689,0.09158,Bellevue_Bellevue_NE8th
4665,within,0.53386,0.148386,0.095445,0.642777,0.20559,0.116945,Bellevue_Bellevue_NE8th
4666,within,0.497941,0.133497,0.091373,0.552711,0.184258,0.083981,Bellevue_Bellevue_NE8th
4667,within,0.546341,0.15496,0.092339,0.547546,0.167798,0.049344,Bellevue_Bellevue_NE8th
4668,within,0.548711,0.15155,0.092387,0.517925,0.084661,0.087354,Bellevue_Bellevue_NE8th
4669,within,0.610487,0.17549,0.092774,0.590644,0.071951,0.071493,Bellevue_Bellevue_NE8th
4670,within,0.514305,0.137872,0.09029,0.476061,0.06503,0.039751,Bellevue_Bellevue_NE8th
4671,within,0.54508,0.149974,0.097739,0.418591,0.125265,0.034122,Bellevue_Bellevue_NE8th
4672,within,0.537924,0.143771,0.101294,0.234013,0.087434,0.028241,Bellevue_Bellevue_NE8th
4673,within,0.517511,0.135733,0.100113,0.377376,0.134528,0.07449,Bellevue_Bellevue_NE8th
4674,within,0.502958,0.135632,0.090934,0.567852,0.224953,0.098411,Bellevue_Bellevue_NE8th
4675,within,0.572945,0.160927,0.097097,0.534309,0.16135,0.05242,Bellevue_Bellevue_NE8th
4676,within,0.605974,0.169598,0.097406,0.591142,0.062319,0.052338,Bellevue_Bellevue_NE8th
4677,within,0.518319,0.133528,0.102177,0.603304,0.108248,0.067126,Bellevue_Bellevue_NE8th
4678,within,0.550801,0.15083,0.098335,0.612582,0.162578,0.070618,Bellevue_Bellevue_NE8th
4679,within,0.51481,0.139838,0.095089,0.614562,0.209985,0.065647,Bellevue_Bellevue_NE8th
4680,within,0.499915,0.131693,0.091669,0.359913,0.152618,0.060081,Bellevue_Bellevue_NE8th
4681,within,0.553718,0.155427,0.091558,0.399357,0.17946,0.045208,Bellevue_Bellevue_NE8th
4682,within,0.58781,0.164415,0.095152,0.461488,0.164066,0.071964,Bellevue_Bellevue_NE8th
4683,within,0.5564,0.152587,0.09576,0.420098,0.184575,0.073848,Bellevue_Bellevue_NE8th
4684,within,0.511422,0.136599,0.09465,0.495301,0.193911,0.092281,Bellevue_Bellevue_NE8th
4685,within,0.520386,0.143639,0.091193,0.534969,0.147309,0.138602,Bellevue_Bellevue_NE8th
4686,within,0.571184,0.163029,0.095837,0.585358,0.203235,0.116991,Bellevue_Bellevue_NE8th
4687,within,0.533643,0.151871,0.097732,0.554791,0.129376,0.058355,Bellevue_Bellevue_NE8th
4688,within,0.505628,0.138509,0.09122,0.423855,0.101404,0.068166,Bellevue_Bellevue_NE8th
4689,within,0.561331,0.156838,0.094422,0.430827,0.098583,0.080553,Bellevue_Bellevue_NE8th
4690,within,0.507726,0.13723,0.090643,0.535532,0.131671,0.088249,Bellevue_Bellevue_NE8th
4691,within,0.541309,0.147759,0.098416,0.435866,0.139225,0.103061,Bellevue_Bellevue_NE8th
4692,within,0.615619,0.17409,0.095629,0.423154,0.167803,0.077087,Bellevue_Bellevue_NE8th
4693,within,0.536038,0.143989,0.101302,0.495812,0.177698,0.123901,Bellevue_Bellevue_NE8th
4694,within,0.50708,0.131418,0.098332,0.467406,0.026894,0.158802,Bellevue_Bellevue_NE8th
4695,within,0.514234,0.132847,0.101292,0.548976,0.085965,0.168492,Bellevue_Bellevue_NE8th
4696,within,0.509308,0.135986,0.094308,0.47001,0.047697,0.132848,Bellevue_Bellevue_NE8th
4697,within,0.511563,0.14012,0.090265,0.495413,0.115414,0.108967,Bellevue_Bellevue_NE8th
4698,within,0.500731,0.14169,0.079907,0.497513,0.121957,0.099375,Bellevue_Bellevue_NE8th
4699,within,0.597469,0.17095,0.092525,0.540089,0.100539,0.140594,Bellevue_Bellevue_NE8th
4700,within,0.516415,0.135608,0.098525,0.49594,0.105388,0.167021,Bellevue_Bellevue_NE8th
4701,within,0.513657,0.138043,0.092076,0.433522,0.114645,0.077029,Bellevue_Bellevue_NE8th
4702,within,0.575706,0.163476,0.096581,0.360898,0.099313,0.088324,Bellevue_Bellevue_NE8th
4703,within,0.513913,0.145055,0.087311,0.466429,0.084377,0.067562,Bellevue_Bellevue_NE8th
4704,within,0.584532,0.166569,0.099063,0.655204,0.154974,0.105181,Bellevue_Bellevue_NE8th
4705,within,0.550416,0.160201,0.088711,0.63388,0.194257,0.037923,Bellevue_Bellevue_NE8th
4706,within,0.526207,0.148434,0.089004,0.573115,0.120097,0.037012,Bellevue_Bellevue_NE8th
4707,within,0.548841,0.147046,0.099693,0.627701,0.059451,0.054772,Bellevue_Bellevue_NE8th
4708,within,0.511095,0.133555,0.097965,0.598024,0.049572,0.088499,Bellevue_Bellevue_NE8th
4709,within,0.540576,0.149253,0.095218,0.519426,0.100499,0.07024,Bellevue_Bellevue_NE8th
4710,within,0.57226,0.160239,0.099469,0.455341,0.047523,0.101488,Bellevue_Bellevue_NE8th
4711,within,0.547704,0.158474,0.091784,0.521163,0.100602,0.113528,Bellevue_Bellevue_NE8th
4712,within,0.528378,0.148082,0.092486,0.554363,0.1292,0.131232,Bellevue_Bellevue_NE8th
4713,within,0.527267,0.147083,0.091091,0.574518,0.11872,0.167204,Bellevue_Bellevue_NE8th
4714,within,0.584036,0.162125,0.094674,0.564709,0.063709,0.174594,Bellevue_Bellevue_NE8th
4715,within,0.578245,0.156796,0.107892,0.622178,0.086095,0.145605,Bellevue_Bellevue_NE8th
4716,within,0.507787,0.137032,0.092575,0.559479,0.069692,0.060349,Bellevue_Bellevue_NE8th
4717,within,0.523976,0.140264,0.096732,0.565495,0.085739,0.141654,Bellevue_Bellevue_NE8th
4718,within,0.52237,0.143014,0.091327,0.432084,0.089783,0.109562,Bellevue_Bellevue_NE8th
4719,within,0.516341,0.137837,0.093752,0.395541,0.112923,0.097211,Bellevue_Bellevue_NE8th
4720,within,0.525462,0.143343,0.095748,0.529935,0.157619,0.119412,Bellevue_Bellevue_NE8th
4721,within,0.513458,0.140326,0.092457,0.522085,0.136449,0.133767,Bellevue_Bellevue_NE8th
4722,within,0.54896,0.152037,0.095428,0.536447,0.054032,0.045229,Bellevue_Bellevue_NE8th
4723,within,0.589585,0.163497,0.097946,0.612858,0.082385,0.066926,Bellevue_Bellevue_NE8th
4724,within,0.517599,0.140377,0.096386,0.628191,0.0695,0.068401,Bellevue_Bellevue_NE8th
4725,within,0.525257,0.142379,0.096528,0.568949,0.094998,0.039886,Bellevue_Bellevue_NE8th
4726,within,0.577407,0.158825,0.102797,0.434815,0.120846,0.066491,Bellevue_Bellevue_NE8th
4727,within,0.531988,0.148815,0.089958,0.414343,0.183506,0.077976,Bellevue_Bellevue_NE8th
4728,within,0.549379,0.156787,0.095539,0.498079,0.181948,0.093288,Bellevue_Bellevue_NE8th
4729,within,0.501632,0.139191,0.08867,0.485577,0.135334,0.105682,Bellevue_Bellevue_NE8th
4730,within,0.53767,0.152643,0.093992,0.573592,0.108009,0.093488,Bellevue_Bellevue_NE8th
4731,within,0.610053,0.169466,0.107045,0.746497,0.06887,0.130294,Bellevue_Bellevue_NE8th
4732,within,0.512109,0.131543,0.103752,0.640898,0.124437,0.106548,Bellevue_Bellevue_NE8th
4733,within,0.527737,0.142444,0.095462,0.538876,0.161186,0.040377,Bellevue_Bellevue_NE8th
4734,within,0.525954,0.143706,0.095123,0.493913,0.135289,0.074972,Bellevue_Bellevue_NE8th
4735,within,0.50828,0.132559,0.095646,0.341424,0.103004,0.073929,Bellevue_Bellevue_NE8th
4736,within,0.519089,0.143056,0.095078,0.393225,0.080134,0.116483,Bellevue_Bellevue_NE8th
4737,within,0.523014,0.140989,0.100821,0.325319,0.056591,0.067603,Bellevue_Bellevue_NE8th
4738,within,0.533645,0.14958,0.090761,0.399112,0.080437,0.039969,Bellevue_Bellevue_NE8th
4739,within,0.589446,0.167168,0.096248,0.514961,0.084777,0.06486,Bellevue_Bellevue_NE8th
4740,within,0.592741,0.168285,0.099397,0.565839,0.095131,0.097682,Bellevue_Bellevue_NE8th
4741,within,0.524336,0.142746,0.094187,0.53907,0.1065,0.074765,Bellevue_Bellevue_NE8th
4742,within,0.585522,0.167331,0.100716,0.486188,0.149724,0.099972,Bellevue_Bellevue_NE8th
4743,within,0.549672,0.156795,0.095247,0.445491,0.123647,0.167268,Bellevue_Bellevue_NE8th
4744,within,0.513585,0.139718,0.093677,0.50205,0.098497,0.1771,Bellevue_Bellevue_NE8th
4745,within,0.537655,0.15275,0.091745,0.567417,0.123219,0.208032,Bellevue_Bellevue_NE8th
4746,within,0.51565,0.141056,0.094081,0.599771,0.094681,0.206382,Bellevue_Bellevue_NE8th
4747,within,0.523154,0.147519,0.092288,0.59141,0.055471,0.151099,Bellevue_Bellevue_NE8th
4748,within,0.571464,0.163266,0.100896,0.570441,0.075534,0.121264,Bellevue_Bellevue_NE8th
4749,within,0.53227,0.146484,0.091378,0.627619,0.072497,0.066068,Bellevue_Bellevue_NE8th
4750,within,0.553486,0.158246,0.095542,0.598228,0.126335,0.034629,Bellevue_Bellevue_NE8th
4751,within,0.564519,0.159398,0.091531,0.525157,0.095265,0.078289,Bellevue_Bellevue_NE8th
4752,within,0.579198,0.164691,0.098192,0.479799,0.120488,0.056044,Bellevue_Bellevue_NE8th
4753,within,0.581214,0.161488,0.102184,0.400957,0.072179,0.083219,Bellevue_Bellevue_NE8th
4754,within,0.521151,0.143423,0.092376,0.392758,0.080388,0.107735,Bellevue_Bellevue_NE8th
4755,within,0.513745,0.139443,0.09416,0.536372,0.128038,0.139604,Bellevue_Bellevue_NE8th
4756,within,0.564157,0.159041,0.0931,0.59653,0.144183,0.114329,Bellevue_Bellevue_NE8th
4757,within,0.580386,0.162663,0.101164,0.73083,0.066185,0.209847,Bellevue_Bellevue_NE8th
4758,within,0.512345,0.137157,0.098292,0.731733,0.088743,0.204181,Bellevue_Bellevue_NE8th
4759,within,0.515836,0.138804,0.092872,0.633563,0.118762,0.141137,Bellevue_Bellevue_NE8th
4760,within,0.519599,0.140917,0.093366,0.663289,0.121059,0.166978,Bellevue_Bellevue_NE8th
4761,within,0.516988,0.137054,0.099186,0.638091,0.076344,0.120276,Bellevue_Bellevue_NE8th
4762,within,0.505361,0.134649,0.093154,0.435077,0.074695,0.091588,Bellevue_Bellevue_NE8th
4763,within,0.570627,0.160177,0.097024,0.516313,0.064832,0.126776,Bellevue_Bellevue_NE8th
4764,within,0.503552,0.135269,0.094602,0.477376,0.081495,0.098682,Bellevue_Bellevue_NE8th
4765,within,0.51275,0.138668,0.093479,0.527472,0.12262,0.126463,Bellevue_Bellevue_NE8th
4766,within,0.560671,0.157275,0.094687,0.536087,0.11299,0.060685,Bellevue_Bellevue_NE8th
4767,within,0.582602,0.164137,0.095766,0.648168,0.18734,0.02209,Bellevue_Bellevue_NE8th
4768,within,0.512747,0.139825,0.09326,0.631305,0.173342,0.047193,Bellevue_Bellevue_NE8th
4769,within,0.575811,0.163879,0.09678,0.60849,0.22011,0.091737,Bellevue_Bellevue_NE8th
4770,within,0.584596,0.160885,0.106097,0.60083,0.192656,0.138594,Bellevue_Bellevue_NE8th
4771,within,0.500179,0.132942,0.094149,0.500694,0.17203,0.091373,Bellevue_Bellevue_NE8th
4772,within,0.528238,0.144353,0.094265,0.480976,0.134557,0.097128,Bellevue_Bellevue_NE8th
4773,within,0.500284,0.13331,0.092074,0.529976,0.191751,0.053496,Bellevue_Bellevue_NE8th
4774,within,0.527117,0.144187,0.095042,0.523344,0.18075,0.058523,Bellevue_Bellevue_NE8th
4775,within,0.530366,0.143381,0.091195,0.476075,0.180912,0.109539,Bellevue_Bellevue_NE8th
4776,within,0.581305,0.158255,0.099223,0.466786,0.119127,0.120588,Bellevue_Bellevue_NE8th
4777,within,0.570649,0.154945,0.103457,0.544044,0.12941,0.127871,Bellevue_Bellevue_NE8th
4778,within,0.541375,0.14813,0.093623,0.51495,0.126115,0.096506,Bellevue_Bellevue_NE8th
4779,within,0.548436,0.150384,0.098391,0.562276,0.180248,0.073944,Bellevue_Bellevue_NE8th
4780,within,0.501786,0.135573,0.093644,0.434151,0.132818,0.103528,Bellevue_Bellevue_NE8th
4781,within,0.531545,0.149008,0.091148,0.520373,0.183443,0.13131,Bellevue_Bellevue_NE8th
4782,within,0.501487,0.13543,0.093104,0.549886,0.170509,0.102134,Bellevue_Bellevue_NE8th
4783,within,0.52835,0.147115,0.093507,0.503845,0.134024,0.114829,Bellevue_Bellevue_NE8th
4784,within,0.55592,0.152775,0.096701,0.509073,0.089889,0.124807,Bellevue_Bellevue_NE8th
4785,within,0.554087,0.155558,0.092464,0.575245,0.087784,0.170546,Bellevue_Bellevue_NE8th
4786,within,0.515876,0.140083,0.09249,0.56224,0.10225,0.149468,Bellevue_Bellevue_NE8th
4787,within,0.524335,0.142182,0.093317,0.607403,0.125173,0.162053,Bellevue_Bellevue_NE8th
4788,within,0.537504,0.146495,0.094228,0.58214,0.152052,0.108576,Bellevue_Bellevue_NE8th
4789,within,0.520736,0.140519,0.093257,0.565622,0.145516,0.125796,Bellevue_Bellevue_NE8th
4790,within,0.511154,0.133286,0.099605,0.554009,0.14553,0.11986,Bellevue_Bellevue_NE8th
4791,within,0.508556,0.13144,0.099246,0.53412,0.159681,0.093942,Bellevue_Bellevue_NE8th
4792,within,0.525818,0.145224,0.090242,0.596085,0.193326,0.126416,Bellevue_Bellevue_NE8th
4793,within,0.517813,0.135337,0.099692,0.491131,0.126943,0.124428,Bellevue_Bellevue_NE8th
4794,within,0.552656,0.153654,0.091561,0.514042,0.169998,0.16095,Bellevue_Bellevue_NE8th
4795,within,0.508396,0.138218,0.093676,0.553311,0.239649,0.150668,Bellevue_Bellevue_NE8th
4796,within,0.508537,0.132569,0.098311,0.523842,0.187719,0.163109,Bellevue_Bellevue_NE8th
4797,within,0.516616,0.133901,0.103297,0.547789,0.235629,0.093047,Bellevue_Bellevue_NE8th
4798,within,0.506856,0.132229,0.096827,0.46092,0.165384,0.048052,Bellevue_Bellevue_NE8th
4799,within,0.55504,0.153549,0.097965,0.545314,0.163176,0.07887,Bellevue_Bellevue_NE8th
4800,within,0.518475,0.142388,0.09279,0.595337,0.202183,0.061085,Bellevue_Bellevue_NE8th
4801,within,0.557346,0.154977,0.092459,0.473524,0.110327,0.08528,Bellevue_Bellevue_NE8th
4802,within,0.570118,0.161942,0.093343,0.496958,0.132129,0.0485,Bellevue_Bellevue_NE8th
4803,within,0.553863,0.155414,0.09298,0.519934,0.163991,0.046472,Bellevue_Bellevue_NE8th
4804,within,0.530241,0.150519,0.092522,0.523686,0.079078,0.141872,Bellevue_Bellevue_NE8th
4805,within,0.57251,0.167838,0.082336,0.583564,0.047598,0.169535,Bellevue_Bellevue_NE8th
4806,within,0.565679,0.158419,0.098898,0.68556,0.006188,0.20909,Bellevue_Bellevue_NE8th
4807,within,0.529971,0.143882,0.0969,0.630572,0.055414,0.097155,Bellevue_Bellevue_NE8th
4808,within,0.522735,0.145772,0.091486,0.597218,0.114223,0.041306,Bellevue_Bellevue_NE8th
4809,within,0.549919,0.159108,0.091165,0.52621,0.10407,0.053575,Bellevue_Bellevue_NE8th
4810,within,0.491451,0.13394,0.086114,0.480499,0.118275,0.07774,Bellevue_Bellevue_NE8th
4811,within,0.519025,0.147269,0.088205,0.520741,0.121715,0.098499,Bellevue_Bellevue_NE8th
4812,within,0.516788,0.145137,0.091168,0.612715,0.16079,0.050165,Bellevue_Bellevue_NE8th
4813,within,0.525227,0.145732,0.093149,0.587626,0.163598,0.038477,Bellevue_Bellevue_NE8th
4814,within,0.571134,0.160272,0.09579,0.739282,0.199533,0.036439,Bellevue_Bellevue_NE8th
4815,within,0.516559,0.139442,0.101483,0.665115,0.159722,0.051496,Bellevue_Bellevue_NE8th
4816,within,0.55291,0.155143,0.092715,0.536986,0.098181,0.083407,Bellevue_Bellevue_NE8th
4817,within,0.56519,0.162614,0.090579,0.63353,0.129669,0.085267,Bellevue_Bellevue_NE8th
4818,within,0.495882,0.137372,0.090229,0.545265,0.215021,0.081716,Bellevue_Bellevue_NE8th
4819,within,0.496349,0.134434,0.091338,0.508203,0.221884,0.12348,Bellevue_Bellevue_NE8th
4820,within,0.481025,0.131675,0.085061,0.516575,0.215583,0.150687,Bellevue_Bellevue_NE8th
4821,within,0.487769,0.136344,0.083868,0.552442,0.158318,0.112727,Bellevue_Bellevue_NE8th
4822,within,0.484452,0.132331,0.086831,0.439607,0.058518,0.100989,Bellevue_Bellevue_NE8th
4823,within,0.565278,0.167285,0.079761,0.558875,0.105012,0.101166,Bellevue_Bellevue_NE8th
4824,within,0.518353,0.143758,0.091505,0.453581,0.066476,0.052889,Bellevue_Bellevue_NE8th
4825,within,0.522692,0.141897,0.096777,0.546861,0.185437,0.067222,Bellevue_Bellevue_NE8th
4826,within,0.51079,0.141585,0.091882,0.606291,0.194468,0.039079,Bellevue_Bellevue_NE8th
4827,within,0.491044,0.131104,0.091663,0.671657,0.245366,0.085207,Bellevue_Bellevue_NE8th
4828,within,0.475333,0.124124,0.091437,0.70578,0.221646,0.088532,Bellevue_Bellevue_NE8th
4829,within,0.503511,0.133136,0.097262,0.572494,0.15534,0.041493,Bellevue_Bellevue_NE8th
4830,within,0.506007,0.138644,0.088785,0.640329,0.146998,0.044924,Bellevue_Bellevue_NE8th
4831,within,0.544051,0.153153,0.087689,0.519231,0.149241,0.035045,Bellevue_Bellevue_NE8th
4832,within,0.547344,0.164849,0.074889,0.532952,0.12372,0.075492,Bellevue_Bellevue_NE8th
4833,within,0.4687,0.128334,0.081298,0.474021,0.130269,0.043423,Bellevue_Bellevue_NE8th
4834,within,0.551544,0.158414,0.094268,0.491786,0.182097,0.02752,Bellevue_Bellevue_NE8th
4835,within,0.549479,0.156536,0.095101,0.517914,0.174642,0.078467,Bellevue_Bellevue_NE8th
4836,within,0.481295,0.131883,0.084127,0.500089,0.154706,0.110178,Bellevue_Bellevue_NE8th
4837,within,0.478011,0.129789,0.087611,0.474581,0.150177,0.115741,Bellevue_Bellevue_NE8th
4838,within,0.467033,0.126249,0.081362,0.451531,0.169461,0.007626,Bellevue_Bellevue_NE8th
4839,within,0.535886,0.150553,0.088816,0.436501,0.139746,0.016535,Bellevue_Bellevue_NE8th
4840,within,0.561923,0.15931,0.092015,0.418569,0.126597,0.085085,Bellevue_Bellevue_NE8th
4841,within,0.504586,0.136592,0.091064,0.413905,0.121537,0.068813,Bellevue_Bellevue_NE8th
4842,within,0.511485,0.135433,0.094013,0.454082,0.111719,0.108181,Bellevue_Bellevue_NE8th
4843,within,0.548122,0.151841,0.098311,0.58972,0.212537,0.156003,Bellevue_Bellevue_NE8th
4844,within,0.477764,0.126438,0.091373,0.527861,0.179729,0.110326,Bellevue_Bellevue_NE8th
4845,within,0.473128,0.126034,0.085098,0.587123,0.186702,0.148611,Bellevue_Bellevue_NE8th
4846,within,0.457309,0.119597,0.083412,0.576299,0.116628,0.160911,Bellevue_Bellevue_NE8th
4847,within,0.480711,0.12742,0.089482,0.559972,0.122573,0.12757,Bellevue_Bellevue_NE8th
4848,within,0.504992,0.138745,0.08366,0.573809,0.104717,0.130903,Bellevue_Bellevue_NE8th
4849,within,0.542304,0.155547,0.095727,0.563042,0.100686,0.145401,Bellevue_Bellevue_NE8th
4850,within,0.508884,0.141902,0.088391,0.531647,0.09309,0.127366,Bellevue_Bellevue_NE8th
4851,within,0.545718,0.156799,0.083769,0.498247,0.099412,0.071979,Bellevue_Bellevue_NE8th
4852,within,0.548153,0.15817,0.092248,0.560822,0.143434,0.10594,Bellevue_Bellevue_NE8th
4853,within,0.475655,0.1303,0.084196,0.483007,0.132039,0.099453,Bellevue_Bellevue_NE8th
4854,within,0.490577,0.135037,0.087937,0.520475,0.092446,0.12632,Bellevue_Bellevue_NE8th
4855,within,0.465249,0.12056,0.086617,0.538256,0.165488,0.082177,Bellevue_Bellevue_NE8th
4856,within,0.487451,0.133338,0.085562,0.599335,0.197668,0.019153,Bellevue_Bellevue_NE8th
4857,within,0.530876,0.149846,0.085977,0.618725,0.156743,0.029756,Bellevue_Bellevue_NE8th
4858,within,0.568957,0.165797,0.089757,0.712397,0.153248,0.052827,Bellevue_Bellevue_NE8th
4859,within,0.491055,0.13237,0.083729,0.521503,0.098621,0.059192,Bellevue_Bellevue_NE8th
4860,within,0.58814,0.166197,0.102419,0.56363,0.148437,0.146231,Bellevue_Bellevue_NE8th
4861,within,0.503789,0.1367,0.093813,0.639124,0.202879,0.0561,Bellevue_Bellevue_NE8th
4862,within,0.489326,0.136902,0.084818,0.563402,0.103882,0.100814,Bellevue_Bellevue_NE8th
4863,within,0.501443,0.139481,0.088079,0.572013,0.158358,0.084247,Bellevue_Bellevue_NE8th
4864,within,0.485615,0.135521,0.084124,0.622039,0.170851,0.050535,Bellevue_Bellevue_NE8th
4865,within,0.481306,0.129302,0.086322,0.469925,0.115753,0.061789,Bellevue_Bellevue_NE8th
4866,within,0.572701,0.168002,0.088893,0.685748,0.118087,0.13639,Bellevue_Bellevue_NE8th
4867,within,0.493008,0.130667,0.095865,0.636808,0.089123,0.092568,Bellevue_Bellevue_NE8th
4868,within,0.571905,0.163107,0.092431,0.570969,0.072635,0.056557,Bellevue_Bellevue_NE8th
4869,within,0.558723,0.160297,0.094042,0.560689,0.089722,0.101365,Bellevue_Bellevue_NE8th
4870,within,0.528138,0.154583,0.089831,0.522021,0.112382,0.029284,Bellevue_Bellevue_NE8th
4871,within,0.49039,0.135916,0.086826,0.541578,0.109672,0.066375,Bellevue_Bellevue_NE8th
4872,within,0.52191,0.145769,0.096474,0.547899,0.163144,0.064048,Bellevue_Bellevue_NE8th
4873,within,0.499586,0.140075,0.086845,0.589718,0.160338,0.085075,Bellevue_Bellevue_NE8th
4874,within,0.512439,0.143132,0.085431,0.577292,0.141662,0.069988,Bellevue_Bellevue_NE8th
4875,within,0.56425,0.168679,0.078885,0.556075,0.15936,0.052499,Bellevue_Bellevue_NE8th
4876,within,0.53672,0.15039,0.094582,0.561081,0.15415,0.049861,Bellevue_Bellevue_NE8th
4877,within,0.575713,0.170022,0.089873,0.558288,0.172507,0.026622,Bellevue_Bellevue_NE8th
4878,within,0.546848,0.155786,0.093666,0.561306,0.192332,0.051972,Bellevue_Bellevue_NE8th
4879,within,0.518276,0.141875,0.096405,0.528235,0.200314,0.038436,Bellevue_Bellevue_NE8th
4880,within,0.50552,0.14168,0.086153,0.553912,0.209206,0.109562,Bellevue_Bellevue_NE8th
4881,within,0.505812,0.144714,0.090775,0.467424,0.163308,0.063365,Bellevue_Bellevue_NE8th
4882,within,0.518489,0.149113,0.087717,0.515275,0.153309,0.066515,Bellevue_Bellevue_NE8th
4883,within,0.550491,0.159051,0.09277,0.453248,0.14655,0.054148,Bellevue_Bellevue_NE8th
4884,within,0.579229,0.165773,0.100397,0.615421,0.191698,0.108595,Bellevue_Bellevue_NE8th
4885,within,0.51293,0.136125,0.098444,0.53571,0.110724,0.105395,Bellevue_Bellevue_NE8th
4886,within,0.561158,0.161275,0.093744,0.464225,0.109977,0.028284,Bellevue_Bellevue_NE8th
4887,within,0.495963,0.138584,0.089697,0.484886,0.15271,0.038057,Bellevue_Bellevue_NE8th
4888,within,0.476513,0.126265,0.089875,0.490936,0.174093,0.044375,Bellevue_Bellevue_NE8th
4889,within,0.50825,0.14592,0.085576,0.574006,0.263099,0.046857,Bellevue_Bellevue_NE8th
4890,within,0.474844,0.134977,0.081134,0.596468,0.208709,0.081805,Bellevue_Bellevue_NE8th
4891,within,0.487206,0.137766,0.083202,0.460804,0.099436,0.061657,Bellevue_Bellevue_NE8th
4892,within,0.569088,0.164726,0.093082,0.589412,0.086945,0.143187,Bellevue_Bellevue_NE8th
4893,within,0.490855,0.135149,0.088567,0.471794,0.095159,0.132977,Bellevue_Bellevue_NE8th
4894,within,0.551872,0.160135,0.091703,0.457467,0.128138,0.082736,Bellevue_Bellevue_NE8th
4895,within,0.549438,0.160933,0.093667,0.649274,0.285318,0.12614,Bellevue_Bellevue_NE8th
4896,within,0.494541,0.138434,0.082507,0.64149,0.278503,0.147661,Bellevue_Bellevue_NE8th
4897,within,0.475616,0.133702,0.084422,0.590385,0.228042,0.137338,Bellevue_Bellevue_NE8th
4898,within,0.478929,0.131087,0.083779,0.634966,0.228791,0.178074,Bellevue_Bellevue_NE8th
4899,within,0.49183,0.14143,0.084254,0.689754,0.247882,0.068283,Bellevue_Bellevue_NE8th
4900,within,0.546487,0.160589,0.090079,0.60497,0.154199,0.069262,Bellevue_Bellevue_NE8th
4901,within,0.576494,0.167703,0.082646,0.616049,0.130512,0.088609,Bellevue_Bellevue_NE8th
4902,within,0.548403,0.160373,0.090445,0.628894,0.128307,0.08571,Bellevue_Bellevue_NE8th
4903,within,0.48576,0.135966,0.087895,0.577612,0.137929,0.071719,Bellevue_Bellevue_NE8th
4904,within,0.538832,0.163836,0.081252,0.563201,0.123215,0.024535,Bellevue_Bellevue_NE8th
4905,within,0.580475,0.173233,0.078401,0.550159,0.127101,0.042157,Bellevue_Bellevue_NE8th
4906,within,0.484189,0.136867,0.083353,0.469051,0.160409,0.04686,Bellevue_Bellevue_NE8th
4907,within,0.540332,0.157404,0.090339,0.49765,0.128512,0.035601,Bellevue_Bellevue_NE8th
4908,within,0.531587,0.153223,0.090662,0.522829,0.096468,0.025718,Bellevue_Bellevue_NE8th
4909,within,0.504501,0.143835,0.088022,0.54376,0.053638,0.082634,Bellevue_Bellevue_NE8th
4910,within,0.536249,0.151296,0.089191,0.565102,0.050382,0.056162,Bellevue_Bellevue_NE8th
4911,within,0.545494,0.160736,0.084472,0.71292,0.092928,0.074825,Bellevue_Bellevue_NE8th
4912,within,0.495563,0.137225,0.086742,0.670836,0.078757,0.064962,Bellevue_Bellevue_NE8th
4913,within,0.563549,0.165687,0.086582,0.582542,0.068645,0.049041,Bellevue_Bellevue_NE8th
4914,within,0.554457,0.161548,0.087366,0.562196,0.146392,0.054753,Bellevue_Bellevue_NE8th
4915,within,0.541991,0.158884,0.087128,0.502334,0.157153,0.080296,Bellevue_Bellevue_NE8th
4916,within,0.542505,0.158894,0.087634,0.500392,0.145363,0.110646,Bellevue_Bellevue_NE8th
4917,within,0.54258,0.159769,0.088872,0.591634,0.184649,0.080813,Bellevue_Bellevue_NE8th
4918,within,0.496388,0.13804,0.087935,0.517408,0.094472,0.023722,Bellevue_Bellevue_NE8th
4919,within,0.557924,0.16758,0.078552,0.614388,0.110849,0.018038,Bellevue_Bellevue_NE8th
4920,within,0.505466,0.143162,0.087669,0.62972,0.115817,0.015308,Bellevue_Bellevue_NE8th
4921,within,0.525401,0.147799,0.088647,0.493562,0.095516,0.023332,Bellevue_Bellevue_NE8th
4922,within,0.561648,0.16892,0.085249,0.447297,0.088277,0.01696,Bellevue_Bellevue_NE8th
4923,within,0.482799,0.136996,0.082156,0.512997,0.132089,0.037456,Bellevue_Bellevue_NE8th
4924,within,0.475442,0.133804,0.080609,0.419688,0.09634,0.073445,Bellevue_Bellevue_NE8th
4925,within,0.514585,0.151899,0.084201,0.491641,0.101329,0.109037,Bellevue_Bellevue_NE8th
4926,within,0.458508,0.125621,0.080458,0.539945,0.172818,0.016492,Bellevue_Bellevue_NE8th
4927,within,0.50526,0.146555,0.084783,0.598794,0.196848,0.019675,Bellevue_Bellevue_NE8th
4928,within,0.481597,0.129168,0.085864,0.515145,0.136109,0.058426,Bellevue_Bellevue_NE8th
4929,within,0.542177,0.162315,0.079796,0.547307,0.161229,0.039048,Bellevue_Bellevue_NE8th
4930,within,0.544928,0.160601,0.088302,0.564025,0.149607,0.042621,Bellevue_Bellevue_NE8th
4931,within,0.538593,0.165326,0.079289,0.608968,0.185022,0.01571,Bellevue_Bellevue_NE8th
4932,within,0.560555,0.165708,0.088608,0.613085,0.210617,0.038517,Bellevue_Bellevue_NE8th
4933,within,0.484281,0.135027,0.084276,0.579597,0.171296,0.034056,Bellevue_Bellevue_NE8th
4934,within,0.486546,0.134221,0.08646,0.524511,0.122647,0.048513,Bellevue_Bellevue_NE8th
4935,within,0.513018,0.150343,0.085623,0.55853,0.164258,0.048287,Bellevue_Bellevue_NE8th
4936,within,0.510172,0.146002,0.090228,0.536205,0.091129,0.037482,Bellevue_Bellevue_NE8th
4937,within,0.545076,0.15867,0.089232,0.635697,0.163166,0.017258,Bellevue_Bellevue_NE8th
4938,within,0.554486,0.160862,0.088456,0.635691,0.118196,0.064836,Bellevue_Bellevue_NE8th
4939,within,0.550792,0.165109,0.081964,0.626256,0.144282,0.046783,Bellevue_Bellevue_NE8th
4940,within,0.552706,0.165996,0.071831,0.591214,0.130916,0.072257,Bellevue_Bellevue_NE8th
4941,within,0.567358,0.168783,0.089013,0.630075,0.140172,0.050866,Bellevue_Bellevue_NE8th
4942,within,0.494252,0.140392,0.083784,0.5916,0.158362,0.08483,Bellevue_Bellevue_NE8th
4943,within,0.470311,0.133574,0.077725,0.56121,0.148169,0.068454,Bellevue_Bellevue_NE8th
4944,within,0.5212,0.152214,0.083897,0.602663,0.170591,0.08491,Bellevue_Bellevue_NE8th
4945,within,0.49051,0.138884,0.08245,0.569203,0.128909,0.129578,Bellevue_Bellevue_NE8th
4946,within,0.489504,0.139847,0.080013,0.474002,0.09638,0.020622,Bellevue_Bellevue_NE8th
4947,within,0.518109,0.157825,0.069561,0.518839,0.136661,0.029173,Bellevue_Bellevue_NE8th
4948,within,0.562126,0.1663,0.088281,0.515146,0.089934,0.076134,Bellevue_Bellevue_NE8th
4949,within,0.517019,0.149984,0.081709,0.504113,0.083931,0.057512,Bellevue_Bellevue_NE8th
4950,within,0.562305,0.165492,0.086806,0.554977,0.051483,0.070996,Bellevue_Bellevue_NE8th
4951,within,0.544074,0.159471,0.09061,0.546838,0.058128,0.103508,Bellevue_Bellevue_NE8th
4952,within,0.483428,0.135729,0.081356,0.485897,0.111462,0.040403,Bellevue_Bellevue_NE8th
4953,within,0.535896,0.158667,0.085638,0.538891,0.122316,0.075708,Bellevue_Bellevue_NE8th
4954,within,0.475243,0.134373,0.080571,0.47791,0.083939,0.072941,Bellevue_Bellevue_NE8th
4955,within,0.515973,0.151054,0.088122,0.545834,0.119554,0.12112,Bellevue_Bellevue_NE8th
4956,within,0.54628,0.164149,0.076765,0.636713,0.220594,0.045918,Bellevue_Bellevue_NE8th
4957,within,0.549324,0.161644,0.087797,0.635795,0.154312,0.037913,Bellevue_Bellevue_NE8th
4958,within,0.541653,0.157908,0.089628,0.593651,0.126684,0.026142,Bellevue_Bellevue_NE8th
4959,within,0.533207,0.161651,0.070628,0.573583,0.196551,0.017865,Bellevue_Bellevue_NE8th
4960,within,0.56106,0.164707,0.091774,0.617929,0.225813,0.031371,Bellevue_Bellevue_NE8th
4961,within,0.475831,0.131211,0.082804,0.474779,0.240765,0.028481,Bellevue_Bellevue_NE8th
4962,within,0.540255,0.157219,0.086733,0.576663,0.214602,0.069601,Bellevue_Bellevue_NE8th
4963,within,0.548713,0.160504,0.087419,0.473266,0.193467,0.064857,Bellevue_Bellevue_NE8th
4964,within,0.5264,0.148821,0.08708,0.498902,0.133503,0.092153,Bellevue_Bellevue_NE8th
4965,within,0.553311,0.164327,0.079866,0.476396,0.131268,0.053327,Bellevue_Bellevue_NE8th
4966,within,0.539757,0.161047,0.078461,0.525504,0.106731,0.052406,Bellevue_Bellevue_NE8th
4967,within,0.491065,0.137199,0.083583,0.564176,0.117719,0.128357,Bellevue_Bellevue_NE8th
4968,within,0.564604,0.162518,0.093652,0.514582,0.057038,0.149209,Bellevue_Bellevue_NE8th
4969,within,0.546712,0.158519,0.089634,0.508908,0.023267,0.183141,Bellevue_Bellevue_NE8th
4970,within,0.486386,0.137509,0.082477,0.447599,0.047682,0.120054,Bellevue_Bellevue_NE8th
4971,within,0.557249,0.164174,0.091833,0.480226,0.065633,0.12359,Bellevue_Bellevue_NE8th
4972,within,0.519397,0.152177,0.085651,0.543549,0.074804,0.050105,Bellevue_Bellevue_NE8th
4973,within,0.54372,0.159269,0.092134,0.530362,0.087199,0.074021,Bellevue_Bellevue_NE8th
4974,within,0.58417,0.167064,0.093733,0.548195,0.11227,0.027947,Bellevue_Bellevue_NE8th
4975,within,0.549959,0.162181,0.088681,0.545844,0.155711,0.006622,Bellevue_Bellevue_NE8th
4976,within,0.588531,0.171707,0.082349,0.561072,0.150392,0.044105,Bellevue_Bellevue_NE8th
4977,within,0.553132,0.161749,0.087361,0.661601,0.216264,0.035932,Bellevue_Bellevue_NE8th
4978,within,0.535818,0.154878,0.086554,0.67923,0.208543,0.048486,Bellevue_Bellevue_NE8th
4979,within,0.487524,0.13991,0.081078,0.659808,0.145575,0.039629,Bellevue_Bellevue_NE8th
4980,within,0.485776,0.137655,0.080238,0.615701,0.164875,0.040898,Bellevue_Bellevue_NE8th
4981,within,0.502403,0.147041,0.082077,0.624578,0.178629,0.06001,Bellevue_Bellevue_NE8th
4982,within,0.573857,0.166123,0.091633,0.521989,0.09961,0.034179,Bellevue_Bellevue_NE8th
4983,within,0.539795,0.165066,0.066724,0.528765,0.092913,0.033057,Bellevue_Bellevue_NE8th
4984,within,0.534827,0.165008,0.067348,0.591294,0.125305,0.063945,Bellevue_Bellevue_NE8th
4985,within,0.531119,0.159565,0.077275,0.560201,0.104015,0.073628,Bellevue_Bellevue_NE8th
4986,within,0.529981,0.16497,0.075657,0.611757,0.151009,0.148282,Bellevue_Bellevue_NE8th
4987,within,0.565753,0.164949,0.093844,0.612949,0.125538,0.147743,Bellevue_Bellevue_NE8th
4988,within,0.478627,0.13518,0.080268,0.478208,0.145034,0.101918,Bellevue_Bellevue_NE8th
4989,within,0.534935,0.160651,0.07994,0.521201,0.186362,0.101919,Bellevue_Bellevue_NE8th
4990,within,0.531119,0.15742,0.083592,0.617892,0.221913,0.10476,Bellevue_Bellevue_NE8th
4991,within,0.546131,0.164041,0.08008,0.548063,0.131164,0.048171,Bellevue_Bellevue_NE8th
4992,within,0.527236,0.162923,0.066836,0.61704,0.146297,0.048132,Bellevue_Bellevue_NE8th
4993,within,0.508407,0.149432,0.08625,0.525917,0.099013,0.021355,Bellevue_Bellevue_NE8th
4994,within,0.543003,0.163841,0.068236,0.584876,0.129337,0.038843,Bellevue_Bellevue_NE8th
4995,within,0.540344,0.165449,0.077185,0.640584,0.255195,0.079089,Bellevue_Bellevue_NE8th
4996,within,0.532829,0.162093,0.077539,0.665231,0.228631,0.111268,Bellevue_Bellevue_NE8th
4997,within,0.530069,0.156804,0.084798,0.610772,0.195556,0.09245,Bellevue_Bellevue_NE8th
4998,within,0.539508,0.159405,0.085489,0.730769,0.225884,0.146518,Bellevue_Bellevue_NE8th
4999,within,0.541566,0.161333,0.087051,0.625179,0.199725,0.078678,Bellevue_Bellevue_NE8th
5000,within,0.526993,0.15846,0.082491,0.502881,0.164531,0.026855,Bellevue_Bellevue_NE8th
5001,within,0.5307,0.162456,0.066676,0.587923,0.212232,0.043067,Bellevue_Bellevue_NE8th
5002,within,0.518137,0.16164,0.069139,0.674187,0.251518,0.006731,Bellevue_Bellevue_NE8th
5003,within,0.527959,0.162711,0.072429,0.639606,0.224826,0.045774,Bellevue_Bellevue_NE8th
5004,within,0.526879,0.165636,0.067045,0.569304,0.243443,0.062896,Bellevue_Bellevue_NE8th
5005,within,0.54754,0.167884,0.070486,0.593583,0.223114,0.091146,Bellevue_Bellevue_NE8th
5006,within,0.560813,0.166424,0.088936,0.531916,0.176072,0.054403,Bellevue_Bellevue_NE8th
5007,within,0.597485,0.175073,0.092091,0.551627,0.156113,0.053693,Bellevue_Bellevue_NE8th
5008,within,0.555318,0.172854,0.072071,0.573963,0.24073,0.009868,Bellevue_Bellevue_NE8th
5009,within,0.557287,0.166513,0.089812,0.57535,0.220938,0.037304,Bellevue_Bellevue_NE8th
5010,within,0.562585,0.169903,0.067636,0.647487,0.196507,0.053739,Bellevue_Bellevue_NE8th
5011,within,0.559753,0.171101,0.083698,0.710878,0.252028,0.01053,Bellevue_Bellevue_NE8th
5012,within,0.626425,0.178547,0.098459,0.649619,0.211626,0.063495,Bellevue_Bellevue_NE8th
5013,within,0.577615,0.173527,0.080691,0.683433,0.236945,0.116035,Bellevue_Bellevue_NE8th
5014,within,0.567867,0.164802,0.099083,0.637788,0.278233,0.056794,Bellevue_Bellevue_NE8th
5015,within,0.491445,0.146064,0.073446,0.513629,0.194927,0.059213,Bellevue_Bellevue_NE8th
5016,within,0.612713,0.173928,0.098426,0.595326,0.241771,0.05072,Bellevue_Bellevue_NE8th
5017,within,0.613484,0.176429,0.076609,0.574557,0.193727,0.068493,Bellevue_Bellevue_NE8th
5018,within,0.619476,0.177733,0.09741,0.488393,0.10392,0.114145,Bellevue_Bellevue_NE8th
5019,within,0.531633,0.166848,0.071269,0.557374,0.145533,0.1363,Bellevue_Bellevue_NE8th
5020,within,0.5462,0.159047,0.088709,0.54081,0.132683,0.079401,Bellevue_Bellevue_NE8th
5021,within,0.564786,0.146803,0.056011,0.579429,0.21957,0.058299,Bellevue_Bellevue_NE8th
5022,within,0.559428,0.17141,0.074496,0.616503,0.243287,0.120526,Bellevue_Bellevue_NE8th
5023,within,0.576603,0.171462,0.085364,0.59545,0.251822,0.096232,Bellevue_Bellevue_NE8th
5024,within,0.672679,0.146769,0.048517,0.494665,0.199061,0.059738,Bellevue_Bellevue_NE8th
5025,within,0.54126,0.167094,0.074381,0.578152,0.190702,0.062737,Bellevue_Bellevue_NE8th
5026,within,0.598504,0.178659,0.093481,0.624304,0.122159,0.043465,Bellevue_Bellevue_NE8th
5027,within,0.598224,0.184958,0.071122,0.622148,0.086156,0.024756,Bellevue_Bellevue_NE8th
5028,within,0.543069,0.170797,0.076307,0.743092,0.107329,0.066258,Bellevue_Bellevue_NE8th
5029,within,0.565338,0.168769,0.089291,0.562722,0.240933,0.063736,Bellevue_Bellevue_NE8th
5030,within,0.541904,0.167184,0.068489,0.5611,0.168901,0.091713,Bellevue_Bellevue_NE8th
5031,within,0.563792,0.172962,0.072903,0.666455,0.255455,0.052437,Bellevue_Bellevue_NE8th
5032,within,0.60899,0.175032,0.097791,0.503836,0.108724,0.0555,Bellevue_Bellevue_NE8th
5033,within,0.533571,0.165754,0.06866,0.676839,0.147749,0.056888,Bellevue_Bellevue_NE8th
5034,within,0.546848,0.168588,0.078186,0.654511,0.156709,0.05602,Bellevue_Bellevue_NE8th
5035,within,0.574942,0.171555,0.084138,0.532228,0.117769,0.05765,Bellevue_Bellevue_NE8th
5036,within,0.548714,0.168837,0.06616,0.59576,0.151288,0.047619,Bellevue_Bellevue_NE8th
5037,within,0.568393,0.17515,0.080509,0.600351,0.177639,0.026352,Bellevue_Bellevue_NE8th
5038,within,0.571575,0.176282,0.078211,0.582544,0.073194,0.048199,Bellevue_Bellevue_NE8th
5039,within,0.580476,0.159015,0.059218,0.577824,0.084437,0.011987,Bellevue_Bellevue_NE8th
5040,within,0.543067,0.168435,0.070286,0.611119,0.137974,0.004429,Bellevue_Bellevue_NE8th
5041,within,0.535323,0.168244,0.067637,0.569195,0.135286,0.022384,Bellevue_Bellevue_NE8th
5042,within,0.595732,0.149654,0.057577,0.461115,0.10882,0.001994,Bellevue_Bellevue_NE8th
5043,within,0.578834,0.168334,0.07279,0.494219,0.063663,0.012276,Bellevue_Bellevue_NE8th
5044,within,0.673807,0.142157,0.050973,0.468955,0.067743,0.091202,Bellevue_Bellevue_NE8th
5045,within,0.687811,0.147014,0.051126,0.578104,0.125655,0.087184,Bellevue_Bellevue_NE8th
5046,within,0.581477,0.170593,0.088906,0.578842,0.224204,0.022016,Bellevue_Bellevue_NE8th
5047,within,0.619149,0.171985,0.066362,0.547573,0.167909,0.091122,Bellevue_Bellevue_NE8th
5048,within,0.540105,0.166943,0.06421,0.573978,0.179967,0.093526,Bellevue_Bellevue_NE8th
5049,within,0.582869,0.173811,0.074377,0.626996,0.183534,0.148891,Bellevue_Bellevue_NE8th
5050,within,0.620055,0.175198,0.099607,0.584519,0.16304,0.076079,Bellevue_Bellevue_NE8th
5051,within,0.550922,0.167444,0.068255,0.58762,0.208512,0.087255,Bellevue_Bellevue_NE8th
5052,within,0.576849,0.173296,0.081802,0.616417,0.213073,0.13101,Bellevue_Bellevue_NE8th
5053,within,0.647413,0.143935,0.053462,0.506906,0.141809,0.079761,Bellevue_Bellevue_NE8th
5054,within,0.645747,0.142839,0.05152,0.607347,0.196392,0.096818,Bellevue_Bellevue_NE8th
5055,within,0.647625,0.14316,0.050454,0.632236,0.204545,0.062111,Bellevue_Bellevue_NE8th
5056,within,0.647126,0.151978,0.057733,0.578269,0.078228,0.076939,Bellevue_Bellevue_NE8th
5057,within,0.554047,0.168667,0.065655,0.681196,0.119705,0.061294,Bellevue_Bellevue_NE8th
5058,within,0.552649,0.169771,0.069988,0.650449,0.129324,0.033729,Bellevue_Bellevue_NE8th
5059,within,0.624597,0.142756,0.052775,0.588034,0.118706,0.04345,Bellevue_Bellevue_NE8th
5060,within,0.558172,0.172341,0.066216,0.587767,0.071164,0.048981,Bellevue_Bellevue_NE8th
5061,within,0.639482,0.144044,0.055766,0.650343,0.085668,0.098906,Bellevue_Bellevue_NE8th
5062,within,0.710712,0.152137,0.045698,0.480886,0.063,0.071924,Bellevue_Bellevue_NE8th
5063,within,0.64347,0.142333,0.051271,0.451205,0.03823,0.092065,Bellevue_Bellevue_NE8th
5064,within,0.659347,0.146677,0.049969,0.5389,0.064475,0.111129,Bellevue_Bellevue_NE8th
5065,within,0.596474,0.180268,0.081919,0.481172,0.126243,0.0433,Bellevue_Bellevue_NE8th
5066,within,0.694118,0.144143,0.048432,0.587861,0.142047,0.025473,Bellevue_Bellevue_NE8th
5067,within,0.597619,0.141777,0.056185,0.573018,0.099536,0.014576,Bellevue_Bellevue_NE8th
5068,within,0.594577,0.14522,0.055674,0.484108,0.056051,0.02769,Bellevue_Bellevue_NE8th
5069,within,0.545607,0.170895,0.0669,0.438101,0.058704,0.012139,Bellevue_Bellevue_NE8th
5070,within,0.574471,0.174981,0.074066,0.468302,0.060893,0.036564,Bellevue_Bellevue_NE8th
5071,within,0.670349,0.141852,0.048872,0.472677,0.101519,0.091171,Bellevue_Bellevue_NE8th
5072,within,0.641105,0.139741,0.050528,0.542383,0.146897,0.124215,Bellevue_Bellevue_NE8th
5073,within,0.651019,0.144809,0.050776,0.534947,0.16237,0.068696,Bellevue_Bellevue_NE8th
5074,within,0.58561,0.178683,0.072828,0.567167,0.129252,0.047799,Bellevue_Bellevue_NE8th
5075,within,0.615082,0.153964,0.055588,0.538264,0.119598,0.023441,Bellevue_Bellevue_NE8th
5076,within,0.56082,0.167969,0.065929,0.623572,0.165624,0.069876,Bellevue_Bellevue_NE8th
5077,within,0.658966,0.148304,0.052496,0.522544,0.12245,0.046866,Bellevue_Bellevue_NE8th
5078,within,0.581172,0.148846,0.056904,0.518972,0.10066,0.065065,Bellevue_Bellevue_NE8th
5079,within,0.643659,0.141693,0.053388,0.512082,0.130425,0.05132,Bellevue_Bellevue_NE8th
5080,within,0.669575,0.141057,0.049148,0.473009,0.110611,0.068046,Bellevue_Bellevue_NE8th
5081,within,0.659306,0.141482,0.048501,0.426679,0.107092,0.049185,Bellevue_Bellevue_NE8th
5082,within,0.623935,0.152414,0.05504,0.555613,0.192739,0.075249,Bellevue_Bellevue_NE8th
5083,within,0.638024,0.146107,0.051497,0.540954,0.240458,0.007807,Bellevue_Bellevue_NE8th
5084,within,0.6853,0.143972,0.049319,0.488779,0.189799,0.013778,Bellevue_Bellevue_NE8th
5085,within,0.534338,0.159049,0.061688,0.646055,0.290822,0.011419,Bellevue_Bellevue_NE8th
5086,within,0.631414,0.137994,0.05466,0.668949,0.34334,0.050542,Bellevue_Bellevue_NE8th
5087,within,0.615921,0.145104,0.05587,0.46061,0.196748,0.022232,Bellevue_Bellevue_NE8th
5088,within,0.58223,0.156521,0.059886,0.519381,0.119801,0.084895,Bellevue_Bellevue_NE8th
5089,within,0.669988,0.142011,0.046469,0.492031,0.158665,0.075202,Bellevue_Bellevue_NE8th
5090,within,0.648437,0.140823,0.050643,0.567178,0.252469,0.061846,Bellevue_Bellevue_NE8th
5091,within,0.653305,0.142992,0.05121,0.625961,0.213752,0.109721,Bellevue_Bellevue_NE8th
5092,within,0.57853,0.173135,0.081334,0.627357,0.221439,0.029747,Bellevue_Bellevue_NE8th
5093,within,0.606856,0.171373,0.079679,0.514733,0.14383,0.05545,Bellevue_Bellevue_NE8th
5094,within,0.543217,0.165193,0.06604,0.520069,0.126223,0.082211,Bellevue_Bellevue_NE8th
5095,within,0.654302,0.144602,0.05585,0.503096,0.097479,0.106721,Bellevue_Bellevue_NE8th
5096,within,0.628123,0.152844,0.059274,0.50651,0.098406,0.064916,Bellevue_Bellevue_NE8th
5097,within,0.585866,0.174242,0.084024,0.540214,0.072665,0.067778,Bellevue_Bellevue_NE8th
5098,within,0.660303,0.146376,0.057949,0.498429,0.023757,0.119003,Bellevue_Bellevue_NE8th
5099,within,0.665665,0.140981,0.050354,0.454703,0.030618,0.145151,Bellevue_Bellevue_NE8th
5100,within,0.614087,0.164954,0.066454,0.607674,0.114348,0.167212,Bellevue_Bellevue_NE8th
5101,within,0.671513,0.150941,0.053333,0.491207,0.112952,0.085469,Bellevue_Bellevue_NE8th
5102,within,0.644962,0.139167,0.053487,0.387022,0.123766,0.023614,Bellevue_Bellevue_NE8th
5103,within,0.603911,0.139662,0.05577,0.378075,0.110369,0.064785,Bellevue_Bellevue_NE8th
5104,within,0.620282,0.136952,0.053224,0.443486,0.176318,0.047369,Bellevue_Bellevue_NE8th
5105,within,0.648237,0.140557,0.052097,0.435442,0.119144,0.076935,Bellevue_Bellevue_NE8th
5106,within,0.653438,0.146907,0.054509,0.442886,0.07051,0.100233,Bellevue_Bellevue_NE8th
5107,within,0.656239,0.133951,0.049469,0.370577,0.067863,0.077295,Bellevue_Bellevue_NE8th
5108,within,0.650901,0.14043,0.051215,0.373024,0.037717,0.11221,Bellevue_Bellevue_NE8th
5109,within,0.65513,0.13673,0.051319,0.464288,0.078291,0.112071,Bellevue_Bellevue_NE8th
5110,within,0.638411,0.14231,0.052234,0.454748,0.125992,0.032432,Bellevue_Bellevue_NE8th
5111,within,0.601369,0.136633,0.054631,0.444107,0.048849,0.024746,Bellevue_Bellevue_NE8th
5112,within,0.589132,0.153672,0.059549,0.565095,0.105253,0.009209,Bellevue_Bellevue_NE8th
5113,within,0.669856,0.138498,0.049646,0.559883,0.105224,0.019856,Bellevue_Bellevue_NE8th
5114,within,0.652002,0.143435,0.051907,0.521832,0.153561,0.03373,Bellevue_Bellevue_NE8th
5115,within,0.581039,0.172967,0.069076,0.415405,0.138875,0.038424,Bellevue_Bellevue_NE8th
5116,within,0.595874,0.14815,0.055278,0.490027,0.207074,0.099294,Bellevue_Bellevue_NE8th
5117,within,0.666141,0.141063,0.047944,0.588219,0.236833,0.098453,Bellevue_Bellevue_NE8th
5118,within,0.638756,0.136926,0.048164,0.60362,0.275453,0.012813,Bellevue_Bellevue_NE8th
5119,within,0.63984,0.148363,0.05539,0.611495,0.21543,0.055328,Bellevue_Bellevue_NE8th
5120,within,0.574562,0.151226,0.056965,0.595609,0.140176,0.053436,Bellevue_Bellevue_NE8th
5121,within,0.622522,0.140431,0.054496,0.654361,0.166335,0.036486,Bellevue_Bellevue_NE8th
5122,within,0.638763,0.142932,0.052341,0.521303,0.127428,0.045924,Bellevue_Bellevue_NE8th
5123,within,0.540158,0.164016,0.06408,0.469704,0.140145,0.040841,Bellevue_Bellevue_NE8th
5124,within,0.567096,0.170712,0.069005,0.452234,0.110893,0.067596,Bellevue_Bellevue_NE8th
5125,within,0.590203,0.175412,0.0715,0.368681,0.072262,0.130408,Bellevue_Bellevue_NE8th
5126,within,0.58186,0.17547,0.079745,0.471416,0.058413,0.147299,Bellevue_Bellevue_NE8th
5127,within,0.578683,0.174141,0.071312,0.541387,0.163934,0.067905,Bellevue_Bellevue_NE8th
5128,within,0.567214,0.170874,0.067692,0.66078,0.193042,0.055721,Bellevue_Bellevue_NE8th
5129,within,0.610184,0.145656,0.056992,0.657614,0.204194,0.067047,Bellevue_Bellevue_NE8th
5130,within,0.616161,0.170609,0.067583,0.665808,0.161893,0.089409,Bellevue_Bellevue_NE8th
5131,within,0.653312,0.148137,0.053025,0.57212,0.179037,0.022982,Bellevue_Bellevue_NE8th
5132,within,0.608533,0.16556,0.062046,0.614593,0.301624,0.016007,Bellevue_Bellevue_NE8th
5133,within,0.597859,0.174097,0.074189,0.599624,0.217066,0.062147,Bellevue_Bellevue_NE8th
5134,within,0.661045,0.13554,0.051194,0.428596,0.113107,0.106087,Bellevue_Bellevue_NE8th
5135,within,0.620029,0.141579,0.053328,0.465574,0.090339,0.141399,Bellevue_Bellevue_NE8th
5136,within,0.641115,0.141618,0.051016,0.473884,0.20975,0.04517,Bellevue_Bellevue_NE8th
5137,within,0.640905,0.145277,0.054108,0.516782,0.216873,0.014588,Bellevue_Bellevue_NE8th
5138,within,0.587984,0.163121,0.066959,0.672084,0.3029,0.01669,Bellevue_Bellevue_NE8th
5139,within,0.687648,0.147625,0.052838,0.532778,0.250154,0.0,Bellevue_Bellevue_NE8th
5140,within,0.626415,0.146631,0.056701,0.581204,0.244821,0.016847,Bellevue_Bellevue_NE8th
5141,within,0.612146,0.173019,0.089456,0.599967,0.238976,0.105217,Bellevue_Bellevue_NE8th
5142,within,0.648494,0.142847,0.052293,0.541947,0.138129,0.115413,Bellevue_Bellevue_NE8th
5143,within,0.577424,0.162882,0.066632,0.398845,0.059583,0.104886,Bellevue_Bellevue_NE8th
5144,within,0.654255,0.139733,0.051157,0.501112,0.0741,0.124547,Bellevue_Bellevue_NE8th
5145,within,0.648594,0.132874,0.052193,0.501006,0.165864,0.088022,Bellevue_Bellevue_NE8th
5146,within,0.637652,0.154585,0.064108,0.486629,0.232145,0.030823,Bellevue_Bellevue_NE8th
5147,within,0.585371,0.169408,0.086899,0.614343,0.390064,0.035453,Bellevue_Bellevue_NE8th
5148,within,0.628688,0.142942,0.056363,0.553326,0.315897,0.037857,Bellevue_Bellevue_NE8th
5149,within,0.589037,0.143622,0.05568,0.473455,0.197406,0.005804,Bellevue_Bellevue_NE8th
5150,within,0.562847,0.166689,0.067699,0.502695,0.137318,0.06394,Bellevue_Bellevue_NE8th
5151,within,0.642301,0.141241,0.052325,0.457945,0.117754,0.057671,Bellevue_Bellevue_NE8th
5152,within,0.69944,0.14496,0.049937,0.445806,0.092296,0.075984,Bellevue_Bellevue_NE8th
5153,within,0.66625,0.134972,0.046343,0.403069,0.068471,0.050387,Bellevue_Bellevue_NE8th
5154,within,0.645898,0.143132,0.054338,0.498948,0.078138,0.057685,Bellevue_Bellevue_NE8th
5155,within,0.550415,0.16377,0.084571,0.515793,0.148533,0.03076,Bellevue_Bellevue_NE8th
5156,within,0.575604,0.166601,0.094225,0.513398,0.118209,0.044835,Bellevue_Bellevue_NE8th
5157,within,0.537792,0.16204,0.063031,0.505213,0.114045,0.071125,Bellevue_Bellevue_NE8th
5158,within,0.546954,0.162468,0.064754,0.521869,0.097294,0.048526,Bellevue_Bellevue_NE8th
5159,within,0.587048,0.165261,0.06389,0.533808,0.096323,0.034181,Bellevue_Bellevue_NE8th
5160,within,0.543163,0.165078,0.066259,0.450574,0.045099,0.083085,Bellevue_Bellevue_NE8th
5161,within,0.60487,0.177123,0.087062,0.476493,0.055898,0.097741,Bellevue_Bellevue_NE8th
5162,within,0.576988,0.166705,0.086092,0.485732,0.061934,0.118613,Bellevue_Bellevue_NE8th
5163,within,0.653171,0.137879,0.046735,0.398967,0.025637,0.105932,Bellevue_Bellevue_NE8th
5164,within,0.679476,0.14386,0.04651,0.502491,0.084134,0.088191,Bellevue_Bellevue_NE8th
5165,within,0.646714,0.138358,0.047601,0.661138,0.260542,0.029733,Bellevue_Bellevue_NE8th
5166,within,0.591305,0.170019,0.066901,0.656308,0.218497,0.014247,Bellevue_Bellevue_NE8th
5167,within,0.648352,0.141834,0.051335,0.707282,0.212036,0.028496,Bellevue_Bellevue_NE8th
5168,within,0.606609,0.16823,0.067288,0.669225,0.219078,0.012532,Bellevue_Bellevue_NE8th
5169,within,0.591281,0.167905,0.068633,0.635363,0.235754,0.024122,Bellevue_Bellevue_NE8th
5170,within,0.583476,0.165266,0.063782,0.560794,0.144748,0.043816,Bellevue_Bellevue_NE8th
5171,within,0.609587,0.175182,0.07343,0.619849,0.160687,0.048472,Bellevue_Bellevue_NE8th
5172,within,0.658098,0.133863,0.04936,0.536835,0.123286,0.074952,Bellevue_Bellevue_NE8th
5173,within,0.587267,0.16672,0.064583,0.504137,0.141047,0.071109,Bellevue_Bellevue_NE8th
5174,within,0.584126,0.174882,0.077945,0.614749,0.214581,0.074637,Bellevue_Bellevue_NE8th
5175,within,0.619397,0.156625,0.059265,0.615165,0.182529,0.038462,Bellevue_Bellevue_NE8th
5176,within,0.596242,0.173081,0.078501,0.633368,0.142694,0.048698,Bellevue_Bellevue_NE8th
5177,within,0.588203,0.150266,0.060878,0.685631,0.155472,0.049611,Bellevue_Bellevue_NE8th
5178,within,0.59673,0.166413,0.07086,0.703876,0.153791,0.037885,Bellevue_Bellevue_NE8th
5179,within,0.608904,0.164541,0.063908,0.595427,0.108816,0.044318,Bellevue_Bellevue_NE8th
5180,within,0.538522,0.16152,0.063373,0.580657,0.162877,0.028136,Bellevue_Bellevue_NE8th
5181,within,0.586021,0.172742,0.078604,0.487568,0.147624,0.030917,Bellevue_Bellevue_NE8th
5182,within,0.639366,0.13972,0.051786,0.482864,0.158214,0.076449,Bellevue_Bellevue_NE8th
5183,within,0.6495,0.142448,0.050364,0.534336,0.158631,0.127124,Bellevue_Bellevue_NE8th
5184,within,0.63088,0.140499,0.049249,0.559767,0.203311,0.027009,Bellevue_Bellevue_NE8th
5185,within,0.587352,0.174781,0.084274,0.608971,0.131217,0.015751,Bellevue_Bellevue_NE8th
5186,within,0.599367,0.174731,0.07262,0.712253,0.113285,0.023835,Bellevue_Bellevue_NE8th
5187,within,0.58479,0.167685,0.09445,0.707012,0.126055,0.025697,Bellevue_Bellevue_NE8th
5188,within,0.586091,0.172122,0.08024,0.646307,0.160841,0.011825,Bellevue_Bellevue_NE8th
5189,within,0.557017,0.1638,0.063528,0.636613,0.137189,0.056713,Bellevue_Bellevue_NE8th
5190,within,0.594782,0.171843,0.087479,0.531003,0.098527,0.079447,Bellevue_Bellevue_NE8th
5191,within,0.647455,0.132404,0.053153,0.482931,0.088088,0.119689,Bellevue_Bellevue_NE8th
5192,within,0.560893,0.166704,0.071958,0.58078,0.210982,0.089333,Bellevue_Bellevue_NE8th
5193,within,0.584152,0.167873,0.093775,0.673964,0.258368,0.071019,Bellevue_Bellevue_NE8th
5194,within,0.571244,0.163685,0.096591,0.676649,0.227108,0.085693,Bellevue_Bellevue_NE8th
5195,within,0.590372,0.16878,0.090119,0.649874,0.181107,0.116973,Bellevue_Bellevue_NE8th
5196,within,0.565406,0.164259,0.08,0.619337,0.170149,0.076056,Bellevue_Bellevue_NE8th
5197,within,0.558412,0.169001,0.070866,0.585599,0.191955,0.022082,Bellevue_Bellevue_NE8th
5198,within,0.597663,0.173027,0.089231,0.623141,0.238171,0.030293,Bellevue_Bellevue_NE8th
5199,within,0.570608,0.166128,0.091385,0.548988,0.174077,0.061716,Bellevue_Bellevue_NE8th
5200,within,0.576962,0.171119,0.082822,0.533038,0.214227,0.047847,Bellevue_Bellevue_NE8th
5201,within,0.567667,0.1693,0.08644,0.629203,0.310753,0.046671,Bellevue_Bellevue_NE8th
5202,within,0.566721,0.163311,0.092243,0.626351,0.229654,0.025004,Bellevue_Bellevue_NE8th
5203,within,0.627975,0.14748,0.057423,0.64625,0.207229,0.010966,Bellevue_Bellevue_NE8th
5204,within,0.564673,0.167133,0.078789,0.725655,0.251977,0.043934,Bellevue_Bellevue_NE8th
5205,within,0.526659,0.15192,0.087472,0.673792,0.257538,0.035491,Bellevue_Bellevue_NE8th
5206,within,0.576019,0.169657,0.078596,0.699627,0.235508,0.110703,Bellevue_Bellevue_NE8th
5207,within,0.572971,0.175967,0.072058,0.766677,0.163239,0.196725,Bellevue_Bellevue_NE8th
5208,within,0.552802,0.16209,0.090358,0.615068,0.1609,0.160624,Bellevue_Bellevue_NE8th
5209,within,0.564624,0.166007,0.063344,0.520899,0.055092,0.212978,Bellevue_Bellevue_NE8th
5210,within,0.57262,0.171674,0.060656,0.557089,0.141517,0.159686,Bellevue_Bellevue_NE8th
5211,within,0.644051,0.142894,0.0491,0.563528,0.146202,0.043665,Bellevue_Bellevue_NE8th
5212,within,0.590576,0.170985,0.06615,0.739689,0.271668,0.025591,Bellevue_Bellevue_NE8th
5213,within,0.561593,0.171356,0.071424,0.732161,0.248301,0.008438,Bellevue_Bellevue_NE8th
5214,within,0.55801,0.164817,0.091033,0.663224,0.189147,0.029357,Bellevue_Bellevue_NE8th
5215,within,0.544407,0.168192,0.067223,0.68504,0.217863,0.011777,Bellevue_Bellevue_NE8th
5216,within,0.607855,0.179823,0.07791,0.610648,0.128153,0.061892,Bellevue_Bellevue_NE8th
5217,within,0.559984,0.16635,0.088927,0.634393,0.120153,0.094089,Bellevue_Bellevue_NE8th
5218,within,0.649788,0.138779,0.045675,0.522803,0.136828,0.052338,Bellevue_Bellevue_NE8th
5219,within,0.584958,0.171279,0.0636,0.556109,0.111994,0.081872,Bellevue_Bellevue_NE8th
5220,within,0.571011,0.171302,0.062118,0.647747,0.148933,0.089554,Bellevue_Bellevue_NE8th
5221,within,0.588143,0.164898,0.064473,0.581297,0.110011,0.062789,Bellevue_Bellevue_NE8th
5222,within,0.542957,0.167544,0.06598,0.64448,0.16988,0.042178,Bellevue_Bellevue_NE8th
5223,within,0.559754,0.166178,0.086901,0.597039,0.161609,0.043218,Bellevue_Bellevue_NE8th
5224,within,0.538768,0.169322,0.069092,0.587598,0.185907,0.034402,Bellevue_Bellevue_NE8th
5225,within,0.591044,0.175708,0.073758,0.515795,0.103821,0.020774,Bellevue_Bellevue_NE8th
5226,within,0.573465,0.172625,0.076157,0.553114,0.142867,0.062045,Bellevue_Bellevue_NE8th
5227,within,0.536308,0.160258,0.078348,0.567844,0.187943,0.058291,Bellevue_Bellevue_NE8th
5228,within,0.661057,0.144821,0.047055,0.550885,0.179421,0.044643,Bellevue_Bellevue_NE8th
5229,within,0.562376,0.168618,0.057149,0.543498,0.199668,0.07066,Bellevue_Bellevue_NE8th
5230,within,0.563455,0.16556,0.077936,0.563348,0.221061,0.001149,Bellevue_Bellevue_NE8th
5231,within,0.568244,0.158391,0.061776,0.627247,0.170357,0.072451,Bellevue_Bellevue_NE8th
5232,within,0.566781,0.167489,0.085856,0.628989,0.094449,0.098457,Bellevue_Bellevue_NE8th
5233,within,0.549194,0.165828,0.07124,0.629547,0.114866,0.10807,Bellevue_Bellevue_NE8th
5234,within,0.542353,0.166382,0.064525,0.62639,0.156876,0.085976,Bellevue_Bellevue_NE8th
5235,within,0.578103,0.167538,0.090508,0.632349,0.153753,0.086034,Bellevue_Bellevue_NE8th
5236,within,0.563183,0.167398,0.057982,0.523185,0.103167,0.087972,Bellevue_Bellevue_NE8th
5237,within,0.585672,0.151002,0.052586,0.559753,0.111816,0.105696,Bellevue_Bellevue_NE8th
5238,within,0.552664,0.164681,0.057921,0.565238,0.20734,0.052917,Bellevue_Bellevue_NE8th
5239,within,0.542749,0.160016,0.082078,0.493051,0.147506,0.065485,Bellevue_Bellevue_NE8th
5240,within,0.565247,0.166978,0.064657,0.554245,0.231717,0.071508,Bellevue_Bellevue_NE8th
5241,within,0.586146,0.174847,0.077812,0.647355,0.283654,0.037004,Bellevue_Bellevue_NE8th
5242,within,0.539077,0.161148,0.076425,0.560003,0.240633,0.004885,Bellevue_Bellevue_NE8th
5243,within,0.546362,0.165191,0.064528,0.566218,0.196412,0.001878,Bellevue_Bellevue_NE8th
5244,within,0.583975,0.176161,0.08255,0.601815,0.207592,0.022018,Bellevue_Bellevue_NE8th
5245,within,0.539516,0.162668,0.082769,0.515758,0.094644,0.038977,Bellevue_Bellevue_NE8th
5246,within,0.609628,0.139372,0.049438,0.53737,0.143039,0.014809,Bellevue_Bellevue_NE8th
5247,within,0.511806,0.154138,0.052761,0.593239,0.177102,0.052848,Bellevue_Bellevue_NE8th
5248,within,0.591045,0.169914,0.078283,0.599731,0.209076,0.044674,Bellevue_Bellevue_NE8th
5249,within,0.572551,0.166929,0.066888,0.640834,0.185942,0.046395,Bellevue_Bellevue_NE8th
5250,within,0.566094,0.172301,0.073767,0.608852,0.214544,0.040855,Bellevue_Bellevue_NE8th
5251,within,0.583131,0.169893,0.08203,0.6648,0.269765,0.026922,Bellevue_Bellevue_NE8th
5252,within,0.584782,0.173102,0.078058,0.682762,0.261721,0.072812,Bellevue_Bellevue_NE8th
5253,within,0.544069,0.157284,0.085213,0.67632,0.218227,0.132607,Bellevue_Bellevue_NE8th
5254,within,0.56124,0.161958,0.094405,0.565409,0.219668,0.050576,Bellevue_Bellevue_NE8th
5255,within,0.583543,0.168289,0.093399,0.582773,0.210556,0.0231,Bellevue_Bellevue_NE8th
5256,within,0.58471,0.169615,0.084313,0.513069,0.135477,0.030397,Bellevue_Bellevue_NE8th
5257,within,0.545285,0.158211,0.088893,0.281653,0.079204,0.01059,Bellevue_Bellevue_NE8th
5258,within,0.558137,0.164898,0.091895,0.402796,0.114244,0.049775,Bellevue_Bellevue_NE8th
5259,within,0.594577,0.169361,0.068344,0.643789,0.254799,0.044695,Bellevue_Bellevue_NE8th
5260,within,0.57582,0.172463,0.072174,0.668536,0.134421,0.056483,Bellevue_Bellevue_NE8th
5261,within,0.55891,0.171866,0.083969,0.756816,0.120816,0.020017,Bellevue_Bellevue_NE8th
5262,within,0.457779,0.137935,0.067659,0.60794,0.117712,0.012263,Bellevue_Bellevue_NE8th
5263,within,0.596453,0.173285,0.088601,0.522016,0.125285,0.04124,Bellevue_Bellevue_NE8th
5264,within,0.58086,0.178367,0.071685,0.532201,0.115805,0.077504,Bellevue_Bellevue_NE8th
5265,within,0.54276,0.159879,0.082163,0.437111,0.1172,0.062191,Bellevue_Bellevue_NE8th
5266,within,0.577511,0.170038,0.069715,0.451494,0.14775,0.049027,Bellevue_Bellevue_NE8th
5267,within,0.573717,0.171025,0.068847,0.548942,0.219855,0.04368,Bellevue_Bellevue_NE8th
5268,within,0.577131,0.172975,0.079483,0.619234,0.140731,0.087275,Bellevue_Bellevue_NE8th
5269,within,0.577172,0.169323,0.08478,0.595066,0.105238,0.043553,Bellevue_Bellevue_NE8th
5270,within,0.557381,0.161557,0.095387,0.687858,0.10781,0.056706,Bellevue_Bellevue_NE8th
5271,within,0.516342,0.151683,0.083741,0.514899,0.106302,0.023892,Bellevue_Bellevue_NE8th
5272,within,0.559865,0.173202,0.068474,0.542888,0.132579,0.042171,Bellevue_Bellevue_NE8th
5273,within,0.58723,0.172361,0.093383,0.559435,0.119482,0.066688,Bellevue_Bellevue_NE8th
5274,within,0.624138,0.13413,0.047145,0.533174,0.121679,0.062678,Bellevue_Bellevue_NE8th
5275,within,0.52158,0.15516,0.064571,0.444619,0.084617,0.12858,Bellevue_Bellevue_NE8th
5276,within,0.563675,0.172421,0.080951,0.517403,0.073494,0.156733,Bellevue_Bellevue_NE8th
5277,within,0.50683,0.150486,0.0775,0.584544,0.18832,0.129429,Bellevue_Bellevue_NE8th
5278,within,0.583054,0.17256,0.081116,0.730253,0.250498,0.061584,Bellevue_Bellevue_NE8th
5279,within,0.530048,0.154529,0.09107,0.702081,0.147094,0.004996,Bellevue_Bellevue_NE8th
5280,within,0.542393,0.159909,0.077165,0.575798,0.089817,0.031065,Bellevue_Bellevue_NE8th
5281,within,0.570415,0.172932,0.069211,0.575634,0.155212,0.015324,Bellevue_Bellevue_NE8th
5282,within,0.556892,0.170081,0.065994,0.566641,0.104554,0.063092,Bellevue_Bellevue_NE8th
5283,within,0.568548,0.170571,0.093068,0.537483,0.128777,0.020106,Bellevue_Bellevue_NE8th
5284,within,0.558618,0.169302,0.0768,0.52212,0.147264,0.020826,Bellevue_Bellevue_NE8th
5285,within,0.557134,0.169497,0.085201,0.547075,0.170412,0.020735,Bellevue_Bellevue_NE8th
5286,within,0.573888,0.17574,0.078278,0.63737,0.178272,0.045745,Bellevue_Bellevue_NE8th
5287,within,0.553502,0.163248,0.086461,0.529171,0.085673,0.04377,Bellevue_Bellevue_NE8th
5288,within,0.574313,0.167216,0.06376,0.565641,0.063953,0.075273,Bellevue_Bellevue_NE8th
5289,within,0.537655,0.158888,0.087684,0.546683,0.050626,0.078758,Bellevue_Bellevue_NE8th
5290,within,0.568289,0.173205,0.074125,0.50737,0.087329,0.044226,Bellevue_Bellevue_NE8th
5291,within,0.569056,0.175622,0.073202,0.524355,0.104725,0.065098,Bellevue_Bellevue_NE8th
5292,within,0.619872,0.146435,0.049775,0.449018,0.138434,0.052679,Bellevue_Bellevue_NE8th
5293,within,0.556505,0.160229,0.089927,0.442114,0.095331,0.090131,Bellevue_Bellevue_NE8th
5294,within,0.559419,0.16335,0.092034,0.505961,0.136493,0.08066,Bellevue_Bellevue_NE8th
5295,within,0.563846,0.165231,0.090695,0.560691,0.122036,0.023464,Bellevue_Bellevue_NE8th
5296,within,0.56608,0.168026,0.091098,0.574842,0.13546,0.003704,Bellevue_Bellevue_NE8th
5297,within,0.591185,0.173889,0.078302,0.580627,0.114625,0.005168,Bellevue_Bellevue_NE8th
5298,within,0.549797,0.161347,0.092923,0.598563,0.131897,0.017387,Bellevue_Bellevue_NE8th
5299,within,0.561306,0.174154,0.074562,0.571298,0.163906,0.011523,Bellevue_Bellevue_NE8th
5300,within,0.590404,0.17312,0.068903,0.612698,0.183974,0.063897,Bellevue_Bellevue_NE8th
5301,within,0.588343,0.172688,0.095136,0.590992,0.235175,0.078842,Bellevue_Bellevue_NE8th
5302,within,0.56525,0.159427,0.057996,0.600621,0.226392,0.110981,Bellevue_Bellevue_NE8th
5303,within,0.562895,0.169093,0.089317,0.655293,0.24786,0.070729,Bellevue_Bellevue_NE8th
5304,within,0.547973,0.167438,0.079429,0.675347,0.244948,0.022162,Bellevue_Bellevue_NE8th
5305,within,0.579559,0.171029,0.086103,0.665861,0.164217,0.061205,Bellevue_Bellevue_NE8th
5306,within,0.585388,0.173225,0.079421,0.754137,0.323649,0.010856,Bellevue_Bellevue_NE8th
5307,within,0.511029,0.147193,0.08946,0.709109,0.28302,0.020954,Bellevue_Bellevue_NE8th
5308,within,0.542953,0.163688,0.073575,0.630266,0.23486,0.016638,Bellevue_Bellevue_NE8th
5309,within,0.578022,0.173067,0.072259,0.566741,0.193662,0.004991,Bellevue_Bellevue_NE8th
5310,within,0.549065,0.163136,0.088803,0.514077,0.139733,0.037495,Bellevue_Bellevue_NE8th
5311,within,0.565011,0.173666,0.073762,0.515234,0.092566,0.046818,Bellevue_Bellevue_NE8th
5312,within,0.522527,0.156122,0.082351,0.546942,0.135813,0.068444,Bellevue_Bellevue_NE8th
5313,within,0.554712,0.168445,0.076374,0.637476,0.186701,0.056927,Bellevue_Bellevue_NE8th
5314,within,0.54771,0.160149,0.084234,0.598813,0.174319,0.037573,Bellevue_Bellevue_NE8th
5315,within,0.578839,0.165954,0.06485,0.76229,0.204228,0.042174,Bellevue_Bellevue_NE8th
5316,within,0.508156,0.150021,0.082949,0.652348,0.135655,0.052222,Bellevue_Bellevue_NE8th
5317,within,0.581869,0.174931,0.068913,0.663038,0.16237,0.051995,Bellevue_Bellevue_NE8th
5318,within,0.587862,0.178417,0.07287,0.693195,0.138599,0.101265,Bellevue_Bellevue_NE8th
5319,within,0.612613,0.138369,0.046059,0.578509,0.11272,0.057247,Bellevue_Bellevue_NE8th
5320,within,0.570139,0.171546,0.060336,0.607248,0.128362,0.060173,Bellevue_Bellevue_NE8th
5321,within,0.56603,0.163801,0.058265,0.562072,0.133799,0.066231,Bellevue_Bellevue_NE8th
5322,within,0.552232,0.161637,0.086164,0.573815,0.069648,0.070809,Bellevue_Bellevue_NE8th
5323,within,0.589645,0.175011,0.068909,0.680865,0.157104,0.034084,Bellevue_Bellevue_NE8th
5324,within,0.566029,0.163545,0.096851,0.635264,0.15453,0.026209,Bellevue_Bellevue_NE8th
5325,within,0.5632,0.169974,0.083509,0.640576,0.184196,0.10263,Bellevue_Bellevue_NE8th
5326,within,0.56465,0.174685,0.075726,0.68211,0.299483,0.151667,Bellevue_Bellevue_NE8th
5327,within,0.514822,0.15377,0.086891,0.690182,0.270063,0.176665,Bellevue_Bellevue_NE8th
5328,within,0.46367,0.140704,0.059147,0.613986,0.305281,0.149167,Bellevue_Bellevue_NE8th
5329,within,0.549526,0.167974,0.064248,0.610533,0.3036,0.148253,Bellevue_Bellevue_NE8th
5330,within,0.538774,0.162778,0.085061,0.620471,0.214086,0.100686,Bellevue_Bellevue_NE8th
5331,within,0.567594,0.170599,0.085632,0.64541,0.210964,0.060926,Bellevue_Bellevue_NE8th
5332,within,0.569036,0.166221,0.080031,0.59829,0.166894,0.021708,Bellevue_Bellevue_NE8th
5333,within,0.577578,0.170452,0.066854,0.767496,0.239413,0.040748,Bellevue_Bellevue_NE8th
5334,within,0.525018,0.153061,0.091338,0.661766,0.189449,0.066931,Bellevue_Bellevue_NE8th
5335,within,0.577216,0.176453,0.076291,0.56996,0.194125,0.056933,Bellevue_Bellevue_NE8th
5336,within,0.579163,0.171813,0.082409,0.559187,0.129949,0.082861,Bellevue_Bellevue_NE8th
5337,within,0.554861,0.164633,0.08909,0.526283,0.164527,0.138486,Bellevue_Bellevue_NE8th
5338,within,0.571304,0.166512,0.090849,0.532616,0.113141,0.171995,Bellevue_Bellevue_NE8th
5339,within,0.501746,0.157408,0.064416,0.555457,0.129092,0.164189,Bellevue_Bellevue_NE8th
5340,within,0.547901,0.164752,0.088496,0.618772,0.167234,0.072517,Bellevue_Bellevue_NE8th
5341,within,0.591474,0.173747,0.076661,0.739379,0.221352,0.004667,Bellevue_Bellevue_NE8th
5342,within,0.550593,0.164345,0.088262,0.735279,0.168897,0.012394,Bellevue_Bellevue_NE8th
5343,within,0.612975,0.178969,0.080941,0.688478,0.188802,0.016973,Bellevue_Bellevue_NE8th
5344,within,0.589428,0.172641,0.068036,0.609889,0.145517,0.026377,Bellevue_Bellevue_NE8th
5345,within,0.58685,0.178168,0.077914,0.673509,0.204712,0.006398,Bellevue_Bellevue_NE8th
5346,within,0.585503,0.169772,0.09487,0.508112,0.161449,0.035032,Bellevue_Bellevue_NE8th
5347,within,0.573422,0.172479,0.084395,0.434158,0.086041,0.08036,Bellevue_Bellevue_NE8th
5348,within,0.535946,0.161418,0.087783,0.523978,0.112751,0.106555,Bellevue_Bellevue_NE8th
5349,within,0.539915,0.160317,0.083675,0.676248,0.177813,0.118348,Bellevue_Bellevue_NE8th
5350,within,0.540768,0.165589,0.076456,0.642848,0.120903,0.067031,Bellevue_Bellevue_NE8th
5351,within,0.573093,0.170723,0.066905,0.672165,0.112454,0.084388,Bellevue_Bellevue_NE8th
5352,within,0.540929,0.162126,0.081176,0.54931,0.09015,0.05064,Bellevue_Bellevue_NE8th
5353,within,0.559882,0.171941,0.067382,0.566818,0.164033,0.037381,Bellevue_Bellevue_NE8th
5354,within,0.592489,0.179958,0.074031,0.506326,0.164985,0.045058,Bellevue_Bellevue_NE8th
5355,within,0.539053,0.163337,0.081566,0.449464,0.175713,0.021252,Bellevue_Bellevue_NE8th
5356,within,0.576687,0.17334,0.065736,0.401066,0.141392,0.007219,Bellevue_Bellevue_NE8th
5357,within,0.586129,0.181461,0.073395,0.525683,0.20318,0.014438,Bellevue_Bellevue_NE8th
5358,within,0.563571,0.169359,0.083877,0.731109,0.21042,0.032241,Bellevue_Bellevue_NE8th
5359,within,0.567272,0.17107,0.081904,0.666137,0.159314,0.089789,Bellevue_Bellevue_NE8th
5360,within,0.603526,0.176705,0.089896,0.707904,0.164379,0.076836,Bellevue_Bellevue_NE8th
5361,within,0.539268,0.16641,0.080715,0.697399,0.193339,0.043316,Bellevue_Bellevue_NE8th
5362,within,0.570708,0.175667,0.070095,0.640639,0.20004,0.043959,Bellevue_Bellevue_NE8th
5363,within,0.585626,0.177201,0.082153,0.634198,0.205436,0.084909,Bellevue_Bellevue_NE8th
5364,within,0.56347,0.16584,0.087173,0.566929,0.172039,0.062072,Bellevue_Bellevue_NE8th
5365,within,0.578466,0.170636,0.063209,0.527837,0.158888,0.034935,Bellevue_Bellevue_NE8th
5366,within,0.617517,0.182468,0.094623,0.545048,0.110871,0.101448,Bellevue_Bellevue_NE8th
5367,within,0.565678,0.165427,0.092887,0.628252,0.100266,0.115859,Bellevue_Bellevue_NE8th
5368,within,0.591894,0.171299,0.085844,0.602377,0.076572,0.078138,Bellevue_Bellevue_NE8th
5369,within,0.57864,0.176736,0.073125,0.65524,0.133707,0.085066,Bellevue_Bellevue_NE8th
5370,within,0.567724,0.167765,0.08472,0.55632,0.084006,0.087856,Bellevue_Bellevue_NE8th
5371,within,0.600853,0.174713,0.092593,0.534209,0.091942,0.085495,Bellevue_Bellevue_NE8th
5372,within,0.583637,0.168884,0.097168,0.471483,0.032278,0.07967,Bellevue_Bellevue_NE8th
5373,within,0.517009,0.155476,0.08149,0.364804,0.036066,0.123814,Bellevue_Bellevue_NE8th
5374,within,0.654828,0.161048,0.055319,0.426302,0.173023,0.081835,Bellevue_Bellevue_NE8th
5375,within,0.563409,0.167126,0.092181,0.554949,0.243498,0.08063,Bellevue_Bellevue_NE8th
5376,within,0.615048,0.180186,0.096225,0.614653,0.201548,0.095856,Bellevue_Bellevue_NE8th
5377,within,0.611139,0.176222,0.097903,0.617196,0.139389,0.059273,Bellevue_Bellevue_NE8th
5378,within,0.592521,0.1755,0.081939,0.667281,0.158504,0.041673,Bellevue_Bellevue_NE8th
5379,within,0.577843,0.170179,0.092052,0.596894,0.138711,0.022022,Bellevue_Bellevue_NE8th
5380,within,0.578125,0.176041,0.0714,0.519095,0.153551,0.059494,Bellevue_Bellevue_NE8th
5381,within,0.614529,0.182105,0.089852,0.594898,0.210754,0.024287,Bellevue_Bellevue_NE8th
5382,within,0.611202,0.175868,0.106027,0.489528,0.184524,0.057329,Bellevue_Bellevue_NE8th
5383,within,0.618841,0.182019,0.093647,0.551121,0.197949,0.073925,Bellevue_Bellevue_NE8th
5384,within,0.599446,0.175984,0.095202,0.683893,0.26135,0.04391,Bellevue_Bellevue_NE8th
5385,within,0.593537,0.17449,0.077349,0.639234,0.228382,0.029215,Bellevue_Bellevue_NE8th
5386,within,0.592083,0.173964,0.070462,0.700834,0.214873,0.06595,Bellevue_Bellevue_NE8th
5387,within,0.60743,0.173963,0.104487,0.763369,0.213968,0.100798,Bellevue_Bellevue_NE8th
5388,within,0.593115,0.176688,0.067571,0.654681,0.199729,0.038386,Bellevue_Bellevue_NE8th
5389,within,0.578366,0.170189,0.089916,0.49865,0.179608,0.02264,Bellevue_Bellevue_NE8th
5390,within,0.591448,0.178154,0.080892,0.559593,0.190531,0.021229,Bellevue_Bellevue_NE8th
5391,within,0.564307,0.167512,0.09076,0.45896,0.139858,0.06285,Bellevue_Bellevue_NE8th
5392,within,0.569918,0.166378,0.092546,0.393549,0.134187,0.084782,Bellevue_Bellevue_NE8th
5393,within,0.548673,0.164826,0.086964,0.566551,0.222343,0.083144,Bellevue_Bellevue_NE8th
5394,within,0.600394,0.178918,0.092295,0.509874,0.18813,0.037052,Bellevue_Bellevue_NE8th
5395,within,0.594423,0.176006,0.071494,0.718287,0.242401,0.039946,Bellevue_Bellevue_NE8th
5396,within,0.625186,0.174568,0.115263,0.629343,0.187704,0.011957,Bellevue_Bellevue_NE8th
5397,within,0.585383,0.170406,0.090917,0.541635,0.123353,0.02811,Bellevue_Bellevue_NE8th
5398,within,0.62327,0.18813,0.075658,0.537929,0.177358,0.038115,Bellevue_Bellevue_NE8th
5399,within,0.59664,0.176022,0.090064,0.545398,0.205223,0.036149,Bellevue_Bellevue_NE8th
5400,within,0.684503,0.147525,0.046827,0.38701,0.122569,0.019124,Bellevue_Bellevue_NE8th
5401,within,0.638513,0.173589,0.063787,0.387764,0.109337,0.066938,Bellevue_Bellevue_NE8th
5402,within,0.54951,0.163405,0.090047,0.547982,0.154303,0.043166,Bellevue_Bellevue_NE8th
5403,within,0.583802,0.176864,0.086674,0.6515,0.159916,0.052151,Bellevue_Bellevue_NE8th
5404,within,0.597993,0.173215,0.088895,0.700649,0.202093,0.027301,Bellevue_Bellevue_NE8th
5405,within,0.570295,0.169596,0.082351,0.714999,0.193652,0.015375,Bellevue_Bellevue_NE8th
5406,within,0.618059,0.175894,0.094473,0.629222,0.102443,0.102783,Bellevue_Bellevue_NE8th
5407,within,0.603384,0.181264,0.082181,0.602032,0.154201,0.043639,Bellevue_Bellevue_NE8th
5408,within,0.574022,0.174074,0.084135,0.58263,0.156288,0.127901,Bellevue_Bellevue_NE8th
5409,within,0.593054,0.171123,0.102947,0.56044,0.133714,0.119189,Bellevue_Bellevue_NE8th
5410,within,0.565986,0.164458,0.092518,0.498294,0.127801,0.114783,Bellevue_Bellevue_NE8th
5411,within,0.612601,0.177187,0.098779,0.5803,0.1367,0.109075,Bellevue_Bellevue_NE8th
5412,within,0.619141,0.177992,0.100629,0.489715,0.027578,0.150678,Bellevue_Bellevue_NE8th
5413,within,0.620827,0.177233,0.1024,0.485343,0.001104,0.13703,Bellevue_Bellevue_NE8th
5414,within,0.592584,0.172751,0.07644,0.535447,0.029031,0.105941,Bellevue_Bellevue_NE8th
5415,within,0.586455,0.173016,0.08407,0.496356,0.019385,0.089682,Bellevue_Bellevue_NE8th
5416,within,0.604615,0.179872,0.072458,0.51375,0.087037,0.058424,Bellevue_Bellevue_NE8th
5417,within,0.595025,0.179801,0.071874,0.530823,0.17134,0.092808,Bellevue_Bellevue_NE8th
5418,within,0.57282,0.173438,0.088542,0.415373,0.074474,0.082836,Bellevue_Bellevue_NE8th
5419,within,0.622756,0.183095,0.091995,0.58419,0.09745,0.16351,Bellevue_Bellevue_NE8th
5420,within,0.556483,0.17054,0.063453,0.641387,0.168373,0.13961,Bellevue_Bellevue_NE8th
5421,within,0.576127,0.17015,0.091283,0.696203,0.146131,0.063833,Bellevue_Bellevue_NE8th
5422,within,0.667183,0.16288,0.056387,0.619473,0.108338,0.003372,Bellevue_Bellevue_NE8th
5423,within,0.600905,0.17404,0.087278,0.644426,0.128807,0.001754,Bellevue_Bellevue_NE8th
5424,within,0.589193,0.170244,0.098349,0.500713,0.110637,0.011178,Bellevue_Bellevue_NE8th
5425,within,0.595268,0.180135,0.085676,0.496174,0.164307,0.006227,Bellevue_Bellevue_NE8th
5426,within,0.589417,0.171168,0.086865,0.570489,0.238148,0.02891,Bellevue_Bellevue_NE8th
5427,within,0.569809,0.165496,0.095677,0.518132,0.218741,0.052657,Bellevue_Bellevue_NE8th
5428,within,0.6146,0.182999,0.085562,0.534193,0.184029,0.083321,Bellevue_Bellevue_NE8th
5429,within,0.595376,0.181197,0.076951,0.609914,0.215962,0.070355,Bellevue_Bellevue_NE8th
5430,within,0.584363,0.174744,0.080007,0.681001,0.213826,0.157565,Bellevue_Bellevue_NE8th
5431,within,0.599763,0.176753,0.072809,0.624903,0.151415,0.184816,Bellevue_Bellevue_NE8th
5432,within,0.604066,0.177261,0.067932,0.712838,0.212817,0.2633,Bellevue_Bellevue_NE8th
5433,within,0.591323,0.173566,0.088879,0.691994,0.225786,0.146397,Bellevue_Bellevue_NE8th
5434,within,0.619047,0.181085,0.091582,0.611669,0.224891,0.058619,Bellevue_Bellevue_NE8th
5435,within,0.590571,0.173431,0.100761,0.578896,0.267006,0.040704,Bellevue_Bellevue_NE8th
5436,within,0.550787,0.169001,0.060547,0.535741,0.207332,0.111209,Bellevue_Bellevue_NE8th
5437,within,0.664316,0.157018,0.049924,0.571668,0.204695,0.108395,Bellevue_Bellevue_NE8th
5438,within,0.548082,0.166495,0.087414,0.665673,0.269904,0.070382,Bellevue_Bellevue_NE8th
5439,within,0.571245,0.172246,0.090071,0.56009,0.139504,0.062356,Bellevue_Bellevue_NE8th
5440,within,0.624641,0.183125,0.088924,0.542343,0.133875,0.050804,Bellevue_Bellevue_NE8th
5441,within,0.566269,0.171793,0.084901,0.62508,0.190015,0.085639,Bellevue_Bellevue_NE8th
5442,within,0.554971,0.167395,0.082441,0.538247,0.162838,0.026148,Bellevue_Bellevue_NE8th
5443,within,0.568695,0.177061,0.068611,0.501188,0.158769,0.05453,Bellevue_Bellevue_NE8th
5444,within,0.597687,0.178249,0.082531,0.541268,0.255637,0.066874,Bellevue_Bellevue_NE8th
5445,within,0.619251,0.177709,0.103946,0.499463,0.255309,0.066036,Bellevue_Bellevue_NE8th
5446,within,0.672625,0.148025,0.046242,0.505912,0.185553,0.084549,Bellevue_Bellevue_NE8th
5447,within,0.629857,0.189797,0.076026,0.602608,0.218568,0.09667,Bellevue_Bellevue_NE8th
5448,within,0.56572,0.165337,0.090378,0.562089,0.22352,0.047183,Bellevue_Bellevue_NE8th
5449,within,0.576066,0.17158,0.067144,0.613131,0.260626,0.086065,Bellevue_Bellevue_NE8th
5450,within,0.595014,0.17338,0.095279,0.636293,0.232605,0.074651,Bellevue_Bellevue_NE8th
5451,within,0.665944,0.151119,0.053582,0.57124,0.154456,0.083757,Bellevue_Bellevue_NE8th
5452,within,0.582816,0.178117,0.074495,0.557155,0.148525,0.049961,Bellevue_Bellevue_NE8th
5453,within,0.58585,0.175694,0.07127,0.599043,0.262849,0.099161,Bellevue_Bellevue_NE8th
5454,within,0.563231,0.172537,0.083654,0.530697,0.19182,0.084657,Bellevue_Bellevue_NE8th
5455,within,0.582651,0.180631,0.070957,0.649187,0.242971,0.119509,Bellevue_Bellevue_NE8th
5456,within,0.592316,0.177926,0.097787,0.682063,0.234977,0.142608,Bellevue_Bellevue_NE8th
5457,within,0.660439,0.187442,0.060506,0.71271,0.251161,0.099908,Bellevue_Bellevue_NE8th
5458,within,0.741325,0.165989,0.046475,0.693741,0.241539,0.071036,Bellevue_Bellevue_NE8th
5459,within,0.686775,0.157356,0.046455,0.692601,0.247462,0.05708,Bellevue_Bellevue_NE8th
5460,within,0.609549,0.187377,0.069485,0.721799,0.236486,0.074338,Bellevue_Bellevue_NE8th
5461,within,0.621223,0.186585,0.096261,0.657364,0.18273,0.061879,Bellevue_Bellevue_NE8th
5462,within,0.624733,0.18412,0.09001,0.640427,0.111211,0.053474,Bellevue_Bellevue_NE8th
5463,within,0.602774,0.171179,0.0707,0.704566,0.122222,0.083189,Bellevue_Bellevue_NE8th
5464,within,0.557346,0.168502,0.070402,0.606632,0.077839,0.098617,Bellevue_Bellevue_NE8th
5465,within,0.610393,0.187109,0.07353,0.597603,0.111603,0.059377,Bellevue_Bellevue_NE8th
5466,within,0.641878,0.186803,0.099804,0.652334,0.159267,0.09485,Bellevue_Bellevue_NE8th
5467,within,0.695234,0.15161,0.045563,0.498069,0.132829,0.047278,Bellevue_Bellevue_NE8th
5468,within,0.6842,0.154999,0.052214,0.528949,0.123967,0.075359,Bellevue_Bellevue_NE8th
5469,within,0.612962,0.184814,0.089152,0.679416,0.228333,0.066922,Bellevue_Bellevue_NE8th
5470,within,0.610319,0.176834,0.088278,0.57721,0.151394,0.061122,Bellevue_Bellevue_NE8th
5471,within,0.584014,0.174394,0.069499,0.59468,0.164226,0.032352,Bellevue_Bellevue_NE8th
5472,within,0.614269,0.176144,0.096128,0.648116,0.200094,0.049263,Bellevue_Bellevue_NE8th
5473,within,0.599235,0.174014,0.095179,0.555331,0.215006,0.006798,Bellevue_Bellevue_NE8th
5474,within,0.628531,0.181447,0.100823,0.558735,0.193137,0.048016,Bellevue_Bellevue_NE8th
5475,within,0.607527,0.178793,0.086874,0.588024,0.244589,0.064101,Bellevue_Bellevue_NE8th
5476,within,0.575079,0.170748,0.091837,0.602751,0.220973,0.059024,Bellevue_Bellevue_NE8th
5477,within,0.595388,0.177036,0.09789,0.57504,0.184285,0.037665,Bellevue_Bellevue_NE8th
5478,within,0.607435,0.176784,0.099361,0.631012,0.111602,0.075271,Bellevue_Bellevue_NE8th
5479,within,0.632923,0.182687,0.09886,0.564259,0.065792,0.114886,Bellevue_Bellevue_NE8th
5480,within,0.649569,0.192556,0.078433,0.52532,0.060857,0.087904,Bellevue_Bellevue_NE8th
5481,within,0.576484,0.175026,0.07054,0.554264,0.09723,0.111027,Bellevue_Bellevue_NE8th
5482,within,0.570418,0.172401,0.08967,0.537431,0.091182,0.109288,Bellevue_Bellevue_NE8th
5483,within,0.631192,0.182705,0.098998,0.530608,0.178796,0.057832,Bellevue_Bellevue_NE8th
5484,within,0.595139,0.172489,0.096288,0.532911,0.177555,0.07253,Bellevue_Bellevue_NE8th
5485,within,0.60962,0.174899,0.104822,0.43615,0.157702,0.033971,Bellevue_Bellevue_NE8th
5486,within,0.61907,0.18653,0.066543,0.603446,0.286446,0.027151,Bellevue_Bellevue_NE8th
5487,within,0.621728,0.181926,0.103106,0.662257,0.215174,0.043071,Bellevue_Bellevue_NE8th
5488,within,0.581045,0.175332,0.088522,0.609098,0.143007,0.096708,Bellevue_Bellevue_NE8th
5489,within,0.604043,0.179327,0.079626,0.715121,0.098309,0.105712,Bellevue_Bellevue_NE8th
5490,within,0.627308,0.179457,0.115061,0.712712,0.094385,0.114194,Bellevue_Bellevue_NE8th
5491,within,0.619568,0.182256,0.098499,0.616374,0.114038,0.082227,Bellevue_Bellevue_NE8th
5492,within,0.608871,0.18038,0.084448,0.747087,0.149326,0.1072,Bellevue_Bellevue_NE8th
5493,within,0.584594,0.170751,0.099784,0.668066,0.163267,0.117484,Bellevue_Bellevue_NE8th
5494,within,0.622081,0.177906,0.105734,0.741539,0.201917,0.146543,Bellevue_Bellevue_NE8th
5495,within,0.594159,0.172532,0.101013,0.767021,0.210168,0.13714,Bellevue_Bellevue_NE8th
5496,within,0.626091,0.179792,0.108301,0.651593,0.191858,0.107333,Bellevue_Bellevue_NE8th
5497,within,0.633576,0.188743,0.074147,0.668615,0.251495,0.061271,Bellevue_Bellevue_NE8th
5498,within,0.596147,0.184483,0.07478,0.658815,0.292764,0.060491,Bellevue_Bellevue_NE8th
5499,within,0.645018,0.169471,0.057133,0.514985,0.200773,0.007727,Bellevue_Bellevue_NE8th
5500,within,0.586341,0.182854,0.073082,0.465329,0.223716,0.007717,Bellevue_Bellevue_NE8th
5501,within,0.608043,0.178132,0.100527,0.547182,0.342919,0.035522,Bellevue_Bellevue_NE8th
5502,within,0.605012,0.17423,0.102497,0.535969,0.34184,0.085321,Bellevue_Bellevue_NE8th
5503,within,0.686564,0.15252,0.047676,0.549719,0.352398,0.060607,Bellevue_Bellevue_NE8th
5504,within,0.703196,0.153936,0.046172,0.515805,0.229038,0.047813,Bellevue_Bellevue_NE8th
5505,within,0.596165,0.170657,0.105291,0.524409,0.152369,0.120739,Bellevue_Bellevue_NE8th
5506,within,0.583184,0.173292,0.07885,0.596611,0.209182,0.20445,Bellevue_Bellevue_NE8th
5507,within,0.613729,0.175482,0.104792,0.546868,0.115496,0.1414,Bellevue_Bellevue_NE8th
5508,within,0.618449,0.184008,0.081641,0.480083,0.120712,0.106074,Bellevue_Bellevue_NE8th
5509,within,0.587199,0.175003,0.085597,0.542172,0.194213,0.111009,Bellevue_Bellevue_NE8th
5510,within,0.5938,0.173039,0.09994,0.678245,0.271229,0.127685,Bellevue_Bellevue_NE8th
5511,within,0.620201,0.183491,0.09272,0.685776,0.301537,0.110499,Bellevue_Bellevue_NE8th
5512,within,0.606878,0.176462,0.095023,0.570806,0.183518,0.093931,Bellevue_Bellevue_NE8th
5513,within,0.578373,0.171172,0.095147,0.681726,0.240257,0.061333,Bellevue_Bellevue_NE8th
5514,within,0.641861,0.185406,0.068528,0.685674,0.239287,0.03641,Bellevue_Bellevue_NE8th
5515,within,0.654792,0.179608,0.064866,0.64299,0.079725,0.049599,Bellevue_Bellevue_NE8th
5516,within,0.638268,0.180209,0.108574,0.724408,0.154548,0.030818,Bellevue_Bellevue_NE8th
5517,within,0.614386,0.175983,0.101864,0.658134,0.173603,0.010675,Bellevue_Bellevue_NE8th
5518,within,0.625402,0.180332,0.104893,0.563265,0.130883,0.044382,Bellevue_Bellevue_NE8th
5519,within,0.626597,0.179945,0.102779,0.567778,0.0788,0.152132,Bellevue_Bellevue_NE8th
5520,within,0.621826,0.177864,0.108065,0.586367,0.148371,0.072327,Bellevue_Bellevue_NE8th
5521,within,0.668371,0.153098,0.048194,0.583767,0.258788,0.084529,Bellevue_Bellevue_NE8th
5522,within,0.627775,0.19026,0.077401,0.660507,0.269793,0.111904,Bellevue_Bellevue_NE8th
5523,within,0.639702,0.196354,0.075043,0.580738,0.220162,0.060153,Bellevue_Bellevue_NE8th
5524,within,0.665857,0.174356,0.06039,0.596512,0.16825,0.072912,Bellevue_Bellevue_NE8th
5525,within,0.600629,0.178353,0.092684,0.622823,0.203243,0.024326,Bellevue_Bellevue_NE8th
5526,within,0.685485,0.152943,0.046754,0.524958,0.119341,0.032542,Bellevue_Bellevue_NE8th
5527,within,0.633122,0.186091,0.09675,0.516031,0.153736,0.019222,Bellevue_Bellevue_NE8th
5528,within,0.613173,0.176917,0.092539,0.533403,0.15194,0.056041,Bellevue_Bellevue_NE8th
5529,within,0.709643,0.157446,0.046609,0.600794,0.129156,0.080314,Bellevue_Bellevue_NE8th
5530,within,0.682507,0.159828,0.048674,0.551519,0.150653,0.122067,Bellevue_Bellevue_NE8th
5531,within,0.647251,0.17787,0.061121,0.604509,0.171487,0.07444,Bellevue_Bellevue_NE8th
5532,within,0.640386,0.196635,0.070239,0.720995,0.200573,0.029086,Bellevue_Bellevue_NE8th
5533,within,0.625265,0.190523,0.069211,0.629693,0.117774,0.068242,Bellevue_Bellevue_NE8th
5534,within,0.664055,0.187646,0.070747,0.814832,0.114065,0.087664,Bellevue_Bellevue_NE8th
5535,within,0.689406,0.156142,0.048145,0.643012,0.072356,0.069817,Bellevue_Bellevue_NE8th
5536,within,0.594475,0.191153,0.07107,0.626701,0.101773,0.117703,Bellevue_Bellevue_NE8th
5537,within,0.603465,0.184248,0.071697,0.652528,0.136967,0.076186,Bellevue_Bellevue_NE8th
5538,within,0.586847,0.183384,0.075093,0.639136,0.105089,0.072553,Bellevue_Bellevue_NE8th
5539,within,0.691804,0.157283,0.04568,0.570218,0.129032,0.101926,Bellevue_Bellevue_NE8th
5540,within,0.621302,0.192361,0.070697,0.650354,0.132625,0.166264,Bellevue_Bellevue_NE8th
5541,within,0.630628,0.166329,0.053977,0.685305,0.197754,0.085783,Bellevue_Bellevue_NE8th
5542,within,0.602661,0.178792,0.09068,0.73547,0.19613,0.176311,Bellevue_Bellevue_NE8th
5543,within,0.635255,0.185365,0.089285,0.626789,0.203313,0.174911,Bellevue_Bellevue_NE8th
5544,within,0.719844,0.159015,0.0465,0.632991,0.111086,0.199505,Bellevue_Bellevue_NE8th
5545,within,0.63587,0.183145,0.059803,0.626592,0.118858,0.088263,Bellevue_Bellevue_NE8th
5546,within,0.62433,0.188128,0.084408,0.626951,0.202865,0.032815,Bellevue_Bellevue_NE8th
5547,within,0.576238,0.173935,0.093072,0.553426,0.182884,0.086092,Bellevue_Bellevue_NE8th
5548,within,0.638039,0.19366,0.076415,0.528607,0.167336,0.115607,Bellevue_Bellevue_NE8th
5549,within,0.69172,0.156118,0.045878,0.615744,0.17016,0.122204,Bellevue_Bellevue_NE8th
5550,within,0.632571,0.19138,0.06691,0.671052,0.122027,0.146849,Bellevue_Bellevue_NE8th
5551,within,0.624361,0.184688,0.093994,0.64726,0.105956,0.140423,Bellevue_Bellevue_NE8th
5552,within,0.607176,0.185002,0.078495,0.81492,0.12568,0.247546,Bellevue_Bellevue_NE8th
5553,within,0.613177,0.181612,0.094311,0.740748,0.142547,0.184968,Bellevue_Bellevue_NE8th
5554,within,0.632424,0.184812,0.100994,0.73198,0.14627,0.111323,Bellevue_Bellevue_NE8th
5555,within,0.600204,0.177493,0.0976,0.690937,0.112063,0.115803,Bellevue_Bellevue_NE8th
5556,within,0.584537,0.174189,0.093873,0.525813,0.113973,0.077517,Bellevue_Bellevue_NE8th
5557,within,0.63579,0.184806,0.099754,0.511928,0.122079,0.107119,Bellevue_Bellevue_NE8th
5558,within,0.621024,0.187026,0.064557,0.609491,0.21102,0.085777,Bellevue_Bellevue_NE8th
5559,within,0.621343,0.182637,0.093343,0.529418,0.110582,0.023103,Bellevue_Bellevue_NE8th
5560,within,0.597881,0.177178,0.096712,0.657689,0.179887,0.008847,Bellevue_Bellevue_NE8th
5561,within,0.610267,0.17775,0.101944,0.560512,0.059803,0.081666,Bellevue_Bellevue_NE8th
5562,within,0.585135,0.182836,0.07665,0.56681,0.183834,0.020658,Bellevue_Bellevue_NE8th
5563,within,0.602756,0.176869,0.081473,0.507004,0.170606,0.076616,Bellevue_Bellevue_NE8th
5564,within,0.621582,0.186381,0.066977,0.468645,0.172747,0.097805,Bellevue_Bellevue_NE8th
5565,within,0.637489,0.189851,0.064846,0.391805,0.191962,0.039515,Bellevue_Bellevue_NE8th
5566,within,0.701135,0.158159,0.046991,0.482461,0.219858,0.033986,Bellevue_Bellevue_NE8th
5567,within,0.682152,0.156971,0.04681,0.678962,0.221034,0.119732,Bellevue_Bellevue_NE8th
5568,within,0.627572,0.185153,0.102433,0.702963,0.145387,0.065226,Bellevue_Bellevue_NE8th
5569,within,0.636915,0.189073,0.073535,0.754451,0.178203,0.054808,Bellevue_Bellevue_NE8th
5570,within,0.641889,0.183262,0.104277,0.89181,0.219495,0.009959,Bellevue_Bellevue_NE8th
5571,within,0.598427,0.177845,0.093289,0.68517,0.169378,0.014743,Bellevue_Bellevue_NE8th
5572,within,0.630715,0.184247,0.097496,0.640448,0.180715,0.019623,Bellevue_Bellevue_NE8th
5573,within,0.612417,0.181237,0.085895,0.581557,0.171139,0.009792,Bellevue_Bellevue_NE8th
5574,within,0.608626,0.185688,0.072443,0.481083,0.156311,0.064306,Bellevue_Bellevue_NE8th
5575,within,0.651019,0.185839,0.060444,0.547916,0.161949,0.034378,Bellevue_Bellevue_NE8th
5576,within,0.646911,0.183891,0.059887,0.541221,0.117432,0.094244,Bellevue_Bellevue_NE8th
5577,within,0.602911,0.179413,0.096284,0.55288,0.123462,0.061213,Bellevue_Bellevue_NE8th
5578,within,0.627333,0.181302,0.070051,0.604643,0.11374,0.066468,Bellevue_Bellevue_NE8th
5579,within,0.626,0.183719,0.102088,0.48708,0.122298,0.039211,Bellevue_Bellevue_NE8th
5580,within,0.617583,0.183155,0.095553,0.465058,0.152932,0.060298,Bellevue_Bellevue_NE8th
5581,within,0.595448,0.179535,0.095939,0.499021,0.164953,0.098969,Bellevue_Bellevue_NE8th
5582,within,0.624226,0.187628,0.097606,0.540498,0.169673,0.124783,Bellevue_Bellevue_NE8th
5583,within,0.62132,0.186251,0.059311,0.533522,0.120845,0.143705,Bellevue_Bellevue_NE8th
5584,within,0.698104,0.159681,0.045986,0.549698,0.105382,0.13068,Bellevue_Bellevue_NE8th
5585,within,0.635455,0.189793,0.062072,0.600802,0.165013,0.123167,Bellevue_Bellevue_NE8th
5586,within,0.638639,0.192795,0.078362,0.651771,0.149841,0.115173,Bellevue_Bellevue_NE8th
5587,within,0.62174,0.188031,0.074335,0.701221,0.167027,0.1402,Bellevue_Bellevue_NE8th
5588,within,0.649213,0.190623,0.073596,0.708409,0.090123,0.204136,Bellevue_Bellevue_NE8th
5589,within,0.626111,0.187547,0.076746,0.574217,0.100019,0.138685,Bellevue_Bellevue_NE8th
5590,within,0.623293,0.183782,0.095656,0.754319,0.212498,0.052505,Bellevue_Bellevue_NE8th
5591,within,0.603953,0.183581,0.088461,0.770187,0.203516,0.07828,Bellevue_Bellevue_NE8th
5592,within,0.590645,0.187745,0.076702,0.655129,0.198148,0.060514,Bellevue_Bellevue_NE8th
5593,within,0.596792,0.185511,0.066677,0.657504,0.167353,0.088737,Bellevue_Bellevue_NE8th
5594,within,0.630953,0.195471,0.07597,0.646631,0.240134,0.115318,Bellevue_Bellevue_NE8th
5595,within,0.631575,0.186216,0.095446,0.725351,0.187682,0.117629,Bellevue_Bellevue_NE8th
5596,within,0.617856,0.184621,0.067683,0.604808,0.129993,0.072594,Bellevue_Bellevue_NE8th
5597,within,0.598395,0.175928,0.067327,0.656148,0.106646,0.094173,Bellevue_Bellevue_NE8th
5598,within,0.62224,0.183478,0.093663,0.560486,0.045632,0.088403,Bellevue_Bellevue_NE8th
5599,within,0.636741,0.193592,0.081273,0.611051,0.086447,0.091621,Bellevue_Bellevue_NE8th
5600,within,0.604322,0.181195,0.090577,0.558738,0.100083,0.067705,Bellevue_Bellevue_NE8th
5601,within,0.643781,0.193769,0.071631,0.511677,0.084915,0.078877,Bellevue_Bellevue_NE8th
5602,within,0.698447,0.155966,0.045518,0.54282,0.120324,0.069984,Bellevue_Bellevue_NE8th
5603,within,0.684525,0.160185,0.047932,0.627136,0.194139,0.094415,Bellevue_Bellevue_NE8th
5604,within,0.632021,0.18819,0.060081,0.765288,0.194857,0.07735,Bellevue_Bellevue_NE8th
5605,within,0.622961,0.184293,0.094433,0.688829,0.15861,0.061782,Bellevue_Bellevue_NE8th
5606,within,0.640148,0.191719,0.072935,0.775612,0.034262,0.101814,Bellevue_Bellevue_NE8th
5607,within,0.714213,0.164016,0.049429,0.61859,0.041068,0.074132,Bellevue_Bellevue_NE8th
5608,within,0.636141,0.194036,0.077034,0.601615,0.166559,0.032865,Bellevue_Bellevue_NE8th
5609,within,0.655965,0.183823,0.064326,0.582522,0.233539,0.033464,Bellevue_Bellevue_NE8th
5610,within,0.673574,0.192672,0.112485,0.598815,0.171817,0.079564,Bellevue_Bellevue_NE8th
5611,within,0.702457,0.156397,0.046217,0.604881,0.145157,0.074168,Bellevue_Bellevue_NE8th
5612,within,0.632974,0.19185,0.06902,0.606532,0.134183,0.106143,Bellevue_Bellevue_NE8th
5613,within,0.631456,0.191973,0.072541,0.563764,0.160422,0.158022,Bellevue_Bellevue_NE8th
5614,within,0.642896,0.189853,0.094799,0.652193,0.175195,0.164105,Bellevue_Bellevue_NE8th
5615,within,0.650855,0.190936,0.095548,0.674221,0.148166,0.207193,Bellevue_Bellevue_NE8th
5616,within,0.598428,0.182772,0.078586,0.696745,0.103679,0.283515,Bellevue_Bellevue_NE8th
5617,within,0.668054,0.165504,0.054337,0.718991,0.26322,0.116363,Bellevue_Bellevue_NE8th
5618,within,0.631199,0.185267,0.106365,0.709322,0.262997,0.079779,Bellevue_Bellevue_NE8th
5619,within,0.63234,0.184924,0.105823,0.695356,0.198054,0.10203,Bellevue_Bellevue_NE8th
5620,within,0.631286,0.182898,0.10832,0.650063,0.19869,0.070998,Bellevue_Bellevue_NE8th
5621,within,0.671214,0.16074,0.050607,0.636939,0.134199,0.124792,Bellevue_Bellevue_NE8th
5622,within,0.624558,0.190044,0.093524,0.676141,0.255514,0.068595,Bellevue_Bellevue_NE8th
5623,within,0.631426,0.18878,0.091795,0.794007,0.274741,0.105178,Bellevue_Bellevue_NE8th
5624,within,0.611003,0.183542,0.092195,0.82949,0.186346,0.160799,Bellevue_Bellevue_NE8th
5625,within,0.636741,0.18735,0.060973,0.585607,0.047964,0.148209,Bellevue_Bellevue_NE8th
5626,within,0.605943,0.188762,0.07817,0.599934,0.012051,0.212893,Bellevue_Bellevue_NE8th
5627,within,0.597501,0.17889,0.099306,0.570075,0.020137,0.180753,Bellevue_Bellevue_NE8th
5628,within,0.646414,0.196858,0.080027,0.553603,0.087082,0.137986,Bellevue_Bellevue_NE8th
5629,within,0.640054,0.192115,0.06729,0.574314,0.175181,0.064827,Bellevue_Bellevue_NE8th
5630,within,0.614516,0.186189,0.078643,0.476403,0.124338,0.075258,Bellevue_Bellevue_NE8th
5631,within,0.595211,0.182559,0.071665,0.613626,0.196748,0.071272,Bellevue_Bellevue_NE8th
5632,within,0.633159,0.188427,0.100387,0.701711,0.186563,0.076309,Bellevue_Bellevue_NE8th
5633,within,0.655507,0.197328,0.061252,0.721176,0.219345,0.046167,Bellevue_Bellevue_NE8th
5634,within,0.686528,0.168512,0.05049,0.721719,0.260082,0.048705,Bellevue_Bellevue_NE8th
5635,within,0.678699,0.181055,0.056193,0.727905,0.229801,0.078473,Bellevue_Bellevue_NE8th
5636,within,0.651627,0.194528,0.061566,0.741549,0.278457,0.064255,Bellevue_Bellevue_NE8th
5637,within,0.714599,0.162255,0.046166,0.690768,0.168032,0.183007,Bellevue_Bellevue_NE8th
5638,within,0.642611,0.182243,0.055832,0.582742,0.152437,0.152065,Bellevue_Bellevue_NE8th
5639,within,0.663954,0.185763,0.056729,0.571228,0.199743,0.104596,Bellevue_Bellevue_NE8th
5640,within,0.638683,0.196987,0.073738,0.557992,0.194083,0.064549,Bellevue_Bellevue_NE8th
5641,within,0.612667,0.184865,0.083994,0.558961,0.163847,0.061917,Bellevue_Bellevue_NE8th
5642,within,0.586053,0.174524,0.064028,0.5799,0.219292,0.082837,Bellevue_Bellevue_NE8th
5643,within,0.582245,0.181092,0.074509,0.572122,0.20591,0.067543,Bellevue_Bellevue_NE8th
5644,within,0.64405,0.194417,0.074939,0.531497,0.225447,0.082045,Bellevue_Bellevue_NE8th
5645,within,0.628857,0.185969,0.099831,0.64054,0.322093,0.089412,Bellevue_Bellevue_NE8th
5646,within,0.631208,0.185152,0.104787,0.696356,0.324691,0.086751,Bellevue_Bellevue_NE8th
5647,within,0.669923,0.188516,0.058237,0.65994,0.283524,0.090938,Bellevue_Bellevue_NE8th
5648,within,0.69263,0.157204,0.046084,0.641565,0.239844,0.028715,Bellevue_Bellevue_NE8th
5649,within,0.65769,0.197167,0.067389,0.557302,0.189888,0.015225,Bellevue_Bellevue_NE8th
5650,within,0.681743,0.164918,0.053014,0.601241,0.254987,0.028995,Bellevue_Bellevue_NE8th
5651,within,0.685714,0.158434,0.047921,0.55287,0.247309,0.043596,Bellevue_Bellevue_NE8th
5652,within,0.637817,0.18664,0.09877,0.566949,0.185772,0.05216,Bellevue_Bellevue_NE8th
5653,within,0.585238,0.178263,0.070072,0.518548,0.210664,0.048594,Bellevue_Bellevue_NE8th
5654,within,0.610093,0.181186,0.088991,0.500877,0.195265,0.035597,Bellevue_Bellevue_NE8th
5655,within,0.596556,0.183773,0.076517,0.653604,0.197398,0.087708,Bellevue_Bellevue_NE8th
5656,within,0.63639,0.198759,0.077035,0.675873,0.246036,0.063069,Bellevue_Bellevue_NE8th
5657,within,0.699779,0.174934,0.059074,0.686386,0.245167,0.094874,Bellevue_Bellevue_NE8th
5658,within,0.699121,0.156065,0.045714,0.673625,0.19876,0.074628,Bellevue_Bellevue_NE8th
5659,within,0.710678,0.155501,0.045798,0.6649,0.237974,0.016064,Bellevue_Bellevue_NE8th
5660,within,0.64923,0.197453,0.078782,0.709662,0.197715,0.028977,Bellevue_Bellevue_NE8th
5661,within,0.60658,0.178689,0.092422,0.644474,0.151225,0.05167,Bellevue_Bellevue_NE8th
5662,within,0.653005,0.190295,0.101553,0.606791,0.064588,0.050243,Bellevue_Bellevue_NE8th
5663,within,0.625909,0.181448,0.105558,0.573062,0.124705,0.061802,Bellevue_Bellevue_NE8th
5664,within,0.636328,0.193966,0.080151,0.646286,0.243119,0.021963,Bellevue_Bellevue_NE8th
5665,within,0.644904,0.195889,0.087072,0.656559,0.213998,0.042582,Bellevue_Bellevue_NE8th
5666,within,0.627644,0.187359,0.100257,0.500021,0.299287,0.014651,Bellevue_Bellevue_NE8th
5667,within,0.646896,0.197,0.076661,0.553904,0.289613,0.040675,Bellevue_Bellevue_NE8th
5668,within,0.675931,0.165373,0.050057,0.61734,0.275055,0.031304,Bellevue_Bellevue_NE8th
5669,within,0.639266,0.18575,0.105967,0.55379,0.180418,0.050205,Bellevue_Bellevue_NE8th
5670,within,0.673525,0.171703,0.060764,0.675718,0.183387,0.085579,Bellevue_Bellevue_NE8th
5671,within,0.632697,0.181413,0.10908,0.676216,0.195774,0.034127,Bellevue_Bellevue_NE8th
5672,within,0.637619,0.193997,0.075612,0.629214,0.166753,0.04537,Bellevue_Bellevue_NE8th
5673,within,0.640312,0.194877,0.079202,0.750791,0.234021,0.015449,Bellevue_Bellevue_NE8th
5674,within,0.642548,0.194511,0.096598,0.718222,0.207244,0.076179,Bellevue_Bellevue_NE8th
5675,within,0.629965,0.197558,0.069263,0.619733,0.197814,0.106272,Bellevue_Bellevue_NE8th
5676,within,0.691548,0.156946,0.046562,0.67587,0.218302,0.160108,Bellevue_Bellevue_NE8th
5677,within,0.708898,0.158712,0.0454,0.7065,0.243025,0.091729,Bellevue_Bellevue_NE8th
5678,within,0.700636,0.158232,0.046973,0.577215,0.150637,0.167293,Bellevue_Bellevue_NE8th
5679,within,0.669343,0.174891,0.056995,0.531283,0.168359,0.127564,Bellevue_Bellevue_NE8th
5680,within,0.651595,0.196638,0.071088,0.535189,0.215015,0.085098,Bellevue_Bellevue_NE8th
5681,within,0.639097,0.186628,0.082071,0.734222,0.220275,0.060397,Bellevue_Bellevue_NE8th
5682,within,0.643839,0.192324,0.08021,0.662594,0.1067,0.051817,Bellevue_Bellevue_NE8th
5683,within,0.651055,0.191487,0.087356,0.762564,0.0864,0.089584,Bellevue_Bellevue_NE8th
5684,within,0.617434,0.180202,0.101997,0.658468,0.073386,0.089701,Bellevue_Bellevue_NE8th
5685,within,0.596249,0.190772,0.07244,0.589491,0.112494,0.023527,Bellevue_Bellevue_NE8th
5686,within,0.602039,0.1866,0.07713,0.632647,0.148145,0.048651,Bellevue_Bellevue_NE8th
5687,within,0.585982,0.179431,0.089892,0.580557,0.166922,0.076683,Bellevue_Bellevue_NE8th
5688,within,0.634289,0.194482,0.06707,0.620967,0.180015,0.086264,Bellevue_Bellevue_NE8th
5689,within,0.698405,0.171003,0.050506,0.703587,0.225448,0.114974,Bellevue_Bellevue_NE8th
5690,within,0.694256,0.158112,0.047117,0.664875,0.183099,0.108652,Bellevue_Bellevue_NE8th
5691,within,0.654877,0.195359,0.072409,0.767246,0.303943,0.073466,Bellevue_Bellevue_NE8th
5692,within,0.635787,0.183499,0.110427,0.760563,0.291129,0.079693,Bellevue_Bellevue_NE8th
5693,within,0.63496,0.18658,0.100768,0.665824,0.234813,0.06414,Bellevue_Bellevue_NE8th
5694,within,0.602502,0.184133,0.086447,0.678565,0.222041,0.105742,Bellevue_Bellevue_NE8th
5695,within,0.624228,0.186806,0.099407,0.599287,0.178993,0.078937,Bellevue_Bellevue_NE8th
5696,within,0.671815,0.176956,0.057015,0.460291,0.09112,0.059978,Bellevue_Bellevue_NE8th
5697,within,0.677969,0.185188,0.062889,0.53251,0.093956,0.084878,Bellevue_Bellevue_NE8th
5698,within,0.69618,0.155136,0.045903,0.722064,0.229711,0.052862,Bellevue_Bellevue_NE8th
5699,within,0.64346,0.188017,0.097641,0.683482,0.164208,0.07469,Bellevue_Bellevue_NE8th
5700,within,0.651634,0.188589,0.098967,0.759933,0.218907,0.092168,Bellevue_Bellevue_NE8th
5701,within,0.671808,0.186279,0.064977,0.769202,0.231095,0.097296,Bellevue_Bellevue_NE8th
5702,within,0.682058,0.164008,0.054981,0.701679,0.181327,0.08695,Bellevue_Bellevue_NE8th
5703,within,0.628587,0.183963,0.098487,0.712542,0.235418,0.105242,Bellevue_Bellevue_NE8th
5704,within,0.64711,0.186272,0.103039,0.703126,0.225926,0.099356,Bellevue_Bellevue_NE8th
5705,within,0.633774,0.182743,0.107193,0.622524,0.16133,0.121611,Bellevue_Bellevue_NE8th
5706,within,0.628395,0.182795,0.099225,0.55592,0.102715,0.120663,Bellevue_Bellevue_NE8th
5707,within,0.630127,0.183825,0.106032,0.650851,0.206576,0.115908,Bellevue_Bellevue_NE8th
5708,within,0.643325,0.183159,0.110512,0.625336,0.14359,0.108181,Bellevue_Bellevue_NE8th
5709,within,0.603424,0.180555,0.08885,0.758318,0.145673,0.098673,Bellevue_Bellevue_NE8th
5710,within,0.673867,0.182045,0.122881,0.739959,0.16329,0.081498,Bellevue_Bellevue_NE8th
5711,within,0.67901,0.163753,0.055059,0.699417,0.161724,0.081428,Bellevue_Bellevue_NE8th
5712,within,0.640997,0.184429,0.105384,0.798969,0.227699,0.150389,Bellevue_Bellevue_NE8th
5713,within,0.666557,0.186336,0.113016,0.817751,0.197367,0.156808,Bellevue_Bellevue_NE8th
5714,within,0.713595,0.157757,0.046352,0.71066,0.192494,0.179655,Bellevue_Bellevue_NE8th
5715,within,0.688553,0.153678,0.046903,0.677322,0.207882,0.164716,Bellevue_Bellevue_NE8th
5716,within,0.625375,0.183849,0.105169,0.789702,0.285912,0.14078,Bellevue_Bellevue_NE8th
5717,within,0.662709,0.187598,0.064489,0.519717,0.110027,0.042531,Bellevue_Bellevue_NE8th
5718,within,0.662295,0.195475,0.078994,0.58866,0.134174,0.078498,Bellevue_Bellevue_NE8th
5719,within,0.662089,0.177311,0.11418,0.738891,0.268313,0.04226,Bellevue_Bellevue_NE8th
5720,within,0.65731,0.173361,0.096363,0.578638,0.216466,0.045316,Bellevue_Bellevue_NE8th
5721,within,0.617865,0.19206,0.073068,0.536213,0.145574,0.114341,Bellevue_Bellevue_NE8th
5722,within,0.623534,0.183271,0.10241,0.622341,0.160922,0.16009,Bellevue_Bellevue_NE8th
5723,within,0.691775,0.159098,0.047513,0.556622,0.151054,0.14949,Bellevue_Bellevue_NE8th
5724,within,0.714953,0.162157,0.047251,0.644564,0.123019,0.166016,Bellevue_Bellevue_NE8th
5725,within,0.712569,0.15799,0.045801,0.617443,0.173739,0.104947,Bellevue_Bellevue_NE8th
5726,within,0.634938,0.196619,0.074161,0.616687,0.168376,0.13499,Bellevue_Bellevue_NE8th
5727,within,0.629238,0.199536,0.084334,0.675865,0.204737,0.128364,Bellevue_Bellevue_NE8th
5728,within,0.702671,0.159083,0.045658,0.648451,0.149631,0.132656,Bellevue_Bellevue_NE8th
5729,within,0.696657,0.157781,0.04557,0.687313,0.119944,0.210786,Bellevue_Bellevue_NE8th
5730,within,0.71825,0.161857,0.045694,0.695884,0.110815,0.206661,Bellevue_Bellevue_NE8th
5731,within,0.731906,0.162632,0.045629,0.693956,0.104188,0.228942,Bellevue_Bellevue_NE8th
5732,within,0.71217,0.157763,0.045205,0.607541,0.122722,0.209582,Bellevue_Bellevue_NE8th
5733,within,0.688488,0.15786,0.046159,0.643818,0.154202,0.208822,Bellevue_Bellevue_NE8th
5734,within,0.671183,0.152909,0.04547,0.6274,0.187394,0.131099,Bellevue_Bellevue_NE8th
5735,within,0.683988,0.158899,0.052484,0.690764,0.22887,0.100701,Bellevue_Bellevue_NE8th
5736,within,0.606019,0.179644,0.072654,0.543462,0.112754,0.09856,Bellevue_Bellevue_NE8th
5737,within,0.628325,0.186,0.069652,0.60162,0.142371,0.110852,Bellevue_Bellevue_NE8th
5738,within,0.597736,0.189394,0.073679,0.607178,0.082362,0.119131,Bellevue_Bellevue_NE8th
5739,within,0.634293,0.201449,0.076006,0.625757,0.160774,0.068382,Bellevue_Bellevue_NE8th
5740,within,0.664562,0.201753,0.075261,0.574695,0.073746,0.113441,Bellevue_Bellevue_NE8th
5741,within,0.633707,0.197198,0.080425,0.541441,0.161567,0.113028,Bellevue_Bellevue_NE8th
5742,within,0.703216,0.163196,0.046561,0.580468,0.177936,0.135716,Bellevue_Bellevue_NE8th
5743,within,0.677316,0.167118,0.051471,0.63416,0.269769,0.083094,Bellevue_Bellevue_NE8th
5744,within,0.682056,0.161966,0.048798,0.502132,0.15055,0.091905,Bellevue_Bellevue_NE8th
5745,within,0.691109,0.158375,0.051629,0.559824,0.206204,0.037399,Bellevue_Bellevue_NE8th
5746,within,0.623896,0.182756,0.106075,0.604292,0.187782,0.056471,Bellevue_Bellevue_NE8th
5747,within,0.685176,0.157226,0.050162,0.645138,0.226063,0.024116,Bellevue_Bellevue_NE8th
5748,within,0.633888,0.187897,0.098483,0.606154,0.21536,0.026542,Bellevue_Bellevue_NE8th
5749,within,0.639647,0.187021,0.099819,0.612737,0.20449,0.027726,Bellevue_Bellevue_NE8th
5750,within,0.704373,0.158846,0.045785,0.72309,0.317345,0.052233,Bellevue_Bellevue_NE8th
5751,within,0.704412,0.157712,0.045961,0.72436,0.251981,0.080328,Bellevue_Bellevue_NE8th
5752,within,0.680788,0.173505,0.05548,0.718809,0.159367,0.111446,Bellevue_Bellevue_NE8th
5753,within,0.660936,0.193023,0.09536,0.673642,0.090726,0.106967,Bellevue_Bellevue_NE8th
5754,within,0.658408,0.188693,0.109005,0.753206,0.060852,0.114054,Bellevue_Bellevue_NE8th
5755,within,0.711367,0.156714,0.046995,0.622159,0.090236,0.084671,Bellevue_Bellevue_NE8th
5756,within,0.641953,0.195749,0.076205,0.743438,0.134057,0.186186,Bellevue_Bellevue_NE8th
5757,within,0.634601,0.198142,0.076174,0.769437,0.155488,0.18912,Bellevue_Bellevue_NE8th
5758,within,0.644118,0.189283,0.107385,0.784146,0.234,0.239872,Bellevue_Bellevue_NE8th
5759,within,0.636036,0.195185,0.080261,0.655517,0.215813,0.122591,Bellevue_Bellevue_NE8th
5760,within,0.654357,0.201681,0.075829,0.747946,0.250436,0.118025,Bellevue_Bellevue_NE8th
5761,within,0.693459,0.15717,0.046491,0.810216,0.301338,0.089802,Bellevue_Bellevue_NE8th
5762,within,0.663727,0.175518,0.066522,0.65483,0.177758,0.100005,Bellevue_Bellevue_NE8th
5763,within,0.667245,0.195475,0.076901,0.773688,0.245843,0.078961,Bellevue_Bellevue_NE8th
5764,within,0.663007,0.18832,0.112405,0.655857,0.169203,0.070834,Bellevue_Bellevue_NE8th
5765,within,0.639138,0.18973,0.095198,0.696691,0.205436,0.103667,Bellevue_Bellevue_NE8th
5766,within,0.654822,0.190902,0.103282,0.721251,0.169088,0.106139,Bellevue_Bellevue_NE8th
5767,within,0.638314,0.185154,0.109057,0.645043,0.14038,0.098894,Bellevue_Bellevue_NE8th
5768,within,0.647011,0.188452,0.106242,0.611387,0.116847,0.099555,Bellevue_Bellevue_NE8th
5769,within,0.633095,0.183997,0.102855,0.579473,0.154018,0.121869,Bellevue_Bellevue_NE8th
5770,within,0.640398,0.186335,0.106986,0.68571,0.307206,0.084218,Bellevue_Bellevue_NE8th
5771,within,0.66039,0.189227,0.111962,0.676742,0.139385,0.166611,Bellevue_Bellevue_NE8th
5772,within,0.651341,0.194274,0.08445,0.620004,0.118146,0.114659,Bellevue_Bellevue_NE8th
5773,within,0.644583,0.189091,0.095419,0.704051,0.160609,0.081542,Bellevue_Bellevue_NE8th
5774,within,0.635685,0.184262,0.102046,0.670514,0.133024,0.080646,Bellevue_Bellevue_NE8th
5775,within,0.637163,0.188487,0.097066,0.63912,0.183204,0.059221,Bellevue_Bellevue_NE8th
5776,within,0.650171,0.187642,0.109263,0.705909,0.130417,0.140145,Bellevue_Bellevue_NE8th
5777,within,0.716602,0.155419,0.045265,0.606718,0.163115,0.110431,Bellevue_Bellevue_NE8th
5778,within,0.700029,0.159705,0.046339,0.649852,0.17509,0.12764,Bellevue_Bellevue_NE8th
5779,within,0.6953,0.157909,0.046448,0.69569,0.210545,0.084197,Bellevue_Bellevue_NE8th
5780,within,0.63047,0.187732,0.094529,0.54496,0.081548,0.110429,Bellevue_Bellevue_NE8th
5781,within,0.676282,0.182631,0.06529,0.64512,0.112344,0.064049,Bellevue_Bellevue_NE8th
5782,within,0.658159,0.177419,0.114415,0.696022,0.15598,0.035712,Bellevue_Bellevue_NE8th
5783,within,0.637376,0.18821,0.100645,0.691059,0.187393,0.043859,Bellevue_Bellevue_NE8th
5784,within,0.641277,0.186499,0.107996,0.724574,0.231793,0.044908,Bellevue_Bellevue_NE8th
5785,within,0.648849,0.18745,0.104669,0.726941,0.204036,0.136282,Bellevue_Bellevue_NE8th
5786,within,0.688647,0.153949,0.050678,0.777242,0.195307,0.277579,Bellevue_Bellevue_NE8th
5787,within,0.668887,0.178118,0.056487,0.727245,0.305126,0.157766,Bellevue_Bellevue_NE8th
5788,within,0.643166,0.18631,0.10382,0.687182,0.384708,0.021928,Bellevue_Bellevue_NE8th
5789,within,0.664793,0.191649,0.07652,0.555761,0.282738,0.024546,Bellevue_Bellevue_NE8th
5790,within,0.6518,0.193439,0.089201,0.559364,0.292615,0.032871,Bellevue_Bellevue_NE8th
5791,within,0.673906,0.186844,0.118085,0.529894,0.231247,0.055609,Bellevue_Bellevue_NE8th
5792,within,0.654376,0.187862,0.092427,0.550299,0.158908,0.141474,Bellevue_Bellevue_NE8th
5793,within,0.635283,0.183682,0.10019,0.627096,0.214173,0.108522,Bellevue_Bellevue_NE8th
5794,within,0.643701,0.184912,0.108137,0.63146,0.193797,0.12084,Bellevue_Bellevue_NE8th
5795,within,0.634856,0.184696,0.104936,0.701088,0.233776,0.140855,Bellevue_Bellevue_NE8th
5796,within,0.712656,0.156627,0.046405,0.763678,0.271323,0.137357,Bellevue_Bellevue_NE8th
5797,within,0.627908,0.182047,0.103101,0.631153,0.189337,0.174357,Bellevue_Bellevue_NE8th
5798,within,0.640282,0.190484,0.085886,0.684737,0.226909,0.198021,Bellevue_Bellevue_NE8th
5799,within,0.648738,0.186342,0.111835,0.675834,0.171007,0.151157,Bellevue_Bellevue_NE8th
5800,within,0.640824,0.185351,0.098559,0.669209,0.162561,0.115486,Bellevue_Bellevue_NE8th
5801,within,0.647236,0.188643,0.071969,0.726418,0.23513,0.180157,Bellevue_Bellevue_NE8th
5802,within,0.641662,0.192652,0.091393,0.665662,0.180074,0.190553,Bellevue_Bellevue_NE8th
5803,within,0.642152,0.184723,0.109147,0.637437,0.239737,0.108534,Bellevue_Bellevue_NE8th
5804,within,0.64052,0.186883,0.099569,0.698875,0.344568,0.06629,Bellevue_Bellevue_NE8th
5805,within,0.647125,0.186325,0.10816,0.62805,0.189121,0.132011,Bellevue_Bellevue_NE8th
5806,within,0.642841,0.184342,0.105966,0.578139,0.190275,0.090204,Bellevue_Bellevue_NE8th
5807,within,0.66299,0.178517,0.096729,0.44055,0.136001,0.073088,Bellevue_Bellevue_NE8th
5808,within,0.654642,0.193008,0.090195,0.470518,0.166624,0.086304,Bellevue_Bellevue_NE8th
5809,within,0.667574,0.186012,0.112373,0.457687,0.116781,0.129977,Bellevue_Bellevue_NE8th
5810,within,0.669146,0.182357,0.065044,0.605492,0.180406,0.120503,Bellevue_Bellevue_NE8th
5811,within,0.657386,0.194746,0.10179,0.706945,0.173266,0.156301,Bellevue_Bellevue_NE8th
5812,within,0.704023,0.158534,0.046008,0.679694,0.20007,0.127797,Bellevue_Bellevue_NE8th
5813,within,0.682281,0.163564,0.054234,0.741086,0.269103,0.159812,Bellevue_Bellevue_NE8th
5814,within,0.707963,0.160859,0.046765,0.698051,0.22206,0.113286,Bellevue_Bellevue_NE8th
5815,within,0.681172,0.164654,0.052475,0.750555,0.235798,0.087018,Bellevue_Bellevue_NE8th
5816,within,0.64419,0.187928,0.102069,0.642761,0.117676,0.118643,Bellevue_Bellevue_NE8th
5817,within,0.58744,0.178336,0.06946,0.7148,0.084746,0.20242,Bellevue_Bellevue_NE8th
5818,within,0.655468,0.19107,0.102009,0.728823,0.096409,0.223076,Bellevue_Bellevue_NE8th
5819,within,0.633905,0.185297,0.099776,0.6272,0.1117,0.130977,Bellevue_Bellevue_NE8th
5820,within,0.64976,0.199102,0.084015,0.582605,0.111613,0.176077,Bellevue_Bellevue_NE8th
5821,within,0.657173,0.192685,0.093843,0.600468,0.119197,0.219923,Bellevue_Bellevue_NE8th
5822,within,0.670384,0.18099,0.077068,0.607879,0.161009,0.210798,Bellevue_Bellevue_NE8th
5823,within,0.710244,0.162791,0.047459,0.707003,0.259397,0.113866,Bellevue_Bellevue_NE8th
5824,within,0.65124,0.190399,0.104498,0.78062,0.24185,0.024088,Bellevue_Bellevue_NE8th
5825,within,0.649777,0.190218,0.076438,0.5687,0.097092,0.037552,Bellevue_Bellevue_NE8th
5826,within,0.597931,0.180409,0.070913,0.549295,0.066574,0.10454,Bellevue_Bellevue_NE8th
5827,within,0.630333,0.180469,0.065767,0.54389,0.069074,0.037146,Bellevue_Bellevue_NE8th
5828,within,0.683482,0.156939,0.049625,0.530563,0.106579,0.051651,Bellevue_Bellevue_NE8th
5829,within,0.651037,0.195464,0.086853,0.474261,0.05921,0.05649,Bellevue_Bellevue_NE8th
5830,within,0.643921,0.183104,0.110736,0.551898,0.080107,0.151006,Bellevue_Bellevue_NE8th
5831,within,0.697927,0.158491,0.049614,0.517133,0.108482,0.205208,Bellevue_Bellevue_NE8th
5832,within,0.712403,0.15795,0.046405,0.608364,0.208779,0.054448,Bellevue_Bellevue_NE8th
5833,within,0.648013,0.19299,0.09274,0.711378,0.115032,0.123645,Bellevue_Bellevue_NE8th
5834,within,0.648437,0.190578,0.100022,0.63524,0.142175,0.058591,Bellevue_Bellevue_NE8th
5835,within,0.655878,0.199736,0.074518,0.648,0.087969,0.114552,Bellevue_Bellevue_NE8th
5836,within,0.63274,0.180275,0.10993,0.645806,0.143568,0.099881,Bellevue_Bellevue_NE8th
5837,within,0.639104,0.184909,0.107571,0.630871,0.100952,0.132276,Bellevue_Bellevue_NE8th
5838,within,0.656386,0.191079,0.101325,0.617992,0.091348,0.170577,Bellevue_Bellevue_NE8th
5839,within,0.647931,0.186205,0.108595,0.654579,0.069311,0.200886,Bellevue_Bellevue_NE8th
5840,within,0.70064,0.153822,0.046127,0.54405,0.118717,0.129554,Bellevue_Bellevue_NE8th
5841,within,0.694238,0.156946,0.047925,0.568338,0.133568,0.142348,Bellevue_Bellevue_NE8th
5842,within,0.669003,0.177247,0.062311,0.656461,0.22951,0.121832,Bellevue_Bellevue_NE8th
5843,within,0.648475,0.187385,0.102652,0.611081,0.169752,0.04649,Bellevue_Bellevue_NE8th
5844,within,0.586451,0.176926,0.069765,0.540191,0.014342,0.089078,Bellevue_Bellevue_NE8th
5845,within,0.638467,0.179649,0.112356,0.519376,0.04766,0.064518,Bellevue_Bellevue_NE8th
5846,within,0.642357,0.187774,0.103714,0.595224,0.134044,0.045924,Bellevue_Bellevue_NE8th
5847,within,0.65644,0.192805,0.099924,0.550836,0.12261,0.014724,Bellevue_Bellevue_NE8th
5848,within,0.645369,0.185796,0.109632,0.640318,0.122666,0.085217,Bellevue_Bellevue_NE8th
5849,within,0.71553,0.159381,0.046201,0.61511,0.129741,0.165498,Bellevue_Bellevue_NE8th
5850,within,0.693785,0.15754,0.048052,0.747651,0.207207,0.205159,Bellevue_Bellevue_NE8th
5851,within,0.664882,0.192104,0.061646,0.633432,0.188322,0.064971,Bellevue_Bellevue_NE8th
5852,within,0.648375,0.186936,0.112193,0.629695,0.180128,0.03525,Bellevue_Bellevue_NE8th
5853,within,0.659893,0.193599,0.072428,0.703279,0.147695,0.028612,Bellevue_Bellevue_NE8th
5854,within,0.650045,0.188957,0.103232,0.739131,0.13504,0.020854,Bellevue_Bellevue_NE8th
5855,within,0.627685,0.183779,0.100037,0.628574,0.142336,0.057676,Bellevue_Bellevue_NE8th
5856,within,0.64512,0.190232,0.102973,0.630912,0.183854,0.030933,Bellevue_Bellevue_NE8th
5857,within,0.653252,0.192223,0.099244,0.712401,0.133287,0.146338,Bellevue_Bellevue_NE8th
5858,within,0.69255,0.162526,0.049173,0.623889,0.155474,0.062423,Bellevue_Bellevue_NE8th
5859,within,0.680187,0.176297,0.054687,0.749607,0.208699,0.07803,Bellevue_Bellevue_NE8th
5860,within,0.687523,0.157925,0.047,0.764636,0.196783,0.100464,Bellevue_Bellevue_NE8th
5861,within,0.649769,0.189109,0.108665,0.648961,0.100176,0.082583,Bellevue_Bellevue_NE8th
5862,within,0.63408,0.190136,0.077455,0.5827,0.041118,0.107769,Bellevue_Bellevue_NE8th
5863,within,0.612686,0.186542,0.085265,0.583057,0.064768,0.084762,Bellevue_Bellevue_NE8th
5864,within,0.607386,0.188275,0.085175,0.59066,0.127911,0.057009,Bellevue_Bellevue_NE8th
5865,within,0.650897,0.199663,0.084063,0.693182,0.189239,0.045762,Bellevue_Bellevue_NE8th
5866,within,0.702192,0.174865,0.053368,0.673695,0.205118,0.047686,Bellevue_Bellevue_NE8th
5867,within,0.717879,0.15812,0.04566,0.60169,0.169008,0.079624,Bellevue_Bellevue_NE8th
5868,within,0.685663,0.156831,0.04762,0.612101,0.185795,0.082597,Bellevue_Bellevue_NE8th
5869,within,0.657588,0.20103,0.066999,0.674577,0.237089,0.05374,Bellevue_Bellevue_NE8th
5870,within,0.6563,0.193113,0.101415,0.691756,0.142245,0.140768,Bellevue_Bellevue_NE8th
5871,within,0.644065,0.19265,0.085278,0.604589,0.111972,0.089652,Bellevue_Bellevue_NE8th
5872,within,0.640998,0.191476,0.076982,0.691405,0.112999,0.189031,Bellevue_Bellevue_NE8th
5873,within,0.645982,0.183831,0.091637,0.635117,0.108067,0.153678,Bellevue_Bellevue_NE8th
5874,within,0.632573,0.180762,0.105191,0.553209,0.133907,0.148449,Bellevue_Bellevue_NE8th
5875,within,0.648063,0.183758,0.10265,0.644548,0.150013,0.169442,Bellevue_Bellevue_NE8th
5876,within,0.718768,0.155675,0.045673,0.617001,0.206494,0.149583,Bellevue_Bellevue_NE8th
5877,within,0.692372,0.161399,0.050243,0.593548,0.173953,0.154414,Bellevue_Bellevue_NE8th
5878,within,0.701125,0.156263,0.046247,0.583848,0.203536,0.105157,Bellevue_Bellevue_NE8th
5879,within,0.641182,0.18547,0.1011,0.600111,0.147613,0.135664,Bellevue_Bellevue_NE8th
5880,within,0.654904,0.188843,0.104315,0.790859,0.184445,0.171138,Bellevue_Bellevue_NE8th
5881,within,0.623613,0.17968,0.106052,0.691244,0.133013,0.111759,Bellevue_Bellevue_NE8th
5882,within,0.636218,0.184107,0.106771,0.644246,0.136054,0.104786,Bellevue_Bellevue_NE8th
5883,within,0.650187,0.191435,0.102912,0.649249,0.09383,0.20655,Bellevue_Bellevue_NE8th
5884,within,0.640712,0.185107,0.099732,0.614927,0.082633,0.175529,Bellevue_Bellevue_NE8th
5885,within,0.700539,0.1557,0.046058,0.56509,0.091707,0.137071,Bellevue_Bellevue_NE8th
5886,within,0.672083,0.191433,0.066465,0.676292,0.097976,0.14129,Bellevue_Bellevue_NE8th
5887,within,0.654731,0.192924,0.100741,0.671788,0.108459,0.099619,Bellevue_Bellevue_NE8th
5888,within,0.644034,0.187007,0.098404,0.665732,0.100674,0.19449,Bellevue_Bellevue_NE8th
5889,within,0.659034,0.189319,0.104308,0.685142,0.099817,0.187034,Bellevue_Bellevue_NE8th
5890,within,0.641497,0.18607,0.108269,0.618371,0.132232,0.119134,Bellevue_Bellevue_NE8th
5891,within,0.641173,0.186956,0.106416,0.598641,0.148953,0.088116,Bellevue_Bellevue_NE8th
5892,within,0.652317,0.188736,0.101521,0.644992,0.101036,0.117613,Bellevue_Bellevue_NE8th
5893,within,0.653589,0.185975,0.114781,0.567189,0.163104,0.10353,Bellevue_Bellevue_NE8th
5894,within,0.63194,0.183615,0.102476,0.566448,0.074096,0.166116,Bellevue_Bellevue_NE8th
5895,within,0.682315,0.173257,0.055477,0.60745,0.120702,0.093081,Bellevue_Bellevue_NE8th
5896,within,0.640375,0.186006,0.103596,0.664259,0.11228,0.139835,Bellevue_Bellevue_NE8th
5897,within,0.65744,0.189405,0.104326,0.684127,0.137592,0.174398,Bellevue_Bellevue_NE8th
5898,within,0.64643,0.184194,0.109741,0.738945,0.126998,0.213204,Bellevue_Bellevue_NE8th
5899,within,0.636401,0.186617,0.102444,0.696741,0.107327,0.171635,Bellevue_Bellevue_NE8th
5900,within,0.650568,0.190023,0.103038,0.742567,0.097715,0.202123,Bellevue_Bellevue_NE8th
5901,within,0.659416,0.190491,0.11377,0.683504,0.091716,0.182253,Bellevue_Bellevue_NE8th
5902,within,0.640719,0.191253,0.092528,0.645526,0.144626,0.127417,Bellevue_Bellevue_NE8th
5903,within,0.648065,0.189023,0.098984,0.748542,0.3556,0.149145,Bellevue_Bellevue_NE8th
5904,within,0.643792,0.181147,0.110282,0.839678,0.281436,0.295413,Bellevue_Bellevue_NE8th
5905,within,0.671579,0.173095,0.059213,0.821185,0.266711,0.226985,Bellevue_Bellevue_NE8th
5906,within,0.670293,0.180201,0.064908,0.8694,0.402245,0.232247,Bellevue_Bellevue_NE8th
5907,within,0.639556,0.176629,0.11072,0.767757,0.281001,0.123314,Bellevue_Bellevue_NE8th
5908,within,0.683272,0.187014,0.112358,0.675761,0.211881,0.128008,Bellevue_Bellevue_NE8th
5909,within,0.644927,0.183067,0.099362,0.794552,0.233342,0.122823,Bellevue_Bellevue_NE8th
5910,within,0.642242,0.1853,0.10047,0.634831,0.155431,0.103751,Bellevue_Bellevue_NE8th
5911,within,0.643293,0.187804,0.104341,0.583454,0.211838,0.08007,Bellevue_Bellevue_NE8th
5912,within,0.645353,0.187931,0.103016,0.602459,0.231129,0.061464,Bellevue_Bellevue_NE8th
5913,within,0.691377,0.158666,0.048745,0.505078,0.125672,0.136012,Bellevue_Bellevue_NE8th
5914,within,0.631149,0.184052,0.103579,0.59003,0.137159,0.118238,Bellevue_Bellevue_NE8th
5915,within,0.62468,0.18158,0.098559,0.619177,0.190543,0.056543,Bellevue_Bellevue_NE8th
5916,within,0.645582,0.185329,0.103196,0.632077,0.21113,0.047662,Bellevue_Bellevue_NE8th
5917,within,0.647801,0.189752,0.096093,0.641241,0.170357,0.103964,Bellevue_Bellevue_NE8th
5918,within,0.651025,0.179818,0.109852,0.793405,0.248773,0.049586,Bellevue_Bellevue_NE8th
5919,within,0.65181,0.179208,0.069747,0.664652,0.127631,0.096571,Bellevue_Bellevue_NE8th
5920,within,0.635239,0.184822,0.098257,0.661122,0.153407,0.155403,Bellevue_Bellevue_NE8th
5921,within,0.648132,0.186743,0.112129,0.66488,0.118495,0.171439,Bellevue_Bellevue_NE8th
5922,within,0.67121,0.181408,0.058194,0.668278,0.115257,0.163031,Bellevue_Bellevue_NE8th
5923,within,0.710108,0.161814,0.048239,0.595528,0.119016,0.133099,Bellevue_Bellevue_NE8th
5924,within,0.631894,0.1855,0.102198,0.562152,0.097762,0.107725,Bellevue_Bellevue_NE8th
5925,within,0.642524,0.185906,0.109928,0.663028,0.196663,0.118972,Bellevue_Bellevue_NE8th
5926,within,0.645453,0.187975,0.104115,0.654863,0.230054,0.115906,Bellevue_Bellevue_NE8th
5927,within,0.642771,0.185875,0.103167,0.522242,0.130086,0.114544,Bellevue_Bellevue_NE8th
5928,within,0.657485,0.19447,0.082714,0.584585,0.205237,0.096981,Bellevue_Bellevue_NE8th
5929,within,0.661744,0.190006,0.110565,0.570629,0.217017,0.059107,Bellevue_Bellevue_NE8th
5930,within,0.646147,0.185948,0.102022,0.607599,0.242958,0.06778,Bellevue_Bellevue_NE8th
5931,within,0.682799,0.165089,0.05275,0.576409,0.093927,0.128637,Bellevue_Bellevue_NE8th
5932,within,0.651934,0.18742,0.112772,0.565623,0.08663,0.163722,Bellevue_Bellevue_NE8th
5933,within,0.623024,0.182017,0.099229,0.624493,0.138774,0.127021,Bellevue_Bellevue_NE8th
5934,within,0.621805,0.180643,0.104767,0.553326,0.193157,0.060117,Bellevue_Bellevue_NE8th
5935,within,0.642314,0.188076,0.108797,0.601247,0.200168,0.085953,Bellevue_Bellevue_NE8th
5936,within,0.646815,0.188622,0.104389,0.70861,0.221905,0.096361,Bellevue_Bellevue_NE8th
5937,within,0.640674,0.18562,0.096221,0.555411,0.148477,0.062743,Bellevue_Bellevue_NE8th
5938,within,0.659452,0.193956,0.077348,0.735333,0.233647,0.143909,Bellevue_Bellevue_NE8th
5939,within,0.638898,0.183877,0.110772,0.655498,0.138337,0.113461,Bellevue_Bellevue_NE8th
5940,within,0.643775,0.186343,0.108131,0.626066,0.135914,0.120426,Bellevue_Bellevue_NE8th
5941,within,0.648539,0.187553,0.106157,0.735958,0.095804,0.23146,Bellevue_Bellevue_NE8th
5942,within,0.646733,0.185526,0.113464,0.741714,0.105657,0.171162,Bellevue_Bellevue_NE8th
5943,within,0.62967,0.183675,0.100063,0.626185,0.126258,0.15996,Bellevue_Bellevue_NE8th
5944,within,0.641326,0.185253,0.101925,0.592996,0.185235,0.100046,Bellevue_Bellevue_NE8th
5945,within,0.649722,0.18822,0.110028,0.63062,0.181976,0.124423,Bellevue_Bellevue_NE8th
5946,within,0.650115,0.191608,0.101497,0.664657,0.102577,0.109661,Bellevue_Bellevue_NE8th
5947,within,0.644609,0.184092,0.112599,0.688367,0.180239,0.090583,Bellevue_Bellevue_NE8th
5948,within,0.653183,0.188271,0.102224,0.673889,0.130724,0.074826,Bellevue_Bellevue_NE8th
5949,within,0.659697,0.189536,0.104023,0.760246,0.180641,0.076419,Bellevue_Bellevue_NE8th
5950,within,0.64361,0.184561,0.110078,0.618012,0.063219,0.053338,Bellevue_Bellevue_NE8th
5951,within,0.652687,0.19348,0.096863,0.697938,0.117651,0.083025,Bellevue_Bellevue_NE8th
5952,within,0.646937,0.186705,0.106756,0.724724,0.119403,0.115244,Bellevue_Bellevue_NE8th
5953,within,0.630845,0.183172,0.10515,0.565367,0.154237,0.033047,Bellevue_Bellevue_NE8th
5954,within,0.644613,0.188761,0.104438,0.648564,0.132664,0.150476,Bellevue_Bellevue_NE8th
5955,within,0.642462,0.188246,0.107489,0.719427,0.170726,0.174359,Bellevue_Bellevue_NE8th
5956,within,0.636922,0.185655,0.103246,0.63019,0.164473,0.129434,Bellevue_Bellevue_NE8th
5957,within,0.684907,0.166356,0.057131,0.707318,0.258743,0.13731,Bellevue_Bellevue_NE8th
5958,within,0.665092,0.188024,0.113177,0.707777,0.220688,0.138142,Bellevue_Bellevue_NE8th
5959,within,0.629199,0.183086,0.102245,0.577898,0.152681,0.142281,Bellevue_Bellevue_NE8th
5960,within,0.637491,0.185547,0.105182,0.655148,0.157279,0.152499,Bellevue_Bellevue_NE8th
5961,within,0.649481,0.184811,0.110303,0.669876,0.137044,0.208269,Bellevue_Bellevue_NE8th
5962,within,0.631168,0.181318,0.110255,0.676284,0.130186,0.194559,Bellevue_Bellevue_NE8th
5963,within,0.604673,0.176056,0.100096,0.594017,0.156456,0.183706,Bellevue_Bellevue_NE8th
5964,within,0.641042,0.182754,0.112523,0.569976,0.116293,0.171778,Bellevue_Bellevue_NE8th
5965,within,0.637199,0.183682,0.107183,0.664261,0.232297,0.183482,Bellevue_Bellevue_NE8th
5966,within,0.639777,0.184011,0.109404,0.665644,0.205922,0.170038,Bellevue_Bellevue_NE8th
5967,within,0.640589,0.183502,0.105832,0.624422,0.152489,0.145931,Bellevue_Bellevue_NE8th
5968,within,0.644826,0.183665,0.109784,0.572749,0.114751,0.084659,Bellevue_Bellevue_NE8th
5969,within,0.656457,0.187409,0.106249,0.56638,0.118022,0.066823,Bellevue_Bellevue_NE8th
5970,within,0.648083,0.188069,0.104554,0.627307,0.164461,0.083098,Bellevue_Bellevue_NE8th
5971,within,0.636117,0.182888,0.105438,0.627381,0.149822,0.07649,Bellevue_Bellevue_NE8th
5972,within,0.653045,0.185087,0.112718,0.635382,0.124746,0.145445,Bellevue_Bellevue_NE8th
5973,within,0.621769,0.178536,0.105873,0.578696,0.150999,0.128292,Bellevue_Bellevue_NE8th
5974,within,0.629734,0.18183,0.108068,0.601056,0.153307,0.16908,Bellevue_Bellevue_NE8th
5975,within,0.650442,0.18864,0.113024,0.644277,0.102845,0.24096,Bellevue_Bellevue_NE8th
5976,within,0.640081,0.183717,0.10992,0.671698,0.181247,0.162485,Bellevue_Bellevue_NE8th
5977,within,0.636979,0.183107,0.105973,0.592,0.146426,0.142258,Bellevue_Bellevue_NE8th
5978,within,0.64496,0.186975,0.098936,0.658151,0.091131,0.188912,Bellevue_Bellevue_NE8th
5979,within,0.657059,0.188666,0.11162,0.596238,0.172721,0.076226,Bellevue_Bellevue_NE8th
5980,within,0.636753,0.182463,0.109677,0.653874,0.252191,0.084571,Bellevue_Bellevue_NE8th
5981,within,0.638451,0.183272,0.110032,0.695409,0.25806,0.101999,Bellevue_Bellevue_NE8th
5982,within,0.622578,0.183592,0.102123,0.620171,0.171988,0.14778,Bellevue_Bellevue_NE8th
5983,within,0.636784,0.183448,0.110084,0.612349,0.163152,0.128,Bellevue_Bellevue_NE8th
5984,within,0.634288,0.19286,0.071342,0.603892,0.179693,0.10508,Bellevue_Bellevue_NE8th
5985,within,0.622996,0.186402,0.092322,0.621778,0.168222,0.128271,Bellevue_Bellevue_NE8th
5986,within,0.650093,0.195813,0.066687,0.698014,0.320115,0.026478,Bellevue_Bellevue_NE8th
5987,within,0.648905,0.181868,0.113538,0.575234,0.257698,0.082272,Bellevue_Bellevue_NE8th
5988,within,0.660471,0.193097,0.094433,0.649531,0.196097,0.10868,Bellevue_Bellevue_NE8th
5989,within,0.65932,0.187276,0.109055,0.655132,0.202645,0.085096,Bellevue_Bellevue_NE8th
5990,within,0.636552,0.183734,0.107276,0.576105,0.113426,0.107017,Bellevue_Bellevue_NE8th
5991,within,0.633534,0.187816,0.10195,0.563977,0.14812,0.106898,Bellevue_Bellevue_NE8th
5992,within,0.6524,0.189966,0.109595,0.703245,0.082327,0.233226,Bellevue_Bellevue_NE8th
5993,within,0.623029,0.181237,0.105328,0.688945,0.185204,0.135329,Bellevue_Bellevue_NE8th
5994,within,0.637104,0.184226,0.108217,0.731891,0.216764,0.180038,Bellevue_Bellevue_NE8th
5995,within,0.626599,0.183062,0.103552,0.783315,0.203021,0.270079,Bellevue_Bellevue_NE8th
5996,within,0.632838,0.183859,0.107067,0.740493,0.215335,0.162295,Bellevue_Bellevue_NE8th
5997,within,0.641818,0.183296,0.111537,0.567388,0.131251,0.102194,Bellevue_Bellevue_NE8th
5998,within,0.653775,0.188732,0.09654,0.635242,0.152431,0.091565,Bellevue_Bellevue_NE8th
5999,within,0.665869,0.187579,0.1141,0.735849,0.186719,0.128538,Bellevue_Bellevue_NE8th
6000,within,0.626586,0.181694,0.105717,0.660487,0.218085,0.075175,Bellevue_Bellevue_NE8th
6001,within,0.632408,0.183881,0.105674,0.670601,0.18882,0.102278,Bellevue_Bellevue_NE8th
6002,within,0.657162,0.184614,0.117082,0.757377,0.169248,0.146487,Bellevue_Bellevue_NE8th
6003,within,0.599599,0.175236,0.099406,0.626967,0.252761,0.078434,Bellevue_Bellevue_NE8th
6004,within,0.633331,0.181679,0.106273,0.725521,0.29891,0.094819,Bellevue_Bellevue_NE8th
6005,within,0.644087,0.184267,0.111677,0.778722,0.34774,0.056485,Bellevue_Bellevue_NE8th
6006,within,0.644203,0.185014,0.11062,0.670819,0.161938,0.084618,Bellevue_Bellevue_NE8th
6007,within,0.640258,0.182695,0.103636,0.637053,0.141401,0.072594,Bellevue_Bellevue_NE8th
6008,within,0.648327,0.186652,0.103298,0.669924,0.131086,0.034785,Bellevue_Bellevue_NE8th
6009,within,0.653464,0.186013,0.11386,0.672643,0.123716,0.043181,Bellevue_Bellevue_NE8th
6010,within,0.647165,0.190123,0.103381,0.580057,0.140129,0.043916,Bellevue_Bellevue_NE8th
6011,within,0.641306,0.18669,0.100938,0.544356,0.135442,0.033776,Bellevue_Bellevue_NE8th
6012,within,0.648441,0.186957,0.110284,0.535061,0.085655,0.056404,Bellevue_Bellevue_NE8th
6013,within,0.620988,0.182017,0.09945,0.566068,0.108787,0.091107,Bellevue_Bellevue_NE8th
6014,within,0.643347,0.187482,0.101733,0.581114,0.106004,0.07432,Bellevue_Bellevue_NE8th
6015,within,0.626399,0.181175,0.109592,0.643722,0.188371,0.072494,Bellevue_Bellevue_NE8th
6016,within,0.648356,0.184825,0.111177,0.60191,0.166306,0.076074,Bellevue_Bellevue_NE8th
6017,within,0.643714,0.185196,0.09939,0.481842,0.129291,0.095492,Bellevue_Bellevue_NE8th
6018,within,0.657692,0.188373,0.104401,0.541318,0.206138,0.068204,Bellevue_Bellevue_NE8th
6019,within,0.652571,0.187361,0.10989,0.645332,0.282292,0.064935,Bellevue_Bellevue_NE8th
6020,within,0.639459,0.185343,0.105913,0.673087,0.196213,0.05939,Bellevue_Bellevue_NE8th
6021,within,0.641492,0.183889,0.109596,0.653058,0.13613,0.077484,Bellevue_Bellevue_NE8th
6022,within,0.644874,0.18275,0.112906,0.594494,0.121155,0.056903,Bellevue_Bellevue_NE8th
6023,within,0.613493,0.175545,0.105723,0.60656,0.18437,0.062296,Bellevue_Bellevue_NE8th
6024,within,0.637232,0.176308,0.111882,0.611031,0.165782,0.140678,Bellevue_Bellevue_NE8th
6025,within,0.617641,0.175509,0.107098,0.655578,0.240882,0.105335,Bellevue_Bellevue_NE8th
6026,within,0.646126,0.185171,0.108432,0.623309,0.207808,0.09977,Bellevue_Bellevue_NE8th
6027,within,0.644808,0.183769,0.105452,0.665867,0.159975,0.082287,Bellevue_Bellevue_NE8th
6028,within,0.676014,0.183317,0.11671,0.60946,0.196258,0.075754,Bellevue_Bellevue_NE8th
6029,within,0.642443,0.186501,0.106327,0.505099,0.172721,0.05411,Bellevue_Bellevue_NE8th
6030,within,0.635491,0.183488,0.105028,0.445738,0.17005,0.037708,Bellevue_Bellevue_NE8th
6031,within,0.653449,0.187754,0.110034,0.469885,0.202252,0.053136,Bellevue_Bellevue_NE8th
6032,within,0.609551,0.178071,0.104316,0.567925,0.178141,0.054177,Bellevue_Bellevue_NE8th
6033,within,0.631475,0.177131,0.108868,0.650211,0.196548,0.074587,Bellevue_Bellevue_NE8th
6034,within,0.652038,0.188382,0.108374,0.633122,0.209902,0.065497,Bellevue_Bellevue_NE8th
6035,within,0.63972,0.181743,0.111548,0.680636,0.272738,0.094674,Bellevue_Bellevue_NE8th
6036,within,0.647935,0.181645,0.114782,0.65333,0.208304,0.108831,Bellevue_Bellevue_NE8th
6037,within,0.646006,0.18636,0.098892,0.593183,0.157524,0.069576,Bellevue_Bellevue_NE8th
6038,within,0.67943,0.184439,0.115491,0.608155,0.124869,0.082506,Bellevue_Bellevue_NE8th
6039,within,0.664883,0.183068,0.115198,0.706964,0.125023,0.12877,Bellevue_Bellevue_NE8th
6040,within,0.636889,0.184997,0.103005,0.767015,0.215137,0.095834,Bellevue_Bellevue_NE8th
6041,within,0.639755,0.188911,0.096208,0.805158,0.133543,0.159507,Bellevue_Bellevue_NE8th
6042,within,0.64382,0.184002,0.110561,0.793284,0.172338,0.15859,Bellevue_Bellevue_NE8th
6043,within,0.623074,0.18023,0.10215,0.769259,0.256218,0.227544,Bellevue_Bellevue_NE8th
6044,within,0.639996,0.183994,0.107339,0.831853,0.329848,0.201778,Bellevue_Bellevue_NE8th
6045,within,0.63442,0.183667,0.103205,0.721505,0.310319,0.077717,Bellevue_Bellevue_NE8th
6046,within,0.658947,0.187947,0.099544,0.645205,0.251825,0.036889,Bellevue_Bellevue_NE8th
6047,within,0.680372,0.182207,0.105921,0.609837,0.133611,0.097048,Bellevue_Bellevue_NE8th
6048,within,0.676579,0.184033,0.117222,0.720443,0.127049,0.138772,Bellevue_Bellevue_NE8th
6049,within,0.657499,0.177432,0.119052,0.648346,0.094081,0.143946,Bellevue_Bellevue_NE8th
6050,within,0.630852,0.182355,0.104299,0.579481,0.109413,0.104496,Bellevue_Bellevue_NE8th
6051,within,0.632974,0.180236,0.105219,0.462611,0.137125,0.076068,Bellevue_Bellevue_NE8th
6052,within,0.655487,0.185484,0.112697,0.600217,0.134354,0.065593,Bellevue_Bellevue_NE8th
6053,within,0.64197,0.180329,0.114094,0.861746,0.3327,0.112359,Bellevue_Bellevue_NE8th
6054,within,0.615522,0.174522,0.107009,0.853265,0.254713,0.10438,Bellevue_Bellevue_NE8th
6055,within,0.622359,0.178802,0.107172,0.687167,0.129831,0.085096,Bellevue_Bellevue_NE8th
6056,within,0.64229,0.184034,0.106002,0.612559,0.147621,0.027952,Bellevue_Bellevue_NE8th
6057,within,0.662817,0.189796,0.104993,0.664202,0.144628,0.039332,Bellevue_Bellevue_NE8th
6058,within,0.629201,0.184493,0.103735,0.644607,0.121445,0.099173,Bellevue_Bellevue_NE8th
6059,within,0.636038,0.185486,0.104983,0.6195,0.220441,0.067769,Bellevue_Bellevue_NE8th
6060,within,0.6508,0.188568,0.10609,0.622968,0.11161,0.121877,Bellevue_Bellevue_NE8th
6061,within,0.660472,0.18923,0.115044,0.577276,0.130894,0.076245,Bellevue_Bellevue_NE8th
6062,within,0.631172,0.18295,0.102759,0.662665,0.13719,0.095353,Bellevue_Bellevue_NE8th
6063,within,0.64307,0.186465,0.107053,0.603758,0.167209,0.075568,Bellevue_Bellevue_NE8th
6064,within,0.64789,0.187313,0.107682,0.664814,0.157205,0.122951,Bellevue_Bellevue_NE8th
6065,within,0.635695,0.183711,0.104979,0.736576,0.223697,0.083816,Bellevue_Bellevue_NE8th
6066,within,0.642179,0.185699,0.105382,0.608987,0.145594,0.088314,Bellevue_Bellevue_NE8th
6067,within,0.655605,0.190267,0.097363,0.534742,0.159935,0.042217,Bellevue_Bellevue_NE8th
6068,within,0.660847,0.192288,0.101667,0.581319,0.155351,0.042671,Bellevue_Bellevue_NE8th
6069,within,0.660168,0.188223,0.115086,0.517009,0.147529,0.04382,Bellevue_Bellevue_NE8th
6070,within,0.646632,0.185291,0.11048,0.432457,0.146617,0.016979,Bellevue_Bellevue_NE8th
6071,within,0.650817,0.183675,0.113234,0.473542,0.07087,0.070688,Bellevue_Bellevue_NE8th
6072,within,0.616326,0.175887,0.106851,0.549841,0.078603,0.058965,Bellevue_Bellevue_NE8th
6073,within,0.624459,0.178323,0.105889,0.574051,0.147939,0.086772,Bellevue_Bellevue_NE8th
6074,within,0.634648,0.182938,0.107818,0.599534,0.121376,0.17861,Bellevue_Bellevue_NE8th
6075,within,0.640106,0.18302,0.109789,0.586096,0.132734,0.128941,Bellevue_Bellevue_NE8th
6076,within,0.639919,0.183864,0.106269,0.664576,0.126899,0.077701,Bellevue_Bellevue_NE8th
6077,within,0.65235,0.189678,0.101397,0.661093,0.122377,0.073962,Bellevue_Bellevue_NE8th
6078,within,0.649265,0.190596,0.073688,0.694832,0.06295,0.133363,Bellevue_Bellevue_NE8th
6079,within,0.656081,0.180807,0.11545,0.663315,0.025135,0.096162,Bellevue_Bellevue_NE8th
6080,within,0.638893,0.185086,0.100628,0.610397,0.111863,0.070482,Bellevue_Bellevue_NE8th
6081,within,0.648583,0.186323,0.104299,0.598951,0.189295,0.088842,Bellevue_Bellevue_NE8th
6082,within,0.648342,0.186483,0.10719,0.624255,0.231872,0.104303,Bellevue_Bellevue_NE8th
6083,within,0.628592,0.181125,0.102855,0.620767,0.208711,0.078227,Bellevue_Bellevue_NE8th
6084,within,0.650856,0.189399,0.103613,0.713709,0.227281,0.13129,Bellevue_Bellevue_NE8th
6085,within,0.63309,0.182812,0.103424,0.639098,0.189697,0.093787,Bellevue_Bellevue_NE8th
6086,within,0.652321,0.187822,0.10326,0.621721,0.144048,0.162641,Bellevue_Bellevue_NE8th
6087,within,0.642023,0.185931,0.097723,0.648566,0.092045,0.173816,Bellevue_Bellevue_NE8th
6088,within,0.632198,0.178747,0.108045,0.604185,0.023115,0.110113,Bellevue_Bellevue_NE8th
6089,within,0.627106,0.178425,0.109758,0.574142,0.062192,0.085057,Bellevue_Bellevue_NE8th
6090,within,0.637874,0.185534,0.10364,0.435839,0.035818,0.061115,Bellevue_Bellevue_NE8th
6091,within,0.635504,0.181743,0.105571,0.440345,0.034173,0.065904,Bellevue_Bellevue_NE8th
6092,within,0.642059,0.181043,0.112625,0.637511,0.095474,0.151357,Bellevue_Bellevue_NE8th
6093,within,0.6343,0.180532,0.109339,0.638523,0.189831,0.107983,Bellevue_Bellevue_NE8th
6094,within,0.633121,0.18433,0.105403,0.705939,0.215559,0.108173,Bellevue_Bellevue_NE8th
6095,within,0.643859,0.184815,0.105722,0.722058,0.179632,0.055326,Bellevue_Bellevue_NE8th
6096,within,0.644719,0.181422,0.107458,0.673015,0.118556,0.03981,Bellevue_Bellevue_NE8th
6097,within,0.651959,0.186571,0.105143,0.713386,0.137164,0.041427,Bellevue_Bellevue_NE8th
6098,within,0.685912,0.18275,0.116999,0.726424,0.149759,0.018433,Bellevue_Bellevue_NE8th
6099,within,0.629691,0.179236,0.107574,0.655329,0.176786,0.028205,Bellevue_Bellevue_NE8th
6100,within,0.638175,0.185011,0.10366,0.68578,0.28278,0.026134,Bellevue_Bellevue_NE8th
6101,within,0.645162,0.187191,0.103073,0.754288,0.286575,0.079729,Bellevue_Bellevue_NE8th
6102,within,0.648648,0.185903,0.111157,0.742477,0.320336,0.107689,Bellevue_Bellevue_NE8th
6103,within,0.631026,0.182687,0.106354,0.723419,0.360133,0.104343,Bellevue_Bellevue_NE8th
6104,within,0.625532,0.180241,0.10636,0.763879,0.36995,0.122142,Bellevue_Bellevue_NE8th
6105,within,0.639135,0.18458,0.106941,0.764665,0.299271,0.095813,Bellevue_Bellevue_NE8th
6106,within,0.630266,0.180946,0.104702,0.480033,0.188441,0.037697,Bellevue_Bellevue_NE8th
6107,within,0.647301,0.192956,0.074235,0.499599,0.24245,0.02409,Bellevue_Bellevue_NE8th
6108,within,0.655019,0.187854,0.107072,0.576898,0.232349,0.08716,Bellevue_Bellevue_NE8th
6109,within,0.63514,0.184244,0.10475,0.588621,0.24679,0.03735,Bellevue_Bellevue_NE8th
6110,within,0.64648,0.185811,0.110546,0.632899,0.20069,0.052175,Bellevue_Bellevue_NE8th
6111,within,0.641378,0.182816,0.112327,0.633376,0.166121,0.082581,Bellevue_Bellevue_NE8th
6112,within,0.630231,0.179885,0.109534,0.641861,0.200012,0.081419,Bellevue_Bellevue_NE8th
6113,within,0.631914,0.181962,0.1078,0.675213,0.288687,0.046031,Bellevue_Bellevue_NE8th
6114,within,0.649202,0.186754,0.110838,0.719375,0.278376,0.105733,Bellevue_Bellevue_NE8th
6115,within,0.628636,0.18242,0.10557,0.732154,0.299566,0.054444,Bellevue_Bellevue_NE8th
6116,within,0.657282,0.188601,0.113007,0.69596,0.222348,0.052532,Bellevue_Bellevue_NE8th
6117,within,0.647898,0.187522,0.092424,0.561978,0.161607,0.056325,Bellevue_Bellevue_NE8th
6118,within,0.663387,0.194952,0.084353,0.656633,0.246991,0.037305,Bellevue_Bellevue_NE8th
6119,within,0.635381,0.183367,0.104462,0.620777,0.222475,0.035033,Bellevue_Bellevue_NE8th
6120,within,0.644978,0.186941,0.108083,0.694607,0.19959,0.099065,Bellevue_Bellevue_NE8th
6121,within,0.638743,0.184871,0.103648,0.698534,0.18121,0.150968,Bellevue_Bellevue_NE8th
6122,within,0.647299,0.188658,0.102044,0.667875,0.199034,0.11989,Bellevue_Bellevue_NE8th
6123,within,0.63963,0.184186,0.109043,0.780771,0.302936,0.106791,Bellevue_Bellevue_NE8th
6124,within,0.624988,0.182436,0.102717,0.760126,0.357872,0.096478,Bellevue_Bellevue_NE8th
6125,within,0.647342,0.188106,0.109064,0.79196,0.354685,0.019836,Bellevue_Bellevue_NE8th
6126,within,0.638735,0.182871,0.109149,0.66962,0.201104,0.034453,Bellevue_Bellevue_NE8th
6127,within,0.651637,0.191338,0.08742,0.541765,0.137282,0.028776,Bellevue_Bellevue_NE8th
0,cross,0.767695,0.239153,0.187215,0.669742,0.255296,0.049337,Bellevue_150th_SE38th
1,cross,0.813909,0.269289,0.188558,0.711535,0.246881,0.176497,Bellevue_150th_SE38th
2,cross,0.826199,0.276,0.193088,0.694757,0.25854,0.079515,Bellevue_150th_SE38th
3,cross,0.826878,0.275438,0.19379,0.907222,0.351667,0.025,Bellevue_150th_SE38th
4,cross,0.822861,0.279488,0.190848,0.687827,0.307449,0.035432,Bellevue_150th_SE38th
5,cross,0.796588,0.24874,0.193565,0.692902,0.305109,0.039164,Bellevue_150th_SE38th
6,cross,0.808211,0.26543,0.187423,0.740399,0.315852,0.092343,Bellevue_150th_SE38th
7,cross,0.82041,0.273428,0.191546,0.678853,0.361604,0.105068,Bellevue_150th_SE38th
8,cross,0.830984,0.280931,0.194529,0.628466,0.275103,0.128364,Bellevue_150th_SE38th
9,cross,0.81246,0.260163,0.198821,0.660617,0.294393,0.087019,Bellevue_150th_SE38th
10,cross,0.80522,0.262799,0.182124,0.717656,0.446445,0.048042,Bellevue_150th_SE38th
11,cross,0.826846,0.282907,0.189778,0.928571,0.597183,0.0,Bellevue_150th_SE38th
12,cross,0.807877,0.257953,0.197702,0.71352,0.288199,0.107399,Bellevue_150th_SE38th
13,cross,0.81587,0.267499,0.187433,0.830934,0.394116,0.148333,Bellevue_150th_SE38th
14,cross,0.774598,0.261567,0.187319,0.860556,0.593333,0.062222,Bellevue_150th_SE38th
15,cross,0.773459,0.24464,0.195761,0.739978,0.468238,0.027276,Bellevue_150th_SE38th
16,cross,0.809701,0.268399,0.186709,0.63713,0.345661,0.021438,Bellevue_150th_SE38th
17,cross,0.817414,0.270719,0.188689,0.69383,0.379324,0.022912,Bellevue_150th_SE38th
18,cross,0.826585,0.282023,0.191523,0.693232,0.405441,0.050528,Bellevue_150th_SE38th
19,cross,0.810225,0.263894,0.189624,0.633198,0.319973,0.059377,Bellevue_150th_SE38th
20,cross,0.791665,0.25593,0.177289,0.705918,0.251068,0.046772,Bellevue_150th_SE38th
21,cross,0.839516,0.288884,0.191771,0.96656,0.353616,0.12623,Bellevue_150th_SE38th
22,cross,0.750354,0.249851,0.188724,0.957778,0.487857,0.012222,Bellevue_150th_SE38th
23,cross,0.786527,0.24289,0.194886,0.878437,0.375096,0.056415,Bellevue_150th_SE38th
24,cross,0.803695,0.254154,0.196885,0.745112,0.3321,0.029577,Bellevue_150th_SE38th
25,cross,0.832502,0.285057,0.192199,0.732868,0.315683,0.073238,Bellevue_150th_SE38th
26,cross,0.795869,0.256707,0.184493,0.66645,0.286823,0.057381,Bellevue_150th_SE38th
27,cross,0.825524,0.27515,0.191061,0.685641,0.372912,0.033244,Bellevue_150th_SE38th
28,cross,0.812799,0.268802,0.187111,0.52237,0.22324,0.104299,Bellevue_150th_SE38th
29,cross,0.822401,0.277565,0.191068,0.619708,0.3448,0.084103,Bellevue_150th_SE38th
30,cross,0.738813,0.222139,0.184503,0.691623,0.395494,0.050752,Bellevue_150th_SE38th
31,cross,0.8278,0.277591,0.195583,0.772778,0.390437,0.096151,Bellevue_150th_SE38th
32,cross,0.683024,0.199311,0.179169,0.746918,0.374855,0.052302,Bellevue_150th_SE38th
33,cross,0.720163,0.215724,0.184451,0.686508,0.277619,0.074762,Bellevue_150th_SE38th
34,cross,0.717828,0.213801,0.188241,0.651839,0.150675,0.12164,Bellevue_150th_SE38th
35,cross,0.627357,0.169708,0.170745,0.732092,0.455015,0.096286,Bellevue_150th_SE38th
36,cross,0.733785,0.227193,0.192249,0.430578,0.271115,0.041925,Bellevue_150th_SE38th
37,cross,0.599086,0.147698,0.17185,0.521939,0.207153,0.070583,Bellevue_150th_SE38th
38,cross,0.534385,0.116893,0.131635,0.648041,0.269246,0.12058,Bellevue_150th_SE38th
39,cross,0.536735,0.102481,0.122255,0.491872,0.236417,0.063654,Bellevue_150th_SE38th
40,cross,0.560901,0.128555,0.112018,0.624999,0.31073,0.079604,Bellevue_150th_SE38th
41,cross,0.532835,0.106682,0.11875,0.601324,0.195073,0.104086,Bellevue_150th_SE38th
42,cross,0.500807,0.11135,0.099897,0.692487,0.297897,0.143876,Bellevue_150th_SE38th
43,cross,0.529838,0.111902,0.09334,0.536137,0.237692,0.113118,Bellevue_150th_SE38th
44,cross,0.490912,0.113467,0.094904,0.33709,0.04757,0.084788,Bellevue_150th_SE38th
45,cross,0.488485,0.115438,0.093844,0.287174,0.050465,0.048983,Bellevue_150th_SE38th
46,cross,0.516329,0.125185,0.09742,0.553779,0.187915,0.038445,Bellevue_150th_SE38th
47,cross,0.543686,0.108636,0.124998,0.497649,0.250526,0.048134,Bellevue_150th_SE38th
48,cross,0.524084,0.12492,0.120245,0.411407,0.182049,0.063259,Bellevue_150th_SE38th
49,cross,0.535068,0.127098,0.120904,0.359666,0.137292,0.019761,Bellevue_150th_SE38th
50,cross,0.511582,0.112036,0.107765,0.439892,0.128683,0.105578,Bellevue_150th_SE38th
51,cross,0.519729,0.115036,0.102133,0.413244,0.067218,0.122318,Bellevue_150th_SE38th
52,cross,0.572625,0.135097,0.12008,0.648737,0.331936,0.006266,Bellevue_150th_SE38th
53,cross,0.58686,0.14485,0.16498,0.725404,0.36785,0.053545,Bellevue_150th_SE38th
54,cross,0.626376,0.170624,0.167622,0.61222,0.224596,0.119749,Bellevue_150th_SE38th
55,cross,0.760745,0.23428,0.186107,0.765657,0.401831,0.087679,Bellevue_150th_SE38th
56,cross,0.725372,0.216914,0.178316,0.859893,0.455777,0.086535,Bellevue_150th_SE38th
57,cross,0.781563,0.249558,0.184587,0.893585,0.422613,0.109319,Bellevue_150th_SE38th
58,cross,0.782436,0.251478,0.193836,0.786593,0.35044,0.120822,Bellevue_150th_SE38th
59,cross,0.696677,0.20667,0.171672,0.647359,0.223636,0.127767,Bellevue_150th_SE38th
60,cross,0.681274,0.199985,0.162117,0.718645,0.272803,0.136858,Bellevue_150th_SE38th
61,cross,0.704823,0.205066,0.173829,0.710588,0.294992,0.126783,Bellevue_150th_SE38th
62,cross,0.781427,0.243972,0.191828,0.744075,0.476437,0.042107,Bellevue_150th_SE38th
63,cross,0.757264,0.233218,0.195078,0.703514,0.458849,0.04553,Bellevue_150th_SE38th
64,cross,0.610084,0.156784,0.16716,0.436142,0.203568,0.029103,Bellevue_150th_SE38th
65,cross,0.590737,0.162306,0.155872,0.463984,0.317085,0.029558,Bellevue_150th_SE38th
66,cross,0.571593,0.1412,0.122514,0.593035,0.190826,0.07804,Bellevue_150th_SE38th
67,cross,0.542979,0.121007,0.132195,0.602283,0.208592,0.065035,Bellevue_150th_SE38th
68,cross,0.546615,0.112396,0.134866,0.406879,0.110413,0.035372,Bellevue_150th_SE38th
69,cross,0.505205,0.115704,0.106862,0.379891,0.011582,0.103421,Bellevue_150th_SE38th
70,cross,0.488625,0.114975,0.085454,0.501795,0.093884,0.085943,Bellevue_150th_SE38th
71,cross,0.556189,0.11838,0.111354,0.863664,0.154522,0.224286,Bellevue_150th_SE38th
72,cross,0.522542,0.108317,0.099941,0.576741,-0.044378,0.185245,Bellevue_150th_SE38th
73,cross,0.495776,0.107448,0.088844,0.637065,-0.012639,0.313697,Bellevue_150th_SE38th
74,cross,0.541966,0.111001,0.103669,0.625873,0.11836,0.101825,Bellevue_150th_SE38th
75,cross,0.518314,0.12161,0.105083,0.636968,0.14707,0.034383,Bellevue_150th_SE38th
76,cross,0.531331,0.11355,0.11362,0.622355,0.061878,0.137526,Bellevue_150th_SE38th
77,cross,0.535857,0.10545,0.123579,0.545791,0.157091,0.069986,Bellevue_150th_SE38th
78,cross,0.501867,0.117455,0.093748,0.520208,0.152601,0.073587,Bellevue_150th_SE38th
79,cross,0.491511,0.116773,0.092348,0.563607,0.149409,0.028603,Bellevue_150th_SE38th
80,cross,0.535803,0.114504,0.110234,0.406108,0.097786,0.050456,Bellevue_150th_SE38th
81,cross,0.523367,0.116807,0.104435,0.441089,0.072475,0.048578,Bellevue_150th_SE38th
82,cross,0.528974,0.117504,0.109094,0.386615,0.073208,0.03482,Bellevue_150th_SE38th
83,cross,0.501584,0.123716,0.083383,0.414265,0.049012,0.072507,Bellevue_150th_SE38th
84,cross,0.502525,0.11561,0.095701,0.606982,0.210378,0.05024,Bellevue_150th_SE38th
85,cross,0.556278,0.114798,0.137518,0.556812,0.241204,0.049484,Bellevue_150th_SE38th
86,cross,0.533215,0.109291,0.118705,0.522226,0.011682,0.17421,Bellevue_150th_SE38th
87,cross,0.517306,0.113159,0.10153,0.403292,0.039188,0.039742,Bellevue_150th_SE38th
88,cross,0.56445,0.116,0.118031,0.516725,0.148221,0.053756,Bellevue_150th_SE38th
89,cross,0.507745,0.115084,0.101547,0.311686,0.057211,0.043604,Bellevue_150th_SE38th
90,cross,0.487689,0.119172,0.082585,0.280115,0.076438,0.022336,Bellevue_150th_SE38th
91,cross,0.582285,0.127246,0.107896,0.387949,0.101918,0.022228,Bellevue_150th_SE38th
92,cross,0.543008,0.124982,0.100606,0.523249,0.142557,0.055093,Bellevue_150th_SE38th
93,cross,0.56391,0.123997,0.092643,0.529143,0.132377,0.095877,Bellevue_150th_SE38th
94,cross,0.501976,0.108125,0.107548,0.473823,0.107077,0.076759,Bellevue_150th_SE38th
95,cross,0.50791,0.115353,0.096777,0.497581,0.166101,0.036706,Bellevue_150th_SE38th
96,cross,0.526897,0.111681,0.123622,0.447936,0.165212,0.041005,Bellevue_150th_SE38th
97,cross,0.516744,0.110554,0.122543,0.452608,0.102646,0.093248,Bellevue_150th_SE38th
98,cross,0.522658,0.128322,0.107498,0.541442,0.216935,0.081485,Bellevue_150th_SE38th
99,cross,0.546006,0.122238,0.127855,0.54016,0.184688,0.100396,Bellevue_150th_SE38th
100,cross,0.495442,0.1104,0.117391,0.466605,0.087729,0.087367,Bellevue_150th_SE38th
101,cross,0.548503,0.124156,0.120735,0.696418,0.186562,0.195097,Bellevue_150th_SE38th
102,cross,0.52867,0.103526,0.122504,0.54964,0.106834,0.136063,Bellevue_150th_SE38th
103,cross,0.513634,0.124214,0.09463,0.53253,0.14367,0.145868,Bellevue_150th_SE38th
104,cross,0.538024,0.118348,0.090933,0.521037,0.130963,0.099779,Bellevue_150th_SE38th
105,cross,0.534162,0.118506,0.102028,0.688684,0.166313,0.135197,Bellevue_150th_SE38th
106,cross,0.525589,0.110015,0.116324,0.620204,0.229726,0.047579,Bellevue_150th_SE38th
107,cross,0.515199,0.116632,0.104491,0.557584,0.11833,0.112106,Bellevue_150th_SE38th
108,cross,0.514522,0.120865,0.091299,0.54314,0.152887,0.061243,Bellevue_150th_SE38th
109,cross,0.645836,0.119733,0.123801,0.525012,0.105132,0.055882,Bellevue_150th_SE38th
110,cross,0.503534,0.109271,0.102318,0.512387,0.139812,0.062901,Bellevue_150th_SE38th
111,cross,0.501819,0.119909,0.088904,0.624312,0.117006,0.140928,Bellevue_150th_SE38th
112,cross,0.582949,0.109569,0.134018,0.668075,0.115284,0.174229,Bellevue_150th_SE38th
113,cross,0.543087,0.113978,0.109129,0.59007,0.090319,0.112998,Bellevue_150th_SE38th
114,cross,0.537204,0.122699,0.103448,0.551367,0.065029,0.066919,Bellevue_150th_SE38th
115,cross,0.647126,0.15817,0.116982,0.610945,0.103167,0.112856,Bellevue_150th_SE38th
116,cross,0.558231,0.101933,0.114103,0.59145,0.125078,0.112651,Bellevue_150th_SE38th
117,cross,0.519022,0.110222,0.107541,0.421323,0.060062,0.088845,Bellevue_150th_SE38th
118,cross,0.502184,0.123674,0.086848,0.477884,0.079478,0.077165,Bellevue_150th_SE38th
119,cross,0.50326,0.120327,0.084683,0.508159,0.061861,0.048824,Bellevue_150th_SE38th
120,cross,0.567621,0.114314,0.119859,0.469568,0.122353,0.049987,Bellevue_150th_SE38th
121,cross,0.527728,0.111624,0.113123,0.610761,0.163125,0.067222,Bellevue_150th_SE38th
122,cross,0.534705,0.111876,0.121051,0.435352,0.137222,0.054622,Bellevue_150th_SE38th
123,cross,0.510439,0.117727,0.101266,0.338797,-0.037001,0.168776,Bellevue_150th_SE38th
124,cross,0.521568,0.120197,0.099089,0.351434,0.119237,0.04326,Bellevue_150th_SE38th
125,cross,0.655194,0.158356,0.117972,0.45287,0.102557,0.044036,Bellevue_150th_SE38th
126,cross,0.529469,0.105519,0.11051,0.373844,0.059388,0.106557,Bellevue_150th_SE38th
127,cross,0.520787,0.107353,0.107719,0.393613,0.077198,0.053183,Bellevue_150th_SE38th
128,cross,0.514941,0.120126,0.086736,0.510637,0.110659,0.054179,Bellevue_150th_SE38th
129,cross,0.635512,0.134691,0.1109,0.508254,0.051746,0.062262,Bellevue_150th_SE38th
130,cross,0.490713,0.114746,0.09335,0.486516,0.071161,0.06544,Bellevue_150th_SE38th
131,cross,0.62561,0.103331,0.105682,0.629126,0.181373,0.080494,Bellevue_150th_SE38th
132,cross,0.518568,0.11244,0.108129,0.401605,0.128737,0.058055,Bellevue_150th_SE38th
133,cross,0.538533,0.119838,0.114664,0.364487,0.100043,0.069086,Bellevue_150th_SE38th
134,cross,0.507278,0.113058,0.099795,0.447318,0.189927,0.044936,Bellevue_150th_SE38th
135,cross,0.569762,0.099462,0.144362,0.414528,0.171976,0.053651,Bellevue_150th_SE38th
136,cross,0.492407,0.116171,0.091816,0.303739,0.049782,0.070366,Bellevue_150th_SE38th
137,cross,0.580925,0.133838,0.094065,0.479489,0.097216,0.086032,Bellevue_150th_SE38th
138,cross,0.675412,0.111878,0.112767,0.414762,0.065926,0.107804,Bellevue_150th_SE38th
139,cross,0.541167,0.091044,0.134904,0.765556,0.100198,0.10369,Bellevue_150th_SE38th
140,cross,0.577957,0.113748,0.140229,0.533743,0.016336,0.066362,Bellevue_150th_SE38th
141,cross,0.520859,0.110745,0.111379,0.525026,0.114352,0.053333,Bellevue_150th_SE38th
142,cross,0.548418,0.117218,0.118591,0.614444,0.051667,0.109444,Bellevue_150th_SE38th
143,cross,0.584996,0.087441,0.150391,0.571285,0.140479,0.060319,Bellevue_150th_SE38th
144,cross,0.509585,0.108145,0.102828,0.481984,0.072381,0.135529,Bellevue_150th_SE38th
145,cross,0.606655,0.099666,0.109674,0.420018,0.094381,0.064353,Bellevue_150th_SE38th
146,cross,0.49448,0.11271,0.086924,0.395984,0.128318,0.018307,Bellevue_150th_SE38th
147,cross,0.518928,0.117015,0.105828,0.306346,0.010004,0.118837,Bellevue_150th_SE38th
148,cross,0.572862,0.122504,0.104481,0.477828,0.150128,0.079959,Bellevue_150th_SE38th
149,cross,0.683031,0.12723,0.092302,0.498945,0.129182,0.077262,Bellevue_150th_SE38th
150,cross,0.490899,0.110617,0.090702,0.394243,0.052728,0.12776,Bellevue_150th_SE38th
151,cross,0.524408,0.121388,0.094948,0.48574,0.027199,0.109831,Bellevue_150th_SE38th
152,cross,0.507604,0.108863,0.096281,0.350364,0.127816,0.041363,Bellevue_150th_SE38th
153,cross,0.592056,0.135364,0.092212,0.594246,0.1756,0.028427,Bellevue_150th_SE38th
154,cross,0.52862,0.109119,0.113835,0.585715,0.183277,0.048009,Bellevue_150th_SE38th
155,cross,0.508211,0.115269,0.102426,0.351623,0.103026,0.037102,Bellevue_150th_SE38th
156,cross,0.514284,0.117509,0.092969,0.344079,0.134678,0.042094,Bellevue_150th_SE38th
157,cross,0.576047,0.105075,0.140835,0.309374,0.082184,0.083468,Bellevue_150th_SE38th
158,cross,0.524758,0.097598,0.117626,0.446176,0.051727,0.036799,Bellevue_150th_SE38th
159,cross,0.584612,0.109578,0.121515,0.579775,0.061746,0.081759,Bellevue_150th_SE38th
160,cross,0.588954,0.045244,0.127501,0.407545,0.095066,0.055411,Bellevue_150th_SE38th
161,cross,0.513204,0.113779,0.092961,0.430758,0.101152,0.087081,Bellevue_150th_SE38th
162,cross,0.551785,0.104291,0.128153,0.51453,0.139446,0.067679,Bellevue_150th_SE38th
163,cross,0.520937,0.09618,0.12153,0.430954,0.030381,0.068188,Bellevue_150th_SE38th
164,cross,0.512497,0.113017,0.08971,0.529739,0.117541,0.060767,Bellevue_150th_SE38th
165,cross,0.627614,0.060324,0.12546,0.344393,0.065575,0.056441,Bellevue_150th_SE38th
166,cross,0.500355,0.11589,0.09637,0.369955,0.024823,0.171961,Bellevue_150th_SE38th
167,cross,0.498298,0.118945,0.083942,0.353287,0.055312,0.113887,Bellevue_150th_SE38th
168,cross,0.561456,0.143474,0.091669,0.45661,0.060035,0.103282,Bellevue_150th_SE38th
169,cross,0.547873,0.097826,0.133707,0.361509,0.053871,0.0846,Bellevue_150th_SE38th
170,cross,0.474429,0.112907,0.073197,0.342975,0.032338,0.071368,Bellevue_150th_SE38th
171,cross,0.520325,0.107391,0.094888,0.488977,0.098257,0.048528,Bellevue_150th_SE38th
172,cross,0.592695,0.114997,0.127343,0.472923,0.073783,0.088995,Bellevue_150th_SE38th
173,cross,0.525743,0.10573,0.118777,0.334868,0.065126,0.031708,Bellevue_150th_SE38th
174,cross,0.566025,0.13379,0.09607,0.418439,0.070648,0.02328,Bellevue_150th_SE38th
175,cross,0.550197,0.120284,0.108596,0.57287,0.152103,0.067447,Bellevue_150th_SE38th
176,cross,0.484119,0.111719,0.086003,0.532672,0.1304,0.084802,Bellevue_150th_SE38th
177,cross,0.526166,0.111243,0.107125,0.520221,0.11915,0.123964,Bellevue_150th_SE38th
178,cross,0.500008,0.10787,0.10032,0.488249,0.176641,0.013401,Bellevue_150th_SE38th
179,cross,0.533426,0.109614,0.11993,0.525767,0.096217,0.047302,Bellevue_150th_SE38th
180,cross,0.519792,0.092401,0.108212,0.537508,0.157176,0.042634,Bellevue_150th_SE38th
181,cross,0.642078,0.115084,0.091687,0.670054,0.04982,0.177042,Bellevue_150th_SE38th
182,cross,0.524493,0.087269,0.091119,0.44014,0.107008,0.039125,Bellevue_150th_SE38th
183,cross,0.514453,0.111675,0.102418,0.511288,0.105566,0.021496,Bellevue_150th_SE38th
184,cross,0.527484,0.112533,0.116349,0.309844,0.078369,0.046038,Bellevue_150th_SE38th
185,cross,0.501645,0.119878,0.092255,0.330712,0.147016,0.033053,Bellevue_150th_SE38th
186,cross,0.494716,0.114657,0.090017,0.388872,0.077151,0.05602,Bellevue_150th_SE38th
187,cross,0.526961,0.131025,0.084032,0.474544,0.115261,0.032793,Bellevue_150th_SE38th
188,cross,0.612031,0.117064,0.124253,0.292958,0.071128,0.016561,Bellevue_150th_SE38th
189,cross,0.519318,0.11542,0.10633,0.287165,0.081022,0.03336,Bellevue_150th_SE38th
190,cross,0.514735,0.114114,0.108357,0.317168,0.067964,0.036772,Bellevue_150th_SE38th
191,cross,0.511933,0.122871,0.091292,0.360816,0.068268,0.043251,Bellevue_150th_SE38th
192,cross,0.634166,0.163379,0.092562,0.515045,0.099449,0.074134,Bellevue_150th_SE38th
193,cross,0.62253,0.067814,0.107788,0.478876,0.048783,0.028558,Bellevue_150th_SE38th
194,cross,0.517541,0.102244,0.11855,0.242722,0.010897,0.008928,Bellevue_150th_SE38th
195,cross,0.489656,0.110655,0.09715,0.19762,0.049459,0.009419,Bellevue_150th_SE38th
196,cross,0.594708,0.129496,0.117991,0.4043,0.08749,0.0889,Bellevue_150th_SE38th
197,cross,0.535666,0.104235,0.123126,0.373305,0.103928,0.062288,Bellevue_150th_SE38th
198,cross,0.557322,0.12562,0.10198,0.404329,0.176541,0.027146,Bellevue_150th_SE38th
199,cross,0.56136,0.093294,0.144304,0.346135,0.079351,0.09591,Bellevue_150th_SE38th
200,cross,0.503331,0.110701,0.098257,0.294716,-0.030618,0.130512,Bellevue_150th_SE38th
201,cross,0.59627,0.142326,0.097698,0.329134,0.055964,0.073495,Bellevue_150th_SE38th
202,cross,0.624893,0.143141,0.089644,0.396216,0.148532,0.042577,Bellevue_150th_SE38th
203,cross,0.521197,0.123005,0.092181,0.560076,0.183803,0.053146,Bellevue_150th_SE38th
204,cross,0.543072,0.109363,0.115986,0.509967,0.056648,0.073209,Bellevue_150th_SE38th
205,cross,0.550237,0.108146,0.121524,0.512177,-0.051649,0.237108,Bellevue_150th_SE38th
206,cross,0.54519,0.097824,0.111312,0.542994,0.119297,0.09564,Bellevue_150th_SE38th
207,cross,0.643158,0.069666,0.11005,0.410808,0.087407,0.057769,Bellevue_150th_SE38th
208,cross,0.554463,0.106323,0.111934,0.354159,0.024711,0.04582,Bellevue_150th_SE38th
209,cross,0.521486,0.100106,0.099139,0.257197,0.050993,0.013931,Bellevue_150th_SE38th
210,cross,0.553606,0.117196,0.095232,0.315608,0.113082,0.058585,Bellevue_150th_SE38th
211,cross,0.538574,0.098813,0.128455,0.448215,0.05718,0.15096,Bellevue_150th_SE38th
212,cross,0.520129,0.117491,0.092759,0.605966,0.011217,0.315307,Bellevue_150th_SE38th
213,cross,0.527486,0.110571,0.095025,0.524526,0.115875,0.12966,Bellevue_150th_SE38th
214,cross,0.520003,0.110483,0.106217,0.474674,0.179924,0.070562,Bellevue_150th_SE38th
215,cross,0.499407,0.11381,0.090578,0.480598,0.168715,0.05075,Bellevue_150th_SE38th
216,cross,0.509224,0.10997,0.093873,0.496282,0.066557,0.04411,Bellevue_150th_SE38th
217,cross,0.537715,0.103918,0.11571,0.445979,0.125198,0.068267,Bellevue_150th_SE38th
218,cross,0.521234,0.112077,0.109623,0.431821,0.118276,0.039293,Bellevue_150th_SE38th
219,cross,0.527521,0.111321,0.114968,0.37607,0.166441,0.033722,Bellevue_150th_SE38th
220,cross,0.512286,0.12115,0.092941,0.461166,0.18622,0.037797,Bellevue_150th_SE38th
221,cross,0.566336,0.111824,0.120182,0.454887,0.096816,0.082444,Bellevue_150th_SE38th
222,cross,0.518963,0.113351,0.096388,0.454251,0.169487,0.03798,Bellevue_150th_SE38th
223,cross,0.609717,0.127023,0.098811,0.729286,0.248479,0.104643,Bellevue_150th_SE38th
224,cross,0.552856,0.083562,0.15104,0.647187,0.182698,0.095266,Bellevue_150th_SE38th
225,cross,0.522277,0.115129,0.093281,0.539011,0.195266,0.036311,Bellevue_150th_SE38th
226,cross,0.542605,0.109388,0.128484,0.536117,0.278091,0.025004,Bellevue_150th_SE38th
227,cross,0.513987,0.111584,0.107653,0.420639,0.155696,0.033919,Bellevue_150th_SE38th
228,cross,0.580045,0.139438,0.093462,0.47949,0.106937,0.028915,Bellevue_150th_SE38th
229,cross,0.594122,0.113737,0.127383,0.540285,0.093987,0.08728,Bellevue_150th_SE38th
230,cross,0.524116,0.085268,0.129902,0.292729,0.026327,0.055206,Bellevue_150th_SE38th
231,cross,0.610303,0.149443,0.081568,0.686141,0.177184,0.078481,Bellevue_150th_SE38th
232,cross,0.584479,0.07116,0.122353,0.393119,0.094144,0.047587,Bellevue_150th_SE38th
233,cross,0.533316,0.127422,0.089348,0.334594,0.112216,0.021179,Bellevue_150th_SE38th
234,cross,0.531093,0.141836,0.075402,0.255464,0.069343,0.023257,Bellevue_150th_SE38th
235,cross,0.542764,0.124911,0.083917,0.419231,0.033088,0.033681,Bellevue_150th_SE38th
236,cross,0.549026,0.107291,0.13305,0.499375,0.203621,0.033138,Bellevue_150th_SE38th
237,cross,0.477214,0.109821,0.085436,0.401096,0.047117,0.053455,Bellevue_150th_SE38th
238,cross,0.530039,0.113602,0.102056,0.47397,0.085504,0.057653,Bellevue_150th_SE38th
239,cross,0.618034,0.118446,0.114709,0.509345,0.122596,0.072787,Bellevue_150th_SE38th
240,cross,0.508518,0.103721,0.106378,0.48071,0.104713,0.078658,Bellevue_150th_SE38th
241,cross,0.516237,0.108954,0.101329,0.633492,0.049405,0.094643,Bellevue_150th_SE38th
242,cross,0.491098,0.113676,0.080637,0.585315,0.144527,0.07495,Bellevue_150th_SE38th
243,cross,0.75373,0.079033,0.100943,0.469192,0.094598,0.051056,Bellevue_150th_SE38th
244,cross,0.509926,0.116296,0.094391,0.368093,0.099543,0.051789,Bellevue_150th_SE38th
245,cross,0.648088,0.145922,0.097195,0.828122,0.146468,0.029815,Bellevue_150th_SE38th
246,cross,0.587984,0.097449,0.158625,0.684348,0.173909,0.070167,Bellevue_150th_SE38th
247,cross,0.515825,0.111556,0.103622,0.516452,0.135502,0.047,Bellevue_150th_SE38th
248,cross,0.487915,0.113932,0.073238,0.511901,0.129495,0.133133,Bellevue_150th_SE38th
249,cross,0.556345,0.094516,0.129245,0.391109,0.095442,0.052939,Bellevue_150th_SE38th
250,cross,0.516201,0.121993,0.090773,0.346377,0.04929,0.052816,Bellevue_150th_SE38th
251,cross,0.499832,0.124825,0.086004,0.369827,0.093466,0.066276,Bellevue_150th_SE38th
252,cross,0.529921,0.147287,0.078987,0.514103,0.123805,0.073662,Bellevue_150th_SE38th
253,cross,0.53435,0.117551,0.096929,0.542879,0.121174,0.082791,Bellevue_150th_SE38th
254,cross,0.585706,0.118464,0.096248,0.522136,0.146499,0.04863,Bellevue_150th_SE38th
255,cross,0.520498,0.116482,0.094814,0.519443,0.096928,0.081143,Bellevue_150th_SE38th
256,cross,0.532881,0.118962,0.098128,0.573575,0.128975,0.185741,Bellevue_150th_SE38th
257,cross,0.574922,0.108163,0.096131,0.614036,0.085846,0.143152,Bellevue_150th_SE38th
258,cross,0.547362,0.112682,0.119137,0.634121,0.067257,0.156788,Bellevue_150th_SE38th
259,cross,0.53207,0.117745,0.112073,0.545854,0.059176,0.13271,Bellevue_150th_SE38th
260,cross,0.583456,0.107718,0.123208,0.683545,0.050542,0.301415,Bellevue_150th_SE38th
261,cross,0.536798,0.076827,0.126729,0.662872,0.110525,0.169605,Bellevue_150th_SE38th
262,cross,0.61407,0.104047,0.114683,0.662963,0.048439,0.203452,Bellevue_150th_SE38th
263,cross,0.523069,0.112609,0.109994,0.691697,0.056904,0.2147,Bellevue_150th_SE38th
264,cross,0.53315,0.109906,0.120465,0.694939,0.154704,0.272817,Bellevue_150th_SE38th
265,cross,0.469586,0.112757,0.071749,0.698394,0.283217,0.143104,Bellevue_150th_SE38th
266,cross,0.593155,0.116605,0.07902,0.597388,0.198547,0.069467,Bellevue_150th_SE38th
267,cross,0.645353,0.147174,0.08662,0.659174,0.135802,0.210174,Bellevue_150th_SE38th
268,cross,0.520014,0.108875,0.088935,0.563323,0.100538,0.130088,Bellevue_150th_SE38th
269,cross,0.595283,0.125209,0.088393,0.558501,0.160552,0.045397,Bellevue_150th_SE38th
270,cross,0.616384,0.122966,0.124484,0.624111,0.176788,0.028704,Bellevue_150th_SE38th
271,cross,0.515623,0.102965,0.109664,0.616899,0.194816,0.036667,Bellevue_150th_SE38th
272,cross,0.502494,0.115693,0.086498,0.448898,0.141092,0.060607,Bellevue_150th_SE38th
273,cross,0.527938,0.108274,0.097706,0.490949,0.170559,0.040022,Bellevue_150th_SE38th
274,cross,0.511837,0.115438,0.095958,0.45255,0.118016,0.045236,Bellevue_150th_SE38th
275,cross,0.498412,0.116183,0.083878,0.514079,0.148675,0.094092,Bellevue_150th_SE38th
276,cross,0.508753,0.112346,0.09819,0.569983,0.126754,0.119852,Bellevue_150th_SE38th
277,cross,0.520878,0.104299,0.109456,0.413615,0.119293,0.058222,Bellevue_150th_SE38th
278,cross,0.513585,0.114706,0.086847,0.450723,0.114869,0.052723,Bellevue_150th_SE38th
279,cross,0.468692,0.114019,0.071974,0.529487,0.129572,0.046242,Bellevue_150th_SE38th
280,cross,0.626154,0.099465,0.093022,0.564208,0.161424,0.089446,Bellevue_150th_SE38th
281,cross,0.517279,0.103586,0.087785,0.363197,0.036144,0.102963,Bellevue_150th_SE38th
282,cross,0.496719,0.123602,0.075504,0.435786,0.074176,0.082564,Bellevue_150th_SE38th
283,cross,0.608424,0.135526,0.088626,0.672269,0.156775,0.108335,Bellevue_150th_SE38th
284,cross,0.552124,0.123261,0.086175,0.539481,0.145297,0.107301,Bellevue_150th_SE38th
285,cross,0.512599,0.119304,0.070512,0.592065,0.137966,0.103042,Bellevue_150th_SE38th
286,cross,0.73001,0.118875,0.064791,0.680175,0.183085,0.095701,Bellevue_150th_SE38th
287,cross,0.569158,0.086376,0.110019,0.611848,0.159566,0.053176,Bellevue_150th_SE38th
288,cross,0.537586,0.114192,0.103465,0.515756,0.119871,0.099544,Bellevue_150th_SE38th
289,cross,0.517574,0.118468,0.082592,0.480774,0.14476,0.031203,Bellevue_150th_SE38th
290,cross,0.535862,0.123498,0.084305,0.498139,0.123209,0.055758,Bellevue_150th_SE38th
291,cross,0.557553,0.126918,0.075821,0.763723,0.216423,0.069871,Bellevue_150th_SE38th
292,cross,0.471157,0.105966,0.070241,0.458219,0.099119,0.023428,Bellevue_150th_SE38th
293,cross,0.470367,0.112075,0.070562,0.438703,0.021428,0.067012,Bellevue_150th_SE38th
294,cross,0.484513,0.110809,0.077734,0.465268,0.060231,0.067307,Bellevue_150th_SE38th
295,cross,0.56314,0.12572,0.084612,0.699588,0.148205,0.117293,Bellevue_150th_SE38th
296,cross,0.526521,0.113662,0.090196,0.548133,0.074268,0.047719,Bellevue_150th_SE38th
297,cross,0.487043,0.114623,0.078503,0.511852,0.133295,0.033803,Bellevue_150th_SE38th
298,cross,0.551461,0.120428,0.084793,0.81709,0.139372,0.073333,Bellevue_150th_SE38th
299,cross,0.513372,0.100422,0.110524,0.663333,0.014444,0.157778,Bellevue_150th_SE38th
300,cross,0.567902,0.111001,0.13124,0.682457,0.041959,0.128452,Bellevue_150th_SE38th
301,cross,0.514163,0.11651,0.091806,0.577957,0.120397,0.045389,Bellevue_150th_SE38th
302,cross,0.532938,0.130269,0.068855,0.614528,0.119906,0.076076,Bellevue_150th_SE38th
303,cross,0.514177,0.111402,0.088309,0.532898,0.118098,0.032958,Bellevue_150th_SE38th
304,cross,0.475337,0.122107,0.063823,0.540393,0.156212,0.038541,Bellevue_150th_SE38th
305,cross,0.519982,0.130115,0.068784,0.410889,0.054404,0.060645,Bellevue_150th_SE38th
306,cross,0.469728,0.111772,0.069832,0.361159,0.021558,0.083945,Bellevue_150th_SE38th
307,cross,0.477374,0.112325,0.068764,0.607943,0.099296,0.135733,Bellevue_150th_SE38th
308,cross,0.533975,0.122749,0.080681,0.51291,0.031247,0.195825,Bellevue_150th_SE38th
309,cross,0.46559,0.108899,0.06876,0.536958,0.03521,0.166991,Bellevue_150th_SE38th
310,cross,0.565742,0.133352,0.068292,0.857024,0.106839,0.139405,Bellevue_150th_SE38th
311,cross,0.502343,0.098212,0.091598,0.494585,0.094039,0.095833,Bellevue_150th_SE38th
312,cross,0.482942,0.111789,0.076242,0.396545,-0.039442,0.15819,Bellevue_150th_SE38th
313,cross,0.463735,0.111491,0.0613,0.647002,0.055536,0.169404,Bellevue_150th_SE38th
314,cross,0.469821,0.103814,0.061781,0.614074,0.034722,0.22287,Bellevue_150th_SE38th
315,cross,0.48988,0.115894,0.081955,0.373309,0.000382,0.132489,Bellevue_150th_SE38th
316,cross,0.424959,0.107016,0.058941,0.423061,-0.055128,0.200576,Bellevue_150th_SE38th
317,cross,0.464716,0.082072,0.061931,0.372374,-0.02025,0.073161,Bellevue_150th_SE38th
318,cross,0.530046,0.139696,0.064537,0.604808,0.104016,0.107163,Bellevue_150th_SE38th
319,cross,0.50006,0.119766,0.078128,0.516087,0.167797,0.111924,Bellevue_150th_SE38th
320,cross,0.479901,0.110531,0.078821,0.428408,0.119126,0.103741,Bellevue_150th_SE38th
321,cross,0.49877,0.133273,0.062817,0.382617,0.050003,0.069367,Bellevue_150th_SE38th
322,cross,0.509384,0.122972,0.060883,0.465218,0.026521,0.110215,Bellevue_150th_SE38th
323,cross,0.492817,0.121222,0.069431,0.455119,0.027169,0.066138,Bellevue_150th_SE38th
324,cross,0.516558,0.12786,0.075087,0.569961,0.133485,0.064922,Bellevue_150th_SE38th
325,cross,0.48652,0.112416,0.061231,0.412598,0.12296,0.071126,Bellevue_150th_SE38th
326,cross,0.467901,0.12214,0.060391,0.337943,0.027159,0.061396,Bellevue_150th_SE38th
327,cross,0.475901,0.118633,0.062626,0.31491,0.018637,0.078942,Bellevue_150th_SE38th
328,cross,0.497353,0.106415,0.056464,0.453988,0.079826,0.067463,Bellevue_150th_SE38th
329,cross,0.464579,0.111651,0.055406,0.48127,0.076905,0.083175,Bellevue_150th_SE38th
330,cross,0.450925,0.106434,0.05967,0.437922,0.069152,0.053222,Bellevue_150th_SE38th
331,cross,0.465378,0.098365,0.059502,0.417315,0.081048,0.039469,Bellevue_150th_SE38th
332,cross,0.510496,0.102825,0.059327,0.561127,0.134505,0.066418,Bellevue_150th_SE38th
333,cross,0.502215,0.096802,0.061042,0.532769,0.087668,0.103039,Bellevue_150th_SE38th
334,cross,0.402823,0.062943,0.051477,0.495837,0.044502,0.178338,Bellevue_150th_SE38th
335,cross,0.434153,0.078728,0.053862,0.493016,0.050396,0.121657,Bellevue_150th_SE38th
336,cross,0.501494,0.076165,0.057379,0.524368,0.10711,0.11164,Bellevue_150th_SE38th
337,cross,0.404369,0.05687,0.04912,0.380984,0.086139,0.091117,Bellevue_150th_SE38th
338,cross,0.406834,0.058801,0.049056,0.380314,0.092485,0.032396,Bellevue_150th_SE38th
339,cross,0.439139,0.074971,0.052356,0.462283,0.117377,0.055388,Bellevue_150th_SE38th
340,cross,0.420115,0.069455,0.052249,0.451601,0.048677,0.058862,Bellevue_150th_SE38th
341,cross,0.431966,0.046258,0.049024,0.381003,0.037032,0.097918,Bellevue_150th_SE38th
342,cross,0.574726,0.111609,0.058473,0.545141,0.108989,0.080429,Bellevue_150th_SE38th
343,cross,0.395774,0.065916,0.044713,0.386808,0.00692,0.059023,Bellevue_150th_SE38th
344,cross,0.477114,0.056412,0.057157,0.544169,0.072884,0.071138,Bellevue_150th_SE38th
345,cross,0.393836,0.050773,0.043343,0.706164,0.154339,0.083307,Bellevue_150th_SE38th
346,cross,0.403437,0.066903,0.043049,0.654603,0.054762,0.026336,Bellevue_150th_SE38th
347,cross,0.41084,0.06006,0.049113,0.445669,0.065635,0.080149,Bellevue_150th_SE38th
348,cross,0.438674,0.068836,0.049849,0.568228,0.034762,0.065172,Bellevue_150th_SE38th
349,cross,0.387792,0.048422,0.043319,0.526542,0.121788,0.073943,Bellevue_150th_SE38th
350,cross,0.409333,0.06268,0.049927,0.566169,0.143544,0.058399,Bellevue_150th_SE38th
351,cross,0.400686,0.055562,0.047696,0.501818,0.058468,0.085084,Bellevue_150th_SE38th
352,cross,0.439661,0.047984,0.051564,0.557375,0.059538,0.06614,Bellevue_150th_SE38th
353,cross,0.407511,0.054249,0.04834,0.428848,0.058368,0.041665,Bellevue_150th_SE38th
354,cross,0.488595,0.062298,0.051516,0.366153,0.008494,0.092842,Bellevue_150th_SE38th
355,cross,0.423252,0.066456,0.049009,0.58699,0.095921,0.11405,Bellevue_150th_SE38th
356,cross,0.407443,0.061581,0.047126,0.580821,0.189795,0.106442,Bellevue_150th_SE38th
357,cross,0.439722,0.054214,0.054012,0.488345,0.041014,0.103342,Bellevue_150th_SE38th
358,cross,0.48221,0.032085,0.047551,0.437438,0.043142,0.057021,Bellevue_150th_SE38th
359,cross,0.494482,0.062626,0.051672,0.555869,0.227018,0.087786,Bellevue_150th_SE38th
360,cross,0.475725,0.052213,0.046903,0.488675,0.132789,0.04741,Bellevue_150th_SE38th
361,cross,0.496913,0.051052,0.048435,0.579563,0.125873,0.030688,Bellevue_150th_SE38th
362,cross,0.464148,0.046083,0.045487,0.566851,0.069537,0.083331,Bellevue_150th_SE38th
363,cross,0.433516,0.049493,0.048363,0.496163,0.082868,0.059286,Bellevue_150th_SE38th
364,cross,0.470461,0.052775,0.047844,0.557196,0.083849,0.063492,Bellevue_150th_SE38th
365,cross,0.403329,0.051053,0.044076,0.604511,0.150357,0.073862,Bellevue_150th_SE38th
366,cross,0.536116,0.04261,0.04968,0.799444,0.114444,0.046667,Bellevue_150th_SE38th
367,cross,0.46761,0.045649,0.044121,0.64818,0.146918,0.042295,Bellevue_150th_SE38th
368,cross,0.489569,0.063077,0.053261,0.448255,0.036153,0.104478,Bellevue_150th_SE38th
369,cross,0.50534,0.051344,0.049194,0.693815,0.117573,0.051422,Bellevue_150th_SE38th
370,cross,0.44604,0.051467,0.043974,0.622127,0.146447,0.043174,Bellevue_150th_SE38th
371,cross,0.433024,0.037707,0.044134,0.752566,0.344452,0.035103,Bellevue_150th_SE38th
372,cross,0.514597,0.045351,0.050842,0.56662,0.126839,0.096879,Bellevue_150th_SE38th
373,cross,0.543987,0.051845,0.054421,0.64459,0.024299,0.088436,Bellevue_150th_SE38th
374,cross,0.486779,0.05213,0.04866,0.748069,0.074916,0.119141,Bellevue_150th_SE38th
375,cross,0.513552,0.052801,0.051366,0.665504,0.041784,0.162101,Bellevue_150th_SE38th
376,cross,0.535445,0.061285,0.057181,0.465106,0.086241,0.065512,Bellevue_150th_SE38th
377,cross,0.534247,0.055582,0.05316,0.705701,0.063932,0.100589,Bellevue_150th_SE38th
378,cross,0.5172,0.051823,0.051425,0.809244,0.023597,0.153258,Bellevue_150th_SE38th
379,cross,0.520684,0.06247,0.057972,0.579761,0.161445,0.085366,Bellevue_150th_SE38th
380,cross,0.547855,0.089283,0.07201,0.555342,0.08279,0.096029,Bellevue_150th_SE38th
381,cross,0.549064,0.081444,0.060321,0.603102,0.055485,0.082727,Bellevue_150th_SE38th
382,cross,0.5357,0.075734,0.07217,0.48466,0.03635,0.042779,Bellevue_150th_SE38th
383,cross,0.489777,0.05616,0.058659,0.586069,0.103283,0.043813,Bellevue_150th_SE38th
384,cross,0.522222,0.072278,0.061764,0.774281,0.046746,0.072369,Bellevue_150th_SE38th
385,cross,0.484403,0.059438,0.059994,0.551425,0.046004,0.052498,Bellevue_150th_SE38th
386,cross,0.484942,0.057295,0.056128,0.826085,0.068783,0.031944,Bellevue_150th_SE38th
387,cross,0.490317,0.09204,0.069337,0.664608,0.06143,0.058098,Bellevue_150th_SE38th
388,cross,0.499464,0.075823,0.074491,0.721975,0.137409,0.057977,Bellevue_150th_SE38th
389,cross,0.46991,0.059802,0.063037,0.644467,0.008668,0.179258,Bellevue_150th_SE38th
390,cross,0.546017,0.078874,0.090541,0.47375,0.046924,0.062056,Bellevue_150th_SE38th
391,cross,0.517392,0.076344,0.090065,0.480658,0.043742,0.090966,Bellevue_150th_SE38th
392,cross,0.517235,0.078975,0.070614,0.597744,0.093931,0.092045,Bellevue_150th_SE38th
393,cross,0.525475,0.079723,0.093091,0.480177,0.066602,0.093599,Bellevue_150th_SE38th
394,cross,0.494902,0.067651,0.077272,0.536432,0.103825,0.123061,Bellevue_150th_SE38th
395,cross,0.536979,0.089178,0.081432,0.464531,0.000478,0.122086,Bellevue_150th_SE38th
396,cross,0.517921,0.084377,0.087495,0.473726,-0.003138,0.039842,Bellevue_150th_SE38th
397,cross,0.516465,0.082224,0.102061,0.506694,0.00622,0.069255,Bellevue_150th_SE38th
398,cross,0.535194,0.088606,0.108183,0.529341,0.114719,0.057255,Bellevue_150th_SE38th
399,cross,0.559031,0.088201,0.113699,0.546776,0.076465,0.080071,Bellevue_150th_SE38th
400,cross,0.516237,0.077791,0.095214,0.622077,0.096561,0.08291,Bellevue_150th_SE38th
401,cross,0.502607,0.081872,0.094495,0.637204,0.043573,0.168871,Bellevue_150th_SE38th
402,cross,0.56196,0.095047,0.121104,0.693486,0.034428,0.241645,Bellevue_150th_SE38th
403,cross,0.498954,0.061594,0.113986,0.629203,0.120771,0.057602,Bellevue_150th_SE38th
404,cross,0.589371,0.106127,0.12119,0.495152,0.086344,0.081218,Bellevue_150th_SE38th
405,cross,0.5394,0.088751,0.108649,0.590542,0.12832,0.082659,Bellevue_150th_SE38th
406,cross,0.561207,0.101411,0.114738,0.541221,0.098322,0.109767,Bellevue_150th_SE38th
407,cross,0.579564,0.106509,0.117326,0.687235,0.047131,0.061657,Bellevue_150th_SE38th
408,cross,0.55494,0.100911,0.125196,0.73715,0.077964,0.083348,Bellevue_150th_SE38th
409,cross,0.532835,0.084629,0.11674,0.589683,0.037103,0.120437,Bellevue_150th_SE38th
410,cross,0.533487,0.094853,0.110442,0.771334,0.086073,0.109128,Bellevue_150th_SE38th
411,cross,0.547286,0.096139,0.120079,0.794984,0.00553,0.087304,Bellevue_150th_SE38th
412,cross,0.515519,0.085407,0.107168,0.722177,0.026243,0.074181,Bellevue_150th_SE38th
413,cross,0.542892,0.102154,0.114812,0.624921,0.058464,0.096735,Bellevue_150th_SE38th
414,cross,0.581012,0.108022,0.13442,0.66998,0.093566,0.092345,Bellevue_150th_SE38th
415,cross,0.581601,0.115389,0.131855,0.599784,0.125694,0.088748,Bellevue_150th_SE38th
416,cross,0.618743,0.129224,0.144998,0.492383,0.018896,0.091062,Bellevue_150th_SE38th
417,cross,0.592032,0.119735,0.118649,0.74211,0.065133,0.175887,Bellevue_150th_SE38th
418,cross,0.562429,0.098848,0.128035,0.630825,0.065414,0.084435,Bellevue_150th_SE38th
419,cross,0.557217,0.11472,0.111204,0.525559,0.008033,0.041587,Bellevue_150th_SE38th
420,cross,0.55035,0.09984,0.118069,0.603333,0.083333,0.080556,Bellevue_150th_SE38th
421,cross,0.453609,0.07367,0.077872,0.55,-0.033333,0.083333,Bellevue_150th_SE38th
422,cross,0.523528,0.090572,0.108897,0.713188,0.047579,0.030212,Bellevue_150th_SE38th
423,cross,0.527208,0.106992,0.098658,0.589048,0.049167,0.097183,Bellevue_150th_SE38th
424,cross,0.555472,0.106446,0.117548,0.650601,0.235712,0.089175,Bellevue_150th_SE38th
425,cross,0.569305,0.114021,0.124246,0.670641,0.228352,0.082759,Bellevue_150th_SE38th
426,cross,0.564054,0.133945,0.112379,0.736095,0.221375,0.117406,Bellevue_150th_SE38th
427,cross,0.527622,0.088741,0.113373,0.848094,0.284805,0.125836,Bellevue_150th_SE38th
428,cross,0.539118,0.103853,0.111403,0.800192,0.263405,0.167434,Bellevue_150th_SE38th
429,cross,0.539205,0.104624,0.111995,0.649471,0.230583,0.125231,Bellevue_150th_SE38th
430,cross,0.580643,0.116346,0.129829,0.573059,0.167042,0.146489,Bellevue_150th_SE38th
431,cross,0.591047,0.13335,0.125717,0.532019,0.116698,0.080729,Bellevue_150th_SE38th
432,cross,0.624312,0.139178,0.135119,0.496581,0.087901,0.091883,Bellevue_150th_SE38th
433,cross,0.619747,0.137354,0.122963,0.622988,0.139737,0.070214,Bellevue_150th_SE38th
434,cross,0.575265,0.116485,0.124108,0.689716,0.126579,0.119119,Bellevue_150th_SE38th
435,cross,0.608623,0.134918,0.124822,0.558294,0.058029,0.172526,Bellevue_150th_SE38th
436,cross,0.624326,0.13898,0.133675,0.540571,0.043175,0.106559,Bellevue_150th_SE38th
437,cross,0.623178,0.144267,0.131795,0.574782,0.010924,0.151402,Bellevue_150th_SE38th
438,cross,0.604097,0.134607,0.122035,0.557588,-0.008606,0.20303,Bellevue_150th_SE38th
439,cross,0.559791,0.110004,0.121611,0.580159,0.020915,0.182029,Bellevue_150th_SE38th
440,cross,0.631189,0.145903,0.133658,0.743662,-0.01963,0.178074,Bellevue_150th_SE38th
441,cross,0.588087,0.127194,0.132244,0.622669,0.005806,0.172243,Bellevue_150th_SE38th
442,cross,0.6079,0.138914,0.130449,0.562715,0.039782,0.142607,Bellevue_150th_SE38th
443,cross,0.595833,0.146939,0.114186,0.565602,0.081614,0.109211,Bellevue_150th_SE38th
444,cross,0.612307,0.138654,0.1152,0.601587,0.012328,0.14209,Bellevue_150th_SE38th
445,cross,0.586927,0.121244,0.129904,0.548537,0.151195,0.114156,Bellevue_150th_SE38th
446,cross,0.603046,0.134056,0.12787,0.429167,0.026944,0.125304,Bellevue_150th_SE38th
447,cross,0.601317,0.124678,0.122174,0.655979,0.003333,0.149762,Bellevue_150th_SE38th
448,cross,0.516,0.084098,0.103039,0.812429,0.079898,0.05668,Bellevue_150th_SE38th
449,cross,0.548742,0.10977,0.112875,0.690708,0.063611,0.087495,Bellevue_150th_SE38th
450,cross,0.651678,0.145678,0.137466,0.537179,-0.002778,0.079915,Bellevue_150th_SE38th
451,cross,0.452968,0.048525,0.061591,0.522678,-0.026521,0.109351,Bellevue_150th_SE38th
452,cross,0.632904,0.14112,0.143953,0.600172,-0.011111,0.156415,Bellevue_150th_SE38th
453,cross,0.635353,0.148331,0.140967,0.530688,0.086013,0.076545,Bellevue_150th_SE38th
454,cross,0.649271,0.163955,0.13925,0.524083,0.072394,0.135259,Bellevue_150th_SE38th
455,cross,0.601698,0.150977,0.120254,0.50304,0.055025,0.115511,Bellevue_150th_SE38th
456,cross,0.613993,0.14386,0.119809,0.54607,0.03545,0.140207,Bellevue_150th_SE38th
457,cross,0.621692,0.134177,0.132581,0.503611,-0.000595,0.099854,Bellevue_150th_SE38th
458,cross,0.571707,0.111348,0.124207,0.542093,0.030763,0.099536,Bellevue_150th_SE38th
459,cross,0.614023,0.152372,0.120164,0.603389,0.033704,0.074545,Bellevue_150th_SE38th
460,cross,0.628132,0.14158,0.139413,0.51939,0.038079,0.088491,Bellevue_150th_SE38th
461,cross,0.598303,0.123655,0.13043,0.419775,0.041455,0.102209,Bellevue_150th_SE38th
462,cross,0.564169,0.102536,0.11507,0.504603,-0.023016,0.181508,Bellevue_150th_SE38th
463,cross,0.616013,0.139774,0.139606,0.490833,-0.039008,0.201587,Bellevue_150th_SE38th
464,cross,0.650891,0.151635,0.144228,0.498651,0.040278,0.125079,Bellevue_150th_SE38th
465,cross,0.597967,0.118562,0.136821,0.612685,0.121696,0.160849,Bellevue_150th_SE38th
466,cross,0.64093,0.158401,0.13113,0.725675,0.433254,0.079101,Bellevue_150th_SE38th
467,cross,0.654893,0.157,0.147104,0.55418,0.166591,0.067416,Bellevue_150th_SE38th
468,cross,0.642735,0.147764,0.134577,0.456152,0.049355,0.121649,Bellevue_150th_SE38th
469,cross,0.639729,0.163384,0.113999,0.679242,0.107066,0.139475,Bellevue_150th_SE38th
470,cross,0.628597,0.144316,0.132594,0.688717,0.076182,0.104525,Bellevue_150th_SE38th
471,cross,0.612848,0.141419,0.132621,0.510435,0.085253,0.141952,Bellevue_150th_SE38th
472,cross,0.661307,0.160558,0.136107,0.552196,0.128831,0.076125,Bellevue_150th_SE38th
473,cross,0.618698,0.12418,0.114771,0.680115,-0.00529,0.101337,Bellevue_150th_SE38th
474,cross,0.530382,0.097393,0.10318,0.847524,0.00369,0.256205,Bellevue_150th_SE38th
475,cross,0.595521,0.130228,0.128093,0.705475,-0.019153,0.303772,Bellevue_150th_SE38th
476,cross,0.649512,0.167525,0.14867,0.677838,0.002181,0.279666,Bellevue_150th_SE38th
477,cross,0.634159,0.153443,0.136923,0.656417,0.16518,0.157862,Bellevue_150th_SE38th
478,cross,0.596733,0.142824,0.126347,0.480772,0.059272,0.143103,Bellevue_150th_SE38th
479,cross,0.633567,0.146779,0.130534,0.44496,0.039246,0.050172,Bellevue_150th_SE38th
480,cross,0.594191,0.114969,0.12385,0.55422,0.135423,0.098148,Bellevue_150th_SE38th
481,cross,0.596844,0.128484,0.125724,0.725966,0.232751,0.101415,Bellevue_150th_SE38th
482,cross,0.621588,0.145005,0.133602,0.52232,0.009231,0.08453,Bellevue_150th_SE38th
483,cross,0.606946,0.132259,0.126495,0.585595,0.052976,0.05578,Bellevue_150th_SE38th
484,cross,0.562967,0.103903,0.121336,0.658161,0.107255,0.119827,Bellevue_150th_SE38th
485,cross,0.641263,0.157304,0.131244,0.459886,0.014376,0.070058,Bellevue_150th_SE38th
486,cross,0.610073,0.1342,0.12404,0.407226,0.027485,0.086034,Bellevue_150th_SE38th
487,cross,0.596629,0.126037,0.131955,0.417623,0.10969,0.082112,Bellevue_150th_SE38th
488,cross,0.615271,0.150263,0.107744,0.482293,0.074179,0.077205,Bellevue_150th_SE38th
489,cross,0.606723,0.138135,0.123243,0.494011,0.036546,0.108316,Bellevue_150th_SE38th
490,cross,0.622523,0.143038,0.124125,0.393018,0.134665,0.029408,Bellevue_150th_SE38th
491,cross,0.638728,0.161035,0.124321,0.576558,0.078706,0.09617,Bellevue_150th_SE38th
492,cross,0.625224,0.134774,0.12676,0.79631,0.191706,0.080635,Bellevue_150th_SE38th
493,cross,0.614791,0.142364,0.136123,0.687946,0.071465,0.165102,Bellevue_150th_SE38th
494,cross,0.630503,0.145566,0.126064,0.777914,0.073172,0.112884,Bellevue_150th_SE38th
495,cross,0.618064,0.139887,0.130056,0.452608,0.083382,0.077156,Bellevue_150th_SE38th
496,cross,0.619148,0.135569,0.12516,0.467617,0.048099,0.101477,Bellevue_150th_SE38th
497,cross,0.634756,0.149997,0.122793,0.666429,0.068175,0.112619,Bellevue_150th_SE38th
498,cross,0.571182,0.101731,0.12999,0.634683,0.066389,0.086944,Bellevue_150th_SE38th
499,cross,0.618443,0.123445,0.134385,0.717235,0.136019,0.070185,Bellevue_150th_SE38th
500,cross,0.611027,0.138341,0.133117,0.583159,0.04482,0.123925,Bellevue_150th_SE38th
501,cross,0.526018,0.095996,0.102768,0.643823,0.093651,0.05754,Bellevue_150th_SE38th
502,cross,0.601949,0.135224,0.132397,0.603889,0.014444,0.204444,Bellevue_150th_SE38th
503,cross,0.601644,0.127915,0.133202,0.677352,0.167926,0.097368,Bellevue_150th_SE38th
504,cross,0.612549,0.142629,0.128861,0.565406,-0.135528,0.334505,Bellevue_150th_SE38th
505,cross,0.589692,0.119334,0.111972,0.666667,-0.333333,0.666667,Bellevue_150th_SE38th
506,cross,0.471238,0.044739,0.055722,0.660317,-0.301587,0.622222,Bellevue_150th_SE38th
507,cross,0.618942,0.113158,0.111927,0.541373,0.061138,0.135125,Bellevue_150th_SE38th
508,cross,0.618474,0.146536,0.121702,0.60205,0.099339,0.083929,Bellevue_150th_SE38th
509,cross,0.611691,0.144056,0.135145,0.564149,0.095266,0.138335,Bellevue_150th_SE38th
510,cross,0.601386,0.124598,0.128142,0.5319,0.080873,0.076984,Bellevue_150th_SE38th
511,cross,0.632928,0.146083,0.130228,0.602672,0.126603,0.08409,Bellevue_150th_SE38th
512,cross,0.610985,0.13713,0.130057,0.747222,0.204206,0.066667,Bellevue_150th_SE38th
513,cross,0.605575,0.141145,0.131117,0.578889,0.076667,0.160278,Bellevue_150th_SE38th
514,cross,0.58572,0.114612,0.126501,0.488492,0.069762,0.091825,Bellevue_150th_SE38th
515,cross,0.595859,0.123835,0.125634,0.684598,0.08455,0.156069,Bellevue_150th_SE38th
516,cross,0.603343,0.130601,0.122145,0.716825,0.010317,0.059656,Bellevue_150th_SE38th
517,cross,0.569918,0.116944,0.127017,0.583749,0.058379,0.06935,Bellevue_150th_SE38th
518,cross,0.621329,0.146544,0.128357,0.503601,0.063738,0.122431,Bellevue_150th_SE38th
519,cross,0.611659,0.139238,0.093686,0.737704,0.08087,0.121402,Bellevue_150th_SE38th
520,cross,0.630544,0.151015,0.122692,0.678224,0.121751,0.072383,Bellevue_150th_SE38th
521,cross,0.569696,0.127224,0.116957,0.641557,0.075796,0.122215,Bellevue_150th_SE38th
522,cross,0.62542,0.145325,0.13551,0.577976,0.063889,0.168505,Bellevue_150th_SE38th
523,cross,0.626306,0.136856,0.140761,0.541546,0.064485,0.070648,Bellevue_150th_SE38th
524,cross,0.622918,0.151173,0.119962,0.411343,0.01393,0.11641,Bellevue_150th_SE38th
525,cross,0.637726,0.154631,0.116811,0.648439,0.060755,0.027994,Bellevue_150th_SE38th
526,cross,0.57343,0.111579,0.111713,0.729414,0.036019,0.062554,Bellevue_150th_SE38th
527,cross,0.56008,0.106115,0.117901,0.575714,0.120238,0.045317,Bellevue_150th_SE38th
528,cross,0.554652,0.100876,0.104965,0.694167,0.113452,0.078175,Bellevue_150th_SE38th
529,cross,0.577928,0.125186,0.116764,0.594023,0.112697,0.117658,Bellevue_150th_SE38th
530,cross,0.59654,0.123807,0.120383,0.505066,0.127222,0.04037,Bellevue_150th_SE38th
531,cross,0.575258,0.121193,0.128204,0.755489,0.095542,0.170278,Bellevue_150th_SE38th
532,cross,0.625884,0.129823,0.124094,0.726361,0.125281,0.129909,Bellevue_150th_SE38th
533,cross,0.587703,0.121958,0.122584,0.602024,0.018413,0.111825,Bellevue_150th_SE38th
534,cross,0.53402,0.084047,0.107907,0.563889,0.027778,0.188889,Bellevue_150th_SE38th
535,cross,0.57774,0.122362,0.130994,0.598889,0.058333,0.111429,Bellevue_150th_SE38th
536,cross,0.599597,0.138803,0.130908,0.763435,0.125456,0.230604,Bellevue_150th_SE38th
537,cross,0.620475,0.142998,0.120641,0.813555,0.031735,0.276899,Bellevue_150th_SE38th
538,cross,0.546281,0.104779,0.120514,0.728472,-0.000831,0.235677,Bellevue_150th_SE38th
539,cross,0.608201,0.140965,0.126988,0.689666,0.054631,0.132146,Bellevue_150th_SE38th
540,cross,0.586255,0.123456,0.123671,0.591984,0.019365,0.227817,Bellevue_150th_SE38th
541,cross,0.611264,0.128914,0.108067,0.602124,0.08362,0.104913,Bellevue_150th_SE38th
542,cross,0.629048,0.144742,0.129469,0.537887,0.210431,0.06005,Bellevue_150th_SE38th
543,cross,0.633199,0.155917,0.134589,0.433292,0.077604,0.06569,Bellevue_150th_SE38th
544,cross,0.648672,0.157689,0.117932,0.571429,0.014074,0.110344,Bellevue_150th_SE38th
545,cross,0.635791,0.125428,0.123266,0.588413,0.078307,0.117037,Bellevue_150th_SE38th
546,cross,0.609121,0.149175,0.118612,0.699246,0.055238,0.059073,Bellevue_150th_SE38th
547,cross,0.61448,0.141345,0.131904,0.745392,0.151393,0.130893,Bellevue_150th_SE38th
548,cross,0.663012,0.163706,0.144606,0.597599,0.130413,0.081899,Bellevue_150th_SE38th
549,cross,0.616061,0.141541,0.100741,0.561588,0.072727,0.092382,Bellevue_150th_SE38th
550,cross,0.644291,0.161486,0.116012,0.593118,0.019375,0.063137,Bellevue_150th_SE38th
551,cross,0.608752,0.156688,0.124622,0.733769,0.099842,0.155629,Bellevue_150th_SE38th
552,cross,0.60389,0.140695,0.125992,0.590557,0.112555,0.038386,Bellevue_150th_SE38th
553,cross,0.667008,0.156797,0.130142,0.535459,0.119047,0.028098,Bellevue_150th_SE38th
554,cross,0.626262,0.142893,0.124325,0.689127,0.044722,0.100873,Bellevue_150th_SE38th
555,cross,0.577785,0.114073,0.120629,0.659021,0.015106,0.095357,Bellevue_150th_SE38th
556,cross,0.611163,0.126504,0.133659,0.664707,0.083598,0.042051,Bellevue_150th_SE38th
557,cross,0.588615,0.121444,0.123707,0.725669,0.03037,0.05171,Bellevue_150th_SE38th
558,cross,0.624348,0.138539,0.134794,0.721241,0.038785,0.064176,Bellevue_150th_SE38th
559,cross,0.547401,0.114781,0.102297,0.609705,0.00963,0.090293,Bellevue_150th_SE38th
560,cross,0.612386,0.146821,0.127259,0.653821,0.038929,0.046636,Bellevue_150th_SE38th
561,cross,0.613932,0.164553,0.122903,0.533091,0.042953,0.073511,Bellevue_150th_SE38th
562,cross,0.660162,0.174415,0.126702,0.533531,0.03279,0.139346,Bellevue_150th_SE38th
563,cross,0.598897,0.113895,0.088801,0.713715,-0.015555,0.166287,Bellevue_150th_SE38th
564,cross,0.626366,0.127447,0.124386,0.681633,0.041045,0.125967,Bellevue_150th_SE38th
565,cross,0.647773,0.157255,0.121791,0.668856,0.074556,0.100572,Bellevue_150th_SE38th
566,cross,0.609183,0.141452,0.116062,0.612751,0.040484,0.084049,Bellevue_150th_SE38th
567,cross,0.609218,0.120281,0.120052,0.647845,0.026623,0.061606,Bellevue_150th_SE38th
568,cross,0.590243,0.123366,0.120601,0.734161,0.062635,0.127123,Bellevue_150th_SE38th
569,cross,0.513381,0.081571,0.102804,0.739506,0.040303,0.18688,Bellevue_150th_SE38th
570,cross,0.648354,0.143227,0.145546,0.882143,0.219206,0.041667,Bellevue_150th_SE38th
571,cross,0.572831,0.113848,0.116296,0.67922,0.08332,0.082989,Bellevue_150th_SE38th
572,cross,0.620743,0.139559,0.12265,0.584794,0.03463,0.105841,Bellevue_150th_SE38th
573,cross,0.636257,0.153607,0.100466,0.718526,0.139171,0.223153,Bellevue_150th_SE38th
574,cross,0.650991,0.173392,0.118755,0.587498,0.284136,0.072719,Bellevue_150th_SE38th
575,cross,0.620143,0.145066,0.116701,0.641497,0.260222,0.084075,Bellevue_150th_SE38th
576,cross,0.619377,0.151958,0.123222,0.570207,0.049967,0.112491,Bellevue_150th_SE38th
577,cross,0.637668,0.12952,0.115317,0.646593,0.083515,0.097513,Bellevue_150th_SE38th
578,cross,0.579677,0.127221,0.110077,0.539393,0.087422,0.061855,Bellevue_150th_SE38th
579,cross,0.626549,0.133973,0.137561,0.523982,0.073758,0.062924,Bellevue_150th_SE38th
580,cross,0.625363,0.141963,0.134775,0.529378,0.07123,0.126138,Bellevue_150th_SE38th
581,cross,0.532954,0.102728,0.092271,0.603492,-0.05,0.186706,Bellevue_150th_SE38th
582,cross,0.619801,0.141953,0.125802,0.619709,0.095767,0.082434,Bellevue_150th_SE38th
583,cross,0.529252,0.099325,0.103274,0.568823,0.079153,0.044259,Bellevue_150th_SE38th
584,cross,0.545435,0.105971,0.107686,0.62396,0.101545,0.104055,Bellevue_150th_SE38th
585,cross,0.619803,0.129514,0.105144,0.601786,0.097566,0.081071,Bellevue_150th_SE38th
586,cross,0.613213,0.136824,0.12074,0.62552,0.149622,0.087351,Bellevue_150th_SE38th
587,cross,0.603996,0.131795,0.125557,0.607003,0.103048,0.064147,Bellevue_150th_SE38th
588,cross,0.584741,0.120753,0.108325,0.642834,0.075435,0.080234,Bellevue_150th_SE38th
589,cross,0.493751,0.067929,0.088558,0.8,-0.066667,0.016667,Bellevue_150th_SE38th
590,cross,0.533879,0.096795,0.105156,0.668333,0.143889,0.138889,Bellevue_150th_SE38th
591,cross,0.606169,0.125151,0.126015,0.570924,0.127171,0.102846,Bellevue_150th_SE38th
592,cross,0.553381,0.103458,0.104969,0.546799,0.064339,0.054021,Bellevue_150th_SE38th
593,cross,0.61215,0.118857,0.139749,0.698175,0.099206,0.097778,Bellevue_150th_SE38th
594,cross,0.593572,0.125293,0.125513,0.643333,0.186667,0.127778,Bellevue_150th_SE38th
595,cross,0.598274,0.125982,0.133335,0.777778,0.116746,0.187857,Bellevue_150th_SE38th
596,cross,0.544283,0.097616,0.111299,0.705322,0.033611,0.250948,Bellevue_150th_SE38th
597,cross,0.59205,0.117651,0.124097,0.855556,0.043651,0.183333,Bellevue_150th_SE38th
598,cross,0.469145,0.06048,0.082994,0.63623,0.063611,0.129603,Bellevue_150th_SE38th
599,cross,0.600438,0.122721,0.120644,0.587778,-0.016667,0.15,Bellevue_150th_SE38th
600,cross,0.514821,0.078562,0.097545,0.534259,0.010648,0.032579,Bellevue_150th_SE38th
601,cross,0.576111,0.103978,0.122469,0.678519,0.06541,0.090489,Bellevue_150th_SE38th
602,cross,0.632386,0.128721,0.126771,0.785357,0.068056,0.088413,Bellevue_150th_SE38th
603,cross,0.559602,0.101877,0.118247,0.638968,0.064405,0.11119,Bellevue_150th_SE38th
604,cross,0.543105,0.096881,0.103467,0.747595,0.026652,0.202412,Bellevue_150th_SE38th
605,cross,0.564386,0.118839,0.118959,0.761627,0.265,0.143175,Bellevue_150th_SE38th
606,cross,0.56694,0.126986,0.118622,0.621667,0.114444,0.069444,Bellevue_150th_SE38th
607,cross,0.471685,0.058809,0.075936,0.571389,0.017407,0.137407,Bellevue_150th_SE38th
608,cross,0.617665,0.138645,0.125541,0.720937,0.049156,0.147197,Bellevue_150th_SE38th
609,cross,0.596822,0.138948,0.123065,0.597817,0.064339,0.10205,Bellevue_150th_SE38th
610,cross,0.549846,0.088508,0.107157,0.675542,0.073704,0.053704,Bellevue_150th_SE38th
611,cross,0.600583,0.115512,0.126331,0.734933,0.090744,0.074578,Bellevue_150th_SE38th
612,cross,0.6286,0.170061,0.113471,0.802937,0.189352,0.112011,Bellevue_150th_SE38th
613,cross,0.423931,0.059175,0.061387,0.607222,0.103889,0.042778,Bellevue_150th_SE38th
614,cross,0.41238,0.044478,0.056148,0.608016,0.057659,0.108968,Bellevue_150th_SE38th
615,cross,0.605677,0.132063,0.12324,0.734828,0.10955,0.066005,Bellevue_150th_SE38th
616,cross,0.666817,0.158825,0.153494,0.651278,0.00271,0.077817,Bellevue_150th_SE38th
617,cross,0.608984,0.116597,0.119583,0.559974,0.03504,0.108095,Bellevue_150th_SE38th
618,cross,0.628432,0.141822,0.140315,0.661667,-0.022222,0.183333,Bellevue_150th_SE38th
619,cross,0.592328,0.116206,0.124605,0.45,0.111111,0.033333,Bellevue_150th_SE38th
620,cross,0.361928,0.020514,0.032882,0.681676,0.070544,0.147807,Bellevue_150th_SE38th
621,cross,0.565326,0.112793,0.110186,0.791667,0.08,0.206667,Bellevue_150th_SE38th
622,cross,0.526935,0.093711,0.104426,0.80914,0.102381,0.161759,Bellevue_150th_SE38th
623,cross,0.613257,0.135908,0.121603,0.660833,0.114709,0.121468,Bellevue_150th_SE38th
624,cross,0.565529,0.102753,0.101273,0.605516,0.111429,0.033373,Bellevue_150th_SE38th
625,cross,0.616358,0.134747,0.128759,0.630233,0.061923,0.076236,Bellevue_150th_SE38th
626,cross,0.529522,0.093378,0.091152,0.840754,0.196032,0.158254,Bellevue_150th_SE38th
627,cross,0.620902,0.137675,0.132111,0.594354,0.108943,0.09237,Bellevue_150th_SE38th
628,cross,0.610947,0.129268,0.116846,0.654391,0.181693,0.118399,Bellevue_150th_SE38th
629,cross,0.601578,0.126293,0.125586,0.59122,0.05577,0.039686,Bellevue_150th_SE38th
630,cross,0.579351,0.122501,0.115584,0.562685,0.027447,0.113452,Bellevue_150th_SE38th
631,cross,0.598303,0.125071,0.123471,0.713439,0.105556,0.110966,Bellevue_150th_SE38th
632,cross,0.628519,0.13233,0.13543,0.628868,0.080614,0.076496,Bellevue_150th_SE38th
633,cross,0.612167,0.134796,0.119133,0.632399,0.023029,0.145534,Bellevue_150th_SE38th
634,cross,0.637983,0.178504,0.112401,0.695025,0.128151,0.140794,Bellevue_150th_SE38th
635,cross,0.603211,0.153433,0.120886,0.686546,0.166946,0.079289,Bellevue_150th_SE38th
636,cross,0.618237,0.133974,0.119961,0.568074,0.099777,0.101969,Bellevue_150th_SE38th
637,cross,0.623463,0.137603,0.110591,0.79168,0.043704,0.117844,Bellevue_150th_SE38th
638,cross,0.597438,0.130887,0.12247,0.630802,0.121589,0.071614,Bellevue_150th_SE38th
639,cross,0.541971,0.101902,0.099939,0.795794,0.033413,0.246111,Bellevue_150th_SE38th
640,cross,0.495765,0.063362,0.104912,0.736092,0.077955,0.150756,Bellevue_150th_SE38th
641,cross,0.612251,0.151178,0.113165,0.513356,0.040391,0.141475,Bellevue_150th_SE38th
642,cross,0.641396,0.144494,0.111656,0.755507,0.058176,0.083722,Bellevue_150th_SE38th
643,cross,0.631575,0.144996,0.129967,0.672328,0.048016,0.103915,Bellevue_150th_SE38th
644,cross,0.597757,0.129495,0.12366,0.699308,0.02487,0.235352,Bellevue_150th_SE38th
645,cross,0.604079,0.133183,0.120276,0.782661,0.101711,0.140207,Bellevue_150th_SE38th
646,cross,0.65577,0.153587,0.132001,0.740077,0.09121,0.082819,Bellevue_150th_SE38th
647,cross,0.457708,0.051589,0.079094,0.569444,0.052778,0.016667,Bellevue_150th_SE38th
648,cross,0.45322,0.064337,0.078368,0.771032,0.074762,0.041667,Bellevue_150th_SE38th
649,cross,0.594345,0.121787,0.127333,0.699031,0.085067,0.044259,Bellevue_150th_SE38th
650,cross,0.642028,0.165582,0.136541,0.703095,0.083056,0.102288,Bellevue_150th_SE38th
651,cross,0.552961,0.127915,0.08334,0.626476,-0.001413,0.09349,Bellevue_150th_SE38th
652,cross,0.570374,0.109971,0.104961,0.568926,0.028903,0.112619,Bellevue_150th_SE38th
653,cross,0.588871,0.135397,0.114494,0.600041,0.155723,0.04037,Bellevue_150th_SE38th
654,cross,0.55085,0.108043,0.103918,0.713403,0.312912,0.004167,Bellevue_150th_SE38th
655,cross,0.557127,0.110974,0.118003,0.754619,0.347788,0.074603,Bellevue_150th_SE38th
656,cross,0.574089,0.105796,0.107476,0.658045,0.074722,0.155307,Bellevue_150th_SE38th
657,cross,0.555647,0.09559,0.109338,0.658518,0.01963,0.063492,Bellevue_150th_SE38th
658,cross,0.467448,0.063451,0.079681,0.690556,0.056111,0.0825,Bellevue_150th_SE38th
659,cross,0.541962,0.093818,0.109171,0.745251,-0.011111,0.054669,Bellevue_150th_SE38th
660,cross,0.538732,0.092695,0.10803,0.687632,0.057394,0.017778,Bellevue_150th_SE38th
661,cross,0.539496,0.088607,0.104458,0.641587,0.080079,0.097063,Bellevue_150th_SE38th
662,cross,0.567861,0.096698,0.120849,0.634206,-0.011204,0.129709,Bellevue_150th_SE38th
663,cross,0.60082,0.116542,0.131138,0.631905,-0.004444,0.015873,Bellevue_150th_SE38th
664,cross,0.599026,0.113999,0.123711,0.612328,0.069206,0.077619,Bellevue_150th_SE38th
665,cross,0.58286,0.12891,0.119956,0.688195,0.125886,0.049868,Bellevue_150th_SE38th
666,cross,0.62222,0.135743,0.136774,0.660748,0.080041,0.088237,Bellevue_150th_SE38th
667,cross,0.637761,0.14213,0.128148,0.756825,0.170675,0.083056,Bellevue_150th_SE38th
668,cross,0.539152,0.101954,0.105152,0.77746,0.222619,0.038333,Bellevue_150th_SE38th
669,cross,0.553673,0.103592,0.115589,0.631389,0.049444,0.070159,Bellevue_150th_SE38th
670,cross,0.617648,0.13661,0.129923,0.727619,0.245317,0.095873,Bellevue_150th_SE38th
671,cross,0.571198,0.114575,0.118465,0.775631,0.289739,0.085556,Bellevue_150th_SE38th
672,cross,0.584086,0.125582,0.112871,0.575887,0.178957,0.08747,Bellevue_150th_SE38th
673,cross,0.62252,0.134644,0.122101,0.531702,0.050029,0.088399,Bellevue_150th_SE38th
674,cross,0.623214,0.130709,0.121094,0.794048,0.083095,0.178333,Bellevue_150th_SE38th
675,cross,0.594519,0.112844,0.135572,0.674087,0.098095,0.082222,Bellevue_150th_SE38th
676,cross,0.599861,0.135804,0.133751,0.671622,0.173163,0.095452,Bellevue_150th_SE38th
677,cross,0.604813,0.145302,0.125804,0.773397,0.21847,0.14866,Bellevue_150th_SE38th
678,cross,0.566964,0.131503,0.101246,0.604943,0.060732,0.131443,Bellevue_150th_SE38th
679,cross,0.65922,0.148691,0.130077,0.666852,0.08078,0.17295,Bellevue_150th_SE38th
680,cross,0.616812,0.14637,0.114724,0.596065,0.072234,0.14178,Bellevue_150th_SE38th
681,cross,0.577994,0.121851,0.10191,0.584569,0.045064,0.128463,Bellevue_150th_SE38th
682,cross,0.604946,0.129588,0.113058,0.706164,0.050688,0.078492,Bellevue_150th_SE38th
683,cross,0.605741,0.134948,0.12062,0.562392,0.041667,0.115173,Bellevue_150th_SE38th
684,cross,0.600036,0.12123,0.125432,0.634394,-0.011364,0.26351,Bellevue_150th_SE38th
685,cross,0.536986,0.093746,0.105039,0.459831,0.02854,0.112079,Bellevue_150th_SE38th
686,cross,0.57949,0.121769,0.11641,0.544548,0.057978,0.118074,Bellevue_150th_SE38th
687,cross,0.621884,0.137019,0.119886,0.699061,0.158307,0.079061,Bellevue_150th_SE38th
688,cross,0.57603,0.12036,0.123576,0.504504,0.094117,0.04967,Bellevue_150th_SE38th
689,cross,0.636011,0.152009,0.112315,0.453294,0.072167,0.071215,Bellevue_150th_SE38th
690,cross,0.629209,0.141209,0.105729,0.54918,0.033427,0.101781,Bellevue_150th_SE38th
691,cross,0.554442,0.103657,0.106184,0.801905,0.07,0.049722,Bellevue_150th_SE38th
692,cross,0.571899,0.117658,0.121759,0.663436,0.080017,0.068893,Bellevue_150th_SE38th
693,cross,0.604866,0.129875,0.121227,0.853451,0.109513,0.081668,Bellevue_150th_SE38th
694,cross,0.556231,0.105171,0.111189,0.789362,0.046944,0.257054,Bellevue_150th_SE38th
695,cross,0.608235,0.108092,0.141283,0.696164,-0.051058,0.318188,Bellevue_150th_SE38th
696,cross,0.46062,0.058981,0.07477,0.787566,0.137672,0.103651,Bellevue_150th_SE38th
697,cross,0.548931,0.100799,0.108553,0.766121,0.034774,0.097924,Bellevue_150th_SE38th
698,cross,0.622505,0.137,0.132042,0.586323,0.064352,0.116058,Bellevue_150th_SE38th
699,cross,0.614059,0.132751,0.106589,0.670194,0.012475,0.106007,Bellevue_150th_SE38th
700,cross,0.608597,0.120289,0.139049,0.597897,0.08996,0.071429,Bellevue_150th_SE38th
701,cross,0.598505,0.1304,0.118915,0.574537,0.112685,0.070251,Bellevue_150th_SE38th
702,cross,0.587254,0.113298,0.120374,0.576429,0.090979,0.060952,Bellevue_150th_SE38th
703,cross,0.632161,0.151308,0.13325,0.647383,0.183672,0.056608,Bellevue_150th_SE38th
704,cross,0.615255,0.157021,0.125659,0.684581,0.230922,0.090046,Bellevue_150th_SE38th
705,cross,0.652322,0.157973,0.138953,0.493159,0.070448,0.12228,Bellevue_150th_SE38th
706,cross,0.626356,0.127777,0.100576,0.697602,0.011785,0.135414,Bellevue_150th_SE38th
707,cross,0.527376,0.083793,0.109651,0.405556,-0.033333,0.1,Bellevue_150th_SE38th
708,cross,0.561267,0.087159,0.113134,0.519444,0.030556,0.011111,Bellevue_150th_SE38th
709,cross,0.348128,0.019616,0.035914,0.384524,0.074762,0.059762,Bellevue_150th_SE38th
710,cross,0.566309,0.103276,0.114975,0.455556,0.0625,0.005556,Bellevue_150th_SE38th
711,cross,0.404078,0.045985,0.05562,0.383333,0.016667,0.05,Bellevue_150th_SE38th
712,cross,0.509214,0.072049,0.100487,0.702765,0.093426,0.080595,Bellevue_150th_SE38th
713,cross,0.586222,0.125917,0.123908,0.773188,0.047672,0.081812,Bellevue_150th_SE38th
714,cross,0.586345,0.122816,0.117067,0.676713,0.122066,0.081203,Bellevue_150th_SE38th
715,cross,0.567568,0.119195,0.113789,0.664998,0.140987,0.059842,Bellevue_150th_SE38th
716,cross,0.626983,0.124513,0.131328,0.733686,0.092291,0.066257,Bellevue_150th_SE38th
717,cross,0.60865,0.132762,0.129917,0.668274,0.089815,0.081641,Bellevue_150th_SE38th
718,cross,0.622971,0.147518,0.130598,0.470741,0.080627,0.076931,Bellevue_150th_SE38th
719,cross,0.601937,0.132721,0.104166,0.610874,-0.022861,0.120366,Bellevue_150th_SE38th
720,cross,0.480572,0.068916,0.087013,0.666825,-0.021627,0.069444,Bellevue_150th_SE38th
721,cross,0.500109,0.04722,0.0837,0.797222,0.073333,0.205556,Bellevue_150th_SE38th
722,cross,0.515276,0.080961,0.096507,0.459286,0.104127,0.044444,Bellevue_150th_SE38th
723,cross,0.595908,0.122199,0.125757,0.609537,0.13295,0.064788,Bellevue_150th_SE38th
724,cross,0.565781,0.117303,0.116596,0.661984,0.05246,0.164841,Bellevue_150th_SE38th
725,cross,0.581295,0.108012,0.117042,0.53,0.04537,0.074259,Bellevue_150th_SE38th
726,cross,0.608989,0.141308,0.120694,0.629376,0.092841,0.09575,Bellevue_150th_SE38th
727,cross,0.581336,0.127586,0.11604,0.843373,0.209114,0.109511,Bellevue_150th_SE38th
728,cross,0.603655,0.145505,0.126436,0.715333,0.073604,0.225998,Bellevue_150th_SE38th
729,cross,0.611098,0.125573,0.11111,0.54328,0.078995,0.146323,Bellevue_150th_SE38th
730,cross,0.54996,0.093169,0.120021,0.516667,0.088889,0.044444,Bellevue_150th_SE38th
731,cross,0.493692,0.065067,0.10423,0.612778,-0.017778,0.051111,Bellevue_150th_SE38th
732,cross,0.582569,0.114727,0.119562,0.631667,0.006667,0.105,Bellevue_150th_SE38th
733,cross,0.599939,0.137213,0.12798,0.638864,0.058005,0.162222,Bellevue_150th_SE38th
734,cross,0.62057,0.134402,0.121112,0.402088,0.011827,0.097778,Bellevue_150th_SE38th
735,cross,0.613334,0.131566,0.135612,0.527937,0.056045,0.080648,Bellevue_150th_SE38th
736,cross,0.61613,0.135559,0.135764,0.568333,0.020873,0.111111,Bellevue_150th_SE38th
737,cross,0.564745,0.104152,0.122411,0.525555,0.05,0.155556,Bellevue_150th_SE38th
738,cross,0.431172,0.055837,0.061526,0.493333,0.027778,0.038889,Bellevue_150th_SE38th
739,cross,0.54518,0.103436,0.108778,0.771508,0.202738,0.107262,Bellevue_150th_SE38th
740,cross,0.564079,0.109916,0.113486,0.612333,0.17445,0.122986,Bellevue_150th_SE38th
741,cross,0.619818,0.139065,0.12184,0.664564,0.029048,0.132354,Bellevue_150th_SE38th
742,cross,0.424447,0.04653,0.063389,0.316667,0.133333,0.066667,Bellevue_150th_SE38th
743,cross,0.361596,0.036903,0.042511,0.425,0.05,0.016667,Bellevue_150th_SE38th
744,cross,0.459069,0.070253,0.074121,0.53455,0.040503,0.09045,Bellevue_150th_SE38th
745,cross,0.616151,0.132996,0.125748,0.924815,-0.00463,0.082778,Bellevue_150th_SE38th
746,cross,0.55143,0.108421,0.117387,0.758544,0.12322,0.102399,Bellevue_150th_SE38th
747,cross,0.603962,0.14467,0.122776,0.440403,0.112398,0.028241,Bellevue_150th_SE38th
748,cross,0.605097,0.132609,0.119305,0.502934,0.176946,0.036033,Bellevue_150th_SE38th
749,cross,0.612322,0.129139,0.115178,0.553276,0.018576,0.109727,Bellevue_150th_SE38th
750,cross,0.603714,0.118069,0.129326,0.584325,0.077222,0.058175,Bellevue_150th_SE38th
751,cross,0.591754,0.105996,0.127446,0.670595,-0.013333,0.0575,Bellevue_150th_SE38th
752,cross,0.56436,0.108818,0.123285,0.487222,0.046111,0.093333,Bellevue_150th_SE38th
753,cross,0.514976,0.075436,0.098336,0.583333,0.0,0.036111,Bellevue_150th_SE38th
754,cross,0.549549,0.094529,0.107181,0.670556,0.025,0.134444,Bellevue_150th_SE38th
755,cross,0.649751,0.152013,0.142697,0.639444,0.030556,0.098333,Bellevue_150th_SE38th
756,cross,0.582191,0.123135,0.130587,0.718175,0.143571,0.176667,Bellevue_150th_SE38th
757,cross,0.594861,0.12116,0.128105,0.472645,0.082937,0.063783,Bellevue_150th_SE38th
758,cross,0.538493,0.092921,0.104321,0.623519,0.067593,0.153333,Bellevue_150th_SE38th
759,cross,0.646933,0.143564,0.140389,0.676479,0.143469,0.139735,Bellevue_150th_SE38th
760,cross,0.571069,0.110096,0.121961,0.668651,0.121825,0.14873,Bellevue_150th_SE38th
761,cross,0.634005,0.135014,0.135408,0.490714,0.001905,0.107302,Bellevue_150th_SE38th
762,cross,0.582433,0.113304,0.117235,0.263889,0.1,0.033333,Bellevue_150th_SE38th
763,cross,0.378361,0.045871,0.045648,0.471111,0.033333,0.086111,Bellevue_150th_SE38th
764,cross,0.60512,0.129732,0.121119,0.567778,0.069444,0.106111,Bellevue_150th_SE38th
765,cross,0.493457,0.070762,0.086024,0.516667,0.111111,0.097222,Bellevue_150th_SE38th
766,cross,0.513334,0.0829,0.095818,0.53746,0.088095,0.126984,Bellevue_150th_SE38th
767,cross,0.564767,0.110724,0.11925,0.500635,0.134524,0.0,Bellevue_150th_SE38th
768,cross,0.571359,0.114312,0.121732,0.53544,0.063176,0.113336,Bellevue_150th_SE38th
769,cross,0.591141,0.168008,0.098978,0.464048,-0.11602,0.301116,Bellevue_150th_SE38th
770,cross,0.647175,0.163316,0.131935,0.679643,-0.095079,0.223214,Bellevue_150th_SE38th
771,cross,0.611687,0.134998,0.12714,0.708333,0.026111,0.030556,Bellevue_150th_SE38th
772,cross,0.45715,0.071661,0.081771,0.619802,0.053175,0.064206,Bellevue_150th_SE38th
773,cross,0.617021,0.129608,0.125743,0.635873,0.058889,0.195397,Bellevue_150th_SE38th
774,cross,0.583351,0.109535,0.131331,0.59,0.05,0.156667,Bellevue_150th_SE38th
775,cross,0.484695,0.067129,0.087715,0.416667,0.177778,0.036111,Bellevue_150th_SE38th
776,cross,0.582778,0.110894,0.125014,0.627222,0.109444,0.101111,Bellevue_150th_SE38th
777,cross,0.546703,0.094301,0.116799,0.519444,0.108333,0.055556,Bellevue_150th_SE38th
778,cross,0.567279,0.115985,0.113654,0.585339,0.021774,0.23594,Bellevue_150th_SE38th
779,cross,0.622581,0.144966,0.122052,0.615538,0.141205,0.05504,Bellevue_150th_SE38th
780,cross,0.587411,0.118361,0.12164,0.565794,0.075317,0.056111,Bellevue_150th_SE38th
781,cross,0.562687,0.102467,0.117177,0.632222,0.056667,0.103889,Bellevue_150th_SE38th
782,cross,0.541116,0.103944,0.114086,0.656667,0.06,0.122778,Bellevue_150th_SE38th
783,cross,0.504038,0.059167,0.085056,0.495397,0.132857,0.058651,Bellevue_150th_SE38th
784,cross,0.611099,0.135687,0.128957,0.471667,0.118585,0.064921,Bellevue_150th_SE38th
785,cross,0.60253,0.116324,0.113335,0.532937,-0.018796,0.14578,Bellevue_150th_SE38th
786,cross,0.430388,0.052996,0.064683,0.414127,0.011984,0.12,Bellevue_150th_SE38th
787,cross,0.606501,0.129425,0.125815,0.727143,0.146825,0.125476,Bellevue_150th_SE38th
788,cross,0.434443,0.06198,0.068078,0.615873,0.192936,0.091667,Bellevue_150th_SE38th
789,cross,0.586576,0.11316,0.12626,0.613889,-0.097222,0.136111,Bellevue_150th_SE38th
790,cross,0.606944,0.12089,0.127966,0.705622,0.159365,0.015595,Bellevue_150th_SE38th
791,cross,0.601572,0.152346,0.120518,0.568587,0.128685,0.065702,Bellevue_150th_SE38th
792,cross,0.591437,0.140894,0.127047,0.566111,0.142936,0.043003,Bellevue_150th_SE38th
793,cross,0.589097,0.114479,0.124754,0.497143,0.101865,0.083373,Bellevue_150th_SE38th
794,cross,0.564081,0.115587,0.110285,0.390238,0.053095,0.075556,Bellevue_150th_SE38th
795,cross,0.527888,0.098425,0.107081,0.574365,0.039762,0.175,Bellevue_150th_SE38th
796,cross,0.601382,0.129479,0.131182,0.695185,0.032728,0.13433,Bellevue_150th_SE38th
797,cross,0.559922,0.105795,0.115699,0.665606,0.03754,0.078889,Bellevue_150th_SE38th
798,cross,0.614432,0.140461,0.128989,0.635318,0.104921,0.072738,Bellevue_150th_SE38th
799,cross,0.597603,0.114799,0.121902,0.525,0.0,0.030556,Bellevue_150th_SE38th
800,cross,0.405343,0.027259,0.038648,0.611667,-0.063889,0.197222,Bellevue_150th_SE38th
801,cross,0.385632,0.03039,0.042123,0.305556,0.016667,0.083333,Bellevue_150th_SE38th
802,cross,0.508156,0.075196,0.104453,0.497222,-0.016667,0.127778,Bellevue_150th_SE38th
803,cross,0.475496,0.058074,0.087946,0.4,0.0,0.0,Bellevue_150th_SE38th
804,cross,0.442167,0.033132,0.047164,0.659722,0.051667,0.153254,Bellevue_150th_SE38th
805,cross,0.643738,0.144833,0.135969,0.665079,0.060317,0.08373,Bellevue_150th_SE38th
806,cross,0.545847,0.101293,0.113538,0.681534,0.046243,0.078373,Bellevue_150th_SE38th
807,cross,0.51958,0.091063,0.101219,0.599255,0.096827,0.059919,Bellevue_150th_SE38th
808,cross,0.638379,0.152066,0.125334,0.5625,0.040399,0.118018,Bellevue_150th_SE38th
809,cross,0.629807,0.141974,0.115363,0.883426,0.036111,0.075,Bellevue_150th_SE38th
810,cross,0.559889,0.108095,0.118958,0.715029,0.237553,0.147175,Bellevue_150th_SE38th
811,cross,0.589757,0.122447,0.110011,0.885648,0.182222,0.339167,Bellevue_150th_SE38th
812,cross,0.419715,0.051188,0.059491,0.536111,-0.0,0.141667,Bellevue_150th_SE38th
813,cross,0.58618,0.109608,0.131718,0.698188,0.009444,0.120397,Bellevue_150th_SE38th
814,cross,0.623277,0.135515,0.131153,0.635675,0.007817,0.100833,Bellevue_150th_SE38th
815,cross,0.542009,0.098754,0.106385,0.645555,0.070317,0.062698,Bellevue_150th_SE38th
816,cross,0.604844,0.157809,0.115419,0.525569,0.109987,0.129762,Bellevue_150th_SE38th
817,cross,0.625097,0.14077,0.116426,0.643889,0.113889,0.178889,Bellevue_150th_SE38th
818,cross,0.583856,0.114955,0.121398,0.488889,0.011111,0.15,Bellevue_150th_SE38th
819,cross,0.503515,0.076255,0.09794,0.527778,0.133333,0.05,Bellevue_150th_SE38th
820,cross,0.563493,0.090153,0.102529,0.372222,-0.025,0.161111,Bellevue_150th_SE38th
821,cross,0.575848,0.101752,0.111075,0.573095,0.114405,0.225714,Bellevue_150th_SE38th
822,cross,0.607775,0.123747,0.127055,0.318611,-0.011111,0.048611,Bellevue_150th_SE38th
823,cross,0.546106,0.076296,0.11105,0.55,-0.000556,0.086667,Bellevue_150th_SE38th
824,cross,0.548809,0.103109,0.106583,0.584643,0.041667,0.026111,Bellevue_150th_SE38th
825,cross,0.623975,0.144724,0.129737,0.534529,0.035594,0.065661,Bellevue_150th_SE38th
826,cross,0.637121,0.13614,0.113973,0.798016,0.035556,0.101984,Bellevue_150th_SE38th
827,cross,0.610808,0.137725,0.129698,0.47504,0.065833,0.036005,Bellevue_150th_SE38th
828,cross,0.522281,0.084236,0.088922,0.651627,0.127817,0.033889,Bellevue_150th_SE38th
829,cross,0.600229,0.124657,0.12534,0.599841,0.043333,0.071984,Bellevue_150th_SE38th
830,cross,0.625338,0.13548,0.131661,0.788413,0.115397,0.053413,Bellevue_150th_SE38th
831,cross,0.576241,0.110912,0.124068,0.645461,0.021389,0.046786,Bellevue_150th_SE38th
832,cross,0.593479,0.130277,0.118986,0.520304,-0.001058,0.087421,Bellevue_150th_SE38th
833,cross,0.618148,0.136455,0.119869,0.588995,0.239206,0.057778,Bellevue_150th_SE38th
834,cross,0.536459,0.095934,0.112237,0.856071,0.144444,0.259444,Bellevue_150th_SE38th
835,cross,0.570161,0.108341,0.125934,0.509365,0.026799,0.107857,Bellevue_150th_SE38th
836,cross,0.58457,0.117615,0.11788,0.394444,-0.011111,0.094444,Bellevue_150th_SE38th
837,cross,0.51463,0.089055,0.101781,0.476204,-0.041481,0.142593,Bellevue_150th_SE38th
838,cross,0.593807,0.124986,0.124927,0.881349,0.05,0.379762,Bellevue_150th_SE38th
839,cross,0.439472,0.056548,0.066192,0.649444,0.012222,0.101111,Bellevue_150th_SE38th
840,cross,0.627271,0.136965,0.133863,0.595397,0.031667,0.068889,Bellevue_150th_SE38th
841,cross,0.565981,0.109156,0.117657,0.53631,0.008611,0.099167,Bellevue_150th_SE38th
842,cross,0.573212,0.108823,0.115814,0.528571,-0.111111,0.099206,Bellevue_150th_SE38th
843,cross,0.391073,0.043304,0.051935,0.547778,-0.046667,0.184444,Bellevue_150th_SE38th
844,cross,0.570333,0.115889,0.118377,0.482222,0.066667,0.038889,Bellevue_150th_SE38th
845,cross,0.478049,0.06593,0.086097,0.433333,-0.033333,0.1,Bellevue_150th_SE38th
846,cross,0.562333,0.115917,0.124063,0.482143,0.063333,0.067619,Bellevue_150th_SE38th
847,cross,0.551231,0.097206,0.111843,0.473175,-0.003571,0.263651,Bellevue_150th_SE38th
848,cross,0.629876,0.135826,0.133444,0.542471,0.068639,0.099341,Bellevue_150th_SE38th
849,cross,0.491347,0.071552,0.083791,0.683333,0.008333,0.141667,Bellevue_150th_SE38th
850,cross,0.552415,0.096131,0.115445,0.595,0.123889,0.131667,Bellevue_150th_SE38th
851,cross,0.605117,0.13028,0.129151,0.806111,0.391111,0.065,Bellevue_150th_SE38th
852,cross,0.577602,0.111334,0.1192,0.707897,0.142778,0.158889,Bellevue_150th_SE38th
853,cross,0.601949,0.127462,0.125462,0.738056,0.096508,0.259444,Bellevue_150th_SE38th
854,cross,0.61052,0.137246,0.129063,0.599367,0.115647,0.080717,Bellevue_150th_SE38th
855,cross,0.628714,0.140249,0.125601,0.505384,0.094815,0.071574,Bellevue_150th_SE38th
856,cross,0.562271,0.11402,0.111456,0.718439,0.098095,0.110833,Bellevue_150th_SE38th
857,cross,0.596724,0.118837,0.129122,0.682725,0.107011,0.05836,Bellevue_150th_SE38th
858,cross,0.621853,0.137704,0.131829,0.555873,0.044815,0.03045,Bellevue_150th_SE38th
859,cross,0.476428,0.067446,0.089919,0.638889,0.111111,0.130556,Bellevue_150th_SE38th
860,cross,0.519874,0.068265,0.096171,0.2,0.0,0.0,Bellevue_150th_SE38th
861,cross,0.569352,0.103836,0.124691,0.629788,0.168889,0.08082,Bellevue_150th_SE38th
862,cross,0.572979,0.121104,0.113434,0.75582,-0.033479,0.197791,Bellevue_150th_SE38th
863,cross,0.489958,0.069723,0.089719,0.591508,0.092778,0.096667,Bellevue_150th_SE38th
864,cross,0.605266,0.122115,0.120974,0.663095,0.038333,0.115317,Bellevue_150th_SE38th
865,cross,0.582843,0.111723,0.128991,0.465516,0.062778,0.064722,Bellevue_150th_SE38th
866,cross,0.633181,0.136465,0.141335,0.553968,0.049444,0.062262,Bellevue_150th_SE38th
867,cross,0.631845,0.13335,0.145974,0.72,0.094444,0.158333,Bellevue_150th_SE38th
868,cross,0.445251,0.059916,0.070393,0.71496,0.011111,0.020833,Bellevue_150th_SE38th
869,cross,0.594656,0.124695,0.131071,0.701667,0.067778,0.027778,Bellevue_150th_SE38th
870,cross,0.534146,0.099364,0.108892,0.69254,0.004683,0.031746,Bellevue_150th_SE38th
871,cross,0.580104,0.122134,0.126088,0.665556,0.094444,0.177222,Bellevue_150th_SE38th
872,cross,0.606352,0.130354,0.123002,0.579683,0.027778,0.113651,Bellevue_150th_SE38th
873,cross,0.505962,0.069158,0.098578,0.570913,0.024722,0.053333,Bellevue_150th_SE38th
874,cross,0.61841,0.144994,0.140385,0.697103,0.14004,0.138651,Bellevue_150th_SE38th
875,cross,0.637771,0.132824,0.126639,0.765159,0.097222,0.086429,Bellevue_150th_SE38th
876,cross,0.60214,0.131686,0.137722,0.59127,0.034656,0.065966,Bellevue_150th_SE38th
877,cross,0.630274,0.141639,0.135909,0.653889,0.039444,0.140556,Bellevue_150th_SE38th
878,cross,0.492285,0.078038,0.090278,0.613968,0.073095,0.097778,Bellevue_150th_SE38th
879,cross,0.555133,0.10486,0.121884,0.603254,0.186667,0.053373,Bellevue_150th_SE38th
880,cross,0.571368,0.107103,0.113263,0.486111,-0.008333,0.088889,Bellevue_150th_SE38th
881,cross,0.404287,0.0319,0.042429,0.2,0.0,0.0,Bellevue_150th_SE38th
882,cross,0.42214,0.065211,0.060245,0.066667,0.0,0.0,Bellevue_150th_SE38th
883,cross,0.439425,0.030277,0.041784,0.4,0.033333,0.033333,Bellevue_150th_SE38th
884,cross,0.565959,0.108912,0.122415,0.58211,0.059657,0.097024,Bellevue_150th_SE38th
885,cross,0.429987,0.058099,0.064362,0.387183,0.083413,0.02254,Bellevue_150th_SE38th
886,cross,0.564034,0.10153,0.115374,0.515079,0.01172,0.146508,Bellevue_150th_SE38th
887,cross,0.40627,0.041189,0.055161,0.693214,0.143175,0.063611,Bellevue_150th_SE38th
888,cross,0.465,0.065601,0.077147,0.603571,0.05,0.147222,Bellevue_150th_SE38th
889,cross,0.583437,0.106564,0.138238,0.465,0.036667,0.097222,Bellevue_150th_SE38th
890,cross,0.43448,0.056943,0.069415,0.366667,0.133333,0.0,Bellevue_150th_SE38th
891,cross,0.457154,0.069322,0.070339,0.690357,0.016389,0.112857,Bellevue_150th_SE38th
892,cross,0.501122,0.071839,0.096571,0.716984,0.018651,0.114206,Bellevue_150th_SE38th
893,cross,0.552185,0.095866,0.114107,0.352778,-0.119444,0.088889,Bellevue_150th_SE38th
894,cross,0.473604,0.067055,0.085644,0.587778,0.05,0.116667,Bellevue_150th_SE38th
895,cross,0.533982,0.099227,0.111106,0.266667,-0.033333,0.033333,Bellevue_150th_SE38th
896,cross,0.451295,0.058388,0.061423,0.522222,0.016667,0.077778,Bellevue_150th_SE38th
897,cross,0.494345,0.083343,0.085313,0.479444,0.115317,0.013889,Bellevue_150th_SE38th
898,cross,0.438273,0.06021,0.070511,0.432222,0.038889,0.083333,Bellevue_150th_SE38th
899,cross,0.572248,0.126226,0.116943,0.606865,0.192897,0.069087,Bellevue_150th_SE38th
900,cross,0.503409,0.082689,0.090566,0.476667,0.055556,0.033333,Bellevue_150th_SE38th
901,cross,0.582968,0.126498,0.121203,0.62706,0.091785,0.097422,Bellevue_150th_SE38th
902,cross,0.633204,0.142353,0.125887,0.567614,0.08099,0.109259,Bellevue_150th_SE38th
903,cross,0.566735,0.103469,0.122573,0.594365,0.007222,0.043889,Bellevue_150th_SE38th
904,cross,0.467838,0.069781,0.080856,0.589881,0.003611,0.102302,Bellevue_150th_SE38th
905,cross,0.527237,0.08115,0.099703,0.696111,0.111111,0.355556,Bellevue_150th_SE38th
906,cross,0.37992,0.046523,0.048203,0.583333,0.066667,0.15,Bellevue_150th_SE38th
907,cross,0.592773,0.134493,0.122683,0.388889,-0.033333,0.033333,Bellevue_150th_SE38th
908,cross,0.560543,0.107168,0.109347,0.543889,0.006667,0.059444,Bellevue_150th_SE38th
909,cross,0.520326,0.082927,0.102338,0.610556,0.096111,0.024444,Bellevue_150th_SE38th
910,cross,0.578379,0.111222,0.12734,0.461667,0.06,0.011111,Bellevue_150th_SE38th
911,cross,0.606293,0.147332,0.122327,0.527222,-0.024444,0.166667,Bellevue_150th_SE38th
912,cross,0.517301,0.084757,0.105097,0.466667,0.072222,0.077778,Bellevue_150th_SE38th
913,cross,0.564476,0.111085,0.12178,0.52,0.027778,0.055,Bellevue_150th_SE38th
914,cross,0.596639,0.129357,0.1252,0.668452,0.01004,0.054246,Bellevue_150th_SE38th
915,cross,0.634981,0.142098,0.130666,0.568452,0.079167,0.05004,Bellevue_150th_SE38th
916,cross,0.597708,0.13128,0.125953,0.507183,0.058929,0.069444,Bellevue_150th_SE38th
917,cross,0.460841,0.063982,0.075391,0.388889,0.0,0.0,Bellevue_150th_SE38th
918,cross,0.391072,0.041756,0.051047,0.377778,0.033333,0.133333,Bellevue_150th_SE38th
919,cross,0.560281,0.114277,0.113351,0.533333,0.105556,0.102778,Bellevue_150th_SE38th
920,cross,0.425882,0.059371,0.06142,0.546627,0.008929,0.020833,Bellevue_150th_SE38th
921,cross,0.512056,0.084126,0.098556,0.668201,0.06,0.073889,Bellevue_150th_SE38th
922,cross,0.550287,0.108268,0.112264,0.458333,0.072222,0.088889,Bellevue_150th_SE38th
923,cross,0.447416,0.057263,0.068775,0.575,0.016667,0.083333,Bellevue_150th_SE38th
924,cross,0.364381,0.039327,0.043395,0.494444,-0.05,0.066667,Bellevue_150th_SE38th
925,cross,0.566885,0.104779,0.115565,0.597698,0.024206,0.125556,Bellevue_150th_SE38th
926,cross,0.626477,0.141631,0.135267,0.521111,-0.05,0.178889,Bellevue_150th_SE38th
927,cross,0.619419,0.135701,0.136682,0.64504,0.136984,0.041111,Bellevue_150th_SE38th
928,cross,0.607316,0.131413,0.122049,0.459722,0.039444,0.103889,Bellevue_150th_SE38th
929,cross,0.469669,0.07551,0.084115,0.591667,0.044444,0.086111,Bellevue_150th_SE38th
930,cross,0.620664,0.124587,0.130422,0.394444,0.088889,0.102222,Bellevue_150th_SE38th
931,cross,0.427509,0.049447,0.066067,0.625,0.105556,0.066667,Bellevue_150th_SE38th
932,cross,0.559185,0.114698,0.114135,0.611667,0.044444,0.141667,Bellevue_150th_SE38th
933,cross,0.476544,0.075573,0.078638,0.547222,0.036111,0.033333,Bellevue_150th_SE38th
934,cross,0.57685,0.126002,0.117541,0.729444,0.077778,0.148333,Bellevue_150th_SE38th
935,cross,0.558956,0.09513,0.113186,0.521944,0.043889,0.061111,Bellevue_150th_SE38th
936,cross,0.590418,0.114382,0.131137,0.597143,-0.025,0.086111,Bellevue_150th_SE38th
937,cross,0.567886,0.100147,0.128951,0.483333,-0.083333,0.083333,Bellevue_150th_SE38th
938,cross,0.60096,0.119499,0.138909,0.571111,0.022222,0.052778,Bellevue_150th_SE38th
939,cross,0.589479,0.125332,0.128864,0.647698,0.083095,0.037222,Bellevue_150th_SE38th
940,cross,0.583467,0.11108,0.119814,0.604722,-0.005556,0.173611,Bellevue_150th_SE38th
941,cross,0.495026,0.075013,0.092485,0.616667,0.05,0.083333,Bellevue_150th_SE38th
942,cross,0.382367,0.045343,0.046285,0.817222,0.19,0.131667,Bellevue_150th_SE38th
943,cross,0.445764,0.055257,0.071314,0.655556,0.044444,0.144444,Bellevue_150th_SE38th
944,cross,0.502475,0.058127,0.0901,0.3,0.0,0.0,Bellevue_150th_SE38th
945,cross,0.365849,0.034892,0.046448,0.461111,0.022222,0.111111,Bellevue_150th_SE38th
946,cross,0.403373,0.047966,0.061787,0.506111,0.001667,0.026111,Bellevue_150th_SE38th
947,cross,0.586651,0.120609,0.119497,0.616111,0.095556,0.162222,Bellevue_150th_SE38th
948,cross,0.493624,0.079742,0.094399,0.442222,-0.016667,0.083333,Bellevue_150th_SE38th
949,cross,0.417144,0.057466,0.063964,0.62119,0.201429,0.016667,Bellevue_150th_SE38th
950,cross,0.51767,0.084161,0.093955,0.668254,0.041429,0.121984,Bellevue_150th_SE38th
951,cross,0.551431,0.09626,0.102479,0.556944,0.031111,0.15,Bellevue_150th_SE38th
952,cross,0.570886,0.102393,0.122929,0.791667,0.033333,0.016667,Bellevue_150th_SE38th
953,cross,0.55991,0.107865,0.122961,0.694775,0.153056,0.07877,Bellevue_150th_SE38th
954,cross,0.572273,0.125021,0.116311,0.503413,0.10119,0.076984,Bellevue_150th_SE38th
955,cross,0.603879,0.146858,0.12397,0.688227,0.207989,0.077989,Bellevue_150th_SE38th
956,cross,0.64771,0.149253,0.144292,0.58798,0.113188,0.086089,Bellevue_150th_SE38th
957,cross,0.619353,0.134493,0.107167,0.694392,0.086164,0.155661,Bellevue_150th_SE38th
958,cross,0.519959,0.092967,0.10019,0.697619,0.039444,0.052778,Bellevue_150th_SE38th
959,cross,0.632567,0.128069,0.147293,0.5,0.0,0.033333,Bellevue_150th_SE38th
960,cross,0.39192,0.015982,0.03344,0.49381,0.022222,0.147222,Bellevue_150th_SE38th
961,cross,0.390407,0.041386,0.049109,0.4,0.0,0.0,Bellevue_150th_SE38th
962,cross,0.376391,0.019924,0.034695,0.35,0.033333,0.0,Bellevue_150th_SE38th
963,cross,0.481315,0.053705,0.071688,0.533333,0.083333,0.05,Bellevue_150th_SE38th
964,cross,0.384475,0.030282,0.039215,0.55,0.116667,0.080556,Bellevue_150th_SE38th
965,cross,0.434815,0.049637,0.070387,0.533333,0.0,0.144444,Bellevue_150th_SE38th
966,cross,0.551372,0.106577,0.103293,0.616111,-0.058333,0.08,Bellevue_150th_SE38th
967,cross,0.576471,0.105266,0.121227,0.477778,0.038889,0.0,Bellevue_150th_SE38th
968,cross,0.403909,0.022368,0.035663,0.394444,0.1,0.1,Bellevue_150th_SE38th
969,cross,0.36637,0.034505,0.045855,0.372222,-0.027778,0.044444,Bellevue_150th_SE38th
970,cross,0.534621,0.076458,0.100301,0.525,0.027778,0.055556,Bellevue_150th_SE38th
971,cross,0.643726,0.131022,0.148521,0.521958,0.045741,0.142355,Bellevue_150th_SE38th
972,cross,0.608596,0.125926,0.120679,0.742791,0.220741,0.081786,Bellevue_150th_SE38th
973,cross,0.597961,0.135078,0.128656,0.674325,0.175635,0.025317,Bellevue_150th_SE38th
974,cross,0.558418,0.103367,0.104555,0.556905,0.083333,0.033333,Bellevue_150th_SE38th
975,cross,0.477147,0.073992,0.07765,0.599151,0.121178,0.015079,Bellevue_150th_SE38th
976,cross,0.572918,0.103888,0.112988,0.694444,0.161111,0.202778,Bellevue_150th_SE38th
977,cross,0.42708,0.059635,0.059379,0.477778,0.133333,0.044444,Bellevue_150th_SE38th
978,cross,0.583008,0.110528,0.119328,0.405556,0.044444,0.058333,Bellevue_150th_SE38th
979,cross,0.400665,0.032678,0.041257,0.556905,0.013095,0.160556,Bellevue_150th_SE38th
980,cross,0.431012,0.05015,0.064134,0.490556,-0.035,0.033333,Bellevue_150th_SE38th
981,cross,0.47912,0.064767,0.079418,0.311111,0.033333,0.0,Bellevue_150th_SE38th
982,cross,0.358621,0.018673,0.034982,0.471667,0.135,0.066111,Bellevue_150th_SE38th
983,cross,0.512245,0.086286,0.098348,0.445,0.0,0.1,Bellevue_150th_SE38th
984,cross,0.357448,0.017992,0.034984,0.4,0.033333,0.05,Bellevue_150th_SE38th
985,cross,0.535138,0.098167,0.100848,0.755913,0.054206,0.008333,Bellevue_150th_SE38th
986,cross,0.557582,0.102212,0.122677,0.606508,0.048651,0.041667,Bellevue_150th_SE38th
987,cross,0.572526,0.101296,0.112296,0.358889,0.0,0.084444,Bellevue_150th_SE38th
988,cross,0.356856,0.007974,0.027255,0.233333,0.0,0.0,Bellevue_150th_SE38th
989,cross,0.481242,0.045908,0.058739,0.629127,0.163889,0.053175,Bellevue_150th_SE38th
990,cross,0.404298,0.040335,0.056625,0.615556,0.033333,0.072222,Bellevue_150th_SE38th
991,cross,0.384951,0.031345,0.039845,0.266667,0.033333,0.0,Bellevue_150th_SE38th
992,cross,0.446943,0.053322,0.083454,0.643333,0.166667,0.017778,Bellevue_150th_SE38th
993,cross,0.535008,0.090093,0.114652,0.621111,0.033333,0.155556,Bellevue_150th_SE38th
994,cross,0.566085,0.097523,0.126854,0.238889,-0.05,0.033333,Bellevue_150th_SE38th
995,cross,0.400904,0.021934,0.035469,0.233333,0.0,0.0,Bellevue_150th_SE38th
996,cross,0.393149,0.035029,0.041987,0.5,0.011111,0.083333,Bellevue_150th_SE38th
997,cross,0.390483,0.046396,0.048152,0.455556,0.094444,0.083333,Bellevue_150th_SE38th
998,cross,0.549658,0.097402,0.115538,0.602778,0.1,0.116667,Bellevue_150th_SE38th
999,cross,0.421823,0.058031,0.062189,0.531667,-0.012222,0.131667,Bellevue_150th_SE38th
1000,cross,0.540405,0.093257,0.111488,0.611111,0.066667,0.108333,Bellevue_150th_SE38th
1001,cross,0.58298,0.117195,0.128242,0.556918,0.072222,0.036481,Bellevue_150th_SE38th
1002,cross,0.600568,0.136157,0.118087,0.635728,0.049854,0.023611,Bellevue_150th_SE38th
1003,cross,0.470845,0.068445,0.075942,0.469444,0.033333,0.05,Bellevue_150th_SE38th
1004,cross,0.414608,0.024358,0.037981,0.266667,0.083333,0.0,Bellevue_150th_SE38th
1005,cross,0.491757,0.06789,0.081462,0.533333,0.083333,0.0,Bellevue_150th_SE38th
1006,cross,0.400021,0.035226,0.043176,0.650833,0.038889,0.063611,Bellevue_150th_SE38th
1007,cross,0.595436,0.122973,0.124491,0.686349,0.113889,0.088095,Bellevue_150th_SE38th
1008,cross,0.469536,0.066845,0.084159,0.544444,0.041667,0.083333,Bellevue_150th_SE38th
1009,cross,0.433654,0.05343,0.06886,0.680079,0.07627,0.061429,Bellevue_150th_SE38th
1010,cross,0.605533,0.120691,0.131901,0.728585,0.012963,0.013426,Bellevue_150th_SE38th
1011,cross,0.544012,0.097486,0.11642,0.555556,-0.011111,0.111111,Bellevue_150th_SE38th
1012,cross,0.55843,0.09589,0.118978,0.591825,0.145317,0.016667,Bellevue_150th_SE38th
1013,cross,0.488357,0.081125,0.08442,0.558889,0.077778,0.063333,Bellevue_150th_SE38th
1014,cross,0.393416,0.039936,0.051607,0.461111,0.108333,0.094444,Bellevue_150th_SE38th
1015,cross,0.536649,0.087466,0.103266,0.648333,0.108333,0.037222,Bellevue_150th_SE38th
1016,cross,0.387758,0.041363,0.044368,0.266667,0.0,0.0,Bellevue_150th_SE38th
1017,cross,0.452226,0.044915,0.053251,0.519444,0.013889,0.083333,Bellevue_150th_SE38th
1018,cross,0.615048,0.116302,0.142846,0.233333,-0.072222,0.111111,Bellevue_150th_SE38th
1019,cross,0.564109,0.118573,0.122566,0.333333,-0.05,0.233333,Bellevue_150th_SE38th
1020,cross,0.453146,0.063202,0.074046,0.280556,-0.155556,0.186111,Bellevue_150th_SE38th
1021,cross,0.529504,0.089168,0.099531,0.46,0.088889,0.0,Bellevue_150th_SE38th
1022,cross,0.401691,0.022364,0.035536,0.033333,0.0,0.0,Bellevue_150th_SE38th
1023,cross,0.410839,0.021979,0.035587,0.38,-0.030833,0.051389,Bellevue_150th_SE38th
1024,cross,0.601081,0.115235,0.117215,0.305556,0.044444,0.011111,Bellevue_150th_SE38th
1025,cross,0.384273,0.027268,0.039559,0.433333,0.0,0.15,Bellevue_150th_SE38th
1026,cross,0.407872,0.044181,0.055956,0.658333,0.022222,0.122222,Bellevue_150th_SE38th
1027,cross,0.541662,0.07953,0.107823,0.472222,0.033333,0.0,Bellevue_150th_SE38th
1028,cross,0.405654,0.03679,0.050372,0.383333,0.033333,0.083333,Bellevue_150th_SE38th
1029,cross,0.481064,0.054766,0.08833,0.5,0.0,0.0,Bellevue_150th_SE38th
1030,cross,0.409157,0.021283,0.035092,0.5,0.0,0.0,Bellevue_150th_SE38th
1031,cross,0.425297,0.025557,0.038846,0.490556,-0.01,0.133333,Bellevue_150th_SE38th
1032,cross,0.406065,0.044252,0.056707,0.266667,0.0,0.0,Bellevue_150th_SE38th
1033,cross,0.372021,0.020814,0.037123,0.4,0.0,0.0,Bellevue_150th_SE38th
1034,cross,0.41887,0.025022,0.038596,0.333333,0.0,0.0,Bellevue_150th_SE38th
1035,cross,0.406033,0.057932,0.055505,0.555556,0.05,0.011111,Bellevue_150th_SE38th
1036,cross,0.463356,0.067702,0.08177,0.588889,0.158333,0.097222,Bellevue_150th_SE38th
1037,cross,0.594471,0.117,0.115849,0.628889,0.206667,0.197778,Bellevue_150th_SE38th
1038,cross,0.56786,0.10619,0.11635,0.258333,0.033333,0.0,Bellevue_150th_SE38th
1039,cross,0.380416,0.023415,0.035719,0.5,0.0,0.0,Bellevue_150th_SE38th
1040,cross,0.398078,0.0136,0.031235,0.477778,0.066667,0.033333,Bellevue_150th_SE38th
1041,cross,0.458183,0.056854,0.065109,0.46,0.066667,0.023333,Bellevue_150th_SE38th
1042,cross,0.382971,0.024192,0.035904,0.375,-0.033333,0.033333,Bellevue_150th_SE38th
1043,cross,0.537053,0.072729,0.092181,0.466667,0.133333,0.033333,Bellevue_150th_SE38th
1044,cross,0.457246,0.065357,0.068385,0.3,0.044444,0.0,Bellevue_150th_SE38th
1045,cross,0.410992,0.022981,0.036168,0.266667,0.0,0.0,Bellevue_150th_SE38th
1046,cross,0.510737,0.064985,0.101077,0.703016,0.038889,0.019444,Bellevue_150th_SE38th
1047,cross,0.585276,0.114653,0.12498,0.7025,0.0,0.036111,Bellevue_150th_SE38th
1048,cross,0.462399,0.031762,0.051528,0.466667,0.0,0.0,Bellevue_150th_SE38th
1049,cross,0.416737,0.025534,0.038696,0.233333,0.0,0.0,Bellevue_150th_SE38th
1050,cross,0.407363,0.022738,0.036758,0.45,0.033333,0.066667,Bellevue_150th_SE38th
1051,cross,0.354193,0.019983,0.03641,0.266667,0.0,0.0,Bellevue_150th_SE38th
1052,cross,0.425049,0.055078,0.061587,0.322222,-0.016667,0.066667,Bellevue_150th_SE38th
1053,cross,0.536695,0.09973,0.10855,0.45,0.0,0.05,Bellevue_150th_SE38th
1054,cross,0.41147,0.041778,0.062296,0.366667,0.0,0.0,Bellevue_150th_SE38th
1055,cross,0.394055,0.033628,0.041567,0.533333,0.0,0.0,Bellevue_150th_SE38th
1056,cross,0.37109,0.016359,0.031691,0.383333,0.066667,0.033333,Bellevue_150th_SE38th
1057,cross,0.397297,0.04005,0.050661,0.1,0.0,0.0,Bellevue_150th_SE38th
1058,cross,0.371276,0.024724,0.035799,0.572222,0.088889,0.016667,Bellevue_150th_SE38th
1059,cross,0.580741,0.110902,0.126763,0.776664,0.080913,0.21844,Bellevue_150th_SE38th
1060,cross,0.615666,0.146978,0.125892,0.511676,0.026165,0.071944,Bellevue_150th_SE38th
1061,cross,0.609497,0.107297,0.129064,0.50381,0.012222,0.176111,Bellevue_150th_SE38th
1062,cross,0.407861,0.047633,0.055263,0.54246,0.03754,0.133095,Bellevue_150th_SE38th
1063,cross,0.539838,0.094012,0.109335,0.630053,0.067923,0.066455,Bellevue_150th_SE38th
1064,cross,0.591436,0.101771,0.116977,0.561349,-0.038889,0.091667,Bellevue_150th_SE38th
1065,cross,0.364033,0.032317,0.044396,0.233333,0.0,0.0,Bellevue_150th_SE38th
1066,cross,0.369225,0.02068,0.034939,0.433333,0.0,0.0,Bellevue_150th_SE38th
1067,cross,0.382443,0.03226,0.047839,0.388889,-0.044444,0.072222,Bellevue_150th_SE38th
1068,cross,0.548481,0.102703,0.107899,0.288889,0.002778,0.041667,Bellevue_150th_SE38th
1069,cross,0.540358,0.08663,0.103756,0.465847,0.065,0.039259,Bellevue_150th_SE38th
1070,cross,0.434472,0.048102,0.065782,0.355556,0.05,0.05,Bellevue_150th_SE38th
1071,cross,0.440114,0.034574,0.062449,0.413889,-0.038889,0.1,Bellevue_150th_SE38th
1072,cross,0.567507,0.101777,0.125167,0.391667,-0.008333,0.041667,Bellevue_150th_SE38th
1073,cross,0.366068,0.030896,0.042694,0.4,0.0,0.0,Bellevue_150th_SE38th
1074,cross,0.442945,0.056346,0.074506,0.75631,0.162222,0.027778,Bellevue_150th_SE38th
1075,cross,0.44944,0.067433,0.073756,0.662751,0.0,0.077037,Bellevue_150th_SE38th
1076,cross,0.502206,0.061997,0.090947,0.277778,0.016667,0.072222,Bellevue_150th_SE38th
1077,cross,0.541629,0.092611,0.117609,0.603333,0.078889,0.148333,Bellevue_150th_SE38th
1078,cross,0.422441,0.04898,0.061407,0.433333,0.0,0.0,Bellevue_150th_SE38th
1079,cross,0.432658,0.051876,0.072687,0.533333,-0.033333,0.0,Bellevue_150th_SE38th
1080,cross,0.378049,0.021264,0.037202,0.2,0.0,0.0,Bellevue_150th_SE38th
1081,cross,0.550335,0.103267,0.109718,0.773889,0.025,0.05,Bellevue_150th_SE38th
1082,cross,0.60655,0.133998,0.134271,0.691349,0.036667,0.161429,Bellevue_150th_SE38th
1083,cross,0.575563,0.104048,0.12145,0.618016,0.002778,0.005556,Bellevue_150th_SE38th
1084,cross,0.478015,0.069339,0.08627,0.582222,0.1,0.05,Bellevue_150th_SE38th
1085,cross,0.400372,0.042101,0.052364,0.433333,0.066667,0.0,Bellevue_150th_SE38th
1086,cross,0.408425,0.059008,0.056146,0.216667,0.033333,0.0,Bellevue_150th_SE38th
1087,cross,0.394995,0.037186,0.044988,0.416667,0.077778,0.033333,Bellevue_150th_SE38th
1088,cross,0.410481,0.023565,0.036429,0.166667,0.0,0.0,Bellevue_150th_SE38th
1089,cross,0.404185,0.022778,0.035913,0.3,0.0,0.0,Bellevue_150th_SE38th
1090,cross,0.408538,0.021273,0.03552,0.466667,0.0,0.0,Bellevue_150th_SE38th
1091,cross,0.406201,0.020944,0.035376,0.5,0.0,0.0,Bellevue_150th_SE38th
1092,cross,0.386217,0.014124,0.030641,0.483333,-0.022222,0.166667,Bellevue_150th_SE38th
1093,cross,0.564376,0.090663,0.117914,0.582222,0.05,0.094444,Bellevue_150th_SE38th
1094,cross,0.360801,0.036562,0.042318,0.352778,-0.033333,0.077778,Bellevue_150th_SE38th
1095,cross,0.409788,0.045105,0.05607,0.533333,0.05,0.155556,Bellevue_150th_SE38th
1096,cross,0.380909,0.040397,0.047257,0.333333,0.0,0.0,Bellevue_150th_SE38th
1097,cross,0.369372,0.031183,0.044615,0.366667,0.0,0.0,Bellevue_150th_SE38th
1098,cross,0.463878,0.061759,0.081589,0.570238,0.111111,0.061111,Bellevue_150th_SE38th
1099,cross,0.389993,0.027128,0.037622,0.316667,0.075,0.0,Bellevue_150th_SE38th
1100,cross,0.500185,0.062474,0.077096,0.542222,0.073333,0.113333,Bellevue_150th_SE38th
1101,cross,0.625375,0.130476,0.133368,0.45,0.030556,0.077778,Bellevue_150th_SE38th
1102,cross,0.460782,0.048118,0.075575,0.266667,0.0,0.0,Bellevue_150th_SE38th
1103,cross,0.357599,0.017698,0.033573,0.475,0.019444,0.0,Bellevue_150th_SE38th
1104,cross,0.532121,0.079527,0.102402,0.327778,-0.011111,0.011111,Bellevue_150th_SE38th
1105,cross,0.398486,0.04358,0.056886,0.391667,0.0,0.116667,Bellevue_150th_SE38th
1106,cross,0.405438,0.040637,0.062674,0.316667,-0.066667,0.116667,Bellevue_150th_SE38th
1107,cross,0.572454,0.09911,0.116835,0.736865,0.144444,0.129167,Bellevue_150th_SE38th
1108,cross,0.513924,0.085446,0.090732,0.718214,0.021627,0.061508,Bellevue_150th_SE38th
1109,cross,0.440088,0.05832,0.068263,0.777183,-0.023333,0.019444,Bellevue_150th_SE38th
1110,cross,0.507377,0.070829,0.09652,0.344444,-0.055556,0.122222,Bellevue_150th_SE38th
1111,cross,0.414624,0.025024,0.037882,0.433333,0.0,0.0,Bellevue_150th_SE38th
1112,cross,0.414356,0.024339,0.037892,0.433333,0.011111,0.0,Bellevue_150th_SE38th
1113,cross,0.531784,0.064508,0.082193,0.631587,0.148056,0.104722,Bellevue_150th_SE38th
1114,cross,0.543793,0.092107,0.104838,0.493333,0.025,0.108333,Bellevue_150th_SE38th
1115,cross,0.397761,0.040926,0.05076,0.523333,0.097778,0.083333,Bellevue_150th_SE38th
1116,cross,0.590622,0.118762,0.122974,0.656825,0.094722,0.073056,Bellevue_150th_SE38th
1117,cross,0.574692,0.101744,0.1155,0.675556,0.025794,0.135317,Bellevue_150th_SE38th
1118,cross,0.543037,0.089365,0.106817,0.576349,0.105556,0.088889,Bellevue_150th_SE38th
1119,cross,0.549169,0.092557,0.112932,0.355556,0.0,0.033333,Bellevue_150th_SE38th
1120,cross,0.419084,0.047402,0.063407,0.333333,0.0,0.011111,Bellevue_150th_SE38th
1121,cross,0.412627,0.025989,0.039023,0.166667,0.0,0.0,Bellevue_150th_SE38th
1122,cross,0.450875,0.071881,0.068124,0.609444,0.03,0.069444,Bellevue_150th_SE38th
1123,cross,0.625548,0.13802,0.138855,0.625688,0.015,0.092857,Bellevue_150th_SE38th
1124,cross,0.601366,0.117897,0.124278,0.783571,0.000317,0.104206,Bellevue_150th_SE38th
1125,cross,0.578414,0.115319,0.126123,0.710079,0.144603,0.028333,Bellevue_150th_SE38th
1126,cross,0.618207,0.132096,0.122733,0.692024,0.173214,0.056429,Bellevue_150th_SE38th
1127,cross,0.545363,0.101163,0.103064,0.724127,0.006667,0.132672,Bellevue_150th_SE38th
1128,cross,0.555581,0.071271,0.103219,0.693333,0.030556,0.111111,Bellevue_150th_SE38th
1129,cross,0.537706,0.093195,0.10749,0.5,0.0,0.116667,Bellevue_150th_SE38th
1130,cross,0.389371,0.0511,0.053841,0.508333,0.083333,0.016667,Bellevue_150th_SE38th
1131,cross,0.559782,0.096295,0.105277,0.572302,0.023333,0.186111,Bellevue_150th_SE38th
1132,cross,0.557508,0.098556,0.105966,0.866667,0.516667,0.1,Bellevue_150th_SE38th
1133,cross,0.42244,0.05708,0.056824,1.0,0.777778,0.033333,Bellevue_150th_SE38th
1134,cross,0.40179,0.032786,0.043054,0.671071,0.201389,0.044167,Bellevue_150th_SE38th
1135,cross,0.553996,0.08998,0.106836,0.562778,0.058333,0.101111,Bellevue_150th_SE38th
1136,cross,0.405369,0.04791,0.052993,0.35,-0.033333,0.083333,Bellevue_150th_SE38th
1137,cross,0.544567,0.09098,0.118111,0.538889,0.0,0.066667,Bellevue_150th_SE38th
1138,cross,0.405676,0.023102,0.040058,0.266667,0.0,0.0,Bellevue_150th_SE38th
1139,cross,0.411102,0.025069,0.037676,0.1,0.0,0.0,Bellevue_150th_SE38th
1140,cross,0.379983,0.031149,0.046546,0.133333,0.0,0.0,Bellevue_150th_SE38th
1141,cross,0.538096,0.087039,0.106475,0.446111,0.0,0.033333,Bellevue_150th_SE38th
1142,cross,0.375719,0.036177,0.045101,0.516667,0.027778,0.066667,Bellevue_150th_SE38th
1143,cross,0.350003,0.029655,0.040815,0.333333,0.0,0.0,Bellevue_150th_SE38th
1144,cross,0.447338,0.03301,0.045393,0.433333,0.066667,0.133333,Bellevue_150th_SE38th
1145,cross,0.430938,0.061609,0.05973,0.75,0.075,0.097222,Bellevue_150th_SE38th
1146,cross,0.540278,0.090297,0.104755,0.513889,0.016667,0.086111,Bellevue_150th_SE38th
1147,cross,0.565889,0.121529,0.120709,0.972222,0.066667,0.0,Bellevue_150th_SE38th
1148,cross,0.564306,0.104085,0.118843,0.768611,0.045556,0.031667,Bellevue_150th_SE38th
1149,cross,0.357943,0.033729,0.039324,0.735344,0.12037,0.029299,Bellevue_150th_SE38th
1150,cross,0.48798,0.080251,0.083376,0.605847,-0.016667,0.035714,Bellevue_150th_SE38th
1151,cross,0.424774,0.040665,0.080867,0.312698,0.083333,0.040873,Bellevue_150th_SE38th
1152,cross,0.467812,0.062437,0.072809,0.31,-0.05,0.073333,Bellevue_150th_SE38th
1153,cross,0.351981,0.019597,0.035381,0.4,0.0,0.0,Bellevue_150th_SE38th
1154,cross,0.374832,0.018744,0.032885,0.233333,0.0,0.0,Bellevue_150th_SE38th
1155,cross,0.412054,0.023625,0.037228,0.452222,0.040556,0.081667,Bellevue_150th_SE38th
1156,cross,0.538744,0.086548,0.106281,0.729167,0.112222,0.057222,Bellevue_150th_SE38th
1157,cross,0.616741,0.126437,0.127119,0.494524,0.031984,0.059444,Bellevue_150th_SE38th
1158,cross,0.472465,0.066739,0.083376,0.48881,0.027778,0.062222,Bellevue_150th_SE38th
1159,cross,0.405379,0.027732,0.039252,0.586667,-0.044444,0.145556,Bellevue_150th_SE38th
1160,cross,0.573343,0.092921,0.118149,0.241667,0.016667,0.025,Bellevue_150th_SE38th
1161,cross,0.539254,0.099102,0.104669,0.907431,0.2,0.095,Bellevue_150th_SE38th
1162,cross,0.528727,0.099268,0.101455,0.632645,0.068704,0.06791,Bellevue_150th_SE38th
1163,cross,0.613616,0.123092,0.12902,0.616508,0.047037,0.0425,Bellevue_150th_SE38th
1164,cross,0.479516,0.064794,0.082771,0.621111,0.127778,0.122222,Bellevue_150th_SE38th
1165,cross,0.48631,0.065124,0.086384,0.61,0.09,0.061111,Bellevue_150th_SE38th
1166,cross,0.362912,0.021919,0.036799,0.333333,0.077778,0.0,Bellevue_150th_SE38th
1167,cross,0.383801,0.043613,0.04899,0.438889,-0.041667,0.161111,Bellevue_150th_SE38th
1168,cross,0.381524,0.036454,0.047693,0.166667,0.0,0.0,Bellevue_150th_SE38th
1169,cross,0.380719,0.01951,0.033823,0.233333,0.0,0.0,Bellevue_150th_SE38th
1170,cross,0.401448,0.023957,0.036639,0.572222,0.166667,0.0,Bellevue_150th_SE38th
1171,cross,0.400656,0.042559,0.052759,0.533333,0.072222,0.061111,Bellevue_150th_SE38th
1172,cross,0.434648,0.052651,0.067162,0.488889,0.113889,0.069444,Bellevue_150th_SE38th
1173,cross,0.417001,0.052569,0.055863,0.372222,0.0,0.116667,Bellevue_150th_SE38th
1174,cross,0.405521,0.023061,0.037161,0.166667,0.0,0.0,Bellevue_150th_SE38th
1175,cross,0.398575,0.022849,0.035212,0.391667,0.033333,0.033333,Bellevue_150th_SE38th
1176,cross,0.540162,0.083019,0.096216,0.537778,-0.033333,0.144444,Bellevue_150th_SE38th
1177,cross,0.35293,0.025006,0.038044,0.455556,0.094444,0.033333,Bellevue_150th_SE38th
1178,cross,0.50117,0.067584,0.098625,0.594444,0.223333,0.033333,Bellevue_150th_SE38th
1179,cross,0.521567,0.069242,0.097957,0.544444,0.033333,0.044444,Bellevue_150th_SE38th
1180,cross,0.411531,0.047968,0.063593,0.595556,0.022222,0.038889,Bellevue_150th_SE38th
1181,cross,0.374126,0.040044,0.044784,0.3,0.0,0.0,Bellevue_150th_SE38th
1182,cross,0.407545,0.042242,0.063887,0.483333,0.016667,0.016667,Bellevue_150th_SE38th
1183,cross,0.415605,0.023749,0.037364,0.366667,0.0,0.0,Bellevue_150th_SE38th
1184,cross,0.405223,0.036851,0.049408,0.2,0.0,0.0,Bellevue_150th_SE38th
1185,cross,0.423207,0.046913,0.07161,0.550556,0.058333,0.115,Bellevue_150th_SE38th
1186,cross,0.486777,0.077233,0.078561,0.422222,0.044444,0.0,Bellevue_150th_SE38th
1187,cross,0.4946,0.076254,0.086938,0.566627,0.014484,0.045278,Bellevue_150th_SE38th
1188,cross,0.526737,0.094526,0.10609,0.489444,0.011111,0.083333,Bellevue_150th_SE38th
1189,cross,0.467482,0.075263,0.079068,0.397222,0.111111,0.016667,Bellevue_150th_SE38th
1190,cross,0.399847,0.022893,0.036028,0.3,0.0,0.0,Bellevue_150th_SE38th
1191,cross,0.368575,0.032664,0.040257,0.692024,0.1375,0.061667,Bellevue_150th_SE38th
1192,cross,0.484236,0.081926,0.085452,0.625,0.0,0.033333,Bellevue_150th_SE38th
1193,cross,0.514787,0.070151,0.115999,0.233333,0.0,0.0,Bellevue_150th_SE38th
1194,cross,0.409622,0.047947,0.063604,0.333333,0.011111,0.072222,Bellevue_150th_SE38th
1195,cross,0.350124,0.017747,0.034601,0.366667,-0.066667,0.166667,Bellevue_150th_SE38th
1196,cross,0.454177,0.059394,0.076582,0.466667,0.066667,0.066667,Bellevue_150th_SE38th
1197,cross,0.373228,0.042475,0.044274,0.591905,-0.066667,0.108333,Bellevue_150th_SE38th
1198,cross,0.441293,0.064105,0.068567,0.430556,-0.016667,0.052778,Bellevue_150th_SE38th
1199,cross,0.409257,0.062187,0.057301,0.333333,0.0,0.0,Bellevue_150th_SE38th
1200,cross,0.364398,0.02384,0.034913,0.533333,0.0,0.0,Bellevue_150th_SE38th
1201,cross,0.431979,0.023886,0.038635,0.233333,0.0,0.0,Bellevue_150th_SE38th
1202,cross,0.398759,0.027563,0.040545,0.4,0.0,0.0,Bellevue_150th_SE38th
1203,cross,0.395685,0.054636,0.052337,0.425,-0.021111,0.09,Bellevue_150th_SE38th
1204,cross,0.379618,0.039097,0.048364,0.41,0.0,0.066667,Bellevue_150th_SE38th
1205,cross,0.491184,0.063836,0.077228,0.677209,0.094921,0.105873,Bellevue_150th_SE38th
1206,cross,0.616911,0.136555,0.12783,0.643466,0.034683,0.050635,Bellevue_150th_SE38th
1207,cross,0.568358,0.109216,0.115003,0.664286,0.088651,0.102619,Bellevue_150th_SE38th
1208,cross,0.558922,0.09952,0.108177,0.482222,-0.044444,0.138889,Bellevue_150th_SE38th
1209,cross,0.465438,0.06269,0.08284,0.408333,-0.022222,0.166667,Bellevue_150th_SE38th
1210,cross,0.560504,0.103057,0.113201,0.355556,-0.011111,0.0,Bellevue_150th_SE38th
1211,cross,0.417392,0.022898,0.036247,0.533333,0.0,0.0,Bellevue_150th_SE38th
1212,cross,0.434427,0.025711,0.038739,0.348016,-0.066667,0.088889,Bellevue_150th_SE38th
1213,cross,0.399744,0.039266,0.044936,0.433333,0.0,0.0,Bellevue_150th_SE38th
1214,cross,0.383107,0.020035,0.033364,0.1,0.0,0.0,Bellevue_150th_SE38th
1215,cross,0.350052,0.017138,0.031856,0.433333,0.05,0.0,Bellevue_150th_SE38th
1216,cross,0.474261,0.055897,0.067217,0.575238,0.05,0.04,Bellevue_150th_SE38th
1217,cross,0.400194,0.048967,0.055821,0.675238,0.05,0.041667,Bellevue_150th_SE38th
1218,cross,0.471214,0.070842,0.077303,0.654868,0.011111,0.0,Bellevue_150th_SE38th
1219,cross,0.55347,0.091092,0.116392,0.394444,-0.013889,0.038889,Bellevue_150th_SE38th
1220,cross,0.488243,0.081484,0.080988,0.552778,0.083333,0.036111,Bellevue_150th_SE38th
1221,cross,0.401744,0.050207,0.051809,0.555,0.102778,0.05,Bellevue_150th_SE38th
1222,cross,0.573586,0.103469,0.115187,0.471111,0.109444,0.086111,Bellevue_150th_SE38th
1223,cross,0.360567,0.023716,0.033435,0.4,0.0,0.0,Bellevue_150th_SE38th
1224,cross,0.378455,0.04727,0.044522,0.786692,0.157514,0.123918,Bellevue_150th_SE38th
1225,cross,0.597349,0.142649,0.116127,0.708439,0.080675,0.080093,Bellevue_150th_SE38th
1226,cross,0.596583,0.101848,0.12004,0.466667,0.0,0.0,Bellevue_150th_SE38th
1227,cross,0.389986,0.030604,0.038812,0.616667,0.1,0.066667,Bellevue_150th_SE38th
1228,cross,0.460836,0.061517,0.074199,0.454444,0.033333,0.015,Bellevue_150th_SE38th
1229,cross,0.588847,0.114266,0.129771,0.738532,0.063413,0.177778,Bellevue_150th_SE38th
1230,cross,0.586922,0.121411,0.12684,0.601746,0.111905,0.046429,Bellevue_150th_SE38th
1231,cross,0.634675,0.132524,0.129477,0.594683,0.00381,0.067063,Bellevue_150th_SE38th
1232,cross,0.589431,0.103124,0.120637,0.3,-0.008333,0.033333,Bellevue_150th_SE38th
1233,cross,0.396334,0.04305,0.05878,0.606111,0.066667,0.061111,Bellevue_150th_SE38th
1234,cross,0.480788,0.066128,0.084896,0.635675,0.009444,0.078968,Bellevue_150th_SE38th
1235,cross,0.421075,0.058726,0.059795,0.670833,0.017778,0.033333,Bellevue_150th_SE38th
1236,cross,0.582164,0.106441,0.125053,0.654881,0.052024,0.045,Bellevue_150th_SE38th
1237,cross,0.525051,0.089255,0.101646,0.715595,0.066706,0.048333,Bellevue_150th_SE38th
1238,cross,0.593817,0.104897,0.125946,0.610278,0.147222,0.091667,Bellevue_150th_SE38th
1239,cross,0.555185,0.097001,0.103159,0.529444,0.002778,0.119444,Bellevue_150th_SE38th
1240,cross,0.372675,0.035737,0.046968,0.5,0.0,0.0,Bellevue_150th_SE38th
1241,cross,0.382226,0.043794,0.046182,0.403175,0.025,0.075,Bellevue_150th_SE38th
1242,cross,0.467356,0.060476,0.085034,0.351667,-0.022222,0.052778,Bellevue_150th_SE38th
1243,cross,0.429263,0.067327,0.064047,0.95,0.4,0.133333,Bellevue_150th_SE38th
1244,cross,0.418356,0.055027,0.055151,0.707222,0.180556,0.069444,Bellevue_150th_SE38th
1245,cross,0.526468,0.067295,0.100294,0.266667,0.0,0.0,Bellevue_150th_SE38th
1246,cross,0.423226,0.052371,0.067605,0.617778,0.074722,0.087222,Bellevue_150th_SE38th
1247,cross,0.537469,0.093941,0.107232,0.838386,0.108333,0.0625,Bellevue_150th_SE38th
1248,cross,0.587546,0.099264,0.116569,0.562222,0.077778,0.067778,Bellevue_150th_SE38th
1249,cross,0.413672,0.047788,0.059506,0.333333,0.0,0.0,Bellevue_150th_SE38th
1250,cross,0.397864,0.021224,0.035096,0.4,0.0,0.0,Bellevue_150th_SE38th
1251,cross,0.412905,0.022833,0.036671,0.572222,0.116667,0.083333,Bellevue_150th_SE38th
1252,cross,0.346659,0.03106,0.036685,0.4,-0.033333,0.05,Bellevue_150th_SE38th
1253,cross,0.368546,0.021243,0.036685,0.366667,0.0,0.0,Bellevue_150th_SE38th
1254,cross,0.408776,0.036593,0.047163,0.512064,0.15,0.055556,Bellevue_150th_SE38th
1255,cross,0.536678,0.103698,0.106528,0.524444,-0.023333,0.023333,Bellevue_150th_SE38th
1256,cross,0.498042,0.081653,0.085289,0.551667,0.016667,0.046667,Bellevue_150th_SE38th
1257,cross,0.413615,0.045008,0.057348,0.333333,-0.033333,0.033333,Bellevue_150th_SE38th
1258,cross,0.376134,0.028484,0.041822,0.735,0.244444,0.041667,Bellevue_150th_SE38th
1259,cross,0.385383,0.024939,0.035394,0.4,0.0,0.0,Bellevue_150th_SE38th
1260,cross,0.413084,0.022259,0.03585,0.333333,0.0,0.0,Bellevue_150th_SE38th
1261,cross,0.373208,0.03396,0.04598,0.233333,0.0,0.016667,Bellevue_150th_SE38th
1262,cross,0.546871,0.098297,0.107649,0.476667,0.120556,0.044444,Bellevue_150th_SE38th
1263,cross,0.538264,0.089302,0.110036,0.266667,0.066667,0.033333,Bellevue_150th_SE38th
1264,cross,0.559101,0.093073,0.105645,0.433333,0.016667,0.0,Bellevue_150th_SE38th
1265,cross,0.393623,0.040933,0.056096,0.672222,0.061111,0.044444,Bellevue_150th_SE38th
1266,cross,0.378161,0.047038,0.048585,0.433333,0.0,0.0,Bellevue_150th_SE38th
1267,cross,0.407672,0.024796,0.037208,0.374048,0.050952,0.046389,Bellevue_150th_SE38th
1268,cross,0.606683,0.126944,0.117124,0.559921,0.065476,0.092857,Bellevue_150th_SE38th
1269,cross,0.414327,0.048456,0.058565,0.316667,0.0,0.033333,Bellevue_150th_SE38th
1270,cross,0.364682,0.019128,0.034979,0.522222,0.011111,0.05,Bellevue_150th_SE38th
1271,cross,0.412849,0.057602,0.057485,0.447222,0.005556,0.044444,Bellevue_150th_SE38th
1272,cross,0.539859,0.088556,0.10315,0.3,0.033333,0.0,Bellevue_150th_SE38th
1273,cross,0.43012,0.047541,0.065125,0.338889,0.016667,0.0,Bellevue_150th_SE38th
1274,cross,0.490932,0.074717,0.088857,0.73619,0.033413,0.070556,Bellevue_150th_SE38th
1275,cross,0.583758,0.12281,0.115298,0.652068,0.097278,0.071258,Bellevue_150th_SE38th
1276,cross,0.625153,0.148401,0.133929,0.634074,0.035556,0.097302,Bellevue_150th_SE38th
1277,cross,0.502655,0.078523,0.089358,0.35,0.066667,0.055556,Bellevue_150th_SE38th
1278,cross,0.392768,0.035507,0.046879,0.45,-0.016667,0.0,Bellevue_150th_SE38th
1279,cross,0.435263,0.03589,0.051453,0.458889,-0.016667,0.056667,Bellevue_150th_SE38th
1280,cross,0.612734,0.134008,0.126191,0.766667,0.066667,0.166667,Bellevue_150th_SE38th
1281,cross,0.571105,0.074812,0.104354,0.504444,-0.016667,0.161111,Bellevue_150th_SE38th
1282,cross,0.408281,0.046529,0.055962,0.583889,0.1,0.056667,Bellevue_150th_SE38th
1283,cross,0.35927,0.032498,0.037852,0.266667,0.0,0.0,Bellevue_150th_SE38th
1284,cross,0.372178,0.045428,0.044362,0.380556,0.111111,0.041667,Bellevue_150th_SE38th
1285,cross,0.436326,0.063494,0.066381,0.386111,0.0,0.0,Bellevue_150th_SE38th
1286,cross,0.532576,0.10149,0.105171,0.266667,-0.033333,0.033333,Bellevue_150th_SE38th
1287,cross,0.601203,0.115632,0.133676,0.35,0.066667,0.033333,Bellevue_150th_SE38th
1288,cross,0.404358,0.022156,0.038398,0.316667,0.05,0.033333,Bellevue_150th_SE38th
1289,cross,0.498134,0.064149,0.080135,0.422222,-0.077778,0.027778,Bellevue_150th_SE38th
1290,cross,0.368947,0.02028,0.033239,0.35,0.016667,0.016667,Bellevue_150th_SE38th
1291,cross,0.467863,0.062426,0.074883,0.516667,-0.016667,0.1,Bellevue_150th_SE38th
1292,cross,0.380097,0.03338,0.04679,0.488889,-0.044444,0.113889,Bellevue_150th_SE38th
1293,cross,0.402835,0.036549,0.05953,0.233333,0.0,0.0,Bellevue_150th_SE38th
1294,cross,0.353741,0.016918,0.031462,0.333333,0.0,0.0,Bellevue_150th_SE38th
1295,cross,0.408228,0.0321,0.041265,0.4,-0.0,0.055556,Bellevue_150th_SE38th
1296,cross,0.396257,0.040164,0.053014,0.3,0.0,0.0,Bellevue_150th_SE38th
1297,cross,0.494561,0.077887,0.088101,0.586667,0.022222,0.095556,Bellevue_150th_SE38th
1298,cross,0.394661,0.046728,0.055789,0.3,0.066667,0.05,Bellevue_150th_SE38th
1299,cross,0.568012,0.123263,0.112883,0.361111,0.05,0.0,Bellevue_150th_SE38th
1300,cross,0.581007,0.124378,0.120842,0.605556,0.016667,0.011111,Bellevue_150th_SE38th
1301,cross,0.554262,0.092522,0.108657,0.533333,0.033333,0.0,Bellevue_150th_SE38th
1302,cross,0.446817,0.072507,0.07002,0.605556,-0.016667,0.066667,Bellevue_150th_SE38th
1303,cross,0.392948,0.037251,0.050358,0.3,0.0,0.0,Bellevue_150th_SE38th
1304,cross,0.375576,0.036334,0.048919,0.361587,-0.013889,0.041667,Bellevue_150th_SE38th
1305,cross,0.390548,0.040282,0.054388,0.2,0.0,0.0,Bellevue_150th_SE38th
1306,cross,0.382369,0.018439,0.032854,0.233333,0.0,0.0,Bellevue_150th_SE38th
1307,cross,0.41199,0.022112,0.035658,0.333333,0.0,0.0,Bellevue_150th_SE38th
1308,cross,0.412392,0.023117,0.036036,0.433333,0.0,0.0,Bellevue_150th_SE38th
1309,cross,0.433197,0.053334,0.052933,0.533333,0.0,0.116667,Bellevue_150th_SE38th
1310,cross,0.602305,0.11458,0.137354,0.661667,0.04,0.115,Bellevue_150th_SE38th
1311,cross,0.453446,0.06497,0.079345,0.722222,-0.05,0.35,Bellevue_150th_SE38th
1312,cross,0.528814,0.085064,0.094095,0.711111,0.057222,0.035556,Bellevue_150th_SE38th
1313,cross,0.433685,0.070199,0.06434,0.593016,0.005556,0.0,Bellevue_150th_SE38th
1314,cross,0.482828,0.075219,0.086906,0.466667,-0.05,0.166667,Bellevue_150th_SE38th
1315,cross,0.357909,0.022617,0.037341,0.233333,0.0,0.011111,Bellevue_150th_SE38th
1316,cross,0.383394,0.019544,0.033491,0.2,0.0,0.0,Bellevue_150th_SE38th
1317,cross,0.409829,0.037821,0.056806,0.269444,-0.027778,0.077778,Bellevue_150th_SE38th
1318,cross,0.584985,0.093434,0.107733,0.552778,-0.025,0.077778,Bellevue_150th_SE38th
1319,cross,0.444858,0.054548,0.063154,0.622222,0.215,0.033333,Bellevue_150th_SE38th
1320,cross,0.551853,0.104776,0.116055,0.516667,0.049206,0.154762,Bellevue_150th_SE38th
1321,cross,0.496676,0.053239,0.08627,0.380556,0.033333,0.033333,Bellevue_150th_SE38th
1322,cross,0.438468,0.057056,0.070541,0.394444,0.102778,0.033333,Bellevue_150th_SE38th
1323,cross,0.378619,0.044642,0.044319,0.676667,0.116667,0.033333,Bellevue_150th_SE38th
1324,cross,0.48703,0.05995,0.090311,0.566667,0.041667,0.033333,Bellevue_150th_SE38th
1325,cross,0.496823,0.056093,0.082814,0.849444,0.028889,0.142778,Bellevue_150th_SE38th
1326,cross,0.510892,0.08369,0.096287,0.678889,0.083333,0.008333,Bellevue_150th_SE38th
1327,cross,0.376297,0.038462,0.047605,0.583333,-0.019444,0.016667,Bellevue_150th_SE38th
1328,cross,0.597692,0.121131,0.131237,0.566667,0.028889,0.038889,Bellevue_150th_SE38th
1329,cross,0.502841,0.065356,0.092425,0.433333,0.0,0.0,Bellevue_150th_SE38th
1330,cross,0.41579,0.036341,0.050424,0.441667,0.055556,0.033333,Bellevue_150th_SE38th
1331,cross,0.456326,0.058314,0.070058,0.616667,-0.1,0.2,Bellevue_150th_SE38th
1332,cross,0.411547,0.046904,0.060721,0.443333,-0.112222,0.044444,Bellevue_150th_SE38th
1333,cross,0.505221,0.082989,0.08892,0.297222,-0.044444,0.075,Bellevue_150th_SE38th
1334,cross,0.367861,0.043929,0.044577,0.455556,-0.016667,0.027778,Bellevue_150th_SE38th
1335,cross,0.365426,0.020132,0.035172,0.266667,0.0,0.0,Bellevue_150th_SE38th
1336,cross,0.390844,0.019218,0.033088,0.4,0.0,0.033333,Bellevue_150th_SE38th
1337,cross,0.518963,0.057545,0.072617,0.266667,0.033333,0.15,Bellevue_150th_SE38th
1338,cross,0.36751,0.01919,0.035275,0.333333,0.0,0.0,Bellevue_150th_SE38th
1339,cross,0.408043,0.019111,0.033837,0.4,0.0,0.0,Bellevue_150th_SE38th
1340,cross,0.429405,0.022573,0.036157,0.288889,-0.066667,0.033333,Bellevue_150th_SE38th
1341,cross,0.544631,0.062831,0.082239,0.480556,0.066667,0.05,Bellevue_150th_SE38th
1342,cross,0.412979,0.046183,0.048427,0.535556,0.083333,0.011111,Bellevue_150th_SE38th
1343,cross,0.468055,0.068063,0.073118,0.540556,-0.061111,0.066667,Bellevue_150th_SE38th
1344,cross,0.54096,0.082372,0.102208,0.466667,0.0,0.016667,Bellevue_150th_SE38th
1345,cross,0.42225,0.015335,0.032991,0.3,0.0,0.0,Bellevue_150th_SE38th
1346,cross,0.434575,0.024227,0.037465,0.541667,0.075,0.097222,Bellevue_150th_SE38th
1347,cross,0.595739,0.11172,0.118065,0.584841,0.068333,0.093889,Bellevue_150th_SE38th
1348,cross,0.621945,0.124587,0.146712,0.577778,0.044444,0.1,Bellevue_150th_SE38th
1349,cross,0.510624,0.056666,0.078343,0.503333,0.084444,0.017778,Bellevue_150th_SE38th
1350,cross,0.395985,0.031183,0.039549,0.469444,-0.033333,0.055556,Bellevue_150th_SE38th
1351,cross,0.475951,0.063979,0.071512,0.53246,0.088095,0.060556,Bellevue_150th_SE38th
1352,cross,0.492268,0.065328,0.085776,0.516667,0.133333,0.033333,Bellevue_150th_SE38th
1353,cross,0.475681,0.071414,0.074128,0.434127,-0.041667,0.041667,Bellevue_150th_SE38th
1354,cross,0.489472,0.045525,0.074507,0.233333,0.0,0.0,Bellevue_150th_SE38th
1355,cross,0.424341,0.024964,0.037694,0.233333,0.0,0.0,Bellevue_150th_SE38th
1356,cross,0.406169,0.043858,0.061338,0.541111,0.01,0.073333,Bellevue_150th_SE38th
1357,cross,0.354905,0.019871,0.035764,0.2,0.0,0.0,Bellevue_150th_SE38th
1358,cross,0.385438,0.037167,0.049777,0.416667,-0.066667,0.066667,Bellevue_150th_SE38th
1359,cross,0.433313,0.023509,0.036865,0.380556,0.016667,0.05,Bellevue_150th_SE38th
1360,cross,0.369059,0.022629,0.036539,0.338889,-0.022222,0.122222,Bellevue_150th_SE38th
1361,cross,0.505173,0.075274,0.091477,0.695714,0.0,0.013333,Bellevue_150th_SE38th
1362,cross,0.489511,0.081122,0.08753,0.638333,0.052778,0.055556,Bellevue_150th_SE38th
1363,cross,0.514894,0.066967,0.088491,0.491349,0.075,0.011111,Bellevue_150th_SE38th
1364,cross,0.394266,0.03267,0.040087,0.566587,0.146667,0.03254,Bellevue_150th_SE38th
1365,cross,0.60113,0.114884,0.126448,0.622774,-0.005278,0.040317,Bellevue_150th_SE38th
1366,cross,0.472209,0.066209,0.080358,0.301667,0.0,0.0,Bellevue_150th_SE38th
1367,cross,0.384047,0.02169,0.035595,0.083333,-0.233333,0.166667,Bellevue_150th_SE38th
1368,cross,0.412557,0.048164,0.062781,0.616667,0.016667,0.1,Bellevue_150th_SE38th
1369,cross,0.5151,0.067739,0.08215,0.4,0.033333,0.0,Bellevue_150th_SE38th
1370,cross,0.426145,0.051141,0.05334,0.333333,-0.033333,0.016667,Bellevue_150th_SE38th
1371,cross,0.414695,0.023491,0.046032,0.316667,0.133333,0.033333,Bellevue_150th_SE38th
1372,cross,0.491976,0.068402,0.079641,0.648889,0.088889,0.077778,Bellevue_150th_SE38th
1373,cross,0.367997,0.041625,0.043234,0.308333,0.022222,0.0,Bellevue_150th_SE38th
1374,cross,0.410946,0.051999,0.055275,0.458333,-0.033333,0.05,Bellevue_150th_SE38th
1375,cross,0.42865,0.028302,0.038567,0.65,0.116667,0.033333,Bellevue_150th_SE38th
1376,cross,0.388692,0.044269,0.047904,0.471111,0.027778,0.133333,Bellevue_150th_SE38th
1377,cross,0.365247,0.030252,0.042175,0.3,0.0,0.0,Bellevue_150th_SE38th
1378,cross,0.396023,0.021959,0.034777,0.385,-0.05,0.061111,Bellevue_150th_SE38th
1379,cross,0.457835,0.064282,0.076678,0.55,0.016667,0.083333,Bellevue_150th_SE38th
1380,cross,0.602376,0.099469,0.115515,0.516667,0.033333,0.0,Bellevue_150th_SE38th
1381,cross,0.453602,0.029282,0.041409,0.572222,0.1,0.116667,Bellevue_150th_SE38th
1382,cross,0.483322,0.078158,0.077654,0.729868,0.008333,0.039444,Bellevue_150th_SE38th
1383,cross,0.550439,0.103118,0.110918,0.683254,0.118095,0.017778,Bellevue_150th_SE38th
1384,cross,0.509417,0.073905,0.104992,0.355556,0.1,0.05,Bellevue_150th_SE38th
1385,cross,0.558831,0.104119,0.108394,0.383016,0.060317,0.056667,Bellevue_150th_SE38th
1386,cross,0.594603,0.121403,0.115297,0.566032,0.036111,0.083333,Bellevue_150th_SE38th
1387,cross,0.5872,0.115054,0.123498,0.72,0.214444,0.070556,Bellevue_150th_SE38th
1388,cross,0.5791,0.11465,0.11329,0.559921,0.040873,0.075,Bellevue_150th_SE38th
1389,cross,0.418888,0.023333,0.036682,0.422778,0.066111,0.058333,Bellevue_150th_SE38th
1390,cross,0.579767,0.107683,0.110807,0.381111,0.023333,0.066111,Bellevue_150th_SE38th
1391,cross,0.372562,0.019386,0.03537,0.333333,0.0,0.0,Bellevue_150th_SE38th
1392,cross,0.385092,0.015356,0.029562,0.2,0.0,0.0,Bellevue_150th_SE38th
1393,cross,0.362257,0.021012,0.03406,0.333333,0.0,0.0,Bellevue_150th_SE38th
1394,cross,0.391028,0.019313,0.03331,0.383333,-0.05,0.066667,Bellevue_150th_SE38th
1395,cross,0.372708,0.033117,0.046788,0.3,0.083333,0.0,Bellevue_150th_SE38th
1396,cross,0.394633,0.054535,0.051646,0.697778,0.222222,0.125,Bellevue_150th_SE38th
1397,cross,0.488504,0.083469,0.080817,0.755397,0.065278,0.114802,Bellevue_150th_SE38th
1398,cross,0.393723,0.045239,0.047637,0.743519,0.116667,0.083333,Bellevue_150th_SE38th
1399,cross,0.394593,0.050188,0.050975,0.693796,0.024683,0.027024,Bellevue_150th_SE38th
1400,cross,0.574978,0.098862,0.117319,0.526667,-0.025,0.15,Bellevue_150th_SE38th
1401,cross,0.372503,0.035917,0.046394,0.266667,0.0,0.0,Bellevue_150th_SE38th
1402,cross,0.35982,0.015226,0.031169,0.455556,0.05,0.0,Bellevue_150th_SE38th
1403,cross,0.49559,0.064151,0.079496,0.238889,0.0,0.033333,Bellevue_150th_SE38th
1404,cross,0.386845,0.030758,0.045192,0.433333,0.066667,0.05,Bellevue_150th_SE38th
1405,cross,0.456597,0.05705,0.078539,0.748585,0.01,0.043333,Bellevue_150th_SE38th
1406,cross,0.612533,0.119613,0.128238,0.716746,0.08623,0.061151,Bellevue_150th_SE38th
1407,cross,0.565429,0.091751,0.116109,0.166667,0.0,0.0,Bellevue_150th_SE38th
1408,cross,0.389677,0.053308,0.051085,0.405556,-0.022222,0.033333,Bellevue_150th_SE38th
1409,cross,0.351536,0.018622,0.0354,0.426667,0.05,0.0,Bellevue_150th_SE38th
1410,cross,0.502001,0.07496,0.087227,0.507222,0.016667,0.016667,Bellevue_150th_SE38th
1411,cross,0.39746,0.041743,0.056699,0.3,-0.066667,0.0,Bellevue_150th_SE38th
1412,cross,0.408396,0.023375,0.037185,0.333333,0.0,0.0,Bellevue_150th_SE38th
1413,cross,0.371046,0.042374,0.047986,0.596111,0.045556,0.141667,Bellevue_150th_SE38th
1414,cross,0.531237,0.101419,0.106458,0.676111,0.01877,0.026984,Bellevue_150th_SE38th
1415,cross,0.58794,0.116009,0.125762,0.59881,-0.027778,0.083333,Bellevue_150th_SE38th
1416,cross,0.400263,0.041298,0.052276,0.433333,0.033333,0.033333,Bellevue_150th_SE38th
1417,cross,0.494423,0.063228,0.083902,0.54246,-0.066667,0.121429,Bellevue_150th_SE38th
1418,cross,0.37402,0.024226,0.036089,0.722222,0.183333,0.0,Bellevue_150th_SE38th
1419,cross,0.581261,0.118066,0.111466,0.477778,0.036111,0.041667,Bellevue_150th_SE38th
1420,cross,0.539701,0.089888,0.100441,0.533333,0.027778,0.033333,Bellevue_150th_SE38th
1421,cross,0.419959,0.022301,0.03593,0.266667,0.0,0.0,Bellevue_150th_SE38th
1422,cross,0.396125,0.012022,0.029648,0.2,0.0,0.0,Bellevue_150th_SE38th
1423,cross,0.409996,0.020702,0.03461,0.433333,-0.066667,0.033333,Bellevue_150th_SE38th
1424,cross,0.567643,0.07409,0.099332,0.466667,0.0,0.0,Bellevue_150th_SE38th
1425,cross,0.366089,0.027356,0.037433,0.497222,0.0,0.0,Bellevue_150th_SE38th
1426,cross,0.545489,0.088181,0.104069,0.434921,0.022222,0.044444,Bellevue_150th_SE38th
1427,cross,0.365862,0.019572,0.036002,0.266667,0.0,0.0,Bellevue_150th_SE38th
1428,cross,0.451674,0.051456,0.075466,0.966667,0.0,0.0,Bellevue_150th_SE38th
1429,cross,0.568356,0.112597,0.116673,0.622222,0.005556,0.05,Bellevue_150th_SE38th
1430,cross,0.364764,0.020593,0.03628,0.166667,0.0,0.0,Bellevue_150th_SE38th
1431,cross,0.387736,0.019293,0.032865,0.333333,0.0,0.0,Bellevue_150th_SE38th
1432,cross,0.405873,0.020695,0.034263,0.233333,0.0,0.0,Bellevue_150th_SE38th
1433,cross,0.404059,0.019562,0.034018,0.533333,0.0,0.0,Bellevue_150th_SE38th
1434,cross,0.39984,0.01997,0.033672,0.266667,0.0,0.0,Bellevue_150th_SE38th
1435,cross,0.400209,0.019576,0.033565,0.2,0.0,0.0,Bellevue_150th_SE38th
1436,cross,0.402967,0.020255,0.034057,0.266667,0.0,0.0,Bellevue_150th_SE38th
1437,cross,0.41813,0.025945,0.037853,0.4,0.0,0.0,Bellevue_150th_SE38th
1438,cross,0.398818,0.016069,0.032085,0.452778,-0.013889,0.011111,Bellevue_150th_SE38th
1439,cross,0.60839,0.11762,0.124073,0.158333,-0.016667,0.0,Bellevue_150th_SE38th
1440,cross,0.401836,0.03623,0.043978,0.461111,-0.033333,0.041667,Bellevue_150th_SE38th
1441,cross,0.423667,0.047582,0.066154,0.45,0.066667,0.1,Bellevue_150th_SE38th
1442,cross,0.379859,0.020436,0.033939,0.266667,0.0,0.0,Bellevue_150th_SE38th
1443,cross,0.41117,0.023662,0.036491,0.2,0.0,0.0,Bellevue_150th_SE38th
1444,cross,0.408325,0.023087,0.036029,0.166667,0.0,0.0,Bellevue_150th_SE38th
1445,cross,0.412211,0.023007,0.036242,0.5,0.0,0.0,Bellevue_150th_SE38th
1446,cross,0.410399,0.023026,0.036443,0.2,0.0,0.0,Bellevue_150th_SE38th
1447,cross,0.413859,0.024313,0.03694,0.4,0.0,0.0,Bellevue_150th_SE38th
1448,cross,0.404245,0.022676,0.035638,0.333333,0.075,0.0,Bellevue_150th_SE38th
1449,cross,0.469178,0.053988,0.086723,0.56,0.011111,0.066667,Bellevue_150th_SE38th
1450,cross,0.50177,0.088097,0.091708,0.590556,-0.066667,0.1,Bellevue_150th_SE38th
1451,cross,0.579751,0.094286,0.111603,0.433333,0.05,0.033333,Bellevue_150th_SE38th
1452,cross,0.395576,0.043066,0.052945,0.233333,0.0,0.0,Bellevue_150th_SE38th
1453,cross,0.496487,0.063209,0.092253,0.379444,0.05,0.0,Bellevue_150th_SE38th
1454,cross,0.522082,0.092808,0.107214,0.633333,0.027778,0.169444,Bellevue_150th_SE38th
1455,cross,0.538222,0.102253,0.102575,0.3,-0.066667,0.083333,Bellevue_150th_SE38th
1456,cross,0.4235,0.024077,0.037184,0.35,0.1,0.05,Bellevue_150th_SE38th
1457,cross,0.444022,0.053563,0.068214,0.811548,0.077778,0.0525,Bellevue_150th_SE38th
1458,cross,0.55052,0.104365,0.111361,0.64295,-0.006667,0.073466,Bellevue_150th_SE38th
1459,cross,0.524235,0.065463,0.097992,0.266667,0.0,0.0,Bellevue_150th_SE38th
1460,cross,0.396499,0.033579,0.045808,0.133333,0.0,0.0,Bellevue_150th_SE38th
1461,cross,0.388974,0.039922,0.056906,0.5,0.0,0.0,Bellevue_150th_SE38th
1462,cross,0.400307,0.015458,0.031945,0.366667,0.033333,0.0,Bellevue_150th_SE38th
1463,cross,0.41091,0.052868,0.05376,0.866667,0.511111,0.033333,Bellevue_150th_SE38th
1464,cross,0.401162,0.047196,0.049692,0.429444,0.016667,0.066667,Bellevue_150th_SE38th
1465,cross,0.406165,0.021911,0.034381,0.233333,0.0,0.0,Bellevue_150th_SE38th
1466,cross,0.413169,0.029545,0.041578,0.466667,0.0,0.0,Bellevue_150th_SE38th
1467,cross,0.446814,0.066618,0.065138,0.387778,0.0,0.038889,Bellevue_150th_SE38th
1468,cross,0.36923,0.034309,0.041564,0.408333,0.0,0.083333,Bellevue_150th_SE38th
1469,cross,0.41509,0.02484,0.037615,0.233333,0.0,0.0,Bellevue_150th_SE38th
1470,cross,0.40846,0.023413,0.036408,0.438889,0.033333,0.027778,Bellevue_150th_SE38th
1471,cross,0.473707,0.059697,0.071828,0.572222,0.011111,0.0,Bellevue_150th_SE38th
1472,cross,0.562107,0.109839,0.111114,0.466667,0.0,0.0,Bellevue_150th_SE38th
1473,cross,0.535266,0.098581,0.10398,0.537778,0.027778,0.077778,Bellevue_150th_SE38th
1474,cross,0.445269,0.053514,0.066469,0.416667,-0.033333,0.033333,Bellevue_150th_SE38th
1475,cross,0.374409,0.019104,0.032936,0.3,0.0,0.0,Bellevue_150th_SE38th
1476,cross,0.399612,0.021064,0.034415,0.366667,0.0,0.0,Bellevue_150th_SE38th
1477,cross,0.401782,0.022002,0.034872,0.266667,0.0,0.0,Bellevue_150th_SE38th
1478,cross,0.380825,0.011378,0.028832,0.233333,0.0,0.0,Bellevue_150th_SE38th
1479,cross,0.396612,0.018995,0.03285,0.3,0.0,0.0,Bellevue_150th_SE38th
1480,cross,0.404583,0.020378,0.033834,0.533333,0.0,0.0,Bellevue_150th_SE38th
1481,cross,0.392761,0.019933,0.032528,0.2,0.0,0.0,Bellevue_150th_SE38th
1482,cross,0.403769,0.020232,0.034613,0.266667,0.0,0.0,Bellevue_150th_SE38th
1483,cross,0.409258,0.022051,0.035787,0.133333,0.0,0.0,Bellevue_150th_SE38th
1484,cross,0.407463,0.021316,0.035491,0.233333,0.0,0.0,Bellevue_150th_SE38th
1485,cross,0.41341,0.028557,0.038744,0.616667,0.077778,0.05,Bellevue_150th_SE38th
1486,cross,0.489964,0.068845,0.082131,0.597222,0.163333,0.04,Bellevue_150th_SE38th
1487,cross,0.550385,0.103205,0.113696,0.643704,0.14869,0.045397,Bellevue_150th_SE38th
1488,cross,0.612362,0.117841,0.131471,0.266667,0.077778,0.016667,Bellevue_150th_SE38th
1489,cross,0.346738,0.015268,0.031081,0.2,0.0,0.0,Bellevue_150th_SE38th
1490,cross,0.387982,0.016959,0.032285,0.166667,0.0,0.0,Bellevue_150th_SE38th
1491,cross,0.357991,0.022915,0.03329,0.65,-0.005556,0.044444,Bellevue_150th_SE38th
1492,cross,0.507483,0.079828,0.089477,0.85246,0.161151,0.043175,Bellevue_150th_SE38th
1493,cross,0.612055,0.12778,0.120236,0.635556,-0.008889,0.146667,Bellevue_150th_SE38th
1494,cross,0.381149,0.038004,0.04809,0.266667,0.0,0.0,Bellevue_150th_SE38th
1495,cross,0.353043,0.018309,0.032521,0.35,0.1,0.033333,Bellevue_150th_SE38th
1496,cross,0.385688,0.037794,0.046272,0.4,0.016667,0.016667,Bellevue_150th_SE38th
1497,cross,0.387605,0.044869,0.047603,0.244444,-0.011111,0.011111,Bellevue_150th_SE38th
1498,cross,0.450377,0.054101,0.072753,0.455556,0.033333,0.016667,Bellevue_150th_SE38th
1499,cross,0.417058,0.022083,0.035644,0.066667,0.0,0.0,Bellevue_150th_SE38th
1500,cross,0.406572,0.018913,0.03341,0.233333,0.0,0.0,Bellevue_150th_SE38th
1501,cross,0.400795,0.01921,0.033435,0.133333,0.0,0.0,Bellevue_150th_SE38th
1502,cross,0.38587,0.034447,0.04426,0.133333,0.0,0.0,Bellevue_150th_SE38th
1503,cross,0.476809,0.060774,0.083958,0.166667,0.0,0.0,Bellevue_150th_SE38th
1504,cross,0.408118,0.023988,0.036536,0.433333,0.016667,0.0,Bellevue_150th_SE38th
1505,cross,0.411904,0.062773,0.058542,0.304365,0.048016,0.029762,Bellevue_150th_SE38th
1506,cross,0.55633,0.103753,0.116576,0.519286,-0.019762,0.078651,Bellevue_150th_SE38th
1507,cross,0.374436,0.02996,0.039932,0.48746,0.085556,0.118968,Bellevue_150th_SE38th
1508,cross,0.588716,0.113049,0.120785,0.770489,-0.000384,0.034762,Bellevue_150th_SE38th
1509,cross,0.569215,0.114878,0.109731,0.46,0.0,0.016667,Bellevue_150th_SE38th
1510,cross,0.417509,0.022493,0.036007,0.3,0.0,0.0,Bellevue_150th_SE38th
1511,cross,0.398829,0.021428,0.034757,0.166667,0.0,0.0,Bellevue_150th_SE38th
1512,cross,0.406433,0.02819,0.038269,0.683333,0.066667,0.066667,Bellevue_150th_SE38th
1513,cross,0.485819,0.082004,0.083428,0.594841,0.017302,0.063333,Bellevue_150th_SE38th
1514,cross,0.466515,0.062316,0.073995,0.447222,0.005556,0.011111,Bellevue_150th_SE38th
1515,cross,0.377928,0.039824,0.051247,0.266667,0.133333,0.05,Bellevue_150th_SE38th
1516,cross,0.401737,0.046123,0.057956,0.3,0.05,0.061111,Bellevue_150th_SE38th
1517,cross,0.53972,0.074845,0.099888,0.508333,-0.013889,0.063889,Bellevue_150th_SE38th
1518,cross,0.354991,0.020537,0.035425,0.4,0.033333,0.0,Bellevue_150th_SE38th
1519,cross,0.433669,0.051942,0.065259,0.383333,0.066667,0.0,Bellevue_150th_SE38th
1520,cross,0.378362,0.047458,0.0471,0.3,0.0,0.0,Bellevue_150th_SE38th
1521,cross,0.391479,0.02231,0.034983,0.5,0.0,0.0,Bellevue_150th_SE38th
1522,cross,0.401874,0.022932,0.036015,0.233333,0.0,0.033333,Bellevue_150th_SE38th
1523,cross,0.4004,0.022652,0.035609,0.366667,0.0,0.0,Bellevue_150th_SE38th
1524,cross,0.405075,0.02138,0.035321,0.133333,0.0,0.0,Bellevue_150th_SE38th
1525,cross,0.40489,0.023954,0.036157,0.116667,0.033333,0.0,Bellevue_150th_SE38th
1526,cross,0.501016,0.062332,0.078855,0.283333,-0.016667,0.016667,Bellevue_150th_SE38th
1527,cross,0.355405,0.015985,0.031423,0.266667,0.0,0.0,Bellevue_150th_SE38th
1528,cross,0.390106,0.021773,0.034185,0.166667,0.0,0.0,Bellevue_150th_SE38th
1529,cross,0.394609,0.020105,0.034061,0.133333,0.0,0.0,Bellevue_150th_SE38th
1530,cross,0.387474,0.013795,0.030778,0.166667,0.0,0.0,Bellevue_150th_SE38th
1531,cross,0.409529,0.021078,0.035252,0.333333,0.0,0.0,Bellevue_150th_SE38th
1532,cross,0.420201,0.028011,0.039184,0.666667,0.161111,0.05,Bellevue_150th_SE38th
1533,cross,0.507422,0.08942,0.091097,0.933333,0.433333,0.222222,Bellevue_150th_SE38th
1534,cross,0.552522,0.105607,0.1138,0.639444,0.012222,0.118889,Bellevue_150th_SE38th
1535,cross,0.377862,0.038402,0.048528,0.3,0.0,0.0,Bellevue_150th_SE38th
1536,cross,0.355848,0.01947,0.033093,0.166667,0.0,0.0,Bellevue_150th_SE38th
1537,cross,0.402518,0.021124,0.034677,0.233333,0.0,0.0,Bellevue_150th_SE38th
1538,cross,0.398976,0.021445,0.034366,0.2,0.0,0.0,Bellevue_150th_SE38th
1539,cross,0.340444,0.016519,0.030459,0.466667,0.0,0.0,Bellevue_150th_SE38th
1540,cross,0.396692,0.020803,0.033632,0.133333,0.0,0.0,Bellevue_150th_SE38th
1541,cross,0.387364,0.019902,0.032597,0.266667,0.0,0.0,Bellevue_150th_SE38th
1542,cross,0.380721,0.010884,0.027955,0.388889,0.1,0.016667,Bellevue_150th_SE38th
1543,cross,0.422748,0.038089,0.050106,0.35,-0.016667,0.0,Bellevue_150th_SE38th
1544,cross,0.366256,0.031165,0.043486,0.266667,0.0,0.0,Bellevue_150th_SE38th
1545,cross,0.455893,0.060063,0.078309,0.527778,-0.033333,0.066667,Bellevue_150th_SE38th
1546,cross,0.387765,0.014052,0.031633,0.333333,0.0,0.0,Bellevue_150th_SE38th
1547,cross,0.39744,0.019392,0.033837,0.233333,0.0,0.0,Bellevue_150th_SE38th
1548,cross,0.387507,0.039007,0.055388,0.366667,0.016667,0.066667,Bellevue_150th_SE38th
1549,cross,0.40986,0.023108,0.035906,0.366667,0.0,0.0,Bellevue_150th_SE38th
1550,cross,0.393016,0.019848,0.033144,0.577778,0.05,0.111111,Bellevue_150th_SE38th
1551,cross,0.383093,0.034949,0.045652,0.4,0.0,0.0,Bellevue_150th_SE38th
1552,cross,0.364256,0.015976,0.030044,0.666667,0.0,0.233333,Bellevue_150th_SE38th
1553,cross,0.587544,0.095954,0.121532,0.433333,0.016667,0.0,Bellevue_150th_SE38th
1554,cross,0.443162,0.057339,0.067403,0.305556,0.1,0.072222,Bellevue_150th_SE38th
1555,cross,0.360842,0.029765,0.03598,0.133333,0.0,0.033333,Bellevue_150th_SE38th
1556,cross,0.390577,0.019207,0.032522,0.233333,0.0,0.0,Bellevue_150th_SE38th
1557,cross,0.402088,0.020556,0.033965,0.233333,0.0,0.0,Bellevue_150th_SE38th
1558,cross,0.386627,0.011494,0.028387,0.2,0.0,0.0,Bellevue_150th_SE38th
1559,cross,0.398237,0.021412,0.034637,0.4,0.0,0.0,Bellevue_150th_SE38th
1560,cross,0.39836,0.02284,0.03584,0.166667,0.0,0.0,Bellevue_150th_SE38th
1561,cross,0.5007,0.069181,0.094545,0.416111,0.134444,0.027778,Bellevue_150th_SE38th
1562,cross,0.511864,0.081606,0.096654,0.433333,0.111111,0.05,Bellevue_150th_SE38th
1563,cross,0.362424,0.023774,0.03551,0.1,0.0,0.0,Bellevue_150th_SE38th
1564,cross,0.381759,0.018899,0.032638,0.1,0.0,0.0,Bellevue_150th_SE38th
1565,cross,0.404955,0.021962,0.035188,0.25,-0.066667,0.1,Bellevue_150th_SE38th
1566,cross,0.586544,0.090132,0.096666,0.222222,0.0,0.0,Bellevue_150th_SE38th
1567,cross,0.347175,0.017654,0.033878,0.233333,0.0,0.0,Bellevue_150th_SE38th
1568,cross,0.361656,0.016319,0.030388,0.505556,0.1,0.075,Bellevue_150th_SE38th
1569,cross,0.489898,0.086065,0.080246,0.731349,0.0,0.006667,Bellevue_150th_SE38th
1570,cross,0.501132,0.088149,0.09178,0.332222,0.0,0.012222,Bellevue_150th_SE38th
1571,cross,0.413419,0.023347,0.036395,0.333333,0.0,0.0,Bellevue_150th_SE38th
1572,cross,0.400222,0.019546,0.033431,0.066667,0.0,0.0,Bellevue_150th_SE38th
1573,cross,0.397104,0.019842,0.033387,0.45,0.216667,0.044444,Bellevue_150th_SE38th
1574,cross,0.398687,0.041075,0.053382,0.3,0.0,0.0,Bellevue_150th_SE38th
1575,cross,0.43611,0.05386,0.069622,0.405556,-0.016667,0.061111,Bellevue_150th_SE38th
1576,cross,0.40454,0.022753,0.035256,0.490556,0.0,0.141667,Bellevue_150th_SE38th
1577,cross,0.364761,0.034998,0.042154,0.480556,-0.016667,0.175,Bellevue_150th_SE38th
1578,cross,0.361957,0.024644,0.038343,0.2,0.0,0.0,Bellevue_150th_SE38th
1579,cross,0.370738,0.018355,0.031081,0.233333,0.0,0.0,Bellevue_150th_SE38th
1580,cross,0.3973,0.021486,0.033697,0.266667,0.0,0.0,Bellevue_150th_SE38th
1581,cross,0.476414,0.066311,0.074096,0.361111,0.05,0.011111,Bellevue_150th_SE38th
1582,cross,0.516029,0.083264,0.093994,0.327778,0.0,0.072222,Bellevue_150th_SE38th
1583,cross,0.534463,0.074936,0.099781,0.2,0.0,0.033333,Bellevue_150th_SE38th
1584,cross,0.414126,0.024059,0.036973,0.166667,0.0,0.0,Bellevue_150th_SE38th
1585,cross,0.399757,0.02326,0.035924,0.133333,0.0,0.0,Bellevue_150th_SE38th
1586,cross,0.411703,0.02406,0.037212,0.404444,0.043333,0.195556,Bellevue_150th_SE38th
1587,cross,0.466927,0.057887,0.080706,0.4,0.083333,0.0,Bellevue_150th_SE38th
1588,cross,0.379986,0.044677,0.044369,0.466667,0.05,0.083333,Bellevue_150th_SE38th
1589,cross,0.403971,0.051639,0.055435,0.166667,0.0,0.0,Bellevue_150th_SE38th
1590,cross,0.363096,0.027587,0.036077,0.266667,0.0,0.0,Bellevue_150th_SE38th
1591,cross,0.392483,0.024981,0.036785,0.4,0.0,0.0,Bellevue_150th_SE38th
1592,cross,0.394222,0.023353,0.035896,0.266667,0.0,0.0,Bellevue_150th_SE38th
1593,cross,0.388876,0.025374,0.036818,0.2,0.0,0.0,Bellevue_150th_SE38th
1594,cross,0.402414,0.022064,0.03588,0.366667,0.0,0.033333,Bellevue_150th_SE38th
1595,cross,0.391429,0.013543,0.031007,0.4,0.0,0.083333,Bellevue_150th_SE38th
1596,cross,0.488606,0.081582,0.082017,0.322222,0.1,0.033333,Bellevue_150th_SE38th
1597,cross,0.421768,0.060389,0.064106,0.487778,0.1,0.033333,Bellevue_150th_SE38th
1598,cross,0.403139,0.025836,0.037361,0.1,0.0,0.0,Bellevue_150th_SE38th
1599,cross,0.390493,0.021523,0.034558,0.628889,0.158333,0.091111,Bellevue_150th_SE38th
1600,cross,0.500576,0.083187,0.087136,0.667222,0.044444,0.242778,Bellevue_150th_SE38th
1601,cross,0.511073,0.059765,0.09108,0.133333,0.0,0.0,Bellevue_150th_SE38th
1602,cross,0.400316,0.025485,0.036594,0.233333,0.0,0.0,Bellevue_150th_SE38th
1603,cross,0.393636,0.02081,0.034331,0.4,0.0,0.0,Bellevue_150th_SE38th
1604,cross,0.39608,0.021363,0.034535,0.4,0.0,0.033333,Bellevue_150th_SE38th
1605,cross,0.394207,0.02103,0.033815,0.432222,0.066667,0.023333,Bellevue_150th_SE38th
1606,cross,0.508576,0.083029,0.087205,0.388889,0.016667,0.011111,Bellevue_150th_SE38th
1607,cross,0.347425,0.01054,0.026822,0.233333,0.0,0.0,Bellevue_150th_SE38th
1608,cross,0.389505,0.018595,0.032291,0.272222,0.0,0.066667,Bellevue_150th_SE38th
1609,cross,0.389035,0.045634,0.047003,0.728849,0.142778,0.125317,Bellevue_150th_SE38th
1610,cross,0.490732,0.083176,0.083774,0.618254,-0.008333,0.066111,Bellevue_150th_SE38th
1611,cross,0.51188,0.076177,0.096264,0.416667,-0.016667,0.016667,Bellevue_150th_SE38th
1612,cross,0.412303,0.024527,0.03729,0.333333,0.0,0.0,Bellevue_150th_SE38th
1613,cross,0.394234,0.020888,0.034728,0.433333,0.0,0.033333,Bellevue_150th_SE38th
1614,cross,0.552264,0.085682,0.108724,0.45,-0.016667,0.066667,Bellevue_150th_SE38th
1615,cross,0.410437,0.023151,0.036274,0.366667,0.0,0.0,Bellevue_150th_SE38th
1616,cross,0.389991,0.020995,0.033683,0.166667,0.0,0.0,Bellevue_150th_SE38th
1617,cross,0.364318,0.022923,0.033822,0.266667,0.016667,0.016667,Bellevue_150th_SE38th
1618,cross,0.400468,0.055823,0.055063,0.3,0.0,0.0,Bellevue_150th_SE38th
1619,cross,0.436196,0.062841,0.063859,0.666667,0.25,0.0,Bellevue_150th_SE38th
1620,cross,0.5053,0.082098,0.089412,0.5,0.166667,0.15,Bellevue_150th_SE38th
1621,cross,0.404655,0.02234,0.037212,0.303333,-0.105556,0.144444,Bellevue_150th_SE38th
1622,cross,0.604071,0.109203,0.116253,0.525555,0.075,0.125,Bellevue_150th_SE38th
1623,cross,0.400879,0.043346,0.05493,0.366667,0.033333,0.033333,Bellevue_150th_SE38th
1624,cross,0.456896,0.067243,0.071857,0.31,0.0,0.0,Bellevue_150th_SE38th
1625,cross,0.518813,0.085329,0.094513,0.316667,0.0,0.027778,Bellevue_150th_SE38th
1626,cross,0.359699,0.03296,0.044232,0.216667,-0.033333,0.033333,Bellevue_150th_SE38th
1627,cross,0.546494,0.090857,0.104234,0.233333,0.033333,0.0,Bellevue_150th_SE38th
1628,cross,0.492491,0.043876,0.058218,0.483333,-0.025,0.158333,Bellevue_150th_SE38th
1629,cross,0.417211,0.02404,0.03754,0.1,0.0,0.0,Bellevue_150th_SE38th
1630,cross,0.409303,0.024761,0.036823,0.4,0.0,0.0,Bellevue_150th_SE38th
1631,cross,0.410018,0.023669,0.036416,0.366667,0.0,0.0,Bellevue_150th_SE38th
1632,cross,0.403786,0.02216,0.035316,0.233333,0.0,0.0,Bellevue_150th_SE38th
1633,cross,0.404452,0.021901,0.034985,0.233333,0.0,0.0,Bellevue_150th_SE38th
1634,cross,0.393243,0.020916,0.033398,0.338889,-0.05,0.077778,Bellevue_150th_SE38th
1635,cross,0.357523,0.022508,0.037257,0.355556,-0.008333,0.025,Bellevue_150th_SE38th
1636,cross,0.461345,0.045428,0.056266,0.25,0.0,0.0,Bellevue_150th_SE38th
1637,cross,0.351591,0.016878,0.033008,0.133333,0.0,0.0,Bellevue_150th_SE38th
1638,cross,0.37436,0.018729,0.031579,0.444444,-0.011111,0.122222,Bellevue_150th_SE38th
1639,cross,0.526898,0.079405,0.096025,0.338889,0.0,0.027778,Bellevue_150th_SE38th
1640,cross,0.416194,0.03583,0.043242,0.133333,0.0,0.0,Bellevue_150th_SE38th
1641,cross,0.413286,0.024456,0.037293,0.472222,-0.044444,0.127778,Bellevue_150th_SE38th
1642,cross,0.598913,0.105893,0.119185,0.383333,-0.016667,0.016667,Bellevue_150th_SE38th
1643,cross,0.389369,0.047605,0.050246,0.577778,0.116667,0.133333,Bellevue_150th_SE38th
1644,cross,0.400572,0.044608,0.0562,0.355556,0.033333,0.011111,Bellevue_150th_SE38th
1645,cross,0.48078,0.062957,0.083376,0.222222,0.016667,0.0,Bellevue_150th_SE38th
1646,cross,0.357449,0.019411,0.034488,0.266667,0.0,0.0,Bellevue_150th_SE38th
1647,cross,0.367705,0.010914,0.027954,0.4,0.0,0.0,Bellevue_150th_SE38th
1648,cross,0.403513,0.021564,0.034952,0.266667,0.0,0.0,Bellevue_150th_SE38th
1649,cross,0.395848,0.020755,0.03355,0.133333,0.0,0.0,Bellevue_150th_SE38th
1650,cross,0.394698,0.022649,0.034278,0.3,0.0,0.0,Bellevue_150th_SE38th
1651,cross,0.383962,0.013022,0.029516,0.4,0.0,0.0,Bellevue_150th_SE38th
1652,cross,0.39734,0.022385,0.034368,0.2,0.0,0.0,Bellevue_150th_SE38th
1653,cross,0.394467,0.022314,0.034247,0.2,0.0,0.0,Bellevue_150th_SE38th
1654,cross,0.401189,0.026821,0.03971,0.808333,-0.022222,0.647222,Bellevue_150th_SE38th
1655,cross,0.558048,0.106352,0.1126,0.290556,-0.098889,0.183333,Bellevue_150th_SE38th
1656,cross,0.38525,0.052082,0.048512,0.433333,0.0,0.0,Bellevue_150th_SE38th
1657,cross,0.387656,0.060003,0.054024,0.2,0.0,0.0,Bellevue_150th_SE38th
1658,cross,0.400382,0.024236,0.036649,0.166667,0.0,0.0,Bellevue_150th_SE38th
1659,cross,0.401399,0.025059,0.036722,0.433333,0.0,0.0,Bellevue_150th_SE38th
1660,cross,0.384056,0.023855,0.03675,0.333333,0.0,0.0,Bellevue_150th_SE38th
1661,cross,0.398496,0.045225,0.056568,0.477778,0.0,0.066667,Bellevue_150th_SE38th
1662,cross,0.410213,0.032759,0.055207,0.066667,0.0,0.0,Bellevue_150th_SE38th
1663,cross,0.390132,0.016035,0.03191,0.5,0.111111,0.1,Bellevue_150th_SE38th
1664,cross,0.49483,0.084262,0.08674,0.511349,0.013095,0.041111,Bellevue_150th_SE38th
1665,cross,0.522673,0.090153,0.100699,0.526667,0.083333,0.04,Bellevue_150th_SE38th
1666,cross,0.409334,0.021594,0.035294,0.266667,0.0,0.0,Bellevue_150th_SE38th
1667,cross,0.395685,0.020857,0.033653,0.2,0.0,0.0,Bellevue_150th_SE38th
1668,cross,0.39565,0.020833,0.033546,0.333333,0.0,0.0,Bellevue_150th_SE38th
1669,cross,0.332499,0.018366,0.031102,0.2,0.0,0.0,Bellevue_150th_SE38th
1670,cross,0.39445,0.020315,0.033582,0.166667,0.0,0.0,Bellevue_150th_SE38th
1671,cross,0.386151,0.02129,0.032994,0.366667,0.0,0.0,Bellevue_150th_SE38th
1672,cross,0.39572,0.021294,0.03376,0.366667,0.0,0.0,Bellevue_150th_SE38th
1673,cross,0.386613,0.019575,0.032477,0.3,0.0,0.0,Bellevue_150th_SE38th
1674,cross,0.386885,0.020373,0.03284,0.133333,0.0,0.0,Bellevue_150th_SE38th
1675,cross,0.3894,0.01238,0.02946,0.366667,0.0,0.0,Bellevue_150th_SE38th
1676,cross,0.395811,0.021592,0.034052,0.233333,0.0,0.0,Bellevue_150th_SE38th
1677,cross,0.386301,0.019059,0.032124,0.266667,0.0,0.0,Bellevue_150th_SE38th
1678,cross,0.395559,0.020412,0.033251,0.4,0.0,0.0,Bellevue_150th_SE38th
1679,cross,0.349125,0.015596,0.031869,0.427778,0.022222,0.066667,Bellevue_150th_SE38th
1680,cross,0.556395,0.097224,0.107552,0.45,0.052778,0.033333,Bellevue_150th_SE38th
1681,cross,0.385599,0.035836,0.043571,0.266667,0.0,0.0,Bellevue_150th_SE38th
1682,cross,0.363552,0.031324,0.037931,0.3,0.0,0.0,Bellevue_150th_SE38th
1683,cross,0.400173,0.021782,0.035262,0.233333,0.0,0.0,Bellevue_150th_SE38th
1684,cross,0.396203,0.022475,0.034996,0.354444,0.033333,0.033333,Bellevue_150th_SE38th
1685,cross,0.47037,0.073948,0.074885,0.575727,0.064405,0.110741,Bellevue_150th_SE38th
1686,cross,0.622556,0.131107,0.136174,0.721349,0.260397,0.097937,Bellevue_150th_SE38th
1687,cross,0.424739,0.059947,0.06391,0.611111,0.018889,0.046667,Bellevue_150th_SE38th
1688,cross,0.41453,0.023668,0.036891,0.3,0.0,0.0,Bellevue_150th_SE38th
1689,cross,0.389629,0.021953,0.033988,0.266667,0.033333,0.0,Bellevue_150th_SE38th
1690,cross,0.369673,0.045424,0.044761,0.291667,0.0,0.0,Bellevue_150th_SE38th
1691,cross,0.386445,0.046597,0.048689,0.344444,-0.016667,0.127778,Bellevue_150th_SE38th
1692,cross,0.417929,0.02615,0.038722,0.386111,0.033333,0.044444,Bellevue_150th_SE38th
1693,cross,0.394302,0.038138,0.048826,0.083333,-0.016667,0.016667,Bellevue_150th_SE38th
1694,cross,0.348503,0.017855,0.032722,0.333333,0.0,0.0,Bellevue_150th_SE38th
1695,cross,0.380735,0.017247,0.030748,0.416667,-0.016667,0.133333,Bellevue_150th_SE38th
1696,cross,0.518712,0.077153,0.096011,0.5,0.05,0.0,Bellevue_150th_SE38th
1697,cross,0.371321,0.030431,0.0382,0.266667,0.0,0.0,Bellevue_150th_SE38th
1698,cross,0.399761,0.022317,0.035561,0.166667,0.0,0.0,Bellevue_150th_SE38th
1699,cross,0.397006,0.022797,0.035471,0.166667,0.0,0.0,Bellevue_150th_SE38th
1700,cross,0.397073,0.022456,0.035414,0.433333,0.0,0.0,Bellevue_150th_SE38th
1701,cross,0.404809,0.022905,0.03579,0.133333,0.033333,0.0,Bellevue_150th_SE38th
1702,cross,0.442715,0.063978,0.067807,0.266667,0.0,0.016667,Bellevue_150th_SE38th
1703,cross,0.415158,0.057317,0.058321,0.422222,0.05,0.05,Bellevue_150th_SE38th
1704,cross,0.39741,0.020713,0.033117,0.333333,0.0,0.0,Bellevue_150th_SE38th
1705,cross,0.400758,0.022167,0.035335,0.166667,0.0,0.0,Bellevue_150th_SE38th
1706,cross,0.401052,0.022095,0.035334,0.3,0.0,0.0,Bellevue_150th_SE38th
1707,cross,0.400971,0.022653,0.035604,0.133333,0.0,0.0,Bellevue_150th_SE38th
1708,cross,0.398329,0.026383,0.037808,0.266667,0.0,0.0,Bellevue_150th_SE38th
1709,cross,0.386137,0.051105,0.050827,0.166667,0.0,0.0,Bellevue_150th_SE38th
1710,cross,0.385183,0.023661,0.035287,0.166667,0.0,0.0,Bellevue_150th_SE38th
1711,cross,0.398797,0.02101,0.034754,0.1,0.0,0.0,Bellevue_150th_SE38th
1712,cross,0.402368,0.023186,0.035547,0.266667,0.0,0.0,Bellevue_150th_SE38th
1713,cross,0.388073,0.020388,0.03317,0.1,0.0,0.0,Bellevue_150th_SE38th
1714,cross,0.400544,0.023015,0.034964,0.3,0.0,0.0,Bellevue_150th_SE38th
1715,cross,0.415657,0.030048,0.040744,0.683333,0.066667,0.061111,Bellevue_150th_SE38th
1716,cross,0.523449,0.094492,0.098742,0.653333,-0.038889,0.238333,Bellevue_150th_SE38th
1717,cross,0.473236,0.075215,0.081567,0.422222,0.183333,0.066667,Bellevue_150th_SE38th
1718,cross,0.407819,0.024366,0.036753,0.233333,0.0,0.0,Bellevue_150th_SE38th
1719,cross,0.397109,0.02177,0.035064,0.233333,0.0,0.0,Bellevue_150th_SE38th
1720,cross,0.398128,0.022626,0.035373,0.2,0.0,0.0,Bellevue_150th_SE38th
1721,cross,0.408156,0.023964,0.036834,0.166667,0.0,0.0,Bellevue_150th_SE38th
1722,cross,0.405602,0.022334,0.035875,0.366667,0.0,0.033333,Bellevue_150th_SE38th
1723,cross,0.425278,0.061528,0.061008,0.488889,0.033333,0.011111,Bellevue_150th_SE38th
1724,cross,0.485064,0.080256,0.084433,0.620556,0.002778,0.106389,Bellevue_150th_SE38th
1725,cross,0.428938,0.058204,0.062685,0.663889,0.0,0.094444,Bellevue_150th_SE38th
1726,cross,0.422994,0.051979,0.067644,0.347222,-0.016667,0.0,Bellevue_150th_SE38th
1727,cross,0.395909,0.014257,0.030945,0.528333,-0.006667,0.137222,Bellevue_150th_SE38th
1728,cross,0.567934,0.095373,0.107893,0.397222,0.0,0.063889,Bellevue_150th_SE38th
1729,cross,0.359913,0.01762,0.032863,0.166667,0.0,0.0,Bellevue_150th_SE38th
1730,cross,0.405778,0.023261,0.036096,0.2,0.0,0.0,Bellevue_150th_SE38th
1731,cross,0.386224,0.013064,0.030441,0.468333,0.004444,0.028889,Bellevue_150th_SE38th
1732,cross,0.417953,0.03494,0.045454,0.488889,-0.044444,0.011111,Bellevue_150th_SE38th
1733,cross,0.364532,0.020796,0.033322,0.133333,0.0,0.0,Bellevue_150th_SE38th
1734,cross,0.40616,0.024516,0.036601,0.466667,0.0,0.0,Bellevue_150th_SE38th
1735,cross,0.410134,0.022992,0.035998,0.366667,0.0,0.0,Bellevue_150th_SE38th
1736,cross,0.398747,0.021374,0.034264,0.2,0.0,0.0,Bellevue_150th_SE38th
1737,cross,0.402937,0.020782,0.034171,0.133333,0.0,0.0,Bellevue_150th_SE38th
1738,cross,0.375709,0.038147,0.051043,0.355556,0.0,0.0,Bellevue_150th_SE38th
1739,cross,0.411274,0.023775,0.035995,0.266667,0.0,0.0,Bellevue_150th_SE38th
1740,cross,0.399614,0.021755,0.034518,0.366667,0.0,0.016667,Bellevue_150th_SE38th
1741,cross,0.38613,0.020231,0.033026,0.233333,0.0,0.0,Bellevue_150th_SE38th
1742,cross,0.355534,0.01754,0.03022,0.433333,0.0,0.0,Bellevue_150th_SE38th
1743,cross,0.39132,0.013519,0.03003,0.233333,0.0,0.0,Bellevue_150th_SE38th
1744,cross,0.408558,0.022487,0.034896,0.466667,0.1,0.066667,Bellevue_150th_SE38th
1745,cross,0.464543,0.06284,0.078105,0.45,0.122222,0.077778,Bellevue_150th_SE38th
1746,cross,0.513956,0.084606,0.094482,0.325,0.0,0.041667,Bellevue_150th_SE38th
1747,cross,0.412969,0.025049,0.037624,0.166667,0.0,0.0,Bellevue_150th_SE38th
1748,cross,0.404053,0.023703,0.036337,0.266667,0.0,0.0,Bellevue_150th_SE38th
1749,cross,0.405933,0.023578,0.036513,0.366667,0.0,0.05,Bellevue_150th_SE38th
1750,cross,0.386576,0.049315,0.048514,0.575,0.005556,0.158333,Bellevue_150th_SE38th
1751,cross,0.345624,0.018961,0.035521,0.266667,0.0,0.0,Bellevue_150th_SE38th
1752,cross,0.358886,0.017302,0.030853,0.133333,0.0,0.033333,Bellevue_150th_SE38th
1753,cross,0.395403,0.020909,0.033864,0.166667,0.0,0.0,Bellevue_150th_SE38th
1754,cross,0.399454,0.023515,0.034902,0.033333,0.0,0.0,Bellevue_150th_SE38th
1755,cross,0.385301,0.012197,0.029204,0.4,0.0,0.233333,Bellevue_150th_SE38th
1756,cross,0.54392,0.108768,0.08668,0.69,-0.022222,0.377778,Bellevue_150th_SE38th
1757,cross,0.571213,0.108909,0.115082,0.530556,0.008333,0.061111,Bellevue_150th_SE38th
1758,cross,0.345186,0.021129,0.036109,0.233333,0.0,0.0,Bellevue_150th_SE38th
1759,cross,0.375172,0.019003,0.032243,0.333333,0.0,0.0,Bellevue_150th_SE38th
1760,cross,0.40812,0.022415,0.034546,0.133333,0.0,0.016667,Bellevue_150th_SE38th
1761,cross,0.417733,0.024473,0.037266,0.2,0.0,0.0,Bellevue_150th_SE38th
1762,cross,0.417463,0.024708,0.037499,0.233333,0.0,0.0,Bellevue_150th_SE38th
1763,cross,0.412214,0.024613,0.036924,0.466667,0.0,0.0,Bellevue_150th_SE38th
1764,cross,0.41459,0.025424,0.037609,0.033333,0.0,0.0,Bellevue_150th_SE38th
1765,cross,0.411772,0.021724,0.035736,0.266667,0.0,0.0,Bellevue_150th_SE38th
1766,cross,0.355402,0.021734,0.034165,0.316667,-0.016667,0.066667,Bellevue_150th_SE38th
1767,cross,0.606658,0.093165,0.112055,0.677778,-0.038889,0.262222,Bellevue_150th_SE38th
1768,cross,0.462162,0.074832,0.076092,0.625,0.019444,0.138889,Bellevue_150th_SE38th
1769,cross,0.545207,0.087082,0.100473,0.592778,0.069444,0.1,Bellevue_150th_SE38th
1770,cross,0.398676,0.021815,0.03525,0.3,0.0,0.0,Bellevue_150th_SE38th
1771,cross,0.365738,0.019455,0.034697,0.233333,0.0,0.016667,Bellevue_150th_SE38th
1772,cross,0.388133,0.041185,0.057795,0.466667,-0.016667,0.083333,Bellevue_150th_SE38th
1773,cross,0.387645,0.031739,0.038956,0.443333,0.0,0.066667,Bellevue_150th_SE38th
1774,cross,0.337116,0.022177,0.035574,0.366667,0.0,0.0,Bellevue_150th_SE38th
1775,cross,0.342414,0.035237,0.035545,0.55,0.166667,0.0,Bellevue_150th_SE38th
1776,cross,0.528364,0.093241,0.101722,0.430556,0.083333,0.05,Bellevue_150th_SE38th
1777,cross,0.526721,0.056329,0.080441,0.266667,0.0,0.0,Bellevue_150th_SE38th
1778,cross,0.399603,0.039442,0.051914,0.333333,0.0,0.0,Bellevue_150th_SE38th
1779,cross,0.444443,0.03702,0.064284,0.448889,0.083333,0.04,Bellevue_150th_SE38th
1780,cross,0.587899,0.100498,0.107908,0.477778,0.05,0.094444,Bellevue_150th_SE38th
1781,cross,0.358907,0.025695,0.035069,0.4,0.033333,0.016667,Bellevue_150th_SE38th
1782,cross,0.50545,0.074055,0.091955,0.282222,-0.066667,0.033333,Bellevue_150th_SE38th
1783,cross,0.36001,0.020503,0.03431,0.3,0.0,0.0,Bellevue_150th_SE38th
1784,cross,0.376068,0.020655,0.035347,0.233333,0.0,0.0,Bellevue_150th_SE38th
1785,cross,0.390282,0.041263,0.055937,0.1,-0.033333,0.033333,Bellevue_150th_SE38th
1786,cross,0.41403,0.026736,0.038194,0.2,0.0,0.0,Bellevue_150th_SE38th
1787,cross,0.408696,0.024057,0.036557,0.4,0.0,0.0,Bellevue_150th_SE38th
1788,cross,0.404452,0.022042,0.035169,0.133333,0.0,0.0,Bellevue_150th_SE38th
1789,cross,0.398142,0.021746,0.034364,0.266667,0.0,0.0,Bellevue_150th_SE38th
1790,cross,0.395401,0.014311,0.031594,0.2,0.0,0.0,Bellevue_150th_SE38th
1791,cross,0.411164,0.023131,0.036528,0.133333,0.0,0.0,Bellevue_150th_SE38th
1792,cross,0.418451,0.024094,0.03733,0.166667,0.0,0.0,Bellevue_150th_SE38th
1793,cross,0.365255,0.023996,0.035201,0.433333,0.0,0.0,Bellevue_150th_SE38th
1794,cross,0.385786,0.020548,0.034027,0.233333,0.0,0.0,Bellevue_150th_SE38th
1795,cross,0.415135,0.023825,0.036888,0.166667,0.0,0.0,Bellevue_150th_SE38th
1796,cross,0.401693,0.022801,0.035439,0.266667,0.0,0.0,Bellevue_150th_SE38th
1797,cross,0.400398,0.021078,0.034292,0.585,0.011111,0.051111,Bellevue_150th_SE38th
1798,cross,0.57158,0.119118,0.112287,0.725,0.008333,0.062222,Bellevue_150th_SE38th
1799,cross,0.576196,0.111669,0.116633,0.661111,0.055556,0.016667,Bellevue_150th_SE38th
1800,cross,0.411967,0.023733,0.036158,0.166667,0.0,0.0,Bellevue_150th_SE38th
1801,cross,0.398935,0.021205,0.034136,0.333333,0.0,0.016667,Bellevue_150th_SE38th
1802,cross,0.377798,0.011094,0.028611,0.2,0.0,0.0,Bellevue_150th_SE38th
1803,cross,0.412098,0.021821,0.035035,0.333333,0.0,0.0,Bellevue_150th_SE38th
1804,cross,0.395919,0.020091,0.03298,0.1,0.0,0.0,Bellevue_150th_SE38th
1805,cross,0.411095,0.023972,0.037118,0.3,0.0,0.0,Bellevue_150th_SE38th
1806,cross,0.387735,0.013139,0.030674,0.233333,0.0,0.0,Bellevue_150th_SE38th
1807,cross,0.409458,0.024379,0.037155,0.5,0.016667,0.127778,Bellevue_150th_SE38th
1808,cross,0.391454,0.041754,0.050731,0.1,0.0,0.0,Bellevue_150th_SE38th
1809,cross,0.359843,0.018099,0.032408,0.133333,0.0,0.0,Bellevue_150th_SE38th
1810,cross,0.406523,0.022061,0.035846,0.233333,0.0,0.0,Bellevue_150th_SE38th
1811,cross,0.414744,0.023855,0.037055,0.433333,0.0,0.033333,Bellevue_150th_SE38th
1812,cross,0.409538,0.022636,0.035773,0.233333,0.0,0.0,Bellevue_150th_SE38th
1813,cross,0.403245,0.02181,0.034989,0.366667,0.0,0.0,Bellevue_150th_SE38th
1814,cross,0.397152,0.020024,0.033467,0.3,0.0,0.033333,Bellevue_150th_SE38th
1815,cross,0.399884,0.020524,0.033969,0.266667,0.0,0.0,Bellevue_150th_SE38th
1816,cross,0.406914,0.020793,0.034806,0.233333,0.0,0.0,Bellevue_150th_SE38th
1817,cross,0.389629,0.022734,0.034669,0.233333,0.0,0.0,Bellevue_150th_SE38th
1818,cross,0.359097,0.009201,0.027216,0.2,0.0,0.0,Bellevue_150th_SE38th
1819,cross,0.409563,0.021198,0.034605,0.4,0.0,0.0,Bellevue_150th_SE38th
1820,cross,0.402315,0.021401,0.034047,0.266667,0.0,0.0,Bellevue_150th_SE38th
1821,cross,0.403944,0.022649,0.036073,0.1,0.0,0.0,Bellevue_150th_SE38th
1822,cross,0.40197,0.021242,0.034385,0.233333,0.0,0.0,Bellevue_150th_SE38th
1823,cross,0.401426,0.023967,0.0357,0.333333,0.0,0.0,Bellevue_150th_SE38th
1824,cross,0.41308,0.021506,0.035344,0.266667,0.0,0.0,Bellevue_150th_SE38th
1825,cross,0.400702,0.022006,0.034483,0.166667,0.0,0.0,Bellevue_150th_SE38th
1826,cross,0.401971,0.020887,0.033743,0.366667,0.0,0.0,Bellevue_150th_SE38th
1827,cross,0.417145,0.023861,0.037444,0.366667,0.0,0.0,Bellevue_150th_SE38th
1828,cross,0.405783,0.023218,0.036371,0.233333,0.0,0.033333,Bellevue_150th_SE38th
1829,cross,0.404573,0.023781,0.036611,0.266667,0.0,0.0,Bellevue_150th_SE38th
1830,cross,0.395975,0.014004,0.03156,0.166667,0.0,0.0,Bellevue_150th_SE38th
1831,cross,0.416944,0.023587,0.037365,0.433333,-0.066667,0.15,Bellevue_150th_SE38th
1832,cross,0.360996,0.030653,0.043721,0.516667,0.166667,0.016667,Bellevue_150th_SE38th
1833,cross,0.373627,0.030118,0.037692,0.166667,0.0,0.0,Bellevue_150th_SE38th
1834,cross,0.39852,0.023197,0.03596,0.266667,0.0,0.0,Bellevue_150th_SE38th
1835,cross,0.403616,0.023173,0.035469,0.266667,0.0,0.0,Bellevue_150th_SE38th
1836,cross,0.400185,0.020811,0.03435,0.233333,0.0,0.0,Bellevue_150th_SE38th
1837,cross,0.395467,0.021374,0.034228,0.266667,0.0,0.0,Bellevue_150th_SE38th
1838,cross,0.398462,0.022849,0.034989,0.4,0.0,0.0,Bellevue_150th_SE38th
1839,cross,0.405165,0.022034,0.035089,0.1,0.0,0.0,Bellevue_150th_SE38th
1840,cross,0.401476,0.023163,0.035224,0.2,0.0,0.0,Bellevue_150th_SE38th
1841,cross,0.37123,0.022654,0.033736,0.233333,0.0,0.0,Bellevue_150th_SE38th
1842,cross,0.372444,0.011003,0.027952,0.2,0.0,0.0,Bellevue_150th_SE38th
1843,cross,0.408276,0.023061,0.036216,0.166667,0.0,0.0,Bellevue_150th_SE38th
1844,cross,0.401539,0.022389,0.035923,0.233333,0.0,0.0,Bellevue_150th_SE38th
1845,cross,0.402293,0.022725,0.036011,0.3,0.0,0.0,Bellevue_150th_SE38th
1846,cross,0.389846,0.013213,0.03092,0.333333,0.0,0.0,Bellevue_150th_SE38th
1847,cross,0.414243,0.023342,0.036968,0.2,0.0,0.0,Bellevue_150th_SE38th
1848,cross,0.405723,0.022729,0.035655,0.266667,0.0,0.0,Bellevue_150th_SE38th
1849,cross,0.412004,0.023944,0.037163,0.2,0.0,0.0,Bellevue_150th_SE38th
1850,cross,0.405141,0.021753,0.03492,0.233333,0.0,0.0,Bellevue_150th_SE38th
1851,cross,0.406883,0.022079,0.035093,0.233333,0.0,0.0,Bellevue_150th_SE38th
1852,cross,0.404785,0.023172,0.035325,0.266667,0.0,0.0,Bellevue_150th_SE38th
1853,cross,0.399972,0.022239,0.034849,0.2,0.0,0.0,Bellevue_150th_SE38th
1854,cross,0.397213,0.020621,0.033603,0.266667,0.0,0.0,Bellevue_150th_SE38th
1855,cross,0.403431,0.021889,0.034671,0.266667,0.0,0.0,Bellevue_150th_SE38th
1856,cross,0.403654,0.022318,0.034872,0.2,0.0,0.016667,Bellevue_150th_SE38th
1857,cross,0.409575,0.021649,0.034818,0.433333,0.0,0.0,Bellevue_150th_SE38th
1858,cross,0.395959,0.013807,0.030345,0.3,0.0,0.0,Bellevue_150th_SE38th
1859,cross,0.41741,0.022811,0.036984,0.066667,0.0,0.0,Bellevue_150th_SE38th
1860,cross,0.406805,0.022899,0.03613,0.433333,0.0,0.0,Bellevue_150th_SE38th
1861,cross,0.405275,0.022473,0.035429,0.5,0.0,0.0,Bellevue_150th_SE38th
1862,cross,0.414838,0.023862,0.037063,0.066667,0.0,0.0,Bellevue_150th_SE38th
1863,cross,0.406376,0.024047,0.036719,0.266667,0.0,0.0,Bellevue_150th_SE38th
1864,cross,0.41204,0.021887,0.036277,0.333333,0.0,0.0,Bellevue_150th_SE38th
1865,cross,0.387322,0.025322,0.036784,0.3,-0.016667,0.066667,Bellevue_150th_SE38th
1866,cross,0.414777,0.04769,0.059903,0.133333,0.0,0.0,Bellevue_150th_SE38th
1867,cross,0.366894,0.020596,0.034567,0.233333,0.016667,0.0,Bellevue_150th_SE38th
1868,cross,0.591737,0.102356,0.106099,0.355556,0.0,0.0,Bellevue_150th_SE38th
1869,cross,0.349404,0.014421,0.031252,0.3,0.0,0.0,Bellevue_150th_SE38th
1870,cross,0.387494,0.011175,0.029126,0.366667,0.0,0.0,Bellevue_150th_SE38th
1871,cross,0.390345,0.039826,0.056062,0.422222,0.033333,0.066667,Bellevue_150th_SE38th
1872,cross,0.411663,0.022249,0.035346,0.2,0.0,0.0,Bellevue_150th_SE38th
1873,cross,0.404402,0.021355,0.034625,0.266667,0.0,0.0,Bellevue_150th_SE38th
1874,cross,0.400209,0.022945,0.034975,0.233333,0.0,0.0,Bellevue_150th_SE38th
1875,cross,0.367137,0.028955,0.042107,0.333333,0.0,0.0,Bellevue_150th_SE38th
1876,cross,0.377423,0.03796,0.053316,0.372222,0.127778,0.1,Bellevue_150th_SE38th
1877,cross,0.408665,0.039655,0.050113,0.233333,0.016667,0.0,Bellevue_150th_SE38th
1878,cross,0.419056,0.028433,0.039741,0.166667,0.0,0.0,Bellevue_150th_SE38th
1879,cross,0.36299,0.024505,0.034966,0.266667,0.0,0.0,Bellevue_150th_SE38th
1880,cross,0.406762,0.022968,0.036041,0.4,0.0,0.0,Bellevue_150th_SE38th
1881,cross,0.407642,0.023406,0.036405,0.2,0.0,0.0,Bellevue_150th_SE38th
1882,cross,0.402277,0.014241,0.031571,0.266667,0.0,0.011111,Bellevue_150th_SE38th
1883,cross,0.411771,0.023694,0.036463,0.2,0.0,0.0,Bellevue_150th_SE38th
1884,cross,0.410838,0.022056,0.035432,0.4,0.0,0.0,Bellevue_150th_SE38th
1885,cross,0.396139,0.021783,0.034177,0.366667,0.0,0.0,Bellevue_150th_SE38th
1886,cross,0.387131,0.013135,0.030001,0.2,0.0,0.0,Bellevue_150th_SE38th
1887,cross,0.415659,0.02221,0.035549,0.233333,0.0,0.0,Bellevue_150th_SE38th
1888,cross,0.507728,0.080139,0.090172,0.672222,0.25,0.05,Bellevue_150th_SE38th
1889,cross,0.366212,0.044489,0.042384,0.4,0.0,0.0,Bellevue_150th_SE38th
1890,cross,0.347995,0.016188,0.029815,0.3,0.0,0.0,Bellevue_150th_SE38th
1891,cross,0.409096,0.020506,0.034628,0.2,0.0,0.0,Bellevue_150th_SE38th
1892,cross,0.404003,0.022285,0.03441,0.233333,0.033333,0.016667,Bellevue_150th_SE38th
1893,cross,0.56512,0.094,0.103891,0.233333,0.033333,0.0,Bellevue_150th_SE38th
1894,cross,0.405159,0.024787,0.036922,0.166667,0.0,0.0,Bellevue_150th_SE38th
1895,cross,0.409993,0.022813,0.036446,0.233333,0.0,0.0,Bellevue_150th_SE38th
1896,cross,0.405102,0.021973,0.03499,0.133333,0.0,0.0,Bellevue_150th_SE38th
1897,cross,0.394837,0.019935,0.033049,0.333333,0.0,0.0,Bellevue_150th_SE38th
1898,cross,0.393986,0.011865,0.029639,0.166667,0.0,0.0,Bellevue_150th_SE38th
1899,cross,0.401722,0.021089,0.033793,0.233333,0.0,0.0,Bellevue_150th_SE38th
1900,cross,0.404183,0.019645,0.033272,0.422222,0.033333,0.083333,Bellevue_150th_SE38th
1901,cross,0.354308,0.027255,0.040051,0.3,0.0,0.0,Bellevue_150th_SE38th
1902,cross,0.355164,0.018226,0.03301,0.166667,0.0,0.0,Bellevue_150th_SE38th
1903,cross,0.413778,0.023786,0.037213,0.2,0.0,0.0,Bellevue_150th_SE38th
1904,cross,0.410595,0.022915,0.036362,0.3,0.0,0.0,Bellevue_150th_SE38th
1905,cross,0.405562,0.023124,0.036145,0.3,0.0,0.0,Bellevue_150th_SE38th
1906,cross,0.413735,0.022956,0.036722,0.266667,0.0,0.0,Bellevue_150th_SE38th
1907,cross,0.40924,0.023092,0.036318,0.538889,0.013889,0.052778,Bellevue_150th_SE38th
1908,cross,0.344415,0.020132,0.035381,0.2,0.0,0.0,Bellevue_150th_SE38th
1909,cross,0.377424,0.017682,0.031527,0.366667,0.0,0.0,Bellevue_150th_SE38th
1910,cross,0.395314,0.012686,0.030095,0.233333,0.0,0.0,Bellevue_150th_SE38th
1911,cross,0.40345,0.020503,0.034166,0.383333,0.033333,0.1,Bellevue_150th_SE38th
1912,cross,0.406738,0.039759,0.055348,0.1,0.0,0.0,Bellevue_150th_SE38th
1913,cross,0.366968,0.020739,0.033623,0.233333,0.0,0.0,Bellevue_150th_SE38th
1914,cross,0.365369,0.016823,0.031267,0.066667,0.0,0.0,Bellevue_150th_SE38th
1915,cross,0.406172,0.021103,0.03437,0.366667,0.0,0.0,Bellevue_150th_SE38th
1916,cross,0.407138,0.020153,0.033812,0.266667,0.0,0.0,Bellevue_150th_SE38th
1917,cross,0.421662,0.02636,0.039085,0.4,0.0,0.0,Bellevue_150th_SE38th
1918,cross,0.409018,0.021548,0.035862,0.233333,0.0,0.0,Bellevue_150th_SE38th
1919,cross,0.406578,0.025049,0.037289,0.3,0.0,0.0,Bellevue_150th_SE38th
1920,cross,0.407173,0.023453,0.036346,0.233333,0.0,0.0,Bellevue_150th_SE38th
1921,cross,0.408368,0.022048,0.036168,0.2,0.0,0.0,Bellevue_150th_SE38th
1922,cross,0.395604,0.012921,0.030827,0.466667,0.0,0.0,Bellevue_150th_SE38th
1923,cross,0.414154,0.025657,0.038829,0.3,0.0,0.0,Bellevue_150th_SE38th
1924,cross,0.410552,0.024384,0.036406,0.166667,0.0,0.0,Bellevue_150th_SE38th
1925,cross,0.429488,0.025983,0.039556,0.562778,0.15,0.108333,Bellevue_150th_SE38th
1926,cross,0.469541,0.071671,0.074471,0.327778,0.016667,0.061111,Bellevue_150th_SE38th
1927,cross,0.572291,0.110328,0.121593,0.522222,0.05,0.0,Bellevue_150th_SE38th
1928,cross,0.378304,0.039055,0.040237,0.629444,0.133333,0.116667,Bellevue_150th_SE38th
1929,cross,0.459318,0.074643,0.07363,0.394444,0.033333,0.008333,Bellevue_150th_SE38th
1930,cross,0.4117,0.022594,0.037719,0.433333,0.0,0.0,Bellevue_150th_SE38th
1931,cross,0.406397,0.023084,0.036525,0.366667,0.0,0.0,Bellevue_150th_SE38th
1932,cross,0.410239,0.023768,0.036763,0.333333,0.0,0.0,Bellevue_150th_SE38th
1933,cross,0.409162,0.024365,0.037,0.5,0.0,0.094444,Bellevue_150th_SE38th
1934,cross,0.401227,0.040363,0.050703,0.266667,0.0,0.0,Bellevue_150th_SE38th
1935,cross,0.360419,0.017592,0.031516,0.233333,0.0,0.0,Bellevue_150th_SE38th
1936,cross,0.378967,0.018496,0.031665,0.133333,0.0,0.0,Bellevue_150th_SE38th
1937,cross,0.401493,0.020563,0.034076,0.366667,0.0,0.0,Bellevue_150th_SE38th
1938,cross,0.391194,0.015552,0.03167,0.466667,0.0,0.0,Bellevue_150th_SE38th
1939,cross,0.355638,0.017446,0.031068,0.433333,0.0,0.0,Bellevue_150th_SE38th
1940,cross,0.400029,0.021958,0.034446,0.266667,0.0,0.0,Bellevue_150th_SE38th
1941,cross,0.404223,0.021514,0.034027,0.2,0.0,0.0,Bellevue_150th_SE38th
1942,cross,0.39672,0.020141,0.03309,0.266667,0.0,0.0,Bellevue_150th_SE38th
1943,cross,0.413441,0.02393,0.0372,0.133333,0.0,0.0,Bellevue_150th_SE38th
1944,cross,0.403053,0.021944,0.035755,0.233333,0.0,0.0,Bellevue_150th_SE38th
1945,cross,0.408255,0.022168,0.036107,0.3,0.0,0.0,Bellevue_150th_SE38th
1946,cross,0.405219,0.022662,0.036051,0.35,0.0,0.033333,Bellevue_150th_SE38th
1947,cross,0.393594,0.023754,0.03938,0.166667,0.0,0.0,Bellevue_150th_SE38th
1948,cross,0.397069,0.023747,0.03654,0.3,0.0,0.0,Bellevue_150th_SE38th
1949,cross,0.409412,0.023596,0.036512,0.233333,0.0,0.0,Bellevue_150th_SE38th
1950,cross,0.39313,0.012267,0.029864,0.266667,0.0,0.0,Bellevue_150th_SE38th
1951,cross,0.405734,0.023253,0.035886,0.3,0.0,0.0,Bellevue_150th_SE38th
1952,cross,0.401425,0.023061,0.035336,0.066667,0.0,0.0,Bellevue_150th_SE38th
1953,cross,0.406721,0.02329,0.035606,0.366667,0.0,0.0,Bellevue_150th_SE38th
1954,cross,0.403036,0.021849,0.034827,0.2,0.0,0.0,Bellevue_150th_SE38th
1955,cross,0.405718,0.021422,0.03479,0.166667,0.0,0.0,Bellevue_150th_SE38th
1956,cross,0.406033,0.021972,0.035053,0.266667,0.0,0.0,Bellevue_150th_SE38th
1957,cross,0.408119,0.023864,0.036811,0.333333,0.0,0.0,Bellevue_150th_SE38th
1958,cross,0.40218,0.020648,0.034254,0.133333,0.0,0.0,Bellevue_150th_SE38th
1959,cross,0.403572,0.020971,0.034021,0.033333,0.0,0.0,Bellevue_150th_SE38th
1960,cross,0.388659,0.019562,0.032131,0.2,0.0,0.0,Bellevue_150th_SE38th
1961,cross,0.404757,0.021688,0.0356,0.4,0.0,0.0,Bellevue_150th_SE38th
1962,cross,0.381022,0.011679,0.029512,0.2,0.0,0.0,Bellevue_150th_SE38th
1963,cross,0.361456,0.017516,0.032603,0.366667,0.0,0.0,Bellevue_150th_SE38th
1964,cross,0.402056,0.021121,0.035065,0.366667,0.0,0.0,Bellevue_150th_SE38th
1965,cross,0.398064,0.0217,0.034951,0.2,0.0,0.0,Bellevue_150th_SE38th
1966,cross,0.398157,0.013671,0.031451,0.2,0.0,0.0,Bellevue_150th_SE38th
1967,cross,0.412768,0.022473,0.036224,0.433333,0.0,0.0,Bellevue_150th_SE38th
1968,cross,0.411096,0.022874,0.035902,0.2,0.0,0.0,Bellevue_150th_SE38th
1969,cross,0.409315,0.022476,0.035447,0.266667,0.0,0.0,Bellevue_150th_SE38th
1970,cross,0.407277,0.021651,0.035025,0.166667,0.0,0.0,Bellevue_150th_SE38th
1971,cross,0.404489,0.021186,0.034672,0.433333,0.0,0.0,Bellevue_150th_SE38th
1972,cross,0.408219,0.023779,0.036803,0.2,0.0,0.0,Bellevue_150th_SE38th
1973,cross,0.393683,0.021892,0.033878,0.233333,0.0,0.0,Bellevue_150th_SE38th
1974,cross,0.394892,0.019597,0.033298,0.233333,0.0,0.0,Bellevue_150th_SE38th
1975,cross,0.402712,0.020227,0.033788,0.433333,0.0,0.0,Bellevue_150th_SE38th
1976,cross,0.401167,0.02092,0.033645,0.133333,0.0,0.0,Bellevue_150th_SE38th
1977,cross,0.406238,0.019828,0.034917,0.4,0.0,0.0,Bellevue_150th_SE38th
1978,cross,0.388467,0.011803,0.029956,0.266667,0.0,0.0,Bellevue_150th_SE38th
1979,cross,0.419524,0.023774,0.03746,0.2,0.0,0.0,Bellevue_150th_SE38th
1980,cross,0.40972,0.02214,0.03612,0.1,0.0,0.0,Bellevue_150th_SE38th
1981,cross,0.416252,0.022682,0.036928,0.2,0.0,0.0,Bellevue_150th_SE38th
1982,cross,0.406389,0.022288,0.035675,0.233333,0.0,0.033333,Bellevue_150th_SE38th
1983,cross,0.404693,0.023477,0.036084,0.1,0.0,0.0,Bellevue_150th_SE38th
1984,cross,0.409872,0.020977,0.035083,0.133333,0.0,0.0,Bellevue_150th_SE38th
1985,cross,0.399562,0.019431,0.033282,0.2,0.0,0.0,Bellevue_150th_SE38th
1986,cross,0.398597,0.018106,0.032941,0.266667,0.0,0.0,Bellevue_150th_SE38th
1987,cross,0.38105,0.02608,0.036527,0.528333,0.116667,0.033333,Bellevue_150th_SE38th
1988,cross,0.443804,0.069543,0.06691,0.671389,0.020556,0.012222,Bellevue_150th_SE38th
1989,cross,0.57142,0.108691,0.124274,0.527778,0.066667,0.027778,Bellevue_150th_SE38th
1990,cross,0.36248,0.028219,0.03955,0.433333,0.0,0.0,Bellevue_150th_SE38th
1991,cross,0.36944,0.01656,0.03055,0.166667,0.0,0.0,Bellevue_150th_SE38th
1992,cross,0.397867,0.019634,0.03265,0.233333,0.0,0.0,Bellevue_150th_SE38th
1993,cross,0.413816,0.023588,0.036848,0.233333,0.0,0.0,Bellevue_150th_SE38th
1994,cross,0.401778,0.021927,0.035424,0.433333,0.0,0.0,Bellevue_150th_SE38th
1995,cross,0.40538,0.023001,0.035202,0.6,0.0,0.1,Bellevue_150th_SE38th
1996,cross,0.571196,0.085514,0.108542,0.391667,0.008333,0.0,Bellevue_150th_SE38th
1997,cross,0.390937,0.04604,0.049271,0.233333,0.0,0.0,Bellevue_150th_SE38th
1998,cross,0.400691,0.021817,0.034753,0.3,0.0,0.0,Bellevue_150th_SE38th
1999,cross,0.405888,0.022173,0.035398,0.266667,0.0,0.0,Bellevue_150th_SE38th
2000,cross,0.405739,0.023716,0.036122,0.333333,0.0,0.0,Bellevue_150th_SE38th
2001,cross,0.403555,0.02126,0.035117,0.166667,0.0,0.0,Bellevue_150th_SE38th
2002,cross,0.40089,0.022157,0.035131,0.2,0.0,0.0,Bellevue_150th_SE38th
2003,cross,0.390597,0.013231,0.030169,0.366667,0.0,0.0,Bellevue_150th_SE38th
2004,cross,0.41019,0.021639,0.035433,0.133333,0.0,0.0,Bellevue_150th_SE38th
2005,cross,0.4049,0.022541,0.035153,0.1,0.0,0.0,Bellevue_150th_SE38th
2006,cross,0.406017,0.022453,0.035,0.266667,0.0,0.0,Bellevue_150th_SE38th
2007,cross,0.401359,0.022017,0.03459,0.266667,0.0,0.0,Bellevue_150th_SE38th
2008,cross,0.404018,0.021428,0.034525,0.2,0.0,0.0,Bellevue_150th_SE38th
2009,cross,0.403156,0.020536,0.03425,0.333333,0.0,0.0,Bellevue_150th_SE38th
2010,cross,0.405373,0.021461,0.034815,0.166667,0.0,0.0,Bellevue_150th_SE38th
2011,cross,0.402178,0.019642,0.033574,0.4,0.0,0.0,Bellevue_150th_SE38th
2012,cross,0.400851,0.020398,0.033592,0.333333,0.0,0.0,Bellevue_150th_SE38th
2013,cross,0.395691,0.020828,0.03295,0.3,0.033333,0.05,Bellevue_150th_SE38th
2014,cross,0.435112,0.045839,0.054853,0.2,0.083333,0.0,Bellevue_150th_SE38th
2015,cross,0.431319,0.063784,0.062303,0.644444,0.0,0.041111,Bellevue_150th_SE38th
2016,cross,0.470269,0.072403,0.082987,0.402778,0.0,0.075,Bellevue_150th_SE38th
2017,cross,0.409205,0.046123,0.06232,0.333333,0.0,0.1,Bellevue_150th_SE38th
2018,cross,0.541919,0.07715,0.097592,0.372222,0.044444,0.0,Bellevue_150th_SE38th
2019,cross,0.422807,0.023497,0.036933,0.4,0.0,0.0,Bellevue_150th_SE38th
2020,cross,0.42728,0.024799,0.037678,0.383333,0.05,0.016667,Bellevue_150th_SE38th
2021,cross,0.483645,0.070059,0.088638,0.233333,0.0,0.0,Bellevue_150th_SE38th
2022,cross,0.33899,0.015498,0.031331,0.2,0.0,0.0,Bellevue_150th_SE38th
2023,cross,0.409248,0.022181,0.03546,0.166667,0.0,0.0,Bellevue_150th_SE38th
2024,cross,0.408343,0.022635,0.035566,0.5,0.0,0.0,Bellevue_150th_SE38th
2025,cross,0.403928,0.022535,0.03503,0.133333,0.0,0.0,Bellevue_150th_SE38th
2026,cross,0.400606,0.021895,0.034718,0.433333,0.0,0.0,Bellevue_150th_SE38th
2027,cross,0.430826,0.063563,0.064165,0.297222,-0.066667,0.105556,Bellevue_150th_SE38th
2028,cross,0.457545,0.063864,0.0801,0.433333,0.0,0.0,Bellevue_150th_SE38th
2029,cross,0.355975,0.015044,0.029356,0.366667,0.0,0.0,Bellevue_150th_SE38th
2030,cross,0.410306,0.022338,0.035749,0.333333,0.0,0.0,Bellevue_150th_SE38th
2031,cross,0.397751,0.013942,0.031368,0.466667,0.0,0.0,Bellevue_150th_SE38th
2032,cross,0.413467,0.023843,0.036889,0.446905,0.075,0.008333,Bellevue_150th_SE38th
2033,cross,0.538513,0.089451,0.09683,0.405556,0.097222,0.044444,Bellevue_150th_SE38th
2034,cross,0.414953,0.052102,0.064739,0.266667,0.0,0.0,Bellevue_150th_SE38th
2035,cross,0.386075,0.019634,0.033458,0.266667,0.0,0.0,Bellevue_150th_SE38th
2036,cross,0.408352,0.02304,0.035902,0.3,0.0,0.0,Bellevue_150th_SE38th
2037,cross,0.407397,0.021786,0.035119,0.3,0.0,0.0,Bellevue_150th_SE38th
2038,cross,0.406094,0.022146,0.03594,0.3,0.0,0.0,Bellevue_150th_SE38th
2039,cross,0.401594,0.022482,0.035011,0.1,0.0,0.0,Bellevue_150th_SE38th
2040,cross,0.413879,0.024651,0.038194,0.233333,0.0,0.0,Bellevue_150th_SE38th
2041,cross,0.404629,0.023235,0.035936,0.4,0.0,0.0,Bellevue_150th_SE38th
2042,cross,0.409828,0.022259,0.035455,0.3,0.0,0.0,Bellevue_150th_SE38th
2043,cross,0.392294,0.013257,0.030435,0.266667,0.0,0.0,Bellevue_150th_SE38th
2044,cross,0.406363,0.020441,0.034361,0.2,0.0,0.0,Bellevue_150th_SE38th
2045,cross,0.389415,0.023873,0.035346,0.466667,0.0,0.0,Bellevue_150th_SE38th
2046,cross,0.356649,0.017137,0.030819,0.233333,0.0,0.0,Bellevue_150th_SE38th
2047,cross,0.403192,0.021841,0.034608,0.433333,0.055556,0.016667,Bellevue_150th_SE38th
2048,cross,0.600249,0.14092,0.12663,0.583889,-0.026667,0.078889,Bellevue_150th_SE38th
2049,cross,0.594213,0.127062,0.126334,0.540556,0.011111,0.083333,Bellevue_150th_SE38th
2050,cross,0.496136,0.079396,0.08882,0.333333,0.116667,0.1,Bellevue_150th_SE38th
2051,cross,0.411619,0.023132,0.036008,0.166667,0.0,0.0,Bellevue_150th_SE38th
2052,cross,0.400877,0.02293,0.035634,0.333333,0.0,0.0,Bellevue_150th_SE38th
2053,cross,0.40129,0.020355,0.034578,0.266667,0.0,0.0,Bellevue_150th_SE38th
2054,cross,0.384724,0.031474,0.045126,0.166667,0.0,0.0,Bellevue_150th_SE38th
2055,cross,0.396103,0.041142,0.057804,0.316667,0.033333,0.066667,Bellevue_150th_SE38th
2056,cross,0.417753,0.024474,0.037413,0.2,0.0,0.0,Bellevue_150th_SE38th
2057,cross,0.401202,0.022084,0.034732,0.266667,0.0,0.0,Bellevue_150th_SE38th
2058,cross,0.397179,0.020293,0.033709,0.166667,0.0,0.0,Bellevue_150th_SE38th
2059,cross,0.395074,0.019097,0.033106,0.2,0.0,0.0,Bellevue_150th_SE38th
2060,cross,0.393968,0.023694,0.035372,0.366667,0.0,0.0,Bellevue_150th_SE38th
2061,cross,0.565342,0.112585,0.109398,0.955556,0.177778,0.405556,Bellevue_150th_SE38th
2062,cross,0.508364,0.085571,0.094275,0.591667,0.033333,0.127778,Bellevue_150th_SE38th
2063,cross,0.428599,0.03855,0.045019,0.366667,0.011111,0.0,Bellevue_150th_SE38th
2064,cross,0.406842,0.053355,0.053272,0.319444,0.0,0.0,Bellevue_150th_SE38th
2065,cross,0.372299,0.040962,0.046092,0.497222,0.019444,0.0,Bellevue_150th_SE38th
2066,cross,0.556141,0.079446,0.101844,0.266667,0.016667,0.0,Bellevue_150th_SE38th
2067,cross,0.387724,0.034531,0.047244,0.340556,-0.008333,0.029762,Bellevue_150th_SE38th
2068,cross,0.536078,0.08251,0.103067,0.429444,0.061111,0.011111,Bellevue_150th_SE38th
2069,cross,0.573254,0.100862,0.112792,0.433333,-0.05,0.144444,Bellevue_150th_SE38th
2070,cross,0.41656,0.023591,0.037004,0.3,0.0,0.0,Bellevue_150th_SE38th
2071,cross,0.357107,0.010926,0.029072,0.233333,0.0,0.0,Bellevue_150th_SE38th
2072,cross,0.381292,0.037851,0.053203,0.355556,0.0,0.011111,Bellevue_150th_SE38th
2073,cross,0.42264,0.023286,0.036534,0.233333,0.0,0.0,Bellevue_150th_SE38th
2074,cross,0.401036,0.020189,0.033838,0.2,0.0,0.0,Bellevue_150th_SE38th
2075,cross,0.407795,0.020973,0.034795,0.266667,0.0,0.0,Bellevue_150th_SE38th
2076,cross,0.355441,0.02524,0.039902,0.233333,0.0,0.0,Bellevue_150th_SE38th
2077,cross,0.416529,0.046598,0.065178,0.2,0.0,0.0,Bellevue_150th_SE38th
2078,cross,0.406733,0.020306,0.034251,0.233333,0.0,0.0,Bellevue_150th_SE38th
2079,cross,0.365786,0.028606,0.042008,0.2,0.0,0.0,Bellevue_150th_SE38th
2080,cross,0.46988,0.063681,0.084152,0.35,0.061111,0.05,Bellevue_150th_SE38th
2081,cross,0.400767,0.020377,0.035619,0.2,0.0,0.0,Bellevue_150th_SE38th
2082,cross,0.402422,0.021139,0.034856,0.379444,0.0,0.077778,Bellevue_150th_SE38th
2083,cross,0.399553,0.020325,0.041536,0.26,0.011111,0.038889,Bellevue_150th_SE38th
2084,cross,0.528839,0.082532,0.092793,0.283333,0.0,0.05,Bellevue_150th_SE38th
2085,cross,0.352328,0.014962,0.030867,0.366667,0.0,0.0,Bellevue_150th_SE38th
2086,cross,0.412898,0.022563,0.035655,0.266667,0.0,0.0,Bellevue_150th_SE38th
2087,cross,0.410859,0.02159,0.034609,0.333333,0.0,0.0,Bellevue_150th_SE38th
2088,cross,0.423943,0.023015,0.038074,0.233333,0.0,0.0,Bellevue_150th_SE38th
2089,cross,0.41134,0.024356,0.037331,0.333333,-0.066667,0.1,Bellevue_150th_SE38th
2090,cross,0.64612,0.116123,0.136823,0.593333,0.192778,0.05,Bellevue_150th_SE38th
2091,cross,0.523402,0.087274,0.094879,0.54373,0.013889,0.026111,Bellevue_150th_SE38th
2092,cross,0.39606,0.046997,0.051045,0.386111,0.011111,0.016667,Bellevue_150th_SE38th
2093,cross,0.402615,0.023703,0.037397,0.266667,0.0,0.0,Bellevue_150th_SE38th
2094,cross,0.420075,0.022247,0.036212,0.3,0.0,0.0,Bellevue_150th_SE38th
2095,cross,0.430884,0.027137,0.040093,0.133333,0.0,0.0,Bellevue_150th_SE38th
2096,cross,0.381383,0.021129,0.033885,0.066667,0.0,0.0,Bellevue_150th_SE38th
2097,cross,0.351775,0.039401,0.041306,0.6,0.033333,0.080556,Bellevue_150th_SE38th
2098,cross,0.520723,0.089862,0.087524,0.972222,0.132778,0.117778,Bellevue_150th_SE38th
2099,cross,0.551931,0.091777,0.100508,0.365556,0.008333,0.033333,Bellevue_150th_SE38th
2100,cross,0.360177,0.019936,0.03541,0.133333,-0.033333,0.033333,Bellevue_150th_SE38th
2101,cross,0.533213,0.09113,0.09788,0.166667,-0.016667,0.033333,Bellevue_150th_SE38th
2102,cross,0.413026,0.023148,0.035832,0.3,0.0,0.0,Bellevue_150th_SE38th
2103,cross,0.40866,0.02018,0.033791,0.2,0.0,0.0,Bellevue_150th_SE38th
2104,cross,0.395511,0.019503,0.03234,0.133333,0.0,0.0,Bellevue_150th_SE38th
2105,cross,0.402873,0.020693,0.034583,0.1,0.0,0.0,Bellevue_150th_SE38th
2106,cross,0.404512,0.021993,0.035294,0.066667,0.0,0.0,Bellevue_150th_SE38th
2107,cross,0.423516,0.022517,0.037637,0.373889,0.054167,0.0,Bellevue_150th_SE38th
2108,cross,0.434115,0.058321,0.064289,0.567222,-0.041667,0.161111,Bellevue_150th_SE38th
2109,cross,0.345768,0.022078,0.036541,0.266667,0.0,0.0,Bellevue_150th_SE38th
2110,cross,0.381965,0.020542,0.034025,0.133333,0.0,0.0,Bellevue_150th_SE38th
2111,cross,0.405703,0.020977,0.035532,0.133333,0.0,0.0,Bellevue_150th_SE38th
2112,cross,0.383165,0.037089,0.053397,0.413889,0.094444,0.1,Bellevue_150th_SE38th
2113,cross,0.388994,0.048428,0.050663,0.233333,0.0,0.0,Bellevue_150th_SE38th
2114,cross,0.453864,0.055278,0.07826,0.695423,0.025,0.068704,Bellevue_150th_SE38th
2115,cross,0.545445,0.098296,0.104358,0.667778,0.0,0.032778,Bellevue_150th_SE38th
2116,cross,0.552901,0.065003,0.092809,0.133333,0.0,0.0,Bellevue_150th_SE38th
2117,cross,0.40612,0.021969,0.035232,0.1,0.0,0.0,Bellevue_150th_SE38th
2118,cross,0.395591,0.027956,0.04212,0.1,-0.066667,0.066667,Bellevue_150th_SE38th
2119,cross,0.452705,0.054289,0.072499,0.455556,0.0,0.033333,Bellevue_150th_SE38th
2120,cross,0.353867,0.013643,0.027937,0.166667,0.0,0.0,Bellevue_150th_SE38th
2121,cross,0.418059,0.023443,0.036746,0.266667,0.0,0.0,Bellevue_150th_SE38th
2122,cross,0.410386,0.022453,0.035833,0.033333,0.0,0.0,Bellevue_150th_SE38th
2123,cross,0.395667,0.0121,0.030128,0.166667,0.0,0.0,Bellevue_150th_SE38th
2124,cross,0.42972,0.022308,0.037568,0.233333,0.0,0.0,Bellevue_150th_SE38th
2125,cross,0.421599,0.022682,0.036318,0.166667,0.0,0.0,Bellevue_150th_SE38th
2126,cross,0.408173,0.021205,0.034994,0.166667,0.0,0.0,Bellevue_150th_SE38th
2127,cross,0.404812,0.019837,0.034268,0.2,0.0,0.0,Bellevue_150th_SE38th
2128,cross,0.41801,0.023557,0.036311,0.133333,0.0,0.0,Bellevue_150th_SE38th
2129,cross,0.406253,0.020822,0.034607,0.166667,0.0,0.0,Bellevue_150th_SE38th
2130,cross,0.399984,0.02018,0.033416,0.366667,0.0,0.0,Bellevue_150th_SE38th
2131,cross,0.402843,0.018747,0.032727,0.066667,0.0,0.0,Bellevue_150th_SE38th
2132,cross,0.408258,0.022335,0.035561,0.233333,0.0,0.0,Bellevue_150th_SE38th
2133,cross,0.407392,0.021787,0.035259,0.2,0.0,0.0,Bellevue_150th_SE38th
2134,cross,0.411582,0.023211,0.036318,0.366667,0.0,0.0,Bellevue_150th_SE38th
2135,cross,0.405309,0.012754,0.031064,0.2,0.0,0.0,Bellevue_150th_SE38th
2136,cross,0.41616,0.024929,0.037771,0.316667,0.1,0.066667,Bellevue_150th_SE38th
2137,cross,0.420003,0.059333,0.059008,0.325,-0.008333,0.033333,Bellevue_150th_SE38th
2138,cross,0.474732,0.072912,0.086643,0.25,0.0,0.033333,Bellevue_150th_SE38th
2139,cross,0.39997,0.040934,0.05861,0.3,0.0,0.0,Bellevue_150th_SE38th
2140,cross,0.407425,0.048174,0.060129,0.388889,-0.027778,0.077778,Bellevue_150th_SE38th
2141,cross,0.489542,0.084881,0.086663,0.533333,0.0,0.233333,Bellevue_150th_SE38th
2142,cross,0.488919,0.072729,0.090854,0.266667,-0.016667,0.066667,Bellevue_150th_SE38th
2143,cross,0.364914,0.016953,0.031511,0.133333,0.0,0.0,Bellevue_150th_SE38th
2144,cross,0.350411,0.019876,0.032682,0.503333,0.116667,0.033333,Bellevue_150th_SE38th
2145,cross,0.353118,0.022914,0.032778,0.3,0.0,0.0,Bellevue_150th_SE38th
2146,cross,0.404452,0.020878,0.033953,0.166667,0.0,0.0,Bellevue_150th_SE38th
2147,cross,0.398484,0.012893,0.029769,0.1,0.0,0.0,Bellevue_150th_SE38th
2148,cross,0.408788,0.02165,0.035369,0.266667,0.0,0.0,Bellevue_150th_SE38th
2149,cross,0.407346,0.02177,0.035463,0.1,0.0,0.0,Bellevue_150th_SE38th
2150,cross,0.402972,0.021458,0.034899,0.166667,0.0,0.0,Bellevue_150th_SE38th
2151,cross,0.410549,0.021046,0.034922,0.266667,0.0,0.0,Bellevue_150th_SE38th
2152,cross,0.404539,0.020481,0.03499,0.266667,0.0,0.0,Bellevue_150th_SE38th
2153,cross,0.408616,0.022317,0.035696,0.166667,0.0,0.0,Bellevue_150th_SE38th
2154,cross,0.415119,0.024019,0.03684,0.1,0.0,0.0,Bellevue_150th_SE38th
2155,cross,0.414015,0.021518,0.034955,0.233333,0.0,0.0,Bellevue_150th_SE38th
2156,cross,0.410478,0.023034,0.035283,0.166667,0.0,0.0,Bellevue_150th_SE38th
2157,cross,0.396141,0.018911,0.032371,0.333333,0.0,0.0,Bellevue_150th_SE38th
2158,cross,0.408145,0.021588,0.035286,0.2,0.0,0.0,Bellevue_150th_SE38th
2159,cross,0.410723,0.022925,0.036232,0.276667,0.033333,0.116667,Bellevue_150th_SE38th
2160,cross,0.390021,0.039051,0.047852,0.0,-0.066667,0.0,Bellevue_150th_SE38th
2161,cross,0.364499,0.018047,0.031816,0.133333,0.0,0.0,Bellevue_150th_SE38th
2162,cross,0.397391,0.019436,0.033809,0.3,0.0,0.0,Bellevue_150th_SE38th
2163,cross,0.393683,0.012142,0.029994,0.233333,0.0,0.0,Bellevue_150th_SE38th
2164,cross,0.41361,0.022817,0.035984,0.188889,0.0,0.011111,Bellevue_150th_SE38th
2165,cross,0.504177,0.063476,0.075386,0.482222,0.037778,0.011111,Bellevue_150th_SE38th
2166,cross,0.368924,0.022413,0.033196,0.033333,0.0,0.0,Bellevue_150th_SE38th
2167,cross,0.406677,0.020701,0.034534,0.133333,0.0,0.0,Bellevue_150th_SE38th
2168,cross,0.358227,0.020994,0.032981,0.3,0.0,0.0,Bellevue_150th_SE38th
2169,cross,0.385798,0.018815,0.032633,0.4,0.0,0.0,Bellevue_150th_SE38th
2170,cross,0.409558,0.020848,0.034746,0.1,0.0,0.0,Bellevue_150th_SE38th
2171,cross,0.406853,0.020344,0.034181,0.233333,0.0,0.0,Bellevue_150th_SE38th
2172,cross,0.411302,0.020916,0.034666,0.366667,0.0,0.0,Bellevue_150th_SE38th
2173,cross,0.402439,0.020191,0.033439,0.166667,0.0,0.0,Bellevue_150th_SE38th
2174,cross,0.404561,0.022344,0.035451,0.2,0.0,0.0,Bellevue_150th_SE38th
2175,cross,0.395552,0.012312,0.029897,0.166667,0.0,0.0,Bellevue_150th_SE38th
2176,cross,0.418136,0.021777,0.036082,0.35,0.05,0.0,Bellevue_150th_SE38th
2177,cross,0.490219,0.066305,0.075553,0.363889,0.033333,0.083333,Bellevue_150th_SE38th
2178,cross,0.404974,0.043818,0.052938,0.2,-0.033333,0.0,Bellevue_150th_SE38th
2179,cross,0.36271,0.015905,0.031663,0.066667,0.0,0.0,Bellevue_150th_SE38th
2180,cross,0.368289,0.030183,0.043255,0.144444,-0.016667,0.008333,Bellevue_150th_SE38th
2181,cross,0.441739,0.048309,0.068463,0.272222,0.0,0.0,Bellevue_150th_SE38th
2182,cross,0.365123,0.034372,0.041195,0.276667,0.027778,0.016667,Bellevue_150th_SE38th
2183,cross,0.54909,0.09143,0.108118,0.452778,-0.008333,0.033333,Bellevue_150th_SE38th
2184,cross,0.379404,0.022617,0.043,0.1,0.0,0.0,Bellevue_150th_SE38th
2185,cross,0.450821,0.046822,0.054084,0.366667,0.0,0.0,Bellevue_150th_SE38th
2186,cross,0.408921,0.020908,0.034879,0.233333,0.0,0.0,Bellevue_150th_SE38th
2187,cross,0.403686,0.012806,0.030687,0.366667,0.0,0.0,Bellevue_150th_SE38th
2188,cross,0.372809,0.018657,0.03389,0.333333,0.0,0.0,Bellevue_150th_SE38th
2189,cross,0.392355,0.042469,0.058444,0.166667,-0.033333,0.033333,Bellevue_150th_SE38th
2190,cross,0.39022,0.039245,0.056202,0.433333,0.0,0.0,Bellevue_150th_SE38th
2191,cross,0.401179,0.032972,0.043273,0.133333,0.0,0.0,Bellevue_150th_SE38th
2192,cross,0.400906,0.024552,0.037051,0.365556,0.033333,0.1,Bellevue_150th_SE38th
2193,cross,0.345172,0.016915,0.03408,0.166667,0.0,0.0,Bellevue_150th_SE38th
2194,cross,0.363145,0.019987,0.033345,0.2,0.0,0.0,Bellevue_150th_SE38th
2195,cross,0.407672,0.027188,0.038968,0.266667,0.0,0.0,Bellevue_150th_SE38th
2196,cross,0.355089,0.021826,0.032994,0.133333,0.0,0.0,Bellevue_150th_SE38th
2197,cross,0.399127,0.020391,0.033682,0.266667,0.0,0.0,Bellevue_150th_SE38th
2198,cross,0.400576,0.020697,0.034244,0.4,0.0,0.0,Bellevue_150th_SE38th
2199,cross,0.393929,0.019448,0.032813,0.1,0.0,0.0,Bellevue_150th_SE38th
2200,cross,0.435377,0.031151,0.044165,0.476667,-0.023333,0.13,Bellevue_150th_SE38th
2201,cross,0.337498,0.014737,0.031347,0.366667,0.0,0.0,Bellevue_150th_SE38th
2202,cross,0.369019,0.018103,0.031021,0.338889,-0.066667,0.133333,Bellevue_150th_SE38th
2203,cross,0.344136,0.01831,0.034745,0.166667,0.0,0.0,Bellevue_150th_SE38th
2204,cross,0.360654,0.016024,0.029774,0.2,0.0,0.0,Bellevue_150th_SE38th
2205,cross,0.388204,0.018409,0.033213,0.3,0.0,0.0,Bellevue_150th_SE38th
2206,cross,0.375392,0.01923,0.03212,0.466667,0.0,0.0,Bellevue_150th_SE38th
2207,cross,0.374363,0.017868,0.031245,0.166667,0.0,0.0,Bellevue_150th_SE38th
2208,cross,0.378887,0.01781,0.0309,0.3,0.0,0.0,Bellevue_150th_SE38th
2209,cross,0.376325,0.019053,0.032246,0.333333,0.0,0.0,Bellevue_150th_SE38th
2210,cross,0.382356,0.038487,0.052492,0.416667,-0.033333,0.066667,Bellevue_150th_SE38th
2211,cross,0.407572,0.021814,0.0356,0.266667,0.0,0.0,Bellevue_150th_SE38th
2212,cross,0.396606,0.021153,0.034605,0.2,0.0,0.0,Bellevue_150th_SE38th
2213,cross,0.379905,0.018551,0.032134,0.166667,0.0,0.0,Bellevue_150th_SE38th
2214,cross,0.380951,0.018757,0.032098,0.266667,0.0,0.0,Bellevue_150th_SE38th
2215,cross,0.370875,0.009163,0.027207,0.333333,0.0,0.0,Bellevue_150th_SE38th
2216,cross,0.398114,0.022118,0.034642,0.166667,0.0,0.0,Bellevue_150th_SE38th
2217,cross,0.375031,0.035618,0.052632,0.4,-0.033333,0.033333,Bellevue_150th_SE38th
2218,cross,0.365572,0.033403,0.044887,0.416667,0.008333,0.058333,Bellevue_150th_SE38th
2219,cross,0.600884,0.111881,0.12092,0.563333,0.056667,0.072222,Bellevue_150th_SE38th
2220,cross,0.415629,0.023227,0.03648,0.436111,0.016667,0.066667,Bellevue_150th_SE38th
2221,cross,0.380724,0.037863,0.046594,0.133333,0.0,0.0,Bellevue_150th_SE38th
2222,cross,0.384429,0.038271,0.056484,0.433333,0.0,0.061111,Bellevue_150th_SE38th
2223,cross,0.387303,0.020565,0.033178,0.366667,0.0,0.0,Bellevue_150th_SE38th
2224,cross,0.383437,0.018835,0.032389,0.166667,0.0,0.0,Bellevue_150th_SE38th
2225,cross,0.388634,0.021188,0.033356,0.233333,0.0,0.0,Bellevue_150th_SE38th
2226,cross,0.375205,0.019267,0.032196,0.333333,0.0,0.0,Bellevue_150th_SE38th
2227,cross,0.363619,0.018506,0.030627,0.233333,0.0,0.0,Bellevue_150th_SE38th
2228,cross,0.360905,0.009294,0.026714,0.233333,0.0,0.0,Bellevue_150th_SE38th
2229,cross,0.337336,0.016859,0.030619,0.3,0.0,0.0,Bellevue_150th_SE38th
2230,cross,0.354156,0.015691,0.028715,0.433333,0.0,0.0,Bellevue_150th_SE38th
2231,cross,0.382208,0.020847,0.033981,0.266667,0.0,0.0,Bellevue_150th_SE38th
2232,cross,0.381366,0.02036,0.033412,0.455556,0.0,0.05,Bellevue_150th_SE38th
2233,cross,0.342664,0.025595,0.037725,0.066667,0.0,0.0,Bellevue_150th_SE38th
2234,cross,0.351411,0.015865,0.02919,0.166667,0.0,0.0,Bellevue_150th_SE38th
2235,cross,0.37993,0.019355,0.032165,0.333333,0.0,0.0,Bellevue_150th_SE38th
2236,cross,0.364664,0.019923,0.03385,0.166667,0.0,0.0,Bellevue_150th_SE38th
2237,cross,0.409545,0.043419,0.0671,0.4,0.0,0.033333,Bellevue_150th_SE38th
2238,cross,0.397055,0.022484,0.034506,0.366667,0.0,0.0,Bellevue_150th_SE38th
2239,cross,0.381056,0.018838,0.03218,0.233333,0.0,0.0,Bellevue_150th_SE38th
2240,cross,0.369094,0.009899,0.02732,0.3,0.0,0.0,Bellevue_150th_SE38th
2241,cross,0.387773,0.019582,0.032574,0.3,0.0,0.0,Bellevue_150th_SE38th
2242,cross,0.38453,0.018123,0.03168,0.4,0.033333,0.116667,Bellevue_150th_SE38th
2243,cross,0.511422,0.057671,0.089774,0.4,0.0,0.0,Bellevue_150th_SE38th
2244,cross,0.393232,0.022267,0.035277,0.266667,0.0,0.0,Bellevue_150th_SE38th
2245,cross,0.385737,0.021427,0.034381,0.483333,0.083333,0.05,Bellevue_150th_SE38th
2246,cross,0.395112,0.040338,0.051473,0.455556,-0.022222,0.144444,Bellevue_150th_SE38th
2247,cross,0.552538,0.096765,0.105533,0.461111,0.033333,0.041667,Bellevue_150th_SE38th
2248,cross,0.401349,0.048026,0.055994,0.25,-0.016667,0.1,Bellevue_150th_SE38th
2249,cross,0.506007,0.056445,0.089477,0.366667,0.0,0.0,Bellevue_150th_SE38th
2250,cross,0.388045,0.020657,0.033628,0.433333,0.05,0.033333,Bellevue_150th_SE38th
2251,cross,0.373973,0.044574,0.049353,0.3,0.0,0.0,Bellevue_150th_SE38th
2252,cross,0.392163,0.048734,0.052452,0.333333,0.0,0.033333,Bellevue_150th_SE38th
2253,cross,0.47549,0.066337,0.080618,0.366667,0.0,0.033333,Bellevue_150th_SE38th
2254,cross,0.387207,0.02175,0.033985,0.166667,0.0,0.0,Bellevue_150th_SE38th
2255,cross,0.373354,0.020349,0.033142,0.416667,0.033333,0.044444,Bellevue_150th_SE38th
2256,cross,0.587478,0.110226,0.125642,0.35,-0.016667,0.033333,Bellevue_150th_SE38th
2257,cross,0.402465,0.040723,0.048141,0.133333,0.0,0.0,Bellevue_150th_SE38th
2258,cross,0.386788,0.019881,0.032196,0.266667,0.0,0.0,Bellevue_150th_SE38th
2259,cross,0.430372,0.058003,0.05908,0.655556,0.091667,0.05,Bellevue_150th_SE38th
2260,cross,0.496925,0.073057,0.091633,0.731508,0.010833,0.035913,Bellevue_150th_SE38th
2261,cross,0.426522,0.052132,0.066636,0.593492,0.01619,0.065,Bellevue_150th_SE38th
2262,cross,0.379925,0.039119,0.044191,0.133333,0.0,0.0,Bellevue_150th_SE38th
2263,cross,0.349477,0.02871,0.040573,0.316667,0.0,0.033333,Bellevue_150th_SE38th
2264,cross,0.535212,0.088278,0.103356,0.561111,0.166667,0.066667,Bellevue_150th_SE38th
2265,cross,0.414437,0.038309,0.04769,0.4,0.0,0.0,Bellevue_150th_SE38th
2266,cross,0.357461,0.020632,0.03208,0.333333,0.0,0.0,Bellevue_150th_SE38th
2267,cross,0.378766,0.02038,0.032452,0.2,0.0,0.0,Bellevue_150th_SE38th
2268,cross,0.367162,0.010306,0.027471,0.3,0.0,0.0,Bellevue_150th_SE38th
2269,cross,0.387963,0.020815,0.033291,0.133333,0.0,0.0,Bellevue_150th_SE38th
2270,cross,0.378593,0.019275,0.03215,0.266667,0.0,0.0,Bellevue_150th_SE38th
2271,cross,0.390843,0.040995,0.059954,0.533333,0.033333,0.05,Bellevue_150th_SE38th
2272,cross,0.555403,0.077353,0.100494,0.468333,-0.05,0.083333,Bellevue_150th_SE38th
2273,cross,0.452806,0.056997,0.066852,0.213889,-0.066667,0.077778,Bellevue_150th_SE38th
2274,cross,0.331354,0.014849,0.031626,0.533333,0.0,0.016667,Bellevue_150th_SE38th
2275,cross,0.382299,0.06293,0.053542,0.466667,0.0,0.0,Bellevue_150th_SE38th
2276,cross,0.328165,0.019257,0.030837,0.466667,0.033333,0.0,Bellevue_150th_SE38th
2277,cross,0.382866,0.047352,0.048077,0.729127,0.152778,0.008333,Bellevue_150th_SE38th
2278,cross,0.546031,0.09563,0.100109,0.756071,0.051111,0.011111,Bellevue_150th_SE38th
2279,cross,0.610715,0.122278,0.130082,0.729643,0.126468,0.100635,Bellevue_150th_SE38th
2280,cross,0.437131,0.05771,0.073759,0.589444,-0.138333,0.255556,Bellevue_150th_SE38th
2281,cross,0.504116,0.08254,0.096415,0.741667,0.011111,0.033333,Bellevue_150th_SE38th
2282,cross,0.401955,0.021029,0.03536,0.766667,0.0,0.0,Bellevue_150th_SE38th
2283,cross,0.382026,0.021002,0.03324,0.533333,0.0,0.0,Bellevue_150th_SE38th
2284,cross,0.35639,0.02659,0.034415,0.4,0.044444,0.022222,Bellevue_150th_SE38th
2285,cross,0.548207,0.094895,0.114952,0.616111,0.072222,0.065,Bellevue_150th_SE38th
2286,cross,0.505891,0.081991,0.090421,0.618413,0.061111,0.055556,Bellevue_150th_SE38th
2287,cross,0.395455,0.022087,0.035012,0.3,0.0,0.0,Bellevue_150th_SE38th
2288,cross,0.341532,0.024107,0.032896,0.451667,-0.016667,0.111111,Bellevue_150th_SE38th
2289,cross,0.476702,0.048122,0.058635,0.266667,0.0,0.066667,Bellevue_150th_SE38th
2290,cross,0.347274,0.013043,0.0293,0.033333,0.0,0.0,Bellevue_150th_SE38th
2291,cross,0.367046,0.020631,0.034383,0.166667,0.0,0.0,Bellevue_150th_SE38th
2292,cross,0.391837,0.039835,0.058043,0.133333,0.0,0.0,Bellevue_150th_SE38th
2293,cross,0.417177,0.026245,0.038291,0.288889,-0.033333,0.066667,Bellevue_150th_SE38th
2294,cross,0.570843,0.105946,0.12227,0.339444,0.013889,0.063889,Bellevue_150th_SE38th
2295,cross,0.581415,0.12702,0.110187,0.52,0.025,0.059444,Bellevue_150th_SE38th
2296,cross,0.402129,0.0447,0.058579,0.355556,0.0,0.033333,Bellevue_150th_SE38th
2297,cross,0.403679,0.024832,0.037851,0.266667,0.0,0.0,Bellevue_150th_SE38th
2298,cross,0.358404,0.043816,0.041404,0.676667,0.002778,0.150556,Bellevue_150th_SE38th
2299,cross,0.556648,0.109824,0.112581,0.725,0.077778,0.110556,Bellevue_150th_SE38th
2300,cross,0.40517,0.021044,0.036538,0.2,0.0,0.0,Bellevue_150th_SE38th
2301,cross,0.389805,0.029347,0.042651,0.3,0.0,0.0,Bellevue_150th_SE38th
2302,cross,0.387012,0.036491,0.055995,0.2,0.011111,0.033333,Bellevue_150th_SE38th
2303,cross,0.395371,0.044264,0.056453,0.25,0.016667,0.016667,Bellevue_150th_SE38th
2304,cross,0.400668,0.042447,0.058478,0.205556,-0.116667,0.083333,Bellevue_150th_SE38th
2305,cross,0.42026,0.049615,0.065626,0.508333,0.022222,0.116667,Bellevue_150th_SE38th
2306,cross,0.464576,0.062661,0.073655,0.747222,0.058333,0.027778,Bellevue_150th_SE38th
2307,cross,0.592989,0.11423,0.12082,0.741667,0.016667,0.061111,Bellevue_150th_SE38th
2308,cross,0.582174,0.11258,0.128689,0.716667,-0.038889,0.172222,Bellevue_150th_SE38th
2309,cross,0.564829,0.09798,0.121643,0.391667,0.033333,0.052778,Bellevue_150th_SE38th
2310,cross,0.623053,0.141633,0.13416,0.714127,0.09119,0.07254,Bellevue_150th_SE38th
2311,cross,0.551079,0.101245,0.117247,0.566667,0.05,0.033333,Bellevue_150th_SE38th
2312,cross,0.460789,0.070822,0.073175,0.633333,0.0,0.005556,Bellevue_150th_SE38th
2313,cross,0.377666,0.040796,0.044767,0.558333,0.027778,0.05,Bellevue_150th_SE38th
2314,cross,0.438087,0.032556,0.046432,0.321111,0.005556,0.066667,Bellevue_150th_SE38th
2315,cross,0.357351,0.025815,0.039383,0.266667,0.0,0.0,Bellevue_150th_SE38th
2316,cross,0.391452,0.040397,0.058556,0.527778,0.058333,0.0,Bellevue_150th_SE38th
2317,cross,0.332496,0.035844,0.036135,0.794524,0.052778,0.060833,Bellevue_150th_SE38th
2318,cross,0.605972,0.126833,0.134059,0.859696,0.045556,0.124854,Bellevue_150th_SE38th
2319,cross,0.576675,0.116564,0.107734,0.569444,-0.075,0.230556,Bellevue_150th_SE38th
2320,cross,0.541937,0.089138,0.107429,0.643333,0.044444,0.011111,Bellevue_150th_SE38th
2321,cross,0.354499,0.032926,0.038778,0.333333,0.0,0.0,Bellevue_150th_SE38th
2322,cross,0.372769,0.018686,0.030988,0.2,0.0,0.0,Bellevue_150th_SE38th
2323,cross,0.387591,0.036879,0.055275,0.549444,0.085,0.088333,Bellevue_150th_SE38th
2324,cross,0.338706,0.032376,0.035524,0.233333,0.0,0.0,Bellevue_150th_SE38th
2325,cross,0.383581,0.022497,0.034723,0.033333,0.0,0.0,Bellevue_150th_SE38th
2326,cross,0.38513,0.020123,0.033959,0.6,-0.033333,0.0,Bellevue_150th_SE38th
2327,cross,0.487706,0.054454,0.073912,0.596667,-0.066667,0.1,Bellevue_150th_SE38th
2328,cross,0.402421,0.037532,0.044693,0.166667,0.0,0.0,Bellevue_150th_SE38th
2329,cross,0.341358,0.019902,0.032727,0.4,0.0,0.0,Bellevue_150th_SE38th
2330,cross,0.500168,0.066591,0.09446,0.703849,0.012963,0.1,Bellevue_150th_SE38th
2331,cross,0.655254,0.158737,0.157878,0.731124,-0.037513,0.07,Bellevue_150th_SE38th
2332,cross,0.627767,0.136393,0.135524,0.583333,-0.094444,0.077778,Bellevue_150th_SE38th
2333,cross,0.409788,0.023372,0.036527,0.444444,0.077778,0.083333,Bellevue_150th_SE38th
2334,cross,0.437264,0.05334,0.07116,0.455556,-0.038889,0.086111,Bellevue_150th_SE38th
2335,cross,0.392534,0.033693,0.045246,0.556111,0.094444,0.031667,Bellevue_150th_SE38th
2336,cross,0.419293,0.054466,0.05773,0.490556,-0.011111,0.011111,Bellevue_150th_SE38th
2337,cross,0.514383,0.07812,0.103205,0.641667,0.0,0.094444,Bellevue_150th_SE38th
2338,cross,0.601582,0.125659,0.129089,0.464683,-0.058333,0.138095,Bellevue_150th_SE38th
2339,cross,0.376744,0.039219,0.047473,0.393333,0.05,0.0,Bellevue_150th_SE38th
2340,cross,0.568247,0.094235,0.120176,0.4,0.061111,0.027778,Bellevue_150th_SE38th
2341,cross,0.400715,0.040878,0.050457,0.488889,-0.011111,0.011111,Bellevue_150th_SE38th
2342,cross,0.374111,0.033211,0.047285,0.5,0.033333,0.011111,Bellevue_150th_SE38th
2343,cross,0.362365,0.020756,0.037996,0.366667,0.0,0.0,Bellevue_150th_SE38th
2344,cross,0.390692,0.038378,0.053592,0.405556,-0.116667,0.127778,Bellevue_150th_SE38th
2345,cross,0.464882,0.054409,0.079993,0.363889,-0.033333,0.05,Bellevue_150th_SE38th
2346,cross,0.505602,0.072448,0.091635,0.783333,-0.016667,0.066667,Bellevue_150th_SE38th
2347,cross,0.601798,0.118088,0.118082,0.656111,0.098333,0.077778,Bellevue_150th_SE38th
2348,cross,0.389964,0.034228,0.047038,0.233333,0.0,0.0,Bellevue_150th_SE38th
2349,cross,0.369429,0.021672,0.033492,0.351667,-0.019444,0.027778,Bellevue_150th_SE38th
2350,cross,0.548094,0.09637,0.111641,0.592698,0.054444,0.048333,Bellevue_150th_SE38th
2351,cross,0.548451,0.09914,0.098703,0.463333,0.019444,0.016667,Bellevue_150th_SE38th
2352,cross,0.393648,0.025003,0.036603,0.2,0.0,0.0,Bellevue_150th_SE38th
2353,cross,0.347652,0.029631,0.035683,0.723849,0.061111,0.038611,Bellevue_150th_SE38th
2354,cross,0.401722,0.056557,0.054226,0.741548,0.058333,0.015873,Bellevue_150th_SE38th
2355,cross,0.594562,0.120817,0.125722,0.538889,0.0,0.0,Bellevue_150th_SE38th
2356,cross,0.492723,0.059833,0.069174,0.583889,0.059444,0.016667,Bellevue_150th_SE38th
2357,cross,0.36985,0.03025,0.038249,0.3,0.0,0.0,Bellevue_150th_SE38th
2358,cross,0.321728,0.017197,0.02991,0.233333,0.0,0.0,Bellevue_150th_SE38th
2359,cross,0.388323,0.02289,0.034984,0.366667,0.0,0.0,Bellevue_150th_SE38th
2360,cross,0.384138,0.011139,0.029258,0.4,0.0,0.0,Bellevue_150th_SE38th
2361,cross,0.388742,0.041226,0.054316,0.466667,0.0,0.0,Bellevue_150th_SE38th
2362,cross,0.520667,0.093131,0.089559,0.436111,0.011111,0.075,Bellevue_150th_SE38th
2363,cross,0.382309,0.039383,0.045496,0.472222,0.033333,0.0,Bellevue_150th_SE38th
2364,cross,0.403814,0.039091,0.054165,0.5475,0.033333,0.033333,Bellevue_150th_SE38th
2365,cross,0.382744,0.05888,0.052714,0.441667,0.083333,0.016667,Bellevue_150th_SE38th
2366,cross,0.378514,0.044097,0.047417,0.505556,0.05,0.027778,Bellevue_150th_SE38th
2367,cross,0.416194,0.043442,0.056786,0.523889,0.141667,0.026111,Bellevue_150th_SE38th
2368,cross,0.538441,0.100673,0.111418,0.740556,0.111111,0.05,Bellevue_150th_SE38th
2369,cross,0.552953,0.114128,0.117055,0.714444,0.022222,0.094444,Bellevue_150th_SE38th
2370,cross,0.440408,0.048753,0.059971,0.327778,-0.027778,0.05,Bellevue_150th_SE38th
2371,cross,0.561521,0.074835,0.096964,0.233333,0.0,0.011111,Bellevue_150th_SE38th
2372,cross,0.39063,0.014174,0.031362,0.5,0.0,0.083333,Bellevue_150th_SE38th
2373,cross,0.509196,0.066248,0.080333,0.540556,0.033333,0.069444,Bellevue_150th_SE38th
2374,cross,0.425137,0.049213,0.07117,0.668016,0.116667,0.088095,Bellevue_150th_SE38th
2375,cross,0.42817,0.048312,0.064125,0.533333,0.0,0.0,Bellevue_150th_SE38th
2376,cross,0.395668,0.032725,0.041951,0.3,0.0,0.0,Bellevue_150th_SE38th
2377,cross,0.382274,0.022475,0.034356,0.3,0.0,0.0,Bellevue_150th_SE38th
2378,cross,0.352977,0.017094,0.031313,0.563889,0.077778,0.083333,Bellevue_150th_SE38th
2379,cross,0.55001,0.094803,0.109645,0.266667,0.016667,0.0,Bellevue_150th_SE38th
2380,cross,0.350504,0.014437,0.031796,0.266667,0.0,0.0,Bellevue_150th_SE38th
2381,cross,0.399173,0.036208,0.046788,0.660397,0.064762,0.027222,Bellevue_150th_SE38th
2382,cross,0.453027,0.066305,0.068428,0.754378,0.152897,0.0,Bellevue_150th_SE38th
2383,cross,0.588727,0.114792,0.126446,0.607381,0.116389,0.0375,Bellevue_150th_SE38th
2384,cross,0.601625,0.105518,0.117465,0.273333,-0.055556,0.013333,Bellevue_150th_SE38th
2385,cross,0.406483,0.020195,0.033931,0.3,0.05,0.0,Bellevue_150th_SE38th
2386,cross,0.527622,0.088586,0.095673,0.701032,0.144444,0.044444,Bellevue_150th_SE38th
2387,cross,0.518429,0.090452,0.09401,0.640476,-0.008333,0.028095,Bellevue_150th_SE38th
2388,cross,0.593923,0.12375,0.125572,0.486111,-0.027778,0.126111,Bellevue_150th_SE38th
2389,cross,0.522972,0.084938,0.104252,0.669444,0.133333,0.080556,Bellevue_150th_SE38th
2390,cross,0.553217,0.111457,0.111121,0.790238,0.135873,0.042778,Bellevue_150th_SE38th
2391,cross,0.471777,0.073846,0.081859,0.482222,-0.044444,0.094444,Bellevue_150th_SE38th
2392,cross,0.461146,0.04907,0.074923,0.133333,0.0,0.0,Bellevue_150th_SE38th
2393,cross,0.402022,0.022933,0.035342,0.333333,0.033333,0.0,Bellevue_150th_SE38th
2394,cross,0.561277,0.097683,0.122952,0.327778,-0.016667,0.1,Bellevue_150th_SE38th
2395,cross,0.490338,0.060537,0.089392,0.2,0.0,0.0,Bellevue_150th_SE38th
2396,cross,0.377857,0.018193,0.031568,0.601667,0.147222,0.041667,Bellevue_150th_SE38th
2397,cross,0.526918,0.087522,0.098602,0.5,0.116667,0.0,Bellevue_150th_SE38th
2398,cross,0.484509,0.061427,0.086491,0.4,0.0,0.033333,Bellevue_150th_SE38th
2399,cross,0.596053,0.112293,0.129756,0.538889,0.022222,0.2,Bellevue_150th_SE38th
2400,cross,0.582719,0.112229,0.122339,0.592222,0.0,0.134444,Bellevue_150th_SE38th
2401,cross,0.528817,0.087797,0.106474,0.4,-0.016667,0.016667,Bellevue_150th_SE38th
2402,cross,0.459942,0.060368,0.076073,0.283333,0.0,0.0,Bellevue_150th_SE38th
2403,cross,0.429272,0.049446,0.076015,0.316667,0.0,0.033333,Bellevue_150th_SE38th
2404,cross,0.574599,0.111298,0.125203,0.416667,0.0,0.011111,Bellevue_150th_SE38th
2405,cross,0.580243,0.122072,0.130906,0.511667,-0.035,0.063333,Bellevue_150th_SE38th
2406,cross,0.453954,0.047545,0.077085,0.4,0.0,0.066667,Bellevue_150th_SE38th
2407,cross,0.342391,0.016425,0.032242,0.441667,0.088889,0.023333,Bellevue_150th_SE38th
2408,cross,0.493639,0.076929,0.080764,0.496667,0.04,0.025,Bellevue_150th_SE38th
2409,cross,0.482543,0.075036,0.088779,0.570238,0.014206,0.033333,Bellevue_150th_SE38th
2410,cross,0.590885,0.125306,0.12245,0.562381,0.038889,0.033889,Bellevue_150th_SE38th
2411,cross,0.52777,0.0886,0.098033,0.194444,0.0,0.0,Bellevue_150th_SE38th
2412,cross,0.382554,0.012618,0.029537,0.1,0.0,0.0,Bellevue_150th_SE38th
2413,cross,0.357177,0.027931,0.041305,0.133333,0.0,0.0,Bellevue_150th_SE38th
2414,cross,0.456173,0.063089,0.077598,0.266667,-0.033333,0.033333,Bellevue_150th_SE38th
2415,cross,0.406413,0.021138,0.034651,0.166667,0.0,0.0,Bellevue_150th_SE38th
2416,cross,0.368538,0.009818,0.027203,0.133333,0.0,0.0,Bellevue_150th_SE38th
2417,cross,0.385978,0.018375,0.031981,0.366667,0.0,0.0,Bellevue_150th_SE38th
2418,cross,0.518284,0.068522,0.093203,0.440556,-0.111111,0.136111,Bellevue_150th_SE38th
2419,cross,0.41788,0.054965,0.058269,0.333333,0.066667,0.066667,Bellevue_150th_SE38th
2420,cross,0.485658,0.065127,0.092646,0.753333,0.087778,0.117778,Bellevue_150th_SE38th
2421,cross,0.487826,0.06652,0.094199,0.524921,-0.045556,0.066111,Bellevue_150th_SE38th
2422,cross,0.613886,0.131957,0.136917,0.564683,-0.033333,0.061111,Bellevue_150th_SE38th
2423,cross,0.544105,0.078513,0.102511,0.576944,-0.027778,0.047222,Bellevue_150th_SE38th
2424,cross,0.514228,0.082901,0.09338,0.391111,0.061111,0.017778,Bellevue_150th_SE38th
2425,cross,0.633576,0.140382,0.137357,0.649048,0.052778,0.034762,Bellevue_150th_SE38th
2426,cross,0.506226,0.082361,0.093582,0.695344,0.0,0.044286,Bellevue_150th_SE38th
2427,cross,0.503613,0.081074,0.095624,0.427778,0.033333,0.177778,Bellevue_150th_SE38th
2428,cross,0.569604,0.102709,0.124307,0.478889,0.048889,0.111111,Bellevue_150th_SE38th
2429,cross,0.397316,0.040127,0.046525,0.2,0.0,0.0,Bellevue_150th_SE38th
2430,cross,0.466492,0.058014,0.085613,0.568889,0.05,0.071667,Bellevue_150th_SE38th
2431,cross,0.385688,0.03583,0.04873,0.651111,0.177778,0.053333,Bellevue_150th_SE38th
2432,cross,0.576875,0.111867,0.120588,0.538889,0.0,0.033333,Bellevue_150th_SE38th
2433,cross,0.385685,0.027559,0.042057,0.3,-0.033333,0.1,Bellevue_150th_SE38th
2434,cross,0.420176,0.050142,0.067318,0.6,0.0,0.294444,Bellevue_150th_SE38th
2435,cross,0.450179,0.062125,0.06871,0.316667,0.0,0.016667,Bellevue_150th_SE38th
2436,cross,0.41355,0.02709,0.039136,0.166667,0.0,0.0,Bellevue_150th_SE38th
2437,cross,0.397289,0.050784,0.053237,0.591667,0.188889,0.032778,Bellevue_150th_SE38th
2438,cross,0.597528,0.121145,0.110758,0.686283,0.140688,0.119762,Bellevue_150th_SE38th
2439,cross,0.561602,0.099455,0.111518,0.559841,0.038651,0.063095,Bellevue_150th_SE38th
2440,cross,0.607065,0.119459,0.123041,0.375,0.07,0.058333,Bellevue_150th_SE38th
2441,cross,0.400453,0.023029,0.03603,0.233333,0.016667,0.0,Bellevue_150th_SE38th
2442,cross,0.558719,0.098995,0.112401,0.441111,-0.055556,0.066667,Bellevue_150th_SE38th
2443,cross,0.464075,0.06771,0.080014,0.508333,0.144444,0.091667,Bellevue_150th_SE38th
2444,cross,0.565017,0.100837,0.11319,0.572222,0.008333,0.163889,Bellevue_150th_SE38th
2445,cross,0.415027,0.059429,0.057114,0.925,0.139524,0.033333,Bellevue_150th_SE38th
2446,cross,0.52601,0.089545,0.09827,0.625,0.086111,0.044444,Bellevue_150th_SE38th
2447,cross,0.425424,0.055355,0.062716,0.458889,0.001111,0.125,Bellevue_150th_SE38th
2448,cross,0.583376,0.104417,0.116053,0.384921,0.023016,0.099206,Bellevue_150th_SE38th
2449,cross,0.391365,0.041158,0.055044,0.516667,-0.027778,0.083333,Bellevue_150th_SE38th
2450,cross,0.551247,0.092353,0.11566,0.266667,-0.033333,0.1,Bellevue_150th_SE38th
2451,cross,0.396927,0.050899,0.050229,0.45,0.066667,0.066667,Bellevue_150th_SE38th
2452,cross,0.553831,0.106993,0.10929,0.545556,-0.033333,0.102778,Bellevue_150th_SE38th
2453,cross,0.483488,0.079448,0.085202,0.583333,0.116667,0.0,Bellevue_150th_SE38th
2454,cross,0.430438,0.060441,0.063452,0.266667,0.1,0.0,Bellevue_150th_SE38th
2455,cross,0.363289,0.019295,0.031094,0.266667,0.0,0.0,Bellevue_150th_SE38th
2456,cross,0.378269,0.038483,0.047326,0.345397,0.079444,0.008333,Bellevue_150th_SE38th
2457,cross,0.61004,0.136059,0.125295,0.489683,0.089206,0.066667,Bellevue_150th_SE38th
2458,cross,0.592406,0.11579,0.126378,0.673889,0.075,0.108333,Bellevue_150th_SE38th
2459,cross,0.399805,0.059307,0.056504,0.580556,0.0,0.036667,Bellevue_150th_SE38th
2460,cross,0.407284,0.04996,0.052327,0.695278,0.126111,0.093333,Bellevue_150th_SE38th
2461,cross,0.637352,0.122345,0.114339,0.58873,0.012077,0.061508,Bellevue_150th_SE38th
2462,cross,0.432152,0.06603,0.069316,0.429444,0.044444,0.008333,Bellevue_150th_SE38th
2463,cross,0.527721,0.071285,0.112082,0.455556,-0.05,0.066667,Bellevue_150th_SE38th
2464,cross,0.566936,0.113911,0.12121,0.3,-0.133333,0.133333,Bellevue_150th_SE38th
2465,cross,0.573881,0.116791,0.124162,0.616667,0.033333,0.066667,Bellevue_150th_SE38th
2466,cross,0.577582,0.081251,0.101759,0.416667,-0.116667,0.166667,Bellevue_150th_SE38th
2467,cross,0.430297,0.022877,0.037157,0.288889,-0.016667,0.016667,Bellevue_150th_SE38th
2468,cross,0.368207,0.031907,0.045123,0.316667,-0.016667,0.05,Bellevue_150th_SE38th
2469,cross,0.553643,0.106103,0.107655,0.638889,-0.044444,0.077778,Bellevue_150th_SE38th
2470,cross,0.519553,0.084339,0.104676,0.408333,-0.116667,0.116667,Bellevue_150th_SE38th
2471,cross,0.460998,0.058757,0.076533,0.325,0.0,0.033333,Bellevue_150th_SE38th
2472,cross,0.48149,0.062685,0.08813,0.266667,0.016667,0.066667,Bellevue_150th_SE38th
2473,cross,0.503451,0.08383,0.09863,0.402778,-0.011111,0.044444,Bellevue_150th_SE38th
2474,cross,0.512919,0.084665,0.097481,0.662778,0.127778,0.030556,Bellevue_150th_SE38th
2475,cross,0.536098,0.087495,0.105722,0.680198,-0.008333,0.065595,Bellevue_150th_SE38th
2476,cross,0.361616,0.03958,0.044051,0.658016,0.005556,0.175,Bellevue_150th_SE38th
2477,cross,0.612848,0.110435,0.115909,0.333333,0.066667,0.0,Bellevue_150th_SE38th
2478,cross,0.401837,0.041493,0.057591,0.5,0.083333,0.016667,Bellevue_150th_SE38th
2479,cross,0.523323,0.079159,0.10649,0.338889,0.0,0.072222,Bellevue_150th_SE38th
2480,cross,0.410034,0.031744,0.058618,0.133333,0.0,0.0,Bellevue_150th_SE38th
2481,cross,0.359533,0.017439,0.032811,0.366667,0.0,0.0,Bellevue_150th_SE38th
2482,cross,0.397348,0.021119,0.034559,0.266667,-0.033333,0.033333,Bellevue_150th_SE38th
2483,cross,0.433157,0.060364,0.07369,0.483333,0.033333,0.016667,Bellevue_150th_SE38th
2484,cross,0.524927,0.096253,0.106909,0.41881,0.038333,0.101111,Bellevue_150th_SE38th
2485,cross,0.591398,0.117707,0.13095,0.366667,0.0,0.033333,Bellevue_150th_SE38th
2486,cross,0.558751,0.099932,0.116447,0.305556,0.027778,0.0,Bellevue_150th_SE38th
2487,cross,0.382702,0.02171,0.033544,0.1,0.0,0.0,Bellevue_150th_SE38th
2488,cross,0.361235,0.030574,0.044716,0.472222,0.083333,0.066667,Bellevue_150th_SE38th
2489,cross,0.551743,0.100484,0.11878,0.42746,-0.022222,0.058333,Bellevue_150th_SE38th
2490,cross,0.580519,0.113461,0.119296,0.568333,-0.066667,0.123333,Bellevue_150th_SE38th
2491,cross,0.523616,0.088541,0.101087,0.327778,-0.005556,0.033333,Bellevue_150th_SE38th
2492,cross,0.488236,0.074365,0.086341,0.361111,0.016667,0.0,Bellevue_150th_SE38th
2493,cross,0.458891,0.06646,0.07821,0.305556,-0.03,0.062222,Bellevue_150th_SE38th
2494,cross,0.556823,0.106304,0.11442,0.61,0.183333,0.069444,Bellevue_150th_SE38th
2495,cross,0.399036,0.026443,0.039094,0.385,0.166667,0.033333,Bellevue_150th_SE38th
2496,cross,0.365891,0.041803,0.04465,0.166667,0.0,0.0,Bellevue_150th_SE38th
2497,cross,0.393421,0.023023,0.035073,0.366667,0.0,0.0,Bellevue_150th_SE38th
2498,cross,0.404248,0.044776,0.058248,0.561667,-0.073333,0.156667,Bellevue_150th_SE38th
2499,cross,0.558305,0.096522,0.114858,0.455556,0.244444,0.0,Bellevue_150th_SE38th
2500,cross,0.373521,0.040005,0.048248,0.166667,0.0,0.0,Bellevue_150th_SE38th
2501,cross,0.395684,0.021003,0.034354,0.370556,0.057222,0.084444,Bellevue_150th_SE38th
2502,cross,0.567833,0.106133,0.12117,0.5,0.056667,0.1,Bellevue_150th_SE38th
2503,cross,0.571678,0.106318,0.123537,0.576111,0.035556,0.045556,Bellevue_150th_SE38th
2504,cross,0.411086,0.052181,0.061511,0.432222,0.033333,0.117778,Bellevue_150th_SE38th
2505,cross,0.575959,0.114495,0.126491,0.455556,0.138889,0.016667,Bellevue_150th_SE38th
2506,cross,0.588189,0.105575,0.119451,0.266667,0.033333,0.0,Bellevue_150th_SE38th
2507,cross,0.363044,0.032073,0.044979,0.2,0.0,0.0,Bellevue_150th_SE38th
2508,cross,0.465088,0.062807,0.086137,0.411111,0.019444,0.111111,Bellevue_150th_SE38th
2509,cross,0.585882,0.113418,0.121031,0.587778,0.069444,0.086111,Bellevue_150th_SE38th
2510,cross,0.483658,0.066937,0.091358,0.693016,0.023095,0.085556,Bellevue_150th_SE38th
2511,cross,0.569216,0.112755,0.117464,0.658333,-0.091667,0.191667,Bellevue_150th_SE38th
2512,cross,0.533753,0.082489,0.109703,0.701905,0.098889,0.04,Bellevue_150th_SE38th
2513,cross,0.546461,0.100632,0.117171,0.686177,0.024709,0.107645,Bellevue_150th_SE38th
2514,cross,0.560775,0.124445,0.119284,0.76,0.094444,0.27,Bellevue_150th_SE38th
2515,cross,0.626423,0.123104,0.134055,0.35,0.066667,0.016667,Bellevue_150th_SE38th
2516,cross,0.458196,0.040791,0.060942,0.322222,-0.033333,0.077778,Bellevue_150th_SE38th
2517,cross,0.536902,0.094939,0.103321,0.35,-0.05,0.083333,Bellevue_150th_SE38th
2518,cross,0.60001,0.124141,0.12632,0.405556,0.005556,0.016667,Bellevue_150th_SE38th
2519,cross,0.363615,0.034728,0.041855,0.327778,-0.033333,0.077778,Bellevue_150th_SE38th
2520,cross,0.475332,0.062757,0.075877,0.664167,0.153889,0.101389,Bellevue_150th_SE38th
2521,cross,0.564947,0.107227,0.121597,0.664418,0.097857,0.094286,Bellevue_150th_SE38th
2522,cross,0.601883,0.127117,0.124126,0.653995,0.045873,0.074577,Bellevue_150th_SE38th
2523,cross,0.591088,0.125936,0.121702,0.667222,0.013333,0.205,Bellevue_150th_SE38th
2524,cross,0.591801,0.10906,0.130562,0.2,0.0,0.0,Bellevue_150th_SE38th
2525,cross,0.363949,0.02358,0.036828,0.366667,0.0,0.0,Bellevue_150th_SE38th
2526,cross,0.410405,0.04793,0.06316,0.709683,0.045556,0.094444,Bellevue_150th_SE38th
2527,cross,0.535004,0.091266,0.108354,0.505556,0.0,0.077778,Bellevue_150th_SE38th
2528,cross,0.607878,0.118758,0.134495,0.583889,0.1,0.091667,Bellevue_150th_SE38th
2529,cross,0.526385,0.090426,0.1083,0.596667,-0.044444,0.077778,Bellevue_150th_SE38th
2530,cross,0.533218,0.091493,0.108652,0.711032,-0.091667,0.096429,Bellevue_150th_SE38th
2531,cross,0.351542,0.038959,0.040955,0.672976,0.005556,0.078373,Bellevue_150th_SE38th
2532,cross,0.600414,0.107907,0.140045,0.447222,-0.011111,0.016667,Bellevue_150th_SE38th
2533,cross,0.596536,0.122174,0.132987,0.68127,-0.016984,0.080079,Bellevue_150th_SE38th
2534,cross,0.655222,0.146886,0.14909,0.541667,0.016667,0.044444,Bellevue_150th_SE38th
2535,cross,0.512179,0.085049,0.100609,0.541667,0.027778,0.244444,Bellevue_150th_SE38th
2536,cross,0.628742,0.133807,0.147194,0.593571,0.043889,0.11754,Bellevue_150th_SE38th
2537,cross,0.395745,0.045521,0.054047,0.283333,-0.033333,0.05,Bellevue_150th_SE38th
2538,cross,0.411761,0.047547,0.062017,0.25,-0.016667,0.033333,Bellevue_150th_SE38th
2539,cross,0.377366,0.037251,0.051212,0.427778,0.066667,0.061111,Bellevue_150th_SE38th
2540,cross,0.399273,0.022049,0.043345,0.2,0.0,0.0,Bellevue_150th_SE38th
2541,cross,0.386528,0.040691,0.056318,0.502778,0.122222,0.0,Bellevue_150th_SE38th
2542,cross,0.515758,0.073248,0.093791,0.557381,0.015556,0.067778,Bellevue_150th_SE38th
2543,cross,0.586995,0.124803,0.12543,0.749127,0.009524,0.045357,Bellevue_150th_SE38th
2544,cross,0.551907,0.101115,0.104648,0.799683,-0.01,0.33619,Bellevue_150th_SE38th
2545,cross,0.521761,0.062342,0.093897,0.45,0.0,0.033333,Bellevue_150th_SE38th
2546,cross,0.543765,0.095442,0.115026,0.661111,-0.085,0.125,Bellevue_150th_SE38th
2547,cross,0.49606,0.064934,0.098041,0.358889,0.012222,0.05,Bellevue_150th_SE38th
2548,cross,0.577429,0.116596,0.124002,0.475,0.055556,0.086111,Bellevue_150th_SE38th
2549,cross,0.497051,0.067413,0.100859,0.422222,0.005556,0.166667,Bellevue_150th_SE38th
2550,cross,0.541318,0.088197,0.113928,0.405556,-0.044444,0.044444,Bellevue_150th_SE38th
2551,cross,0.439777,0.06435,0.072902,0.776508,0.056111,0.074444,Bellevue_150th_SE38th
2552,cross,0.458634,0.037506,0.058177,0.797222,-0.022222,0.0,Bellevue_150th_SE38th
2553,cross,0.538378,0.088064,0.111471,0.2,0.033333,0.0,Bellevue_150th_SE38th
2554,cross,0.379492,0.036906,0.052272,0.486111,-0.025,0.083333,Bellevue_150th_SE38th
2555,cross,0.565964,0.119344,0.123558,0.636667,-0.016667,0.184444,Bellevue_150th_SE38th
2556,cross,0.608842,0.114765,0.133941,0.642315,0.016944,0.093003,Bellevue_150th_SE38th
2557,cross,0.598408,0.125612,0.115811,0.702828,0.022222,0.058586,Bellevue_150th_SE38th
2558,cross,0.545208,0.087611,0.113278,0.383333,-0.116667,0.133333,Bellevue_150th_SE38th
2559,cross,0.372596,0.034727,0.045072,0.35,-0.033333,0.1,Bellevue_150th_SE38th
2560,cross,0.454308,0.058653,0.076719,0.3,-0.033333,0.033333,Bellevue_150th_SE38th
2561,cross,0.545685,0.086383,0.104881,0.4,0.033333,0.033333,Bellevue_150th_SE38th
2562,cross,0.405004,0.022015,0.035137,0.133333,0.0,0.0,Bellevue_150th_SE38th
2563,cross,0.411,0.024174,0.037454,0.689444,0.053333,0.052222,Bellevue_150th_SE38th
2564,cross,0.6145,0.143401,0.124787,0.616614,-0.023413,0.137698,Bellevue_150th_SE38th
2565,cross,0.606154,0.111908,0.123425,0.337778,-0.022222,0.038889,Bellevue_150th_SE38th
2566,cross,0.49948,0.081934,0.088764,0.255556,-0.016667,0.033333,Bellevue_150th_SE38th
2567,cross,0.411339,0.03534,0.042653,0.711111,0.073889,0.0,Bellevue_150th_SE38th
2568,cross,0.578095,0.117048,0.128339,0.638254,0.064444,0.162778,Bellevue_150th_SE38th
2569,cross,0.497254,0.069467,0.090016,0.707341,0.075516,0.195556,Bellevue_150th_SE38th
2570,cross,0.529947,0.089188,0.103912,0.263889,0.027778,0.033333,Bellevue_150th_SE38th
2571,cross,0.624304,0.145883,0.129388,0.398889,-0.018333,0.158333,Bellevue_150th_SE38th
2572,cross,0.624897,0.137792,0.140128,0.6,-0.1,0.209444,Bellevue_150th_SE38th
2573,cross,0.496333,0.047904,0.078392,0.266667,0.0,0.033333,Bellevue_150th_SE38th
2574,cross,0.402689,0.04628,0.053086,0.494444,0.005556,0.072222,Bellevue_150th_SE38th
2575,cross,0.532582,0.08535,0.104813,0.4,0.0,0.016667,Bellevue_150th_SE38th
2576,cross,0.502228,0.061776,0.091787,0.569444,0.025,0.033333,Bellevue_150th_SE38th
2577,cross,0.519661,0.084153,0.098145,0.461349,0.089206,0.022222,Bellevue_150th_SE38th
2578,cross,0.611036,0.120495,0.144022,0.405556,-0.044444,0.094444,Bellevue_150th_SE38th
2579,cross,0.482575,0.065397,0.087987,0.419444,-0.013889,0.1,Bellevue_150th_SE38th
2580,cross,0.593794,0.116111,0.123343,0.485556,0.011905,0.10619,Bellevue_150th_SE38th
2581,cross,0.569886,0.120911,0.11881,0.441667,-0.06,0.1,Bellevue_150th_SE38th
2582,cross,0.359856,0.030745,0.044432,0.2,0.0,0.033333,Bellevue_150th_SE38th
2583,cross,0.430038,0.053798,0.075255,0.514048,0.054444,0.081667,Bellevue_150th_SE38th
2584,cross,0.48875,0.072399,0.083259,0.475,0.025,0.144444,Bellevue_150th_SE38th
2585,cross,0.541796,0.083428,0.106928,0.565556,0.1,0.072222,Bellevue_150th_SE38th
2586,cross,0.56671,0.103498,0.122133,0.679405,0.079524,0.154167,Bellevue_150th_SE38th
2587,cross,0.527061,0.094261,0.105488,0.813436,0.087935,0.146711,Bellevue_150th_SE38th
2588,cross,0.57458,0.1276,0.118519,0.487183,0.070714,0.0675,Bellevue_150th_SE38th
2589,cross,0.595851,0.128604,0.117869,0.680992,0.096825,0.129524,Bellevue_150th_SE38th
2590,cross,0.59125,0.114411,0.131332,0.47746,0.018968,0.052222,Bellevue_150th_SE38th
2591,cross,0.397005,0.042324,0.047529,0.661111,0.116667,0.144444,Bellevue_150th_SE38th
2592,cross,0.540471,0.093613,0.112834,0.729921,0.04045,0.058333,Bellevue_150th_SE38th
2593,cross,0.411609,0.049752,0.055239,0.57463,-0.008333,0.118704,Bellevue_150th_SE38th
2594,cross,0.524392,0.07507,0.118263,0.544444,0.091667,0.005556,Bellevue_150th_SE38th
2595,cross,0.58532,0.10566,0.116353,0.388889,0.0,0.0,Bellevue_150th_SE38th
2596,cross,0.38647,0.057194,0.050956,0.700847,0.067778,0.09,Bellevue_150th_SE38th
2597,cross,0.583549,0.127366,0.122898,0.668532,0.149722,0.0425,Bellevue_150th_SE38th
2598,cross,0.611364,0.149305,0.131452,0.813889,0.130556,0.311746,Bellevue_150th_SE38th
2599,cross,0.512241,0.118762,0.097404,0.468651,0.101111,0.053333,Bellevue_150th_SE38th
2600,cross,0.461314,0.068816,0.080229,0.461111,0.025,0.111111,Bellevue_150th_SE38th
2601,cross,0.543333,0.091345,0.114835,0.53504,-0.006032,0.223135,Bellevue_150th_SE38th
2602,cross,0.607619,0.135636,0.11483,0.481032,0.116058,0.080582,Bellevue_150th_SE38th
2603,cross,0.599485,0.124705,0.125873,0.50418,0.057778,0.088466,Bellevue_150th_SE38th
2604,cross,0.586522,0.114736,0.122572,0.305556,-0.055556,0.1,Bellevue_150th_SE38th
2605,cross,0.427959,0.049367,0.068536,0.305556,0.0,0.066667,Bellevue_150th_SE38th
2606,cross,0.530228,0.088787,0.111262,0.641667,0.127778,0.15,Bellevue_150th_SE38th
2607,cross,0.544425,0.105891,0.107671,0.2,0.0,0.016667,Bellevue_150th_SE38th
2608,cross,0.386649,0.04007,0.049823,0.646111,0.136111,0.025,Bellevue_150th_SE38th
2609,cross,0.61143,0.136411,0.133232,0.673056,0.048056,0.051667,Bellevue_150th_SE38th
2610,cross,0.574671,0.107577,0.127708,0.316032,0.02963,0.017778,Bellevue_150th_SE38th
2611,cross,0.541018,0.098981,0.111588,0.528413,0.020873,0.105873,Bellevue_150th_SE38th
2612,cross,0.637803,0.153195,0.133706,0.661111,0.008333,0.122222,Bellevue_150th_SE38th
2613,cross,0.545961,0.095165,0.118413,0.638889,-0.038889,0.091667,Bellevue_150th_SE38th
2614,cross,0.589974,0.122139,0.130549,0.638889,-0.016667,0.405556,Bellevue_150th_SE38th
2615,cross,0.559108,0.123467,0.121501,0.826667,0.016667,0.508333,Bellevue_150th_SE38th
2616,cross,0.610304,0.138023,0.131338,0.753267,0.108042,0.12713,Bellevue_150th_SE38th
2617,cross,0.636698,0.148441,0.136076,0.776931,0.087354,0.112989,Bellevue_150th_SE38th
2618,cross,0.602228,0.125859,0.127672,0.946389,0.011389,0.464167,Bellevue_150th_SE38th
2619,cross,0.503523,0.072416,0.09912,0.936111,0.05,0.492778,Bellevue_150th_SE38th
2620,cross,0.469848,0.059737,0.084846,0.784061,-0.006667,0.276561,Bellevue_150th_SE38th
2621,cross,0.537124,0.106341,0.104233,0.893241,0.0,0.434537,Bellevue_150th_SE38th
2622,cross,0.490964,0.076048,0.090524,0.922698,-0.003492,0.517619,Bellevue_150th_SE38th
2623,cross,0.617792,0.145697,0.131393,0.809484,0.057778,0.192024,Bellevue_150th_SE38th
2624,cross,0.605134,0.125132,0.132746,0.941667,-0.016667,0.597222,Bellevue_150th_SE38th
2625,cross,0.534076,0.092204,0.115,0.865701,0.002778,0.418691,Bellevue_150th_SE38th
2626,cross,0.538496,0.092425,0.113063,0.966667,0.0,0.427222,Bellevue_150th_SE38th
2627,cross,0.570769,0.106054,0.124832,0.93,-0.002778,0.357778,Bellevue_150th_SE38th
2628,cross,0.379412,0.039262,0.052465,0.838571,0.005873,0.373413,Bellevue_150th_SE38th
2629,cross,0.550989,0.095769,0.110998,0.905556,-0.011111,0.505556,Bellevue_150th_SE38th
2630,cross,0.446945,0.052822,0.062408,0.874444,0.040873,0.224444,Bellevue_150th_SE38th
2631,cross,0.451031,0.050932,0.079985,0.777421,0.128175,0.132063,Bellevue_150th_SE38th
2632,cross,0.597946,0.128284,0.123359,0.737434,-0.002725,0.148876,Bellevue_150th_SE38th
2633,cross,0.567133,0.110683,0.12764,0.650159,0.058968,0.142222,Bellevue_150th_SE38th
2634,cross,0.588565,0.130286,0.12134,0.714603,0.076746,0.120833,Bellevue_150th_SE38th
2635,cross,0.613245,0.145152,0.126013,0.684048,0.214246,0.081746,Bellevue_150th_SE38th
2636,cross,0.500817,0.090796,0.093401,0.724444,0.131667,0.302222,Bellevue_150th_SE38th
2637,cross,0.613268,0.102099,0.132413,0.640556,0.055556,0.181111,Bellevue_150th_SE38th
2638,cross,0.566078,0.108117,0.124757,0.605,0.038889,0.083889,Bellevue_150th_SE38th
2639,cross,0.624459,0.146143,0.149436,0.544444,-0.027778,0.233333,Bellevue_150th_SE38th
2640,cross,0.50326,0.080027,0.086462,0.133333,0.0,0.0,Bellevue_150th_SE38th
2641,cross,0.543007,0.099914,0.113684,0.661667,0.059444,0.111667,Bellevue_150th_SE38th
2642,cross,0.643854,0.146073,0.156105,0.759903,0.247992,0.125808,Bellevue_150th_SE38th
2643,cross,0.597202,0.149837,0.114317,0.531019,0.128889,0.06332,Bellevue_150th_SE38th
2644,cross,0.608647,0.139785,0.131838,0.458889,-0.035556,0.131667,Bellevue_150th_SE38th
2645,cross,0.46002,0.070932,0.080631,0.583333,0.05,0.183333,Bellevue_150th_SE38th
2646,cross,0.585306,0.131308,0.126933,0.616111,0.053889,0.118889,Bellevue_150th_SE38th
2647,cross,0.578405,0.105064,0.121428,0.508333,0.093889,0.088889,Bellevue_150th_SE38th
2648,cross,0.605167,0.120969,0.140372,0.283333,-0.016667,0.05,Bellevue_150th_SE38th
2649,cross,0.540675,0.099401,0.113595,0.481402,0.008783,0.048836,Bellevue_150th_SE38th
2650,cross,0.418108,0.051844,0.064307,0.508571,0.201429,0.064206,Bellevue_150th_SE38th
2651,cross,0.567221,0.12061,0.118465,0.358333,0.016667,0.011111,Bellevue_150th_SE38th
2652,cross,0.439473,0.062853,0.073787,0.487222,0.08,0.042778,Bellevue_150th_SE38th
2653,cross,0.601562,0.118089,0.140984,0.672222,0.216667,0.116667,Bellevue_150th_SE38th
2654,cross,0.553923,0.110643,0.119737,0.803889,0.308889,0.201667,Bellevue_150th_SE38th
2655,cross,0.504462,0.085014,0.096777,0.697778,0.177778,0.103333,Bellevue_150th_SE38th
2656,cross,0.57654,0.118035,0.136436,0.508333,-0.102778,0.161111,Bellevue_150th_SE38th
2657,cross,0.576719,0.113308,0.129243,0.377778,0.127778,0.016667,Bellevue_150th_SE38th
2658,cross,0.511585,0.089621,0.10224,0.577222,-0.009444,0.042778,Bellevue_150th_SE38th
2659,cross,0.468821,0.069301,0.083399,0.47,0.024444,0.046667,Bellevue_150th_SE38th
2660,cross,0.437575,0.05912,0.066054,0.584444,0.066667,0.117778,Bellevue_150th_SE38th
2661,cross,0.593478,0.136443,0.121388,0.768221,0.055424,0.19281,Bellevue_150th_SE38th
2662,cross,0.589837,0.118001,0.137095,0.895794,-0.001111,0.205556,Bellevue_150th_SE38th
2663,cross,0.599236,0.130453,0.136173,0.68499,0.055083,0.153353,Bellevue_150th_SE38th
2664,cross,0.592423,0.131308,0.130154,0.754786,0.042012,0.085053,Bellevue_150th_SE38th
2665,cross,0.564233,0.117208,0.123701,0.757619,-0.036905,0.24373,Bellevue_150th_SE38th
2666,cross,0.567861,0.114865,0.130416,0.769229,0.09192,0.138862,Bellevue_150th_SE38th
2667,cross,0.575654,0.118053,0.126561,0.762262,0.036706,0.125397,Bellevue_150th_SE38th
2668,cross,0.590016,0.123463,0.138889,0.68205,0.044577,0.158704,Bellevue_150th_SE38th
2669,cross,0.563658,0.115976,0.127358,0.707765,0.026786,0.161587,Bellevue_150th_SE38th
2670,cross,0.558389,0.107249,0.122543,0.726667,0.063889,0.033333,Bellevue_150th_SE38th
2671,cross,0.470599,0.065418,0.091617,0.694444,0.094444,0.0,Bellevue_150th_SE38th
2672,cross,0.523277,0.084482,0.112632,0.610794,0.053889,0.052778,Bellevue_150th_SE38th
2673,cross,0.409389,0.061974,0.058957,0.608413,-0.048095,0.193175,Bellevue_150th_SE38th
2674,cross,0.487108,0.082155,0.094858,0.681508,0.031111,0.111429,Bellevue_150th_SE38th
2675,cross,0.516685,0.091595,0.107228,0.581331,0.025545,0.104182,Bellevue_150th_SE38th
2676,cross,0.410889,0.052749,0.066014,0.572249,0.087262,0.109894,Bellevue_150th_SE38th
2677,cross,0.487275,0.075161,0.09207,0.704568,0.130595,0.136177,Bellevue_150th_SE38th
2678,cross,0.523102,0.091587,0.103042,0.726878,0.033056,0.081389,Bellevue_150th_SE38th
2679,cross,0.510369,0.065737,0.117597,0.658095,0.015132,0.081799,Bellevue_150th_SE38th
2680,cross,0.596584,0.117488,0.12978,0.706825,0.021944,0.248505,Bellevue_150th_SE38th
2681,cross,0.37241,0.03838,0.045483,0.766587,0.027778,0.298056,Bellevue_150th_SE38th
2682,cross,0.528077,0.081852,0.122251,0.667513,0.053175,0.070648,Bellevue_150th_SE38th
2683,cross,0.51208,0.075447,0.106472,0.672712,0.004167,0.139974,Bellevue_150th_SE38th
2684,cross,0.467417,0.075519,0.083444,0.752222,-0.019444,0.062222,Bellevue_150th_SE38th
2685,cross,0.523289,0.084516,0.109212,0.822619,0.034762,0.08373,Bellevue_150th_SE38th
2686,cross,0.376967,0.035745,0.049652,0.875,0.0,0.038889,Bellevue_150th_SE38th
2687,cross,0.456157,0.056477,0.078269,0.652672,0.066971,0.122804,Bellevue_150th_SE38th
2688,cross,0.498742,0.078913,0.099337,0.673956,0.061841,0.177591,Bellevue_150th_SE38th
2689,cross,0.49715,0.091475,0.092457,0.719009,0.120398,0.143242,Bellevue_150th_SE38th
2690,cross,0.508391,0.075301,0.094767,0.752674,0.106031,0.212298,Bellevue_150th_SE38th
2691,cross,0.518933,0.081897,0.095087,0.629083,0.108234,0.138359,Bellevue_150th_SE38th
2692,cross,0.499592,0.072485,0.093085,0.455099,0.060824,0.079924,Bellevue_150th_SE38th
2693,cross,0.487626,0.073348,0.082566,0.730856,0.262579,0.098533,Bellevue_150th_SE38th
2694,cross,0.493855,0.071958,0.08921,0.578721,0.153095,0.110945,Bellevue_150th_SE38th
2695,cross,0.52741,0.062285,0.081442,0.76381,0.097302,0.099365,Bellevue_150th_SE38th
2696,cross,0.393616,0.038701,0.05115,0.938889,0.038889,0.044444,Bellevue_150th_SE38th
2697,cross,0.464867,0.067069,0.070107,0.86537,0.021429,0.155661,Bellevue_150th_SE38th
2698,cross,0.429212,0.040363,0.060972,0.764172,0.067951,0.09573,Bellevue_150th_SE38th
2699,cross,0.439649,0.055088,0.065078,0.859365,0.016667,0.13873,Bellevue_150th_SE38th
2700,cross,0.482404,0.057207,0.090115,0.901905,0.03,0.068651,Bellevue_150th_SE38th
2701,cross,0.425327,0.043719,0.066319,0.84763,0.013519,0.101103,Bellevue_150th_SE38th
2702,cross,0.490851,0.077151,0.077326,0.83078,0.07119,0.182354,Bellevue_150th_SE38th
2703,cross,0.501227,0.075383,0.089594,0.799524,0.130476,0.236984,Bellevue_150th_SE38th
2704,cross,0.471226,0.074797,0.073613,0.741786,0.146627,0.111508,Bellevue_150th_SE38th
2705,cross,0.512175,0.070364,0.100917,0.652738,0.094484,0.109127,Bellevue_150th_SE38th
2706,cross,0.447421,0.053715,0.06842,0.755556,0.035185,0.234008,Bellevue_150th_SE38th
2707,cross,0.446046,0.053992,0.074806,0.668942,0.138783,0.120066,Bellevue_150th_SE38th
2708,cross,0.520698,0.06888,0.092257,0.659722,0.216733,0.044339,Bellevue_150th_SE38th
2709,cross,0.44705,0.064124,0.0865,0.652659,0.121984,0.154669,Bellevue_150th_SE38th
2710,cross,0.483153,0.044565,0.075268,0.735913,0.083743,0.10369,Bellevue_150th_SE38th
2711,cross,0.524297,0.058874,0.064049,0.606053,0.166457,0.05369,Bellevue_150th_SE38th
2712,cross,0.524861,0.050787,0.06106,0.702394,0.093968,0.063889,Bellevue_150th_SE38th
2713,cross,0.475326,0.045068,0.068182,0.754689,0.110707,0.156069,Bellevue_150th_SE38th
2714,cross,0.483893,0.049093,0.083941,0.515017,0.038955,0.116855,Bellevue_150th_SE38th
2715,cross,0.46353,0.048365,0.076633,0.527995,0.022672,0.108598,Bellevue_150th_SE38th
2716,cross,0.458774,0.053989,0.070675,0.798545,0.074815,0.186746,Bellevue_150th_SE38th
2717,cross,0.436732,0.053063,0.078977,0.536867,0.12349,0.14351,Bellevue_150th_SE38th
2718,cross,0.446738,0.063857,0.081869,0.453599,0.071529,0.197922,Bellevue_150th_SE38th
2719,cross,0.403385,0.063768,0.065648,0.652987,0.206389,0.133796,Bellevue_150th_SE38th
2720,cross,0.401496,0.043294,0.05744,0.525487,0.11739,0.099769,Bellevue_150th_SE38th
2721,cross,0.483145,0.038763,0.069299,0.601243,0.07922,0.225106,Bellevue_150th_SE38th
2722,cross,0.479979,0.049097,0.080215,0.64685,0.052491,0.186014,Bellevue_150th_SE38th
2723,cross,0.408842,0.051707,0.062422,0.559,0.003609,0.151451,Bellevue_150th_SE38th
2724,cross,0.45673,0.042699,0.070245,0.824127,-0.121905,0.383333,Bellevue_150th_SE38th
2725,cross,0.490437,0.021296,0.039434,0.809127,-0.07,0.343175,Bellevue_150th_SE38th
2726,cross,0.457299,0.057103,0.085297,0.634217,0.033325,0.243711,Bellevue_150th_SE38th
2727,cross,0.462282,0.043331,0.084513,0.488823,0.043823,0.072976,Bellevue_150th_SE38th
2728,cross,0.425642,0.066763,0.06169,0.580494,0.027926,0.15671,Bellevue_150th_SE38th
2729,cross,0.433317,0.067233,0.071596,0.742817,0.057963,0.194788,Bellevue_150th_SE38th
2730,cross,0.481673,0.06835,0.086353,0.708214,0.016508,0.202063,Bellevue_150th_SE38th
2731,cross,0.452072,0.077105,0.072038,0.785685,0.192149,0.265513,Bellevue_150th_SE38th
2732,cross,0.502936,0.061028,0.099472,0.613685,0.225005,0.162972,Bellevue_150th_SE38th
2733,cross,0.450723,0.061265,0.081245,0.559123,0.091116,0.046103,Bellevue_150th_SE38th
2734,cross,0.445957,0.058905,0.074636,0.719893,0.151336,0.086643,Bellevue_150th_SE38th
2735,cross,0.48133,0.081334,0.079397,0.575119,0.250556,0.101071,Bellevue_150th_SE38th
2736,cross,0.430679,0.066596,0.070574,0.513016,0.189683,0.058413,Bellevue_150th_SE38th
2737,cross,0.423343,0.023207,0.076709,0.528836,0.070079,0.132474,Bellevue_150th_SE38th
2738,cross,0.462465,0.048893,0.076609,0.687302,0.047778,0.046746,Bellevue_150th_SE38th
2739,cross,0.463349,0.048656,0.068258,0.901667,0.059444,0.056667,Bellevue_150th_SE38th
2740,cross,0.497003,0.042198,0.108551,0.805794,0.109762,0.214444,Bellevue_150th_SE38th
2741,cross,0.489768,0.052467,0.103084,0.586545,0.131855,0.17671,Bellevue_150th_SE38th
2742,cross,0.428864,0.054986,0.08022,0.579504,0.017055,0.185994,Bellevue_150th_SE38th
2743,cross,0.49979,0.089065,0.068831,0.467481,0.10336,0.118662,Bellevue_150th_SE38th
2744,cross,0.479385,0.056652,0.066124,0.530238,0.154365,0.12873,Bellevue_150th_SE38th
2745,cross,0.508387,0.101571,0.105941,0.676675,0.135278,0.077635,Bellevue_150th_SE38th
2746,cross,0.467197,0.075394,0.076521,0.76595,0.147768,0.065728,Bellevue_150th_SE38th
2747,cross,0.443435,0.077186,0.064718,0.676965,0.18963,0.180863,Bellevue_150th_SE38th
2748,cross,0.433757,0.067973,0.06981,0.440965,0.029812,0.137163,Bellevue_150th_SE38th
2749,cross,0.45162,0.103981,0.065747,0.574123,0.042831,0.11194,Bellevue_150th_SE38th
2750,cross,0.470044,0.051849,0.07911,0.688651,0.186548,0.171587,Bellevue_150th_SE38th
2751,cross,0.522635,0.099871,0.116255,0.584566,0.208385,0.146727,Bellevue_150th_SE38th
2752,cross,0.503013,0.097649,0.101222,0.522081,0.027817,0.106064,Bellevue_150th_SE38th
2753,cross,0.469584,0.10594,0.080674,0.611555,0.123135,0.177492,Bellevue_150th_SE38th
2754,cross,0.522116,0.10369,0.113516,0.549677,0.088981,0.165452,Bellevue_150th_SE38th
2755,cross,0.53802,0.118745,0.09894,0.606819,0.117223,0.115254,Bellevue_150th_SE38th
2756,cross,0.475612,0.11171,0.075519,0.69246,0.148558,0.226296,Bellevue_150th_SE38th
2757,cross,0.558418,0.109227,0.137368,0.612495,0.19971,0.193323,Bellevue_150th_SE38th
2758,cross,0.471861,0.106808,0.085239,0.787205,0.088243,0.221682,Bellevue_150th_SE38th
2759,cross,0.504432,0.105291,0.091297,0.757457,0.175177,0.093283,Bellevue_150th_SE38th
2760,cross,0.50738,0.103963,0.098078,0.939921,0.150595,0.213492,Bellevue_150th_SE38th
2761,cross,0.520827,0.073229,0.114962,0.612479,0.150686,0.152098,Bellevue_150th_SE38th
2762,cross,0.546216,0.107945,0.125954,0.651123,0.13679,0.205978,Bellevue_150th_SE38th
2763,cross,0.439402,0.099881,0.063726,0.489231,0.102976,0.100859,Bellevue_150th_SE38th
2764,cross,0.560812,0.117169,0.11113,0.480703,0.085238,0.081517,Bellevue_150th_SE38th
2765,cross,0.529626,0.106981,0.124331,0.589167,0.061827,0.174735,Bellevue_150th_SE38th
2766,cross,0.517692,0.108099,0.096677,0.574269,0.103795,0.124752,Bellevue_150th_SE38th
2767,cross,0.564405,0.109741,0.081583,0.790794,0.091508,0.125476,Bellevue_150th_SE38th
2768,cross,0.589167,0.090589,0.118317,0.478949,-0.027211,0.178499,Bellevue_150th_SE38th
2769,cross,0.489779,0.121872,0.077737,0.640926,0.072037,0.111786,Bellevue_150th_SE38th
2770,cross,0.613224,0.091999,0.124833,0.780714,0.013889,0.047143,Bellevue_150th_SE38th
2771,cross,0.565484,0.070582,0.14065,0.65,-0.003519,0.13078,Bellevue_150th_SE38th
2772,cross,0.414534,0.081289,0.074403,0.620253,0.150545,0.097311,Bellevue_150th_SE38th
2773,cross,0.464537,0.100187,0.077953,0.734394,0.144679,0.099654,Bellevue_150th_SE38th
2774,cross,0.575655,0.105094,0.118226,0.764444,0.04,0.111667,Bellevue_150th_SE38th
2775,cross,0.562704,0.085344,0.164098,0.638084,0.025,0.127497,Bellevue_150th_SE38th
2776,cross,0.52758,0.115346,0.100279,0.828122,0.041521,0.074802,Bellevue_150th_SE38th
2777,cross,0.558037,0.09266,0.136383,0.936111,0.073889,0.041111,Bellevue_150th_SE38th
2778,cross,0.573549,0.097643,0.150695,0.575346,0.060115,0.123,Bellevue_150th_SE38th
2779,cross,0.542975,0.110695,0.114277,0.666325,0.033266,0.114044,Bellevue_150th_SE38th
2780,cross,0.504771,0.115325,0.084976,0.740754,0.07004,0.182923,Bellevue_150th_SE38th
2781,cross,0.664583,0.056245,0.12933,0.685714,0.128029,0.246759,Bellevue_150th_SE38th
2782,cross,0.567789,0.09141,0.122716,0.603904,0.119078,0.164624,Bellevue_150th_SE38th
2783,cross,0.503041,0.117033,0.092747,0.501611,0.014834,0.118439,Bellevue_150th_SE38th
2784,cross,0.516199,0.111833,0.078295,0.609194,0.073641,0.218973,Bellevue_150th_SE38th
2785,cross,0.618283,0.08396,0.117742,0.746124,0.093641,0.282478,Bellevue_150th_SE38th
2786,cross,0.58414,0.073678,0.132997,0.66277,0.037739,0.237346,Bellevue_150th_SE38th
2787,cross,0.53213,0.117707,0.111722,0.665444,0.046784,0.174253,Bellevue_150th_SE38th
2788,cross,0.521087,0.112626,0.086974,0.703757,0.014769,0.22507,Bellevue_150th_SE38th
2789,cross,0.553676,0.105213,0.062691,0.845357,0.012885,0.207407,Bellevue_150th_SE38th
2790,cross,0.530197,0.07314,0.11729,0.622411,0.046928,0.137811,Bellevue_150th_SE38th
2791,cross,0.598667,0.055601,0.108719,0.660767,0.102391,0.092352,Bellevue_150th_SE38th
2792,cross,0.608591,0.110103,0.110459,0.756947,0.052476,0.21652,Bellevue_150th_SE38th
2793,cross,0.618546,0.068003,0.117201,0.810603,0.059024,0.285433,Bellevue_150th_SE38th
2794,cross,0.521488,0.114237,0.104623,0.632742,0.00178,0.240291,Bellevue_150th_SE38th
2795,cross,0.52715,0.121418,0.105826,0.680212,-0.021088,0.214434,Bellevue_150th_SE38th
2796,cross,0.568184,0.109111,0.099781,0.840663,0.045208,0.266281,Bellevue_150th_SE38th
2797,cross,0.623177,0.05201,0.128188,0.680087,0.120409,0.161467,Bellevue_150th_SE38th
2798,cross,0.507733,0.117906,0.097667,0.587644,0.052019,0.089972,Bellevue_150th_SE38th
2799,cross,0.587213,0.12998,0.105213,0.844769,0.028401,0.097053,Bellevue_150th_SE38th
2800,cross,0.586026,0.096232,0.141404,0.828929,0.022698,0.076283,Bellevue_150th_SE38th
2801,cross,0.601581,0.085229,0.153012,0.65155,0.02493,0.087648,Bellevue_150th_SE38th
2802,cross,0.541586,0.10764,0.11336,0.709043,0.064547,0.141682,Bellevue_150th_SE38th
2803,cross,0.575892,0.087655,0.131404,0.784456,0.087859,0.183802,Bellevue_150th_SE38th
2804,cross,0.596174,0.095594,0.148389,0.734061,0.006667,0.177077,Bellevue_150th_SE38th
2805,cross,0.652299,0.062014,0.130362,0.779033,0.027211,0.094749,Bellevue_150th_SE38th
2806,cross,0.573792,0.086048,0.136286,0.570995,0.069682,0.169657,Bellevue_150th_SE38th
2807,cross,0.550053,0.10287,0.124119,0.635147,0.033801,0.224913,Bellevue_150th_SE38th
2808,cross,0.547976,0.095964,0.129171,0.600421,0.062937,0.158938,Bellevue_150th_SE38th
2809,cross,0.56963,0.099897,0.115446,0.581611,0.134259,0.127187,Bellevue_150th_SE38th
2810,cross,0.572291,0.101202,0.126078,0.518021,0.113717,0.100436,Bellevue_150th_SE38th
2811,cross,0.637055,0.141841,0.105349,0.640364,0.059241,0.161512,Bellevue_150th_SE38th
2812,cross,0.561949,0.111518,0.099515,0.701427,0.160624,0.07417,Bellevue_150th_SE38th
2813,cross,0.533678,0.098638,0.104125,0.749841,0.039206,0.105,Bellevue_150th_SE38th
2814,cross,0.573708,0.070541,0.136153,0.629339,0.045079,0.144299,Bellevue_150th_SE38th
2815,cross,0.60118,0.073326,0.121231,0.719388,0.063202,0.101764,Bellevue_150th_SE38th
2816,cross,0.679465,0.057503,0.129982,0.932222,0.101389,0.095556,Bellevue_150th_SE38th
2817,cross,0.682462,0.055013,0.132238,0.567275,0.042857,0.217526,Bellevue_150th_SE38th
2818,cross,0.543492,0.09492,0.127636,0.593563,0.05762,0.23421,Bellevue_150th_SE38th
2819,cross,0.545694,0.089371,0.127867,0.536089,0.10186,0.220754,Bellevue_150th_SE38th
2820,cross,0.541347,0.081791,0.135216,0.607224,0.018957,0.334062,Bellevue_150th_SE38th
2821,cross,0.526701,0.114116,0.108635,0.620715,0.047112,0.158016,Bellevue_150th_SE38th
2822,cross,0.571925,0.061796,0.106291,0.478026,0.053758,0.100029,Bellevue_150th_SE38th
2823,cross,0.593445,0.134347,0.099629,0.681009,0.069117,0.106794,Bellevue_150th_SE38th
2824,cross,0.59506,0.067349,0.12117,0.653999,0.122927,0.172084,Bellevue_150th_SE38th
2825,cross,0.57258,0.075089,0.127483,0.712982,0.038961,0.237293,Bellevue_150th_SE38th
2826,cross,0.516792,0.113315,0.104361,0.501322,0.052194,0.091879,Bellevue_150th_SE38th
2827,cross,0.514823,0.116572,0.080812,0.44571,0.100716,0.081504,Bellevue_150th_SE38th
2828,cross,0.602937,0.137643,0.101369,0.556072,0.051476,0.129625,Bellevue_150th_SE38th
2829,cross,0.599132,0.093633,0.124341,0.535408,0.036496,0.189781,Bellevue_150th_SE38th
2830,cross,0.548045,0.118935,0.115922,0.628482,0.047301,0.156242,Bellevue_150th_SE38th
2831,cross,0.65981,0.072476,0.127886,0.67898,0.075705,0.136643,Bellevue_150th_SE38th
2832,cross,0.661913,0.031847,0.106274,0.596184,0.090739,0.14903,Bellevue_150th_SE38th
2833,cross,0.545327,0.120483,0.118636,0.497863,0.068787,0.169689,Bellevue_150th_SE38th
2834,cross,0.531958,0.11533,0.111358,0.402249,0.046496,0.160349,Bellevue_150th_SE38th
2835,cross,0.558257,0.100549,0.103337,0.508262,0.078695,0.155052,Bellevue_150th_SE38th
2836,cross,0.661657,0.115173,0.088897,0.431332,0.036507,0.083207,Bellevue_150th_SE38th
2837,cross,0.60625,0.139971,0.108088,0.611875,0.122003,0.04439,Bellevue_150th_SE38th
2838,cross,0.638765,0.119619,0.122386,0.507374,0.098918,0.08373,Bellevue_150th_SE38th
2839,cross,0.511362,0.113123,0.105607,0.304487,0.034287,0.126636,Bellevue_150th_SE38th
2840,cross,0.539494,0.11843,0.117913,0.526704,0.098679,0.046994,Bellevue_150th_SE38th
2841,cross,0.5282,0.118935,0.102844,0.581835,0.175214,0.068423,Bellevue_150th_SE38th
2842,cross,0.563307,0.123427,0.091246,0.50474,0.054362,0.102651,Bellevue_150th_SE38th
2843,cross,0.649325,0.125165,0.114723,0.592316,0.09695,0.186967,Bellevue_150th_SE38th
2844,cross,0.556595,0.127895,0.118111,0.678392,0.159382,0.173007,Bellevue_150th_SE38th
2845,cross,0.574124,0.09909,0.147953,0.488199,0.097348,0.133747,Bellevue_150th_SE38th
2846,cross,0.524488,0.126396,0.09985,0.584254,0.093032,0.178192,Bellevue_150th_SE38th
2847,cross,0.54583,0.133331,0.097576,0.626396,0.125886,0.243907,Bellevue_150th_SE38th
2848,cross,0.565848,0.134845,0.117057,0.562644,0.081339,0.126363,Bellevue_150th_SE38th
2849,cross,0.525022,0.136896,0.091724,0.447917,0.119704,0.121571,Bellevue_150th_SE38th
2850,cross,0.613252,0.152007,0.119277,0.46039,0.057725,0.20364,Bellevue_150th_SE38th
2851,cross,0.541323,0.130918,0.107275,0.480987,0.099116,0.153993,Bellevue_150th_SE38th
2852,cross,0.515228,0.133351,0.092329,0.529764,0.066486,0.124578,Bellevue_150th_SE38th
2853,cross,0.54216,0.137543,0.100709,0.421632,0.099716,0.129542,Bellevue_150th_SE38th
2854,cross,0.590303,0.15142,0.108392,0.407685,0.077746,0.082883,Bellevue_150th_SE38th
2855,cross,0.549079,0.140058,0.097505,0.564923,0.104902,0.198431,Bellevue_150th_SE38th
2856,cross,0.532575,0.130767,0.103733,0.60638,0.13943,0.205811,Bellevue_150th_SE38th
2857,cross,0.486394,0.131393,0.087146,0.500373,0.056405,0.160781,Bellevue_150th_SE38th
2858,cross,0.582327,0.154868,0.104512,0.460933,0.065862,0.129522,Bellevue_150th_SE38th
2859,cross,0.616431,0.164994,0.107654,0.582764,0.128809,0.194688,Bellevue_150th_SE38th
2860,cross,0.607744,0.154378,0.110096,0.555476,0.097239,0.238181,Bellevue_150th_SE38th
2861,cross,0.518106,0.132869,0.09935,0.562748,-0.003435,0.24088,Bellevue_150th_SE38th
2862,cross,0.537376,0.139295,0.097462,0.697641,0.07805,0.250874,Bellevue_150th_SE38th
2863,cross,0.522558,0.126397,0.100301,0.582661,0.129935,0.113944,Bellevue_150th_SE38th
2864,cross,0.533342,0.133877,0.106714,0.565185,0.137321,0.109469,Bellevue_150th_SE38th
2865,cross,0.541425,0.138806,0.105872,0.586699,0.082938,0.189215,Bellevue_150th_SE38th
2866,cross,0.555996,0.133836,0.111156,0.665612,0.06974,0.175202,Bellevue_150th_SE38th
2867,cross,0.509371,0.127505,0.093857,0.688162,0.113989,0.215593,Bellevue_150th_SE38th
2868,cross,0.53486,0.140716,0.099988,0.758844,0.100835,0.219711,Bellevue_150th_SE38th
2869,cross,0.521249,0.124187,0.106567,0.551116,0.074912,0.207544,Bellevue_150th_SE38th
2870,cross,0.508903,0.128166,0.099005,0.656031,0.177171,0.264395,Bellevue_150th_SE38th
2871,cross,0.529133,0.13811,0.102082,0.671855,0.181379,0.200771,Bellevue_150th_SE38th
2872,cross,0.539446,0.125924,0.110743,0.647897,0.087102,0.180306,Bellevue_150th_SE38th
2873,cross,0.49553,0.132647,0.087397,0.607809,0.112934,0.1034,Bellevue_150th_SE38th
2874,cross,0.600391,0.160514,0.101567,0.827151,0.133032,0.161112,Bellevue_150th_SE38th
2875,cross,0.570645,0.136533,0.111612,0.623463,0.072459,0.199762,Bellevue_150th_SE38th
2876,cross,0.557802,0.137616,0.109608,0.750505,0.099644,0.181131,Bellevue_150th_SE38th
2877,cross,0.506399,0.12057,0.101687,0.762496,0.077344,0.171086,Bellevue_150th_SE38th
2878,cross,0.506278,0.132157,0.092607,0.700636,0.088116,0.186211,Bellevue_150th_SE38th
2879,cross,0.508349,0.124734,0.100436,0.542295,0.138945,0.141975,Bellevue_150th_SE38th
2880,cross,0.542845,0.14366,0.101497,0.68052,0.1521,0.160583,Bellevue_150th_SE38th
2881,cross,0.510023,0.128556,0.10238,0.680857,0.140589,0.16377,Bellevue_150th_SE38th
2882,cross,0.649757,0.159353,0.120777,0.619138,0.125368,0.205882,Bellevue_150th_SE38th
2883,cross,0.518654,0.130496,0.096285,0.615517,0.107702,0.150165,Bellevue_150th_SE38th
2884,cross,0.512742,0.126093,0.100488,0.535598,0.161099,0.08919,Bellevue_150th_SE38th
2885,cross,0.543599,0.144224,0.100036,0.637465,0.163922,0.101626,Bellevue_150th_SE38th
2886,cross,0.609013,0.162494,0.105496,0.483728,0.182075,0.081697,Bellevue_150th_SE38th
2887,cross,0.633364,0.157552,0.103582,0.643041,0.123617,0.151329,Bellevue_150th_SE38th
2888,cross,0.546752,0.121037,0.119101,0.570934,0.119955,0.119368,Bellevue_150th_SE38th
2889,cross,0.501457,0.119298,0.099522,0.652894,0.183301,0.0641,Bellevue_150th_SE38th
2890,cross,0.517333,0.133744,0.095368,0.804639,0.105108,0.132514,Bellevue_150th_SE38th
2891,cross,0.51272,0.116104,0.102584,0.814736,0.138685,0.080799,Bellevue_150th_SE38th
2892,cross,0.541032,0.117993,0.100745,0.463853,0.103411,0.044306,Bellevue_150th_SE38th
2893,cross,0.511911,0.125985,0.102067,0.578174,0.068213,0.061739,Bellevue_150th_SE38th
2894,cross,0.509194,0.120135,0.104573,0.618177,0.002153,0.115776,Bellevue_150th_SE38th
2895,cross,0.511208,0.140848,0.092943,0.561797,0.124692,0.06751,Bellevue_150th_SE38th
2896,cross,0.589288,0.166517,0.097693,0.52744,0.129271,0.070331,Bellevue_150th_SE38th
2897,cross,0.626038,0.171234,0.11069,0.602994,0.100005,0.096304,Bellevue_150th_SE38th
2898,cross,0.528681,0.138128,0.100543,0.578877,0.093635,0.084925,Bellevue_150th_SE38th
2899,cross,0.53128,0.145882,0.09433,0.509385,0.115048,0.057548,Bellevue_150th_SE38th
2900,cross,0.546509,0.153448,0.092475,0.504115,0.070443,0.072966,Bellevue_150th_SE38th
2901,cross,0.58592,0.161917,0.102839,0.491524,0.105048,0.08911,Bellevue_150th_SE38th
2902,cross,0.52146,0.140344,0.096124,0.521596,0.181736,0.041479,Bellevue_150th_SE38th
2903,cross,0.520715,0.142318,0.094588,0.512998,0.137324,0.087606,Bellevue_150th_SE38th
2904,cross,0.514907,0.140745,0.092596,0.637797,0.183437,0.068189,Bellevue_150th_SE38th
2905,cross,0.512177,0.143172,0.088446,0.601574,0.077758,0.096987,Bellevue_150th_SE38th
2906,cross,0.597639,0.161963,0.111481,0.721864,0.136606,0.081526,Bellevue_150th_SE38th
2907,cross,0.554653,0.154163,0.098871,0.604456,0.115515,0.074971,Bellevue_150th_SE38th
2908,cross,0.582125,0.158156,0.109656,0.624348,0.062529,0.136641,Bellevue_150th_SE38th
2909,cross,0.519809,0.135856,0.098692,0.513722,0.133259,0.13604,Bellevue_150th_SE38th
2910,cross,0.523351,0.145809,0.094374,0.493872,0.012431,0.199733,Bellevue_150th_SE38th
2911,cross,0.586429,0.158786,0.111057,0.538672,0.126983,0.044116,Bellevue_150th_SE38th
2912,cross,0.538935,0.147205,0.099812,0.606939,0.152975,0.113611,Bellevue_150th_SE38th
2913,cross,0.544371,0.147603,0.102987,0.535979,0.089938,0.077246,Bellevue_150th_SE38th
2914,cross,0.513196,0.134194,0.096231,0.467132,0.118819,0.040683,Bellevue_150th_SE38th
2915,cross,0.526181,0.141106,0.098702,0.468868,0.168509,0.076641,Bellevue_150th_SE38th
2916,cross,0.557621,0.158642,0.09422,0.496573,0.139708,0.076269,Bellevue_150th_SE38th
2917,cross,0.598778,0.16747,0.10218,0.566584,0.239202,0.063632,Bellevue_150th_SE38th
2918,cross,0.560459,0.15491,0.095211,0.7,0.35,0.05,Bellevue_150th_SE38th
2919,cross,0.484482,0.073545,0.043971,0.593832,0.210532,0.060288,Bellevue_150th_SE38th
2920,cross,0.547853,0.153388,0.100017,0.533351,0.196789,0.187769,Bellevue_150th_SE38th
2921,cross,0.622945,0.171336,0.108803,0.560616,0.257713,0.130912,Bellevue_150th_SE38th
2922,cross,0.5157,0.144996,0.090552,0.558098,0.265555,0.104611,Bellevue_150th_SE38th
2923,cross,0.570045,0.160475,0.100315,0.547042,0.232705,0.105797,Bellevue_150th_SE38th
2924,cross,0.508992,0.142879,0.089339,0.372881,0.115241,0.060215,Bellevue_150th_SE38th
2925,cross,0.614834,0.171927,0.101162,0.434237,0.129248,0.035266,Bellevue_150th_SE38th
2926,cross,0.554941,0.149155,0.098752,0.562097,0.168739,0.047319,Bellevue_150th_SE38th
2927,cross,0.559491,0.157888,0.100189,0.58964,0.222872,0.01013,Bellevue_150th_SE38th
2928,cross,0.515982,0.137938,0.100157,0.605265,0.202278,0.020774,Bellevue_150th_SE38th
2929,cross,0.506947,0.136457,0.094763,0.608483,0.196033,0.033381,Bellevue_150th_SE38th
2930,cross,0.499079,0.142313,0.079608,0.487377,0.193427,0.052012,Bellevue_150th_SE38th
2931,cross,0.625712,0.175494,0.100377,0.506709,0.133475,0.078581,Bellevue_150th_SE38th
2932,cross,0.615601,0.168624,0.115084,0.466972,0.127243,0.11892,Bellevue_150th_SE38th
2933,cross,0.532793,0.147668,0.094177,0.617584,0.246065,0.090515,Bellevue_150th_SE38th
2934,cross,0.509219,0.144652,0.088277,0.761534,0.221401,0.063682,Bellevue_150th_SE38th
2935,cross,0.500926,0.13836,0.08692,0.494741,0.11171,0.097614,Bellevue_150th_SE38th
2936,cross,0.620419,0.171461,0.106855,0.369084,0.145744,0.059144,Bellevue_150th_SE38th
2937,cross,0.60025,0.166811,0.107236,0.360132,0.103365,0.083545,Bellevue_150th_SE38th
2938,cross,0.560791,0.157149,0.099291,0.371222,0.009387,0.120719,Bellevue_150th_SE38th
2939,cross,0.53082,0.151746,0.092638,0.458558,0.074244,0.095991,Bellevue_150th_SE38th
2940,cross,0.537944,0.154173,0.091675,0.446682,0.0428,0.10995,Bellevue_150th_SE38th
2941,cross,0.585316,0.164075,0.103056,0.328178,0.080911,0.03934,Bellevue_150th_SE38th
2942,cross,0.615432,0.172205,0.104822,0.447286,0.095306,0.083954,Bellevue_150th_SE38th
2943,cross,0.620368,0.17263,0.114913,0.40743,0.035762,0.116536,Bellevue_150th_SE38th
2944,cross,0.610601,0.170387,0.103054,0.559553,0.081706,0.193941,Bellevue_150th_SE38th
2945,cross,0.585115,0.16905,0.100826,0.494106,0.064677,0.042918,Bellevue_150th_SE38th
2946,cross,0.61599,0.18087,0.106387,0.508267,0.09001,0.038018,Bellevue_150th_SE38th
2947,cross,0.62516,0.18347,0.079765,0.370763,0.11159,0.051881,Bellevue_150th_SE38th
2948,cross,0.63147,0.174925,0.108967,0.38452,0.059539,0.040374,Bellevue_150th_SE38th
2949,cross,0.544215,0.149777,0.102075,0.498711,0.138781,0.05533,Bellevue_150th_SE38th
2950,cross,0.555783,0.157776,0.097161,0.571241,0.0721,0.071934,Bellevue_150th_SE38th
2951,cross,0.535811,0.153973,0.093594,0.445218,-0.035312,0.14657,Bellevue_150th_SE38th
2952,cross,0.54245,0.15524,0.091401,0.451769,0.080709,0.046139,Bellevue_150th_SE38th
2953,cross,0.63042,0.175491,0.107881,0.436506,0.070465,0.069434,Bellevue_150th_SE38th
2954,cross,0.625006,0.175358,0.108445,0.499484,0.105736,0.089169,Bellevue_150th_SE38th
2955,cross,0.573567,0.160792,0.100832,0.563847,0.144157,0.109467,Bellevue_150th_SE38th
2956,cross,0.676267,0.130622,0.051735,0.489845,-0.017143,0.262122,Bellevue_150th_SE38th
2957,cross,0.629705,0.173958,0.1134,0.513623,0.031341,0.21729,Bellevue_150th_SE38th
2958,cross,0.577671,0.163198,0.094575,0.619283,0.206816,0.069135,Bellevue_150th_SE38th
2959,cross,0.641499,0.166487,0.068687,0.550644,0.085526,0.141319,Bellevue_150th_SE38th
2960,cross,0.629978,0.176469,0.113521,0.471352,0.130695,0.099398,Bellevue_150th_SE38th
2961,cross,0.624322,0.175637,0.104678,0.530187,0.182126,0.118514,Bellevue_150th_SE38th
2962,cross,0.541252,0.153525,0.0874,0.510366,0.11657,0.092731,Bellevue_150th_SE38th
2963,cross,0.646915,0.145015,0.05168,0.651539,0.312569,0.080787,Bellevue_150th_SE38th
2964,cross,0.606063,0.1701,0.099614,0.694541,0.320134,0.090356,Bellevue_150th_SE38th
2965,cross,0.639962,0.17681,0.073261,0.452197,0.133219,0.04285,Bellevue_150th_SE38th
2966,cross,0.637966,0.174201,0.068714,0.425236,0.093812,0.070203,Bellevue_150th_SE38th
2967,cross,0.662155,0.160302,0.060008,0.465259,0.175014,0.063384,Bellevue_150th_SE38th
2968,cross,0.627248,0.176341,0.109784,0.524151,0.219912,0.05602,Bellevue_150th_SE38th
2969,cross,0.625122,0.175236,0.109326,0.466643,0.182602,0.073657,Bellevue_150th_SE38th
2970,cross,0.67698,0.131097,0.052427,0.470735,0.205775,0.060652,Bellevue_150th_SE38th
2971,cross,0.608722,0.175558,0.097963,0.577807,0.250207,0.052352,Bellevue_150th_SE38th
2972,cross,0.665988,0.149126,0.052255,0.586567,0.222955,0.065111,Bellevue_150th_SE38th
2973,cross,0.566703,0.16268,0.092944,0.366495,0.021638,0.066128,Bellevue_150th_SE38th
2974,cross,0.612551,0.139643,0.056046,0.375,0.0,0.083333,Bellevue_150th_SE38th
2975,cross,0.485317,0.075515,0.042373,0.432315,0.095336,0.08547,Bellevue_150th_SE38th
2976,cross,0.610975,0.143343,0.055933,0.645341,0.29263,0.051314,Bellevue_150th_SE38th
2977,cross,0.617749,0.174198,0.102436,0.635128,0.188967,0.090044,Bellevue_150th_SE38th
2978,cross,0.582818,0.172098,0.096145,0.499664,0.132648,0.077713,Bellevue_150th_SE38th
2979,cross,0.643727,0.182874,0.107129,0.401974,0.128461,0.051591,Bellevue_150th_SE38th
2980,cross,0.68149,0.162595,0.057018,0.427796,0.125269,0.102657,Bellevue_150th_SE38th
2981,cross,0.57739,0.168237,0.096904,0.586484,0.263299,0.049967,Bellevue_150th_SE38th
2982,cross,0.67441,0.164086,0.06749,0.614667,0.235302,0.092566,Bellevue_150th_SE38th
2983,cross,0.646068,0.178144,0.110434,0.757247,0.232956,0.044959,Bellevue_150th_SE38th
2984,cross,0.656875,0.156515,0.055421,0.619396,0.232772,0.0,Bellevue_150th_SE38th
2985,cross,0.672894,0.151936,0.050692,0.692077,0.293809,0.0,Bellevue_150th_SE38th
2986,cross,0.686555,0.152618,0.046863,0.504439,0.1814,0.030131,Bellevue_150th_SE38th
2987,cross,0.561683,0.162775,0.062169,0.429126,0.188597,0.029371,Bellevue_150th_SE38th
2988,cross,0.567196,0.170015,0.078486,0.499945,0.255131,0.024375,Bellevue_150th_SE38th
2989,cross,0.638222,0.17537,0.113724,0.600004,0.3094,0.043133,Bellevue_150th_SE38th
2990,cross,0.693037,0.141877,0.050549,0.688937,0.345413,0.036501,Bellevue_150th_SE38th
2991,cross,0.624276,0.182442,0.093568,0.558801,0.18318,0.079665,Bellevue_150th_SE38th
2992,cross,0.662123,0.159604,0.057124,0.480335,0.104261,0.11158,Bellevue_150th_SE38th
2993,cross,0.578568,0.168069,0.069059,0.476129,0.098939,0.11434,Bellevue_150th_SE38th
2994,cross,0.61791,0.147583,0.058533,0.413972,0.165435,0.034434,Bellevue_150th_SE38th
2995,cross,0.62667,0.177391,0.099339,0.513399,0.195125,0.091592,Bellevue_150th_SE38th
2996,cross,0.642268,0.179415,0.10772,0.624888,0.176412,0.205445,Bellevue_150th_SE38th
2997,cross,0.715526,0.15033,0.04689,0.588819,0.128242,0.165378,Bellevue_150th_SE38th
2998,cross,0.717166,0.154214,0.046954,0.531604,0.092943,0.130433,Bellevue_150th_SE38th
2999,cross,0.692666,0.14781,0.049951,0.442283,0.093425,0.127465,Bellevue_150th_SE38th
3000,cross,0.639858,0.172791,0.110344,0.510692,0.086666,0.141014,Bellevue_150th_SE38th
3001,cross,0.621009,0.173073,0.108712,0.539994,0.192938,0.083337,Bellevue_150th_SE38th
3002,cross,0.626519,0.171747,0.107661,0.602961,0.170268,0.186468,Bellevue_150th_SE38th
3003,cross,0.669244,0.070472,0.07862,0.67817,0.115146,0.153816,Bellevue_150th_SE38th
3004,cross,0.588949,0.160297,0.102203,0.497307,0.137965,0.096456,Bellevue_150th_SE38th
3005,cross,0.578001,0.160859,0.094172,0.579184,0.177417,0.045005,Bellevue_150th_SE38th
3006,cross,0.648871,0.169966,0.117168,0.50394,0.150201,0.072679,Bellevue_150th_SE38th
3007,cross,0.628792,0.178883,0.099799,0.425339,0.115161,0.061463,Bellevue_150th_SE38th
3008,cross,0.671211,0.172681,0.123708,0.41979,0.064486,0.075283,Bellevue_150th_SE38th
3009,cross,0.667809,0.167982,0.122871,0.465965,0.128808,0.058167,Bellevue_150th_SE38th
3010,cross,0.612359,0.149302,0.112181,0.578818,0.136863,0.117581,Bellevue_150th_SE38th
3011,cross,0.545409,0.147852,0.091037,0.580649,0.124858,0.136108,Bellevue_150th_SE38th
3012,cross,0.573898,0.160834,0.09185,0.548237,0.174239,0.090159,Bellevue_150th_SE38th
3013,cross,0.602813,0.171007,0.098235,0.492688,0.168751,0.091385,Bellevue_150th_SE38th
3014,cross,0.600514,0.169532,0.093207,0.597343,0.19126,0.156143,Bellevue_150th_SE38th
3015,cross,0.616514,0.165899,0.10782,0.664054,0.226536,0.055634,Bellevue_150th_SE38th
3016,cross,0.612533,0.164594,0.105,0.722611,0.231967,0.097569,Bellevue_150th_SE38th
3017,cross,0.649075,0.152694,0.118256,0.699351,0.254965,0.084426,Bellevue_150th_SE38th
3018,cross,0.615239,0.15958,0.09877,0.692648,0.284512,0.110659,Bellevue_150th_SE38th
3019,cross,0.609367,0.155392,0.102296,0.593264,0.268637,0.064381,Bellevue_150th_SE38th
3020,cross,0.642837,0.171696,0.116207,0.448643,0.123242,0.042451,Bellevue_150th_SE38th
3021,cross,0.622927,0.183881,0.084579,0.394742,0.149192,0.062253,Bellevue_150th_SE38th
3022,cross,0.640081,0.176633,0.098397,0.536897,0.153009,0.037327,Bellevue_150th_SE38th
3023,cross,0.626438,0.170638,0.111319,0.5274,0.145129,0.034336,Bellevue_150th_SE38th
3024,cross,0.651092,0.17071,0.118272,0.592362,0.223096,0.033343,Bellevue_150th_SE38th
3025,cross,0.621599,0.170817,0.108371,0.614071,0.168267,0.077713,Bellevue_150th_SE38th
3026,cross,0.620573,0.175466,0.109272,0.628666,0.186438,0.093198,Bellevue_150th_SE38th
3027,cross,0.609034,0.168549,0.10378,0.554016,0.154178,0.058115,Bellevue_150th_SE38th
3028,cross,0.63216,0.174413,0.103252,0.513235,0.133404,0.072056,Bellevue_150th_SE38th
3029,cross,0.638725,0.175486,0.107663,0.443483,0.170782,0.075198,Bellevue_150th_SE38th
3030,cross,0.590104,0.170761,0.079019,0.535165,0.121532,0.10954,Bellevue_150th_SE38th
3031,cross,0.602525,0.171506,0.087959,0.577775,0.112864,0.087797,Bellevue_150th_SE38th
3032,cross,0.703246,0.141256,0.0585,0.717716,0.253981,0.117824,Bellevue_150th_SE38th
3033,cross,0.650816,0.152288,0.110962,0.684411,0.198469,0.102262,Bellevue_150th_SE38th
3034,cross,0.594938,0.156206,0.101135,0.646578,0.198396,0.065049,Bellevue_150th_SE38th
3035,cross,0.637423,0.171502,0.111419,0.574895,0.193434,0.114282,Bellevue_150th_SE38th
3036,cross,0.606748,0.163936,0.099854,0.472052,0.156693,0.088734,Bellevue_150th_SE38th
3037,cross,0.612348,0.177214,0.097211,0.478039,0.11412,0.121899,Bellevue_150th_SE38th
3038,cross,0.631465,0.177059,0.106455,0.535714,0.142857,0.142857,Bellevue_150th_SE38th
3039,cross,0.635182,0.107467,0.046918,0.573474,0.173746,0.119537,Bellevue_150th_SE38th
3040,cross,0.683991,0.149028,0.060723,0.576817,0.143969,0.124116,Bellevue_150th_SE38th
3041,cross,0.590173,0.15218,0.102282,0.520967,0.174869,0.093113,Bellevue_150th_SE38th
3042,cross,0.647245,0.170686,0.119748,0.537083,0.084451,0.151383,Bellevue_150th_SE38th
3043,cross,0.619415,0.174025,0.108897,0.496946,0.053147,0.153636,Bellevue_150th_SE38th
3044,cross,0.637396,0.180872,0.09834,0.501569,0.110423,0.142877,Bellevue_150th_SE38th
3045,cross,0.631196,0.171568,0.112247,0.554077,0.12649,0.170119,Bellevue_150th_SE38th
3046,cross,0.63211,0.173584,0.098359,0.541257,0.128189,0.130967,Bellevue_150th_SE38th
3047,cross,0.664107,0.168845,0.122331,0.537437,0.119048,0.164932,Bellevue_150th_SE38th
3048,cross,0.645268,0.156983,0.115278,0.622042,0.165263,0.159991,Bellevue_150th_SE38th
3049,cross,0.563857,0.145875,0.100163,0.735452,0.195703,0.179437,Bellevue_150th_SE38th
3050,cross,0.559971,0.146009,0.098536,0.765865,0.202769,0.175697,Bellevue_150th_SE38th
3051,cross,0.620284,0.166325,0.107707,0.712431,0.253236,0.117886,Bellevue_150th_SE38th
3052,cross,0.612196,0.165209,0.102294,0.532646,0.119791,0.083486,Bellevue_150th_SE38th
3053,cross,0.654873,0.169654,0.110959,0.547325,0.113823,0.101687,Bellevue_150th_SE38th
3054,cross,0.642406,0.169835,0.111595,0.521721,0.140073,0.047957,Bellevue_150th_SE38th
3055,cross,0.596335,0.153525,0.102988,0.557496,0.217454,0.130957,Bellevue_150th_SE38th
3056,cross,0.614979,0.155593,0.11021,0.582943,0.24735,0.11026,Bellevue_150th_SE38th
3057,cross,0.602306,0.16013,0.104862,0.635679,0.252984,0.090959,Bellevue_150th_SE38th
3058,cross,0.611458,0.170228,0.108665,0.625345,0.26246,0.040579,Bellevue_150th_SE38th
3059,cross,0.543,0.150317,0.09257,0.643435,0.222284,0.030789,Bellevue_150th_SE38th
3060,cross,0.66045,0.168892,0.122753,0.395521,0.130433,0.063666,Bellevue_150th_SE38th
3061,cross,0.588687,0.174518,0.074848,0.495261,0.186042,0.09148,Bellevue_150th_SE38th
3062,cross,0.623606,0.166819,0.099817,0.507916,0.163232,0.087939,Bellevue_150th_SE38th
3063,cross,0.631905,0.157937,0.11737,0.524397,0.212992,0.10118,Bellevue_150th_SE38th
3064,cross,0.570476,0.139924,0.102811,0.488895,0.204254,0.092571,Bellevue_150th_SE38th
3065,cross,0.527521,0.13607,0.094711,0.547854,0.216419,0.113209,Bellevue_150th_SE38th
3066,cross,0.576439,0.138497,0.105032,0.625635,0.191495,0.112997,Bellevue_150th_SE38th
3067,cross,0.530434,0.140308,0.096703,0.579817,0.140434,0.15404,Bellevue_150th_SE38th
3068,cross,0.55662,0.114273,0.105525,0.530314,0.10869,0.097914,Bellevue_150th_SE38th
3069,cross,0.627914,0.156178,0.113413,0.513586,0.13094,0.090424,Bellevue_150th_SE38th
3070,cross,0.599755,0.160104,0.096401,0.379329,0.118862,0.060705,Bellevue_150th_SE38th
3071,cross,0.632558,0.16634,0.103654,0.456226,0.135599,0.077058,Bellevue_150th_SE38th
3072,cross,0.617502,0.172415,0.091123,0.374679,0.107854,0.07387,Bellevue_150th_SE38th
3073,cross,0.630166,0.159554,0.113592,0.386686,0.116856,0.057625,Bellevue_150th_SE38th
3074,cross,0.592814,0.14833,0.108337,0.65933,0.256027,0.057689,Bellevue_150th_SE38th
3075,cross,0.620251,0.16913,0.096256,0.694391,0.146011,0.151418,Bellevue_150th_SE38th
3076,cross,0.629043,0.166457,0.112179,0.766509,0.186769,0.11484,Bellevue_150th_SE38th
3077,cross,0.591502,0.167741,0.100901,0.681775,0.203555,0.062635,Bellevue_150th_SE38th
3078,cross,0.565565,0.16129,0.096572,0.681154,0.219681,0.112851,Bellevue_150th_SE38th
3079,cross,0.523952,0.156758,0.073049,0.694722,0.25329,0.068217,Bellevue_150th_SE38th
3080,cross,0.651539,0.158975,0.061008,0.672242,0.259812,0.087751,Bellevue_150th_SE38th
3081,cross,0.550983,0.160168,0.088463,0.729457,0.332273,0.155964,Bellevue_150th_SE38th
3082,cross,0.611514,0.172627,0.106156,0.59499,0.272876,0.117296,Bellevue_150th_SE38th
3083,cross,0.608799,0.177022,0.094534,0.641079,0.366867,0.05038,Bellevue_150th_SE38th
3084,cross,0.591512,0.176951,0.078273,0.529771,0.222114,0.094178,Bellevue_150th_SE38th
3085,cross,0.614498,0.166188,0.107407,0.456435,0.26349,0.010737,Bellevue_150th_SE38th
3086,cross,0.582173,0.16371,0.099571,0.500799,0.224912,0.038548,Bellevue_150th_SE38th
3087,cross,0.598128,0.166969,0.099121,0.642192,0.165973,0.128833,Bellevue_150th_SE38th
3088,cross,0.61421,0.175201,0.099639,0.658357,0.230226,0.098735,Bellevue_150th_SE38th
3089,cross,0.590427,0.164936,0.102503,0.455777,0.216955,0.084727,Bellevue_150th_SE38th
3090,cross,0.693363,0.182796,0.127918,0.664637,0.178686,0.175674,Bellevue_150th_SE38th
3091,cross,0.690834,0.180967,0.126789,0.691147,0.247188,0.093293,Bellevue_150th_SE38th
3092,cross,0.667624,0.179504,0.117135,0.780232,0.203069,0.117103,Bellevue_150th_SE38th
3093,cross,0.693261,0.183186,0.127447,0.684043,0.190281,0.100097,Bellevue_150th_SE38th
3094,cross,0.705523,0.154835,0.05457,0.688833,0.193371,0.067358,Bellevue_150th_SE38th
3095,cross,0.680113,0.180012,0.119203,0.584815,0.125949,0.109473,Bellevue_150th_SE38th
3096,cross,0.669334,0.180752,0.111984,0.495212,0.107971,0.034052,Bellevue_150th_SE38th
3097,cross,0.6884,0.18167,0.127366,0.592412,0.160928,0.055973,Bellevue_150th_SE38th
3098,cross,0.682751,0.179031,0.123826,0.711176,0.144354,0.115428,Bellevue_150th_SE38th
3099,cross,0.682792,0.177751,0.128389,0.740565,0.183708,0.144332,Bellevue_150th_SE38th
3100,cross,0.686766,0.180936,0.128106,0.705142,0.209593,0.137473,Bellevue_150th_SE38th
3101,cross,0.715981,0.176449,0.084196,0.689797,0.16153,0.113846,Bellevue_150th_SE38th
3102,cross,0.713315,0.179556,0.127687,0.57953,0.131537,0.141425,Bellevue_150th_SE38th
3103,cross,0.679353,0.177116,0.117523,0.543343,0.131352,0.140486,Bellevue_150th_SE38th
3104,cross,0.687682,0.17845,0.12492,0.488827,0.117343,0.076523,Bellevue_150th_SE38th
3105,cross,0.691352,0.17083,0.130689,0.527899,0.178038,0.082585,Bellevue_150th_SE38th
3106,cross,0.673811,0.172674,0.120744,0.668984,0.181513,0.106551,Bellevue_150th_SE38th
3107,cross,0.706426,0.154308,0.120514,0.717147,0.091111,0.29357,Bellevue_150th_SE38th
3108,cross,0.673028,0.173569,0.12635,0.502803,0.079451,0.141843,Bellevue_150th_SE38th
3109,cross,0.696289,0.175198,0.132576,0.579219,0.171794,0.096789,Bellevue_150th_SE38th
3110,cross,0.721166,0.132365,0.104714,0.629113,0.283013,0.049093,Bellevue_150th_SE38th
3111,cross,0.672385,0.173732,0.124469,0.641925,0.351741,0.042872,Bellevue_150th_SE38th
3112,cross,0.671455,0.168491,0.123687,0.702543,0.366826,0.065404,Bellevue_150th_SE38th
3113,cross,0.691151,0.15568,0.118983,0.759637,0.331319,0.073016,Bellevue_150th_SE38th
3114,cross,0.687033,0.174518,0.130189,0.837339,0.276437,0.108221,Bellevue_150th_SE38th
3115,cross,0.6818,0.174589,0.131947,0.738579,0.181959,0.131511,Bellevue_150th_SE38th
3116,cross,0.671312,0.175119,0.117007,0.688549,0.120687,0.09172,Bellevue_150th_SE38th
3117,cross,0.693671,0.179647,0.131307,0.611412,0.129526,0.100087,Bellevue_150th_SE38th
3118,cross,0.672267,0.176893,0.114518,0.524467,0.167091,0.069628,Bellevue_150th_SE38th
3119,cross,0.703056,0.168144,0.122892,0.325959,0.039513,0.086764,Bellevue_150th_SE38th
3120,cross,0.670945,0.166556,0.124705,0.480676,0.091479,0.099245,Bellevue_150th_SE38th
3121,cross,0.692436,0.179989,0.130608,0.619713,0.18717,0.17189,Bellevue_150th_SE38th
3122,cross,0.693045,0.18159,0.132722,0.636842,0.16043,0.230928,Bellevue_150th_SE38th
3123,cross,0.680094,0.177572,0.127856,0.630799,0.128184,0.204735,Bellevue_150th_SE38th
3124,cross,0.681282,0.175941,0.123871,0.662388,0.110006,0.214784,Bellevue_150th_SE38th
3125,cross,0.706029,0.17688,0.126622,0.496128,0.127234,0.128459,Bellevue_150th_SE38th
3126,cross,0.683388,0.178202,0.120383,0.402249,0.066278,0.111877,Bellevue_150th_SE38th
3127,cross,0.652326,0.179038,0.101227,0.502162,0.105855,0.090347,Bellevue_150th_SE38th
3128,cross,0.680468,0.172908,0.124178,0.443253,0.071699,0.115093,Bellevue_150th_SE38th
3129,cross,0.689697,0.175619,0.132746,0.445728,0.036801,0.197612,Bellevue_150th_SE38th
3130,cross,0.719776,0.137538,0.111441,0.55671,0.104455,0.231794,Bellevue_150th_SE38th
3131,cross,0.72335,0.095168,0.100136,0.503511,0.106225,0.215545,Bellevue_150th_SE38th
3132,cross,0.680041,0.175262,0.126214,0.537051,0.110809,0.162695,Bellevue_150th_SE38th
3133,cross,0.671258,0.172895,0.125205,0.532664,0.132814,0.105276,Bellevue_150th_SE38th
3134,cross,0.674816,0.157696,0.106191,0.626563,0.20013,0.111808,Bellevue_150th_SE38th
3135,cross,0.65877,0.172705,0.113309,0.567694,0.247518,0.139648,Bellevue_150th_SE38th
3136,cross,0.703184,0.153795,0.060829,0.692779,0.14196,0.178082,Bellevue_150th_SE38th
3137,cross,0.672784,0.157285,0.107809,0.588235,0.058824,0.117647,Bellevue_150th_SE38th
3138,cross,0.700902,0.077775,0.06608,0.638933,0.09056,0.145893,Bellevue_150th_SE38th
3139,cross,0.637924,0.121803,0.063469,0.799784,0.234014,0.186925,Bellevue_150th_SE38th
3140,cross,0.67246,0.173852,0.127852,0.676276,0.186674,0.160477,Bellevue_150th_SE38th
3141,cross,0.676272,0.177426,0.117468,0.764758,0.115487,0.162955,Bellevue_150th_SE38th
3142,cross,0.743038,0.129222,0.074057,0.614292,0.134553,0.066776,Bellevue_150th_SE38th
3143,cross,0.701923,0.154189,0.082356,0.490273,0.091177,0.075969,Bellevue_150th_SE38th
3144,cross,0.669949,0.183261,0.105039,0.469192,0.122498,0.047267,Bellevue_150th_SE38th
3145,cross,0.684822,0.177616,0.127801,0.469882,0.113522,0.069041,Bellevue_150th_SE38th
3146,cross,0.665131,0.171302,0.124124,0.610776,0.229823,0.117063,Bellevue_150th_SE38th
3147,cross,0.693088,0.177202,0.129728,0.701698,0.377405,0.049031,Bellevue_150th_SE38th
3148,cross,0.742471,0.095739,0.097375,0.696058,0.197746,0.039502,Bellevue_150th_SE38th
3149,cross,0.68932,0.174736,0.129925,0.617853,0.171006,0.017393,Bellevue_150th_SE38th
3150,cross,0.670498,0.17554,0.117535,0.590881,0.067972,0.054339,Bellevue_150th_SE38th
3151,cross,0.686258,0.160755,0.099363,0.412909,0.062181,0.073351,Bellevue_150th_SE38th
3152,cross,0.658908,0.173397,0.108744,0.432668,0.109058,0.096799,Bellevue_150th_SE38th
3153,cross,0.733875,0.122899,0.080642,0.423496,0.056497,0.070291,Bellevue_150th_SE38th
3154,cross,0.686751,0.158547,0.114131,0.355591,0.051612,0.05858,Bellevue_150th_SE38th
3155,cross,0.659353,0.170089,0.123559,0.483751,0.139045,0.070775,Bellevue_150th_SE38th
3156,cross,0.680365,0.172418,0.131559,0.427433,0.104455,0.044741,Bellevue_150th_SE38th
3157,cross,0.643236,0.172722,0.116259,0.458048,0.055991,0.041467,Bellevue_150th_SE38th
3158,cross,0.680322,0.179875,0.126617,0.403694,0.138733,0.040229,Bellevue_150th_SE38th
3159,cross,0.68197,0.181792,0.115758,0.348477,0.141746,0.048116,Bellevue_150th_SE38th
3160,cross,0.71243,0.154106,0.067135,0.579956,0.162265,0.143822,Bellevue_150th_SE38th
3161,cross,0.653593,0.165003,0.128749,0.531234,0.122337,0.135956,Bellevue_150th_SE38th
3162,cross,0.750514,0.105672,0.097109,0.628203,0.177944,0.17061,Bellevue_150th_SE38th
3163,cross,0.667361,0.168377,0.120843,0.654728,0.208221,0.131868,Bellevue_150th_SE38th
3164,cross,0.687774,0.174796,0.129395,0.697462,0.154899,0.153984,Bellevue_150th_SE38th
3165,cross,0.683616,0.173786,0.132679,0.659941,0.180094,0.138164,Bellevue_150th_SE38th
3166,cross,0.692002,0.186168,0.122715,0.569612,0.175468,0.135416,Bellevue_150th_SE38th
3167,cross,0.679194,0.176881,0.120925,0.386565,0.098819,0.085715,Bellevue_150th_SE38th
3168,cross,0.681141,0.172496,0.126303,0.396701,0.092377,0.089368,Bellevue_150th_SE38th
3169,cross,0.680365,0.175556,0.123342,0.549724,0.089603,0.029011,Bellevue_150th_SE38th
3170,cross,0.690713,0.175774,0.134827,0.401677,0.025207,0.005128,Bellevue_150th_SE38th
3171,cross,0.668142,0.168476,0.126005,0.489187,0.193633,0.024009,Bellevue_150th_SE38th
3172,cross,0.668129,0.170667,0.121758,0.555507,0.278609,0.018186,Bellevue_150th_SE38th
3173,cross,0.649474,0.160308,0.120756,0.659511,0.281687,0.102981,Bellevue_150th_SE38th
3174,cross,0.679855,0.177804,0.130124,0.715463,0.251435,0.175443,Bellevue_150th_SE38th
3175,cross,0.660104,0.164053,0.107675,0.72,0.2,0.24,Bellevue_150th_SE38th
3176,cross,0.659899,0.140515,0.048835,0.677932,0.156369,0.249095,Bellevue_150th_SE38th
3177,cross,0.662901,0.13881,0.060799,0.540796,0.102442,0.12954,Bellevue_150th_SE38th
3178,cross,0.687358,0.174007,0.130565,0.660536,0.238939,0.060436,Bellevue_150th_SE38th
3179,cross,0.694337,0.175872,0.134437,0.626275,0.298737,0.047859,Bellevue_150th_SE38th
3180,cross,0.684342,0.162635,0.129335,0.542073,0.228399,0.039258,Bellevue_150th_SE38th
3181,cross,0.767687,0.060201,0.098588,0.583117,0.257243,0.055419,Bellevue_150th_SE38th
3182,cross,0.714963,0.126183,0.118491,0.534715,0.199556,0.0458,Bellevue_150th_SE38th
3183,cross,0.677816,0.167164,0.125787,0.471373,0.089957,0.074071,Bellevue_150th_SE38th
3184,cross,0.660104,0.170589,0.117398,0.448259,0.005453,0.107189,Bellevue_150th_SE38th
3185,cross,0.676451,0.155648,0.116893,0.513879,0.052937,0.060795,Bellevue_150th_SE38th
3186,cross,0.737292,0.098704,0.103829,0.49548,0.088673,0.064555,Bellevue_150th_SE38th
3187,cross,0.682008,0.172718,0.131141,0.405885,0.028528,0.079773,Bellevue_150th_SE38th
3188,cross,0.665596,0.168192,0.12592,0.50841,0.04972,0.082077,Bellevue_150th_SE38th
3189,cross,0.672056,0.167087,0.131632,0.600712,0.132302,0.072804,Bellevue_150th_SE38th
3190,cross,0.683459,0.164793,0.131979,0.628483,0.157011,0.063534,Bellevue_150th_SE38th
3191,cross,0.685202,0.175227,0.125346,0.615174,0.182239,0.053978,Bellevue_150th_SE38th
3192,cross,0.670502,0.173421,0.119566,0.512865,0.051427,0.060289,Bellevue_150th_SE38th
3193,cross,0.681749,0.1719,0.12927,0.488504,0.110245,0.059167,Bellevue_150th_SE38th
3194,cross,0.672873,0.172216,0.126763,0.567756,0.200585,0.032538,Bellevue_150th_SE38th
3195,cross,0.676616,0.173199,0.13066,0.655814,0.222194,0.036608,Bellevue_150th_SE38th
3196,cross,0.654174,0.16394,0.12426,0.676849,0.174822,0.07504,Bellevue_150th_SE38th
3197,cross,0.674824,0.171261,0.129185,0.761055,0.207764,0.079506,Bellevue_150th_SE38th
3198,cross,0.67047,0.165466,0.128077,0.774163,0.25425,0.050952,Bellevue_150th_SE38th
3199,cross,0.737736,0.046052,0.098076,0.739381,0.224256,0.079002,Bellevue_150th_SE38th
3200,cross,0.66075,0.16735,0.124463,0.655783,0.176586,0.049643,Bellevue_150th_SE38th
3201,cross,0.675239,0.172345,0.122263,0.673679,0.132716,0.066218,Bellevue_150th_SE38th
3202,cross,0.660292,0.171388,0.118689,0.551183,0.14799,0.023837,Bellevue_150th_SE38th
3203,cross,0.677429,0.175523,0.12211,0.658531,0.189217,0.069321,Bellevue_150th_SE38th
3204,cross,0.673965,0.171731,0.130297,0.692917,0.229716,0.021078,Bellevue_150th_SE38th
3205,cross,0.673171,0.166757,0.129014,0.717671,0.250049,0.031015,Bellevue_150th_SE38th
3206,cross,0.69087,0.078141,0.093327,0.761909,0.174833,0.162459,Bellevue_150th_SE38th
3207,cross,0.690017,0.173303,0.137083,0.790306,0.145029,0.17523,Bellevue_150th_SE38th
3208,cross,0.678095,0.173915,0.132524,0.797077,0.091922,0.170477,Bellevue_150th_SE38th
3209,cross,0.617712,0.165511,0.108436,0.682042,0.099234,0.138351,Bellevue_150th_SE38th
3210,cross,0.674586,0.16922,0.124448,0.612017,0.084467,0.152162,Bellevue_150th_SE38th
3211,cross,0.646637,0.197906,0.082772,0.645,0.0905,0.156696,Bellevue_150th_SE38th
3212,cross,0.724328,0.134412,0.071593,0.626495,0.096638,0.11121,Bellevue_150th_SE38th
3213,cross,0.678175,0.171513,0.128697,0.59654,0.151384,0.142385,Bellevue_150th_SE38th
3214,cross,0.670458,0.16787,0.128732,0.684669,0.136745,0.176682,Bellevue_150th_SE38th
3215,cross,0.646901,0.1565,0.114396,0.778938,0.134745,0.207023,Bellevue_150th_SE38th
3216,cross,0.727969,0.089235,0.105374,0.70765,0.137139,0.094981,Bellevue_150th_SE38th
3217,cross,0.686192,0.181672,0.116194,0.730404,0.152736,0.083169,Bellevue_150th_SE38th
3218,cross,0.715083,0.107717,0.094665,0.592004,0.144848,0.059153,Bellevue_150th_SE38th
3219,cross,0.691272,0.174291,0.131502,0.630993,0.101116,0.111526,Bellevue_150th_SE38th
3220,cross,0.683667,0.172161,0.126998,0.741511,0.166143,0.037169,Bellevue_150th_SE38th
3221,cross,0.686067,0.158282,0.126457,0.82101,0.18186,0.026896,Bellevue_150th_SE38th
3222,cross,0.715146,0.127769,0.123141,0.739226,0.220129,0.00624,Bellevue_150th_SE38th
3223,cross,0.672226,0.159431,0.122822,0.690985,0.176632,0.002671,Bellevue_150th_SE38th
3224,cross,0.658458,0.162815,0.121303,0.64642,0.152052,0.059396,Bellevue_150th_SE38th
3225,cross,0.673749,0.168363,0.121464,0.677937,0.119102,0.063194,Bellevue_150th_SE38th
3226,cross,0.678712,0.173937,0.117682,0.610075,0.106719,0.089681,Bellevue_150th_SE38th
3227,cross,0.660091,0.177108,0.117086,0.631579,0.105263,0.157895,Bellevue_150th_SE38th
3228,cross,0.717372,0.095021,0.057619,0.631579,0.105263,0.157895,Bellevue_150th_SE38th
3229,cross,0.634712,0.094749,0.053579,0.579185,0.055755,0.041474,Bellevue_150th_SE38th
3230,cross,0.719219,0.110115,0.103674,0.605382,0.066556,0.038076,Bellevue_150th_SE38th
3231,cross,0.688347,0.161513,0.133887,0.634653,0.096389,0.035365,Bellevue_150th_SE38th
3232,cross,0.702795,0.071652,0.11764,0.683563,0.116578,0.133597,Bellevue_150th_SE38th
3233,cross,0.687749,0.177207,0.13221,0.825896,0.144655,0.228045,Bellevue_150th_SE38th
3234,cross,0.667825,0.166598,0.129691,0.484415,0.073683,0.044274,Bellevue_150th_SE38th
3235,cross,0.683194,0.173893,0.12733,0.490974,0.114745,0.022978,Bellevue_150th_SE38th
3236,cross,0.674863,0.170427,0.123737,0.612814,0.137695,0.037411,Bellevue_150th_SE38th
3237,cross,0.685424,0.166764,0.13026,0.539116,0.085468,0.054478,Bellevue_150th_SE38th
3238,cross,0.651182,0.154711,0.12152,0.664295,0.189998,0.050324,Bellevue_150th_SE38th
3239,cross,0.65523,0.160457,0.12554,0.862492,0.185863,0.185776,Bellevue_150th_SE38th
3240,cross,0.678673,0.165256,0.133736,0.837624,0.158052,0.158967,Bellevue_150th_SE38th
3241,cross,0.670974,0.162551,0.12195,0.752379,0.111013,0.141271,Bellevue_150th_SE38th
3242,cross,0.717183,0.093611,0.083979,0.561442,0.075517,0.101135,Bellevue_150th_SE38th
3243,cross,0.68267,0.175969,0.122698,0.510568,0.07109,0.106525,Bellevue_150th_SE38th
3244,cross,0.674108,0.172168,0.117989,0.744582,0.082265,0.103726,Bellevue_150th_SE38th
3245,cross,0.666604,0.138729,0.10795,0.661538,0.051363,0.181952,Bellevue_150th_SE38th
3246,cross,0.723119,0.122709,0.11166,0.555841,0.063949,0.086647,Bellevue_150th_SE38th
3247,cross,0.681041,0.168619,0.132464,0.630273,0.164042,0.053131,Bellevue_150th_SE38th
3248,cross,0.673607,0.156046,0.137952,0.630124,0.130491,0.144691,Bellevue_150th_SE38th
3249,cross,0.681011,0.174833,0.13315,0.712757,0.180443,0.16754,Bellevue_150th_SE38th
3250,cross,0.679128,0.171959,0.125282,0.618279,0.174745,0.079025,Bellevue_150th_SE38th
3251,cross,0.686998,0.170453,0.135265,0.57313,0.180598,0.08235,Bellevue_150th_SE38th
3252,cross,0.659288,0.162538,0.125322,0.628012,0.210412,0.11477,Bellevue_150th_SE38th
3253,cross,0.644764,0.153712,0.124763,0.552201,0.181574,0.107506,Bellevue_150th_SE38th
3254,cross,0.648808,0.148466,0.11739,0.669225,0.249147,0.126223,Bellevue_150th_SE38th
3255,cross,0.677243,0.164815,0.133394,0.78826,0.371251,0.09091,Bellevue_150th_SE38th
3256,cross,0.6418,0.154338,0.119964,0.713621,0.225975,0.096408,Bellevue_150th_SE38th
3257,cross,0.694261,0.182785,0.086636,0.844567,0.213799,0.036572,Bellevue_150th_SE38th
3258,cross,0.72024,0.09596,0.076533,0.866667,0.2,0.0,Bellevue_150th_SE38th
3259,cross,0.68033,0.111015,0.05297,0.866667,0.2,0.0,Bellevue_150th_SE38th
3260,cross,0.676559,0.122607,0.051089,0.866667,0.2,0.0,Bellevue_150th_SE38th
3261,cross,0.676359,0.122625,0.051002,0.830191,0.21351,0.023827,Bellevue_150th_SE38th
3262,cross,0.66821,0.146438,0.063184,0.677025,0.250135,0.042668,Bellevue_150th_SE38th
3263,cross,0.646866,0.142367,0.120416,0.660311,0.169567,0.133244,Bellevue_150th_SE38th
3264,cross,0.642926,0.158482,0.116923,0.599952,0.114543,0.144194,Bellevue_150th_SE38th
3265,cross,0.677123,0.16433,0.128672,0.569413,0.199081,0.121996,Bellevue_150th_SE38th
3266,cross,0.690028,0.170863,0.129857,0.643138,0.170632,0.183314,Bellevue_150th_SE38th
3267,cross,0.61317,0.137941,0.121654,0.682642,0.153265,0.21395,Bellevue_150th_SE38th
3268,cross,0.665503,0.157969,0.131632,0.673333,0.134435,0.21456,Bellevue_150th_SE38th
3269,cross,0.638479,0.143184,0.132694,0.59714,0.173717,0.142333,Bellevue_150th_SE38th
3270,cross,0.674137,0.161922,0.126945,0.649987,0.216897,0.175983,Bellevue_150th_SE38th
3271,cross,0.614681,0.145304,0.118201,0.556051,0.083772,0.106358,Bellevue_150th_SE38th
3272,cross,0.668263,0.168372,0.121156,0.690838,0.179003,0.187729,Bellevue_150th_SE38th
3273,cross,0.679233,0.171339,0.122912,0.595599,0.141834,0.118677,Bellevue_150th_SE38th
3274,cross,0.673731,0.165579,0.129007,0.676131,0.163465,0.139443,Bellevue_150th_SE38th
3275,cross,0.685289,0.149,0.125172,0.653513,0.125741,0.152961,Bellevue_150th_SE38th
3276,cross,0.649669,0.135929,0.137911,0.61996,0.059837,0.239144,Bellevue_150th_SE38th
3277,cross,0.637458,0.155066,0.119066,0.724065,0.087336,0.343353,Bellevue_150th_SE38th
3278,cross,0.693517,0.174064,0.13409,0.530245,0.120836,0.110921,Bellevue_150th_SE38th
3279,cross,0.680557,0.159926,0.128075,0.523874,0.088003,0.132725,Bellevue_150th_SE38th
3280,cross,0.693963,0.166977,0.12784,0.575873,0.179894,0.101402,Bellevue_150th_SE38th
3281,cross,0.770273,0.050876,0.1054,0.612745,0.141304,0.127173,Bellevue_150th_SE38th
3282,cross,0.720964,0.05958,0.123927,0.540746,0.116947,0.160209,Bellevue_150th_SE38th
3283,cross,0.682863,0.167642,0.131499,0.453217,0.158199,0.114728,Bellevue_150th_SE38th
3284,cross,0.678078,0.155781,0.135284,0.656819,0.112834,0.181591,Bellevue_150th_SE38th
3285,cross,0.685,0.170987,0.128959,0.704397,0.131425,0.264535,Bellevue_150th_SE38th
3286,cross,0.676959,0.163482,0.128905,0.568882,0.147258,0.124737,Bellevue_150th_SE38th
3287,cross,0.612517,0.140088,0.127533,0.365938,0.063522,0.157988,Bellevue_150th_SE38th
3288,cross,0.630904,0.14712,0.126842,0.449135,0.160734,0.089267,Bellevue_150th_SE38th
3289,cross,0.67563,0.141309,0.132947,0.468263,0.138624,0.127071,Bellevue_150th_SE38th
3290,cross,0.596382,0.126757,0.12188,0.403727,0.163763,0.095045,Bellevue_150th_SE38th
3291,cross,0.685281,0.098172,0.135316,0.370647,0.201058,0.052962,Bellevue_150th_SE38th
3292,cross,0.735353,0.062671,0.101345,0.484196,0.134333,0.126256,Bellevue_150th_SE38th
3293,cross,0.65786,0.160114,0.11948,0.778459,0.03699,0.366546,Bellevue_150th_SE38th
3294,cross,0.63888,0.123801,0.128236,0.677977,0.207072,0.217078,Bellevue_150th_SE38th
3295,cross,0.705155,0.171212,0.136471,0.582857,0.182105,0.162243,Bellevue_150th_SE38th
3296,cross,0.672807,0.12258,0.138392,0.629793,0.205496,0.172755,Bellevue_150th_SE38th
3297,cross,0.655834,0.10338,0.148645,0.648423,0.205142,0.151813,Bellevue_150th_SE38th
3298,cross,0.719128,0.102122,0.135912,0.669711,0.183557,0.191999,Bellevue_150th_SE38th
3299,cross,0.625805,0.106098,0.136886,0.572999,0.183467,0.13871,Bellevue_150th_SE38th
3300,cross,0.61054,0.149847,0.123209,0.582894,0.109601,0.167504,Bellevue_150th_SE38th
3301,cross,0.662266,0.166045,0.119505,0.574428,0.113214,0.141309,Bellevue_150th_SE38th
3302,cross,0.678178,0.169382,0.129178,0.565031,0.150769,0.138075,Bellevue_150th_SE38th
3303,cross,0.664077,0.168277,0.115122,0.492198,0.101461,0.119382,Bellevue_150th_SE38th
3304,cross,0.693912,0.174336,0.139648,0.465529,0.077285,0.208219,Bellevue_150th_SE38th
3305,cross,0.658395,0.153061,0.127451,0.532617,0.140096,0.139958,Bellevue_150th_SE38th
3306,cross,0.687136,0.153048,0.141291,0.627188,0.152308,0.103253,Bellevue_150th_SE38th
3307,cross,0.622291,0.105952,0.147071,0.583933,0.217429,0.075544,Bellevue_150th_SE38th
3308,cross,0.657551,0.159742,0.119419,0.614215,0.166228,0.128547,Bellevue_150th_SE38th
3309,cross,0.682866,0.151826,0.134664,0.575794,0.227381,0.189206,Bellevue_150th_SE38th
3310,cross,0.62023,0.127025,0.133394,0.515763,0.186513,0.135349,Bellevue_150th_SE38th
3311,cross,0.682107,0.159243,0.136556,0.548682,0.269404,0.055286,Bellevue_150th_SE38th
3312,cross,0.679501,0.086582,0.127884,0.461072,0.226768,0.023276,Bellevue_150th_SE38th
3313,cross,0.654988,0.124463,0.134057,0.493448,0.214905,0.025543,Bellevue_150th_SE38th
3314,cross,0.625568,0.134214,0.138474,0.501278,0.199448,0.074397,Bellevue_150th_SE38th
3315,cross,0.599282,0.114871,0.133575,0.699036,0.057768,0.07908,Bellevue_150th_SE38th
3316,cross,0.681898,0.151596,0.129719,0.644751,0.054598,0.124083,Bellevue_150th_SE38th
3317,cross,0.610928,0.14747,0.124791,0.60642,0.069341,0.162316,Bellevue_150th_SE38th
3318,cross,0.67815,0.170295,0.130548,0.577805,0.09023,0.169582,Bellevue_150th_SE38th
3319,cross,0.668583,0.164801,0.125055,0.674062,0.139383,0.187961,Bellevue_150th_SE38th
3320,cross,0.691262,0.134877,0.130838,0.619099,0.218325,0.16766,Bellevue_150th_SE38th
3321,cross,0.596789,0.104995,0.145542,0.523526,0.235646,0.150485,Bellevue_150th_SE38th
3322,cross,0.653975,0.102569,0.146734,0.557162,0.200718,0.102892,Bellevue_150th_SE38th
3323,cross,0.641589,0.142925,0.13498,0.575994,0.156977,0.176905,Bellevue_150th_SE38th
3324,cross,0.582692,0.138638,0.126182,0.450212,0.063478,0.132584,Bellevue_150th_SE38th
3325,cross,0.664006,0.166756,0.124693,0.489448,-0.003514,0.220051,Bellevue_150th_SE38th
3326,cross,0.588222,0.136236,0.116426,0.48631,0.097064,0.154944,Bellevue_150th_SE38th
3327,cross,0.672866,0.162268,0.129415,0.530375,0.156483,0.153138,Bellevue_150th_SE38th
3328,cross,0.671882,0.162273,0.132523,0.593193,0.297195,0.09761,Bellevue_150th_SE38th
3329,cross,0.642392,0.155161,0.126173,0.649095,0.26451,0.0823,Bellevue_150th_SE38th
3330,cross,0.660401,0.150901,0.133716,0.611422,0.212652,0.106472,Bellevue_150th_SE38th
3331,cross,0.619678,0.137866,0.129159,0.555842,0.126878,0.102026,Bellevue_150th_SE38th
3332,cross,0.671848,0.167687,0.122907,0.531593,0.094041,0.098852,Bellevue_150th_SE38th
3333,cross,0.656616,0.158374,0.128205,0.510701,0.131228,0.076982,Bellevue_150th_SE38th
3334,cross,0.666619,0.161366,0.127582,0.517336,0.107594,0.113366,Bellevue_150th_SE38th
3335,cross,0.620373,0.141506,0.127608,0.470357,0.05754,0.178929,Bellevue_150th_SE38th
3336,cross,0.785543,0.036036,0.097368,0.50797,0.066297,0.15094,Bellevue_150th_SE38th
3337,cross,0.70861,0.04068,0.108744,0.539985,0.138808,0.106306,Bellevue_150th_SE38th
3338,cross,0.585229,0.129898,0.125764,0.633489,0.070431,0.084994,Bellevue_150th_SE38th
3339,cross,0.694449,0.173762,0.138659,0.567451,0.06548,0.123704,Bellevue_150th_SE38th
3340,cross,0.676787,0.164318,0.127144,0.76504,0.080337,0.23964,Bellevue_150th_SE38th
3341,cross,0.738896,0.056294,0.122978,0.701691,0.065659,0.261276,Bellevue_150th_SE38th
3342,cross,0.689692,0.058431,0.120555,0.675268,0.087258,0.193191,Bellevue_150th_SE38th
3343,cross,0.613618,0.099579,0.135168,0.600066,0.225556,0.104047,Bellevue_150th_SE38th
3344,cross,0.667124,0.155997,0.13053,0.745561,0.189636,0.068828,Bellevue_150th_SE38th
3345,cross,0.608336,0.098089,0.156009,0.712752,0.230593,0.098653,Bellevue_150th_SE38th
3346,cross,0.573227,0.136774,0.121914,0.563986,0.122197,0.112834,Bellevue_150th_SE38th
3347,cross,0.644294,0.164958,0.115519,0.520856,0.0959,0.126453,Bellevue_150th_SE38th
3348,cross,0.626495,0.166002,0.113029,0.55093,0.118417,0.098619,Bellevue_150th_SE38th
3349,cross,0.658999,0.17162,0.114333,0.569388,0.07794,0.10705,Bellevue_150th_SE38th
3350,cross,0.654562,0.16118,0.123643,0.646126,0.218667,0.081243,Bellevue_150th_SE38th
3351,cross,0.685777,0.157494,0.13184,0.759842,0.281022,0.122394,Bellevue_150th_SE38th
3352,cross,0.622352,0.105477,0.144936,0.686469,0.245166,0.108028,Bellevue_150th_SE38th
3353,cross,0.590012,0.130537,0.131445,0.627013,0.193613,0.071565,Bellevue_150th_SE38th
3354,cross,0.621305,0.149205,0.128804,0.618309,0.083036,0.129842,Bellevue_150th_SE38th
3355,cross,0.637346,0.159816,0.119066,0.573005,0.097779,0.144256,Bellevue_150th_SE38th
3356,cross,0.650201,0.161713,0.126061,0.527045,0.065501,0.159658,Bellevue_150th_SE38th
3357,cross,0.642879,0.163879,0.112776,0.651048,0.154203,0.155431,Bellevue_150th_SE38th
3358,cross,0.679407,0.164743,0.124291,0.648479,0.170117,0.12635,Bellevue_150th_SE38th
3359,cross,0.668585,0.154997,0.131689,0.691154,0.237757,0.121115,Bellevue_150th_SE38th
3360,cross,0.606661,0.120575,0.134184,0.713826,0.134886,0.169094,Bellevue_150th_SE38th
3361,cross,0.58137,0.098275,0.13901,0.637383,0.164108,0.201342,Bellevue_150th_SE38th
3362,cross,0.687319,0.157626,0.131208,0.519807,0.071938,0.183992,Bellevue_150th_SE38th
3363,cross,0.638662,0.148956,0.129747,0.61317,0.103935,0.205649,Bellevue_150th_SE38th
3364,cross,0.597825,0.105632,0.146225,0.554504,0.100755,0.231523,Bellevue_150th_SE38th
3365,cross,0.551336,0.112206,0.122039,0.625209,0.058937,0.267892,Bellevue_150th_SE38th
3366,cross,0.682883,0.068394,0.136113,0.655624,0.220705,0.27341,Bellevue_150th_SE38th
3367,cross,0.570268,0.08934,0.136947,0.674274,0.103917,0.245874,Bellevue_150th_SE38th
3368,cross,0.61994,0.14004,0.122283,0.662432,0.196809,0.175419,Bellevue_150th_SE38th
3369,cross,0.675745,0.160913,0.131797,0.754266,0.200141,0.230851,Bellevue_150th_SE38th
3370,cross,0.536387,0.120801,0.109912,0.620467,0.147204,0.19858,Bellevue_150th_SE38th
3371,cross,0.672419,0.150799,0.130505,0.443287,0.071488,0.198054,Bellevue_150th_SE38th
3372,cross,0.588095,0.130906,0.12686,0.578824,0.211256,0.205946,Bellevue_150th_SE38th
3373,cross,0.573072,0.100421,0.133792,0.45283,0.163555,0.125936,Bellevue_150th_SE38th
3374,cross,0.659007,0.146604,0.127296,0.567136,0.244633,0.131577,Bellevue_150th_SE38th
3375,cross,0.623057,0.087761,0.137448,0.600665,0.129896,0.165063,Bellevue_150th_SE38th
3376,cross,0.611032,0.158461,0.112447,0.634622,0.070407,0.17649,Bellevue_150th_SE38th
3377,cross,0.646181,0.157115,0.116848,0.596334,0.074011,0.161411,Bellevue_150th_SE38th
3378,cross,0.685998,0.159588,0.129905,0.613477,0.076769,0.193084,Bellevue_150th_SE38th
3379,cross,0.582422,0.120435,0.12417,0.562608,0.079251,0.135636,Bellevue_150th_SE38th
3380,cross,0.556205,0.129644,0.113861,0.605024,0.134553,0.123115,Bellevue_150th_SE38th
3381,cross,0.569067,0.128559,0.113954,0.703812,0.138938,0.161931,Bellevue_150th_SE38th
3382,cross,0.566025,0.12804,0.11602,0.559239,0.155079,0.095812,Bellevue_150th_SE38th
3383,cross,0.551583,0.131974,0.110902,0.664656,0.136351,0.097943,Bellevue_150th_SE38th
3384,cross,0.673752,0.162935,0.128288,0.631915,0.087919,0.12967,Bellevue_150th_SE38th
3385,cross,0.66207,0.162685,0.121346,0.914345,0.177538,0.279862,Bellevue_150th_SE38th
3386,cross,0.565851,0.11223,0.127916,0.654482,0.091926,0.207892,Bellevue_150th_SE38th
3387,cross,0.55216,0.115671,0.120188,0.643937,0.17029,0.14898,Bellevue_150th_SE38th
3388,cross,0.56911,0.126533,0.123308,0.631024,0.215003,0.074837,Bellevue_150th_SE38th
3389,cross,0.561457,0.123472,0.119289,0.532073,0.141435,0.073919,Bellevue_150th_SE38th
3390,cross,0.572708,0.147205,0.108529,0.411423,0.099629,0.072494,Bellevue_150th_SE38th
3391,cross,0.548271,0.143823,0.104671,0.45705,0.081095,0.095751,Bellevue_150th_SE38th
3392,cross,0.653933,0.166911,0.120359,0.476272,0.033174,0.169779,Bellevue_150th_SE38th
3393,cross,0.550028,0.142589,0.103871,0.515112,0.07196,0.119782,Bellevue_150th_SE38th
3394,cross,0.616748,0.150051,0.124032,0.617353,0.100608,0.118683,Bellevue_150th_SE38th
3395,cross,0.684357,0.169133,0.132258,0.741649,0.130952,0.073502,Bellevue_150th_SE38th
3396,cross,0.547693,0.119845,0.120353,0.749435,0.145149,0.13222,Bellevue_150th_SE38th
3397,cross,0.538167,0.11953,0.108007,0.612207,0.116421,0.084141,Bellevue_150th_SE38th
3398,cross,0.596247,0.152032,0.119034,0.53716,0.093913,0.080183,Bellevue_150th_SE38th
3399,cross,0.643594,0.161492,0.119744,0.525968,0.062945,0.070058,Bellevue_150th_SE38th
3400,cross,0.644989,0.158537,0.118643,0.677877,0.164679,0.070543,Bellevue_150th_SE38th
3401,cross,0.682381,0.162265,0.130468,0.771484,0.165166,0.077625,Bellevue_150th_SE38th
3402,cross,0.573268,0.094608,0.140778,0.717152,0.258401,0.073207,Bellevue_150th_SE38th
3403,cross,0.593783,0.123371,0.124494,0.691905,0.264769,0.024941,Bellevue_150th_SE38th
3404,cross,0.581406,0.117507,0.132663,0.703308,0.266189,0.07796,Bellevue_150th_SE38th
3405,cross,0.644441,0.067346,0.129835,0.698203,0.303163,0.0316,Bellevue_150th_SE38th
3406,cross,0.609347,0.158151,0.110849,0.722208,0.269098,0.062686,Bellevue_150th_SE38th
3407,cross,0.663832,0.167322,0.12664,0.64803,0.221184,0.08794,Bellevue_150th_SE38th
3408,cross,0.662115,0.166649,0.126629,0.632491,0.263069,0.042623,Bellevue_150th_SE38th
3409,cross,0.650606,0.159182,0.129139,0.607896,0.282938,0.027368,Bellevue_150th_SE38th
3410,cross,0.603157,0.141224,0.126229,0.721603,0.26557,0.077952,Bellevue_150th_SE38th
3411,cross,0.721089,0.066652,0.113131,0.56325,0.1456,0.051764,Bellevue_150th_SE38th
3412,cross,0.567612,0.152579,0.107831,0.4906,0.056089,0.052695,Bellevue_150th_SE38th
3413,cross,0.579558,0.158217,0.103059,0.495104,0.048672,0.100444,Bellevue_150th_SE38th
3414,cross,0.643274,0.169529,0.1043,0.597896,0.168814,0.102667,Bellevue_150th_SE38th
3415,cross,0.63735,0.160046,0.115904,0.557793,0.203268,0.174317,Bellevue_150th_SE38th
3416,cross,0.587509,0.125992,0.101777,0.536808,0.17867,0.166511,Bellevue_150th_SE38th
3417,cross,0.643158,0.050284,0.091859,0.663608,0.26371,0.068711,Bellevue_150th_SE38th
3418,cross,0.665085,0.151948,0.127829,0.68144,0.225348,0.103692,Bellevue_150th_SE38th
3419,cross,0.578678,0.133778,0.121209,0.717467,0.191867,0.11997,Bellevue_150th_SE38th
3420,cross,0.654482,0.154677,0.126428,0.685823,0.108165,0.166724,Bellevue_150th_SE38th
3421,cross,0.613709,0.139863,0.126475,0.467372,0.086199,0.129862,Bellevue_150th_SE38th
3422,cross,0.630915,0.148366,0.122044,0.577837,0.158538,0.12969,Bellevue_150th_SE38th
3423,cross,0.576478,0.111977,0.127744,0.690066,0.24491,0.127876,Bellevue_150th_SE38th
3424,cross,0.546703,0.114633,0.123793,0.555074,0.2375,0.077309,Bellevue_150th_SE38th
3425,cross,0.585545,0.090959,0.136266,0.659002,0.290217,0.102536,Bellevue_150th_SE38th
3426,cross,0.656368,0.0795,0.143696,0.653688,0.14973,0.175856,Bellevue_150th_SE38th
3427,cross,0.530263,0.128097,0.105302,0.613483,0.130493,0.17958,Bellevue_150th_SE38th
3428,cross,0.642716,0.153678,0.130114,0.550684,0.177836,0.097568,Bellevue_150th_SE38th
3429,cross,0.592667,0.145633,0.115004,0.526194,0.207227,0.061884,Bellevue_150th_SE38th
3430,cross,0.626301,0.144338,0.117408,0.603992,0.253137,0.068053,Bellevue_150th_SE38th
3431,cross,0.605644,0.123517,0.111599,0.647328,0.312264,0.118649,Bellevue_150th_SE38th
3432,cross,0.564255,0.112621,0.124798,0.489342,0.179241,0.079988,Bellevue_150th_SE38th
3433,cross,0.597632,0.145716,0.114157,0.541927,0.051022,0.133044,Bellevue_150th_SE38th
3434,cross,0.615744,0.146242,0.124131,0.658599,0.205926,0.14442,Bellevue_150th_SE38th
3435,cross,0.652467,0.131303,0.134194,0.646937,0.215496,0.084729,Bellevue_150th_SE38th
3436,cross,0.602616,0.130295,0.117673,0.708046,0.227519,0.101335,Bellevue_150th_SE38th
3437,cross,0.563717,0.122609,0.125177,0.599308,0.219931,0.053719,Bellevue_150th_SE38th
3438,cross,0.550883,0.111084,0.125464,0.560596,0.203733,0.03975,Bellevue_150th_SE38th
3439,cross,0.627221,0.165542,0.114013,0.687659,0.250585,0.047785,Bellevue_150th_SE38th
3440,cross,0.574851,0.15884,0.102399,0.690142,0.215472,0.062676,Bellevue_150th_SE38th
3441,cross,0.615738,0.16696,0.118523,0.704385,0.244546,0.035662,Bellevue_150th_SE38th
3442,cross,0.639372,0.170562,0.110895,0.623292,0.108236,0.076809,Bellevue_150th_SE38th
3443,cross,0.642086,0.160648,0.112781,0.683535,0.044996,0.165454,Bellevue_150th_SE38th
3444,cross,0.594644,0.121437,0.117434,0.596438,0.053199,0.107553,Bellevue_150th_SE38th
3445,cross,0.59997,0.106257,0.150753,0.624836,0.16,0.089719,Bellevue_150th_SE38th
3446,cross,0.610877,0.138448,0.131265,0.521016,0.085968,0.10215,Bellevue_150th_SE38th
3447,cross,0.686836,0.170689,0.13633,0.53664,0.049524,0.111468,Bellevue_150th_SE38th
3448,cross,0.605674,0.13002,0.134852,0.606733,0.117979,0.164873,Bellevue_150th_SE38th
3449,cross,0.53865,0.11836,0.1119,0.619506,0.137913,0.096109,Bellevue_150th_SE38th
3450,cross,0.683226,0.102596,0.138408,0.693623,0.187345,0.154073,Bellevue_150th_SE38th
3451,cross,0.5551,0.12804,0.114148,0.706034,0.189104,0.135851,Bellevue_150th_SE38th
3452,cross,0.658462,0.152045,0.127344,0.703737,0.193498,0.113695,Bellevue_150th_SE38th
3453,cross,0.653185,0.153317,0.132912,0.682015,0.133995,0.09444,Bellevue_150th_SE38th
3454,cross,0.572119,0.130743,0.112442,0.697851,0.137804,0.128195,Bellevue_150th_SE38th
3455,cross,0.559483,0.140297,0.114286,0.596192,0.07887,0.179991,Bellevue_150th_SE38th
3456,cross,0.675755,0.170358,0.12538,0.685412,0.097302,0.182268,Bellevue_150th_SE38th
3457,cross,0.605353,0.161728,0.101522,0.674262,0.173092,0.149458,Bellevue_150th_SE38th
3458,cross,0.703426,0.165274,0.060618,0.582386,0.222998,0.062205,Bellevue_150th_SE38th
3459,cross,0.600455,0.076677,0.113572,0.619714,0.254545,0.063043,Bellevue_150th_SE38th
3460,cross,0.636398,0.119007,0.13301,0.682341,0.271674,0.094555,Bellevue_150th_SE38th
3461,cross,0.630843,0.15718,0.120906,0.73944,0.258254,0.214441,Bellevue_150th_SE38th
3462,cross,0.583819,0.148952,0.120961,0.789277,0.25626,0.178034,Bellevue_150th_SE38th
3463,cross,0.603459,0.133784,0.132546,0.676351,0.167834,0.125149,Bellevue_150th_SE38th
3464,cross,0.647558,0.169146,0.11214,0.636088,0.209245,0.177451,Bellevue_150th_SE38th
3465,cross,0.652961,0.171764,0.118551,0.641892,0.186449,0.220785,Bellevue_150th_SE38th
3466,cross,0.629033,0.16177,0.116138,0.586349,0.155564,0.133461,Bellevue_150th_SE38th
3467,cross,0.631962,0.148943,0.121078,0.700044,0.18547,0.164202,Bellevue_150th_SE38th
3468,cross,0.53352,0.116308,0.109928,0.638619,0.201516,0.133704,Bellevue_150th_SE38th
3469,cross,0.535265,0.123726,0.11237,0.661913,0.274955,0.107873,Bellevue_150th_SE38th
3470,cross,0.572603,0.093049,0.138211,0.703194,0.38357,0.062438,Bellevue_150th_SE38th
3471,cross,0.646949,0.06537,0.136311,0.719961,0.245943,0.138894,Bellevue_150th_SE38th
3472,cross,0.60029,0.140858,0.12162,0.739298,0.219231,0.109951,Bellevue_150th_SE38th
3473,cross,0.572697,0.120006,0.129843,0.54472,0.137574,0.096455,Bellevue_150th_SE38th
3474,cross,0.688216,0.156369,0.132161,0.696061,0.170217,0.167471,Bellevue_150th_SE38th
3475,cross,0.569919,0.114667,0.131693,0.544921,0.068453,0.163012,Bellevue_150th_SE38th
3476,cross,0.602954,0.11392,0.129658,0.54033,0.104752,0.151899,Bellevue_150th_SE38th
3477,cross,0.574965,0.107088,0.131583,0.591074,0.096842,0.129437,Bellevue_150th_SE38th
3478,cross,0.55964,0.112578,0.121797,0.628316,0.059921,0.136333,Bellevue_150th_SE38th
3479,cross,0.618226,0.128255,0.136569,0.645788,0.068698,0.121456,Bellevue_150th_SE38th
3480,cross,0.64838,0.142982,0.11741,0.739567,0.118502,0.13788,Bellevue_150th_SE38th
3481,cross,0.567753,0.100667,0.128928,0.723472,0.183382,0.123237,Bellevue_150th_SE38th
3482,cross,0.639594,0.128707,0.137351,0.713085,0.182918,0.123665,Bellevue_150th_SE38th
3483,cross,0.543671,0.109761,0.12151,0.6668,0.200003,0.071,Bellevue_150th_SE38th
3484,cross,0.659209,0.118712,0.128251,0.769738,0.146204,0.129972,Bellevue_150th_SE38th
3485,cross,0.525433,0.110868,0.104297,0.610718,0.198585,0.069512,Bellevue_150th_SE38th
3486,cross,0.523275,0.12104,0.107437,0.535843,0.128381,0.044391,Bellevue_150th_SE38th
3487,cross,0.607457,0.142868,0.118135,0.637348,0.103103,0.092428,Bellevue_150th_SE38th
3488,cross,0.648118,0.158852,0.13425,0.471716,0.050874,0.06247,Bellevue_150th_SE38th
3489,cross,0.609685,0.141127,0.120424,0.482916,0.086121,0.069949,Bellevue_150th_SE38th
3490,cross,0.620299,0.145191,0.115242,0.635794,0.121896,0.066512,Bellevue_150th_SE38th
3491,cross,0.677359,0.14403,0.134896,0.615533,0.169342,0.12437,Bellevue_150th_SE38th
3492,cross,0.550062,0.077342,0.126016,0.488978,0.194698,0.043683,Bellevue_150th_SE38th
3493,cross,0.532016,0.138045,0.103796,0.610903,0.244177,0.059101,Bellevue_150th_SE38th
3494,cross,0.585302,0.157491,0.109438,0.606901,0.299968,0.078448,Bellevue_150th_SE38th
3495,cross,0.590888,0.153601,0.10895,0.589278,0.205999,0.104711,Bellevue_150th_SE38th
3496,cross,0.617586,0.143284,0.113431,0.753781,0.240105,0.100249,Bellevue_150th_SE38th
3497,cross,0.578394,0.097008,0.144533,0.682676,0.189866,0.101729,Bellevue_150th_SE38th
3498,cross,0.658807,0.154408,0.127789,0.717406,0.209044,0.151813,Bellevue_150th_SE38th
3499,cross,0.573594,0.133707,0.123118,0.67642,0.181641,0.130796,Bellevue_150th_SE38th
3500,cross,0.577663,0.154167,0.100358,0.70236,0.117137,0.147538,Bellevue_150th_SE38th
3501,cross,0.657538,0.162884,0.131572,0.628926,0.09665,0.123192,Bellevue_150th_SE38th
3502,cross,0.628963,0.07232,0.08951,0.669033,0.113052,0.112046,Bellevue_150th_SE38th
3503,cross,0.672771,0.046495,0.111875,0.676644,0.179541,0.093058,Bellevue_150th_SE38th
3504,cross,0.597774,0.075197,0.133145,0.620276,0.301818,0.037475,Bellevue_150th_SE38th
3505,cross,0.736136,0.037063,0.108125,0.688757,0.28707,0.046591,Bellevue_150th_SE38th
3506,cross,0.596055,0.074489,0.128949,0.645737,0.125982,0.110801,Bellevue_150th_SE38th
3507,cross,0.621267,0.098033,0.14066,0.632993,0.045619,0.211448,Bellevue_150th_SE38th
3508,cross,0.637319,0.152492,0.126532,0.556978,0.023614,0.195665,Bellevue_150th_SE38th
3509,cross,0.582536,0.151227,0.104537,0.556984,0.093648,0.090281,Bellevue_150th_SE38th
3510,cross,0.637322,0.149311,0.126346,0.662176,0.112159,0.145062,Bellevue_150th_SE38th
3511,cross,0.588445,0.121674,0.141885,0.505646,0.154597,0.070838,Bellevue_150th_SE38th
3512,cross,0.539474,0.122617,0.114655,0.61111,0.193085,0.06641,Bellevue_150th_SE38th
3513,cross,0.552546,0.13554,0.111562,0.615506,0.109539,0.047326,Bellevue_150th_SE38th
3514,cross,0.633184,0.144705,0.13204,0.568426,0.171958,0.105211,Bellevue_150th_SE38th
3515,cross,0.593081,0.131703,0.132335,0.532174,0.178284,0.049369,Bellevue_150th_SE38th
3516,cross,0.656121,0.045817,0.112334,0.565359,0.216714,0.038327,Bellevue_150th_SE38th
3517,cross,0.635031,0.148062,0.123766,0.765337,0.439564,0.111172,Bellevue_150th_SE38th
3518,cross,0.585765,0.122095,0.136746,0.836782,0.406233,0.13565,Bellevue_150th_SE38th
3519,cross,0.535863,0.103168,0.128321,0.702089,0.275967,0.071815,Bellevue_150th_SE38th
3520,cross,0.536541,0.133737,0.113627,0.691284,0.179511,0.15658,Bellevue_150th_SE38th
3521,cross,0.52298,0.129626,0.103623,0.494583,0.051926,0.145836,Bellevue_150th_SE38th
3522,cross,0.638948,0.157995,0.12265,0.511721,0.072823,0.136365,Bellevue_150th_SE38th
3523,cross,0.612648,0.146553,0.117075,0.558306,0.108056,0.110796,Bellevue_150th_SE38th
3524,cross,0.623391,0.149955,0.118241,0.73063,0.198982,0.086368,Bellevue_150th_SE38th
3525,cross,0.573561,0.136604,0.117643,0.717026,0.181944,0.148775,Bellevue_150th_SE38th
3526,cross,0.534631,0.127245,0.109128,0.632891,0.219912,0.119968,Bellevue_150th_SE38th
3527,cross,0.628137,0.168223,0.108927,0.523694,0.133656,0.128526,Bellevue_150th_SE38th
3528,cross,0.639789,0.167035,0.124068,0.50992,0.129651,0.097364,Bellevue_150th_SE38th
3529,cross,0.626905,0.148972,0.122402,0.547564,0.047817,0.170454,Bellevue_150th_SE38th
3530,cross,0.593919,0.14599,0.116147,0.632288,0.136485,0.184088,Bellevue_150th_SE38th
3531,cross,0.561384,0.130294,0.122005,0.695237,0.099209,0.306665,Bellevue_150th_SE38th
3532,cross,0.546493,0.123078,0.113205,0.631923,0.134851,0.173805,Bellevue_150th_SE38th
3533,cross,0.547785,0.124233,0.114104,0.595099,0.081898,0.082131,Bellevue_150th_SE38th
3534,cross,0.642164,0.15679,0.118933,0.595703,0.074103,0.135484,Bellevue_150th_SE38th
3535,cross,0.53983,0.134193,0.104757,0.487272,0.160994,0.069399,Bellevue_150th_SE38th
3536,cross,0.595861,0.127902,0.12743,0.501209,0.104432,0.118928,Bellevue_150th_SE38th
3537,cross,0.633944,0.064539,0.134403,0.501762,0.089939,0.080765,Bellevue_150th_SE38th
3538,cross,0.54895,0.121226,0.123171,0.466845,0.147808,0.056493,Bellevue_150th_SE38th
3539,cross,0.572349,0.140214,0.113878,0.344883,0.077825,0.026828,Bellevue_150th_SE38th
3540,cross,0.605709,0.14487,0.112886,0.650623,0.116744,0.066817,Bellevue_150th_SE38th
3541,cross,0.641151,0.157331,0.123184,0.749188,0.136222,0.140002,Bellevue_150th_SE38th
3542,cross,0.53561,0.124761,0.111327,0.834626,0.249063,0.113706,Bellevue_150th_SE38th
3543,cross,0.53687,0.117196,0.108895,0.635878,0.149865,0.06299,Bellevue_150th_SE38th
3544,cross,0.547454,0.138562,0.103953,0.465631,0.086941,0.069758,Bellevue_150th_SE38th
3545,cross,0.63513,0.154684,0.123243,0.410107,0.031257,0.112323,Bellevue_150th_SE38th
3546,cross,0.587199,0.145156,0.114157,0.476665,0.105098,0.091764,Bellevue_150th_SE38th
3547,cross,0.608925,0.1466,0.118058,0.494961,0.109135,0.068212,Bellevue_150th_SE38th
3548,cross,0.65848,0.153048,0.131771,0.679264,0.215093,0.042273,Bellevue_150th_SE38th
3549,cross,0.530874,0.121175,0.111298,0.6886,0.219958,0.02451,Bellevue_150th_SE38th
3550,cross,0.565964,0.128386,0.119763,0.609509,0.214994,0.046717,Bellevue_150th_SE38th
3551,cross,0.572652,0.149358,0.106555,0.535035,0.170268,0.086338,Bellevue_150th_SE38th
3552,cross,0.663466,0.152663,0.128226,0.49946,0.141915,0.074205,Bellevue_150th_SE38th
3553,cross,0.623685,0.147363,0.130192,0.488981,0.169778,0.058315,Bellevue_150th_SE38th
3554,cross,0.59678,0.125782,0.129502,0.461274,0.167821,0.064302,Bellevue_150th_SE38th
3555,cross,0.5734,0.113651,0.134772,0.391554,0.064011,0.04832,Bellevue_150th_SE38th
3556,cross,0.556528,0.118699,0.117542,0.443202,0.099501,0.041648,Bellevue_150th_SE38th
3557,cross,0.543934,0.113616,0.121321,0.623702,0.14225,0.112242,Bellevue_150th_SE38th
3558,cross,0.594732,0.127866,0.127804,0.588639,0.104625,0.056517,Bellevue_150th_SE38th
3559,cross,0.586924,0.109054,0.13069,0.661175,0.232276,0.077994,Bellevue_150th_SE38th
3560,cross,0.654712,0.148658,0.12532,0.672327,0.152749,0.083621,Bellevue_150th_SE38th
3561,cross,0.543248,0.110768,0.119006,0.671782,0.082814,0.109411,Bellevue_150th_SE38th
3562,cross,0.551108,0.118774,0.119264,0.654294,0.055704,0.160077,Bellevue_150th_SE38th
3563,cross,0.587101,0.103296,0.14674,0.65673,0.022332,0.181975,Bellevue_150th_SE38th
3564,cross,0.659512,0.071576,0.140009,0.558394,0.053843,0.170567,Bellevue_150th_SE38th
3565,cross,0.520976,0.120937,0.108663,0.446842,0.075305,0.04597,Bellevue_150th_SE38th
3566,cross,0.596034,0.160788,0.101196,0.520417,0.061614,0.087691,Bellevue_150th_SE38th
3567,cross,0.608129,0.154603,0.11058,0.58556,0.13692,0.061023,Bellevue_150th_SE38th
3568,cross,0.572167,0.123029,0.127722,0.639973,0.226481,0.017447,Bellevue_150th_SE38th
3569,cross,0.543569,0.120547,0.119881,0.547727,0.231762,0.03422,Bellevue_150th_SE38th
3570,cross,0.539386,0.124596,0.112523,0.59606,0.164848,0.070035,Bellevue_150th_SE38th
3571,cross,0.545954,0.120652,0.122825,0.717047,0.1571,0.058898,Bellevue_150th_SE38th
3572,cross,0.555237,0.126674,0.124005,0.596511,0.165811,0.001667,Bellevue_150th_SE38th
3573,cross,0.518459,0.12842,0.103058,0.573127,0.070628,0.021211,Bellevue_150th_SE38th
3574,cross,0.631803,0.154407,0.120692,0.599465,0.070077,0.079749,Bellevue_150th_SE38th
3575,cross,0.621932,0.149328,0.118195,0.583206,0.133761,0.025044,Bellevue_150th_SE38th
3576,cross,0.61024,0.134883,0.11861,0.665001,0.084104,0.067048,Bellevue_150th_SE38th
3577,cross,0.552599,0.114304,0.125912,0.720396,0.197301,0.033996,Bellevue_150th_SE38th
3578,cross,0.534347,0.117546,0.116273,0.657909,0.165994,0.056119,Bellevue_150th_SE38th
3579,cross,0.534912,0.114218,0.117776,0.593139,0.146415,0.030935,Bellevue_150th_SE38th
3580,cross,0.528182,0.127672,0.106407,0.537232,0.081689,0.123953,Bellevue_150th_SE38th
3581,cross,0.652485,0.159754,0.133178,0.599904,0.132205,0.052281,Bellevue_150th_SE38th
3582,cross,0.65308,0.155315,0.119422,0.724135,0.088368,0.09185,Bellevue_150th_SE38th
3583,cross,0.552961,0.113224,0.125424,0.580638,0.16056,0.050002,Bellevue_150th_SE38th
3584,cross,0.543949,0.11224,0.120972,0.635606,0.158372,0.089323,Bellevue_150th_SE38th
3585,cross,0.530525,0.121886,0.112039,0.667426,0.141736,0.135296,Bellevue_150th_SE38th
3586,cross,0.54727,0.110174,0.122401,0.703239,0.199271,0.177983,Bellevue_150th_SE38th
3587,cross,0.533454,0.092916,0.129212,0.654556,0.232657,0.080374,Bellevue_150th_SE38th
3588,cross,0.589123,0.120003,0.132023,0.660049,0.151588,0.11183,Bellevue_150th_SE38th
3589,cross,0.557566,0.130658,0.115126,0.677098,0.15172,0.131842,Bellevue_150th_SE38th
3590,cross,0.654471,0.151815,0.124086,0.567652,0.133146,0.082364,Bellevue_150th_SE38th
3591,cross,0.530667,0.133162,0.10128,0.425255,0.106236,0.055322,Bellevue_150th_SE38th
3592,cross,0.597456,0.137063,0.109321,0.587282,0.114785,0.027239,Bellevue_150th_SE38th
3593,cross,0.634799,0.154834,0.105637,0.43236,0.071334,0.050148,Bellevue_150th_SE38th
3594,cross,0.533354,0.11752,0.117198,0.554758,0.106076,0.029792,Bellevue_150th_SE38th
3595,cross,0.539331,0.110602,0.121506,0.654424,0.105614,0.099361,Bellevue_150th_SE38th
3596,cross,0.650345,0.148862,0.127044,0.552459,0.036534,0.064265,Bellevue_150th_SE38th
3597,cross,0.607148,0.131012,0.127671,0.642596,0.106854,0.044495,Bellevue_150th_SE38th
3598,cross,0.65589,0.123628,0.129415,0.682689,0.118512,0.076714,Bellevue_150th_SE38th
3599,cross,0.54698,0.112635,0.125527,0.62358,0.167763,0.054085,Bellevue_150th_SE38th
3600,cross,0.561852,0.119224,0.123661,0.670015,0.282023,0.039168,Bellevue_150th_SE38th
3601,cross,0.544085,0.116458,0.121377,0.78603,0.318409,0.101535,Bellevue_150th_SE38th
3602,cross,0.55182,0.119902,0.13046,0.675015,0.188849,0.04715,Bellevue_150th_SE38th
3603,cross,0.518674,0.119968,0.107104,0.508366,0.119391,0.0383,Bellevue_150th_SE38th
3604,cross,0.641484,0.155336,0.1195,0.543803,0.045862,0.196196,Bellevue_150th_SE38th
3605,cross,0.557695,0.130427,0.116725,0.599475,0.230518,0.023165,Bellevue_150th_SE38th
3606,cross,0.639832,0.147649,0.123017,0.634431,0.174879,0.05554,Bellevue_150th_SE38th
3607,cross,0.596458,0.083832,0.14156,0.682644,0.232797,0.056151,Bellevue_150th_SE38th
3608,cross,0.561844,0.105023,0.131294,0.634229,0.247529,0.06023,Bellevue_150th_SE38th
3609,cross,0.529706,0.122469,0.114738,0.581904,0.183509,0.031257,Bellevue_150th_SE38th
3610,cross,0.538441,0.13007,0.11449,0.536343,0.141737,0.024168,Bellevue_150th_SE38th
3611,cross,0.541407,0.135311,0.108124,0.426161,0.063338,0.02188,Bellevue_150th_SE38th
3612,cross,0.620685,0.141462,0.128559,0.454318,0.072393,0.05165,Bellevue_150th_SE38th
3613,cross,0.608868,0.146283,0.117377,0.560701,0.142097,0.059549,Bellevue_150th_SE38th
3614,cross,0.637181,0.149034,0.124796,0.734095,0.15112,0.070175,Bellevue_150th_SE38th
3615,cross,0.566551,0.117296,0.131543,0.80822,0.193568,0.083747,Bellevue_150th_SE38th
3616,cross,0.560314,0.114683,0.133281,0.825979,0.1632,0.132288,Bellevue_150th_SE38th
3617,cross,0.547007,0.129843,0.110218,0.619164,0.147993,0.077683,Bellevue_150th_SE38th
3618,cross,0.652744,0.158879,0.130361,0.63418,0.102357,0.085206,Bellevue_150th_SE38th
3619,cross,0.664669,0.15607,0.127212,0.586922,0.072116,0.077537,Bellevue_150th_SE38th
3620,cross,0.635346,0.119307,0.146422,0.604734,0.153098,0.045609,Bellevue_150th_SE38th
3621,cross,0.549971,0.120128,0.126475,0.595457,0.195303,0.056941,Bellevue_150th_SE38th
3622,cross,0.593501,0.091393,0.148515,0.582956,0.247666,0.004167,Bellevue_150th_SE38th
3623,cross,0.598967,0.090689,0.130557,0.612369,0.240947,0.01805,Bellevue_150th_SE38th
3624,cross,0.535525,0.119199,0.112804,0.584329,0.067449,0.172052,Bellevue_150th_SE38th
3625,cross,0.621129,0.142911,0.120794,0.533888,-0.022562,0.150205,Bellevue_150th_SE38th
3626,cross,0.598882,0.133701,0.123106,0.458164,0.081502,0.058755,Bellevue_150th_SE38th
3627,cross,0.653385,0.146657,0.130924,0.425633,0.06295,0.007407,Bellevue_150th_SE38th
3628,cross,0.542816,0.102183,0.130429,0.468576,0.143975,0.029096,Bellevue_150th_SE38th
3629,cross,0.612403,0.126415,0.134514,0.504434,0.171416,0.035149,Bellevue_150th_SE38th
3630,cross,0.546233,0.121141,0.117305,0.520178,0.123351,0.080578,Bellevue_150th_SE38th
3631,cross,0.619204,0.153234,0.120944,0.536726,0.092743,0.118078,Bellevue_150th_SE38th
3632,cross,0.595924,0.144445,0.115484,0.419416,0.035359,0.057111,Bellevue_150th_SE38th
3633,cross,0.59945,0.133054,0.134263,0.45245,0.076369,0.027627,Bellevue_150th_SE38th
3634,cross,0.63007,0.130127,0.127326,0.57714,0.064789,0.021112,Bellevue_150th_SE38th
3635,cross,0.560128,0.112532,0.138434,0.593702,0.052839,0.065965,Bellevue_150th_SE38th
3636,cross,0.531492,0.116154,0.116719,0.480782,0.03693,0.04397,Bellevue_150th_SE38th
3637,cross,0.515418,0.124153,0.10374,0.485999,0.061379,0.077898,Bellevue_150th_SE38th
3638,cross,0.511714,0.127292,0.102005,0.421189,0.089548,0.05117,Bellevue_150th_SE38th
3639,cross,0.589561,0.144215,0.115195,0.363056,0.063708,0.057698,Bellevue_150th_SE38th
3640,cross,0.521366,0.138422,0.093555,0.367701,0.064001,0.029945,Bellevue_150th_SE38th
3641,cross,0.605399,0.144535,0.11463,0.527486,0.067893,0.057341,Bellevue_150th_SE38th
3642,cross,0.609134,0.143707,0.119678,0.721106,0.012926,0.229195,Bellevue_150th_SE38th
3643,cross,0.546882,0.121093,0.116773,0.634219,0.110843,0.131988,Bellevue_150th_SE38th
3644,cross,0.504524,0.125439,0.090287,0.568864,0.072544,0.113521,Bellevue_150th_SE38th
3645,cross,0.571384,0.151115,0.104234,0.551427,0.107003,0.122489,Bellevue_150th_SE38th
3646,cross,0.566905,0.132884,0.116128,0.45572,0.058919,0.064555,Bellevue_150th_SE38th
3647,cross,0.613122,0.140454,0.11969,0.602517,0.134027,0.009271,Bellevue_150th_SE38th
3648,cross,0.562936,0.111906,0.08333,0.608822,0.025089,0.136457,Bellevue_150th_SE38th
3649,cross,0.530022,0.120551,0.110793,0.531154,0.100361,0.083084,Bellevue_150th_SE38th
3650,cross,0.612683,0.145167,0.121287,0.459863,0.051537,0.125602,Bellevue_150th_SE38th
3651,cross,0.562651,0.130662,0.111627,0.647624,0.11052,0.074497,Bellevue_150th_SE38th
3652,cross,0.652838,0.146843,0.13231,0.614797,0.122526,0.118806,Bellevue_150th_SE38th
3653,cross,0.548817,0.113643,0.118293,0.578878,0.145529,0.102212,Bellevue_150th_SE38th
3654,cross,0.549577,0.123743,0.115547,0.556382,0.072847,0.10255,Bellevue_150th_SE38th
3655,cross,0.614476,0.154573,0.108414,0.488916,0.076441,0.031249,Bellevue_150th_SE38th
3656,cross,0.630465,0.153976,0.071574,0.388487,0.086055,0.026068,Bellevue_150th_SE38th
3657,cross,0.625842,0.15212,0.112816,0.405609,0.046982,0.040036,Bellevue_150th_SE38th
3658,cross,0.644297,0.152925,0.124185,0.435114,0.068293,0.044555,Bellevue_150th_SE38th
3659,cross,0.634909,0.143506,0.132673,0.444753,0.024351,0.077173,Bellevue_150th_SE38th
3660,cross,0.623328,0.125335,0.13861,0.483804,0.015175,0.088522,Bellevue_150th_SE38th
3661,cross,0.562406,0.118186,0.128912,0.563197,0.063268,0.06964,Bellevue_150th_SE38th
3662,cross,0.549224,0.119877,0.122191,0.572457,0.085912,0.052198,Bellevue_150th_SE38th
3663,cross,0.618223,0.148169,0.122266,0.586486,0.065436,0.055857,Bellevue_150th_SE38th
3664,cross,0.535608,0.120188,0.092069,0.576608,0.062015,0.058732,Bellevue_150th_SE38th
3665,cross,0.659919,0.04467,0.090587,0.546539,0.117293,0.067051,Bellevue_150th_SE38th
3666,cross,0.571356,0.124157,0.123895,0.558748,0.1284,0.112564,Bellevue_150th_SE38th
3667,cross,0.564016,0.119297,0.126316,0.700021,0.184882,0.100218,Bellevue_150th_SE38th
3668,cross,0.55117,0.124927,0.121714,0.76011,0.286964,0.07058,Bellevue_150th_SE38th
3669,cross,0.573824,0.122227,0.129968,0.712471,0.170037,0.105463,Bellevue_150th_SE38th
3670,cross,0.630014,0.158241,0.116428,0.658887,0.093571,0.115022,Bellevue_150th_SE38th
3671,cross,0.658773,0.154915,0.126922,0.551382,0.126002,0.064234,Bellevue_150th_SE38th
3672,cross,0.610017,0.149494,0.119874,0.598997,0.150132,0.039766,Bellevue_150th_SE38th
3673,cross,0.610398,0.136615,0.127729,0.638889,0.206325,0.055405,Bellevue_150th_SE38th
3674,cross,0.564923,0.124271,0.127748,0.710563,0.166373,0.096183,Bellevue_150th_SE38th
3675,cross,0.546187,0.122414,0.121486,0.644522,0.13421,0.048153,Bellevue_150th_SE38th
3676,cross,0.533677,0.124489,0.11904,0.536367,0.129023,0.067584,Bellevue_150th_SE38th
3677,cross,0.558319,0.147101,0.100011,0.556764,0.106343,0.056842,Bellevue_150th_SE38th
3678,cross,0.615784,0.149335,0.120358,0.643962,0.158203,0.085374,Bellevue_150th_SE38th
3679,cross,0.569604,0.1201,0.12547,0.6273,0.252884,0.046193,Bellevue_150th_SE38th
3680,cross,0.544141,0.117746,0.120385,0.719437,0.29829,0.064852,Bellevue_150th_SE38th
3681,cross,0.56408,0.079369,0.14789,0.675959,0.279893,0.026346,Bellevue_150th_SE38th
3682,cross,0.545978,0.111961,0.10875,0.610858,0.25708,0.047721,Bellevue_150th_SE38th
3683,cross,0.562491,0.143653,0.108893,0.439399,0.108623,0.096917,Bellevue_150th_SE38th
3684,cross,0.52607,0.131716,0.110841,0.390305,0.095427,0.042305,Bellevue_150th_SE38th
3685,cross,0.626715,0.154527,0.122407,0.425148,0.09799,0.065923,Bellevue_150th_SE38th
3686,cross,0.620576,0.154022,0.108583,0.494241,0.077026,0.022681,Bellevue_150th_SE38th
3687,cross,0.623671,0.138471,0.122237,0.596444,0.062889,0.050285,Bellevue_150th_SE38th
3688,cross,0.5683,0.120121,0.126289,0.672183,0.093101,0.053669,Bellevue_150th_SE38th
3689,cross,0.534378,0.118237,0.115395,0.56123,0.123317,0.04772,Bellevue_150th_SE38th
3690,cross,0.578737,0.141361,0.116232,0.613409,0.054197,0.044503,Bellevue_150th_SE38th
3691,cross,0.521443,0.129616,0.097451,0.575234,0.055664,0.042748,Bellevue_150th_SE38th
3692,cross,0.627742,0.132087,0.127545,0.575234,0.139313,0.048036,Bellevue_150th_SE38th
3693,cross,0.557942,0.115174,0.127726,0.663472,0.267692,0.043567,Bellevue_150th_SE38th
3694,cross,0.639755,0.140507,0.137398,0.750791,0.373063,0.023407,Bellevue_150th_SE38th
3695,cross,0.535867,0.115689,0.115971,0.679558,0.298013,0.032501,Bellevue_150th_SE38th
3696,cross,0.541448,0.121546,0.107745,0.556755,0.161553,0.031578,Bellevue_150th_SE38th
3697,cross,0.53337,0.128973,0.109082,0.472476,0.086081,0.09651,Bellevue_150th_SE38th
3698,cross,0.552823,0.14446,0.104038,0.517417,0.013572,0.228369,Bellevue_150th_SE38th
3699,cross,0.484729,0.117551,0.095771,0.438631,0.088907,0.02505,Bellevue_150th_SE38th
3700,cross,0.620087,0.146125,0.114585,0.535237,0.095973,0.046458,Bellevue_150th_SE38th
3701,cross,0.630368,0.149104,0.125578,0.523343,0.060017,0.035569,Bellevue_150th_SE38th
3702,cross,0.530143,0.119829,0.11459,0.545412,0.148936,0.021362,Bellevue_150th_SE38th
3703,cross,0.571291,0.132095,0.124417,0.573589,0.111172,0.11043,Bellevue_150th_SE38th
3704,cross,0.565496,0.140173,0.111465,0.505962,0.090487,0.124856,Bellevue_150th_SE38th
3705,cross,0.582783,0.138291,0.122475,0.42017,0.055295,0.050615,Bellevue_150th_SE38th
3706,cross,0.562467,0.141917,0.109002,0.308246,0.054973,0.06504,Bellevue_150th_SE38th
3707,cross,0.614195,0.151865,0.113031,0.458455,0.124205,0.040973,Bellevue_150th_SE38th
3708,cross,0.571977,0.131924,0.11484,0.421044,0.125948,0.050642,Bellevue_150th_SE38th
3709,cross,0.571789,0.141311,0.109456,0.532295,0.151894,0.062834,Bellevue_150th_SE38th
3710,cross,0.564089,0.138201,0.110499,0.457309,0.037567,0.129336,Bellevue_150th_SE38th
3711,cross,0.547103,0.134456,0.107548,0.507797,0.033397,0.198457,Bellevue_150th_SE38th
3712,cross,0.609006,0.143445,0.127098,0.412262,0.060699,0.081862,Bellevue_150th_SE38th
3713,cross,0.537423,0.12931,0.105145,0.327501,0.051084,0.037906,Bellevue_150th_SE38th
3714,cross,0.547401,0.112112,0.122871,0.505379,0.067814,0.045357,Bellevue_150th_SE38th
3715,cross,0.669735,0.156077,0.135128,0.48096,0.065348,0.034579,Bellevue_150th_SE38th
3716,cross,0.539936,0.1139,0.121874,0.637844,0.200076,0.05169,Bellevue_150th_SE38th
3717,cross,0.554387,0.111767,0.127646,0.576115,0.148154,0.058288,Bellevue_150th_SE38th
3718,cross,0.521467,0.126882,0.107388,0.403931,0.096966,0.039335,Bellevue_150th_SE38th
3719,cross,0.594949,0.147411,0.11254,0.44393,0.053279,0.099275,Bellevue_150th_SE38th
3720,cross,0.565371,0.139717,0.103706,0.610241,0.111,0.116068,Bellevue_150th_SE38th
3721,cross,0.627086,0.138845,0.127252,0.572645,0.068468,0.109748,Bellevue_150th_SE38th
3722,cross,0.567561,0.111059,0.132831,0.590103,0.099015,0.17012,Bellevue_150th_SE38th
3723,cross,0.546467,0.125125,0.113415,0.446521,0.071588,0.142695,Bellevue_150th_SE38th
3724,cross,0.589742,0.141353,0.121443,0.407248,0.046205,0.165327,Bellevue_150th_SE38th
3725,cross,0.543978,0.134687,0.111215,0.392733,-0.000271,0.222598,Bellevue_150th_SE38th
3726,cross,0.528111,0.11679,0.11068,0.456239,0.053695,0.211509,Bellevue_150th_SE38th
3727,cross,0.529364,0.123485,0.107384,0.452579,0.04864,0.1055,Bellevue_150th_SE38th
3728,cross,0.657832,0.156249,0.126859,0.494331,0.113211,0.091438,Bellevue_150th_SE38th
3729,cross,0.542078,0.117766,0.118601,0.530585,0.159402,0.078052,Bellevue_150th_SE38th
3730,cross,0.553986,0.130247,0.110147,0.475683,0.082937,0.137014,Bellevue_150th_SE38th
3731,cross,0.593922,0.137161,0.123375,0.71257,0.15537,0.12399,Bellevue_150th_SE38th
3732,cross,0.634492,0.121904,0.130375,0.668148,0.119206,0.130913,Bellevue_150th_SE38th
3733,cross,0.545223,0.120583,0.125231,0.488895,0.103785,0.135991,Bellevue_150th_SE38th
3734,cross,0.532803,0.11745,0.117359,0.633939,0.163374,0.092735,Bellevue_150th_SE38th
3735,cross,0.534895,0.118714,0.115676,0.564787,0.191842,0.090524,Bellevue_150th_SE38th
3736,cross,0.578658,0.11121,0.127489,0.626315,0.116075,0.090674,Bellevue_150th_SE38th
3737,cross,0.545853,0.123285,0.12133,0.568547,0.186407,0.086975,Bellevue_150th_SE38th
3738,cross,0.644136,0.159841,0.117567,0.609647,0.198812,0.122878,Bellevue_150th_SE38th
3739,cross,0.4999,0.123336,0.098989,0.475189,0.144405,0.025188,Bellevue_150th_SE38th
3740,cross,0.633515,0.15604,0.113103,0.630168,0.162879,0.067752,Bellevue_150th_SE38th
3741,cross,0.60816,0.131501,0.138038,0.660128,0.256071,0.065985,Bellevue_150th_SE38th
3742,cross,0.582693,0.097642,0.143509,0.610636,0.163737,0.160922,Bellevue_150th_SE38th
3743,cross,0.525107,0.122224,0.110322,0.470745,0.07897,0.113505,Bellevue_150th_SE38th
3744,cross,0.61182,0.144464,0.121017,0.365681,0.049368,0.135282,Bellevue_150th_SE38th
3745,cross,0.644565,0.152803,0.130061,0.384001,0.061134,0.127976,Bellevue_150th_SE38th
3746,cross,0.643862,0.159222,0.114935,0.449426,0.074036,0.06086,Bellevue_150th_SE38th
3747,cross,0.663468,0.153194,0.126759,0.532948,0.10585,0.045619,Bellevue_150th_SE38th
3748,cross,0.647753,0.130489,0.144031,0.796577,0.373833,0.052546,Bellevue_150th_SE38th
3749,cross,0.57026,0.115962,0.134408,0.738297,0.376893,0.040053,Bellevue_150th_SE38th
3750,cross,0.53886,0.108121,0.120547,0.560986,0.235994,0.021157,Bellevue_150th_SE38th
3751,cross,0.519888,0.12282,0.105394,0.53899,0.160697,0.038907,Bellevue_150th_SE38th
3752,cross,0.600737,0.14632,0.119522,0.362958,0.074422,0.062966,Bellevue_150th_SE38th
3753,cross,0.525603,0.126114,0.111689,0.357234,0.096364,0.031768,Bellevue_150th_SE38th
3754,cross,0.627553,0.157443,0.10743,0.409972,0.080317,0.057494,Bellevue_150th_SE38th
3755,cross,0.617642,0.149101,0.119099,0.478056,0.111044,0.048895,Bellevue_150th_SE38th
3756,cross,0.561292,0.122632,0.120816,0.457077,0.111995,0.090707,Bellevue_150th_SE38th
3757,cross,0.524517,0.119121,0.11264,0.404212,0.109953,0.04712,Bellevue_150th_SE38th
3758,cross,0.579083,0.152036,0.107378,0.358852,0.035979,0.105503,Bellevue_150th_SE38th
3759,cross,0.49144,0.123398,0.092921,0.345401,0.125249,0.042365,Bellevue_150th_SE38th
3760,cross,0.552082,0.121237,0.121433,0.421732,0.09107,0.046927,Bellevue_150th_SE38th
3761,cross,0.620538,0.127122,0.133548,0.499651,0.156387,0.034746,Bellevue_150th_SE38th
3762,cross,0.552406,0.114799,0.125797,0.563898,0.257625,0.029462,Bellevue_150th_SE38th
3763,cross,0.505333,0.119704,0.103044,0.653794,0.20778,0.084151,Bellevue_150th_SE38th
3764,cross,0.604986,0.134228,0.128847,0.749102,0.203868,0.138947,Bellevue_150th_SE38th
3765,cross,0.658378,0.155657,0.124423,0.609746,0.149388,0.082761,Bellevue_150th_SE38th
3766,cross,0.568614,0.113997,0.129928,0.706766,0.16457,0.068043,Bellevue_150th_SE38th
3767,cross,0.570068,0.114868,0.137487,0.678729,0.1449,0.049626,Bellevue_150th_SE38th
3768,cross,0.556533,0.10373,0.125833,0.725201,0.172152,0.047945,Bellevue_150th_SE38th
3769,cross,0.554764,0.112716,0.134192,0.615385,0.133409,0.053791,Bellevue_150th_SE38th
3770,cross,0.593523,0.140144,0.116819,0.561917,0.182112,0.065433,Bellevue_150th_SE38th
3771,cross,0.676093,0.155658,0.130948,0.443078,0.137314,0.076286,Bellevue_150th_SE38th
3772,cross,0.639389,0.147821,0.121078,0.560163,0.172933,0.015773,Bellevue_150th_SE38th
3773,cross,0.644524,0.05208,0.06966,0.586923,0.17676,0.187939,Bellevue_150th_SE38th
3774,cross,0.575717,0.100498,0.13928,0.721049,0.234012,0.224282,Bellevue_150th_SE38th
3775,cross,0.540998,0.112876,0.12279,0.698675,0.210925,0.14072,Bellevue_150th_SE38th
3776,cross,0.525539,0.118629,0.113437,0.67318,0.153305,0.145174,Bellevue_150th_SE38th
3777,cross,0.512088,0.121386,0.106528,0.527702,0.108061,0.053759,Bellevue_150th_SE38th
3778,cross,0.624836,0.147145,0.115838,0.358004,0.042247,0.028609,Bellevue_150th_SE38th
3779,cross,0.54984,0.115044,0.117016,0.384606,0.043718,0.047507,Bellevue_150th_SE38th
3780,cross,0.653849,0.149214,0.124325,0.414515,0.094645,0.104963,Bellevue_150th_SE38th
3781,cross,0.664973,0.148429,0.120277,0.521455,0.107983,0.183721,Bellevue_150th_SE38th
3782,cross,0.549297,0.109592,0.125485,0.449094,0.092103,0.091167,Bellevue_150th_SE38th
3783,cross,0.550156,0.11146,0.12217,0.396857,0.09607,0.04283,Bellevue_150th_SE38th
3784,cross,0.594723,0.127543,0.124151,0.434524,0.084656,0.061351,Bellevue_150th_SE38th
3785,cross,0.511207,0.116732,0.107976,0.428989,0.083135,0.136647,Bellevue_150th_SE38th
3786,cross,0.622191,0.1515,0.116992,0.276334,0.018149,0.121837,Bellevue_150th_SE38th
3787,cross,0.61493,0.135147,0.131156,0.366308,0.045672,0.092657,Bellevue_150th_SE38th
3788,cross,0.546466,0.131805,0.107431,0.458858,0.078917,0.053906,Bellevue_150th_SE38th
3789,cross,0.619152,0.141729,0.124431,0.588476,0.181065,0.082007,Bellevue_150th_SE38th
3790,cross,0.55449,0.117817,0.124853,0.44411,0.074899,0.131643,Bellevue_150th_SE38th
3791,cross,0.593898,0.134283,0.124858,0.385556,0.045062,0.083802,Bellevue_150th_SE38th
3792,cross,0.573051,0.121595,0.128525,0.305991,0.054003,0.041008,Bellevue_150th_SE38th
3793,cross,0.595476,0.131575,0.11514,0.395244,0.127503,0.081248,Bellevue_150th_SE38th
3794,cross,0.612834,0.137363,0.118497,0.383022,0.153517,0.040183,Bellevue_150th_SE38th
3795,cross,0.645909,0.080773,0.143232,0.412762,0.170099,0.023789,Bellevue_150th_SE38th
3796,cross,0.653174,0.071886,0.137752,0.453066,0.226611,0.057672,Bellevue_150th_SE38th
3797,cross,0.538191,0.115522,0.122871,0.450245,0.164944,0.032668,Bellevue_150th_SE38th
3798,cross,0.573067,0.132427,0.125121,0.419451,-0.007536,0.07473,Bellevue_150th_SE38th
3799,cross,0.545238,0.135903,0.104538,0.364068,0.067242,0.048457,Bellevue_150th_SE38th
3800,cross,0.660611,0.155815,0.128032,0.371602,0.103057,0.019628,Bellevue_150th_SE38th
3801,cross,0.563189,0.118997,0.122163,0.403162,0.124314,0.064779,Bellevue_150th_SE38th
3802,cross,0.645799,0.147871,0.132624,0.547952,0.186247,0.135263,Bellevue_150th_SE38th
3803,cross,0.519969,0.11791,0.110746,0.568414,0.181459,0.081141,Bellevue_150th_SE38th
3804,cross,0.550961,0.118457,0.119431,0.703718,0.24912,0.084884,Bellevue_150th_SE38th
3805,cross,0.537672,0.109417,0.114664,0.64882,0.217114,0.08565,Bellevue_150th_SE38th
3806,cross,0.517043,0.123459,0.110378,0.515652,0.103066,0.12018,Bellevue_150th_SE38th
3807,cross,0.518373,0.128616,0.103349,0.385697,-0.013536,0.11328,Bellevue_150th_SE38th
3808,cross,0.595484,0.135872,0.122494,0.374034,0.018648,0.125699,Bellevue_150th_SE38th
3809,cross,0.544883,0.138593,0.105356,0.430121,0.099949,0.099866,Bellevue_150th_SE38th
3810,cross,0.569643,0.142619,0.101637,0.518155,0.155037,0.022155,Bellevue_150th_SE38th
3811,cross,0.577178,0.099774,0.142912,0.645227,0.160613,0.083366,Bellevue_150th_SE38th
3812,cross,0.581713,0.126462,0.127037,0.567973,0.126419,0.100696,Bellevue_150th_SE38th
3813,cross,0.600891,0.138116,0.120281,0.484677,0.000606,0.167042,Bellevue_150th_SE38th
3814,cross,0.544517,0.121982,0.114746,0.393017,-0.063033,0.227246,Bellevue_150th_SE38th
3815,cross,0.633124,0.144805,0.127059,0.320465,-0.063232,0.188262,Bellevue_150th_SE38th
3816,cross,0.514256,0.128268,0.095016,0.325223,0.0687,0.077058,Bellevue_150th_SE38th
3817,cross,0.642736,0.149058,0.122449,0.559102,0.265138,0.031994,Bellevue_150th_SE38th
3818,cross,0.579964,0.116548,0.132555,0.493392,0.231339,0.019971,Bellevue_150th_SE38th
3819,cross,0.585703,0.128171,0.124054,0.554524,0.184638,0.063756,Bellevue_150th_SE38th
3820,cross,0.608245,0.134662,0.125837,0.663714,0.219201,0.033249,Bellevue_150th_SE38th
3821,cross,0.549317,0.119419,0.123484,0.517,0.099171,0.031265,Bellevue_150th_SE38th
3822,cross,0.631626,0.149304,0.128243,0.423281,0.077396,0.038016,Bellevue_150th_SE38th
3823,cross,0.632466,0.151079,0.122326,0.454947,0.119959,0.036946,Bellevue_150th_SE38th
3824,cross,0.551439,0.110027,0.127415,0.493082,0.14504,0.095589,Bellevue_150th_SE38th
3825,cross,0.552774,0.117048,0.129751,0.58828,0.320635,0.087143,Bellevue_150th_SE38th
3826,cross,0.584901,0.107586,0.144385,0.610776,0.321243,0.053255,Bellevue_150th_SE38th
3827,cross,0.545617,0.085612,0.134285,0.456999,0.215645,0.037155,Bellevue_150th_SE38th
3828,cross,0.519771,0.118669,0.11145,0.342897,0.071274,0.075381,Bellevue_150th_SE38th
3829,cross,0.515579,0.12355,0.108448,0.297065,0.095775,0.02523,Bellevue_150th_SE38th
3830,cross,0.529093,0.129502,0.106311,0.333778,0.102547,0.086908,Bellevue_150th_SE38th
3831,cross,0.568261,0.138681,0.113701,0.35841,0.113568,0.013282,Bellevue_150th_SE38th
3832,cross,0.543975,0.131926,0.105578,0.334291,0.160761,0.015545,Bellevue_150th_SE38th
3833,cross,0.511171,0.102994,0.060457,0.523213,0.186167,0.147905,Bellevue_150th_SE38th
3834,cross,0.604341,0.106364,0.133712,0.624412,0.244199,0.18817,Bellevue_150th_SE38th
3835,cross,0.541345,0.112319,0.115935,0.725962,0.262752,0.223925,Bellevue_150th_SE38th
3836,cross,0.54957,0.110577,0.117222,0.61079,0.234101,0.171641,Bellevue_150th_SE38th
3837,cross,0.613954,0.139987,0.121605,0.447894,0.066178,0.205076,Bellevue_150th_SE38th
3838,cross,0.60075,0.154314,0.106946,0.360782,0.019199,0.113,Bellevue_150th_SE38th
3839,cross,0.620896,0.141333,0.123584,0.277125,0.059743,0.10002,Bellevue_150th_SE38th
3840,cross,0.610948,0.143113,0.11969,0.347107,0.103958,0.068993,Bellevue_150th_SE38th
3841,cross,0.60392,0.132548,0.111693,0.553652,0.209492,0.081911,Bellevue_150th_SE38th
3842,cross,0.590303,0.126441,0.126596,0.540018,0.054405,0.15511,Bellevue_150th_SE38th
3843,cross,0.545538,0.11724,0.125823,0.577057,0.154691,0.160207,Bellevue_150th_SE38th
3844,cross,0.538324,0.108586,0.120869,0.580719,0.133987,0.147025,Bellevue_150th_SE38th
3845,cross,0.521172,0.118814,0.110162,0.543997,0.129966,0.120559,Bellevue_150th_SE38th
3846,cross,0.59124,0.147155,0.110323,0.549433,0.121671,0.14715,Bellevue_150th_SE38th
3847,cross,0.63971,0.15153,0.120205,0.636364,0.045455,0.227273,Bellevue_150th_SE38th
3848,cross,0.700936,0.059038,0.061857,0.636364,0.045455,0.227273,Bellevue_150th_SE38th
3849,cross,0.620919,0.042537,0.061102,0.636364,0.045455,0.227273,Bellevue_150th_SE38th
3850,cross,0.6223,0.041737,0.061948,0.669633,0.126985,0.152359,Bellevue_150th_SE38th
3851,cross,0.633953,0.049648,0.100658,0.721823,0.325198,0.020453,Bellevue_150th_SE38th
3852,cross,0.523761,0.121885,0.11083,0.554788,0.151902,0.074142,Bellevue_150th_SE38th
3853,cross,0.634065,0.150573,0.121982,0.499515,0.049875,0.104086,Bellevue_150th_SE38th
3854,cross,0.638965,0.145051,0.124251,0.480666,0.07549,0.06959,Bellevue_150th_SE38th
3855,cross,0.594171,0.140826,0.117038,0.475591,0.082578,0.044947,Bellevue_150th_SE38th
3856,cross,0.609778,0.124176,0.125275,0.552741,0.11221,0.072099,Bellevue_150th_SE38th
3857,cross,0.562857,0.087123,0.145754,0.489397,0.141951,0.046106,Bellevue_150th_SE38th
3858,cross,0.547932,0.115634,0.118988,0.518681,0.120711,0.065708,Bellevue_150th_SE38th
3859,cross,0.529849,0.118299,0.11246,0.599668,0.182781,0.105637,Bellevue_150th_SE38th
3860,cross,0.561368,0.116656,0.125257,0.567254,0.092845,0.083268,Bellevue_150th_SE38th
3861,cross,0.55699,0.113779,0.126008,0.529355,0.119841,0.041212,Bellevue_150th_SE38th
3862,cross,0.602345,0.132163,0.126447,0.441412,0.010074,0.04712,Bellevue_150th_SE38th
3863,cross,0.561955,0.110496,0.125615,0.439866,0.077984,0.076048,Bellevue_150th_SE38th
3864,cross,0.666215,0.151674,0.131976,0.555306,0.207215,0.040911,Bellevue_150th_SE38th
3865,cross,0.530298,0.116609,0.111568,0.512431,0.189025,0.03272,Bellevue_150th_SE38th
3866,cross,0.552526,0.106879,0.128071,0.628554,0.203778,0.077842,Bellevue_150th_SE38th
3867,cross,0.536018,0.118043,0.119059,0.516095,0.16304,0.058557,Bellevue_150th_SE38th
3868,cross,0.568136,0.125684,0.119101,0.576243,0.099944,0.116361,Bellevue_150th_SE38th
3869,cross,0.517911,0.123646,0.108508,0.479281,0.11966,0.08719,Bellevue_150th_SE38th
3870,cross,0.63473,0.150531,0.126364,0.482169,0.106544,0.084082,Bellevue_150th_SE38th
3871,cross,0.628135,0.147943,0.125832,0.529272,0.137269,0.104692,Bellevue_150th_SE38th
3872,cross,0.551405,0.137557,0.101575,0.516029,0.109262,0.093473,Bellevue_150th_SE38th
3873,cross,0.57726,0.136582,0.097648,0.462143,0.077413,0.163159,Bellevue_150th_SE38th
3874,cross,0.698907,0.150304,0.057988,0.475389,0.123025,0.028661,Bellevue_150th_SE38th
3875,cross,0.527235,0.1102,0.111778,0.477854,0.040853,0.125771,Bellevue_150th_SE38th
3876,cross,0.516459,0.116953,0.106546,0.453222,0.025925,0.137179,Bellevue_150th_SE38th
3877,cross,0.579509,0.139259,0.11457,0.47532,0.168077,0.12177,Bellevue_150th_SE38th
3878,cross,0.573781,0.127554,0.123588,0.450481,0.177689,0.158291,Bellevue_150th_SE38th
3879,cross,0.507166,0.119921,0.097717,0.335572,0.103525,0.125468,Bellevue_150th_SE38th
3880,cross,0.592335,0.133125,0.120893,0.410316,0.186766,0.042043,Bellevue_150th_SE38th
3881,cross,0.662264,0.153038,0.12249,0.766873,0.297886,0.184943,Bellevue_150th_SE38th
3882,cross,0.521983,0.107805,0.11243,0.71044,0.262158,0.211958,Bellevue_150th_SE38th
3883,cross,0.553176,0.120705,0.118048,0.535021,0.216761,0.106249,Bellevue_150th_SE38th
3884,cross,0.554165,0.1298,0.109973,0.453695,0.111706,0.100572,Bellevue_150th_SE38th
3885,cross,0.639906,0.1509,0.127239,0.422819,0.084987,0.112495,Bellevue_150th_SE38th
3886,cross,0.626322,0.146531,0.120977,0.368898,0.042555,0.063361,Bellevue_150th_SE38th
3887,cross,0.618335,0.140616,0.119834,0.544749,0.079499,0.053861,Bellevue_150th_SE38th
3888,cross,0.6393,0.128235,0.11877,0.507774,0.067275,0.039316,Bellevue_150th_SE38th
3889,cross,0.606482,0.11354,0.124524,0.512618,0.0893,0.012728,Bellevue_150th_SE38th
3890,cross,0.54694,0.103083,0.120792,0.433702,0.101998,0.017552,Bellevue_150th_SE38th
3891,cross,0.539579,0.122552,0.114179,0.315817,0.070407,0.027232,Bellevue_150th_SE38th
3892,cross,0.542745,0.121577,0.12007,0.277948,0.049782,0.064088,Bellevue_150th_SE38th
3893,cross,0.566695,0.11912,0.124375,0.448523,0.131028,0.081118,Bellevue_150th_SE38th
3894,cross,0.659361,0.14915,0.12705,0.440258,0.146431,0.022691,Bellevue_150th_SE38th
3895,cross,0.550938,0.095709,0.129168,0.463838,0.174175,0.027037,Bellevue_150th_SE38th
3896,cross,0.550936,0.106571,0.131723,0.542268,0.19647,0.042348,Bellevue_150th_SE38th
3897,cross,0.55059,0.111,0.125686,0.601389,0.245056,0.069641,Bellevue_150th_SE38th
3898,cross,0.53329,0.114095,0.116402,0.441365,0.080737,0.127856,Bellevue_150th_SE38th
3899,cross,0.613443,0.13984,0.123307,0.347017,-0.014207,0.182818,Bellevue_150th_SE38th
3900,cross,0.654195,0.148078,0.132499,0.361872,0.072035,0.033954,Bellevue_150th_SE38th
3901,cross,0.638056,0.145038,0.127593,0.555389,0.100317,0.095677,Bellevue_150th_SE38th
3902,cross,0.631646,0.136547,0.129849,0.583504,0.092876,0.045215,Bellevue_150th_SE38th
3903,cross,0.610796,0.123388,0.125681,0.709273,0.115157,0.066144,Bellevue_150th_SE38th
3904,cross,0.548585,0.106884,0.121726,0.706344,0.09987,0.04618,Bellevue_150th_SE38th
3905,cross,0.599979,0.101408,0.139069,0.65351,0.100149,0.116403,Bellevue_150th_SE38th
3906,cross,0.533941,0.116535,0.110069,0.636677,0.135236,0.083969,Bellevue_150th_SE38th
3907,cross,0.540864,0.114613,0.114136,0.433103,0.088861,0.105668,Bellevue_150th_SE38th
3908,cross,0.611941,0.138272,0.126278,0.405031,0.080762,0.080598,Bellevue_150th_SE38th
3909,cross,0.533921,0.120905,0.111885,0.401184,0.09403,0.075234,Bellevue_150th_SE38th
3910,cross,0.596047,0.145647,0.110949,0.447769,0.150659,0.034537,Bellevue_150th_SE38th
3911,cross,0.682644,0.147187,0.13035,0.687738,0.272751,0.045926,Bellevue_150th_SE38th
3912,cross,0.567385,0.094582,0.146213,0.724378,0.264405,0.024603,Bellevue_150th_SE38th
3913,cross,0.55924,0.088872,0.145735,0.606003,0.195648,0.047926,Bellevue_150th_SE38th
3914,cross,0.534486,0.101941,0.121679,0.404051,0.167861,0.069155,Bellevue_150th_SE38th
3915,cross,0.528247,0.133933,0.093197,0.233576,0.037285,0.061846,Bellevue_150th_SE38th
3916,cross,0.527976,0.113149,0.106007,0.196158,0.078951,0.029305,Bellevue_150th_SE38th
3917,cross,0.64923,0.145213,0.1285,0.349242,0.103251,0.013637,Bellevue_150th_SE38th
3918,cross,0.604842,0.124215,0.123055,0.411381,0.078441,0.015119,Bellevue_150th_SE38th
3919,cross,0.544509,0.11346,0.120144,0.5061,0.120772,0.063757,Bellevue_150th_SE38th
3920,cross,0.551984,0.104344,0.132697,0.486344,0.093496,0.027357,Bellevue_150th_SE38th
3921,cross,0.534849,0.113016,0.115861,0.440922,0.064251,0.009891,Bellevue_150th_SE38th
3922,cross,0.582435,0.113716,0.120166,0.424089,0.079605,0.064507,Bellevue_150th_SE38th
3923,cross,0.539264,0.127901,0.105774,0.382631,0.12409,0.09453,Bellevue_150th_SE38th
3924,cross,0.610224,0.138776,0.120268,0.24399,0.056268,0.045497,Bellevue_150th_SE38th
3925,cross,0.64063,0.143526,0.125275,0.301552,0.073468,0.065834,Bellevue_150th_SE38th
3926,cross,0.668077,0.140938,0.129957,0.366917,0.138212,0.018639,Bellevue_150th_SE38th
3927,cross,0.533727,0.113589,0.115552,0.418813,0.170945,0.023724,Bellevue_150th_SE38th
3928,cross,0.568776,0.115195,0.127562,0.499867,0.228507,0.056077,Bellevue_150th_SE38th
3929,cross,0.523443,0.111412,0.107932,0.422982,0.109635,0.071416,Bellevue_150th_SE38th
3930,cross,0.517427,0.123139,0.09718,0.427353,0.070861,0.075724,Bellevue_150th_SE38th
3931,cross,0.626303,0.139118,0.129565,0.421168,0.100709,0.115102,Bellevue_150th_SE38th
3932,cross,0.561069,0.119963,0.120273,0.346474,0.13889,0.0503,Bellevue_150th_SE38th
3933,cross,0.575469,0.123252,0.111304,0.37438,0.184025,0.005937,Bellevue_150th_SE38th
3934,cross,0.629845,0.04627,0.101274,0.308647,0.132099,0.012025,Bellevue_150th_SE38th
3935,cross,0.527645,0.110528,0.111881,0.403638,0.195275,0.038295,Bellevue_150th_SE38th
3936,cross,0.587278,0.100977,0.142617,0.425407,0.163635,0.119818,Bellevue_150th_SE38th
3937,cross,0.615532,0.074649,0.133334,0.409782,0.079292,0.11369,Bellevue_150th_SE38th
3938,cross,0.537319,0.109305,0.11447,0.257269,0.011096,0.154214,Bellevue_150th_SE38th
3939,cross,0.55517,0.119746,0.115782,0.212345,0.045737,0.028928,Bellevue_150th_SE38th
3940,cross,0.637944,0.140022,0.131053,0.317647,0.049859,0.03301,Bellevue_150th_SE38th
3941,cross,0.574271,0.118186,0.12041,0.497606,0.068968,0.239775,Bellevue_150th_SE38th
3942,cross,0.583374,0.089243,0.154574,0.498461,0.117472,0.176382,Bellevue_150th_SE38th
3943,cross,0.528689,0.109312,0.117178,0.540784,0.103668,0.15338,Bellevue_150th_SE38th
3944,cross,0.546954,0.115424,0.110362,0.537603,0.092678,0.137699,Bellevue_150th_SE38th
3945,cross,0.510326,0.12341,0.101167,0.435489,0.10144,0.151568,Bellevue_150th_SE38th
3946,cross,0.556546,0.13297,0.113482,0.353784,0.048724,0.109162,Bellevue_150th_SE38th
3947,cross,0.617989,0.144517,0.118942,0.443411,0.149983,0.097678,Bellevue_150th_SE38th
3948,cross,0.615618,0.134963,0.119225,0.542057,0.212758,0.088842,Bellevue_150th_SE38th
3949,cross,0.618589,0.12804,0.126439,0.647666,0.317622,0.120466,Bellevue_150th_SE38th
3950,cross,0.529216,0.111249,0.113461,0.655674,0.216972,0.127375,Bellevue_150th_SE38th
3951,cross,0.560031,0.111696,0.120183,0.688744,0.244664,0.138335,Bellevue_150th_SE38th
3952,cross,0.544183,0.117369,0.12436,0.440257,0.113788,0.082785,Bellevue_150th_SE38th
3953,cross,0.620602,0.149194,0.115102,0.328123,0.068072,0.072421,Bellevue_150th_SE38th
3954,cross,0.58544,0.1305,0.119363,0.30541,0.038476,0.074621,Bellevue_150th_SE38th
3955,cross,0.537011,0.118667,0.106776,0.32866,0.084837,0.039711,Bellevue_150th_SE38th
3956,cross,0.545029,0.111505,0.113426,0.348967,0.054656,0.034113,Bellevue_150th_SE38th
3957,cross,0.574786,0.115276,0.128135,0.427644,0.078819,0.034875,Bellevue_150th_SE38th
3958,cross,0.559573,0.112672,0.116761,0.481254,0.100233,0.055677,Bellevue_150th_SE38th
3959,cross,0.527311,0.110989,0.113462,0.424968,0.105255,0.060593,Bellevue_150th_SE38th
3960,cross,0.556237,0.122466,0.114575,0.36845,0.067708,0.066397,Bellevue_150th_SE38th
3961,cross,0.576922,0.13551,0.116614,0.405094,0.026683,0.113308,Bellevue_150th_SE38th
3962,cross,0.593336,0.135186,0.127212,0.315083,0.078153,0.064605,Bellevue_150th_SE38th
3963,cross,0.582653,0.133108,0.120467,0.427426,0.125544,0.054753,Bellevue_150th_SE38th
3964,cross,0.651737,0.147136,0.125916,0.659306,0.216231,0.137877,Bellevue_150th_SE38th
3965,cross,0.558168,0.091735,0.140895,0.599768,0.194478,0.121902,Bellevue_150th_SE38th
3966,cross,0.541311,0.102111,0.124433,0.615584,0.187561,0.084147,Bellevue_150th_SE38th
3967,cross,0.535647,0.107558,0.118643,0.615116,0.233952,0.114298,Bellevue_150th_SE38th
3968,cross,0.543385,0.112137,0.120594,0.353967,0.082528,0.044901,Bellevue_150th_SE38th
3969,cross,0.621028,0.136509,0.122796,0.281313,-0.017225,0.070678,Bellevue_150th_SE38th
3970,cross,0.535363,0.111231,0.116326,0.336296,0.065029,0.03221,Bellevue_150th_SE38th
3971,cross,0.599147,0.133265,0.113663,0.349383,0.078093,0.029379,Bellevue_150th_SE38th
3972,cross,0.552225,0.112929,0.116671,0.419252,0.073908,0.046058,Bellevue_150th_SE38th
3973,cross,0.53311,0.106845,0.119456,0.45323,0.121975,0.06213,Bellevue_150th_SE38th
3974,cross,0.649939,0.144481,0.123385,0.553218,0.25503,0.03588,Bellevue_150th_SE38th
3975,cross,0.574371,0.115942,0.119806,0.46208,0.159157,0.036458,Bellevue_150th_SE38th
3976,cross,0.547501,0.131327,0.102792,0.450659,0.110483,0.028252,Bellevue_150th_SE38th
3977,cross,0.622466,0.135463,0.121081,0.410415,0.122519,0.0284,Bellevue_150th_SE38th
3978,cross,0.565141,0.125941,0.117664,0.30475,0.086662,0.050474,Bellevue_150th_SE38th
3979,cross,0.603816,0.137024,0.114313,0.428048,0.070482,0.114333,Bellevue_150th_SE38th
3980,cross,0.610833,0.130865,0.125389,0.499552,0.166,0.041359,Bellevue_150th_SE38th
3981,cross,0.554505,0.110926,0.12401,0.344922,0.17343,0.026107,Bellevue_150th_SE38th
3982,cross,0.528153,0.112803,0.11761,0.357685,0.058989,0.056648,Bellevue_150th_SE38th
3983,cross,0.609228,0.130777,0.126504,0.299047,0.060705,0.046761,Bellevue_150th_SE38th
3984,cross,0.59278,0.137837,0.11409,0.357465,0.11201,0.007089,Bellevue_150th_SE38th
3985,cross,0.61043,0.121234,0.124206,0.4042,0.076975,0.036476,Bellevue_150th_SE38th
3986,cross,0.541659,0.11375,0.120632,0.368883,0.079754,0.048421,Bellevue_150th_SE38th
3987,cross,0.528232,0.110141,0.115679,0.521935,0.241562,0.050704,Bellevue_150th_SE38th
3988,cross,0.487475,0.113217,0.088344,0.53627,0.11236,0.225652,Bellevue_150th_SE38th
3989,cross,0.537049,0.120496,0.108623,0.542996,0.030202,0.274441,Bellevue_150th_SE38th
3990,cross,0.562257,0.120308,0.113416,0.287467,0.113696,0.019359,Bellevue_150th_SE38th
3991,cross,0.654858,0.147611,0.121986,0.363297,0.08541,0.015067,Bellevue_150th_SE38th
3992,cross,0.603038,0.086996,0.139543,0.49975,0.169027,0.029156,Bellevue_150th_SE38th
3993,cross,0.539224,0.108192,0.124305,0.401635,0.10175,0.035133,Bellevue_150th_SE38th
3994,cross,0.527892,0.112251,0.117963,0.384997,0.109716,0.068668,Bellevue_150th_SE38th
3995,cross,0.537935,0.112595,0.112964,0.337973,0.083189,0.079299,Bellevue_150th_SE38th
3996,cross,0.590836,0.115364,0.129288,0.359918,0.121717,0.024125,Bellevue_150th_SE38th
3997,cross,0.655103,0.139282,0.12762,0.428204,0.178537,0.026832,Bellevue_150th_SE38th
3998,cross,0.657148,0.128688,0.123238,0.59701,0.245972,0.065941,Bellevue_150th_SE38th
3999,cross,0.546309,0.10481,0.12485,0.561858,0.205405,0.011006,Bellevue_150th_SE38th
4000,cross,0.508718,0.107223,0.1028,0.520812,0.254588,0.006548,Bellevue_150th_SE38th
4001,cross,0.546253,0.105831,0.127778,0.427796,0.106675,0.082011,Bellevue_150th_SE38th
4002,cross,0.631585,0.141526,0.122902,0.385524,0.11325,0.056154,Bellevue_150th_SE38th
4003,cross,0.559798,0.116086,0.115932,0.378264,0.080101,0.051044,Bellevue_150th_SE38th
4004,cross,0.624585,0.142347,0.122622,0.49231,0.053294,0.076112,Bellevue_150th_SE38th
4005,cross,0.555716,0.103805,0.135664,0.564472,0.115789,0.110001,Bellevue_150th_SE38th
4006,cross,0.545368,0.108964,0.124128,0.41878,0.052216,0.12996,Bellevue_150th_SE38th
4007,cross,0.519908,0.116257,0.107966,0.245284,0.019712,0.016248,Bellevue_150th_SE38th
4008,cross,0.541698,0.120541,0.114528,0.249922,0.026641,0.0291,Bellevue_150th_SE38th
4009,cross,0.537488,0.119206,0.104572,0.395141,0.071346,0.03226,Bellevue_150th_SE38th
4010,cross,0.583153,0.111217,0.125171,0.508758,0.161022,0.061806,Bellevue_150th_SE38th
4011,cross,0.527349,0.105131,0.113523,0.374119,0.116343,0.006984,Bellevue_150th_SE38th
4012,cross,0.550963,0.107975,0.122178,0.441062,0.120504,0.010936,Bellevue_150th_SE38th
4013,cross,0.537036,0.097268,0.129328,0.566651,0.227773,0.019805,Bellevue_150th_SE38th
4014,cross,0.538579,0.110604,0.118868,0.503312,0.147101,0.017504,Bellevue_150th_SE38th
4015,cross,0.624274,0.135152,0.122102,0.45182,0.169196,0.014071,Bellevue_150th_SE38th
4016,cross,0.581464,0.123887,0.121284,0.389169,0.029145,0.027448,Bellevue_150th_SE38th
4017,cross,0.573921,0.124644,0.119571,0.344134,0.03651,0.060251,Bellevue_150th_SE38th
4018,cross,0.621175,0.14179,0.120722,0.364171,0.074111,0.013519,Bellevue_150th_SE38th
4019,cross,0.672189,0.148293,0.133452,0.553192,0.13358,0.056372,Bellevue_150th_SE38th
4020,cross,0.53842,0.107292,0.126325,0.41709,0.08897,0.02976,Bellevue_150th_SE38th
4021,cross,0.528691,0.116506,0.106833,0.376565,0.115141,0.038024,Bellevue_150th_SE38th
4022,cross,0.625122,0.133902,0.126771,0.302869,0.070878,0.033029,Bellevue_150th_SE38th
4023,cross,0.667813,0.128311,0.124909,0.518366,0.093864,0.038466,Bellevue_150th_SE38th
4024,cross,0.621602,0.090179,0.125423,0.410248,0.077659,0.058292,Bellevue_150th_SE38th
4025,cross,0.553633,0.102088,0.129779,0.343329,0.070825,0.025892,Bellevue_150th_SE38th
4026,cross,0.538517,0.106264,0.121907,0.378326,0.097172,0.020505,Bellevue_150th_SE38th
4027,cross,0.537926,0.1071,0.118235,0.458265,0.104145,0.098743,Bellevue_150th_SE38th
4028,cross,0.534307,0.079677,0.12521,0.267115,0.110783,0.064109,Bellevue_150th_SE38th
4029,cross,0.513063,0.114694,0.108153,0.273063,0.070888,0.0776,Bellevue_150th_SE38th
4030,cross,0.547093,0.107058,0.127777,0.326282,0.144935,0.032936,Bellevue_150th_SE38th
4031,cross,0.5507,0.111626,0.122791,0.346139,0.074836,0.023644,Bellevue_150th_SE38th
4032,cross,0.546252,0.107856,0.119458,0.361872,0.10996,0.052259,Bellevue_150th_SE38th
4033,cross,0.584448,0.112769,0.11567,0.377025,0.139265,0.034508,Bellevue_150th_SE38th
4034,cross,0.609485,0.123316,0.11985,0.408332,0.131426,0.027736,Bellevue_150th_SE38th
4035,cross,0.536831,0.113788,0.120639,0.393789,0.106497,0.077992,Bellevue_150th_SE38th
4036,cross,0.614706,0.142522,0.118465,0.399144,0.083222,0.121367,Bellevue_150th_SE38th
4037,cross,0.650332,0.148495,0.131182,0.381573,0.107207,0.113594,Bellevue_150th_SE38th
4038,cross,0.602222,0.118654,0.127971,0.37801,0.093318,0.101983,Bellevue_150th_SE38th
4039,cross,0.566464,0.11216,0.121575,0.39186,0.134256,0.057725,Bellevue_150th_SE38th
4040,cross,0.560759,0.108537,0.135845,0.396448,0.131747,0.048983,Bellevue_150th_SE38th
4041,cross,0.550152,0.080737,0.146979,0.309107,0.096478,0.043158,Bellevue_150th_SE38th
4042,cross,0.62396,0.130009,0.125356,0.323069,0.120418,0.059809,Bellevue_150th_SE38th
4043,cross,0.54642,0.108411,0.119803,0.3985,0.183702,0.028178,Bellevue_150th_SE38th
4044,cross,0.568805,0.120508,0.125728,0.398476,0.127161,0.057157,Bellevue_150th_SE38th
4045,cross,0.513386,0.110377,0.10571,0.508992,0.271297,0.016156,Bellevue_150th_SE38th
4046,cross,0.522708,0.106245,0.107112,0.361574,0.099975,0.016204,Bellevue_150th_SE38th
4047,cross,0.554451,0.096653,0.137746,0.438074,0.074816,0.02977,Bellevue_150th_SE38th
4048,cross,0.538772,0.109864,0.119543,0.411956,0.068803,0.063499,Bellevue_150th_SE38th
4049,cross,0.531517,0.106335,0.115419,0.35977,0.037484,0.080339,Bellevue_150th_SE38th
4050,cross,0.650217,0.128849,0.123789,0.371324,0.069608,0.074318,Bellevue_150th_SE38th
4051,cross,0.530236,0.121409,0.105285,0.378886,0.130404,0.083662,Bellevue_150th_SE38th
4052,cross,0.601642,0.132635,0.118312,0.313891,0.111645,0.051022,Bellevue_150th_SE38th
4053,cross,0.660334,0.156074,0.120367,0.463135,0.119791,0.049103,Bellevue_150th_SE38th
4054,cross,0.572819,0.108437,0.122646,0.41983,0.069382,0.070544,Bellevue_150th_SE38th
4055,cross,0.53619,0.108871,0.117064,0.452938,0.022851,0.026402,Bellevue_150th_SE38th
4056,cross,0.537415,0.110998,0.11975,0.415878,0.068304,0.05283,Bellevue_150th_SE38th
4057,cross,0.542211,0.121255,0.111169,0.313935,0.041406,0.102647,Bellevue_150th_SE38th
4058,cross,0.563617,0.116077,0.117198,0.439986,0.073981,0.126699,Bellevue_150th_SE38th
4059,cross,0.590425,0.119371,0.127569,0.38613,0.084486,0.089155,Bellevue_150th_SE38th
4060,cross,0.564436,0.110499,0.123253,0.364243,0.096912,0.070996,Bellevue_150th_SE38th
4061,cross,0.612039,0.117374,0.134968,0.459599,0.094696,0.151079,Bellevue_150th_SE38th
4062,cross,0.546679,0.106749,0.117177,0.539421,0.120636,0.085851,Bellevue_150th_SE38th
4063,cross,0.537492,0.110586,0.11837,0.547563,0.186025,0.039179,Bellevue_150th_SE38th
4064,cross,0.566396,0.112354,0.120725,0.452099,0.080045,0.046553,Bellevue_150th_SE38th
4065,cross,0.537535,0.113473,0.115219,0.263248,0.082456,0.038736,Bellevue_150th_SE38th
4066,cross,0.60047,0.136669,0.117607,0.1538,0.037472,0.02385,Bellevue_150th_SE38th
4067,cross,0.646903,0.137994,0.119281,0.258121,0.035448,0.062862,Bellevue_150th_SE38th
4068,cross,0.634224,0.111407,0.126229,0.392792,0.110309,0.049478,Bellevue_150th_SE38th
4069,cross,0.536234,0.107745,0.115898,0.43639,0.109236,0.130137,Bellevue_150th_SE38th
4070,cross,0.579167,0.109399,0.120112,0.502192,0.196299,0.129167,Bellevue_150th_SE38th
4071,cross,0.535407,0.114497,0.106515,0.492506,0.05488,0.14671,Bellevue_150th_SE38th
4072,cross,0.523038,0.111935,0.110995,0.437859,0.015708,0.159948,Bellevue_150th_SE38th
4073,cross,0.617649,0.128478,0.121673,0.394671,0.028658,0.139893,Bellevue_150th_SE38th
4074,cross,0.594398,0.135464,0.11025,0.375336,0.088967,0.056211,Bellevue_150th_SE38th
4075,cross,0.664784,0.132176,0.121967,0.711722,0.149005,0.122818,Bellevue_150th_SE38th
4076,cross,0.596223,0.098531,0.148469,0.716562,0.093501,0.127416,Bellevue_150th_SE38th
4077,cross,0.534042,0.10389,0.120677,0.654208,0.041235,0.106905,Bellevue_150th_SE38th
4078,cross,0.576602,0.106821,0.117585,0.57143,0.002953,0.128742,Bellevue_150th_SE38th
4079,cross,0.508565,0.114441,0.104497,0.362311,0.003493,0.120313,Bellevue_150th_SE38th
4080,cross,0.569796,0.121007,0.12002,0.30692,0.020629,0.095731,Bellevue_150th_SE38th
4081,cross,0.563092,0.118015,0.11234,0.347679,0.0645,0.0295,Bellevue_150th_SE38th
4082,cross,0.645429,0.13634,0.126102,0.375546,0.050412,0.020559,Bellevue_150th_SE38th
4083,cross,0.564837,0.111018,0.121865,0.445743,0.07697,0.077494,Bellevue_150th_SE38th
4084,cross,0.542459,0.093209,0.130372,0.434392,0.06591,0.067931,Bellevue_150th_SE38th
4085,cross,0.552464,0.109096,0.109648,0.349131,0.06698,0.050829,Bellevue_150th_SE38th
4086,cross,0.564722,0.130957,0.112199,0.337592,0.062461,0.042744,Bellevue_150th_SE38th
4087,cross,0.63989,0.143288,0.129588,0.274519,0.040583,0.028651,Bellevue_150th_SE38th
4088,cross,0.630887,0.150924,0.117464,0.316919,0.077215,0.022329,Bellevue_150th_SE38th
4089,cross,0.666726,0.145542,0.125871,0.440845,0.088169,0.035823,Bellevue_150th_SE38th
4090,cross,0.597348,0.094954,0.125302,0.452795,0.0968,0.037811,Bellevue_150th_SE38th
4091,cross,0.538091,0.110668,0.122052,0.38959,0.203687,0.01677,Bellevue_150th_SE38th
4092,cross,0.531206,0.116547,0.113547,0.308079,0.09615,0.02984,Bellevue_150th_SE38th
4093,cross,0.541825,0.10677,0.116743,0.33665,0.074278,0.062823,Bellevue_150th_SE38th
4094,cross,0.590251,0.122928,0.122663,0.355759,0.105973,0.024428,Bellevue_150th_SE38th
4095,cross,0.550959,0.116263,0.115621,0.296024,0.120383,0.032603,Bellevue_150th_SE38th
4096,cross,0.594128,0.10849,0.120128,0.47888,0.215406,0.046578,Bellevue_150th_SE38th
4097,cross,0.537779,0.109786,0.123222,0.509026,0.237047,0.080612,Bellevue_150th_SE38th
4098,cross,0.533817,0.105032,0.121701,0.36183,0.119715,0.071504,Bellevue_150th_SE38th
4099,cross,0.617498,0.129247,0.12216,0.288819,0.083053,0.058609,Bellevue_150th_SE38th
4100,cross,0.614728,0.134846,0.129004,0.313873,0.159425,0.052796,Bellevue_150th_SE38th
4101,cross,0.583946,0.123452,0.123156,0.384442,0.125146,0.079972,Bellevue_150th_SE38th
4102,cross,0.615956,0.134521,0.120264,0.413499,0.172244,0.041376,Bellevue_150th_SE38th
4103,cross,0.561598,0.112159,0.116319,0.384498,0.173986,0.030794,Bellevue_150th_SE38th
4104,cross,0.548774,0.106228,0.120051,0.49616,0.225591,0.078916,Bellevue_150th_SE38th
4105,cross,0.545653,0.108561,0.125184,0.365635,0.164529,0.03147,Bellevue_150th_SE38th
4106,cross,0.609951,0.136633,0.122613,0.267137,0.081359,0.040154,Bellevue_150th_SE38th
4107,cross,0.589523,0.112905,0.127128,0.286007,0.069792,0.020728,Bellevue_150th_SE38th
4108,cross,0.563601,0.106985,0.120155,0.384357,0.102025,0.04513,Bellevue_150th_SE38th
4109,cross,0.656612,0.129142,0.130624,0.523754,0.210404,0.017475,Bellevue_150th_SE38th
4110,cross,0.533068,0.101062,0.1178,0.531906,0.19503,0.005128,Bellevue_150th_SE38th
4111,cross,0.537738,0.10262,0.123786,0.559765,0.202346,0.021277,Bellevue_150th_SE38th
4112,cross,0.59278,0.113185,0.138303,0.474339,0.205401,0.00303,Bellevue_150th_SE38th
4113,cross,0.609602,0.072298,0.127483,0.449203,0.200585,0.004857,Bellevue_150th_SE38th
4114,cross,0.527464,0.110569,0.11569,0.32101,0.021583,0.111026,Bellevue_150th_SE38th
4115,cross,0.645465,0.138345,0.125099,0.213359,-0.010857,0.111082,Bellevue_150th_SE38th
4116,cross,0.579905,0.107068,0.127224,0.333808,0.088938,0.041552,Bellevue_150th_SE38th
4117,cross,0.619524,0.134271,0.120543,0.278873,0.035625,0.075263,Bellevue_150th_SE38th
4118,cross,0.567726,0.106687,0.119884,0.392988,0.069963,0.030211,Bellevue_150th_SE38th
4119,cross,0.561532,0.092319,0.139309,0.460018,0.086343,0.032523,Bellevue_150th_SE38th
4120,cross,0.529249,0.116362,0.107596,0.37454,0.092578,0.05815,Bellevue_150th_SE38th
4121,cross,0.558362,0.105585,0.12405,0.411776,0.058973,0.038168,Bellevue_150th_SE38th
4122,cross,0.603968,0.124847,0.119574,0.608971,0.069857,0.029881,Bellevue_150th_SE38th
4123,cross,0.615059,0.067637,0.136742,0.616154,0.092816,0.043289,Bellevue_150th_SE38th
4124,cross,0.599519,0.086572,0.134346,0.569685,0.15116,0.006667,Bellevue_150th_SE38th
4125,cross,0.54197,0.099387,0.124466,0.571131,0.16268,0.029086,Bellevue_150th_SE38th
4126,cross,0.594701,0.078634,0.141025,0.45739,0.154546,0.021992,Bellevue_150th_SE38th
4127,cross,0.620655,0.105018,0.114552,0.508577,0.142484,0.031423,Bellevue_150th_SE38th
4128,cross,0.548487,0.10889,0.114075,0.444318,0.143025,0.013477,Bellevue_150th_SE38th
4129,cross,0.635518,0.137586,0.125685,0.380197,0.104162,0.036513,Bellevue_150th_SE38th
4130,cross,0.592987,0.141401,0.106129,0.333216,0.085569,0.035205,Bellevue_150th_SE38th
4131,cross,0.596899,0.126069,0.119515,0.425726,0.082029,0.014391,Bellevue_150th_SE38th
4132,cross,0.578749,0.11377,0.121707,0.492223,0.094991,0.020632,Bellevue_150th_SE38th
4133,cross,0.535837,0.105845,0.118935,0.538201,0.087628,0.043915,Bellevue_150th_SE38th
4134,cross,0.545279,0.099384,0.136349,0.467082,0.091537,0.033248,Bellevue_150th_SE38th
4135,cross,0.556527,0.114736,0.123757,0.501214,0.074611,0.08119,Bellevue_150th_SE38th
4136,cross,0.562911,0.128031,0.111282,0.344721,0.058144,0.047849,Bellevue_150th_SE38th
4137,cross,0.571467,0.11579,0.123472,0.39133,0.091054,0.022268,Bellevue_150th_SE38th
4138,cross,0.650956,0.156918,0.119563,0.446067,0.101079,0.060106,Bellevue_150th_SE38th
4139,cross,0.588262,0.079827,0.137189,0.467352,0.197638,0.052626,Bellevue_150th_SE38th
4140,cross,0.618989,0.132543,0.125891,0.471096,0.20623,0.040617,Bellevue_150th_SE38th
4141,cross,0.560774,0.108067,0.118996,0.369063,0.171475,0.020031,Bellevue_150th_SE38th
4142,cross,0.588671,0.128533,0.119735,0.256252,0.083801,0.039226,Bellevue_150th_SE38th
4143,cross,0.63068,0.150548,0.113509,0.383076,0.102247,0.032211,Bellevue_150th_SE38th
4144,cross,0.639699,0.136187,0.122762,0.519829,0.150626,0.12787,Bellevue_150th_SE38th
4145,cross,0.670912,0.068373,0.117335,0.50275,0.183589,0.076596,Bellevue_150th_SE38th
4146,cross,0.550241,0.101427,0.129354,0.465229,0.169853,0.035535,Bellevue_150th_SE38th
4147,cross,0.622569,0.121932,0.127006,0.478371,0.181739,0.00754,Bellevue_150th_SE38th
4148,cross,0.599055,0.095736,0.142394,0.473703,0.204668,0.028746,Bellevue_150th_SE38th
4149,cross,0.534139,0.098245,0.120594,0.482045,0.260179,0.006683,Bellevue_150th_SE38th
4150,cross,0.504982,0.119699,0.101519,0.322259,0.096936,0.024206,Bellevue_150th_SE38th
4151,cross,0.638267,0.149913,0.123979,0.312677,0.130365,0.026407,Bellevue_150th_SE38th
4152,cross,0.59581,0.135085,0.127569,0.347072,0.111288,0.050397,Bellevue_150th_SE38th
4153,cross,0.612036,0.140296,0.123356,0.417188,0.11691,0.009416,Bellevue_150th_SE38th
4154,cross,0.656427,0.131086,0.12879,0.458547,0.071664,0.021047,Bellevue_150th_SE38th
4155,cross,0.556491,0.109066,0.12404,0.314453,0.087599,0.014671,Bellevue_150th_SE38th
4156,cross,0.549623,0.115776,0.118675,0.315625,0.083451,0.036526,Bellevue_150th_SE38th
4157,cross,0.559509,0.114868,0.116635,0.266171,0.084969,0.02197,Bellevue_150th_SE38th
4158,cross,0.572414,0.117201,0.111321,0.205691,0.015328,0.041395,Bellevue_150th_SE38th
4159,cross,0.57248,0.115539,0.124314,0.325998,0.068941,0.039877,Bellevue_150th_SE38th
4160,cross,0.559107,0.108758,0.12926,0.538982,0.183679,0.048211,Bellevue_150th_SE38th
4161,cross,0.566814,0.113053,0.12455,0.6619,0.33159,0.102056,Bellevue_150th_SE38th
4162,cross,0.546455,0.109916,0.124323,0.608439,0.293075,0.120622,Bellevue_150th_SE38th
4163,cross,0.585634,0.123637,0.114942,0.526527,0.215775,0.08181,Bellevue_150th_SE38th
4164,cross,0.552811,0.122638,0.110662,0.441979,0.040914,0.051732,Bellevue_150th_SE38th
4165,cross,0.622252,0.130378,0.124315,0.442629,0.00445,0.064662,Bellevue_150th_SE38th
4166,cross,0.528397,0.110751,0.108683,0.332247,0.039262,0.075306,Bellevue_150th_SE38th
4167,cross,0.637905,0.144185,0.118018,0.421404,0.089881,0.028753,Bellevue_150th_SE38th
4168,cross,0.614551,0.081381,0.14362,0.410331,0.147146,0.026368,Bellevue_150th_SE38th
4169,cross,0.54475,0.112286,0.121054,0.47576,0.188964,0.060177,Bellevue_150th_SE38th
4170,cross,0.552676,0.105016,0.127228,0.417531,0.024346,0.128356,Bellevue_150th_SE38th
4171,cross,0.631455,0.13985,0.122355,0.383333,0.008582,0.172154,Bellevue_150th_SE38th
4172,cross,0.579143,0.111595,0.122203,0.383354,0.07665,0.078149,Bellevue_150th_SE38th
4173,cross,0.651614,0.154394,0.116804,0.473584,0.170745,0.088041,Bellevue_150th_SE38th
4174,cross,0.598898,0.116103,0.129062,0.632822,0.383048,0.082362,Bellevue_150th_SE38th
4175,cross,0.556486,0.098178,0.132691,0.585993,0.320253,0.123583,Bellevue_150th_SE38th
4176,cross,0.580366,0.079491,0.137332,0.539566,0.246371,0.102472,Bellevue_150th_SE38th
4177,cross,0.527029,0.119761,0.107899,0.354595,0.143644,0.031092,Bellevue_150th_SE38th
4178,cross,0.612503,0.140114,0.125851,0.407375,0.151807,0.034547,Bellevue_150th_SE38th
4179,cross,0.603339,0.136997,0.121352,0.451371,0.168944,0.033833,Bellevue_150th_SE38th
4180,cross,0.656488,0.14854,0.126128,0.521499,0.15789,0.015612,Bellevue_150th_SE38th
4181,cross,0.575388,0.108142,0.130553,0.513193,0.206337,0.043447,Bellevue_150th_SE38th
4182,cross,0.573264,0.102195,0.132779,0.435694,0.159423,0.102404,Bellevue_150th_SE38th
4183,cross,0.519765,0.11331,0.102188,0.45982,0.079824,0.17645,Bellevue_150th_SE38th
4184,cross,0.518047,0.115148,0.107371,0.349167,0.006844,0.178015,Bellevue_150th_SE38th
4185,cross,0.647851,0.153379,0.131573,0.438837,0.089802,0.104566,Bellevue_150th_SE38th
4186,cross,0.629489,0.141595,0.121469,0.29991,0.087557,0.038029,Bellevue_150th_SE38th
4187,cross,0.568704,0.128139,0.113368,0.422295,0.147004,0.038297,Bellevue_150th_SE38th
4188,cross,0.62535,0.12604,0.126108,0.407901,0.071667,0.019787,Bellevue_150th_SE38th
4189,cross,0.669237,0.132816,0.131,0.475375,0.087313,0.078556,Bellevue_150th_SE38th
4190,cross,0.546701,0.104347,0.129441,0.432487,0.14493,0.049131,Bellevue_150th_SE38th
4191,cross,0.545811,0.091296,0.124086,0.491212,0.19857,0.016845,Bellevue_150th_SE38th
4192,cross,0.536707,0.114492,0.113572,0.44902,0.192968,0.044557,Bellevue_150th_SE38th
4193,cross,0.631581,0.152552,0.122052,0.404422,0.14398,0.035924,Bellevue_150th_SE38th
4194,cross,0.565867,0.126405,0.109865,0.337572,0.071129,0.052798,Bellevue_150th_SE38th
4195,cross,0.628453,0.131735,0.119898,0.528279,0.273682,0.033968,Bellevue_150th_SE38th
4196,cross,0.62754,0.104326,0.130766,0.649477,0.303198,0.120991,Bellevue_150th_SE38th
4197,cross,0.556744,0.103104,0.123949,0.658414,0.27555,0.150544,Bellevue_150th_SE38th
4198,cross,0.545348,0.100107,0.119587,0.592289,0.216897,0.123543,Bellevue_150th_SE38th
4199,cross,0.568577,0.080899,0.138065,0.349687,0.117672,0.033668,Bellevue_150th_SE38th
4200,cross,0.653441,0.135215,0.122994,0.325857,0.076909,0.079404,Bellevue_150th_SE38th
4201,cross,0.621834,0.140316,0.123916,0.395622,0.055295,0.064636,Bellevue_150th_SE38th
4202,cross,0.599831,0.084535,0.131797,0.396406,0.066479,0.086836,Bellevue_150th_SE38th
4203,cross,0.550298,0.097451,0.132414,0.427166,-0.003227,0.117541,Bellevue_150th_SE38th
4204,cross,0.582107,0.10325,0.134191,0.409696,-0.021991,0.157069,Bellevue_150th_SE38th
4205,cross,0.596069,0.079354,0.135661,0.532277,0.094098,0.145302,Bellevue_150th_SE38th
4206,cross,0.5294,0.11123,0.114171,0.389829,0.058338,0.080559,Bellevue_150th_SE38th
4207,cross,0.622953,0.135863,0.118555,0.374041,0.078404,0.049199,Bellevue_150th_SE38th
4208,cross,0.607837,0.130066,0.113735,0.30439,0.074131,0.04368,Bellevue_150th_SE38th
4209,cross,0.633269,0.141071,0.122185,0.273384,0.080378,0.015431,Bellevue_150th_SE38th
4210,cross,0.625105,0.121139,0.123624,0.449496,0.21902,0.035863,Bellevue_150th_SE38th
4211,cross,0.680212,0.14621,0.124061,0.533555,0.266369,0.02605,Bellevue_150th_SE38th
4212,cross,0.539367,0.102811,0.122109,0.562571,0.260071,0.032178,Bellevue_150th_SE38th
4213,cross,0.625225,0.075895,0.126205,0.480976,0.233276,0.020681,Bellevue_150th_SE38th
4214,cross,0.545046,0.103849,0.117828,0.36631,0.127857,0.031304,Bellevue_150th_SE38th
4215,cross,0.63134,0.140889,0.124669,0.438339,0.224515,0.029655,Bellevue_150th_SE38th
4216,cross,0.565318,0.120694,0.111061,0.541726,0.248928,0.055011,Bellevue_150th_SE38th
4217,cross,0.567491,0.097298,0.131983,0.599471,0.289125,0.078625,Bellevue_150th_SE38th
4218,cross,0.582215,0.113372,0.124636,0.700173,0.336185,0.127961,Bellevue_150th_SE38th
4219,cross,0.60634,0.095849,0.127582,0.658878,0.286557,0.109877,Bellevue_150th_SE38th
4220,cross,0.5858,0.111696,0.122005,0.638165,0.260637,0.096368,Bellevue_150th_SE38th
4221,cross,0.574049,0.127783,0.112848,0.585491,0.183444,0.112834,Bellevue_150th_SE38th
4222,cross,0.541781,0.122728,0.112838,0.38763,0.080308,0.079412,Bellevue_150th_SE38th
4223,cross,0.596996,0.143378,0.115596,0.37603,0.083945,0.091111,Bellevue_150th_SE38th
4224,cross,0.577412,0.123492,0.115678,0.410584,0.063481,0.105387,Bellevue_150th_SE38th
4225,cross,0.57512,0.127171,0.099478,0.28,0.0,0.04,Bellevue_150th_SE38th
4226,cross,0.678726,0.059022,0.053753,0.3356,0.027366,0.053116,Bellevue_150th_SE38th
4227,cross,0.620025,0.057973,0.09121,0.565098,0.128673,0.136888,Bellevue_150th_SE38th
4228,cross,0.550698,0.094616,0.122673,0.569377,0.169124,0.099831,Bellevue_150th_SE38th
4229,cross,0.57654,0.083772,0.130555,0.529312,0.149158,0.093805,Bellevue_150th_SE38th
4230,cross,0.528767,0.105282,0.111371,0.441644,0.078955,0.054869,Bellevue_150th_SE38th
4231,cross,0.607331,0.140136,0.116572,0.342956,-0.006009,0.029627,Bellevue_150th_SE38th
4232,cross,0.558989,0.109367,0.119141,0.279804,0.046195,0.057028,Bellevue_150th_SE38th
4233,cross,0.596285,0.136139,0.116331,0.363797,0.053041,0.059646,Bellevue_150th_SE38th
4234,cross,0.620566,0.130946,0.113119,0.533827,0.195564,0.032643,Bellevue_150th_SE38th
4235,cross,0.574642,0.094395,0.136499,0.538705,0.212285,0.052121,Bellevue_150th_SE38th
4236,cross,0.563644,0.07551,0.133423,0.593014,0.309817,0.016961,Bellevue_150th_SE38th
4237,cross,0.597068,0.065622,0.134058,0.508272,0.179425,0.053092,Bellevue_150th_SE38th
4238,cross,0.604798,0.132796,0.124749,0.35858,0.049354,0.097488,Bellevue_150th_SE38th
4239,cross,0.570269,0.124026,0.115481,0.431302,0.140272,0.096466,Bellevue_150th_SE38th
4240,cross,0.518128,0.12107,0.095695,0.378446,0.060565,0.035988,Bellevue_150th_SE38th
4241,cross,0.619232,0.120536,0.124286,0.45836,0.095244,0.056552,Bellevue_150th_SE38th
4242,cross,0.602191,0.080565,0.136247,0.41935,0.07267,0.056878,Bellevue_150th_SE38th
4243,cross,0.614943,0.088879,0.146393,0.393271,0.121041,0.024764,Bellevue_150th_SE38th
4244,cross,0.586491,0.087196,0.139786,0.372591,0.127382,0.005342,Bellevue_150th_SE38th
4245,cross,0.564728,0.097892,0.124141,0.333151,0.084884,0.024265,Bellevue_150th_SE38th
4246,cross,0.537809,0.121258,0.108903,0.379064,0.04049,0.047952,Bellevue_150th_SE38th
4247,cross,0.628682,0.144465,0.12617,0.458701,0.052476,0.021839,Bellevue_150th_SE38th
4248,cross,0.60214,0.113305,0.125341,0.530444,0.137319,0.073083,Bellevue_150th_SE38th
4249,cross,0.677814,0.153506,0.123753,0.503874,0.247244,0.040464,Bellevue_150th_SE38th
4250,cross,0.642037,0.129287,0.1187,0.515199,0.264249,0.019151,Bellevue_150th_SE38th
4251,cross,0.671858,0.105952,0.128347,0.535847,0.258144,0.053738,Bellevue_150th_SE38th
4252,cross,0.619583,0.091389,0.133627,0.513674,0.199932,0.12242,Bellevue_150th_SE38th
4253,cross,0.537715,0.126095,0.108417,0.396321,0.064365,0.166283,Bellevue_150th_SE38th
4254,cross,0.587003,0.139335,0.113298,0.439019,0.106457,0.148321,Bellevue_150th_SE38th
4255,cross,0.581962,0.132363,0.118835,0.386257,0.133238,0.107926,Bellevue_150th_SE38th
4256,cross,0.607022,0.150553,0.108002,0.387058,0.19615,0.053857,Bellevue_150th_SE38th
4257,cross,0.615932,0.143305,0.115841,0.337077,0.10934,0.019689,Bellevue_150th_SE38th
4258,cross,0.656681,0.152593,0.123724,0.395163,0.112949,0.005106,Bellevue_150th_SE38th
4259,cross,0.652626,0.130885,0.125484,0.401661,0.122985,0.016235,Bellevue_150th_SE38th
4260,cross,0.665834,0.152079,0.126882,0.456767,0.149677,0.060799,Bellevue_150th_SE38th
4261,cross,0.632051,0.155573,0.115978,0.284928,0.040295,0.035617,Bellevue_150th_SE38th
4262,cross,0.602335,0.134335,0.117136,0.3576,-0.012953,0.105279,Bellevue_150th_SE38th
4263,cross,0.677076,0.13678,0.119696,0.47463,0.187939,0.06978,Bellevue_150th_SE38th
4264,cross,0.652775,0.156567,0.124828,0.68396,0.429574,0.049875,Bellevue_150th_SE38th
4265,cross,0.657219,0.049353,0.085652,0.544232,0.228836,0.03269,Bellevue_150th_SE38th
4266,cross,0.565848,0.117505,0.121121,0.520931,0.219857,0.041883,Bellevue_150th_SE38th
4267,cross,0.642891,0.113501,0.124676,0.474495,0.2154,0.043457,Bellevue_150th_SE38th
4268,cross,0.630497,0.162483,0.110527,0.432552,0.223327,0.065583,Bellevue_150th_SE38th
4269,cross,0.598262,0.138409,0.119191,0.600425,0.23466,0.081635,Bellevue_150th_SE38th
4270,cross,0.591118,0.133581,0.115327,0.56604,0.16353,0.111466,Bellevue_150th_SE38th
4271,cross,0.645442,0.141683,0.119979,0.412815,0.082086,0.049839,Bellevue_150th_SE38th
4272,cross,0.652999,0.112179,0.127188,0.435923,0.088121,0.013002,Bellevue_150th_SE38th
4273,cross,0.633146,0.081892,0.130668,0.417057,0.188876,0.029342,Bellevue_150th_SE38th
4274,cross,0.639573,0.086235,0.112621,0.32663,0.121078,0.018976,Bellevue_150th_SE38th
4275,cross,0.636596,0.150366,0.120841,0.403588,0.096391,0.029921,Bellevue_150th_SE38th
4276,cross,0.591675,0.139238,0.107554,0.331694,0.071438,0.029326,Bellevue_150th_SE38th
4277,cross,0.619469,0.138158,0.116958,0.541891,0.263075,0.073665,Bellevue_150th_SE38th
4278,cross,0.670304,0.067128,0.127881,0.681124,0.293505,0.138571,Bellevue_150th_SE38th
4279,cross,0.674447,0.060473,0.127905,0.625892,0.309908,0.099002,Bellevue_150th_SE38th
4280,cross,0.670405,0.121536,0.131269,0.747145,0.501557,0.034579,Bellevue_150th_SE38th
4281,cross,0.550111,0.096134,0.125496,0.464624,0.19753,0.041383,Bellevue_150th_SE38th
4282,cross,0.661714,0.158874,0.123959,0.488453,0.129495,0.059384,Bellevue_150th_SE38th
4283,cross,0.557071,0.114662,0.113833,0.466158,0.129384,0.082737,Bellevue_150th_SE38th
4284,cross,0.670139,0.141551,0.130699,0.501634,0.108346,0.061837,Bellevue_150th_SE38th
4285,cross,0.64233,0.104633,0.141702,0.54325,0.06997,0.026233,Bellevue_150th_SE38th
4286,cross,0.651928,0.140961,0.121459,0.51351,0.040039,0.066792,Bellevue_150th_SE38th
4287,cross,0.634394,0.077672,0.137008,0.491683,0.123616,0.095723,Bellevue_150th_SE38th
4288,cross,0.568345,0.084958,0.136276,0.430303,0.103712,0.068457,Bellevue_150th_SE38th
4289,cross,0.578449,0.130361,0.109513,0.378242,0.124709,0.064812,Bellevue_150th_SE38th
4290,cross,0.60297,0.147484,0.117545,0.384147,0.106032,0.035833,Bellevue_150th_SE38th
4291,cross,0.596764,0.128212,0.118052,0.447557,0.10232,0.045441,Bellevue_150th_SE38th
4292,cross,0.659013,0.13594,0.123506,0.354116,0.085213,0.0318,Bellevue_150th_SE38th
4293,cross,0.608142,0.100308,0.131228,0.394269,0.109081,0.052517,Bellevue_150th_SE38th
4294,cross,0.630954,0.081784,0.139593,0.426569,0.196053,0.011111,Bellevue_150th_SE38th
4295,cross,0.63396,0.070243,0.128155,0.439116,0.039363,0.181572,Bellevue_150th_SE38th
4296,cross,0.651814,0.154368,0.11938,0.401494,0.019707,0.148483,Bellevue_150th_SE38th
4297,cross,0.61921,0.075534,0.11009,0.427536,0.147171,0.062454,Bellevue_150th_SE38th
4298,cross,0.638813,0.13483,0.119835,0.426018,0.175814,0.058467,Bellevue_150th_SE38th
4299,cross,0.639562,0.1357,0.122183,0.432784,0.217134,0.055708,Bellevue_150th_SE38th
4300,cross,0.665306,0.146372,0.123075,0.481382,0.265811,0.040062,Bellevue_150th_SE38th
4301,cross,0.633168,0.074722,0.129925,0.477692,0.213977,0.084179,Bellevue_150th_SE38th
4302,cross,0.649466,0.087835,0.115846,0.450641,0.151439,0.094156,Bellevue_150th_SE38th
4303,cross,0.627176,0.1461,0.117991,0.389148,0.096448,0.024421,Bellevue_150th_SE38th
4304,cross,0.560046,0.109216,0.120487,0.377676,0.118682,0.046259,Bellevue_150th_SE38th
4305,cross,0.611178,0.137968,0.115953,0.404687,0.098316,0.063416,Bellevue_150th_SE38th
4306,cross,0.674367,0.128687,0.118911,0.472419,0.054051,0.075972,Bellevue_150th_SE38th
4307,cross,0.641464,0.066125,0.132275,0.559101,0.084966,0.078929,Bellevue_150th_SE38th
4308,cross,0.651426,0.088984,0.134681,0.735397,0.208872,0.106138,Bellevue_150th_SE38th
4309,cross,0.651466,0.114511,0.130164,0.501075,0.148434,0.130231,Bellevue_150th_SE38th
4310,cross,0.618051,0.142268,0.117552,0.480959,0.155152,0.148772,Bellevue_150th_SE38th
4311,cross,0.527239,0.117174,0.09496,0.351223,0.13331,0.054963,Bellevue_150th_SE38th
4312,cross,0.600255,0.136764,0.114057,0.456526,0.078523,0.035689,Bellevue_150th_SE38th
4313,cross,0.656184,0.131312,0.124756,0.530082,0.104679,0.063902,Bellevue_150th_SE38th
4314,cross,0.572357,0.0858,0.135259,0.488816,0.071991,0.069952,Bellevue_150th_SE38th
4315,cross,0.539928,0.106998,0.118772,0.465485,0.142687,0.092388,Bellevue_150th_SE38th
4316,cross,0.579529,0.149346,0.103946,0.587982,0.148395,0.151635,Bellevue_150th_SE38th
4317,cross,0.533658,0.125456,0.10193,0.51166,0.174312,0.041001,Bellevue_150th_SE38th
4318,cross,0.633527,0.146301,0.115707,0.497985,0.130312,0.015235,Bellevue_150th_SE38th
4319,cross,0.640592,0.134854,0.118424,0.450781,0.130888,0.010104,Bellevue_150th_SE38th
4320,cross,0.656643,0.083858,0.132023,0.607268,0.278548,0.071517,Bellevue_150th_SE38th
4321,cross,0.68164,0.136927,0.124831,0.55641,0.2041,0.065515,Bellevue_150th_SE38th
4322,cross,0.672048,0.124891,0.1249,0.462357,0.169592,0.046626,Bellevue_150th_SE38th
4323,cross,0.622746,0.145022,0.11584,0.527924,0.15765,0.082717,Bellevue_150th_SE38th
4324,cross,0.564822,0.123267,0.111041,0.50607,0.138467,0.049621,Bellevue_150th_SE38th
4325,cross,0.636553,0.144073,0.121671,0.472604,0.104892,0.033327,Bellevue_150th_SE38th
4326,cross,0.68177,0.068001,0.122257,0.469852,0.147019,0.021018,Bellevue_150th_SE38th
4327,cross,0.588722,0.078873,0.129067,0.514531,0.176808,0.018724,Bellevue_150th_SE38th
4328,cross,0.681681,0.130368,0.130611,0.510362,0.175227,0.0568,Bellevue_150th_SE38th
4329,cross,0.50202,0.123224,0.093929,0.39425,0.096698,0.075209,Bellevue_150th_SE38th
4330,cross,0.607027,0.145335,0.119246,0.544077,0.145053,0.114454,Bellevue_150th_SE38th
4331,cross,0.603371,0.139656,0.108091,0.474286,0.184294,0.055852,Bellevue_150th_SE38th
4332,cross,0.609301,0.152282,0.094888,0.583159,0.205819,0.12981,Bellevue_150th_SE38th
4333,cross,0.684746,0.144152,0.122475,0.549522,0.266195,0.077235,Bellevue_150th_SE38th
4334,cross,0.649344,0.056532,0.114311,0.423509,0.177524,0.046971,Bellevue_150th_SE38th
4335,cross,0.63217,0.155851,0.116727,0.45975,0.14699,0.072558,Bellevue_150th_SE38th
4336,cross,0.580293,0.130444,0.115327,0.458068,0.145079,0.048807,Bellevue_150th_SE38th
4337,cross,0.640561,0.151457,0.119336,0.612853,0.137335,0.129949,Bellevue_150th_SE38th
4338,cross,0.658886,0.101193,0.119393,0.551069,0.172894,0.213476,Bellevue_150th_SE38th
4339,cross,0.680556,0.078935,0.089923,0.571142,0.154072,0.137105,Bellevue_150th_SE38th
4340,cross,0.676955,0.119462,0.130685,0.592953,0.158672,0.124276,Bellevue_150th_SE38th
4341,cross,0.577443,0.074514,0.134241,0.425327,0.114913,0.071715,Bellevue_150th_SE38th
4342,cross,0.616294,0.141764,0.116335,0.473019,0.137431,0.080919,Bellevue_150th_SE38th
4343,cross,0.610976,0.137971,0.113418,0.615864,0.169472,0.05735,Bellevue_150th_SE38th
4344,cross,0.641894,0.137203,0.122302,0.536102,0.145666,0.076306,Bellevue_150th_SE38th
4345,cross,0.675319,0.076095,0.124042,0.492331,0.148369,0.088214,Bellevue_150th_SE38th
4346,cross,0.652791,0.127193,0.123829,0.448543,0.108488,0.070449,Bellevue_150th_SE38th
4347,cross,0.671537,0.1498,0.123577,0.55316,0.142908,0.075659,Bellevue_150th_SE38th
4348,cross,0.537843,0.122646,0.10869,0.549984,0.14693,0.110423,Bellevue_150th_SE38th
4349,cross,0.518189,0.11869,0.104787,0.466135,0.117768,0.135663,Bellevue_150th_SE38th
4350,cross,0.589117,0.151443,0.108371,0.491693,0.190273,0.087086,Bellevue_150th_SE38th
4351,cross,0.607919,0.143526,0.116955,0.645538,0.291518,0.059341,Bellevue_150th_SE38th
4352,cross,0.615653,0.143587,0.116094,0.514794,0.183707,0.059707,Bellevue_150th_SE38th
4353,cross,0.59973,0.131446,0.110118,0.587678,0.258871,0.011039,Bellevue_150th_SE38th
4354,cross,0.643139,0.064666,0.087673,0.416163,0.154119,0.036259,Bellevue_150th_SE38th
4355,cross,0.576164,0.132737,0.107951,0.416347,0.135276,0.052583,Bellevue_150th_SE38th
4356,cross,0.587537,0.150405,0.105014,0.513034,0.240797,0.093927,Bellevue_150th_SE38th
4357,cross,0.602466,0.137137,0.118574,0.490647,0.255051,0.077673,Bellevue_150th_SE38th
4358,cross,0.641517,0.153672,0.121406,0.423803,0.117437,0.099125,Bellevue_150th_SE38th
4359,cross,0.6543,0.156625,0.120029,0.401683,0.145977,0.025644,Bellevue_150th_SE38th
4360,cross,0.685726,0.140029,0.117704,0.480231,0.236323,0.027064,Bellevue_150th_SE38th
4361,cross,0.649202,0.126651,0.11298,0.517921,0.120935,0.158419,Bellevue_150th_SE38th
4362,cross,0.658139,0.119055,0.124218,0.470198,0.163613,0.096273,Bellevue_150th_SE38th
4363,cross,0.623237,0.13997,0.12351,0.485136,0.21611,0.078103,Bellevue_150th_SE38th
4364,cross,0.591334,0.140444,0.104011,0.585685,0.322767,0.107725,Bellevue_150th_SE38th
4365,cross,0.624291,0.144057,0.119864,0.474513,0.209177,0.048229,Bellevue_150th_SE38th
4366,cross,0.657567,0.152936,0.121912,0.483697,0.156641,0.047534,Bellevue_150th_SE38th
4367,cross,0.643465,0.122506,0.121202,0.50144,0.161226,0.029004,Bellevue_150th_SE38th
4368,cross,0.692052,0.091202,0.122477,0.59108,0.234958,0.032741,Bellevue_150th_SE38th
4369,cross,0.650451,0.092113,0.118217,0.53721,0.203973,0.013448,Bellevue_150th_SE38th
4370,cross,0.565765,0.09711,0.125953,0.467196,0.151302,0.109315,Bellevue_150th_SE38th
4371,cross,0.620926,0.147598,0.112637,0.399347,0.163291,0.134925,Bellevue_150th_SE38th
4372,cross,0.597937,0.141032,0.113812,0.305024,0.142482,0.036291,Bellevue_150th_SE38th
4373,cross,0.541275,0.075771,0.110135,0.388067,0.10712,0.055942,Bellevue_150th_SE38th
4374,cross,0.660743,0.131371,0.122275,0.40642,0.164257,0.038837,Bellevue_150th_SE38th
4375,cross,0.675654,0.099132,0.125873,0.369302,0.158806,0.01389,Bellevue_150th_SE38th
4376,cross,0.650721,0.076251,0.132336,0.525078,0.273224,0.015108,Bellevue_150th_SE38th
4377,cross,0.569793,0.0746,0.126748,0.514909,0.250471,0.061846,Bellevue_150th_SE38th
4378,cross,0.587799,0.126544,0.118166,0.518443,0.114836,0.172577,Bellevue_150th_SE38th
4379,cross,0.63251,0.14961,0.118167,0.507884,0.119821,0.128949,Bellevue_150th_SE38th
4380,cross,0.621531,0.135674,0.120867,0.433082,0.144488,0.056739,Bellevue_150th_SE38th
4381,cross,0.592513,0.159366,0.087612,0.42743,0.081793,0.035951,Bellevue_150th_SE38th
4382,cross,0.515785,0.112323,0.082623,0.555936,0.152484,0.07122,Bellevue_150th_SE38th
4383,cross,0.71333,0.134679,0.131888,0.623301,0.205258,0.072128,Bellevue_150th_SE38th
4384,cross,0.678972,0.080331,0.128713,0.541356,0.138156,0.083454,Bellevue_150th_SE38th
4385,cross,0.667288,0.137306,0.111963,0.515195,0.144431,0.079023,Bellevue_150th_SE38th
4386,cross,0.593386,0.114774,0.114227,0.495051,0.18429,0.05356,Bellevue_150th_SE38th
4387,cross,0.611696,0.134341,0.118584,0.633081,0.207614,0.037644,Bellevue_150th_SE38th
4388,cross,0.641775,0.050372,0.1162,0.635948,0.20344,0.109453,Bellevue_150th_SE38th
4389,cross,0.602752,0.056668,0.116485,0.463814,0.151822,0.083871,Bellevue_150th_SE38th
4390,cross,0.653997,0.139316,0.122241,0.583057,0.17991,0.07054,Bellevue_150th_SE38th
4391,cross,0.680514,0.132779,0.117938,0.613362,0.12854,0.091951,Bellevue_150th_SE38th
4392,cross,0.712989,0.065791,0.108628,0.726354,0.23888,0.050401,Bellevue_150th_SE38th
4393,cross,0.672357,0.109024,0.107721,0.653133,0.246655,0.070179,Bellevue_150th_SE38th
4394,cross,0.543472,0.096411,0.128391,0.494011,0.206309,0.085669,Bellevue_150th_SE38th
4395,cross,0.623626,0.151775,0.112609,0.520588,0.249495,0.061847,Bellevue_150th_SE38th
4396,cross,0.636677,0.152959,0.123353,0.411472,0.201551,0.06593,Bellevue_150th_SE38th
4397,cross,0.623124,0.149803,0.117732,0.454604,0.149929,0.076098,Bellevue_150th_SE38th
4398,cross,0.615793,0.144756,0.112801,0.492314,0.149667,0.054628,Bellevue_150th_SE38th
4399,cross,0.636013,0.12939,0.122316,0.700955,0.245757,0.061695,Bellevue_150th_SE38th
4400,cross,0.663193,0.057984,0.118569,0.669139,0.201974,0.103215,Bellevue_150th_SE38th
4401,cross,0.568981,0.097379,0.128433,0.545935,0.146151,0.122805,Bellevue_150th_SE38th
4402,cross,0.621446,0.150486,0.119203,0.687167,0.324006,0.072943,Bellevue_150th_SE38th
4403,cross,0.611763,0.140913,0.116801,0.59288,0.299907,0.047493,Bellevue_150th_SE38th
4404,cross,0.60412,0.166803,0.089604,0.405164,0.103862,0.02037,Bellevue_150th_SE38th
4405,cross,0.608933,0.130064,0.115074,0.459685,0.141042,0.023041,Bellevue_150th_SE38th
4406,cross,0.677795,0.109632,0.120052,0.613807,0.231887,0.050574,Bellevue_150th_SE38th
4407,cross,0.644851,0.047666,0.117587,0.600587,0.194504,0.068028,Bellevue_150th_SE38th
4408,cross,0.620753,0.082833,0.122413,0.599931,0.27571,0.020345,Bellevue_150th_SE38th
4409,cross,0.607088,0.115356,0.112885,0.456487,0.152633,0.035913,Bellevue_150th_SE38th
4410,cross,0.602022,0.158147,0.10124,0.410739,0.152288,0.039144,Bellevue_150th_SE38th
4411,cross,0.621412,0.151965,0.10529,0.597792,0.254559,0.088027,Bellevue_150th_SE38th
4412,cross,0.621778,0.147336,0.11496,0.587053,0.197776,0.130319,Bellevue_150th_SE38th
4413,cross,0.628302,0.146112,0.117297,0.649012,0.198655,0.149703,Bellevue_150th_SE38th
4414,cross,0.646297,0.124302,0.10959,0.415441,0.140353,0.03976,Bellevue_150th_SE38th
4415,cross,0.616352,0.154508,0.103988,0.478203,0.202125,0.037185,Bellevue_150th_SE38th
4416,cross,0.667744,0.157315,0.118108,0.592032,0.228706,0.05483,Bellevue_150th_SE38th
4417,cross,0.727709,0.112458,0.086394,0.701877,0.348507,0.030995,Bellevue_150th_SE38th
4418,cross,0.679298,0.035812,0.095872,0.710072,0.273617,0.073366,Bellevue_150th_SE38th
4419,cross,0.593496,0.122892,0.10291,0.624334,0.222069,0.044974,Bellevue_150th_SE38th
4420,cross,0.629004,0.14588,0.1158,0.603166,0.188435,0.012608,Bellevue_150th_SE38th
4421,cross,0.641073,0.120664,0.109984,0.540065,0.183978,0.056219,Bellevue_150th_SE38th
4422,cross,0.626597,0.157905,0.113889,0.474101,0.162552,0.069737,Bellevue_150th_SE38th
4423,cross,0.625776,0.15793,0.114178,0.504223,0.116091,0.078409,Bellevue_150th_SE38th
4424,cross,0.702962,0.033381,0.098035,0.481633,0.094226,0.102919,Bellevue_150th_SE38th
4425,cross,0.686835,0.05006,0.107428,0.609665,0.211936,0.053284,Bellevue_150th_SE38th
4426,cross,0.649274,0.14351,0.11233,0.649937,0.234736,0.065686,Bellevue_150th_SE38th
4427,cross,0.576429,0.120163,0.107416,0.669299,0.31171,0.091952,Bellevue_150th_SE38th
4428,cross,0.603371,0.137394,0.116853,0.610282,0.189498,0.134804,Bellevue_150th_SE38th
4429,cross,0.679578,0.119188,0.07927,0.588235,0.147059,0.147059,Bellevue_150th_SE38th
4430,cross,0.651437,0.033748,0.042484,0.588235,0.147059,0.147059,Bellevue_150th_SE38th
4431,cross,0.651463,0.03397,0.042131,0.500216,0.134719,0.058864,Bellevue_150th_SE38th
4432,cross,0.634587,0.14596,0.10545,0.530194,0.120272,0.070985,Bellevue_150th_SE38th
4433,cross,0.724565,0.095211,0.086,0.599282,0.146963,0.103333,Bellevue_150th_SE38th
4434,cross,0.609725,0.148544,0.116422,0.796481,0.365288,0.052606,Bellevue_150th_SE38th
4435,cross,0.610186,0.144673,0.106205,0.730018,0.343763,0.083638,Bellevue_150th_SE38th
4436,cross,0.563648,0.116324,0.079107,0.815986,0.364962,0.04208,Bellevue_150th_SE38th
4437,cross,0.691101,0.092227,0.084725,0.804334,0.334988,0.073402,Bellevue_150th_SE38th
4438,cross,0.646962,0.12512,0.085885,0.769962,0.325756,0.081452,Bellevue_150th_SE38th
4439,cross,0.619403,0.15587,0.102576,0.725563,0.234594,0.074454,Bellevue_150th_SE38th
4440,cross,0.756966,0.063825,0.08224,0.650737,0.146109,0.143908,Bellevue_150th_SE38th
4441,cross,0.659779,0.141441,0.096824,0.692403,0.143636,0.099863,Bellevue_150th_SE38th
4442,cross,0.674832,0.064125,0.082853,0.707046,0.262293,0.09905,Bellevue_150th_SE38th
4443,cross,0.656216,0.125303,0.117527,0.701607,0.296503,0.053805,Bellevue_150th_SE38th
4444,cross,0.648506,0.141307,0.110386,0.781799,0.348181,0.094494,Bellevue_150th_SE38th
4445,cross,0.640555,0.147244,0.123198,0.748378,0.311376,0.100999,Bellevue_150th_SE38th
4446,cross,0.651546,0.135998,0.098802,0.742398,0.241159,0.088678,Bellevue_150th_SE38th
4447,cross,0.651827,0.105112,0.089352,0.641026,0.183297,0.072855,Bellevue_150th_SE38th
4448,cross,0.644088,0.092207,0.085031,0.663463,0.156932,0.036657,Bellevue_150th_SE38th
4449,cross,0.711378,0.086366,0.088233,0.646004,0.147073,0.019769,Bellevue_150th_SE38th
4450,cross,0.620971,0.155192,0.107534,0.661504,0.195869,0.035544,Bellevue_150th_SE38th
4451,cross,0.673357,0.088012,0.10101,0.726404,0.181087,0.058938,Bellevue_150th_SE38th
4452,cross,0.647651,0.066553,0.087739,0.664464,0.133628,0.129446,Bellevue_150th_SE38th
4453,cross,0.570155,0.117969,0.101179,0.703527,0.183198,0.127751,Bellevue_150th_SE38th
4454,cross,0.645942,0.116124,0.097611,0.793103,0.275862,0.103448,Bellevue_150th_SE38th
4455,cross,0.632921,0.030064,0.046838,0.734888,0.195517,0.061067,Bellevue_150th_SE38th
