frame_idx,split,pred_nano,pred_recovery_ns,pred_recovery_sm,true_nano,true_recovery_ns,true_recovery_sm,intersection
0,within,0.233985,0.014559,0.01238,0.233333,0.0,0.0,Bellevue_116th_NE12th
1,within,0.234224,0.013537,0.012352,0.166667,0.0,0.0,Bellevue_116th_NE12th
2,within,0.239187,0.014427,0.013248,0.233333,0.0,0.0,Bellevue_116th_NE12th
3,within,0.24641,0.015862,0.014555,0.133333,0.0,0.0,Bellevue_116th_NE12th
4,within,0.227724,0.020075,0.011568,0.033333,0.0,0.0,Bellevue_116th_NE12th
5,within,0.234645,0.013532,0.012837,0.133333,0.0,0.0,Bellevue_116th_NE12th
6,within,0.249229,0.016217,0.015165,0.266667,0.0,0.0,Bellevue_116th_NE12th
7,within,0.231006,0.01792,0.012234,0.2,0.0,0.0,Bellevue_116th_NE12th
8,within,0.246719,0.015108,0.014183,0.2,0.0,0.0,Bellevue_116th_NE12th
9,within,0.220099,0.017703,0.010747,0.2,0.0,0.0,Bellevue_116th_NE12th
10,within,0.224862,0.018271,0.011885,0.1,0.0,0.0,Bellevue_116th_NE12th
11,within,0.237519,0.014442,0.013212,0.266667,0.0,0.0,Bellevue_116th_NE12th
12,within,0.241166,0.016967,0.013898,0.233333,0.0,0.0,Bellevue_116th_NE12th
13,within,0.240041,0.017304,0.013289,0.066667,0.0,0.0,Bellevue_116th_NE12th
14,within,0.234953,0.0157,0.012749,0.3,0.0,0.0,Bellevue_116th_NE12th
15,within,0.23445,0.014436,0.012772,0.066667,0.0,0.0,Bellevue_116th_NE12th
16,within,0.23948,0.013943,0.012982,0.233333,0.0,0.0,Bellevue_116th_NE12th
17,within,0.234781,0.01331,0.012177,0.066667,0.0,0.0,Bellevue_116th_NE12th
18,within,0.242212,0.016339,0.013484,0.2,0.0,0.0,Bellevue_116th_NE12th
19,within,0.241208,0.016134,0.013872,0.133333,0.0,0.0,Bellevue_116th_NE12th
20,within,0.238743,0.014109,0.012639,0.266667,0.0,0.0,Bellevue_116th_NE12th
21,within,0.243871,0.014756,0.014012,0.066667,0.0,0.0,Bellevue_116th_NE12th
22,within,0.235063,0.013213,0.012504,0.166667,0.0,0.0,Bellevue_116th_NE12th
23,within,0.240438,0.014996,0.014312,0.166667,0.0,0.0,Bellevue_116th_NE12th
24,within,0.269133,0.024429,0.021838,0.066667,0.0,0.0,Bellevue_116th_NE12th
25,within,0.246588,0.015373,0.014565,0.333333,0.0,0.0,Bellevue_116th_NE12th
26,within,0.239606,0.01507,0.0139,0.166667,0.0,0.0,Bellevue_116th_NE12th
27,within,0.244171,0.023536,0.015183,0.266667,0.0,0.0,Bellevue_116th_NE12th
28,within,0.520981,0.158569,0.070377,0.333333,0.216667,0.033333,Bellevue_116th_NE12th
29,within,0.513585,0.118174,0.077454,0.383333,0.033333,0.0,Bellevue_116th_NE12th
30,within,0.260527,0.021778,0.019039,0.0,0.0,0.0,Bellevue_116th_NE12th
31,within,0.244171,0.014136,0.014435,0.166667,0.0,0.0,Bellevue_116th_NE12th
32,within,0.248938,0.015095,0.014501,0.133333,0.0,0.0,Bellevue_116th_NE12th
33,within,0.246324,0.015077,0.013724,0.366667,0.0,0.0,Bellevue_116th_NE12th
34,within,0.242543,0.013797,0.012767,0.266667,0.0,0.0,Bellevue_116th_NE12th
35,within,0.250458,0.015498,0.014352,0.266667,0.0,0.0,Bellevue_116th_NE12th
36,within,0.24133,0.014161,0.012246,0.166667,0.0,0.0,Bellevue_116th_NE12th
37,within,0.247411,0.014207,0.014277,0.033333,0.0,0.0,Bellevue_116th_NE12th
38,within,0.227374,0.012987,0.011385,0.1,0.0,0.0,Bellevue_116th_NE12th
39,within,0.237818,0.014216,0.013308,0.2,0.0,0.0,Bellevue_116th_NE12th
40,within,0.241221,0.01399,0.013789,0.1,0.0,0.0,Bellevue_116th_NE12th
41,within,0.240577,0.016938,0.013734,0.2,0.0,0.0,Bellevue_116th_NE12th
42,within,0.255711,0.018039,0.016944,0.2,0.0,0.0,Bellevue_116th_NE12th
43,within,0.254875,0.015992,0.015201,0.066667,0.0,0.0,Bellevue_116th_NE12th
44,within,0.237613,0.01373,0.012455,0.133333,0.0,0.0,Bellevue_116th_NE12th
45,within,0.241712,0.015826,0.014036,0.266667,0.0,0.0,Bellevue_116th_NE12th
46,within,0.24375,0.02186,0.014591,0.1,0.0,0.0,Bellevue_116th_NE12th
47,within,0.240557,0.01881,0.014066,0.533333,0.0,0.033333,Bellevue_116th_NE12th
48,within,0.575691,0.11228,0.115289,0.643333,0.058333,0.108333,Bellevue_116th_NE12th
49,within,0.413444,0.07557,0.054269,0.516667,0.033333,0.083333,Bellevue_116th_NE12th
50,within,0.288242,0.022481,0.025538,0.4,0.1,0.0,Bellevue_116th_NE12th
51,within,0.353827,0.036753,0.044495,0.1,0.0,0.0,Bellevue_116th_NE12th
52,within,0.252525,0.021251,0.016493,0.266667,0.0,0.0,Bellevue_116th_NE12th
53,within,0.233945,0.017313,0.012604,0.2,0.0,0.0,Bellevue_116th_NE12th
54,within,0.248927,0.017495,0.015524,0.233333,0.0,0.0,Bellevue_116th_NE12th
55,within,0.240865,0.014351,0.014225,0.166667,0.0,0.0,Bellevue_116th_NE12th
56,within,0.234994,0.014074,0.013002,0.033333,0.0,0.0,Bellevue_116th_NE12th
57,within,0.253965,0.016796,0.016276,0.266667,0.0,0.0,Bellevue_116th_NE12th
58,within,0.238894,0.018198,0.014089,0.2,0.0,0.0,Bellevue_116th_NE12th
59,within,0.247548,0.017109,0.014511,0.433333,0.116667,0.033333,Bellevue_116th_NE12th
60,within,0.330928,0.032374,0.037098,0.3,0.016667,0.016667,Bellevue_116th_NE12th
61,within,0.308606,0.031841,0.033753,0.133333,0.0,0.0,Bellevue_116th_NE12th
62,within,0.246836,0.022812,0.016643,0.066667,0.0,0.0,Bellevue_116th_NE12th
63,within,0.241643,0.015133,0.013829,0.1,0.0,0.0,Bellevue_116th_NE12th
64,within,0.234998,0.018091,0.012807,0.133333,0.0,0.0,Bellevue_116th_NE12th
65,within,0.231586,0.020731,0.012694,0.133333,0.0,0.0,Bellevue_116th_NE12th
66,within,0.240886,0.014629,0.013719,0.133333,0.0,0.0,Bellevue_116th_NE12th
67,within,0.23439,0.013058,0.011738,0.2,0.0,0.0,Bellevue_116th_NE12th
68,within,0.246665,0.015361,0.014698,0.233333,0.0,0.0,Bellevue_116th_NE12th
69,within,0.248024,0.016615,0.01553,0.166667,0.0,0.0,Bellevue_116th_NE12th
70,within,0.230737,0.018615,0.012049,0.1,0.0,0.0,Bellevue_116th_NE12th
71,within,0.241397,0.019277,0.01411,0.133333,0.0,0.0,Bellevue_116th_NE12th
72,within,0.246323,0.015393,0.013956,0.133333,0.0,0.0,Bellevue_116th_NE12th
73,within,0.234918,0.013664,0.012802,0.133333,0.0,0.0,Bellevue_116th_NE12th
74,within,0.27281,0.024333,0.021918,0.266667,0.0,0.0,Bellevue_116th_NE12th
75,within,0.246266,0.015623,0.014891,0.166667,0.0,0.0,Bellevue_116th_NE12th
76,within,0.259779,0.019748,0.018398,0.166667,0.0,0.0,Bellevue_116th_NE12th
77,within,0.238244,0.013585,0.013471,0.166667,0.0,0.0,Bellevue_116th_NE12th
78,within,0.259581,0.022776,0.018596,0.066667,0.0,0.0,Bellevue_116th_NE12th
79,within,0.23976,0.014512,0.013396,0.266667,0.033333,0.083333,Bellevue_116th_NE12th
80,within,0.512411,0.087665,0.075261,0.5,0.05,0.016667,Bellevue_116th_NE12th
81,within,0.534368,0.092844,0.099307,0.2,-0.016667,0.033333,Bellevue_116th_NE12th
82,within,0.235495,0.021669,0.013665,0.233333,0.0,0.0,Bellevue_116th_NE12th
83,within,0.232766,0.014173,0.011504,0.1,0.0,0.0,Bellevue_116th_NE12th
84,within,0.50283,0.081303,0.08812,0.3,0.0,0.0,Bellevue_116th_NE12th
85,within,0.357921,0.054862,0.044535,0.166667,0.0,0.0,Bellevue_116th_NE12th
86,within,0.263083,0.021396,0.018998,0.2,0.0,0.0,Bellevue_116th_NE12th
87,within,0.220002,0.016098,0.010954,0.166667,0.0,0.0,Bellevue_116th_NE12th
88,within,0.228093,0.015882,0.011887,0.033333,0.0,0.0,Bellevue_116th_NE12th
89,within,0.229882,0.013783,0.013079,0.133333,0.0,0.0,Bellevue_116th_NE12th
90,within,0.242328,0.016401,0.015627,0.233333,0.0,0.0,Bellevue_116th_NE12th
91,within,0.24115,0.016618,0.015111,0.433333,0.0,0.0,Bellevue_116th_NE12th
92,within,0.258473,0.018859,0.0176,0.233333,0.0,0.0,Bellevue_116th_NE12th
93,within,0.230136,0.020351,0.01284,0.166667,0.0,0.0,Bellevue_116th_NE12th
94,within,0.238924,0.014334,0.013304,0.3,0.0,0.0,Bellevue_116th_NE12th
95,within,0.242361,0.014691,0.013289,0.2,0.0,0.0,Bellevue_116th_NE12th
96,within,0.236561,0.01373,0.012474,0.066667,0.0,0.0,Bellevue_116th_NE12th
97,within,0.230953,0.012128,0.011328,0.166667,0.0,0.0,Bellevue_116th_NE12th
98,within,0.234307,0.013115,0.012095,0.166667,0.0,0.0,Bellevue_116th_NE12th
99,within,0.27148,0.03079,0.021926,0.2,0.0,0.0,Bellevue_116th_NE12th
100,within,0.240327,0.014664,0.013596,0.166667,0.0,0.0,Bellevue_116th_NE12th
101,within,0.234087,0.013141,0.012125,0.3,0.0,0.0,Bellevue_116th_NE12th
102,within,0.246942,0.016548,0.014509,0.1,0.0,0.0,Bellevue_116th_NE12th
103,within,0.247967,0.015813,0.014076,0.133333,0.0,0.0,Bellevue_116th_NE12th
104,within,0.24944,0.017032,0.015455,0.266667,0.0,0.0,Bellevue_116th_NE12th
105,within,0.244835,0.014505,0.013684,0.333333,0.0,0.0,Bellevue_116th_NE12th
106,within,0.25415,0.017458,0.015584,0.433333,0.0,0.0,Bellevue_116th_NE12th
107,within,0.246953,0.016485,0.014718,0.283333,0.0,0.0,Bellevue_116th_NE12th
108,within,0.437984,0.089267,0.059043,0.35,0.033333,0.0,Bellevue_116th_NE12th
109,within,0.252535,0.022114,0.016574,0.133333,0.0,0.0,Bellevue_116th_NE12th
110,within,0.227498,0.020168,0.012116,0.066667,0.0,0.0,Bellevue_116th_NE12th
111,within,0.243311,0.0137,0.013286,0.266667,0.0,0.0,Bellevue_116th_NE12th
112,within,0.247968,0.015479,0.014702,0.266667,0.0,0.0,Bellevue_116th_NE12th
113,within,0.243308,0.016736,0.014272,0.233333,0.0,0.033333,Bellevue_116th_NE12th
114,within,0.389151,0.061352,0.047456,0.433333,0.05,0.033333,Bellevue_116th_NE12th
115,within,0.249404,0.016815,0.015676,0.366667,0.0,0.0,Bellevue_116th_NE12th
116,within,0.231924,0.014,0.01178,0.133333,0.0,0.016667,Bellevue_116th_NE12th
117,within,0.563152,0.085021,0.113719,0.794444,0.283333,0.211111,Bellevue_116th_NE12th
118,within,0.541012,0.089192,0.096759,0.466667,0.366667,0.0,Bellevue_116th_NE12th
119,within,0.259503,0.024997,0.017952,0.4,0.0,0.0,Bellevue_116th_NE12th
120,within,0.232596,0.015438,0.01161,0.2,0.0,0.0,Bellevue_116th_NE12th
121,within,0.244084,0.020768,0.015258,0.133333,0.0,0.0,Bellevue_116th_NE12th
122,within,0.246447,0.014771,0.014081,0.1,0.0,0.0,Bellevue_116th_NE12th
123,within,0.240916,0.013272,0.01271,0.166667,0.0,0.0,Bellevue_116th_NE12th
124,within,0.261744,0.02154,0.019744,0.266667,0.0,0.0,Bellevue_116th_NE12th
125,within,0.230723,0.013575,0.011875,0.1,0.0,0.0,Bellevue_116th_NE12th
126,within,0.227715,0.01971,0.012069,0.3,0.0,0.0,Bellevue_116th_NE12th
127,within,0.241852,0.014462,0.01317,0.133333,0.0,0.0,Bellevue_116th_NE12th
128,within,0.234271,0.013178,0.011981,0.233333,0.0,0.0,Bellevue_116th_NE12th
129,within,0.241129,0.01455,0.013275,0.133333,0.0,0.0,Bellevue_116th_NE12th
130,within,0.239422,0.014692,0.014128,0.2,0.0,0.0,Bellevue_116th_NE12th
131,within,0.234018,0.014148,0.012538,0.133333,0.0,0.0,Bellevue_116th_NE12th
132,within,0.234234,0.015279,0.012437,0.166667,0.0,0.0,Bellevue_116th_NE12th
133,within,0.260199,0.019041,0.017592,0.333333,0.1,0.0,Bellevue_116th_NE12th
134,within,0.267223,0.020185,0.019458,0.133333,0.0,0.0,Bellevue_116th_NE12th
135,within,0.240523,0.016441,0.014203,0.166667,0.0,0.0,Bellevue_116th_NE12th
136,within,0.228413,0.019701,0.011868,0.1,0.0,0.0,Bellevue_116th_NE12th
137,within,0.346261,0.054743,0.0398,0.366667,0.0,0.0,Bellevue_116th_NE12th
138,within,0.231626,0.021021,0.012872,0.233333,0.0,0.0,Bellevue_116th_NE12th
139,within,0.228926,0.011733,0.010645,0.233333,0.0,0.0,Bellevue_116th_NE12th
140,within,0.233843,0.021496,0.013863,0.2,0.0,0.0,Bellevue_116th_NE12th
141,within,0.244875,0.017363,0.014722,0.2,0.0,0.0,Bellevue_116th_NE12th
142,within,0.236349,0.014741,0.012986,0.2,0.0,0.0,Bellevue_116th_NE12th
143,within,0.496615,0.144431,0.067692,0.577778,0.233333,0.066667,Bellevue_116th_NE12th
144,within,0.395237,0.058183,0.054861,0.233333,0.0,0.0,Bellevue_116th_NE12th
145,within,0.249832,0.016614,0.015736,0.266667,0.0,0.0,Bellevue_116th_NE12th
146,within,0.249439,0.016092,0.015276,0.2,0.0,0.0,Bellevue_116th_NE12th
147,within,0.246843,0.015311,0.014184,0.233333,0.0,0.0,Bellevue_116th_NE12th
148,within,0.300808,0.036034,0.031021,0.166667,0.0,0.0,Bellevue_116th_NE12th
149,within,0.271042,0.029165,0.022264,0.166667,0.0,0.0,Bellevue_116th_NE12th
150,within,0.226537,0.0183,0.011613,0.233333,0.0,0.0,Bellevue_116th_NE12th
151,within,0.243216,0.015138,0.013272,0.333333,0.0,0.0,Bellevue_116th_NE12th
152,within,0.341447,0.048323,0.039013,0.616667,0.05,0.183333,Bellevue_116th_NE12th
153,within,0.484147,0.130524,0.067315,0.805556,0.341667,0.277778,Bellevue_116th_NE12th
154,within,0.493346,0.104499,0.070528,0.3,0.033333,0.0,Bellevue_116th_NE12th
155,within,0.570595,0.093509,0.118581,0.811111,0.044444,0.058333,Bellevue_116th_NE12th
156,within,0.446873,0.080738,0.063756,0.472222,0.116667,0.05,Bellevue_116th_NE12th
157,within,0.273273,0.03111,0.022869,0.233333,0.0,0.0,Bellevue_116th_NE12th
158,within,0.24346,0.013868,0.013333,0.333333,0.0,0.0,Bellevue_116th_NE12th
159,within,0.269937,0.022326,0.020454,0.266667,0.0,0.0,Bellevue_116th_NE12th
160,within,0.255582,0.018875,0.017213,0.233333,0.0,0.0,Bellevue_116th_NE12th
161,within,0.249712,0.022364,0.017131,0.066667,0.0,0.0,Bellevue_116th_NE12th
162,within,0.250474,0.014632,0.014306,0.366667,0.0,0.0,Bellevue_116th_NE12th
163,within,0.245351,0.024156,0.015841,0.2,0.0,0.0,Bellevue_116th_NE12th
164,within,0.246708,0.017607,0.015335,0.2,0.0,0.0,Bellevue_116th_NE12th
165,within,0.231278,0.02174,0.013197,0.133333,0.0,0.0,Bellevue_116th_NE12th
166,within,0.231083,0.020484,0.012926,0.2,0.0,0.0,Bellevue_116th_NE12th
167,within,0.261113,0.017669,0.017474,0.2,0.0,0.0,Bellevue_116th_NE12th
168,within,0.249282,0.016871,0.01561,0.2,0.0,0.0,Bellevue_116th_NE12th
169,within,0.250065,0.017613,0.015445,0.166667,0.0,0.0,Bellevue_116th_NE12th
170,within,0.304821,0.032633,0.030698,0.383333,0.094444,0.05,Bellevue_116th_NE12th
171,within,0.412862,0.062946,0.049913,0.4,0.033333,0.033333,Bellevue_116th_NE12th
172,within,0.226107,0.021122,0.012844,0.166667,0.0,0.0,Bellevue_116th_NE12th
173,within,0.242736,0.014478,0.013628,0.233333,0.0,0.0,Bellevue_116th_NE12th
174,within,0.242333,0.015743,0.014152,0.1,0.0,0.0,Bellevue_116th_NE12th
175,within,0.373863,0.047299,0.051147,0.3,0.066667,0.033333,Bellevue_116th_NE12th
176,within,0.268805,0.014989,0.019922,0.1,0.0,0.0,Bellevue_116th_NE12th
177,within,0.233079,0.022152,0.013508,0.3,0.0,0.0,Bellevue_116th_NE12th
178,within,0.232989,0.014237,0.012357,0.3,0.033333,0.0,Bellevue_116th_NE12th
179,within,0.528321,0.175673,0.06855,0.386111,0.061111,0.083333,Bellevue_116th_NE12th
180,within,0.509179,0.110412,0.075159,0.4,0.0,0.0,Bellevue_116th_NE12th
181,within,0.275166,0.02306,0.023079,0.583333,0.216667,0.044444,Bellevue_116th_NE12th
182,within,0.336632,0.042375,0.035703,0.266667,0.033333,0.066667,Bellevue_116th_NE12th
183,within,0.251716,0.016145,0.014833,0.3,0.0,0.0,Bellevue_116th_NE12th
184,within,0.257302,0.017647,0.016813,0.2,0.0,0.0,Bellevue_116th_NE12th
185,within,0.236051,0.013923,0.01235,0.166667,0.0,0.0,Bellevue_116th_NE12th
186,within,0.235391,0.013203,0.012732,0.233333,0.0,0.0,Bellevue_116th_NE12th
187,within,0.235434,0.019631,0.013154,0.233333,0.0,0.0,Bellevue_116th_NE12th
188,within,0.223332,0.019078,0.011494,0.133333,0.0,0.0,Bellevue_116th_NE12th
189,within,0.244232,0.015288,0.014452,0.233333,0.0,0.0,Bellevue_116th_NE12th
190,within,0.24396,0.01504,0.014249,0.166667,0.0,0.0,Bellevue_116th_NE12th
191,within,0.337478,0.035472,0.040144,0.3,0.033333,0.033333,Bellevue_116th_NE12th
192,within,0.26366,0.021523,0.019798,0.1,0.0,0.0,Bellevue_116th_NE12th
193,within,0.441366,0.107597,0.057904,0.633333,0.116667,0.1,Bellevue_116th_NE12th
194,within,0.555324,0.161253,0.081445,0.55,0.15,0.033333,Bellevue_116th_NE12th
195,within,0.436323,0.104122,0.058839,0.266667,0.0,0.0,Bellevue_116th_NE12th
196,within,0.242916,0.015347,0.01438,0.033333,0.0,0.0,Bellevue_116th_NE12th
197,within,0.260105,0.01713,0.016567,0.1,0.0,0.0,Bellevue_116th_NE12th
198,within,0.225683,0.019016,0.011629,0.2,0.0,0.0,Bellevue_116th_NE12th
199,within,0.230267,0.014922,0.01139,0.133333,0.0,0.0,Bellevue_116th_NE12th
200,within,0.273993,0.022899,0.021617,0.2,0.0,0.0,Bellevue_116th_NE12th
201,within,0.251885,0.015135,0.014755,0.166667,0.0,0.0,Bellevue_116th_NE12th
202,within,0.247905,0.015274,0.014249,0.133333,0.0,0.0,Bellevue_116th_NE12th
203,within,0.243363,0.015482,0.013753,0.333333,0.0,0.0,Bellevue_116th_NE12th
204,within,0.259277,0.017983,0.016984,0.4,0.0,0.0,Bellevue_116th_NE12th
205,within,0.259297,0.016648,0.016175,0.1,0.0,0.0,Bellevue_116th_NE12th
206,within,0.227626,0.015579,0.01131,0.4,0.166667,0.016667,Bellevue_116th_NE12th
207,within,0.292083,0.036694,0.028321,0.2,0.133333,0.0,Bellevue_116th_NE12th
208,within,0.497654,0.081979,0.085528,0.358333,0.1,0.05,Bellevue_116th_NE12th
209,within,0.265731,0.026334,0.021742,0.166667,0.0,0.0,Bellevue_116th_NE12th
210,within,0.247546,0.019191,0.016345,0.2,0.0,0.0,Bellevue_116th_NE12th
211,within,0.258288,0.025012,0.018694,0.233333,0.0,0.0,Bellevue_116th_NE12th
212,within,0.252349,0.01818,0.016716,0.233333,0.0,0.0,Bellevue_116th_NE12th
213,within,0.235024,0.012219,0.01153,0.266667,0.0,0.0,Bellevue_116th_NE12th
214,within,0.253436,0.016789,0.017923,0.366667,0.083333,0.0,Bellevue_116th_NE12th
215,within,0.311865,0.029969,0.034122,0.3,0.0,0.0,Bellevue_116th_NE12th
216,within,0.237556,0.014754,0.013633,0.3,0.0,0.0,Bellevue_116th_NE12th
217,within,0.247999,0.016084,0.016075,0.266667,0.0,0.0,Bellevue_116th_NE12th
218,within,0.250363,0.020198,0.016107,0.2,0.0,0.0,Bellevue_116th_NE12th
219,within,0.243379,0.023576,0.015867,0.033333,0.0,0.0,Bellevue_116th_NE12th
220,within,0.250054,0.014458,0.014462,0.2,0.0,0.0,Bellevue_116th_NE12th
221,within,0.251372,0.019392,0.016538,0.166667,0.0,0.0,Bellevue_116th_NE12th
222,within,0.277875,0.027351,0.023753,0.266667,0.0,0.0,Bellevue_116th_NE12th
223,within,0.387756,0.050137,0.052123,0.476667,0.1,0.033333,Bellevue_116th_NE12th
224,within,0.386572,0.069118,0.048941,0.466667,0.011111,0.011111,Bellevue_116th_NE12th
225,within,0.411147,0.061162,0.056072,0.338889,0.016667,0.066667,Bellevue_116th_NE12th
226,within,0.383889,0.064864,0.046145,0.366667,0.066667,0.066667,Bellevue_116th_NE12th
227,within,0.235603,0.017512,0.012426,0.266667,0.0,0.0,Bellevue_116th_NE12th
228,within,0.26635,0.029571,0.021744,0.166667,0.0,0.0,Bellevue_116th_NE12th
229,within,0.241244,0.015937,0.014232,0.1,0.0,0.0,Bellevue_116th_NE12th
230,within,0.23136,0.018654,0.012765,0.166667,0.0,0.0,Bellevue_116th_NE12th
231,within,0.244453,0.0157,0.014728,0.066667,0.0,0.0,Bellevue_116th_NE12th
232,within,0.245901,0.014884,0.014447,0.266667,0.0,0.0,Bellevue_116th_NE12th
233,within,0.243315,0.014159,0.013703,0.166667,0.0,0.0,Bellevue_116th_NE12th
234,within,0.243302,0.015487,0.014396,0.2,0.0,0.0,Bellevue_116th_NE12th
235,within,0.24028,0.015148,0.013265,0.133333,0.0,0.0,Bellevue_116th_NE12th
236,within,0.274786,0.026586,0.022313,0.1,0.0,0.0,Bellevue_116th_NE12th
237,within,0.257662,0.015638,0.016231,0.166667,0.0,0.0,Bellevue_116th_NE12th
238,within,0.247752,0.015367,0.014774,0.033333,0.0,0.0,Bellevue_116th_NE12th
239,within,0.239562,0.014183,0.013115,0.166667,0.0,0.0,Bellevue_116th_NE12th
240,within,0.24547,0.014779,0.013917,0.166667,0.0,0.0,Bellevue_116th_NE12th
241,within,0.253089,0.017539,0.016614,0.733333,0.0,0.2,Bellevue_116th_NE12th
242,within,0.540649,0.088777,0.105401,0.433333,0.208333,0.016667,Bellevue_116th_NE12th
243,within,0.475737,0.129496,0.06527,0.4,0.1,0.033333,Bellevue_116th_NE12th
244,within,0.306055,0.03536,0.031565,0.3,0.0,0.0,Bellevue_116th_NE12th
245,within,0.247481,0.015526,0.015066,0.2,0.0,0.0,Bellevue_116th_NE12th
246,within,0.253469,0.015092,0.014959,0.266667,0.0,0.0,Bellevue_116th_NE12th
247,within,0.240791,0.014731,0.013872,0.6,0.316667,0.094444,Bellevue_116th_NE12th
248,within,0.504776,0.159534,0.067226,0.708333,0.316667,0.094444,Bellevue_116th_NE12th
249,within,0.398767,0.063317,0.052463,0.2,0.0,0.0,Bellevue_116th_NE12th
250,within,0.232267,0.01285,0.012152,0.033333,0.0,0.0,Bellevue_116th_NE12th
251,within,0.260068,0.019827,0.017751,0.133333,0.0,0.0,Bellevue_116th_NE12th
252,within,0.255218,0.016311,0.015925,0.166667,0.0,0.0,Bellevue_116th_NE12th
253,within,0.247298,0.016056,0.015133,0.1,0.0,0.0,Bellevue_116th_NE12th
254,within,0.243665,0.017361,0.014251,0.3,0.0,0.0,Bellevue_116th_NE12th
255,within,0.243815,0.013698,0.013376,0.166667,0.0,0.0,Bellevue_116th_NE12th
256,within,0.250202,0.017091,0.015912,0.033333,0.0,0.0,Bellevue_116th_NE12th
257,within,0.244221,0.015147,0.013939,0.0,0.0,0.0,Bellevue_116th_NE12th
258,within,0.245563,0.015773,0.01422,0.133333,0.0,0.0,Bellevue_116th_NE12th
259,within,0.248159,0.017139,0.015352,0.066667,0.0,0.0,Bellevue_116th_NE12th
260,within,0.237513,0.019055,0.013668,0.333333,0.0,0.0,Bellevue_116th_NE12th
261,within,0.316463,0.036814,0.03435,0.233333,0.0,0.0,Bellevue_116th_NE12th
262,within,0.330061,0.037963,0.038904,0.3,0.0,0.0,Bellevue_116th_NE12th
263,within,0.384286,0.050918,0.051984,0.372222,0.0,0.0,Bellevue_116th_NE12th
264,within,0.569866,0.100347,0.110331,0.605556,0.2,0.1,Bellevue_116th_NE12th
265,within,0.395791,0.068262,0.051551,0.725,0.352778,0.077778,Bellevue_116th_NE12th
266,within,0.311206,0.039605,0.032249,0.166667,0.0,0.0,Bellevue_116th_NE12th
267,within,0.229426,0.011748,0.011473,0.133333,0.0,0.0,Bellevue_116th_NE12th
268,within,0.253235,0.017441,0.016003,0.2,0.0,0.0,Bellevue_116th_NE12th
269,within,0.256244,0.015688,0.015405,0.2,0.0,0.0,Bellevue_116th_NE12th
270,within,0.236049,0.016302,0.013599,0.266667,0.016667,0.05,Bellevue_116th_NE12th
271,within,0.298091,0.032432,0.029681,0.1,0.0,0.0,Bellevue_116th_NE12th
272,within,0.240772,0.01751,0.013671,0.166667,0.0,0.0,Bellevue_116th_NE12th
273,within,0.254493,0.016637,0.016835,0.133333,0.0,0.0,Bellevue_116th_NE12th
274,within,0.242554,0.021456,0.015131,0.133333,0.0,0.0,Bellevue_116th_NE12th
275,within,0.265579,0.017967,0.019303,0.344444,0.116667,0.0,Bellevue_116th_NE12th
276,within,0.316903,0.037863,0.030944,0.45,0.116667,0.05,Bellevue_116th_NE12th
277,within,0.371839,0.041555,0.049714,0.3,0.0,0.0,Bellevue_116th_NE12th
278,within,0.233903,0.013194,0.012075,0.366667,0.116667,0.033333,Bellevue_116th_NE12th
279,within,0.338712,0.034028,0.038193,0.066667,0.0,0.0,Bellevue_116th_NE12th
280,within,0.257131,0.016858,0.016778,0.3,0.0,0.066667,Bellevue_116th_NE12th
281,within,0.261787,0.017079,0.01879,0.266667,0.0,0.0,Bellevue_116th_NE12th
282,within,0.250435,0.015365,0.015212,0.2,0.0,0.0,Bellevue_116th_NE12th
283,within,0.297452,0.035542,0.029083,0.166667,0.0,0.0,Bellevue_116th_NE12th
284,within,0.25849,0.018399,0.017493,0.266667,0.0,0.0,Bellevue_116th_NE12th
285,within,0.237975,0.014014,0.013511,0.1,0.0,0.0,Bellevue_116th_NE12th
286,within,0.261072,0.022032,0.019127,0.266667,0.0,0.0,Bellevue_116th_NE12th
287,within,0.362702,0.044924,0.047623,0.283333,0.0,0.033333,Bellevue_116th_NE12th
288,within,0.32331,0.037319,0.034032,0.233333,0.0,0.0,Bellevue_116th_NE12th
289,within,0.252516,0.01495,0.015605,0.2,0.0,0.0,Bellevue_116th_NE12th
290,within,0.236583,0.013673,0.013202,0.3,0.0,0.0,Bellevue_116th_NE12th
291,within,0.237106,0.013951,0.013367,0.266667,0.0,0.0,Bellevue_116th_NE12th
292,within,0.242495,0.014039,0.01331,0.166667,0.0,0.0,Bellevue_116th_NE12th
293,within,0.242605,0.015141,0.013746,0.166667,0.0,0.0,Bellevue_116th_NE12th
294,within,0.243282,0.013457,0.012937,0.522222,0.111111,0.083333,Bellevue_116th_NE12th
295,within,0.520256,0.082783,0.066604,0.5,0.05,0.133333,Bellevue_116th_NE12th
296,within,0.307356,0.03797,0.032577,0.166667,0.0,0.0,Bellevue_116th_NE12th
297,within,0.239054,0.014061,0.013456,0.066667,0.0,0.0,Bellevue_116th_NE12th
298,within,0.222773,0.018558,0.011048,0.166667,0.0,0.0,Bellevue_116th_NE12th
299,within,0.230589,0.01965,0.011904,0.166667,0.0,0.0,Bellevue_116th_NE12th
300,within,0.244763,0.016275,0.015334,0.2,0.0,0.0,Bellevue_116th_NE12th
301,within,0.245756,0.015375,0.014981,0.133333,0.0,0.0,Bellevue_116th_NE12th
302,within,0.243438,0.015101,0.014306,0.266667,0.0,0.0,Bellevue_116th_NE12th
303,within,0.251213,0.016165,0.015331,0.066667,0.0,0.0,Bellevue_116th_NE12th
304,within,0.240497,0.014555,0.013951,0.266667,0.0,0.0,Bellevue_116th_NE12th
305,within,0.253,0.016444,0.015679,0.133333,0.0,0.0,Bellevue_116th_NE12th
306,within,0.245435,0.016881,0.015091,0.658333,0.072222,0.152778,Bellevue_116th_NE12th
307,within,0.575402,0.23014,0.073183,0.687222,0.462222,0.036111,Bellevue_116th_NE12th
308,within,0.45162,0.077945,0.065428,0.2,0.0,0.0,Bellevue_116th_NE12th
309,within,0.251016,0.018947,0.015795,0.411111,0.088889,0.022222,Bellevue_116th_NE12th
310,within,0.605409,0.127233,0.115812,0.461667,0.152778,0.055556,Bellevue_116th_NE12th
311,within,0.40953,0.070082,0.056336,0.466667,0.1,0.066667,Bellevue_116th_NE12th
312,within,0.366438,0.070732,0.043735,0.402778,0.166667,0.033333,Bellevue_116th_NE12th
313,within,0.361808,0.077951,0.042992,0.272222,0.0,0.0,Bellevue_116th_NE12th
314,within,0.258923,0.030601,0.019497,0.25,0.066667,0.066667,Bellevue_116th_NE12th
315,within,0.512209,0.167909,0.065827,0.533333,0.361111,0.033333,Bellevue_116th_NE12th
316,within,0.524632,0.199721,0.063794,0.305556,0.011111,0.0,Bellevue_116th_NE12th
317,within,0.23907,0.023602,0.015568,0.133333,0.0,0.0,Bellevue_116th_NE12th
318,within,0.245256,0.014317,0.01402,0.45,-0.033333,0.216667,Bellevue_116th_NE12th
319,within,0.344537,0.042023,0.039195,0.3,0.033333,0.083333,Bellevue_116th_NE12th
320,within,0.289825,0.034625,0.026961,0.166667,0.0,0.0,Bellevue_116th_NE12th
321,within,0.240567,0.022703,0.014479,0.3,0.0,0.0,Bellevue_116th_NE12th
322,within,0.263043,0.028441,0.020165,0.2,0.0,0.0,Bellevue_116th_NE12th
323,within,0.249534,0.015455,0.013795,0.166667,0.0,0.0,Bellevue_116th_NE12th
324,within,0.245994,0.015668,0.013876,0.166667,0.0,0.0,Bellevue_116th_NE12th
325,within,0.239298,0.01452,0.013492,0.033333,0.0,0.0,Bellevue_116th_NE12th
326,within,0.232495,0.017629,0.012067,0.1,0.0,0.0,Bellevue_116th_NE12th
327,within,0.248598,0.025396,0.016531,0.505556,0.116667,0.1,Bellevue_116th_NE12th
328,within,0.311843,0.031592,0.033383,0.266667,0.0,0.0,Bellevue_116th_NE12th
329,within,0.240871,0.025832,0.015588,0.233333,0.0,0.0,Bellevue_116th_NE12th
330,within,0.236012,0.020787,0.013269,0.233333,0.0,0.0,Bellevue_116th_NE12th
331,within,0.271141,0.027591,0.022273,0.516667,-0.033333,0.033333,Bellevue_116th_NE12th
332,within,0.433492,0.047157,0.064253,0.333333,0.066667,0.066667,Bellevue_116th_NE12th
333,within,0.338206,0.043372,0.040867,0.2,0.0,0.0,Bellevue_116th_NE12th
334,within,0.341281,0.048423,0.041753,0.266667,0.055556,0.0,Bellevue_116th_NE12th
335,within,0.447389,0.090689,0.059122,0.433333,0.122222,0.0,Bellevue_116th_NE12th
336,within,0.355103,0.043876,0.045535,0.233333,0.0,0.0,Bellevue_116th_NE12th
337,within,0.24324,0.01409,0.013795,0.2,0.0,0.0,Bellevue_116th_NE12th
338,within,0.228029,0.018104,0.012378,0.233333,0.0,0.0,Bellevue_116th_NE12th
339,within,0.362343,0.052163,0.046145,0.45,0.061111,0.066667,Bellevue_116th_NE12th
340,within,0.553663,0.111362,0.094827,0.363889,-0.305556,0.058333,Bellevue_116th_NE12th
341,within,0.351089,0.067717,0.033871,0.544444,-0.033333,0.022222,Bellevue_116th_NE12th
342,within,0.575752,0.165016,0.090738,0.813889,0.463889,0.108333,Bellevue_116th_NE12th
343,within,0.572115,0.121978,0.100296,0.5,0.216667,0.0,Bellevue_116th_NE12th
344,within,0.267616,0.023537,0.022561,0.494444,0.083333,0.0,Bellevue_116th_NE12th
345,within,0.381587,0.042237,0.053498,0.2,0.0,0.0,Bellevue_116th_NE12th
346,within,0.247969,0.018863,0.014962,0.266667,0.0,0.0,Bellevue_116th_NE12th
347,within,0.241242,0.013101,0.012601,0.066667,0.0,0.0,Bellevue_116th_NE12th
348,within,0.232816,0.020907,0.01314,0.283333,0.083333,0.033333,Bellevue_116th_NE12th
349,within,0.544486,0.199535,0.069931,0.25,0.066667,0.0,Bellevue_116th_NE12th
350,within,0.477134,0.111174,0.068285,0.3,0.0,0.0,Bellevue_116th_NE12th
351,within,0.219546,0.01188,0.009911,0.4,0.0,0.0,Bellevue_116th_NE12th
352,within,0.247556,0.015646,0.014703,0.366667,-0.055556,0.083333,Bellevue_116th_NE12th
353,within,0.505918,0.054536,0.101649,0.533333,-0.133333,0.35,Bellevue_116th_NE12th
354,within,0.365669,0.047819,0.043591,0.7,0.0,0.7,Bellevue_116th_NE12th
355,within,0.241001,0.019946,0.013717,0.416667,0.0,0.0,Bellevue_116th_NE12th
356,within,0.563833,0.204531,0.074846,0.588889,0.166667,0.133333,Bellevue_116th_NE12th
357,within,0.522907,0.072903,0.103481,0.15,0.033333,0.0,Bellevue_116th_NE12th
358,within,0.425493,0.059282,0.064916,0.683333,0.25,0.1,Bellevue_116th_NE12th
359,within,0.431901,0.035509,0.067308,0.25,0.033333,0.0,Bellevue_116th_NE12th
360,within,0.483235,0.138682,0.066221,0.555556,0.133333,0.183333,Bellevue_116th_NE12th
361,within,0.361692,0.038423,0.047439,0.2,0.0,0.0,Bellevue_116th_NE12th
362,within,0.245332,0.017623,0.015529,0.233333,0.0,0.0,Bellevue_116th_NE12th
363,within,0.286352,0.027531,0.026712,0.483333,0.033333,0.016667,Bellevue_116th_NE12th
364,within,0.250419,0.025601,0.017869,0.2,0.0,0.0,Bellevue_116th_NE12th
365,within,0.226516,0.015111,0.011205,0.233333,0.0,0.0,Bellevue_116th_NE12th
366,within,0.241593,0.013892,0.012537,0.233333,0.0,0.0,Bellevue_116th_NE12th
367,within,0.242322,0.015014,0.012889,0.233333,0.0,0.0,Bellevue_116th_NE12th
368,within,0.222203,0.015463,0.01031,0.2,0.0,0.0,Bellevue_116th_NE12th
369,within,0.24022,0.013661,0.013049,0.166667,0.0,0.0,Bellevue_116th_NE12th
370,within,0.364969,0.049555,0.047394,0.333333,0.033333,0.0,Bellevue_116th_NE12th
371,within,0.370039,0.046932,0.04602,0.383333,0.016667,0.15,Bellevue_116th_NE12th
372,within,0.532715,0.075032,0.108591,0.516667,0.016667,0.066667,Bellevue_116th_NE12th
373,within,0.4894,0.101382,0.07481,0.605556,0.066667,0.0,Bellevue_116th_NE12th
374,within,0.41562,0.099963,0.056558,0.266667,0.033333,0.016667,Bellevue_116th_NE12th
375,within,0.33316,0.02998,0.038173,0.5,0.15,0.033333,Bellevue_116th_NE12th
376,within,0.31156,0.039692,0.032209,0.3,0.0,0.0,Bellevue_116th_NE12th
377,within,0.237726,0.014375,0.012857,0.166667,0.0,0.0,Bellevue_116th_NE12th
378,within,0.26015,0.019423,0.017945,0.266667,0.0,0.0,Bellevue_116th_NE12th
379,within,0.234906,0.013314,0.012461,0.066667,0.0,0.0,Bellevue_116th_NE12th
380,within,0.235656,0.021195,0.01346,0.2,0.0,0.0,Bellevue_116th_NE12th
381,within,0.231313,0.014506,0.011593,0.3,0.0,0.0,Bellevue_116th_NE12th
382,within,0.227999,0.019988,0.012014,0.3,0.0,0.0,Bellevue_116th_NE12th
383,within,0.239435,0.021563,0.014095,0.166667,0.0,0.0,Bellevue_116th_NE12th
384,within,0.433311,0.103752,0.056455,0.188889,0.1,0.0,Bellevue_116th_NE12th
385,within,0.480547,0.138777,0.064995,0.241667,0.0,0.016667,Bellevue_116th_NE12th
386,within,0.327715,0.040681,0.037125,0.3,0.0,0.0,Bellevue_116th_NE12th
387,within,0.271116,0.02397,0.02254,0.533333,-0.066667,0.35,Bellevue_116th_NE12th
388,within,0.571649,0.111579,0.111501,0.616667,0.061111,0.15,Bellevue_116th_NE12th
389,within,0.307095,0.038165,0.031747,0.566667,0.0,0.0,Bellevue_116th_NE12th
390,within,0.256064,0.01849,0.017092,0.166667,0.0,0.0,Bellevue_116th_NE12th
391,within,0.239781,0.016177,0.01276,0.55,0.233333,0.0,Bellevue_116th_NE12th
392,within,0.500509,0.151441,0.068222,0.358333,0.011111,0.15,Bellevue_116th_NE12th
393,within,0.455202,0.082158,0.06575,0.3,-0.033333,0.033333,Bellevue_116th_NE12th
394,within,0.308926,0.034166,0.03079,0.5,0.044444,0.033333,Bellevue_116th_NE12th
395,within,0.304356,0.028451,0.030795,0.366667,0.0,0.0,Bellevue_116th_NE12th
396,within,0.266296,0.025013,0.020161,0.166667,0.0,0.0,Bellevue_116th_NE12th
397,within,0.238594,0.01349,0.012312,0.233333,-0.033333,0.033333,Bellevue_116th_NE12th
398,within,0.243338,0.018269,0.013639,0.3,0.0,0.0,Bellevue_116th_NE12th
399,within,0.245907,0.015886,0.013494,0.4,0.0,0.0,Bellevue_116th_NE12th
400,within,0.322352,0.049384,0.035304,0.555556,0.183333,0.116667,Bellevue_116th_NE12th
401,within,0.551446,0.196236,0.072931,0.511667,0.153889,0.015,Bellevue_116th_NE12th
402,within,0.45244,0.098318,0.062614,0.521111,0.233333,0.094444,Bellevue_116th_NE12th
403,within,0.406429,0.067009,0.053805,0.616667,0.233333,0.033333,Bellevue_116th_NE12th
404,within,0.282735,0.035505,0.023706,0.833333,0.0,0.0,Bellevue_116th_NE12th
405,within,0.256928,0.019619,0.017219,0.133333,0.0,0.0,Bellevue_116th_NE12th
406,within,0.245666,0.01686,0.014706,0.2,0.0,0.0,Bellevue_116th_NE12th
407,within,0.303424,0.032424,0.031573,0.366667,0.066667,0.0,Bellevue_116th_NE12th
408,within,0.329487,0.028403,0.037989,0.166667,0.0,0.0,Bellevue_116th_NE12th
409,within,0.233327,0.012847,0.01207,0.438889,0.027778,0.033333,Bellevue_116th_NE12th
410,within,0.485348,0.099124,0.070237,0.277778,0.0,0.016667,Bellevue_116th_NE12th
411,within,0.441912,0.037541,0.07129,0.572222,0.2,0.1,Bellevue_116th_NE12th
412,within,0.427511,0.064163,0.059701,0.35,0.15,0.0,Bellevue_116th_NE12th
413,within,0.256561,0.017123,0.016461,0.4,0.0,0.0,Bellevue_116th_NE12th
414,within,0.238312,0.013933,0.013089,0.133333,0.0,0.0,Bellevue_116th_NE12th
415,within,0.469659,0.12319,0.063725,0.333333,0.066667,0.066667,Bellevue_116th_NE12th
416,within,0.493992,0.137415,0.068408,0.666667,0.233333,0.233333,Bellevue_116th_NE12th
417,within,0.419992,0.066343,0.059348,0.2,0.0,0.0,Bellevue_116th_NE12th
418,within,0.476169,0.052793,0.078205,0.85,0.594444,0.033333,Bellevue_116th_NE12th
419,within,0.535921,0.087072,0.102626,0.444444,0.2,0.0,Bellevue_116th_NE12th
420,within,0.241471,0.014158,0.013511,0.62,0.15,0.061111,Bellevue_116th_NE12th
421,within,0.470024,0.098323,0.06437,0.738889,0.422222,0.033333,Bellevue_116th_NE12th
422,within,0.489073,0.097051,0.072101,0.372222,0.016667,0.033333,Bellevue_116th_NE12th
423,within,0.260539,0.024189,0.020827,0.2,0.0,0.0,Bellevue_116th_NE12th
424,within,0.271037,0.032682,0.022485,0.5,-0.133333,0.233333,Bellevue_116th_NE12th
425,within,0.587562,0.103311,0.122664,0.683889,0.069444,0.072222,Bellevue_116th_NE12th
426,within,0.404018,0.068466,0.051927,0.538889,0.05,0.016667,Bellevue_116th_NE12th
427,within,0.230641,0.020179,0.012647,0.3,0.0,0.0,Bellevue_116th_NE12th
428,within,0.292301,0.035154,0.029087,0.1,0.0,0.0,Bellevue_116th_NE12th
429,within,0.248159,0.023583,0.016045,0.4,0.0,0.0,Bellevue_116th_NE12th
430,within,0.24147,0.013517,0.013035,0.266667,0.0,0.0,Bellevue_116th_NE12th
431,within,0.23427,0.019134,0.013909,0.833333,0.0,0.5,Bellevue_116th_NE12th
432,within,0.56576,0.100465,0.118658,0.711111,0.113889,0.219444,Bellevue_116th_NE12th
433,within,0.442392,0.100301,0.06093,0.133333,0.033333,0.0,Bellevue_116th_NE12th
434,within,0.361484,0.042975,0.038897,0.488889,0.383333,0.044444,Bellevue_116th_NE12th
435,within,0.592247,0.218138,0.076374,0.427778,0.183333,0.033333,Bellevue_116th_NE12th
436,within,0.618331,0.180833,0.098469,0.405556,0.188889,0.044444,Bellevue_116th_NE12th
437,within,0.473768,0.12963,0.060246,0.183333,0.027778,0.0,Bellevue_116th_NE12th
438,within,0.505934,0.155814,0.067817,0.538889,0.1,0.05,Bellevue_116th_NE12th
439,within,0.492132,0.11272,0.076726,0.5,0.133333,0.1,Bellevue_116th_NE12th
440,within,0.298331,0.029106,0.028006,0.4,0.0,0.0,Bellevue_116th_NE12th
441,within,0.433846,0.044438,0.070114,0.191667,-0.016667,0.033333,Bellevue_116th_NE12th
442,within,0.43494,0.061504,0.05306,0.672222,0.033333,0.027778,Bellevue_116th_NE12th
443,within,0.632811,0.157121,0.11729,0.530556,0.123333,0.08,Bellevue_116th_NE12th
444,within,0.605142,0.235897,0.095033,0.466667,0.183333,0.016667,Bellevue_116th_NE12th
445,within,0.560263,0.15483,0.094649,0.35,0.088889,0.0,Bellevue_116th_NE12th
446,within,0.605888,0.166871,0.106791,0.575556,0.175,0.155556,Bellevue_116th_NE12th
447,within,0.549181,0.162681,0.091559,0.288889,0.1,0.05,Bellevue_116th_NE12th
448,within,0.553065,0.155408,0.093099,0.266667,0.05,0.033333,Bellevue_116th_NE12th
449,within,0.586856,0.150396,0.109854,0.497222,-0.255556,0.525,Bellevue_116th_NE12th
450,within,0.616422,0.144688,0.121668,0.478333,0.109286,0.038333,Bellevue_116th_NE12th
451,within,0.596152,0.199834,0.094469,0.876984,0.582341,0.116429,Bellevue_116th_NE12th
452,within,0.535299,0.166675,0.083895,0.52627,0.154444,0.047222,Bellevue_116th_NE12th
453,within,0.613005,0.22993,0.090409,0.522222,0.055556,0.052778,Bellevue_116th_NE12th
454,within,0.614508,0.139054,0.112776,0.566667,0.083333,0.233333,Bellevue_116th_NE12th
455,within,0.60031,0.142695,0.107902,0.291667,0.044444,0.05,Bellevue_116th_NE12th
456,within,0.595232,0.143014,0.118035,0.411111,0.15,0.066667,Bellevue_116th_NE12th
457,within,0.528071,0.187255,0.074107,0.541667,0.208889,0.109444,Bellevue_116th_NE12th
458,within,0.598715,0.209957,0.098601,0.66172,0.248148,0.163823,Bellevue_116th_NE12th
459,within,0.587297,0.184946,0.090101,0.564405,0.14123,0.095873,Bellevue_116th_NE12th
460,within,0.616938,0.13148,0.109423,0.633333,0.072222,0.041667,Bellevue_116th_NE12th
461,within,0.582529,0.117234,0.108441,0.416111,0.136667,0.041667,Bellevue_116th_NE12th
462,within,0.595754,0.164471,0.09561,0.437222,0.06,0.081111,Bellevue_116th_NE12th
463,within,0.50686,0.170167,0.069041,0.555556,0.461111,0.0,Bellevue_116th_NE12th
464,within,0.599685,0.141065,0.103973,0.4,0.033333,0.1,Bellevue_116th_NE12th
465,within,0.547091,0.182674,0.07382,0.066667,0.033333,0.033333,Bellevue_116th_NE12th
466,within,0.535641,0.167032,0.083029,0.383333,0.116667,0.05,Bellevue_116th_NE12th
467,within,0.58125,0.186207,0.098658,0.363889,0.125,0.041667,Bellevue_116th_NE12th
468,within,0.536319,0.201979,0.071624,0.475,0.263889,0.052778,Bellevue_116th_NE12th
469,within,0.582244,0.185246,0.091435,0.387778,0.122222,0.05,Bellevue_116th_NE12th
470,within,0.508857,0.151896,0.074846,0.488889,0.177778,0.066667,Bellevue_116th_NE12th
471,within,0.466964,0.159813,0.054652,0.190556,0.036667,0.025,Bellevue_116th_NE12th
472,within,0.526394,0.170828,0.07601,0.567222,0.297778,0.065,Bellevue_116th_NE12th
473,within,0.518338,0.187609,0.067888,0.30381,0.109762,0.063095,Bellevue_116th_NE12th
474,within,0.466998,0.158937,0.051068,0.416667,0.233333,0.0,Bellevue_116th_NE12th
475,within,0.441578,0.135567,0.057485,0.605556,0.066667,0.116667,Bellevue_116th_NE12th
476,within,0.490825,0.159381,0.056142,0.283333,0.116667,0.0,Bellevue_116th_NE12th
477,within,0.542263,0.113738,0.089981,0.466667,-0.016667,0.166667,Bellevue_116th_NE12th
478,within,0.55274,0.130777,0.097663,0.486111,0.155556,0.125,Bellevue_116th_NE12th
479,within,0.439858,0.092298,0.056473,0.586111,0.105556,0.111111,Bellevue_116th_NE12th
480,within,0.474389,0.1098,0.061749,0.533333,0.15,0.05,Bellevue_116th_NE12th
481,within,0.488698,0.1379,0.067612,0.477381,0.045833,0.067778,Bellevue_116th_NE12th
482,within,0.451243,0.115366,0.064139,0.538135,0.103452,0.042857,Bellevue_116th_NE12th
483,within,0.468918,0.131148,0.06091,0.508189,0.110123,0.038005,Bellevue_116th_NE12th
484,within,0.451206,0.111265,0.060526,0.628373,0.025,0.154484,Bellevue_116th_NE12th
485,within,0.556666,0.117235,0.08878,0.700397,0.127302,0.181984,Bellevue_116th_NE12th
486,within,0.417187,0.10594,0.056946,0.527778,0.075,0.177778,Bellevue_116th_NE12th
487,within,0.500101,0.09112,0.089293,0.386111,-0.111667,0.302778,Bellevue_116th_NE12th
488,within,0.397867,0.08593,0.05334,0.412468,0.1618,0.031999,Bellevue_116th_NE12th
489,within,0.431632,0.103204,0.060696,0.592411,0.117795,0.130402,Bellevue_116th_NE12th
490,within,0.426472,0.113011,0.057085,0.734272,0.110582,0.247077,Bellevue_116th_NE12th
491,within,0.419855,0.089398,0.054069,0.534524,0.132778,0.046667,Bellevue_116th_NE12th
492,within,0.453431,0.090894,0.063502,0.488889,0.15,0.066667,Bellevue_116th_NE12th
493,within,0.417319,0.100662,0.054416,0.365556,0.056667,0.0,Bellevue_116th_NE12th
494,within,0.422231,0.106605,0.056023,0.546667,0.104444,0.053889,Bellevue_116th_NE12th
495,within,0.402104,0.091378,0.053335,0.630556,0.088889,0.066667,Bellevue_116th_NE12th
496,within,0.408263,0.090294,0.057014,0.616587,0.181905,0.102222,Bellevue_116th_NE12th
497,within,0.414394,0.105738,0.054541,0.497923,0.08418,0.092116,Bellevue_116th_NE12th
498,within,0.523063,0.116948,0.078917,0.867063,0.523968,0.113651,Bellevue_116th_NE12th
499,within,0.529324,0.087296,0.060285,0.720476,0.13623,0.164167,Bellevue_116th_NE12th
500,within,0.391205,0.068459,0.054282,0.573452,0.134246,0.085913,Bellevue_116th_NE12th
501,within,0.418673,0.102148,0.057257,0.521111,0.039405,0.095172,Bellevue_116th_NE12th
502,within,0.428183,0.111121,0.059094,0.556587,0.126429,0.058095,Bellevue_116th_NE12th
503,within,0.417569,0.115123,0.054928,0.518333,0.076667,0.052222,Bellevue_116th_NE12th
504,within,0.414139,0.118342,0.052804,0.45,0.016667,0.05,Bellevue_116th_NE12th
505,within,0.48566,0.128943,0.064207,0.541667,-0.002778,0.211111,Bellevue_116th_NE12th
506,within,0.448284,0.099275,0.067984,0.544299,0.131944,0.058651,Bellevue_116th_NE12th
507,within,0.442927,0.110916,0.062257,0.66627,0.036111,0.034444,Bellevue_116th_NE12th
508,within,0.4351,0.114189,0.06034,0.505556,0.159484,0.024802,Bellevue_116th_NE12th
509,within,0.462452,0.107756,0.068848,0.506905,0.282685,0.008929,Bellevue_116th_NE12th
510,within,0.441148,0.111814,0.062799,0.574401,0.178496,0.048387,Bellevue_116th_NE12th
511,within,0.431599,0.115828,0.060328,0.580159,0.038333,0.125,Bellevue_116th_NE12th
512,within,0.446029,0.118499,0.059198,0.568016,0.098413,0.101667,Bellevue_116th_NE12th
513,within,0.40859,0.116663,0.051187,0.450556,0.074444,0.058333,Bellevue_116th_NE12th
514,within,0.425475,0.108362,0.059287,0.40004,0.040317,0.059841,Bellevue_116th_NE12th
515,within,0.424709,0.114694,0.056595,0.609365,0.135873,0.085873,Bellevue_116th_NE12th
516,within,0.43014,0.108942,0.057324,0.416667,0.152778,0.069444,Bellevue_116th_NE12th
517,within,0.412628,0.114238,0.049376,0.408611,0.178333,0.027778,Bellevue_116th_NE12th
518,within,0.459143,0.12334,0.059321,0.621047,0.197629,0.12934,Bellevue_116th_NE12th
519,within,0.415501,0.113548,0.054215,0.57026,0.168815,0.134221,Bellevue_116th_NE12th
520,within,0.425121,0.113803,0.056395,0.530152,0.167977,0.108469,Bellevue_116th_NE12th
521,within,0.454865,0.117567,0.059382,0.680754,0.10463,0.105423,Bellevue_116th_NE12th
522,within,0.406347,0.098534,0.058667,0.61345,0.078163,0.087964,Bellevue_116th_NE12th
523,within,0.421827,0.115984,0.056717,0.59119,0.063413,0.124206,Bellevue_116th_NE12th
524,within,0.400832,0.114738,0.049572,0.360556,0.075,0.1,Bellevue_116th_NE12th
525,within,0.404016,0.119862,0.043701,0.630556,0.175,0.141667,Bellevue_116th_NE12th
526,within,0.44016,0.127052,0.057994,0.481587,0.102222,0.011111,Bellevue_116th_NE12th
527,within,0.420375,0.120939,0.053502,0.618254,0.040556,0.064444,Bellevue_116th_NE12th
528,within,0.421028,0.118585,0.053558,0.627778,0.102778,0.052778,Bellevue_116th_NE12th
529,within,0.423997,0.125462,0.054019,0.454444,0.041812,0.049392,Bellevue_116th_NE12th
530,within,0.397838,0.107336,0.050296,0.595394,0.226629,0.028468,Bellevue_116th_NE12th
531,within,0.41964,0.119778,0.055272,0.806429,0.221508,0.081905,Bellevue_116th_NE12th
532,within,0.401298,0.11161,0.049482,0.699048,0.057937,0.085595,Bellevue_116th_NE12th
533,within,0.422962,0.125178,0.047352,0.388889,0.04,0.044444,Bellevue_116th_NE12th
534,within,0.434644,0.130448,0.053828,0.766945,0.101111,0.086111,Bellevue_116th_NE12th
535,within,0.458648,0.116916,0.050752,0.706071,0.132857,0.036111,Bellevue_116th_NE12th
536,within,0.526361,0.13365,0.106043,0.674444,0.101865,0.076151,Bellevue_116th_NE12th
537,within,0.46206,0.129124,0.066203,0.746773,0.209272,0.056406,Bellevue_116th_NE12th
538,within,0.565071,0.049939,0.054141,0.744885,0.310662,0.039882,Bellevue_116th_NE12th
539,within,0.418211,0.120714,0.054192,0.603199,0.069313,0.052977,Bellevue_116th_NE12th
540,within,0.405664,0.123407,0.050841,0.591438,0.09986,0.082267,Bellevue_116th_NE12th
541,within,0.510905,0.132401,0.090711,0.727364,0.14196,0.111708,Bellevue_116th_NE12th
542,within,0.440463,0.12581,0.060933,0.637644,0.158058,0.061934,Bellevue_116th_NE12th
543,within,0.411064,0.122184,0.052639,0.634619,0.090663,0.120654,Bellevue_116th_NE12th
544,within,0.394302,0.123272,0.046961,0.648889,0.140476,0.027024,Bellevue_116th_NE12th
545,within,0.407412,0.118398,0.051502,0.566667,0.0,0.066667,Bellevue_116th_NE12th
546,within,0.411882,0.112709,0.037741,0.352778,-0.116111,0.159444,Bellevue_116th_NE12th
547,within,0.426752,0.127684,0.054492,0.726667,0.148651,0.051111,Bellevue_116th_NE12th
548,within,0.426363,0.131667,0.052882,0.744444,0.158333,0.011111,Bellevue_116th_NE12th
549,within,0.410936,0.125727,0.050599,0.569579,0.142172,0.07479,Bellevue_116th_NE12th
550,within,0.401093,0.11715,0.049158,0.527763,0.013849,0.055744,Bellevue_116th_NE12th
551,within,0.425958,0.126863,0.057137,0.624582,0.126114,0.008889,Bellevue_116th_NE12th
552,within,0.431525,0.125535,0.057536,0.683743,0.156348,0.082596,Bellevue_116th_NE12th
553,within,0.41957,0.126427,0.056876,0.756218,0.107194,0.043911,Bellevue_116th_NE12th
554,within,0.440116,0.123712,0.058015,0.588404,0.08573,0.041867,Bellevue_116th_NE12th
555,within,0.424797,0.125682,0.055179,0.574607,0.067939,0.094283,Bellevue_116th_NE12th
556,within,0.424781,0.123871,0.051195,0.650895,0.18009,0.067373,Bellevue_116th_NE12th
557,within,0.42879,0.12949,0.057552,0.453468,0.057146,0.064299,Bellevue_116th_NE12th
558,within,0.413538,0.126023,0.054179,0.566141,0.04349,0.084298,Bellevue_116th_NE12th
559,within,0.427237,0.129694,0.048785,0.483625,0.019754,0.098269,Bellevue_116th_NE12th
560,within,0.417113,0.124794,0.052796,0.56727,0.130456,0.058599,Bellevue_116th_NE12th
561,within,0.41176,0.124116,0.0535,0.50602,0.088792,0.048952,Bellevue_116th_NE12th
562,within,0.422742,0.128751,0.05428,0.526297,0.036202,0.042554,Bellevue_116th_NE12th
563,within,0.416733,0.121216,0.049844,0.554042,0.110345,0.013401,Bellevue_116th_NE12th
564,within,0.458396,0.116422,0.054361,0.779603,0.233452,0.075357,Bellevue_116th_NE12th
565,within,0.422932,0.119228,0.047918,0.642222,0.128889,0.108333,Bellevue_116th_NE12th
566,within,0.412835,0.12509,0.053011,0.633333,0.138889,0.172222,Bellevue_116th_NE12th
567,within,0.420006,0.131297,0.050421,0.513889,0.05213,0.026706,Bellevue_116th_NE12th
568,within,0.40311,0.12927,0.045869,0.60658,0.108896,0.045437,Bellevue_116th_NE12th
569,within,0.42273,0.131684,0.0539,0.381954,0.066287,0.026263,Bellevue_116th_NE12th
570,within,0.417528,0.130503,0.053424,0.280423,-0.005556,0.014484,Bellevue_116th_NE12th
571,within,0.418285,0.119818,0.039894,0.469444,0.057222,0.078333,Bellevue_116th_NE12th
572,within,0.427203,0.127808,0.049303,0.62504,0.157262,0.134193,Bellevue_116th_NE12th
573,within,0.407178,0.123899,0.049107,0.544899,0.128744,0.043164,Bellevue_116th_NE12th
574,within,0.401369,0.122751,0.047557,0.462552,0.066765,0.082962,Bellevue_116th_NE12th
575,within,0.42116,0.123459,0.049711,0.720556,0.22,0.055,Bellevue_116th_NE12th
576,within,0.427571,0.131294,0.047382,0.334722,0.083333,0.062222,Bellevue_116th_NE12th
577,within,0.418872,0.125637,0.05174,0.399652,0.079129,0.042335,Bellevue_116th_NE12th
578,within,0.43146,0.128364,0.052532,0.452793,0.035603,0.101906,Bellevue_116th_NE12th
579,within,0.460234,0.135356,0.074754,0.527835,0.110047,0.089791,Bellevue_116th_NE12th
580,within,0.425158,0.132962,0.055192,0.672222,0.040556,0.015,Bellevue_116th_NE12th
581,within,0.415237,0.129482,0.050688,0.579471,0.235066,0.034444,Bellevue_116th_NE12th
582,within,0.381744,0.117604,0.041764,0.52928,0.218071,0.023319,Bellevue_116th_NE12th
583,within,0.42407,0.124659,0.050627,0.483537,0.097066,0.022505,Bellevue_116th_NE12th
584,within,0.42228,0.128897,0.054219,0.552758,0.109926,0.040768,Bellevue_116th_NE12th
585,within,0.407831,0.129442,0.048723,0.482269,0.145613,0.054359,Bellevue_116th_NE12th
586,within,0.416479,0.11414,0.041494,0.475705,0.030067,0.116246,Bellevue_116th_NE12th
587,within,0.417851,0.128368,0.052943,0.509031,0.050837,0.068242,Bellevue_116th_NE12th
588,within,0.421702,0.130102,0.056365,0.479147,0.098781,0.042211,Bellevue_116th_NE12th
589,within,0.422564,0.128391,0.051519,0.436398,0.089322,0.067452,Bellevue_116th_NE12th
590,within,0.433748,0.130915,0.056962,0.330904,0.019842,0.062755,Bellevue_116th_NE12th
591,within,0.451347,0.142443,0.065825,0.43166,0.060635,0.036121,Bellevue_116th_NE12th
592,within,0.422992,0.125992,0.050881,0.564426,0.057953,0.057275,Bellevue_116th_NE12th
593,within,0.41328,0.130122,0.051164,0.443175,0.131386,0.064987,Bellevue_116th_NE12th
594,within,0.437931,0.126426,0.051937,0.531206,0.169435,0.07205,Bellevue_116th_NE12th
595,within,0.490153,0.13079,0.051582,0.573696,-0.00291,0.10874,Bellevue_116th_NE12th
596,within,0.402586,0.121983,0.047759,0.664312,0.069259,0.084854,Bellevue_116th_NE12th
597,within,0.445869,0.131032,0.052571,0.600952,0.120556,0.044762,Bellevue_116th_NE12th
598,within,0.413596,0.129969,0.051154,0.505823,0.109066,0.041987,Bellevue_116th_NE12th
599,within,0.522562,0.145478,0.093708,0.665854,0.163018,0.081601,Bellevue_116th_NE12th
600,within,0.43469,0.137014,0.054466,0.617196,0.145291,0.042169,Bellevue_116th_NE12th
601,within,0.474287,0.132771,0.074602,0.569686,0.088056,0.041049,Bellevue_116th_NE12th
602,within,0.468321,0.132213,0.060811,0.421043,0.10905,0.026649,Bellevue_116th_NE12th
603,within,0.499873,0.139626,0.079547,0.708975,0.121889,0.155126,Bellevue_116th_NE12th
604,within,0.49414,0.13434,0.081258,0.620221,0.091735,0.044101,Bellevue_116th_NE12th
605,within,0.395829,0.125127,0.047524,0.579191,0.043136,0.167964,Bellevue_116th_NE12th
606,within,0.404611,0.124889,0.047954,0.690833,0.096667,0.077222,Bellevue_116th_NE12th
607,within,0.417599,0.131863,0.051977,0.47944,0.057346,0.075081,Bellevue_116th_NE12th
608,within,0.413954,0.132669,0.052442,0.656047,0.071344,0.084487,Bellevue_116th_NE12th
609,within,0.429362,0.137288,0.056751,0.603902,0.049334,0.05907,Bellevue_116th_NE12th
610,within,0.410062,0.127425,0.049554,0.485445,0.036611,0.072246,Bellevue_116th_NE12th
611,within,0.449408,0.134254,0.068198,0.612466,0.072989,0.041931,Bellevue_116th_NE12th
612,within,0.409798,0.128495,0.053153,0.56421,0.039252,0.027079,Bellevue_116th_NE12th
613,within,0.435268,0.135999,0.057749,0.54519,0.10775,0.040808,Bellevue_116th_NE12th
614,within,0.448186,0.138701,0.066612,0.650992,0.068373,0.08,Bellevue_116th_NE12th
615,within,0.424137,0.119941,0.045078,0.635013,0.133399,0.031944,Bellevue_116th_NE12th
616,within,0.467043,0.141064,0.070997,0.671043,0.097068,0.030438,Bellevue_116th_NE12th
617,within,0.422659,0.133444,0.056556,0.497507,0.059722,0.065629,Bellevue_116th_NE12th
618,within,0.507349,0.148053,0.086925,0.48286,0.1072,0.040141,Bellevue_116th_NE12th
619,within,0.509409,0.132355,0.074042,0.505256,0.117988,0.060234,Bellevue_116th_NE12th
620,within,0.485467,0.143498,0.064092,0.723176,0.150238,0.090128,Bellevue_116th_NE12th
621,within,0.505222,0.144541,0.087237,0.649666,0.116414,0.03458,Bellevue_116th_NE12th
622,within,0.441525,0.134378,0.062635,0.483173,0.007803,0.017264,Bellevue_116th_NE12th
623,within,0.430086,0.136865,0.056685,0.41422,0.046812,0.041627,Bellevue_116th_NE12th
624,within,0.459836,0.137623,0.056579,0.649286,0.066984,0.044762,Bellevue_116th_NE12th
625,within,0.426887,0.134458,0.053784,0.639525,0.057645,0.113424,Bellevue_116th_NE12th
626,within,0.433676,0.138188,0.060588,0.55341,0.05358,0.06508,Bellevue_116th_NE12th
627,within,0.44738,0.142535,0.063683,0.591623,0.078275,0.052954,Bellevue_116th_NE12th
628,within,0.449769,0.135955,0.056291,0.591489,0.039137,0.018651,Bellevue_116th_NE12th
629,within,0.429964,0.13759,0.059684,0.630238,0.088333,0.028095,Bellevue_116th_NE12th
630,within,0.445278,0.141244,0.060528,0.807989,0.128704,0.105952,Bellevue_116th_NE12th
631,within,0.503517,0.147005,0.08446,0.607919,0.132705,0.0345,Bellevue_116th_NE12th
632,within,0.479408,0.143723,0.079564,0.512324,0.162594,0.045272,Bellevue_116th_NE12th
633,within,0.456529,0.139664,0.05777,0.576941,0.081456,0.032367,Bellevue_116th_NE12th
634,within,0.481915,0.139312,0.081587,0.51276,0.079054,0.07593,Bellevue_116th_NE12th
635,within,0.445934,0.140072,0.063275,0.675918,0.053971,0.113365,Bellevue_116th_NE12th
636,within,0.442887,0.136349,0.055617,0.619286,0.110873,0.025556,Bellevue_116th_NE12th
637,within,0.426526,0.138402,0.055038,0.545714,0.078095,0.0,Bellevue_116th_NE12th
638,within,0.45999,0.145351,0.067067,0.668413,0.060556,0.023651,Bellevue_116th_NE12th
639,within,0.470458,0.145569,0.07517,0.640869,0.068917,0.085992,Bellevue_116th_NE12th
640,within,0.466086,0.131177,0.053932,0.706071,0.069484,0.020556,Bellevue_116th_NE12th
641,within,0.420152,0.134615,0.048926,0.583333,0.066667,0.0,Bellevue_116th_NE12th
642,within,0.422807,0.134476,0.051622,0.623492,0.173333,0.072222,Bellevue_116th_NE12th
643,within,0.418368,0.132929,0.05306,0.614257,0.256972,0.061999,Bellevue_116th_NE12th
644,within,0.473235,0.148653,0.073195,0.517781,0.198011,0.033271,Bellevue_116th_NE12th
645,within,0.459189,0.13191,0.05848,0.455344,0.070157,0.00735,Bellevue_116th_NE12th
646,within,0.515842,0.150367,0.08555,0.579151,0.100795,0.021574,Bellevue_116th_NE12th
647,within,0.459931,0.138069,0.071201,0.695233,0.169834,0.039656,Bellevue_116th_NE12th
648,within,0.446016,0.146247,0.062701,0.680156,0.151477,0.030566,Bellevue_116th_NE12th
649,within,0.485403,0.141904,0.061158,0.618294,0.045317,0.011111,Bellevue_116th_NE12th
650,within,0.444367,0.142688,0.065025,0.636574,0.041098,0.049008,Bellevue_116th_NE12th
651,within,0.438292,0.140612,0.060133,0.768571,0.048333,0.055556,Bellevue_116th_NE12th
652,within,0.432718,0.138731,0.059023,0.618528,0.080535,0.056639,Bellevue_116th_NE12th
653,within,0.474455,0.144133,0.073917,0.550763,0.112773,0.065865,Bellevue_116th_NE12th
654,within,0.46032,0.139396,0.072243,0.582801,0.178613,0.076884,Bellevue_116th_NE12th
655,within,0.515938,0.152332,0.080201,0.651032,0.186905,0.057672,Bellevue_116th_NE12th
656,within,0.464106,0.142596,0.070883,0.492421,0.084791,0.02963,Bellevue_116th_NE12th
657,within,0.491648,0.139804,0.083697,0.406885,0.095394,0.018111,Bellevue_116th_NE12th
658,within,0.461522,0.140965,0.065158,0.441519,0.054682,0.020726,Bellevue_116th_NE12th
659,within,0.520972,0.150899,0.083312,0.692259,0.218993,0.070183,Bellevue_116th_NE12th
660,within,0.581885,0.142051,0.077892,0.498452,0.117533,0.036314,Bellevue_116th_NE12th
661,within,0.528393,0.151324,0.088382,0.775538,0.128247,0.141525,Bellevue_116th_NE12th
662,within,0.491017,0.137415,0.079818,0.541408,0.120475,0.060412,Bellevue_116th_NE12th
663,within,0.521524,0.146377,0.092024,0.641201,0.019595,0.064671,Bellevue_116th_NE12th
664,within,0.48274,0.140741,0.080427,0.666597,0.033653,0.100523,Bellevue_116th_NE12th
665,within,0.455332,0.140674,0.068611,0.702886,0.038689,0.081496,Bellevue_116th_NE12th
666,within,0.449221,0.141398,0.066029,0.62455,0.035635,0.047513,Bellevue_116th_NE12th
667,within,0.475846,0.141304,0.077007,0.566201,0.060967,0.038665,Bellevue_116th_NE12th
668,within,0.527621,0.147406,0.085809,0.534553,0.121074,0.203357,Bellevue_116th_NE12th
669,within,0.478641,0.140654,0.078307,0.396922,0.120905,0.019181,Bellevue_116th_NE12th
670,within,0.544085,0.155023,0.089998,0.485126,0.084871,0.069556,Bellevue_116th_NE12th
671,within,0.51187,0.141694,0.089161,0.436788,0.078977,0.069481,Bellevue_116th_NE12th
672,within,0.506515,0.144101,0.088548,0.300471,0.095883,0.009091,Bellevue_116th_NE12th
673,within,0.483067,0.142145,0.077868,0.295164,0.052392,0.050018,Bellevue_116th_NE12th
674,within,0.445719,0.140134,0.065119,0.364703,0.08628,0.032149,Bellevue_116th_NE12th
675,within,0.502748,0.142499,0.081796,0.468018,0.122392,0.047141,Bellevue_116th_NE12th
676,within,0.487021,0.139248,0.080944,0.377532,0.064066,0.034696,Bellevue_116th_NE12th
677,within,0.522214,0.149543,0.085992,0.476826,0.126412,0.025602,Bellevue_116th_NE12th
678,within,0.479084,0.136523,0.07811,0.523324,0.201276,0.009325,Bellevue_116th_NE12th
679,within,0.468044,0.140203,0.070869,0.389358,0.131922,0.027423,Bellevue_116th_NE12th
680,within,0.664541,0.17922,0.06699,0.779,0.258297,0.179035,Bellevue_116th_NE12th
681,within,0.69681,0.144667,0.044486,0.877688,0.321798,0.121434,Bellevue_116th_NE12th
682,within,0.668892,0.153327,0.043446,0.602243,0.11915,0.136742,Bellevue_116th_NE12th
683,within,0.681307,0.14044,0.05349,0.515786,0.113855,0.102227,Bellevue_116th_NE12th
684,within,0.639784,0.154355,0.072395,0.455453,0.112738,0.079169,Bellevue_116th_NE12th
685,within,0.654461,0.169587,0.085607,0.504874,0.073286,0.155619,Bellevue_116th_NE12th
686,within,0.683552,0.142328,0.046901,0.489134,0.049662,0.130035,Bellevue_116th_NE12th
687,within,0.680051,0.144897,0.044125,0.496792,-0.025896,0.150695,Bellevue_116th_NE12th
688,within,0.673439,0.137513,0.044532,0.658152,0.054022,0.171405,Bellevue_116th_NE12th
689,within,0.669794,0.148217,0.057486,0.637099,0.108304,0.199841,Bellevue_116th_NE12th
690,within,0.570245,0.153378,0.082826,0.589438,0.104641,0.139882,Bellevue_116th_NE12th
691,within,0.58513,0.163123,0.081044,0.544696,0.040992,0.104722,Bellevue_116th_NE12th
692,within,0.583584,0.156989,0.080338,0.52719,0.057872,0.057791,Bellevue_116th_NE12th
693,within,0.525714,0.17426,0.068015,0.272038,-0.114394,0.078799,Bellevue_116th_NE12th
694,within,0.611209,0.159057,0.079355,0.463669,0.02698,0.101018,Bellevue_116th_NE12th
695,within,0.627271,0.159385,0.086538,0.707774,0.24675,0.127499,Bellevue_116th_NE12th
696,within,0.609153,0.164462,0.094552,0.701497,0.234501,0.132449,Bellevue_116th_NE12th
697,within,0.592143,0.159149,0.087224,0.667608,0.200844,0.143447,Bellevue_116th_NE12th
698,within,0.651852,0.151335,0.065101,0.715444,0.241478,0.117335,Bellevue_116th_NE12th
699,within,0.610269,0.163756,0.087982,0.492565,0.156466,0.065435,Bellevue_116th_NE12th
700,within,0.656937,0.150792,0.067492,0.524713,0.160603,0.055706,Bellevue_116th_NE12th
701,within,0.68084,0.147747,0.052431,0.524745,0.13472,0.090925,Bellevue_116th_NE12th
702,within,0.674241,0.140213,0.052619,0.481449,0.110602,0.067119,Bellevue_116th_NE12th
703,within,0.673505,0.147189,0.059313,0.614246,0.08342,0.160562,Bellevue_116th_NE12th
704,within,0.564741,0.158902,0.089792,0.639281,0.061104,0.152904,Bellevue_116th_NE12th
705,within,0.679122,0.145376,0.053316,0.535866,0.007416,0.087124,Bellevue_116th_NE12th
706,within,0.635697,0.148695,0.064547,0.772473,0.190059,0.119956,Bellevue_116th_NE12th
707,within,0.58045,0.152428,0.088363,0.64717,0.249756,0.040627,Bellevue_116th_NE12th
708,within,0.630115,0.160415,0.086968,0.594388,0.223641,0.044574,Bellevue_116th_NE12th
709,within,0.659198,0.146732,0.062291,0.506638,0.230704,0.04616,Bellevue_116th_NE12th
710,within,0.642769,0.161641,0.068371,0.47677,0.181947,0.031573,Bellevue_116th_NE12th
711,within,0.682819,0.137161,0.048285,0.610566,0.272798,0.09875,Bellevue_116th_NE12th
712,within,0.618169,0.143431,0.061509,0.382391,0.026997,0.057036,Bellevue_116th_NE12th
713,within,0.689496,0.144319,0.052832,0.53144,0.09355,0.119455,Bellevue_116th_NE12th
714,within,0.648876,0.14946,0.063112,0.570695,0.090171,0.140496,Bellevue_116th_NE12th
715,within,0.567043,0.147167,0.084904,0.611867,0.102492,0.131159,Bellevue_116th_NE12th
716,within,0.669042,0.147589,0.05222,0.577997,0.099249,0.089924,Bellevue_116th_NE12th
717,within,0.66349,0.137437,0.045103,0.59164,0.179154,0.091415,Bellevue_116th_NE12th
718,within,0.667925,0.137918,0.04646,0.571068,0.180312,0.113562,Bellevue_116th_NE12th
719,within,0.675014,0.149523,0.0457,0.6159,0.162923,0.123493,Bellevue_116th_NE12th
720,within,0.597483,0.154062,0.074829,0.667202,0.149755,0.097921,Bellevue_116th_NE12th
721,within,0.682539,0.139654,0.049114,0.681253,0.215574,0.112047,Bellevue_116th_NE12th
722,within,0.668542,0.142041,0.054997,0.593262,0.134693,0.155554,Bellevue_116th_NE12th
723,within,0.644786,0.151913,0.066152,0.677121,0.084661,0.204846,Bellevue_116th_NE12th
724,within,0.583363,0.151242,0.080753,0.810363,0.145923,0.108004,Bellevue_116th_NE12th
725,within,0.595784,0.15089,0.08192,0.638777,0.192386,0.05126,Bellevue_116th_NE12th
726,within,0.610022,0.157531,0.08238,0.605878,0.235095,0.0,Bellevue_116th_NE12th
727,within,0.63861,0.155999,0.078148,0.651513,0.147898,0.01796,Bellevue_116th_NE12th
728,within,0.665771,0.143077,0.045451,0.657361,0.183839,0.12233,Bellevue_116th_NE12th
729,within,0.667655,0.146927,0.058183,0.713995,0.136646,0.167025,Bellevue_116th_NE12th
730,within,0.614464,0.157658,0.085874,0.805224,0.143361,0.112778,Bellevue_116th_NE12th
731,within,0.587364,0.15286,0.087528,0.81476,0.166281,0.144915,Bellevue_116th_NE12th
732,within,0.611025,0.156287,0.082593,0.766161,0.194218,0.157619,Bellevue_116th_NE12th
733,within,0.658581,0.147781,0.054538,0.598399,0.150009,0.104533,Bellevue_116th_NE12th
734,within,0.67597,0.142376,0.046804,0.607632,0.132316,0.094109,Bellevue_116th_NE12th
735,within,0.678633,0.142452,0.044319,0.75544,0.274013,0.065842,Bellevue_116th_NE12th
736,within,0.66317,0.142114,0.043637,0.57992,0.124398,0.068797,Bellevue_116th_NE12th
737,within,0.681398,0.138311,0.048047,0.671551,0.129878,0.076834,Bellevue_116th_NE12th
738,within,0.665845,0.144277,0.056591,0.644017,0.130748,0.059569,Bellevue_116th_NE12th
739,within,0.626325,0.163893,0.089812,0.713719,0.073862,0.124464,Bellevue_116th_NE12th
740,within,0.612271,0.152494,0.078439,0.727879,0.099574,0.275731,Bellevue_116th_NE12th
741,within,0.666528,0.147476,0.048692,0.623906,0.131994,0.167821,Bellevue_116th_NE12th
742,within,0.669602,0.152942,0.044178,0.62432,0.093287,0.266189,Bellevue_116th_NE12th
743,within,0.677325,0.143044,0.04333,0.689324,0.126189,0.316247,Bellevue_116th_NE12th
744,within,0.679665,0.154166,0.047553,0.75184,0.176987,0.274993,Bellevue_116th_NE12th
745,within,0.682054,0.139894,0.048183,0.658702,0.09427,0.146382,Bellevue_116th_NE12th
746,within,0.686314,0.146079,0.052885,0.612018,-0.018024,0.16606,Bellevue_116th_NE12th
747,within,0.579834,0.151807,0.086679,0.619048,0.047619,0.095238,Bellevue_116th_NE12th
748,within,0.58665,0.160158,0.063771,0.606213,0.094039,0.063492,Bellevue_116th_NE12th
749,within,0.636383,0.13149,0.04405,0.669467,0.210266,0.066613,Bellevue_116th_NE12th
750,within,0.644311,0.157558,0.059831,0.550397,0.246706,0.049206,Bellevue_116th_NE12th
751,within,0.668084,0.142522,0.04806,0.507794,0.226592,0.041077,Bellevue_116th_NE12th
752,within,0.569154,0.136746,0.07292,0.495846,0.096128,0.057754,Bellevue_116th_NE12th
753,within,0.620089,0.162456,0.099469,0.426197,0.043151,0.015042,Bellevue_116th_NE12th
754,within,0.572505,0.146831,0.087599,0.482141,0.134576,0.008781,Bellevue_116th_NE12th
755,within,0.654617,0.131835,0.051823,0.350954,0.016992,0.039299,Bellevue_116th_NE12th
756,within,0.543665,0.134953,0.089884,0.388398,0.061735,0.029929,Bellevue_116th_NE12th
757,within,0.552529,0.136645,0.088013,0.360427,0.036013,0.08679,Bellevue_116th_NE12th
758,within,0.567828,0.138767,0.085437,0.562954,0.166341,0.047894,Bellevue_116th_NE12th
759,within,0.576998,0.140681,0.069861,0.650189,0.22126,0.019014,Bellevue_116th_NE12th
760,within,0.555387,0.138209,0.081283,0.597219,0.167259,0.038343,Bellevue_116th_NE12th
761,within,0.649317,0.139145,0.060911,0.3922,0.025084,0.084837,Bellevue_116th_NE12th
762,within,0.655631,0.119054,0.059531,0.426375,0.057665,0.040308,Bellevue_116th_NE12th
763,within,0.675815,0.130082,0.054189,0.484331,0.062039,0.013014,Bellevue_116th_NE12th
764,within,0.686704,0.150048,0.056839,0.429527,0.031937,0.091822,Bellevue_116th_NE12th
765,within,0.701813,0.153245,0.063121,0.432432,0.0,0.135135,Bellevue_116th_NE12th
766,within,0.75528,0.150088,0.041375,0.415684,0.061245,0.075573,Bellevue_116th_NE12th
767,within,0.664698,0.128558,0.051092,0.412562,0.089394,0.030273,Bellevue_116th_NE12th
768,within,0.661261,0.127683,0.056376,0.358285,0.068346,0.061303,Bellevue_116th_NE12th
769,within,0.669057,0.125201,0.052628,0.626332,0.332262,0.066773,Bellevue_116th_NE12th
770,within,0.659949,0.13522,0.059875,0.457224,0.08546,0.063862,Bellevue_116th_NE12th
771,within,0.684406,0.127409,0.068721,0.437765,0.053058,0.061849,Bellevue_116th_NE12th
772,within,0.657768,0.137165,0.063083,0.475673,0.009528,0.062706,Bellevue_116th_NE12th
773,within,0.556196,0.133164,0.089946,0.468022,-0.025507,0.068227,Bellevue_116th_NE12th
774,within,0.557799,0.134418,0.086871,0.462091,0.008872,0.097566,Bellevue_116th_NE12th
775,within,0.615538,0.120618,0.0598,0.365695,0.050648,0.024736,Bellevue_116th_NE12th
776,within,0.662517,0.087419,0.062496,0.435273,0.13044,0.027378,Bellevue_116th_NE12th
777,within,0.66833,0.12639,0.050674,0.518405,0.188485,0.029525,Bellevue_116th_NE12th
778,within,0.646041,0.121348,0.054421,0.658935,0.241817,0.031741,Bellevue_116th_NE12th
779,within,0.655857,0.09014,0.055283,0.500486,0.126424,0.018641,Bellevue_116th_NE12th
780,within,0.660415,0.139649,0.060248,0.370021,0.055313,0.01002,Bellevue_116th_NE12th
781,within,0.634451,0.129074,0.069173,0.426163,0.113408,0.011466,Bellevue_116th_NE12th
782,within,0.555107,0.139927,0.091576,0.450236,0.121342,0.0,Bellevue_116th_NE12th
783,within,0.558123,0.134197,0.090101,0.339855,0.044353,0.0,Bellevue_116th_NE12th
784,within,0.590993,0.131947,0.065778,0.316878,0.114921,0.001515,Bellevue_116th_NE12th
785,within,0.598891,0.134972,0.079597,0.320412,0.021811,0.036477,Bellevue_116th_NE12th
786,within,0.66406,0.122216,0.062525,0.453758,0.015565,0.049749,Bellevue_116th_NE12th
787,within,0.659436,0.105552,0.060532,0.48678,0.046858,0.042832,Bellevue_116th_NE12th
788,within,0.666076,0.132266,0.054986,0.541667,0.125,0.0,Bellevue_116th_NE12th
789,within,0.733272,0.125187,0.045428,0.235216,0.043057,0.027843,Bellevue_116th_NE12th
790,within,0.619328,0.131245,0.06494,0.237422,0.090735,0.0,Bellevue_116th_NE12th
791,within,0.682041,0.095122,0.055677,0.38694,0.102635,0.018662,Bellevue_116th_NE12th
792,within,0.614341,0.131169,0.065076,0.329133,0.071629,0.054631,Bellevue_116th_NE12th
793,within,0.655528,0.097609,0.070394,0.255499,0.006618,0.009016,Bellevue_116th_NE12th
794,within,0.703854,0.146714,0.056647,0.3726,0.06523,0.074236,Bellevue_116th_NE12th
795,within,0.678645,0.129445,0.051895,0.503817,0.120158,0.04027,Bellevue_116th_NE12th
796,within,0.677286,0.125109,0.062696,0.492981,0.168941,0.022859,Bellevue_116th_NE12th
797,within,0.664995,0.098468,0.067087,0.392975,0.154605,0.059935,Bellevue_116th_NE12th
798,within,0.690183,0.133508,0.056837,0.365841,0.140523,0.036262,Bellevue_116th_NE12th
799,within,0.716324,0.158131,0.067787,0.418923,0.151902,0.061462,Bellevue_116th_NE12th
800,within,0.689031,0.127613,0.056365,0.486027,0.103629,0.188432,Bellevue_116th_NE12th
801,within,0.685568,0.124294,0.052326,0.692144,0.145009,0.353453,Bellevue_116th_NE12th
802,within,0.694655,0.138725,0.057254,0.764706,0.176471,0.411765,Bellevue_116th_NE12th
803,within,0.743279,0.152309,0.04178,0.660188,0.193807,0.222895,Bellevue_116th_NE12th
804,within,0.676413,0.139404,0.060962,0.4554,0.167123,0.053378,Bellevue_116th_NE12th
805,within,0.728531,0.172769,0.079762,0.341234,0.075759,0.045353,Bellevue_116th_NE12th
806,within,0.69608,0.135504,0.056008,0.397828,0.122921,0.047202,Bellevue_116th_NE12th
807,within,0.721056,0.16832,0.07821,0.483871,0.16129,0.064516,Bellevue_116th_NE12th
808,within,0.760092,0.145177,0.053153,0.444938,0.154921,0.055688,Bellevue_116th_NE12th
809,within,0.712934,0.132181,0.056106,0.389301,0.092038,0.111817,Bellevue_116th_NE12th
810,within,0.720501,0.147383,0.068379,0.780244,0.286055,0.063813,Bellevue_150th_Eastgate
811,within,0.68159,0.157803,0.091708,0.806471,0.269312,0.045552,Bellevue_150th_Eastgate
812,within,0.674151,0.163473,0.111927,0.67015,0.161612,0.014427,Bellevue_150th_Eastgate
813,within,0.689417,0.165273,0.097107,0.599511,0.149363,0.038383,Bellevue_150th_Eastgate
814,within,0.694042,0.145296,0.066373,0.582146,0.268275,0.02644,Bellevue_150th_Eastgate
815,within,0.694914,0.143693,0.06362,0.605835,0.27146,0.038694,Bellevue_150th_Eastgate
816,within,0.689044,0.159615,0.087673,0.644849,0.282329,0.052541,Bellevue_150th_Eastgate
817,within,0.699026,0.128355,0.053707,0.717111,0.188334,0.068203,Bellevue_150th_Eastgate
818,within,0.689586,0.137791,0.060509,0.776724,0.243164,0.061385,Bellevue_150th_Eastgate
819,within,0.694364,0.143995,0.063234,0.734205,0.17775,0.07257,Bellevue_150th_Eastgate
820,within,0.681965,0.160209,0.094788,0.801952,0.178952,0.054237,Bellevue_150th_Eastgate
821,within,0.676111,0.166368,0.10672,0.79685,0.210161,0.072727,Bellevue_150th_Eastgate
822,within,0.671073,0.159149,0.09049,0.681037,0.166783,0.040026,Bellevue_150th_Eastgate
823,within,0.697809,0.147255,0.057417,0.729679,0.163,0.054652,Bellevue_150th_Eastgate
824,within,0.689534,0.143493,0.059996,0.717261,0.157923,0.030384,Bellevue_150th_Eastgate
825,within,0.677809,0.159069,0.088188,0.761026,0.155832,0.032854,Bellevue_150th_Eastgate
826,within,0.701787,0.13945,0.062752,0.757156,0.138868,0.049214,Bellevue_150th_Eastgate
827,within,0.669769,0.160641,0.0926,0.831804,0.184191,0.075062,Bellevue_150th_Eastgate
828,within,0.67304,0.152704,0.077926,0.78053,0.253816,0.047002,Bellevue_150th_Eastgate
829,within,0.680107,0.168023,0.10921,0.790526,0.267198,0.063449,Bellevue_150th_Eastgate
830,within,0.668628,0.158915,0.096157,0.764728,0.299314,0.05829,Bellevue_150th_Eastgate
831,within,0.69353,0.152471,0.076645,0.748644,0.296997,0.030907,Bellevue_150th_Eastgate
832,within,0.69964,0.149162,0.056316,0.760435,0.282735,0.0228,Bellevue_150th_Eastgate
833,within,0.696584,0.136594,0.0573,0.754833,0.316394,0.010494,Bellevue_150th_Eastgate
834,within,0.690502,0.146984,0.070037,0.778088,0.313657,0.022605,Bellevue_150th_Eastgate
835,within,0.677707,0.155136,0.088788,0.743579,0.293997,0.020188,Bellevue_150th_Eastgate
836,within,0.668346,0.16958,0.1036,0.838649,0.323259,0.008199,Bellevue_150th_Eastgate
837,within,0.660803,0.15866,0.110747,0.816346,0.287996,0.017953,Bellevue_150th_Eastgate
838,within,0.666534,0.157552,0.11955,0.6492,0.220376,0.104559,Bellevue_150th_Eastgate
839,within,0.681594,0.19314,0.12521,0.631736,0.169928,0.152805,Bellevue_150th_Eastgate
840,within,0.68627,0.155176,0.078274,0.677664,0.18474,0.150719,Bellevue_150th_Eastgate
841,within,0.699994,0.136627,0.063823,0.7454,0.195052,0.148263,Bellevue_150th_Eastgate
842,within,0.674978,0.167507,0.109756,0.818584,0.157528,0.139491,Bellevue_150th_Eastgate
843,within,0.670423,0.176337,0.118611,0.742001,0.276756,0.041558,Bellevue_150th_Eastgate
844,within,0.67837,0.170025,0.111595,0.74898,0.256972,0.085089,Bellevue_150th_Eastgate
845,within,0.667948,0.154233,0.116794,0.699857,0.253116,0.083726,Bellevue_150th_Eastgate
846,within,0.653255,0.172924,0.11734,0.684191,0.266254,0.061438,Bellevue_150th_Eastgate
847,within,0.696214,0.141842,0.06063,0.638003,0.244463,0.067834,Bellevue_150th_Eastgate
848,within,0.693834,0.131995,0.051545,0.633045,0.207384,0.068226,Bellevue_150th_Eastgate
849,within,0.693671,0.142143,0.065956,0.720863,0.190301,0.103666,Bellevue_150th_Eastgate
850,within,0.680603,0.141237,0.105891,0.674022,0.164761,0.01028,Bellevue_150th_Eastgate
851,within,0.69442,0.153892,0.076681,0.64296,0.189854,0.02694,Bellevue_150th_Eastgate
852,within,0.68563,0.144538,0.058609,0.715768,0.209869,0.032356,Bellevue_150th_Eastgate
853,within,0.688486,0.155127,0.088658,0.737946,0.269227,0.060868,Bellevue_150th_Eastgate
854,within,0.65654,0.179654,0.117442,0.701586,0.236852,0.052797,Bellevue_150th_Eastgate
855,within,0.684706,0.163517,0.09161,0.759182,0.239712,0.040544,Bellevue_150th_Eastgate
856,within,0.691269,0.145732,0.066174,0.784888,0.234955,0.058063,Bellevue_150th_Eastgate
857,within,0.708271,0.168565,0.10165,0.860463,0.222961,0.047135,Bellevue_150th_Eastgate
858,within,0.6986,0.120008,0.060564,0.773262,0.287265,0.029873,Bellevue_150th_Eastgate
859,within,0.666854,0.157309,0.096223,0.705932,0.211339,0.020575,Bellevue_150th_Eastgate
860,within,0.673748,0.163264,0.099342,0.784282,0.20438,0.030063,Bellevue_150th_Eastgate
861,within,0.670938,0.162299,0.101255,0.700441,0.206638,0.068681,Bellevue_150th_Eastgate
862,within,0.667759,0.157675,0.089717,0.679359,0.266505,0.06266,Bellevue_150th_Eastgate
863,within,0.684596,0.150945,0.070418,0.717998,0.288037,0.030584,Bellevue_150th_Eastgate
864,within,0.679466,0.15242,0.080412,0.734643,0.254575,0.015407,Bellevue_150th_Eastgate
865,within,0.705804,0.137951,0.066089,0.871063,0.266762,0.052035,Bellevue_150th_Eastgate
866,within,0.712019,0.120127,0.06462,0.765918,0.175293,0.088716,Bellevue_150th_Eastgate
867,within,0.680179,0.173557,0.110136,0.830512,0.183442,0.027193,Bellevue_150th_Eastgate
868,within,0.678682,0.161899,0.104684,0.739654,0.210268,0.017834,Bellevue_150th_Eastgate
869,within,0.680337,0.144437,0.075007,0.625661,0.198394,0.05537,Bellevue_150th_Eastgate
870,within,0.68334,0.151912,0.07531,0.6154,0.236364,0.037749,Bellevue_150th_Eastgate
871,within,0.693998,0.142858,0.060641,0.67579,0.231531,0.014967,Bellevue_150th_Eastgate
872,within,0.690496,0.133495,0.05186,0.684351,0.165538,0.034522,Bellevue_150th_Eastgate
873,within,0.704263,0.1388,0.054351,0.819916,0.209879,0.029037,Bellevue_150th_Eastgate
874,within,0.662611,0.168637,0.104029,0.732059,0.225006,0.044354,Bellevue_150th_Eastgate
875,within,0.696196,0.145392,0.065374,0.774825,0.251182,0.021082,Bellevue_150th_Eastgate
876,within,0.674519,0.162225,0.10302,0.678748,0.174935,0.040485,Bellevue_150th_Eastgate
877,within,0.683952,0.148984,0.070194,0.548628,0.140619,0.011002,Bellevue_150th_Eastgate
878,within,0.685195,0.155405,0.080938,0.562671,0.13587,0.021786,Bellevue_150th_Eastgate
879,within,0.689749,0.138257,0.062367,0.500795,0.176763,0.003663,Bellevue_150th_Eastgate
880,within,0.688708,0.145296,0.064926,0.591311,0.134679,0.015332,Bellevue_150th_Eastgate
881,within,0.692912,0.150963,0.071456,0.692842,0.156068,0.038284,Bellevue_150th_Eastgate
882,within,0.673708,0.170707,0.108509,0.777903,0.18135,0.062331,Bellevue_150th_Eastgate
883,within,0.68749,0.145014,0.064683,0.806364,0.192068,0.066156,Bellevue_150th_Eastgate
884,within,0.691861,0.1654,0.103585,0.795948,0.178491,0.09656,Bellevue_150th_Eastgate
885,within,0.689535,0.111947,0.072469,0.74417,0.185811,0.071374,Bellevue_150th_Eastgate
886,within,0.663989,0.157615,0.090561,0.713152,0.167624,0.100243,Bellevue_150th_Eastgate
887,within,0.66417,0.165189,0.093023,0.686803,0.082345,0.130851,Bellevue_150th_Eastgate
888,within,0.636238,0.160616,0.096319,0.711517,0.156325,0.088991,Bellevue_150th_Eastgate
889,within,0.653265,0.180904,0.116443,0.720415,0.199468,0.095828,Bellevue_150th_Eastgate
890,within,0.680947,0.141443,0.061447,0.787296,0.193185,0.115654,Bellevue_150th_Eastgate
891,within,0.683067,0.144797,0.056968,0.784421,0.226856,0.058022,Bellevue_150th_Eastgate
892,within,0.694093,0.147527,0.061479,0.788478,0.227496,0.02871,Bellevue_150th_Eastgate
893,within,0.670458,0.160701,0.108968,0.761146,0.228392,0.04921,Bellevue_150th_Eastgate
894,within,0.659954,0.156311,0.116251,0.745425,0.253396,0.031092,Bellevue_150th_Eastgate
895,within,0.677409,0.166644,0.110122,0.686729,0.199939,0.030086,Bellevue_150th_Eastgate
896,within,0.686448,0.155068,0.085799,0.784365,0.25088,0.020598,Bellevue_150th_Eastgate
897,within,0.664593,0.152068,0.109584,0.631218,0.183819,0.022181,Bellevue_150th_Eastgate
898,within,0.684672,0.152079,0.08542,0.733115,0.187953,0.055529,Bellevue_150th_Eastgate
899,within,0.697005,0.12754,0.08032,0.816002,0.224435,0.030886,Bellevue_150th_Eastgate
900,within,0.704097,0.146696,0.059715,0.716165,0.206747,0.035739,Bellevue_150th_Eastgate
901,within,0.691634,0.145258,0.057115,0.842341,0.215326,0.06214,Bellevue_150th_Eastgate
902,within,0.69371,0.11347,0.072021,0.693784,0.258273,0.055237,Bellevue_150th_Eastgate
903,within,0.677919,0.163396,0.098865,0.707689,0.284478,0.040781,Bellevue_150th_Eastgate
904,within,0.676875,0.155476,0.087392,0.731491,0.276358,0.037036,Bellevue_150th_Eastgate
905,within,0.679365,0.152036,0.073683,0.652605,0.258767,0.028037,Bellevue_150th_Eastgate
906,within,0.688132,0.142695,0.051004,0.645628,0.298597,0.019093,Bellevue_150th_Eastgate
907,within,0.695782,0.143237,0.054666,0.749086,0.299004,0.037365,Bellevue_150th_Eastgate
908,within,0.707627,0.153022,0.08415,0.786365,0.292618,0.096802,Bellevue_150th_Eastgate
909,within,0.678083,0.162516,0.107909,0.700416,0.161236,0.052749,Bellevue_150th_Eastgate
910,within,0.678718,0.171475,0.107134,0.782704,0.206968,0.032916,Bellevue_150th_Eastgate
911,within,0.662626,0.133058,0.115504,0.665084,0.196813,0.053937,Bellevue_150th_Eastgate
912,within,0.670791,0.16235,0.100772,0.678816,0.293823,0.027034,Bellevue_150th_Eastgate
913,within,0.67724,0.15309,0.082777,0.666819,0.349872,0.03541,Bellevue_150th_Eastgate
914,within,0.697504,0.139602,0.053595,0.612533,0.261774,0.059638,Bellevue_150th_Eastgate
915,within,0.695161,0.137436,0.053322,0.600358,0.224364,0.059629,Bellevue_150th_Eastgate
916,within,0.695234,0.135688,0.053825,0.711538,0.314935,0.027232,Bellevue_150th_Eastgate
917,within,0.696959,0.13583,0.065233,0.654923,0.212858,0.060817,Bellevue_150th_Eastgate
918,within,0.687724,0.172633,0.112031,0.694525,0.177946,0.114759,Bellevue_150th_Eastgate
919,within,0.678947,0.190817,0.118973,0.675581,0.17632,0.037518,Bellevue_150th_Eastgate
920,within,0.660709,0.180831,0.122433,0.65222,0.226242,0.08174,Bellevue_150th_Eastgate
921,within,0.671535,0.162352,0.101018,0.792351,0.352451,0.036582,Bellevue_150th_Eastgate
922,within,0.674448,0.149231,0.08817,0.688054,0.275692,0.023112,Bellevue_150th_Eastgate
923,within,0.664105,0.156487,0.094539,0.558738,0.196979,0.017604,Bellevue_150th_Eastgate
924,within,0.688059,0.144067,0.064906,0.604306,0.132736,0.040235,Bellevue_150th_Eastgate
925,within,0.693476,0.128908,0.052724,0.656835,0.167107,0.015707,Bellevue_150th_Eastgate
926,within,0.705041,0.13346,0.048567,0.723697,0.217755,0.018461,Bellevue_150th_Eastgate
927,within,0.671061,0.147892,0.086429,0.670411,0.085688,0.05788,Bellevue_150th_Eastgate
928,within,0.672,0.191671,0.131829,0.690893,0.119497,0.035046,Bellevue_150th_Eastgate
929,within,0.664215,0.155171,0.114494,0.623118,0.108626,0.139038,Bellevue_150th_Eastgate
930,within,0.688464,0.18021,0.119626,0.698367,0.119807,0.135497,Bellevue_150th_Eastgate
931,within,0.677837,0.158563,0.09062,0.702776,0.223622,0.051142,Bellevue_150th_Eastgate
932,within,0.697033,0.150669,0.061077,0.723968,0.214173,0.05702,Bellevue_150th_Eastgate
933,within,0.70057,0.139787,0.055676,0.7393,0.192874,0.061907,Bellevue_150th_Eastgate
934,within,0.69224,0.148035,0.066823,0.793519,0.217917,0.070964,Bellevue_150th_Eastgate
935,within,0.675096,0.172161,0.110109,0.678837,0.225113,0.041529,Bellevue_150th_Eastgate
936,within,0.690701,0.152304,0.063372,0.709304,0.233638,0.094576,Bellevue_150th_Eastgate
937,within,0.696168,0.142683,0.066935,0.735293,0.248596,0.073548,Bellevue_150th_Eastgate
938,within,0.643789,0.147889,0.134147,0.642036,0.18903,0.09017,Bellevue_150th_Eastgate
939,within,0.66397,0.180679,0.120232,0.563119,0.150601,0.084101,Bellevue_150th_Eastgate
940,within,0.701124,0.146418,0.069308,0.55237,0.116069,0.08131,Bellevue_150th_Eastgate
941,within,0.696598,0.141913,0.062046,0.629421,0.129475,0.077146,Bellevue_150th_Eastgate
942,within,0.694444,0.133586,0.053985,0.683281,0.175876,0.017241,Bellevue_150th_Eastgate
943,within,0.695305,0.133042,0.061401,0.724491,0.216761,0.005235,Bellevue_150th_Eastgate
944,within,0.701949,0.145214,0.058827,0.822163,0.157179,0.122618,Bellevue_150th_Eastgate
945,within,0.699045,0.148618,0.056398,0.747823,0.188252,0.07319,Bellevue_150th_Eastgate
946,within,0.685977,0.147178,0.06502,0.717184,0.173954,0.073886,Bellevue_150th_Eastgate
947,within,0.674292,0.169305,0.108646,0.761497,0.205192,0.063553,Bellevue_150th_Eastgate
948,within,0.653952,0.142925,0.124584,0.707539,0.16467,0.073438,Bellevue_150th_Eastgate
949,within,0.668637,0.163515,0.096291,0.720788,0.214597,0.045734,Bellevue_150th_Eastgate
950,within,0.692712,0.145547,0.058638,0.794202,0.253412,0.059453,Bellevue_150th_Eastgate
951,within,0.696454,0.136541,0.056145,0.864787,0.269767,0.033419,Bellevue_150th_Eastgate
952,within,0.706849,0.12028,0.067071,0.868032,0.289929,0.002151,Bellevue_150th_Eastgate
953,within,0.696667,0.118152,0.060555,0.835981,0.295568,0.00891,Bellevue_150th_Eastgate
954,within,0.694971,0.134244,0.054548,0.639419,0.151789,0.032609,Bellevue_150th_Eastgate
955,within,0.683256,0.148704,0.076802,0.737086,0.186706,0.049176,Bellevue_150th_Eastgate
956,within,0.680285,0.165089,0.108386,0.655035,0.168175,0.096761,Bellevue_150th_Eastgate
957,within,0.669185,0.156541,0.086663,0.660733,0.188448,0.051366,Bellevue_150th_Eastgate
958,within,0.69127,0.144162,0.063131,0.723712,0.19259,0.063169,Bellevue_150th_Eastgate
959,within,0.690545,0.14818,0.065297,0.642561,0.111988,0.056655,Bellevue_150th_Eastgate
960,within,0.694842,0.145501,0.056509,0.61477,0.136092,0.035403,Bellevue_150th_Eastgate
961,within,0.693986,0.143971,0.053992,0.693242,0.124789,0.059776,Bellevue_150th_Eastgate
962,within,0.685851,0.13968,0.055437,0.729906,0.168161,0.068159,Bellevue_150th_Eastgate
963,within,0.685871,0.156284,0.085602,0.763792,0.17732,0.081851,Bellevue_150th_Eastgate
964,within,0.668205,0.161331,0.103705,0.677306,0.174735,0.046344,Bellevue_150th_Eastgate
965,within,0.671275,0.160771,0.091694,0.644203,0.192356,0.088558,Bellevue_150th_Eastgate
966,within,0.686129,0.148612,0.0665,0.657713,0.211049,0.052626,Bellevue_150th_Eastgate
967,within,0.667873,0.163479,0.097319,0.725647,0.213732,0.037891,Bellevue_150th_Eastgate
968,within,0.656696,0.156125,0.107124,0.726803,0.26627,0.019657,Bellevue_150th_Eastgate
969,within,0.668402,0.157707,0.094427,0.750828,0.195677,0.017149,Bellevue_150th_Eastgate
970,within,0.665979,0.158278,0.101582,0.808948,0.17734,0.04757,Bellevue_150th_Eastgate
971,within,0.677837,0.144932,0.119821,0.640272,0.123776,0.070161,Bellevue_150th_Eastgate
972,within,0.685945,0.145257,0.068812,0.606972,0.188974,0.023536,Bellevue_150th_Eastgate
973,within,0.694882,0.14407,0.063859,0.555997,0.226557,0.021048,Bellevue_150th_Eastgate
974,within,0.648937,0.159391,0.102451,0.590034,0.193765,0.066151,Bellevue_150th_Eastgate
975,within,0.665388,0.16522,0.096661,0.663212,0.194359,0.124548,Bellevue_150th_Eastgate
976,within,0.698065,0.14106,0.060823,0.758832,0.285134,0.099337,Bellevue_150th_Eastgate
977,within,0.640987,0.173999,0.115177,0.713148,0.28383,0.029922,Bellevue_150th_Eastgate
978,within,0.670632,0.176884,0.113975,0.824764,0.264544,0.035096,Bellevue_150th_Eastgate
979,within,0.681372,0.150162,0.120802,0.720486,0.254442,0.055508,Bellevue_150th_Eastgate
980,within,0.664319,0.163961,0.10214,0.683381,0.213243,0.044324,Bellevue_150th_Eastgate
981,within,0.685754,0.143775,0.065325,0.660082,0.246939,0.025809,Bellevue_150th_Eastgate
982,within,0.68041,0.146586,0.074924,0.623803,0.240458,0.02462,Bellevue_150th_Eastgate
983,within,0.675664,0.154882,0.079338,0.688241,0.219568,0.045188,Bellevue_150th_Eastgate
984,within,0.677531,0.158215,0.087608,0.708282,0.170363,0.024664,Bellevue_150th_Eastgate
985,within,0.653264,0.177936,0.117369,0.6951,0.160185,0.022735,Bellevue_150th_Eastgate
986,within,0.688127,0.142077,0.068413,0.774843,0.176701,0.030777,Bellevue_150th_Eastgate
987,within,0.666189,0.157091,0.102453,0.788248,0.18426,0.042088,Bellevue_150th_Eastgate
988,within,0.664437,0.163908,0.110259,0.700427,0.232273,0.042804,Bellevue_150th_Eastgate
989,within,0.676159,0.165382,0.094715,0.725297,0.30653,0.015216,Bellevue_150th_Eastgate
990,within,0.691375,0.141177,0.054524,0.751373,0.301357,0.04443,Bellevue_150th_Eastgate
991,within,0.697754,0.132086,0.054214,0.692812,0.199704,0.040735,Bellevue_150th_Eastgate
992,within,0.700268,0.138826,0.055117,0.762219,0.252181,0.03699,Bellevue_150th_Eastgate
993,within,0.699338,0.122404,0.052786,0.742357,0.223203,0.040219,Bellevue_150th_Eastgate
994,within,0.688816,0.136693,0.057386,0.735952,0.127378,0.045584,Bellevue_150th_Eastgate
995,within,0.690176,0.148202,0.063143,0.686085,0.106115,0.066085,Bellevue_150th_Eastgate
996,within,0.688419,0.146855,0.070269,0.679262,0.197805,0.059784,Bellevue_150th_Eastgate
997,within,0.663405,0.168036,0.111641,0.569627,0.210802,0.026209,Bellevue_150th_Eastgate
998,within,0.68601,0.146745,0.065702,0.65499,0.213113,0.070283,Bellevue_150th_Eastgate
999,within,0.680584,0.160553,0.089776,0.693154,0.22682,0.042033,Bellevue_150th_Eastgate
1000,within,0.694217,0.1441,0.062229,0.700457,0.201474,0.024723,Bellevue_150th_Eastgate
1001,within,0.698541,0.138341,0.052297,0.787672,0.19847,0.026728,Bellevue_150th_Eastgate
1002,within,0.713569,0.136846,0.049967,0.790225,0.216594,0.04435,Bellevue_150th_Eastgate
1003,within,0.694452,0.137951,0.054482,0.764274,0.229272,0.076524,Bellevue_150th_Eastgate
1004,within,0.68278,0.14732,0.069984,0.823265,0.190734,0.035907,Bellevue_150th_Eastgate
1005,within,0.668112,0.185299,0.123474,0.765944,0.209468,0.036693,Bellevue_150th_Eastgate
1006,within,0.663501,0.158857,0.089642,0.687222,0.223879,0.010231,Bellevue_150th_Eastgate
1007,within,0.6857,0.148454,0.062641,0.737025,0.271179,0.008779,Bellevue_150th_Eastgate
1008,within,0.69055,0.139386,0.05143,0.731734,0.24409,0.011373,Bellevue_150th_Eastgate
1009,within,0.709071,0.135807,0.058056,0.783279,0.27176,0.002964,Bellevue_150th_Eastgate
1010,within,0.706888,0.134525,0.05799,0.804776,0.256613,0.008337,Bellevue_150th_Eastgate
1011,within,0.70875,0.104326,0.055687,0.820246,0.307976,0.038319,Bellevue_150th_Eastgate
1012,within,0.678829,0.155353,0.078685,0.800847,0.243187,0.079243,Bellevue_150th_Eastgate
1013,within,0.672627,0.164132,0.105636,0.80959,0.276711,0.040789,Bellevue_150th_Eastgate
1014,within,0.681074,0.160082,0.107805,0.683347,0.241534,0.044213,Bellevue_150th_Eastgate
1015,within,0.674598,0.164967,0.110324,0.656442,0.213529,0.081549,Bellevue_150th_Eastgate
1016,within,0.665554,0.178666,0.117458,0.618326,0.165941,0.070847,Bellevue_150th_Eastgate
1017,within,0.685215,0.153282,0.079923,0.681743,0.205897,0.081,Bellevue_150th_Eastgate
1018,within,0.677301,0.171576,0.10541,0.759986,0.194911,0.078078,Bellevue_150th_Eastgate
1019,within,0.674901,0.164121,0.099072,0.724202,0.187028,0.089103,Bellevue_150th_Eastgate
1020,within,0.693323,0.148051,0.066386,0.732008,0.21116,0.052291,Bellevue_150th_Eastgate
1021,within,0.680885,0.15358,0.081763,0.782656,0.234622,0.070834,Bellevue_150th_Eastgate
1022,within,0.650573,0.173225,0.117729,0.79639,0.223881,0.078211,Bellevue_150th_Eastgate
1023,within,0.667041,0.138571,0.107204,0.660319,0.238466,0.043165,Bellevue_150th_Eastgate
1024,within,0.687854,0.149371,0.072443,0.606842,0.191311,0.062194,Bellevue_150th_Eastgate
1025,within,0.66799,0.167682,0.107766,0.644081,0.218762,0.067936,Bellevue_150th_Eastgate
1026,within,0.673123,0.164089,0.100478,0.672614,0.206932,0.056808,Bellevue_150th_Eastgate
1027,within,0.666862,0.161902,0.098077,0.707936,0.237639,0.057294,Bellevue_150th_Eastgate
1028,within,0.695629,0.146389,0.055841,0.712588,0.198714,0.062856,Bellevue_150th_Eastgate
1029,within,0.678167,0.148655,0.076859,0.793149,0.202417,0.100757,Bellevue_150th_Eastgate
1030,within,0.673356,0.159946,0.094207,0.822255,0.209721,0.083556,Bellevue_150th_Eastgate
1031,within,0.654985,0.138839,0.12262,0.722254,0.203616,0.091296,Bellevue_150th_Eastgate
1032,within,0.664249,0.167509,0.105529,0.650083,0.207809,0.094045,Bellevue_150th_Eastgate
1033,within,0.680016,0.154337,0.0862,0.689656,0.140618,0.070189,Bellevue_150th_Eastgate
1034,within,0.66565,0.164941,0.107527,0.741484,0.166334,0.037737,Bellevue_150th_Eastgate
1035,within,0.647144,0.177295,0.123014,0.680011,0.169968,0.027719,Bellevue_150th_Eastgate
1036,within,0.692251,0.142632,0.065241,0.689419,0.155119,0.02175,Bellevue_150th_Eastgate
1037,within,0.679072,0.144799,0.074046,0.73816,0.156816,0.01777,Bellevue_150th_Eastgate
1038,within,0.672507,0.159697,0.095276,0.863107,0.204648,0.034054,Bellevue_150th_Eastgate
1039,within,0.664702,0.12575,0.109537,0.711484,0.204377,0.076363,Bellevue_150th_Eastgate
1040,within,0.671679,0.159743,0.101316,0.523044,0.075774,0.05833,Bellevue_150th_Eastgate
1041,within,0.688136,0.143767,0.068013,0.529742,0.0975,0.085901,Bellevue_150th_Eastgate
1042,within,0.667609,0.152732,0.102209,0.632655,0.109835,0.120026,Bellevue_150th_Eastgate
1043,within,0.672693,0.161024,0.111745,0.691079,0.15982,0.055502,Bellevue_150th_Eastgate
1044,within,0.673015,0.16214,0.1,0.738716,0.188812,0.041456,Bellevue_150th_Eastgate
1045,within,0.691667,0.13501,0.064379,0.816629,0.173588,0.025176,Bellevue_150th_Eastgate
1046,within,0.65865,0.179167,0.120521,0.856186,0.203386,0.027503,Bellevue_150th_Eastgate
1047,within,0.672243,0.153515,0.112627,0.740197,0.186618,0.053515,Bellevue_150th_Eastgate
1048,within,0.681129,0.128783,0.078732,0.534762,0.19303,0.061568,Bellevue_150th_Eastgate
1049,within,0.6874,0.156387,0.085723,0.458535,0.169657,0.028876,Bellevue_150th_Eastgate
1050,within,0.694467,0.146229,0.07092,0.532017,0.194471,0.045143,Bellevue_150th_Eastgate
1051,within,0.702438,0.110611,0.078742,0.634189,0.28286,0.054121,Bellevue_150th_Eastgate
1052,within,0.682593,0.130315,0.09264,0.704983,0.212707,0.088187,Bellevue_150th_Eastgate
1053,within,0.697945,0.119633,0.059779,0.751549,0.274773,0.035086,Bellevue_150th_Eastgate
1054,within,0.67397,0.160483,0.104571,0.794912,0.232835,0.044131,Bellevue_150th_Eastgate
1055,within,0.691185,0.124105,0.075367,0.61124,0.174428,0.020376,Bellevue_150th_Eastgate
1056,within,0.668822,0.160185,0.0987,0.635486,0.259513,0.012656,Bellevue_150th_Eastgate
1057,within,0.657794,0.172391,0.11283,0.65375,0.305374,0.058449,Bellevue_150th_Eastgate
1058,within,0.659319,0.161805,0.103345,0.676816,0.247483,0.11359,Bellevue_150th_Eastgate
1059,within,0.660327,0.164475,0.105325,0.662682,0.251085,0.050945,Bellevue_150th_Eastgate
1060,within,0.654843,0.177329,0.114278,0.653163,0.280024,0.045277,Bellevue_150th_Eastgate
1061,within,0.66128,0.163503,0.097559,0.65898,0.212386,0.006944,Bellevue_150th_Eastgate
1062,within,0.651661,0.157527,0.095043,0.606796,0.173292,0.010011,Bellevue_150th_Eastgate
1063,within,0.668819,0.153648,0.083249,0.702552,0.215119,0.002517,Bellevue_150th_Eastgate
1064,within,0.673852,0.160925,0.102361,0.7302,0.146917,0.053437,Bellevue_150th_Eastgate
1065,within,0.655672,0.158051,0.101104,0.663829,0.136428,0.106737,Bellevue_150th_Eastgate
1066,within,0.675265,0.1514,0.077948,0.64521,0.111873,0.155183,Bellevue_150th_Eastgate
1067,within,0.680782,0.144115,0.07633,0.661914,0.128666,0.112492,Bellevue_150th_Eastgate
1068,within,0.673766,0.147004,0.08462,0.638036,0.167829,0.11467,Bellevue_150th_Eastgate
1069,within,0.644778,0.176858,0.117254,0.769059,0.26469,0.095195,Bellevue_150th_Eastgate
1070,within,0.633994,0.161745,0.109661,0.84873,0.268131,0.06318,Bellevue_150th_Eastgate
1071,within,0.677441,0.12246,0.113153,0.624075,0.200116,0.062363,Bellevue_150th_Eastgate
1072,within,0.671275,0.161113,0.09797,0.69225,0.29519,0.004991,Bellevue_150th_Eastgate
1073,within,0.667788,0.163009,0.106376,0.734152,0.334294,0.043021,Bellevue_150th_Eastgate
1074,within,0.667547,0.164647,0.104388,0.720017,0.310358,0.102415,Bellevue_150th_Eastgate
1075,within,0.662321,0.162047,0.097995,0.689513,0.277586,0.11332,Bellevue_150th_Eastgate
1076,within,0.678956,0.163301,0.098661,0.707662,0.290309,0.08271,Bellevue_150th_Eastgate
1077,within,0.660331,0.161193,0.097904,0.655043,0.298905,0.031245,Bellevue_150th_Eastgate
1078,within,0.686792,0.14266,0.062767,0.632254,0.24818,0.003627,Bellevue_150th_Eastgate
1079,within,0.673631,0.163145,0.117479,0.55407,0.204037,0.009067,Bellevue_150th_Eastgate
1080,within,0.658569,0.150402,0.116633,0.536067,0.175831,0.009995,Bellevue_150th_Eastgate
1081,within,0.669726,0.169581,0.112613,0.517929,0.163817,0.00844,Bellevue_150th_Eastgate
1082,within,0.685663,0.149322,0.074636,0.580213,0.1756,0.037276,Bellevue_150th_Eastgate
1083,within,0.694296,0.125357,0.053769,0.570987,0.16085,0.081141,Bellevue_150th_Eastgate
1084,within,0.694589,0.138567,0.056866,0.685829,0.212042,0.118089,Bellevue_150th_Eastgate
1085,within,0.673736,0.167825,0.105505,0.738404,0.254417,0.046317,Bellevue_150th_Eastgate
1086,within,0.674536,0.158587,0.097695,0.681038,0.175754,0.04175,Bellevue_150th_Eastgate
1087,within,0.677659,0.153115,0.082567,0.80302,0.182947,0.092748,Bellevue_150th_Eastgate
1088,within,0.66101,0.157786,0.112111,0.701397,0.122811,0.110562,Bellevue_150th_Eastgate
1089,within,0.656666,0.179861,0.118271,0.715472,0.114055,0.117104,Bellevue_150th_Eastgate
1090,within,0.659965,0.16299,0.100436,0.727232,0.103026,0.176447,Bellevue_150th_Eastgate
1091,within,0.665597,0.159457,0.096407,0.722923,0.067716,0.201843,Bellevue_150th_Eastgate
1092,within,0.671843,0.17741,0.108766,0.705573,0.049549,0.149084,Bellevue_150th_Eastgate
1093,within,0.700958,0.137866,0.052541,0.758826,0.12331,0.095838,Bellevue_150th_Eastgate
1094,within,0.681157,0.161206,0.093461,0.710998,0.139579,0.053249,Bellevue_150th_Eastgate
1095,within,0.670279,0.161339,0.101345,0.806401,0.165574,0.019874,Bellevue_150th_Eastgate
1096,within,0.656656,0.135117,0.131266,0.742232,0.152118,0.036932,Bellevue_150th_Eastgate
1097,within,0.651743,0.160933,0.106258,0.607983,0.120822,0.059356,Bellevue_150th_Eastgate
1098,within,0.666748,0.166039,0.106317,0.542006,0.105759,0.025187,Bellevue_150th_Eastgate
1099,within,0.689779,0.154151,0.077389,0.549955,0.095685,0.049438,Bellevue_150th_Eastgate
1100,within,0.677955,0.14972,0.080424,0.61156,0.18715,0.048597,Bellevue_150th_Eastgate
1101,within,0.661036,0.174203,0.113101,0.676151,0.165213,0.087732,Bellevue_150th_Eastgate
1102,within,0.670802,0.164766,0.103775,0.715276,0.130259,0.131432,Bellevue_150th_Eastgate
1103,within,0.657537,0.144436,0.112169,0.739177,0.222874,0.097495,Bellevue_150th_Eastgate
1104,within,0.660547,0.158209,0.101983,0.757335,0.212599,0.100642,Bellevue_150th_Eastgate
1105,within,0.668758,0.158012,0.11141,0.797372,0.206162,0.04525,Bellevue_150th_Eastgate
1106,within,0.686704,0.127524,0.088568,0.629434,0.165856,0.024232,Bellevue_150th_Eastgate
1107,within,0.67282,0.160199,0.096565,0.703636,0.256972,0.067641,Bellevue_150th_Eastgate
1108,within,0.660648,0.174915,0.115084,0.773907,0.260681,0.113979,Bellevue_150th_Eastgate
1109,within,0.704827,0.13414,0.06284,0.752598,0.206451,0.137177,Bellevue_150th_Eastgate
1110,within,0.675271,0.158685,0.087183,0.706782,0.153827,0.070224,Bellevue_150th_Eastgate
1111,within,0.671579,0.158843,0.095595,0.887292,0.175908,0.09947,Bellevue_150th_Eastgate
1112,within,0.6584,0.155666,0.115024,0.782304,0.212478,0.065462,Bellevue_150th_Eastgate
1113,within,0.677309,0.145842,0.085794,0.752214,0.197586,0.018403,Bellevue_150th_Eastgate
1114,within,0.685752,0.149036,0.08287,0.810272,0.230725,0.021031,Bellevue_150th_Eastgate
1115,within,0.682577,0.109171,0.077964,0.686468,0.136039,0.022237,Bellevue_150th_Eastgate
1116,within,0.667886,0.166816,0.106471,0.752129,0.169623,0.045557,Bellevue_150th_Eastgate
1117,within,0.655815,0.170818,0.11093,0.725271,0.176759,0.037115,Bellevue_150th_Eastgate
1118,within,0.695604,0.144525,0.075823,0.883656,0.204914,0.051191,Bellevue_150th_Eastgate
1119,within,0.694812,0.1021,0.081246,0.664314,0.176328,0.024433,Bellevue_150th_Eastgate
1120,within,0.673765,0.16353,0.103526,0.667736,0.13134,0.014312,Bellevue_150th_Eastgate
1121,within,0.669202,0.153135,0.101797,0.748823,0.172716,0.023244,Bellevue_150th_Eastgate
1122,within,0.686189,0.108634,0.082926,0.736528,0.195857,0.004293,Bellevue_150th_Eastgate
1123,within,0.685793,0.147135,0.072744,0.866952,0.189032,0.021396,Bellevue_150th_Eastgate
1124,within,0.665969,0.158755,0.104966,0.770419,0.211943,0.003204,Bellevue_150th_Eastgate
1125,within,0.699387,0.146447,0.073318,0.77321,0.238476,0.030438,Bellevue_150th_Eastgate
1126,within,0.706616,0.102574,0.067602,0.720414,0.140379,0.019907,Bellevue_150th_Eastgate
1127,within,0.698286,0.101233,0.075733,0.786474,0.233932,0.010004,Bellevue_150th_Eastgate
1128,within,0.660897,0.166198,0.110808,0.694154,0.242754,0.041565,Bellevue_150th_Eastgate
1129,within,0.655805,0.162023,0.102182,0.680647,0.205027,0.058932,Bellevue_150th_Eastgate
1130,within,0.638859,0.152753,0.111828,0.735891,0.235266,0.048207,Bellevue_150th_Eastgate
1131,within,0.660494,0.130499,0.108822,0.802492,0.279073,0.110802,Bellevue_150th_Eastgate
1132,within,0.65924,0.163079,0.106793,0.783044,0.179864,0.125046,Bellevue_150th_Eastgate
1133,within,0.645015,0.134869,0.127505,0.711019,0.214232,0.056255,Bellevue_150th_Eastgate
1134,within,0.656817,0.17527,0.116759,0.689387,0.225313,0.018602,Bellevue_150th_Eastgate
1135,within,0.692932,0.143169,0.061141,0.661091,0.276275,0.007289,Bellevue_150th_Eastgate
1136,within,0.664833,0.160821,0.100297,0.759138,0.359456,0.014312,Bellevue_150th_Eastgate
1137,within,0.671571,0.158479,0.09099,0.642062,0.31943,0.005273,Bellevue_150th_Eastgate
1138,within,0.671374,0.151371,0.076537,0.668335,0.262237,0.009599,Bellevue_150th_Eastgate
1139,within,0.68619,0.148424,0.064911,0.729463,0.223946,0.010974,Bellevue_150th_Eastgate
1140,within,0.678838,0.142014,0.057857,0.727359,0.185355,0.030564,Bellevue_150th_Eastgate
1141,within,0.670588,0.153073,0.081545,0.689238,0.199513,0.053287,Bellevue_150th_Eastgate
1142,within,0.664341,0.160122,0.089867,0.615433,0.169212,0.055372,Bellevue_150th_Eastgate
1143,within,0.685829,0.144822,0.058517,0.742796,0.294217,0.051192,Bellevue_150th_Eastgate
1144,within,0.657023,0.156404,0.088524,0.648754,0.251995,0.057293,Bellevue_150th_Eastgate
1145,within,0.677401,0.142823,0.068989,0.67071,0.195384,0.08947,Bellevue_150th_Eastgate
1146,within,0.657636,0.154793,0.086002,0.688734,0.329117,0.025329,Bellevue_150th_Eastgate
1147,within,0.702508,0.139409,0.051426,0.646922,0.241555,0.039435,Bellevue_150th_Eastgate
1148,within,0.667948,0.157545,0.10889,0.794928,0.300144,0.056053,Bellevue_150th_Eastgate
1149,within,0.637729,0.143507,0.123565,0.763015,0.340795,0.03027,Bellevue_150th_Eastgate
1150,within,0.657707,0.155958,0.099387,0.655201,0.297144,0.050178,Bellevue_150th_Eastgate
1151,within,0.667753,0.165558,0.105814,0.685064,0.230246,0.12901,Bellevue_150th_Eastgate
1152,within,0.664859,0.163054,0.098737,0.639091,0.250719,0.104089,Bellevue_150th_Eastgate
1153,within,0.697412,0.133651,0.052062,0.695224,0.21922,0.168328,Bellevue_150th_Eastgate
1154,within,0.702114,0.136456,0.052627,0.648416,0.337504,0.045553,Bellevue_150th_Eastgate
1155,within,0.663866,0.164689,0.103574,0.666987,0.35999,0.0,Bellevue_150th_Eastgate
1156,within,0.673026,0.163298,0.107364,0.696701,0.345611,0.013366,Bellevue_150th_Eastgate
1157,within,0.688383,0.147049,0.073619,0.620546,0.227443,0.022014,Bellevue_150th_Eastgate
1158,within,0.67567,0.136281,0.087595,0.608399,0.21032,0.01559,Bellevue_150th_Eastgate
1159,within,0.652546,0.136552,0.118787,0.589436,0.313349,0.038224,Bellevue_150th_Eastgate
1160,within,0.657025,0.16327,0.103293,0.669391,0.291446,0.032828,Bellevue_150th_Eastgate
1161,within,0.649279,0.16251,0.104791,0.743454,0.195008,0.067773,Bellevue_150th_Eastgate
1162,within,0.644222,0.154411,0.105152,0.785737,0.166104,0.09228,Bellevue_150th_Eastgate
1163,within,0.686585,0.132817,0.077068,0.721077,0.211862,0.049185,Bellevue_150th_Eastgate
1164,within,0.672588,0.154229,0.093694,0.664228,0.235336,0.019706,Bellevue_150th_Eastgate
1165,within,0.659595,0.158964,0.101863,0.757776,0.320767,0.037937,Bellevue_150th_Eastgate
1166,within,0.649114,0.157105,0.110724,0.66339,0.201736,0.092313,Bellevue_150th_Eastgate
1167,within,0.64622,0.16058,0.101739,0.63026,0.222625,0.064811,Bellevue_150th_Eastgate
1168,within,0.652615,0.160926,0.095218,0.639854,0.179558,0.055104,Bellevue_150th_Eastgate
1169,within,0.651373,0.133263,0.117021,0.52923,0.253713,0.02783,Bellevue_150th_Eastgate
1170,within,0.742302,0.092333,0.057678,0.60662,0.287252,0.077676,Bellevue_150th_Eastgate
1171,within,0.687044,0.101348,0.068266,0.568324,0.22938,0.006508,Bellevue_150th_Eastgate
1172,within,0.675022,0.158788,0.100285,0.793582,0.480785,0.010897,Bellevue_150th_Eastgate
1173,within,0.721287,0.096098,0.070718,0.737238,0.322318,0.055805,Bellevue_150th_Eastgate
1174,within,0.657502,0.154813,0.111839,0.677079,0.297024,0.035273,Bellevue_150th_Eastgate
1175,within,0.64253,0.176464,0.117806,0.692732,0.280466,0.065035,Bellevue_150th_Eastgate
1176,within,0.645284,0.156648,0.104675,0.627949,0.2656,0.04832,Bellevue_150th_Eastgate
1177,within,0.671295,0.156619,0.087977,0.661629,0.214271,0.101504,Bellevue_150th_Eastgate
1178,within,0.660558,0.159493,0.098585,0.735612,0.361881,0.093004,Bellevue_150th_Eastgate
1179,within,0.665308,0.159177,0.100676,0.643736,0.214663,0.094603,Bellevue_150th_Eastgate
1180,within,0.662841,0.164858,0.097771,0.748218,0.256961,0.051009,Bellevue_150th_Eastgate
1181,within,0.66237,0.162882,0.107891,0.664795,0.25652,0.010786,Bellevue_150th_Eastgate
1182,within,0.671808,0.158201,0.092572,0.663858,0.218947,0.047398,Bellevue_150th_Eastgate
1183,within,0.670009,0.158316,0.118145,0.735152,0.264769,0.02343,Bellevue_150th_Eastgate
1184,within,0.689935,0.140754,0.075159,0.831272,0.30258,0.066703,Bellevue_150th_Eastgate
1185,within,0.650648,0.153981,0.136153,0.812463,0.289633,0.045363,Bellevue_150th_Eastgate
1186,within,0.65452,0.1362,0.113013,0.730158,0.258862,0.045468,Bellevue_150th_Eastgate
1187,within,0.63352,0.168691,0.116866,0.845352,0.196739,0.073662,Bellevue_150th_Eastgate
1188,within,0.650279,0.126619,0.135279,0.683965,0.236928,0.014969,Bellevue_150th_Eastgate
1189,within,0.664417,0.157266,0.094644,0.638851,0.240442,0.017166,Bellevue_150th_Eastgate
1190,within,0.647489,0.18149,0.12313,0.753058,0.27201,0.029234,Bellevue_150th_Eastgate
1191,within,0.634811,0.163462,0.11427,0.690389,0.212307,0.025835,Bellevue_150th_Eastgate
1192,within,0.645763,0.159514,0.112949,0.720032,0.30145,0.028888,Bellevue_150th_Eastgate
1193,within,0.653443,0.179953,0.123319,0.716126,0.179198,0.036014,Bellevue_150th_Eastgate
1194,within,0.675725,0.151048,0.080718,0.844609,0.249908,0.019273,Bellevue_150th_Eastgate
1195,within,0.655706,0.137038,0.120801,0.702383,0.217205,0.05772,Bellevue_150th_Eastgate
1196,within,0.665306,0.160857,0.101829,0.764136,0.300967,0.100039,Bellevue_150th_Eastgate
1197,within,0.662901,0.160914,0.099847,0.766229,0.296612,0.106291,Bellevue_150th_Eastgate
1198,within,0.708046,0.115593,0.077499,0.82529,0.262773,0.1121,Bellevue_150th_Eastgate
1199,within,0.708712,0.096813,0.059751,0.797545,0.198064,0.155152,Bellevue_150th_Eastgate
1200,within,0.683222,0.132686,0.083748,0.712027,0.249458,0.101998,Bellevue_150th_Eastgate
1201,within,0.663132,0.155668,0.101693,0.657076,0.135006,0.118496,Bellevue_150th_Eastgate
1202,within,0.668824,0.157712,0.095996,0.699485,0.187007,0.094166,Bellevue_150th_Eastgate
1203,within,0.664377,0.123697,0.097944,0.683094,0.168034,0.070782,Bellevue_150th_Eastgate
1204,within,0.681897,0.128344,0.089362,0.652501,0.199244,0.038709,Bellevue_150th_Eastgate
1205,within,0.689989,0.105316,0.084141,0.663497,0.302303,0.084738,Bellevue_150th_Eastgate
1206,within,0.679896,0.10166,0.076884,0.638676,0.352705,0.046185,Bellevue_150th_Eastgate
1207,within,0.674083,0.115748,0.087662,0.56442,0.254618,0.061672,Bellevue_150th_Eastgate
1208,within,0.65778,0.166746,0.10782,0.755996,0.190826,0.049981,Bellevue_150th_Eastgate
1209,within,0.659946,0.164617,0.112329,0.809355,0.179938,0.020861,Bellevue_150th_Eastgate
1210,within,0.654256,0.172376,0.125821,0.752045,0.150134,0.036522,Bellevue_150th_Eastgate
1211,within,0.670018,0.144189,0.08826,0.670242,0.216431,0.015899,Bellevue_150th_Eastgate
1212,within,0.65229,0.140496,0.1227,0.734267,0.29107,0.001667,Bellevue_150th_Eastgate
1213,within,0.668616,0.14704,0.092846,0.720213,0.303083,0.0,Bellevue_150th_Eastgate
1214,within,0.700216,0.102027,0.079594,0.644334,0.266075,0.020724,Bellevue_150th_Eastgate
1215,within,0.660607,0.136547,0.091235,0.637471,0.182684,0.043284,Bellevue_150th_Eastgate
1216,within,0.656985,0.160467,0.09689,0.721677,0.212722,0.045236,Bellevue_150th_Eastgate
1217,within,0.665898,0.151865,0.086566,0.799423,0.289024,0.020835,Bellevue_150th_Eastgate
1218,within,0.672405,0.143985,0.079296,0.692785,0.256677,0.035031,Bellevue_150th_Eastgate
1219,within,0.656433,0.161774,0.111019,0.697649,0.238879,0.078804,Bellevue_150th_Eastgate
1220,within,0.659483,0.162459,0.103395,0.706249,0.225251,0.094765,Bellevue_150th_Eastgate
1221,within,0.648038,0.159215,0.105477,0.616841,0.129519,0.149153,Bellevue_150th_Eastgate
1222,within,0.670575,0.146625,0.077459,0.769518,0.283242,0.143886,Bellevue_150th_Eastgate
1223,within,0.692229,0.10659,0.071396,0.727676,0.252307,0.077838,Bellevue_150th_Eastgate
1224,within,0.659054,0.161409,0.104268,0.760071,0.228479,0.087916,Bellevue_150th_Eastgate
1225,within,0.646213,0.154731,0.111949,0.645134,0.285806,0.024106,Bellevue_150th_Eastgate
1226,within,0.651964,0.16193,0.100278,0.504429,0.233747,0.014633,Bellevue_150th_Eastgate
1227,within,0.669084,0.156601,0.087172,0.603789,0.240077,0.001515,Bellevue_150th_Eastgate
1228,within,0.666305,0.152329,0.083106,0.639066,0.279815,0.00965,Bellevue_150th_Eastgate
1229,within,0.653159,0.147268,0.085887,0.659886,0.246551,0.021098,Bellevue_150th_Eastgate
1230,within,0.675271,0.136578,0.068928,0.510704,0.079287,0.092659,Bellevue_150th_Eastgate
1231,within,0.653827,0.161456,0.100926,0.646008,0.133749,0.052116,Bellevue_150th_Eastgate
1232,within,0.645857,0.15772,0.10872,0.635999,0.208636,0.041559,Bellevue_150th_Eastgate
1233,within,0.654586,0.159643,0.10322,0.689733,0.287522,0.03033,Bellevue_150th_Eastgate
1234,within,0.637119,0.143019,0.100149,0.679804,0.209841,0.039787,Bellevue_150th_Eastgate
1235,within,0.684655,0.129789,0.070248,0.627518,0.210657,0.074782,Bellevue_150th_Eastgate
1236,within,0.691306,0.098055,0.071301,0.711551,0.184659,0.084886,Bellevue_150th_Eastgate
1237,within,0.622604,0.136912,0.123681,0.754484,0.148138,0.061355,Bellevue_150th_Eastgate
1238,within,0.65499,0.16229,0.102361,0.794155,0.1354,0.034297,Bellevue_150th_Eastgate
1239,within,0.637805,0.150117,0.109473,0.747098,0.080627,0.048431,Bellevue_150th_Eastgate
1240,within,0.650206,0.130441,0.120177,0.712806,0.196263,0.018353,Bellevue_150th_Eastgate
1241,within,0.664043,0.15271,0.086148,0.652908,0.190732,0.038386,Bellevue_150th_Eastgate
1242,within,0.672004,0.15749,0.090388,0.766587,0.239547,0.066292,Bellevue_150th_Eastgate
1243,within,0.713483,0.100453,0.052849,0.640859,0.243591,0.057268,Bellevue_150th_Eastgate
1244,within,0.674355,0.106646,0.082125,0.674796,0.286026,0.038719,Bellevue_150th_Eastgate
1245,within,0.666953,0.149119,0.08053,0.684516,0.252852,0.043654,Bellevue_150th_Eastgate
1246,within,0.651924,0.159261,0.102932,0.827499,0.261562,0.0726,Bellevue_150th_Eastgate
1247,within,0.625027,0.125867,0.125339,0.615889,0.217258,0.023438,Bellevue_150th_Eastgate
1248,within,0.652492,0.156325,0.09187,0.600093,0.202356,0.011111,Bellevue_150th_Eastgate
1249,within,0.655606,0.144426,0.084271,0.727217,0.230634,0.067488,Bellevue_150th_Eastgate
1250,within,0.667041,0.169605,0.117395,0.774558,0.251271,0.088201,Bellevue_150th_Eastgate
1251,within,0.643125,0.147113,0.082827,0.73926,0.180162,0.100465,Bellevue_150th_Eastgate
1252,within,0.63121,0.159647,0.115041,0.697924,0.142032,0.140441,Bellevue_150th_Eastgate
1253,within,0.659476,0.130576,0.089426,0.605455,0.159739,0.053442,Bellevue_150th_Eastgate
1254,within,0.666829,0.150813,0.082726,0.896457,0.220567,0.125806,Bellevue_150th_Eastgate
1255,within,0.660644,0.114366,0.120264,0.67603,0.19919,0.037854,Bellevue_150th_Eastgate
1256,within,0.671549,0.12442,0.100784,0.671748,0.19738,0.029235,Bellevue_150th_Eastgate
1257,within,0.659722,0.153682,0.091668,0.658402,0.215026,0.002381,Bellevue_150th_Eastgate
1258,within,0.685582,0.104277,0.072748,0.685919,0.163572,0.074415,Bellevue_150th_Eastgate
1259,within,0.681634,0.11024,0.087204,0.69392,0.137459,0.158323,Bellevue_150th_Eastgate
1260,within,0.638418,0.156703,0.100947,0.916499,0.314383,0.053232,Bellevue_150th_Eastgate
1261,within,0.635801,0.105408,0.116615,0.730576,0.211852,0.032268,Bellevue_150th_Eastgate
1262,within,0.643719,0.145344,0.11502,0.748709,0.256161,0.003421,Bellevue_150th_Eastgate
1263,within,0.652087,0.171824,0.1151,0.640246,0.218103,0.032507,Bellevue_150th_Eastgate
1264,within,0.665695,0.126323,0.082719,0.654058,0.290324,0.0196,Bellevue_150th_Eastgate
1265,within,0.6153,0.149898,0.103216,0.621564,0.183097,0.020456,Bellevue_150th_Eastgate
1266,within,0.630554,0.156062,0.098199,0.692986,0.301452,0.042084,Bellevue_150th_Eastgate
1267,within,0.653968,0.156936,0.09174,0.845893,0.356943,0.010729,Bellevue_150th_Eastgate
1268,within,0.667093,0.160955,0.112975,0.742436,0.345628,0.03887,Bellevue_150th_Eastgate
1269,within,0.690108,0.121682,0.075863,0.706099,0.340896,0.06929,Bellevue_150th_Eastgate
1270,within,0.673677,0.143459,0.082762,0.904861,0.291734,0.292036,Bellevue_150th_Eastgate
1271,within,0.691324,0.096924,0.079784,0.915836,0.255357,0.290029,Bellevue_150th_Eastgate
1272,within,0.683897,0.090549,0.080692,0.853631,0.174281,0.266213,Bellevue_150th_Eastgate
1273,within,0.689062,0.115542,0.103193,0.819569,0.224496,0.322659,Bellevue_150th_Eastgate
1274,within,0.696467,0.101916,0.081977,0.714863,0.200345,0.134272,Bellevue_150th_Eastgate
1275,within,0.649338,0.159383,0.100217,0.727112,0.202856,0.054828,Bellevue_150th_Eastgate
1276,within,0.640605,0.155989,0.106033,0.663618,0.271947,0.012725,Bellevue_150th_Eastgate
1277,within,0.655322,0.152184,0.093364,0.716903,0.228099,0.0,Bellevue_150th_Eastgate
1278,within,0.670382,0.154792,0.116928,0.745142,0.271572,0.011859,Bellevue_150th_Eastgate
1279,within,0.646121,0.131199,0.122046,0.713376,0.2414,0.06247,Bellevue_150th_Eastgate
1280,within,0.611822,0.1477,0.105552,0.822964,0.195739,0.118877,Bellevue_150th_Eastgate
1281,within,0.632686,0.156366,0.097828,0.836056,0.129048,0.109114,Bellevue_150th_Eastgate
1282,within,0.637552,0.156298,0.100414,0.701194,0.181468,0.083759,Bellevue_150th_Eastgate
1283,within,0.651981,0.158596,0.098965,0.68457,0.279074,0.042932,Bellevue_150th_Eastgate
1284,within,0.649991,0.154963,0.101391,0.671592,0.276583,0.010712,Bellevue_150th_Eastgate
1285,within,0.671211,0.132376,0.082954,0.702315,0.278419,0.038285,Bellevue_150th_Eastgate
1286,within,0.684586,0.113446,0.062761,0.681303,0.224064,0.088451,Bellevue_150th_Eastgate
1287,within,0.680393,0.124097,0.055922,0.650997,0.275636,0.04619,Bellevue_150th_Eastgate
1288,within,0.661378,0.144378,0.08937,0.663758,0.26768,0.006001,Bellevue_150th_Eastgate
1289,within,0.644773,0.151396,0.109732,0.588128,0.235845,0.028628,Bellevue_150th_Eastgate
1290,within,0.64011,0.159146,0.100238,0.536901,0.161928,0.080504,Bellevue_150th_Eastgate
1291,within,0.661961,0.15077,0.083595,0.590782,0.158008,0.060939,Bellevue_150th_Eastgate
1292,within,0.607197,0.156953,0.108816,0.516097,0.03708,0.040011,Bellevue_150th_Eastgate
1293,within,0.627257,0.164146,0.106062,0.499615,0.09828,0.032996,Bellevue_150th_Eastgate
1294,within,0.682499,0.144139,0.065648,0.567486,0.183479,0.070611,Bellevue_150th_Eastgate
1295,within,0.679284,0.114271,0.0796,0.681392,0.290933,0.034674,Bellevue_150th_Eastgate
1296,within,0.632672,0.153567,0.110197,0.615384,0.111715,0.080344,Bellevue_150th_Eastgate
1297,within,0.636801,0.184927,0.119469,0.630329,0.155074,0.089922,Bellevue_150th_Eastgate
1298,within,0.648411,0.1497,0.097126,0.605143,0.163483,0.135524,Bellevue_150th_Eastgate
1299,within,0.637563,0.153008,0.104567,0.640795,0.187485,0.117773,Bellevue_150th_Eastgate
1300,within,0.6634,0.105941,0.077472,0.65015,0.202995,0.096624,Bellevue_150th_Eastgate
1301,within,0.631144,0.147364,0.106399,0.685323,0.170433,0.128012,Bellevue_150th_Eastgate
1302,within,0.642612,0.156441,0.094716,0.614831,0.085082,0.057774,Bellevue_150th_Eastgate
1303,within,0.660404,0.155843,0.086873,0.661875,0.146285,0.043756,Bellevue_150th_Eastgate
1304,within,0.635323,0.155452,0.096645,0.502416,0.136253,0.031541,Bellevue_150th_Eastgate
1305,within,0.652641,0.160516,0.102697,0.491024,0.10801,0.104341,Bellevue_150th_Eastgate
1306,within,0.658652,0.160244,0.094724,0.57044,0.121173,0.057685,Bellevue_150th_Eastgate
1307,within,0.655694,0.152151,0.097897,0.606884,0.184085,0.02953,Bellevue_150th_Eastgate
1308,within,0.649052,0.145797,0.098501,0.57443,0.187564,0.021188,Bellevue_150th_Eastgate
1309,within,0.684422,0.122003,0.071719,0.594685,0.11015,0.040528,Bellevue_150th_Eastgate
1310,within,0.629758,0.15427,0.09896,0.607881,0.057158,0.031168,Bellevue_150th_Eastgate
1311,within,0.627618,0.15277,0.107201,0.691987,0.079781,0.069371,Bellevue_150th_Eastgate
1312,within,0.618104,0.105572,0.127733,0.705871,0.188072,0.036461,Bellevue_150th_Eastgate
1313,within,0.650166,0.155389,0.09783,0.578788,0.200582,0.032815,Bellevue_150th_Eastgate
1314,within,0.651489,0.152745,0.098239,0.825387,0.284193,0.057778,Bellevue_150th_Eastgate
1315,within,0.576413,0.143479,0.103967,0.804154,0.313178,0.039067,Bellevue_150th_Eastgate
1316,within,0.691502,0.092101,0.074633,0.806964,0.339614,0.026199,Bellevue_150th_Eastgate
1317,within,0.633466,0.132057,0.121058,0.815775,0.31278,0.0861,Bellevue_150th_Eastgate
1318,within,0.645136,0.157245,0.106247,0.850972,0.281299,0.065015,Bellevue_150th_Eastgate
1319,within,0.571569,0.142118,0.105572,0.80189,0.222371,0.087539,Bellevue_150th_Eastgate
1320,within,0.645448,0.136147,0.115809,0.667768,0.138962,0.074794,Bellevue_150th_Eastgate
1321,within,0.634263,0.152561,0.107757,0.65711,0.140129,0.064588,Bellevue_150th_Eastgate
1322,within,0.646112,0.148221,0.107929,0.634568,0.140563,0.047749,Bellevue_150th_Eastgate
1323,within,0.653024,0.164318,0.105368,0.685908,0.194934,0.036421,Bellevue_150th_Eastgate
1324,within,0.621123,0.152685,0.10534,0.637045,0.205019,0.042368,Bellevue_150th_Eastgate
1325,within,0.654419,0.14906,0.085404,0.664772,0.219984,0.049396,Bellevue_150th_Eastgate
1326,within,0.636654,0.160523,0.099623,0.756691,0.202138,0.075696,Bellevue_150th_Eastgate
1327,within,0.60375,0.151085,0.114532,0.70218,0.124767,0.04105,Bellevue_150th_Eastgate
1328,within,0.622845,0.156799,0.107978,0.737522,0.156445,0.024113,Bellevue_150th_Eastgate
1329,within,0.613797,0.132997,0.12706,0.648281,0.245824,0.056231,Bellevue_150th_Eastgate
1330,within,0.606231,0.151277,0.103486,0.719977,0.23455,0.101753,Bellevue_150th_Eastgate
1331,within,0.619085,0.129061,0.118487,0.71856,0.194772,0.089841,Bellevue_150th_Eastgate
1332,within,0.681963,0.10223,0.086013,0.707423,0.310861,0.029807,Bellevue_150th_Eastgate
1333,within,0.622047,0.15479,0.105171,0.605855,0.234273,0.028518,Bellevue_150th_Eastgate
1334,within,0.642169,0.161062,0.105556,0.752085,0.313115,0.019019,Bellevue_150th_Eastgate
1335,within,0.597602,0.13405,0.119886,0.691899,0.227654,0.014306,Bellevue_150th_Eastgate
1336,within,0.623906,0.157635,0.100815,0.726911,0.23296,0.030642,Bellevue_150th_Eastgate
1337,within,0.650468,0.15283,0.109412,0.802875,0.192563,0.04991,Bellevue_150th_Eastgate
1338,within,0.645842,0.144592,0.124231,0.777404,0.168201,0.12707,Bellevue_150th_Eastgate
1339,within,0.657674,0.162558,0.112111,0.776855,0.222112,0.095579,Bellevue_150th_Eastgate
1340,within,0.636963,0.157483,0.109434,0.739241,0.310804,0.019735,Bellevue_150th_Eastgate
1341,within,0.640796,0.148538,0.103011,0.653489,0.268211,0.027037,Bellevue_150th_Eastgate
1342,within,0.589651,0.146673,0.105879,0.767191,0.372518,0.054113,Bellevue_150th_Eastgate
1343,within,0.590037,0.128471,0.125154,0.609086,0.192768,0.038116,Bellevue_150th_Eastgate
1344,within,0.642365,0.154781,0.09299,0.664882,0.259049,0.109544,Bellevue_150th_Eastgate
1345,within,0.613019,0.150261,0.104523,0.705222,0.242736,0.154796,Bellevue_150th_Eastgate
1346,within,0.556078,0.117932,0.109306,0.729567,0.131637,0.184974,Bellevue_150th_Eastgate
1347,within,0.570451,0.128686,0.114943,0.759937,0.037321,0.290989,Bellevue_150th_Eastgate
1348,within,0.712671,0.082824,0.068099,0.638808,0.13299,0.112106,Bellevue_150th_Eastgate
1349,within,0.64218,0.156541,0.096976,0.8621,0.323618,0.06064,Bellevue_150th_Eastgate
1350,within,0.583892,0.115988,0.124752,0.670558,0.224007,0.014181,Bellevue_150th_Eastgate
1351,within,0.632125,0.151979,0.107403,0.544906,0.181905,0.032015,Bellevue_150th_Eastgate
1352,within,0.670565,0.142668,0.073722,0.729446,0.169295,0.079895,Bellevue_150th_Eastgate
1353,within,0.594769,0.149319,0.095191,0.584747,0.17589,0.032109,Bellevue_150th_Eastgate
1354,within,0.646552,0.150387,0.087619,0.74804,0.204622,0.064776,Bellevue_150th_Eastgate
1355,within,0.631763,0.140621,0.118293,0.659397,0.150586,0.105076,Bellevue_150th_Eastgate
1356,within,0.64284,0.135431,0.115411,0.707417,0.088498,0.069595,Bellevue_150th_Eastgate
1357,within,0.578077,0.145172,0.102288,0.580048,0.036229,0.086781,Bellevue_150th_Eastgate
1358,within,0.66233,0.107433,0.096545,0.549436,0.152472,0.048939,Bellevue_150th_Eastgate
1359,within,0.602002,0.151123,0.098535,0.567206,0.176911,0.04482,Bellevue_150th_Eastgate
1360,within,0.575813,0.144156,0.096717,0.572201,0.159248,0.046705,Bellevue_150th_Eastgate
1361,within,0.587197,0.143217,0.100028,0.535869,0.147361,0.067391,Bellevue_150th_Eastgate
1362,within,0.670793,0.144442,0.090049,0.62254,0.147053,0.064687,Bellevue_150th_Eastgate
1363,within,0.652066,0.157042,0.095136,0.648999,0.132729,0.039682,Bellevue_150th_Eastgate
1364,within,0.613934,0.14516,0.107429,0.648227,0.171847,0.04274,Bellevue_150th_Eastgate
1365,within,0.646587,0.155475,0.096742,0.58326,0.232372,0.040351,Bellevue_150th_Eastgate
1366,within,0.610438,0.150604,0.098459,0.617819,0.256831,0.071889,Bellevue_150th_Eastgate
1367,within,0.628814,0.11883,0.122762,0.68501,0.191396,0.219867,Bellevue_150th_Eastgate
1368,within,0.623746,0.152929,0.101247,0.730961,0.197006,0.07919,Bellevue_150th_Eastgate
1369,within,0.608848,0.14895,0.106603,0.730077,0.229504,0.006405,Bellevue_150th_Eastgate
1370,within,0.605259,0.14808,0.105807,0.603392,0.167547,0.01733,Bellevue_150th_Eastgate
1371,within,0.607472,0.150258,0.105578,0.508727,0.167127,0.067501,Bellevue_150th_Eastgate
1372,within,0.604521,0.154368,0.105458,0.478998,0.177654,0.08017,Bellevue_150th_Eastgate
1373,within,0.564527,0.133178,0.099047,0.543811,0.13294,0.05199,Bellevue_150th_Eastgate
1374,within,0.60154,0.152425,0.101529,0.65256,0.180406,0.02024,Bellevue_150th_Eastgate
1375,within,0.629002,0.154695,0.101423,0.778215,0.207408,0.085748,Bellevue_150th_Eastgate
1376,within,0.610093,0.152292,0.108662,0.628864,0.225905,0.087228,Bellevue_150th_Eastgate
1377,within,0.618716,0.156665,0.110315,0.747964,0.298259,0.018478,Bellevue_150th_Eastgate
1378,within,0.596897,0.14132,0.108036,0.777799,0.384766,0.001961,Bellevue_150th_Eastgate
1379,within,0.597665,0.115555,0.134462,0.784298,0.325467,0.037351,Bellevue_150th_Eastgate
1380,within,0.597985,0.122923,0.129924,0.74065,0.36058,0.018645,Bellevue_150th_Eastgate
1381,within,0.67359,0.122047,0.066354,0.692146,0.264136,0.080672,Bellevue_150th_Eastgate
1382,within,0.641695,0.157811,0.11094,0.587829,0.225692,0.080298,Bellevue_150th_Eastgate
1383,within,0.617493,0.156165,0.100434,0.599926,0.127475,0.016481,Bellevue_150th_Eastgate
1384,within,0.638845,0.153198,0.090939,0.770177,0.203845,0.004762,Bellevue_150th_Eastgate
1385,within,0.584964,0.133332,0.115202,0.74505,0.162739,0.001449,Bellevue_150th_Eastgate
1386,within,0.56491,0.126207,0.109724,0.774155,0.15281,0.009676,Bellevue_150th_Eastgate
1387,within,0.654264,0.083022,0.076328,0.75313,0.209731,0.025829,Bellevue_150th_Eastgate
1388,within,0.60616,0.125829,0.122552,0.672689,0.195252,0.038424,Bellevue_150th_Eastgate
1389,within,0.646435,0.161109,0.113118,0.716919,0.197319,0.068591,Bellevue_150th_Eastgate
1390,within,0.614802,0.158294,0.111314,0.642428,0.175761,0.023436,Bellevue_150th_Eastgate
1391,within,0.62557,0.152704,0.098694,0.677569,0.180075,0.038283,Bellevue_150th_Eastgate
1392,within,0.58936,0.146611,0.101639,0.663337,0.163571,0.030807,Bellevue_150th_Eastgate
1393,within,0.621921,0.142511,0.109485,0.701941,0.249379,0.062596,Bellevue_150th_Eastgate
1394,within,0.566489,0.139313,0.103994,0.62198,0.242567,0.019298,Bellevue_150th_Eastgate
1395,within,0.599357,0.111819,0.100491,0.508898,0.215667,0.024351,Bellevue_150th_Eastgate
1396,within,0.592991,0.145603,0.105504,0.41498,0.203162,0.030064,Bellevue_150th_Eastgate
1397,within,0.638457,0.153664,0.10885,0.562277,0.298288,0.05422,Bellevue_150th_Eastgate
1398,within,0.569072,0.146178,0.103731,0.59235,0.21859,0.049725,Bellevue_150th_Eastgate
1399,within,0.629097,0.157018,0.102766,0.791094,0.241419,0.048816,Bellevue_150th_Eastgate
1400,within,0.554648,0.130228,0.111515,0.744909,0.168409,0.011354,Bellevue_150th_Eastgate
1401,within,0.56945,0.126903,0.112988,0.786364,0.236011,0.005754,Bellevue_150th_Eastgate
1402,within,0.606942,0.148559,0.10908,0.734118,0.230484,0.030129,Bellevue_150th_Eastgate
1403,within,0.576602,0.155786,0.101573,0.744196,0.195677,0.078173,Bellevue_150th_Eastgate
1404,within,0.564763,0.139892,0.104883,0.647129,0.269829,0.113967,Bellevue_150th_Eastgate
1405,within,0.602242,0.13711,0.107878,0.557259,0.218531,0.052249,Bellevue_150th_Eastgate
1406,within,0.646049,0.16126,0.113817,0.629943,0.247622,0.013822,Bellevue_150th_Eastgate
1407,within,0.607411,0.15516,0.104491,0.578939,0.163815,0.026115,Bellevue_150th_Eastgate
1408,within,0.614436,0.153046,0.107387,0.561184,0.199808,0.018026,Bellevue_150th_Eastgate
1409,within,0.604482,0.155979,0.107294,0.569854,0.207283,0.074478,Bellevue_150th_Eastgate
1410,within,0.622278,0.153553,0.103279,0.555518,0.171494,0.074318,Bellevue_150th_Eastgate
1411,within,0.645369,0.158864,0.108369,0.60129,0.23444,0.084545,Bellevue_150th_Eastgate
1412,within,0.633464,0.156946,0.10206,0.6095,0.216501,0.106177,Bellevue_150th_Eastgate
1413,within,0.647335,0.167481,0.117191,0.533298,0.211811,0.040469,Bellevue_150th_Eastgate
1414,within,0.6046,0.151516,0.102442,0.462311,0.11654,0.017996,Bellevue_150th_Eastgate
1415,within,0.615014,0.145215,0.101767,0.597516,0.15298,0.02785,Bellevue_150th_Eastgate
1416,within,0.589588,0.1431,0.109471,0.558133,0.147553,0.046223,Bellevue_150th_Eastgate
1417,within,0.657785,0.089239,0.0784,0.559768,0.171847,0.024919,Bellevue_150th_Eastgate
1418,within,0.564594,0.133612,0.093533,0.622991,0.250782,0.015546,Bellevue_150th_Eastgate
1419,within,0.602103,0.145959,0.102442,0.651602,0.225043,0.015145,Bellevue_150th_Eastgate
1420,within,0.629413,0.156374,0.10231,0.762623,0.291981,0.005185,Bellevue_150th_Eastgate
1421,within,0.579811,0.124479,0.120894,0.588109,0.148676,0.012337,Bellevue_150th_Eastgate
1422,within,0.618861,0.151572,0.099436,0.595065,0.171588,0.066637,Bellevue_150th_Eastgate
1423,within,0.604771,0.152713,0.107113,0.631889,0.140775,0.090112,Bellevue_150th_Eastgate
1424,within,0.58442,0.143336,0.100812,0.672353,0.18992,0.115837,Bellevue_150th_Eastgate
1425,within,0.606875,0.147356,0.093075,0.689712,0.174184,0.156545,Bellevue_150th_Eastgate
1426,within,0.583446,0.1437,0.097204,0.674028,0.195709,0.062796,Bellevue_150th_Eastgate
1427,within,0.631471,0.153683,0.109922,0.673404,0.181872,0.068343,Bellevue_150th_Eastgate
1428,within,0.60876,0.149711,0.109882,0.859064,0.258961,0.090507,Bellevue_150th_Eastgate
1429,within,0.540122,0.124401,0.115656,0.576154,0.203788,0.035792,Bellevue_150th_Eastgate
1430,within,0.60777,0.149884,0.108609,0.524997,0.182779,0.017116,Bellevue_150th_Eastgate
1431,within,0.591911,0.128952,0.119254,0.604821,0.146666,0.121713,Bellevue_150th_Eastgate
1432,within,0.573652,0.136615,0.11546,0.508976,0.072598,0.090634,Bellevue_150th_Eastgate
1433,within,0.597664,0.132623,0.110777,0.539436,0.10703,0.117859,Bellevue_150th_Eastgate
1434,within,0.586537,0.099767,0.123912,0.567809,0.211175,0.141489,Bellevue_150th_Eastgate
1435,within,0.629481,0.152597,0.107167,0.597237,0.199287,0.073922,Bellevue_150th_Eastgate
1436,within,0.610185,0.150557,0.111605,0.708263,0.266699,0.058734,Bellevue_150th_Eastgate
1437,within,0.624933,0.113529,0.110015,0.55072,0.231352,0.017833,Bellevue_150th_Eastgate
1438,within,0.619562,0.132279,0.128149,0.549881,0.235708,0.010175,Bellevue_150th_Eastgate
1439,within,0.636492,0.160998,0.128985,0.593173,0.260232,0.009162,Bellevue_150th_Eastgate
1440,within,0.590376,0.123339,0.127164,0.57825,0.282527,0.015955,Bellevue_150th_Eastgate
1441,within,0.651798,0.104365,0.104652,0.561843,0.266345,0.018701,Bellevue_150th_Eastgate
1442,within,0.612107,0.131201,0.120584,0.612254,0.29587,0.034505,Bellevue_150th_Eastgate
1443,within,0.625555,0.149714,0.106368,0.63791,0.282534,0.049482,Bellevue_150th_Eastgate
1444,within,0.611813,0.161861,0.124104,0.68611,0.250626,0.055401,Bellevue_150th_Eastgate
1445,within,0.60935,0.13203,0.127309,0.610864,0.282055,0.022393,Bellevue_150th_Eastgate
1446,within,0.627128,0.13769,0.117021,0.574112,0.221899,0.072835,Bellevue_150th_Eastgate
1447,within,0.634123,0.125062,0.133121,0.603278,0.232144,0.016547,Bellevue_150th_Eastgate
1448,within,0.620327,0.136976,0.130491,0.622824,0.17111,0.041192,Bellevue_150th_Eastgate
1449,within,0.618499,0.145583,0.11956,0.698702,0.166282,0.068264,Bellevue_150th_Eastgate
1450,within,0.606,0.136854,0.130331,0.675883,0.215583,0.0608,Bellevue_150th_Eastgate
1451,within,0.65118,0.172509,0.115931,0.760384,0.162565,0.156522,Bellevue_150th_Eastgate
1452,within,0.604359,0.125996,0.138231,0.649514,0.179166,0.077201,Bellevue_150th_Eastgate
1453,within,0.606407,0.147904,0.11004,0.551079,0.121944,0.083629,Bellevue_150th_Eastgate
1454,within,0.62012,0.16877,0.117743,0.522598,0.160126,0.085376,Bellevue_150th_Eastgate
1455,within,0.600242,0.16037,0.102926,0.558938,0.198336,0.05392,Bellevue_150th_Eastgate
1456,within,0.621552,0.162026,0.112409,0.566337,0.202678,0.071203,Bellevue_150th_Eastgate
1457,within,0.640704,0.156569,0.108518,0.570915,0.17423,0.025926,Bellevue_150th_Eastgate
1458,within,0.631303,0.139182,0.117058,0.648779,0.17344,0.008517,Bellevue_150th_Eastgate
1459,within,0.616538,0.146606,0.120282,0.712212,0.134584,0.005248,Bellevue_150th_Eastgate
1460,within,0.554569,0.120097,0.124941,0.535435,0.160419,0.022226,Bellevue_150th_Eastgate
1461,within,0.638595,0.160047,0.114255,0.557243,0.218146,0.009264,Bellevue_150th_Eastgate
1462,within,0.647273,0.149889,0.099784,0.687573,0.22044,0.025857,Bellevue_150th_Eastgate
1463,within,0.632704,0.115502,0.12261,0.690867,0.233141,0.091872,Bellevue_150th_Eastgate
1464,within,0.564039,0.131427,0.10915,0.776411,0.327884,0.064111,Bellevue_150th_Eastgate
1465,within,0.58742,0.145743,0.10329,0.638021,0.167791,0.063968,Bellevue_150th_Eastgate
1466,within,0.605906,0.144894,0.115169,0.68047,0.20646,0.075969,Bellevue_150th_Eastgate
1467,within,0.580609,0.113932,0.129745,0.605282,0.197686,0.034236,Bellevue_150th_Eastgate
1468,within,0.623677,0.158874,0.112178,0.602037,0.213785,0.009279,Bellevue_150th_Eastgate
1469,within,0.630502,0.163785,0.11159,0.600435,0.273662,0.015645,Bellevue_150th_Eastgate
1470,within,0.618619,0.170696,0.115325,0.669459,0.2713,0.05921,Bellevue_150th_Eastgate
1471,within,0.580154,0.145608,0.102502,0.570845,0.187398,0.095128,Bellevue_150th_Eastgate
1472,within,0.626447,0.183486,0.125351,0.712972,0.213851,0.156824,Bellevue_150th_Eastgate
1473,within,0.584705,0.147841,0.110775,0.551461,0.162244,0.05087,Bellevue_150th_Eastgate
1474,within,0.613247,0.16427,0.117681,0.502044,0.138888,0.029396,Bellevue_150th_Eastgate
1475,within,0.609638,0.148078,0.105263,0.560389,0.185795,0.035514,Bellevue_150th_Eastgate
1476,within,0.606375,0.123987,0.122797,0.646204,0.248835,0.018244,Bellevue_150th_Eastgate
1477,within,0.567338,0.140941,0.106602,0.647236,0.250942,0.042258,Bellevue_150th_Eastgate
1478,within,0.608174,0.107435,0.131191,0.640842,0.203725,0.088584,Bellevue_150th_Eastgate
1479,within,0.605414,0.152531,0.110206,0.617822,0.188692,0.091021,Bellevue_150th_Eastgate
1480,within,0.57186,0.139616,0.121831,0.675633,0.161983,0.07558,Bellevue_150th_Eastgate
1481,within,0.547138,0.123604,0.122386,0.626591,0.093597,0.209482,Bellevue_150th_Eastgate
1482,within,0.5944,0.099827,0.125393,0.623785,0.176145,0.104743,Bellevue_150th_Eastgate
1483,within,0.541923,0.110797,0.115449,0.711367,0.116886,0.139093,Bellevue_150th_Eastgate
1484,within,0.567922,0.111463,0.127792,0.689053,0.252842,0.052014,Bellevue_150th_Eastgate
1485,within,0.594624,0.15347,0.115323,0.685774,0.292905,0.030629,Bellevue_150th_Eastgate
1486,within,0.585907,0.116078,0.127922,0.700525,0.267678,0.012966,Bellevue_150th_Eastgate
1487,within,0.616019,0.144852,0.133532,0.670175,-0.004194,0.16335,Bellevue_150th_Eastgate
1488,within,0.621601,0.129463,0.139318,0.618946,0.02523,0.113116,Bellevue_150th_Eastgate
1489,within,0.63583,0.131095,0.140935,0.649819,0.034166,0.097599,Bellevue_150th_Eastgate
1490,within,0.600108,0.122756,0.131749,0.656939,0.068811,0.110123,Bellevue_150th_Eastgate
1491,within,0.575786,0.125655,0.120935,0.693176,0.150129,0.131454,Bellevue_150th_Eastgate
1492,within,0.631836,0.149492,0.12506,0.677118,0.216051,0.042117,Bellevue_150th_Eastgate
1493,within,0.625128,0.167979,0.123893,0.51751,0.179826,0.031967,Bellevue_150th_Eastgate
1494,within,0.618548,0.170837,0.126833,0.525177,0.220496,0.002381,Bellevue_150th_Eastgate
1495,within,0.580209,0.149573,0.117936,0.547486,0.166692,0.021669,Bellevue_150th_Eastgate
1496,within,0.592626,0.143646,0.115357,0.60801,0.091764,0.115203,Bellevue_150th_Eastgate
1497,within,0.604136,0.157467,0.12203,0.633133,0.220373,0.126651,Bellevue_150th_Eastgate
1498,within,0.682778,0.147793,0.094374,0.677222,0.219317,0.120048,Bellevue_150th_Eastgate
1499,within,0.599763,0.131663,0.132335,0.678584,0.25568,0.097804,Bellevue_150th_Eastgate
1500,within,0.598267,0.143044,0.119746,0.591111,0.149052,0.056309,Bellevue_150th_Eastgate
1501,within,0.640588,0.169859,0.120924,0.61986,0.208694,0.027856,Bellevue_150th_Eastgate
1502,within,0.582444,0.14605,0.100286,0.633515,0.200627,0.02013,Bellevue_150th_Eastgate
1503,within,0.607202,0.160695,0.104601,0.648068,0.264431,0.055872,Bellevue_150th_Eastgate
1504,within,0.64722,0.164273,0.104575,0.617486,0.219146,0.045555,Bellevue_150th_Eastgate
1505,within,0.647669,0.158965,0.117069,0.582701,0.160062,0.044156,Bellevue_150th_Eastgate
1506,within,0.608762,0.165677,0.123419,0.560364,0.207428,0.029308,Bellevue_150th_Eastgate
1507,within,0.611118,0.14681,0.111961,0.61637,0.183026,0.05679,Bellevue_150th_Eastgate
1508,within,0.568663,0.120248,0.12603,0.592786,0.197659,0.030559,Bellevue_150th_Eastgate
1509,within,0.564894,0.118929,0.125011,0.663953,0.167502,0.087249,Bellevue_150th_Eastgate
1510,within,0.612077,0.121812,0.132483,0.51699,0.193041,0.022423,Bellevue_150th_Eastgate
1511,within,0.651354,0.168196,0.114964,0.760132,0.211073,0.104067,Bellevue_150th_Eastgate
1512,within,0.563327,0.125504,0.130273,0.540861,0.170203,0.063,Bellevue_150th_Eastgate
1513,within,0.635369,0.178632,0.139475,0.663746,0.174289,0.044307,Bellevue_150th_Eastgate
1514,within,0.61434,0.134164,0.127217,0.730784,0.310021,0.012634,Bellevue_150th_Eastgate
1515,within,0.581697,0.124095,0.129449,0.749596,0.233356,0.128207,Bellevue_150th_Eastgate
1516,within,0.563953,0.138651,0.108238,0.576755,0.182732,0.055112,Bellevue_150th_Eastgate
1517,within,0.579795,0.132867,0.117465,0.602741,0.172019,0.08202,Bellevue_150th_Eastgate
1518,within,0.606344,0.167396,0.116315,0.708033,0.172524,0.108073,Bellevue_150th_Eastgate
1519,within,0.567253,0.115375,0.134619,0.62455,0.222772,0.032444,Bellevue_150th_Eastgate
1520,within,0.595433,0.147882,0.109448,0.591666,0.206189,0.070769,Bellevue_150th_Eastgate
1521,within,0.630522,0.155671,0.110524,0.549412,0.196047,0.056342,Bellevue_150th_Eastgate
1522,within,0.596432,0.159008,0.117035,0.566829,0.227817,0.033695,Bellevue_150th_Eastgate
1523,within,0.555035,0.141952,0.109688,0.591236,0.278707,0.017043,Bellevue_150th_Eastgate
1524,within,0.582298,0.12473,0.132103,0.655557,0.274128,0.070565,Bellevue_150th_Eastgate
1525,within,0.632381,0.143752,0.128267,0.683308,0.17439,0.12011,Bellevue_150th_Eastgate
1526,within,0.591349,0.128983,0.138528,0.687206,0.24838,0.029674,Bellevue_150th_Eastgate
1527,within,0.566778,0.132505,0.115716,0.616354,0.227126,0.045775,Bellevue_150th_Eastgate
1528,within,0.62329,0.116007,0.13691,0.724452,0.225407,0.063895,Bellevue_150th_Eastgate
1529,within,0.538362,0.121064,0.120994,0.65204,0.231103,0.029865,Bellevue_150th_Eastgate
1530,within,0.594116,0.143243,0.116524,0.656571,0.229225,0.085964,Bellevue_150th_Eastgate
1531,within,0.639497,0.156788,0.108172,0.788912,0.318133,0.056704,Bellevue_150th_Eastgate
1532,within,0.62629,0.149528,0.122174,0.753984,0.245851,0.079597,Bellevue_150th_Eastgate
1533,within,0.612362,0.120798,0.141403,0.550952,0.132394,0.040393,Bellevue_150th_Eastgate
1534,within,0.59373,0.161126,0.118384,0.493335,0.122323,0.007305,Bellevue_150th_Eastgate
1535,within,0.631163,0.157262,0.107391,0.529919,0.141865,0.016093,Bellevue_150th_Eastgate
1536,within,0.610403,0.117446,0.12142,0.595587,0.214817,0.007136,Bellevue_150th_Eastgate
1537,within,0.597244,0.111975,0.134789,0.550648,0.24651,0.007407,Bellevue_150th_Eastgate
1538,within,0.556392,0.11954,0.115119,0.536256,0.267758,0.029047,Bellevue_150th_Eastgate
1539,within,0.642694,0.168092,0.115869,0.636823,0.272246,0.011363,Bellevue_150th_Eastgate
1540,within,0.610405,0.144185,0.117072,0.406523,0.168972,0.042553,Bellevue_150th_Eastgate
1541,within,0.634731,0.156679,0.107674,0.555154,0.153314,0.111741,Bellevue_150th_Eastgate
1542,within,0.582505,0.144308,0.115961,0.626547,0.106401,0.14999,Bellevue_150th_Eastgate
1543,within,0.594555,0.115265,0.133483,0.53168,0.090834,0.122065,Bellevue_150th_Eastgate
1544,within,0.552977,0.114621,0.126566,0.468699,0.064245,0.096478,Bellevue_150th_Eastgate
1545,within,0.557068,0.132838,0.113751,0.566105,0.210438,0.03684,Bellevue_150th_Eastgate
1546,within,0.646309,0.184374,0.126857,0.620616,0.206745,0.030007,Bellevue_150th_Eastgate
1547,within,0.645278,0.182407,0.13873,0.548987,0.226444,0.011528,Bellevue_150th_Eastgate
1548,within,0.637748,0.185714,0.136083,0.512555,0.20074,0.00668,Bellevue_150th_Eastgate
1549,within,0.592064,0.155425,0.118549,0.492663,0.172253,0.0114,Bellevue_150th_Eastgate
1550,within,0.576753,0.152335,0.115109,0.483813,0.154075,0.014385,Bellevue_150th_Eastgate
1551,within,0.641549,0.147325,0.113615,0.543905,0.265386,0.033159,Bellevue_150th_Eastgate
1552,within,0.649691,0.169832,0.118094,0.612102,0.277875,0.027668,Bellevue_150th_Eastgate
1553,within,0.602972,0.167361,0.132222,0.649869,0.225454,0.037093,Bellevue_150th_Eastgate
1554,within,0.569318,0.124537,0.12484,0.564463,0.20568,0.033924,Bellevue_150th_Eastgate
1555,within,0.624865,0.138202,0.132981,0.643012,0.226499,0.04319,Bellevue_150th_Eastgate
1556,within,0.572324,0.144242,0.10672,0.690497,0.261952,0.090324,Bellevue_150th_Eastgate
1557,within,0.597574,0.113875,0.132945,0.641861,0.204856,0.064837,Bellevue_150th_Eastgate
1558,within,0.610976,0.165185,0.113134,0.761533,0.162627,0.073814,Bellevue_150th_Eastgate
1559,within,0.569063,0.118877,0.136083,0.624976,0.247181,0.02944,Bellevue_150th_Eastgate
1560,within,0.556052,0.137744,0.111916,0.565238,0.281543,0.008278,Bellevue_150th_Eastgate
1561,within,0.540387,0.106005,0.112657,0.656725,0.256786,0.051688,Bellevue_150th_Eastgate
1562,within,0.548982,0.117534,0.118535,0.648836,0.301767,0.033864,Bellevue_150th_Eastgate
1563,within,0.65946,0.054285,0.064915,0.566517,0.285868,0.011908,Bellevue_150th_Eastgate
1564,within,0.553318,0.118844,0.119884,0.733133,0.213445,0.052671,Bellevue_150th_Eastgate
1565,within,0.636766,0.184571,0.134456,0.636204,0.158778,0.048316,Bellevue_150th_Eastgate
1566,within,0.648983,0.159298,0.107461,0.732107,0.187373,0.055843,Bellevue_150th_Eastgate
1567,within,0.560425,0.112271,0.128855,0.488433,0.18167,0.041812,Bellevue_150th_Eastgate
1568,within,0.618635,0.167357,0.134906,0.485245,0.160221,0.057528,Bellevue_150th_Eastgate
1569,within,0.594639,0.148498,0.106908,0.513195,0.168736,0.048926,Bellevue_150th_Eastgate
1570,within,0.581138,0.143641,0.107842,0.600711,0.175814,0.037459,Bellevue_150th_Eastgate
1571,within,0.613319,0.150483,0.120181,0.602725,0.216139,0.039761,Bellevue_150th_Eastgate
1572,within,0.59173,0.140282,0.120512,0.609623,0.197283,0.061567,Bellevue_150th_Eastgate
1573,within,0.631772,0.182753,0.126485,0.719413,0.23923,0.061324,Bellevue_150th_Eastgate
1574,within,0.565207,0.147189,0.115731,0.667513,0.17907,0.057205,Bellevue_150th_Eastgate
1575,within,0.611547,0.172263,0.125762,0.491066,0.146419,0.018061,Bellevue_150th_Eastgate
1576,within,0.625915,0.144917,0.11333,0.581252,0.101033,0.106806,Bellevue_150th_Eastgate
1577,within,0.603705,0.118892,0.129341,0.503836,0.156584,0.072502,Bellevue_150th_Eastgate
1578,within,0.577911,0.155977,0.111864,0.585594,0.218779,0.128117,Bellevue_150th_Eastgate
1579,within,0.580936,0.153153,0.10968,0.623579,0.170871,0.163223,Bellevue_150th_Eastgate
1580,within,0.606498,0.159788,0.117953,0.697988,0.250939,0.107007,Bellevue_150th_Eastgate
1581,within,0.545146,0.139771,0.114099,0.655428,0.232622,0.048678,Bellevue_150th_Eastgate
1582,within,0.592981,0.132656,0.121287,0.552005,0.270918,0.016732,Bellevue_150th_Eastgate
1583,within,0.611934,0.170577,0.124164,0.519526,0.320057,0.014186,Bellevue_150th_Eastgate
1584,within,0.556953,0.145095,0.112852,0.49681,0.223646,0.034042,Bellevue_150th_Eastgate
1585,within,0.64069,0.161045,0.110303,0.596266,0.213348,0.052304,Bellevue_150th_Eastgate
1586,within,0.633061,0.179616,0.136758,0.7716,0.234015,0.031969,Bellevue_150th_Eastgate
1587,within,0.544934,0.126438,0.11455,0.470308,0.150531,0.010082,Bellevue_150th_Eastgate
1588,within,0.624153,0.174605,0.123821,0.482051,0.126527,0.001961,Bellevue_150th_Eastgate
1589,within,0.595667,0.155264,0.121691,0.472057,0.138629,0.004525,Bellevue_150th_Eastgate
1590,within,0.577231,0.149233,0.109344,0.547767,0.135508,0.026459,Bellevue_150th_Eastgate
1591,within,0.577194,0.139954,0.104536,0.485342,0.097263,0.038351,Bellevue_150th_Eastgate
1592,within,0.635625,0.15477,0.104061,0.575437,0.121246,0.030215,Bellevue_150th_Eastgate
1593,within,0.650608,0.160873,0.114762,0.641686,0.116285,0.09267,Bellevue_150th_Eastgate
1594,within,0.600397,0.149204,0.116532,0.642068,0.170871,0.06416,Bellevue_150th_Eastgate
1595,within,0.54306,0.133229,0.108214,0.732933,0.180202,0.112185,Bellevue_150th_Eastgate
1596,within,0.549363,0.116898,0.120686,0.664097,0.243963,0.074009,Bellevue_150th_Eastgate
1597,within,0.545294,0.137505,0.128902,0.609612,0.187016,0.070496,Bellevue_150th_Eastgate
1598,within,0.562524,0.145583,0.113997,0.607346,0.233907,0.042137,Bellevue_150th_Eastgate
1599,within,0.617016,0.129977,0.13668,0.685756,0.271911,0.064565,Bellevue_150th_Eastgate
1600,within,0.580386,0.155373,0.132416,0.598797,0.197657,0.039419,Bellevue_150th_Eastgate
1601,within,0.586993,0.14757,0.117612,0.559248,0.202334,0.014196,Bellevue_150th_Eastgate
1602,within,0.543249,0.132148,0.106278,0.623279,0.203089,0.034558,Bellevue_150th_Eastgate
1603,within,0.534902,0.110259,0.116903,0.654366,0.229328,0.077101,Bellevue_150th_Eastgate
1604,within,0.630092,0.078948,0.100362,0.633505,0.223236,0.063487,Bellevue_150th_Eastgate
1605,within,0.559126,0.12607,0.121671,0.721642,0.322886,0.076533,Bellevue_150th_Eastgate
1606,within,0.606438,0.160983,0.127995,0.699675,0.287471,0.087589,Bellevue_150th_Eastgate
1607,within,0.606817,0.125823,0.140943,0.730859,0.254573,0.02,Bellevue_150th_Eastgate
1608,within,0.567651,0.115654,0.129987,0.583805,0.193415,0.021437,Bellevue_150th_Eastgate
1609,within,0.618173,0.131201,0.129532,0.545179,0.223142,0.008036,Bellevue_150th_Eastgate
1610,within,0.613903,0.164522,0.127659,0.653403,0.304169,0.020562,Bellevue_150th_Eastgate
1611,within,0.608039,0.15738,0.120372,0.617055,0.257993,0.042467,Bellevue_150th_Eastgate
1612,within,0.549739,0.140223,0.110607,0.624782,0.243132,0.030149,Bellevue_150th_Eastgate
1613,within,0.598796,0.160363,0.115083,0.5858,0.257822,0.019873,Bellevue_150th_Eastgate
1614,within,0.630301,0.173228,0.121626,0.736727,0.337977,0.071133,Bellevue_150th_Eastgate
1615,within,0.593849,0.114529,0.137457,0.500959,0.161457,0.031732,Bellevue_150th_Eastgate
1616,within,0.63408,0.177304,0.129845,0.536494,0.13749,0.033229,Bellevue_150th_Eastgate
1617,within,0.606377,0.138039,0.109678,0.512977,0.196081,0.01873,Bellevue_150th_Eastgate
1618,within,0.607547,0.134433,0.118328,0.573405,0.207736,0.032992,Bellevue_150th_Eastgate
1619,within,0.617337,0.170876,0.11815,0.643973,0.228892,0.088463,Bellevue_150th_Eastgate
1620,within,0.566108,0.15293,0.114229,0.440914,0.20965,0.026586,Bellevue_150th_Eastgate
1621,within,0.564223,0.151838,0.113232,0.438256,0.153838,0.049848,Bellevue_150th_Eastgate
1622,within,0.575152,0.151306,0.108145,0.414328,0.098493,0.083758,Bellevue_150th_Eastgate
1623,within,0.542654,0.137215,0.109239,0.494528,0.100544,0.084953,Bellevue_150th_Eastgate
1624,within,0.545107,0.138083,0.108348,0.54777,0.137307,0.053568,Bellevue_150th_Eastgate
1625,within,0.549756,0.108834,0.121701,0.534628,0.119561,0.062597,Bellevue_150th_Eastgate
1626,within,0.613868,0.170495,0.120474,0.65318,0.17148,0.067436,Bellevue_150th_Eastgate
1627,within,0.554951,0.136313,0.124453,0.456189,0.172593,0.01494,Bellevue_150th_Eastgate
1628,within,0.589564,0.161837,0.123051,0.479192,0.152058,0.036295,Bellevue_150th_Eastgate
1629,within,0.621927,0.164919,0.121833,0.574526,0.238373,0.041598,Bellevue_150th_Eastgate
1630,within,0.607673,0.141207,0.111412,0.623134,0.262768,0.031703,Bellevue_150th_Eastgate
1631,within,0.555881,0.130766,0.119074,0.62124,0.298756,0.095248,Bellevue_150th_Eastgate
1632,within,0.586843,0.14267,0.104287,0.525667,0.242151,0.036877,Bellevue_150th_Eastgate
1633,within,0.642511,0.175432,0.12082,0.625801,0.338136,0.034447,Bellevue_150th_Eastgate
1634,within,0.554205,0.149332,0.113382,0.527539,0.221656,0.036572,Bellevue_150th_Eastgate
1635,within,0.581633,0.154371,0.116352,0.477863,0.148306,0.044461,Bellevue_150th_Eastgate
1636,within,0.622216,0.160008,0.120272,0.536918,0.200107,0.094749,Bellevue_150th_Eastgate
1637,within,0.585045,0.152828,0.120134,0.568023,0.247681,0.066069,Bellevue_150th_Eastgate
1638,within,0.618797,0.127411,0.131243,0.622264,0.186234,0.067517,Bellevue_150th_Eastgate
1639,within,0.616764,0.170058,0.119291,0.682057,0.183748,0.078328,Bellevue_150th_Eastgate
1640,within,0.542358,0.142426,0.114114,0.591355,0.207465,0.040333,Bellevue_150th_Eastgate
1641,within,0.599728,0.170239,0.121065,0.473772,0.196653,0.036599,Bellevue_150th_Eastgate
1642,within,0.63398,0.175667,0.12808,0.510454,0.247012,0.025734,Bellevue_150th_Eastgate
1643,within,0.570026,0.15091,0.110801,0.573324,0.29731,0.010034,Bellevue_150th_Eastgate
1644,within,0.542653,0.137318,0.106151,0.572333,0.317795,0.046391,Bellevue_150th_Eastgate
1645,within,0.605079,0.160224,0.116676,0.607476,0.221172,0.079147,Bellevue_150th_Eastgate
1646,within,0.638333,0.186713,0.137,0.760601,0.239513,0.185093,Bellevue_150th_Eastgate
1647,within,0.582595,0.158208,0.131189,0.715335,0.252031,0.140981,Bellevue_150th_Eastgate
1648,within,0.57667,0.162439,0.123658,0.586078,0.222387,0.09119,Bellevue_150th_Eastgate
1649,within,0.604213,0.160335,0.1262,0.628845,0.225814,0.084179,Bellevue_150th_Eastgate
1650,within,0.538502,0.132742,0.110975,0.714755,0.327523,0.117943,Bellevue_150th_Eastgate
1651,within,0.546358,0.128004,0.119618,0.700355,0.278934,0.149317,Bellevue_150th_Eastgate
1652,within,0.665402,0.166837,0.14118,0.579972,0.169469,0.097335,Bellevue_150th_Eastgate
1653,within,0.634669,0.182661,0.128043,0.840164,0.31697,0.09424,Bellevue_150th_Eastgate
1654,within,0.549266,0.145807,0.118584,0.516438,0.199827,0.028688,Bellevue_150th_Eastgate
1655,within,0.565856,0.156547,0.118641,0.440284,0.160791,0.013225,Bellevue_150th_Eastgate
1656,within,0.617134,0.170018,0.130508,0.542415,0.246568,0.03747,Bellevue_150th_Eastgate
1657,within,0.541874,0.137092,0.108032,0.528512,0.253926,0.074985,Bellevue_150th_Eastgate
1658,within,0.529192,0.124407,0.102405,0.461541,0.160477,0.040942,Bellevue_150th_Eastgate
1659,within,0.541988,0.131689,0.114095,0.439231,0.207779,0.037529,Bellevue_150th_Eastgate
1660,within,0.584337,0.152976,0.116241,0.532197,0.214719,0.061437,Bellevue_150th_Eastgate
1661,within,0.600595,0.167155,0.115498,0.598157,0.219126,0.037406,Bellevue_150th_Eastgate
1662,within,0.599127,0.165074,0.119094,0.719958,0.284451,0.024842,Bellevue_150th_Eastgate
1663,within,0.546566,0.136337,0.116808,0.685181,0.301173,0.031463,Bellevue_150th_Eastgate
1664,within,0.638726,0.158556,0.126948,0.586033,0.17987,0.020408,Bellevue_150th_Eastgate
1665,within,0.634488,0.153364,0.105636,0.594331,0.21213,0.027892,Bellevue_150th_Eastgate
1666,within,0.587701,0.153855,0.115685,0.639722,0.252335,0.049624,Bellevue_150th_Eastgate
1667,within,0.598961,0.155898,0.119081,0.725561,0.331587,0.027183,Bellevue_150th_Eastgate
1668,within,0.607597,0.1622,0.121833,0.648864,0.247697,0.03678,Bellevue_150th_Eastgate
1669,within,0.634864,0.172872,0.122278,0.620206,0.216847,0.045986,Bellevue_150th_Eastgate
1670,within,0.588302,0.15409,0.117293,0.746754,0.239731,0.03127,Bellevue_150th_Eastgate
1671,within,0.529055,0.129146,0.108818,0.546121,0.179756,0.04227,Bellevue_150th_Eastgate
1672,within,0.610129,0.164437,0.116638,0.647117,0.237938,0.053979,Bellevue_150th_Eastgate
1673,within,0.678858,0.20047,0.145297,0.682487,0.26874,0.059547,Bellevue_150th_Eastgate
1674,within,0.624436,0.171712,0.128627,0.652516,0.23931,0.05002,Bellevue_150th_Eastgate
1675,within,0.567025,0.145387,0.119868,0.678186,0.294264,0.040153,Bellevue_150th_Eastgate
1676,within,0.58158,0.162024,0.116027,0.619183,0.182474,0.061374,Bellevue_150th_Eastgate
1677,within,0.63601,0.163585,0.129772,0.715135,0.200041,0.039331,Bellevue_150th_Eastgate
1678,within,0.561372,0.123456,0.133193,0.552153,0.211658,0.015544,Bellevue_150th_Eastgate
1679,within,0.608285,0.164906,0.118439,0.51723,0.196827,0.005767,Bellevue_150th_Eastgate
1680,within,0.603699,0.166512,0.125198,0.654365,0.298663,0.02821,Bellevue_150th_Eastgate
1681,within,0.551979,0.145391,0.113074,0.581331,0.226403,0.017865,Bellevue_150th_Eastgate
1682,within,0.54427,0.133191,0.109714,0.618734,0.191628,0.033594,Bellevue_150th_Eastgate
1683,within,0.548908,0.139925,0.10973,0.633681,0.176255,0.032385,Bellevue_150th_Eastgate
1684,within,0.569444,0.135788,0.107734,0.562407,0.172794,0.04723,Bellevue_150th_Eastgate
1685,within,0.647063,0.181911,0.128888,0.629644,0.186892,0.033148,Bellevue_150th_Eastgate
1686,within,0.599749,0.155701,0.125938,0.658377,0.175817,0.046752,Bellevue_150th_Eastgate
1687,within,0.628201,0.17391,0.131907,0.533595,0.061259,0.047909,Bellevue_150th_Eastgate
1688,within,0.619748,0.135046,0.141073,0.58219,0.11298,0.049019,Bellevue_150th_Eastgate
1689,within,0.550462,0.13468,0.126926,0.611228,0.16837,0.050582,Bellevue_150th_Eastgate
1690,within,0.555587,0.128735,0.133025,0.544285,0.183403,0.022093,Bellevue_150th_Eastgate
1691,within,0.577538,0.155216,0.114163,0.533343,0.189778,0.057919,Bellevue_150th_Eastgate
1692,within,0.603234,0.160254,0.12301,0.564502,0.217096,0.05691,Bellevue_150th_Eastgate
1693,within,0.644384,0.182677,0.130777,0.709296,0.270508,0.088142,Bellevue_150th_Eastgate
1694,within,0.555063,0.141334,0.117018,0.665836,0.233327,0.064289,Bellevue_150th_Eastgate
1695,within,0.584152,0.161189,0.121269,0.515062,0.148549,0.031516,Bellevue_150th_Eastgate
1696,within,0.622215,0.167148,0.125225,0.668504,0.224063,0.087272,Bellevue_150th_Eastgate
1697,within,0.547765,0.140199,0.113582,0.618752,0.226613,0.094646,Bellevue_150th_Eastgate
1698,within,0.56281,0.141652,0.112081,0.652943,0.250847,0.053579,Bellevue_150th_Eastgate
1699,within,0.561191,0.141656,0.116379,0.604674,0.269571,0.027103,Bellevue_150th_Eastgate
1700,within,0.575212,0.15016,0.114217,0.445836,0.163195,0.025357,Bellevue_150th_Eastgate
1701,within,0.627023,0.176244,0.132214,0.690284,0.191684,0.15405,Bellevue_150th_Eastgate
1702,within,0.539083,0.139761,0.112061,0.565558,0.205995,0.056325,Bellevue_150th_Eastgate
1703,within,0.549814,0.137615,0.112551,0.525526,0.137698,0.055163,Bellevue_150th_Eastgate
1704,within,0.62733,0.169054,0.119538,0.666559,0.187524,0.015525,Bellevue_150th_Eastgate
1705,within,0.546223,0.141536,0.112063,0.714658,0.238439,0.02405,Bellevue_150th_Eastgate
1706,within,0.574962,0.153838,0.112624,0.619375,0.140705,0.071028,Bellevue_150th_Eastgate
1707,within,0.568271,0.144164,0.115021,0.688769,0.1813,0.055118,Bellevue_150th_Eastgate
1708,within,0.633837,0.177061,0.131692,0.77018,0.274877,0.06256,Bellevue_150th_Eastgate
1709,within,0.588141,0.13976,0.159586,0.538657,0.190296,0.02441,Bellevue_150th_Eastgate
1710,within,0.610788,0.166363,0.124667,0.521668,0.202242,0.003333,Bellevue_150th_Eastgate
1711,within,0.637728,0.171133,0.130619,0.63535,0.266289,0.034284,Bellevue_150th_Eastgate
1712,within,0.57147,0.149329,0.11213,0.582331,0.200753,0.01666,Bellevue_150th_Eastgate
1713,within,0.568144,0.14682,0.11304,0.61251,0.206634,0.014708,Bellevue_150th_Eastgate
1714,within,0.544407,0.135158,0.105586,0.70128,0.290326,0.007074,Bellevue_150th_Eastgate
1715,within,0.589565,0.155318,0.10952,0.61744,0.281386,0.003935,Bellevue_150th_Eastgate
1716,within,0.584448,0.149926,0.116287,0.584068,0.210304,0.027767,Bellevue_150th_Eastgate
1717,within,0.553436,0.151036,0.115175,0.613476,0.269072,0.017738,Bellevue_150th_Eastgate
1718,within,0.605963,0.14957,0.113127,0.526736,0.259595,0.003813,Bellevue_150th_Eastgate
1719,within,0.615646,0.178753,0.130253,0.550955,0.184619,0.03671,Bellevue_150th_Eastgate
1720,within,0.56179,0.147711,0.110608,0.557552,0.191061,0.014076,Bellevue_150th_Eastgate
1721,within,0.543583,0.140779,0.107309,0.604636,0.191164,0.001961,Bellevue_150th_Eastgate
1722,within,0.567665,0.130257,0.116555,0.646298,0.244483,0.009401,Bellevue_150th_Eastgate
1723,within,0.578807,0.151547,0.114849,0.62162,0.21585,0.043482,Bellevue_150th_Eastgate
1724,within,0.570435,0.137854,0.106748,0.592224,0.146859,0.035936,Bellevue_150th_Eastgate
1725,within,0.624787,0.176796,0.134054,0.566604,0.133179,0.035379,Bellevue_150th_Eastgate
1726,within,0.542386,0.134856,0.100407,0.522897,0.085249,0.015203,Bellevue_150th_Eastgate
1727,within,0.635667,0.069061,0.045177,0.60095,0.141223,0.031643,Bellevue_150th_Eastgate
1728,within,0.547407,0.130546,0.099485,0.650233,0.145154,0.042916,Bellevue_150th_Eastgate
1729,within,0.540183,0.129737,0.106177,0.62809,0.238605,0.026389,Bellevue_150th_Eastgate
1730,within,0.559275,0.12375,0.108783,0.705744,0.282977,0.017691,Bellevue_150th_Eastgate
1731,within,0.598376,0.147626,0.114152,0.580913,0.191467,0.033134,Bellevue_150th_Eastgate
1732,within,0.598623,0.158025,0.123664,0.658804,0.176723,0.104404,Bellevue_150th_Eastgate
1733,within,0.546122,0.137992,0.116474,0.532593,0.141631,0.034485,Bellevue_150th_Eastgate
1734,within,0.614811,0.165118,0.129763,0.43436,0.13722,0.010305,Bellevue_150th_Eastgate
1735,within,0.658791,0.155815,0.10362,0.417275,0.076197,0.011927,Bellevue_150th_Eastgate
1736,within,0.564949,0.144576,0.111916,0.467431,0.17525,0.043135,Bellevue_150th_Eastgate
1737,within,0.61621,0.140736,0.114229,0.518545,0.180474,0.041705,Bellevue_150th_Eastgate
1738,within,0.59619,0.156309,0.110092,0.546552,0.217626,0.004697,Bellevue_150th_Eastgate
1739,within,0.556567,0.138354,0.111669,0.614513,0.223474,0.010107,Bellevue_150th_Eastgate
1740,within,0.645154,0.182675,0.14394,0.694262,0.28734,0.013787,Bellevue_150th_Eastgate
1741,within,0.565186,0.150157,0.127487,0.503914,0.165488,0.037588,Bellevue_150th_Eastgate
1742,within,0.593336,0.163811,0.115811,0.472742,0.160966,0.014712,Bellevue_150th_Eastgate
1743,within,0.611294,0.165332,0.116338,0.758959,0.339304,0.011954,Bellevue_150th_Eastgate
1744,within,0.537982,0.133643,0.105903,0.666736,0.369658,0.004921,Bellevue_150th_Eastgate
1745,within,0.537188,0.125227,0.113293,0.601534,0.410026,0.003367,Bellevue_150th_Eastgate
1746,within,0.565475,0.143036,0.111872,0.542521,0.250062,0.018116,Bellevue_150th_Eastgate
1747,within,0.627196,0.172319,0.123398,0.578588,0.180544,0.021815,Bellevue_150th_Eastgate
1748,within,0.594793,0.158726,0.127332,0.656279,0.221312,0.018787,Bellevue_150th_Eastgate
1749,within,0.575574,0.160644,0.114202,0.49639,0.139119,0.01521,Bellevue_150th_Eastgate
1750,within,0.632108,0.157971,0.108803,0.514021,0.180613,0.016167,Bellevue_150th_Eastgate
1751,within,0.60347,0.14092,0.120435,0.483083,0.217597,0.029512,Bellevue_150th_Eastgate
1752,within,0.570845,0.152411,0.106672,0.556769,0.231659,0.059331,Bellevue_150th_Eastgate
1753,within,0.546647,0.122791,0.118503,0.600382,0.372837,0.023125,Bellevue_150th_Eastgate
1754,within,0.565151,0.151499,0.109671,0.618515,0.3207,0.079971,Bellevue_150th_Eastgate
1755,within,0.569685,0.144739,0.121504,0.526623,0.265489,0.012543,Bellevue_150th_Eastgate
1756,within,0.566224,0.148902,0.115991,0.497153,0.216598,0.02136,Bellevue_150th_Eastgate
1757,within,0.565057,0.149305,0.110014,0.486408,0.123823,0.049685,Bellevue_150th_Eastgate
1758,within,0.544915,0.138628,0.111631,0.569954,0.15804,0.042278,Bellevue_150th_Eastgate
1759,within,0.555202,0.14816,0.124161,0.50239,0.153557,0.031193,Bellevue_150th_Eastgate
1760,within,0.539554,0.14266,0.112307,0.53789,0.191613,0.041204,Bellevue_150th_Eastgate
1761,within,0.546051,0.143475,0.115806,0.494048,0.13971,0.058836,Bellevue_150th_Eastgate
1762,within,0.633484,0.134382,0.137455,0.534818,0.180897,0.050878,Bellevue_150th_Eastgate
1763,within,0.634215,0.16052,0.114874,0.517786,0.142557,0.047339,Bellevue_150th_Eastgate
1764,within,0.592928,0.157502,0.125499,0.503167,0.127013,0.041899,Bellevue_150th_Eastgate
1765,within,0.586936,0.158745,0.123792,0.511695,0.174368,0.036674,Bellevue_150th_Eastgate
1766,within,0.617879,0.172892,0.13515,0.560135,0.166231,0.020964,Bellevue_150th_Eastgate
1767,within,0.594411,0.14569,0.108045,0.660317,0.271918,0.013839,Bellevue_150th_Eastgate
1768,within,0.565454,0.145006,0.116496,0.673777,0.244752,0.012073,Bellevue_150th_Eastgate
1769,within,0.56214,0.138373,0.105333,0.682178,0.297893,0.011764,Bellevue_150th_Eastgate
1770,within,0.552521,0.1513,0.106504,0.611699,0.258945,0.011174,Bellevue_150th_Eastgate
1771,within,0.613456,0.171145,0.132017,0.789852,0.344196,0.058514,Bellevue_150th_Eastgate
1772,within,0.552249,0.142169,0.104005,0.527308,0.227786,0.022544,Bellevue_150th_Eastgate
1773,within,0.583413,0.158583,0.116017,0.575556,0.255511,0.060351,Bellevue_150th_Eastgate
1774,within,0.583033,0.151558,0.108006,0.661134,0.217605,0.10346,Bellevue_150th_Eastgate
1775,within,0.544433,0.135027,0.102872,0.659863,0.24388,0.037024,Bellevue_150th_Eastgate
1776,within,0.564708,0.14971,0.110651,0.67271,0.323646,0.041033,Bellevue_150th_Eastgate
1777,within,0.546261,0.129826,0.102349,0.569414,0.287195,0.014598,Bellevue_150th_Eastgate
1778,within,0.591352,0.163779,0.108747,0.59987,0.268279,0.01837,Bellevue_150th_Eastgate
1779,within,0.592786,0.163371,0.123475,0.747778,0.241561,0.058264,Bellevue_150th_Eastgate
1780,within,0.573456,0.154995,0.11808,0.618406,0.176469,0.021196,Bellevue_150th_Eastgate
1781,within,0.590843,0.156228,0.119271,0.552375,0.103198,0.039787,Bellevue_150th_Eastgate
1782,within,0.630893,0.153289,0.109862,0.588091,0.115736,0.063693,Bellevue_150th_Eastgate
1783,within,0.601622,0.167923,0.121558,0.518349,0.161841,0.059263,Bellevue_150th_Eastgate
1784,within,0.580627,0.159025,0.112943,0.45132,0.162142,0.030788,Bellevue_150th_Eastgate
1785,within,0.613814,0.172453,0.116018,0.635153,0.228698,0.063214,Bellevue_150th_Eastgate
1786,within,0.555478,0.142362,0.11424,0.591203,0.196975,0.094027,Bellevue_150th_Eastgate
1787,within,0.609674,0.152844,0.10323,0.503988,0.151146,0.027434,Bellevue_150th_Eastgate
1788,within,0.557427,0.140742,0.113341,0.536016,0.197009,0.014107,Bellevue_150th_Eastgate
1789,within,0.534566,0.119339,0.120243,0.600438,0.231882,0.037719,Bellevue_150th_Eastgate
1790,within,0.576549,0.156736,0.108165,0.569403,0.227751,0.019388,Bellevue_150th_Eastgate
1791,within,0.578708,0.151909,0.112211,0.568252,0.182639,0.06114,Bellevue_150th_Eastgate
1792,within,0.562108,0.142828,0.113668,0.56722,0.11352,0.043048,Bellevue_150th_Eastgate
1793,within,0.616929,0.170408,0.118086,0.610686,0.116249,0.093531,Bellevue_150th_Eastgate
1794,within,0.581146,0.144544,0.107467,0.5657,0.144912,0.102471,Bellevue_150th_Eastgate
1795,within,0.585303,0.165423,0.108656,0.43032,0.142456,0.036306,Bellevue_150th_Eastgate
1796,within,0.623599,0.171835,0.123004,0.5777,0.208335,0.093986,Bellevue_150th_Eastgate
1797,within,0.542643,0.139187,0.109557,0.5728,0.191056,0.074219,Bellevue_150th_Eastgate
1798,within,0.56783,0.139272,0.106584,0.688834,0.32244,0.072449,Bellevue_150th_Eastgate
1799,within,0.53813,0.132788,0.108305,0.641546,0.321502,0.124074,Bellevue_150th_Eastgate
1800,within,0.592694,0.135247,0.122154,0.526697,0.17869,0.087624,Bellevue_150th_Eastgate
1801,within,0.624737,0.175921,0.123628,0.681185,0.306274,0.103487,Bellevue_150th_Eastgate
1802,within,0.545284,0.126755,0.112896,0.478126,0.174695,0.039508,Bellevue_150th_Eastgate
1803,within,0.597881,0.157623,0.116065,0.439936,0.174577,0.031956,Bellevue_150th_Eastgate
1804,within,0.57309,0.146282,0.112692,0.468996,0.17254,0.046816,Bellevue_150th_Eastgate
1805,within,0.536615,0.132849,0.108867,0.523749,0.192012,0.06579,Bellevue_150th_Eastgate
1806,within,0.590053,0.153155,0.119467,0.67688,0.249009,0.085123,Bellevue_150th_Eastgate
1807,within,0.577299,0.141192,0.101328,0.685031,0.230065,0.03588,Bellevue_150th_Eastgate
1808,within,0.627564,0.138479,0.117175,0.536914,0.116998,0.041264,Bellevue_150th_Eastgate
1809,within,0.61519,0.166403,0.115593,0.675321,0.116174,0.117298,Bellevue_150th_Eastgate
1810,within,0.53707,0.132808,0.117153,0.487993,0.08406,0.076249,Bellevue_150th_Eastgate
1811,within,0.629063,0.174447,0.121648,0.524437,0.155328,0.066961,Bellevue_150th_Eastgate
1812,within,0.592138,0.160634,0.123516,0.526098,0.170409,0.087598,Bellevue_150th_Eastgate
1813,within,0.573557,0.146694,0.101915,0.600013,0.198272,0.066583,Bellevue_150th_Eastgate
1814,within,0.578649,0.153894,0.12094,0.578227,0.216808,0.074721,Bellevue_150th_Eastgate
1815,within,0.613219,0.146594,0.104248,0.612804,0.196578,0.107743,Bellevue_150th_Eastgate
1816,within,0.540138,0.120394,0.113969,0.654776,0.273826,0.055696,Bellevue_150th_Eastgate
1817,within,0.563847,0.147111,0.116995,0.731262,0.266652,0.06135,Bellevue_150th_Eastgate
1818,within,0.532022,0.141633,0.1088,0.595569,0.165962,0.07812,Bellevue_150th_Eastgate
1819,within,0.595922,0.131188,0.137481,0.596773,0.116795,0.092011,Bellevue_150th_Eastgate
1820,within,0.591631,0.140545,0.128522,0.627763,0.126741,0.171595,Bellevue_150th_Eastgate
1821,within,0.545539,0.134583,0.110857,0.632681,0.160848,0.111856,Bellevue_150th_Eastgate
1822,within,0.569783,0.15823,0.117828,0.519538,0.224822,0.024856,Bellevue_150th_Eastgate
1823,within,0.567674,0.155402,0.125165,0.553332,0.170486,0.036569,Bellevue_150th_Eastgate
1824,within,0.640381,0.170534,0.115837,0.911716,0.358421,0.093162,Bellevue_150th_Eastgate
1825,within,0.532924,0.137746,0.110922,0.620375,0.25503,0.13923,Bellevue_150th_Eastgate
1826,within,0.593977,0.169359,0.117197,0.623972,0.222582,0.138291,Bellevue_150th_Eastgate
1827,within,0.550665,0.141397,0.10711,0.664027,0.276693,0.081182,Bellevue_150th_Eastgate
1828,within,0.541499,0.140046,0.112137,0.63428,0.2603,0.05597,Bellevue_150th_Eastgate
1829,within,0.527916,0.129945,0.107043,0.60502,0.214235,0.085665,Bellevue_150th_Eastgate
1830,within,0.552953,0.124162,0.11474,0.573755,0.207086,0.070856,Bellevue_150th_Eastgate
1831,within,0.606434,0.156398,0.111726,0.733945,0.203881,0.073901,Bellevue_150th_Eastgate
1832,within,0.551925,0.13458,0.112768,0.636122,0.195118,0.039615,Bellevue_150th_Eastgate
1833,within,0.565833,0.150867,0.10925,0.451998,0.114045,0.043639,Bellevue_150th_Eastgate
1834,within,0.61793,0.17137,0.121364,0.480221,0.139803,0.027,Bellevue_150th_Eastgate
1835,within,0.62424,0.172381,0.131054,0.672128,0.226884,0.070947,Bellevue_150th_Eastgate
1836,within,0.535156,0.1292,0.112353,0.654217,0.314956,0.081459,Bellevue_150th_Eastgate
1837,within,0.626815,0.138714,0.125473,0.570695,0.201565,0.034391,Bellevue_150th_Eastgate
1838,within,0.604801,0.130097,0.124761,0.623362,0.209588,0.018882,Bellevue_150th_Eastgate
1839,within,0.544033,0.143089,0.115845,0.501845,0.166678,0.031264,Bellevue_150th_Eastgate
1840,within,0.58015,0.15532,0.121101,0.458622,0.172609,0.010929,Bellevue_150th_Eastgate
1841,within,0.55559,0.150901,0.122984,0.553084,0.158597,0.043519,Bellevue_150th_Eastgate
1842,within,0.56655,0.154939,0.118584,0.554476,0.21478,0.030259,Bellevue_150th_Eastgate
1843,within,0.577251,0.155738,0.131313,0.620854,0.243555,0.021934,Bellevue_150th_Eastgate
1844,within,0.534479,0.127749,0.107269,0.512549,0.196715,0.035054,Bellevue_150th_Eastgate
1845,within,0.544983,0.11989,0.12519,0.641788,0.172123,0.06642,Bellevue_150th_Eastgate
1846,within,0.543543,0.135814,0.11392,0.672823,0.166822,0.066936,Bellevue_150th_Eastgate
1847,within,0.569578,0.149476,0.118544,0.613049,0.232325,0.042801,Bellevue_150th_Eastgate
1848,within,0.575019,0.154486,0.111763,0.595683,0.253033,0.053133,Bellevue_150th_Eastgate
1849,within,0.601267,0.16867,0.130168,0.647914,0.253707,0.056399,Bellevue_150th_Eastgate
1850,within,0.559102,0.15422,0.118554,0.463853,0.12022,0.016649,Bellevue_150th_Eastgate
1851,within,0.575467,0.147761,0.11743,0.496255,0.09687,0.075496,Bellevue_150th_Eastgate
1852,within,0.546211,0.143002,0.110006,0.516535,0.198577,0.03629,Bellevue_150th_Eastgate
1853,within,0.545928,0.101574,0.121712,0.517651,0.194282,0.027783,Bellevue_150th_Eastgate
1854,within,0.558554,0.137664,0.120702,0.508618,0.253905,0.0,Bellevue_150th_Eastgate
1855,within,0.566327,0.148074,0.109581,0.744469,0.40976,0.036246,Bellevue_150th_Eastgate
1856,within,0.534948,0.131003,0.111334,0.569543,0.273157,0.029264,Bellevue_150th_Eastgate
1857,within,0.556387,0.142853,0.113412,0.405949,0.173297,0.007898,Bellevue_150th_Eastgate
1858,within,0.550544,0.140112,0.116818,0.586813,0.261592,0.018519,Bellevue_150th_Eastgate
1859,within,0.52975,0.102846,0.116011,0.588014,0.27584,0.041456,Bellevue_150th_Eastgate
1860,within,0.543957,0.134923,0.108434,0.541188,0.287477,0.006119,Bellevue_150th_Eastgate
1861,within,0.604025,0.16617,0.113509,0.639016,0.245343,0.040762,Bellevue_150th_Eastgate
1862,within,0.556926,0.148243,0.117133,0.639852,0.255926,0.071285,Bellevue_150th_Eastgate
1863,within,0.558413,0.151005,0.121457,0.597658,0.188644,0.050731,Bellevue_150th_Eastgate
1864,within,0.612259,0.167503,0.118271,0.464308,0.130778,0.029293,Bellevue_150th_Eastgate
1865,within,0.627585,0.17387,0.129361,0.486553,0.132786,0.02416,Bellevue_150th_Eastgate
1866,within,0.536574,0.129942,0.107543,0.549425,0.17502,0.034067,Bellevue_150th_Eastgate
1867,within,0.551751,0.139461,0.111089,0.450939,0.16127,0.022128,Bellevue_150th_Eastgate
1868,within,0.550456,0.138884,0.113105,0.550019,0.196715,0.064552,Bellevue_150th_Eastgate
1869,within,0.610741,0.176444,0.122562,0.679523,0.180271,0.097291,Bellevue_150th_Eastgate
1870,within,0.548857,0.143293,0.121655,0.54979,0.128714,0.040491,Bellevue_150th_Eastgate
1871,within,0.545895,0.140367,0.111711,0.494848,0.110574,0.004762,Bellevue_150th_Eastgate
1872,within,0.536895,0.127059,0.110826,0.46437,0.106242,0.023212,Bellevue_150th_Eastgate
1873,within,0.537909,0.124139,0.11868,0.472515,0.11271,0.036234,Bellevue_150th_Eastgate
1874,within,0.5648,0.150384,0.111901,0.541854,0.183979,0.04048,Bellevue_150th_Eastgate
1875,within,0.594839,0.163008,0.113079,0.628358,0.254993,0.054163,Bellevue_150th_Eastgate
1876,within,0.614725,0.172915,0.115963,0.832502,0.298185,0.025345,Bellevue_150th_Eastgate
1877,within,0.54187,0.128951,0.117762,0.80134,0.240848,0.06368,Bellevue_150th_Eastgate
1878,within,0.558324,0.132586,0.119399,0.671958,0.189667,0.045106,Bellevue_150th_Eastgate
1879,within,0.609314,0.143956,0.137929,0.684582,0.174539,0.026287,Bellevue_150th_Eastgate
1880,within,0.560673,0.140613,0.114701,0.595251,0.160781,0.025623,Bellevue_150th_Eastgate
1881,within,0.558785,0.151132,0.111209,0.583185,0.139186,0.073364,Bellevue_150th_Eastgate
1882,within,0.537447,0.141489,0.113208,0.50067,0.136622,0.041107,Bellevue_150th_Eastgate
1883,within,0.561643,0.147754,0.113966,0.597096,0.108189,0.13741,Bellevue_150th_Eastgate
1884,within,0.58446,0.158613,0.119705,0.815027,0.199035,0.162058,Bellevue_150th_Eastgate
1885,within,0.52534,0.112756,0.114132,0.571376,0.125743,0.04467,Bellevue_150th_Eastgate
1886,within,0.597681,0.131743,0.137098,0.542942,0.071415,0.040466,Bellevue_150th_Eastgate
1887,within,0.593448,0.140151,0.113962,0.573721,0.114553,0.062012,Bellevue_150th_Eastgate
1888,within,0.601412,0.175572,0.120572,0.531728,0.09987,0.0541,Bellevue_150th_Eastgate
1889,within,0.543366,0.143884,0.118884,0.550913,0.195359,0.041216,Bellevue_150th_Eastgate
1890,within,0.546866,0.127382,0.117968,0.600624,0.224906,0.062183,Bellevue_150th_Eastgate
1891,within,0.544963,0.142711,0.119657,0.733149,0.225804,0.129768,Bellevue_150th_Eastgate
1892,within,0.563494,0.130721,0.122289,0.668576,0.181886,0.103282,Bellevue_150th_Eastgate
1893,within,0.55309,0.148249,0.120907,0.615836,0.254503,0.080718,Bellevue_150th_Eastgate
1894,within,0.566954,0.155903,0.1274,0.623401,0.21025,0.027284,Bellevue_150th_Eastgate
1895,within,0.536762,0.135764,0.109932,0.626419,0.166803,0.048992,Bellevue_150th_Eastgate
1896,within,0.556587,0.144329,0.11182,0.593352,0.204854,0.067189,Bellevue_150th_Eastgate
1897,within,0.557585,0.150065,0.113863,0.59836,0.201351,0.082123,Bellevue_150th_Eastgate
1898,within,0.583404,0.159071,0.112486,0.616961,0.197203,0.053902,Bellevue_150th_Eastgate
1899,within,0.583368,0.155043,0.120323,0.696844,0.225369,0.073076,Bellevue_150th_Eastgate
1900,within,0.553761,0.143798,0.125497,0.620581,0.224669,0.030604,Bellevue_150th_Eastgate
1901,within,0.548646,0.119301,0.132317,0.732182,0.235495,0.020487,Bellevue_150th_Eastgate
1902,within,0.544041,0.1122,0.122686,0.720299,0.19784,0.050816,Bellevue_150th_Eastgate
1903,within,0.558948,0.138767,0.122125,0.732746,0.272007,0.052683,Bellevue_150th_Eastgate
1904,within,0.555249,0.138076,0.115807,0.721257,0.289206,0.092983,Bellevue_150th_Eastgate
1905,within,0.593193,0.164489,0.117536,0.654805,0.155182,0.133938,Bellevue_150th_Eastgate
1906,within,0.583599,0.139529,0.149254,0.596335,0.144322,0.080452,Bellevue_150th_Eastgate
1907,within,0.603116,0.169882,0.13353,0.570362,0.173879,0.029925,Bellevue_150th_Eastgate
1908,within,0.549419,0.140719,0.122888,0.601628,0.152974,0.017036,Bellevue_150th_Eastgate
1909,within,0.513943,0.117125,0.113565,0.519563,0.138649,0.04001,Bellevue_150th_Eastgate
1910,within,0.534202,0.131814,0.11018,0.386999,0.118426,0.0215,Bellevue_150th_Eastgate
1911,within,0.531715,0.128116,0.119954,0.530094,0.192815,0.03352,Bellevue_150th_Eastgate
1912,within,0.60556,0.169285,0.124448,0.71053,0.309396,0.051817,Bellevue_150th_Eastgate
1913,within,0.549376,0.140159,0.129623,0.436667,0.194165,0.01814,Bellevue_150th_Eastgate
1914,within,0.566156,0.154508,0.119648,0.373737,0.163297,0.003838,Bellevue_150th_Eastgate
1915,within,0.560895,0.147328,0.125388,0.369281,0.152849,0.006822,Bellevue_150th_Eastgate
1916,within,0.549002,0.144353,0.119389,0.398079,0.079524,0.013307,Bellevue_150th_Eastgate
1917,within,0.542882,0.132585,0.134274,0.544803,0.280955,0.017711,Bellevue_150th_Eastgate
1918,within,0.557961,0.144464,0.126336,0.57119,0.177822,0.019591,Bellevue_150th_Eastgate
1919,within,0.559901,0.14479,0.121722,0.712252,0.233464,0.176236,Bellevue_150th_Eastgate
1920,within,0.543001,0.133795,0.134034,0.535065,0.12638,0.044768,Bellevue_150th_Eastgate
1921,within,0.570799,0.110365,0.129334,0.512632,0.106272,0.022211,Bellevue_150th_Eastgate
1922,within,0.563182,0.153284,0.126088,0.477253,0.051779,0.060075,Bellevue_150th_Eastgate
1923,within,0.54368,0.127375,0.138021,0.579776,0.173115,0.036591,Bellevue_150th_Eastgate
1924,within,0.562547,0.147127,0.125223,0.601071,0.301142,0.011119,Bellevue_150th_Eastgate
1925,within,0.579016,0.155363,0.12175,0.647849,0.198986,0.032235,Bellevue_150th_Eastgate
1926,within,0.548521,0.132074,0.120482,0.618074,0.239529,0.040881,Bellevue_150th_Eastgate
1927,within,0.58089,0.132779,0.13246,0.558982,0.240672,0.02716,Bellevue_150th_Eastgate
1928,within,0.541466,0.127507,0.136023,0.426572,0.227481,0.002778,Bellevue_150th_Eastgate
1929,within,0.538528,0.137002,0.116567,0.578248,0.282333,0.014837,Bellevue_150th_Eastgate
1930,within,0.539432,0.138111,0.119514,0.607684,0.269605,0.05904,Bellevue_150th_Eastgate
1931,within,0.543212,0.141244,0.124016,0.573162,0.259182,0.099473,Bellevue_150th_Eastgate
1932,within,0.569421,0.125583,0.136056,0.583991,0.153845,0.164749,Bellevue_150th_Eastgate
1933,within,0.619544,0.153796,0.122336,0.601174,0.237955,0.058849,Bellevue_150th_Eastgate
1934,within,0.561222,0.10857,0.127363,0.410118,0.162946,0.065651,Bellevue_150th_Eastgate
1935,within,0.624582,0.137577,0.130305,0.490692,0.162416,0.092064,Bellevue_150th_Eastgate
1936,within,0.548484,0.143951,0.11921,0.443994,0.158127,0.101741,Bellevue_150th_Eastgate
1937,within,0.552469,0.140327,0.109119,0.425914,0.137179,0.094654,Bellevue_150th_Eastgate
1938,within,0.593372,0.16042,0.118239,0.46461,0.179931,0.06276,Bellevue_150th_Eastgate
1939,within,0.601192,0.168151,0.119129,0.558915,0.188928,0.061025,Bellevue_150th_Eastgate
1940,within,0.623457,0.16868,0.13001,0.641052,0.230781,0.071239,Bellevue_150th_Eastgate
1941,within,0.53822,0.130127,0.12572,0.557403,0.215012,0.035473,Bellevue_150th_Eastgate
1942,within,0.641945,0.149696,0.141195,0.626258,0.242215,0.01421,Bellevue_150th_Eastgate
1943,within,0.602839,0.161947,0.149417,0.574313,0.258819,0.006712,Bellevue_150th_Eastgate
1944,within,0.631743,0.175652,0.137885,0.610203,0.179262,0.023047,Bellevue_150th_Eastgate
1945,within,0.554924,0.119291,0.14146,0.523063,0.0875,0.031949,Bellevue_150th_Eastgate
1946,within,0.587502,0.137435,0.139605,0.519951,0.06886,0.027997,Bellevue_150th_Eastgate
1947,within,0.539046,0.135299,0.123124,0.445975,0.141113,0.027023,Bellevue_150th_Eastgate
1948,within,0.590559,0.151531,0.142586,0.473802,0.121521,0.049451,Bellevue_150th_Eastgate
1949,within,0.599361,0.16077,0.145862,0.549228,0.149701,0.070259,Bellevue_150th_Eastgate
1950,within,0.563094,0.135365,0.153153,0.593186,0.223985,0.062575,Bellevue_150th_Eastgate
1951,within,0.536507,0.084428,0.127876,0.60136,0.231193,0.072835,Bellevue_150th_Eastgate
1952,within,0.571031,0.129545,0.142652,0.543509,0.217563,0.057844,Bellevue_150th_Eastgate
1953,within,0.619899,0.173825,0.124386,0.725923,0.298973,0.048175,Bellevue_150th_Eastgate
1954,within,0.578031,0.109026,0.144786,0.764519,0.276884,0.090641,Bellevue_150th_Eastgate
1955,within,0.55841,0.107347,0.131061,0.612911,0.202337,0.04639,Bellevue_150th_Eastgate
1956,within,0.549719,0.12585,0.135735,0.617395,0.276012,0.028912,Bellevue_150th_Eastgate
1957,within,0.552411,0.138524,0.129853,0.62025,0.306649,0.076344,Bellevue_150th_Eastgate
1958,within,0.544319,0.12597,0.128487,0.630807,0.296299,0.070333,Bellevue_150th_Eastgate
1959,within,0.533686,0.128726,0.117424,0.604658,0.301136,0.131479,Bellevue_150th_Eastgate
1960,within,0.560127,0.150905,0.108952,0.704527,0.262014,0.157282,Bellevue_150th_Eastgate
1961,within,0.525562,0.112476,0.117732,0.580353,0.21678,0.053651,Bellevue_150th_Eastgate
1962,within,0.540748,0.114667,0.129051,0.532885,0.129666,0.058845,Bellevue_150th_Eastgate
1963,within,0.589261,0.130825,0.15917,0.504353,0.088441,0.073455,Bellevue_150th_Eastgate
1964,within,0.532706,0.124977,0.104498,0.510195,0.089363,0.08774,Bellevue_150th_Eastgate
1965,within,0.532453,0.107839,0.111659,0.500307,0.106948,0.078971,Bellevue_150th_Eastgate
1966,within,0.592845,0.103998,0.12591,0.505446,0.187481,0.042694,Bellevue_150th_Eastgate
1967,within,0.653213,0.130251,0.091101,0.527993,0.146558,0.042757,Bellevue_150th_Eastgate
1968,within,0.635326,0.152239,0.122034,0.688846,0.216825,0.084351,Bellevue_150th_Eastgate
1969,within,0.590449,0.126928,0.14301,0.490393,0.143286,0.023789,Bellevue_150th_Eastgate
1970,within,0.626904,0.130559,0.13409,0.493511,0.160231,0.025955,Bellevue_150th_Eastgate
1971,within,0.592395,0.147429,0.1575,0.469868,0.116486,0.074711,Bellevue_150th_Eastgate
1972,within,0.64805,0.093711,0.09647,0.606581,0.220349,0.079346,Bellevue_150th_Eastgate
1973,within,0.598373,0.101961,0.125456,0.593583,0.255413,0.048069,Bellevue_150th_Eastgate
1974,within,0.508383,0.096796,0.119125,0.538472,0.182134,0.028505,Bellevue_150th_Eastgate
1975,within,0.600716,0.164164,0.127611,0.594572,0.233115,0.083794,Bellevue_150th_Eastgate
1976,within,0.540703,0.131743,0.126077,0.388342,0.175394,0.019383,Bellevue_150th_Eastgate
1977,within,0.590036,0.143973,0.153645,0.381429,0.15781,0.028728,Bellevue_150th_Eastgate
1978,within,0.563969,0.146337,0.137069,0.44377,0.244242,0.013025,Bellevue_150th_Eastgate
1979,within,0.597377,0.165899,0.130259,0.529184,0.125158,0.132942,Bellevue_150th_Eastgate
1980,within,0.548532,0.140549,0.123566,0.515169,0.203898,0.047152,Bellevue_150th_Eastgate
1981,within,0.606461,0.170942,0.136698,0.484097,0.191824,0.042711,Bellevue_150th_Eastgate
1982,within,0.610708,0.168227,0.132922,0.619777,0.227897,0.057642,Bellevue_150th_Eastgate
1983,within,0.545012,0.13334,0.133429,0.516418,0.191925,0.047605,Bellevue_150th_Eastgate
1984,within,0.615529,0.16489,0.128434,0.591731,0.185651,0.142438,Bellevue_150th_Eastgate
1985,within,0.562861,0.129952,0.145345,0.573218,0.118601,0.175411,Bellevue_150th_Eastgate
1986,within,0.566652,0.114061,0.141499,0.551316,0.136947,0.177606,Bellevue_150th_Eastgate
1987,within,0.552317,0.098962,0.125122,0.51787,0.195956,0.135712,Bellevue_150th_Eastgate
1988,within,0.550344,0.099591,0.130047,0.454596,0.200161,0.116234,Bellevue_150th_Eastgate
1989,within,0.572189,0.100646,0.136433,0.603618,0.230245,0.081114,Bellevue_150th_Eastgate
1990,within,0.631803,0.178618,0.12766,0.632203,0.237215,0.02893,Bellevue_150th_Eastgate
1991,within,0.547442,0.135621,0.133382,0.497541,0.178051,0.030549,Bellevue_150th_Eastgate
1992,within,0.622576,0.138637,0.133648,0.523016,0.162951,0.014367,Bellevue_150th_Eastgate
1993,within,0.609289,0.162034,0.135876,0.465622,0.135257,0.026759,Bellevue_150th_Eastgate
1994,within,0.564578,0.145237,0.119867,0.539108,0.153828,0.027046,Bellevue_150th_Eastgate
1995,within,0.556976,0.105646,0.138308,0.467268,0.238844,0.030416,Bellevue_150th_Eastgate
1996,within,0.545137,0.138006,0.122505,0.536513,0.11003,0.075283,Bellevue_150th_Eastgate
1997,within,0.597735,0.164273,0.123107,0.526319,0.139886,0.068827,Bellevue_150th_Eastgate
1998,within,0.596875,0.144178,0.140526,0.479235,0.175369,0.04497,Bellevue_150th_Eastgate
1999,within,0.607496,0.168738,0.139763,0.441051,0.128569,0.059356,Bellevue_150th_Eastgate
2000,within,0.541205,0.113985,0.122485,0.415255,0.122402,0.078836,Bellevue_150th_Eastgate
2001,within,0.541867,0.108689,0.123479,0.473905,0.17172,0.072372,Bellevue_150th_Eastgate
2002,within,0.535194,0.120051,0.127904,0.543178,0.214727,0.089239,Bellevue_150th_Eastgate
2003,within,0.536991,0.120421,0.119764,0.666808,0.231538,0.053414,Bellevue_150th_Eastgate
2004,within,0.550267,0.130218,0.14094,0.697385,0.240494,0.1118,Bellevue_150th_Eastgate
2005,within,0.529901,0.119068,0.127037,0.429409,0.130157,0.033379,Bellevue_150th_Eastgate
2006,within,0.626353,0.171767,0.14799,0.289316,0.077094,0.040193,Bellevue_150th_Eastgate
2007,within,0.619687,0.172456,0.141285,0.452477,0.106718,0.039752,Bellevue_150th_Eastgate
2008,within,0.534809,0.124097,0.123408,0.611963,0.112999,0.111731,Bellevue_150th_Eastgate
2009,within,0.534755,0.116496,0.129628,0.543206,0.122728,0.058322,Bellevue_150th_Eastgate
2010,within,0.53471,0.118239,0.121206,0.568759,0.222051,0.035388,Bellevue_150th_Eastgate
2011,within,0.612336,0.16836,0.135273,0.671947,0.226329,0.03735,Bellevue_150th_Eastgate
2012,within,0.581675,0.151656,0.142316,0.5187,0.146143,0.054034,Bellevue_150th_Eastgate
2013,within,0.613342,0.155554,0.128328,0.554572,0.137734,0.068219,Bellevue_150th_Eastgate
2014,within,0.535192,0.122333,0.121035,0.543289,0.153205,0.070617,Bellevue_150th_Eastgate
2015,within,0.605862,0.071255,0.099791,0.639356,0.295692,0.045722,Bellevue_150th_Eastgate
2016,within,0.55182,0.12187,0.142118,0.698368,0.304208,0.062717,Bellevue_150th_Eastgate
2017,within,0.578481,0.108349,0.138393,0.624201,0.124438,0.114649,Bellevue_150th_Eastgate
2018,within,0.594178,0.162494,0.129595,0.646487,0.145596,0.093661,Bellevue_150th_Eastgate
2019,within,0.572247,0.138009,0.139582,0.500983,0.221094,0.122854,Bellevue_150th_Eastgate
2020,within,0.624955,0.155567,0.156922,0.481813,0.181419,0.180762,Bellevue_150th_Eastgate
2021,within,0.537702,0.107254,0.136457,0.515487,0.160439,0.167645,Bellevue_150th_Eastgate
2022,within,0.574975,0.09764,0.136866,0.51375,0.175861,0.081744,Bellevue_150th_Eastgate
2023,within,0.528676,0.121669,0.127362,0.588964,0.203619,0.154111,Bellevue_150th_Eastgate
2024,within,0.626018,0.142343,0.140958,0.566388,0.207002,0.051044,Bellevue_150th_Eastgate
2025,within,0.642181,0.13416,0.133085,0.56053,0.177228,0.099232,Bellevue_150th_Eastgate
2026,within,0.573498,0.144767,0.147445,0.408992,0.127651,0.028891,Bellevue_150th_Eastgate
2027,within,0.634574,0.132379,0.143616,0.453274,0.170077,0.028005,Bellevue_150th_Eastgate
2028,within,0.607246,0.152296,0.160531,0.425819,0.163376,0.051124,Bellevue_150th_Eastgate
2029,within,0.603435,0.157802,0.132994,0.289032,0.095738,0.019074,Bellevue_150th_Eastgate
2030,within,0.630014,0.067065,0.090365,0.409084,0.107222,0.046684,Bellevue_150th_Eastgate
2031,within,0.613129,0.152376,0.144029,0.592258,0.208952,0.074923,Bellevue_150th_Eastgate
2032,within,0.57474,0.113175,0.137129,0.46427,0.123357,0.066687,Bellevue_150th_Eastgate
2033,within,0.627351,0.106387,0.122645,0.612279,0.158093,0.088214,Bellevue_150th_Eastgate
2034,within,0.548722,0.110399,0.13417,0.5801,0.21124,0.042685,Bellevue_150th_Eastgate
2035,within,0.598803,0.138366,0.139823,0.613436,0.259478,0.051743,Bellevue_150th_Eastgate
2036,within,0.552249,0.114239,0.135295,0.588139,0.278056,0.044811,Bellevue_150th_Eastgate
2037,within,0.595465,0.153321,0.143258,0.671056,0.299703,0.125407,Bellevue_150th_Eastgate
2038,within,0.585455,0.152382,0.136989,0.656377,0.309482,0.041934,Bellevue_150th_Eastgate
2039,within,0.605371,0.150694,0.140475,0.619188,0.289692,0.069035,Bellevue_150th_Eastgate
2040,within,0.58763,0.108863,0.143485,0.639447,0.347035,0.052064,Bellevue_150th_Eastgate
2041,within,0.569833,0.140389,0.1444,0.530169,0.187892,0.04124,Bellevue_150th_Eastgate
2042,within,0.571806,0.142556,0.144459,0.502325,0.182689,0.066984,Bellevue_150th_Eastgate
2043,within,0.541853,0.121356,0.136434,0.526933,0.153574,0.074826,Bellevue_150th_Eastgate
2044,within,0.618736,0.159028,0.144829,0.557454,0.20584,0.024469,Bellevue_150th_Eastgate
2045,within,0.603106,0.152948,0.164112,0.614364,0.238007,0.023569,Bellevue_150th_Eastgate
2046,within,0.547058,0.1267,0.129305,0.669273,0.25648,0.029913,Bellevue_150th_Eastgate
2047,within,0.56131,0.095604,0.131019,0.761693,0.209217,0.117791,Bellevue_150th_Eastgate
2048,within,0.5979,0.128866,0.146306,0.598392,0.216339,0.084979,Bellevue_150th_Eastgate
2049,within,0.636012,0.168908,0.134905,0.671441,0.163456,0.060342,Bellevue_150th_Eastgate
2050,within,0.547121,0.110248,0.138038,0.574417,0.148574,0.060157,Bellevue_150th_Eastgate
2051,within,0.628986,0.144111,0.14315,0.517942,0.130272,0.116853,Bellevue_150th_Eastgate
2052,within,0.603089,0.170937,0.124785,0.627383,0.183839,0.139997,Bellevue_150th_Eastgate
2053,within,0.543931,0.137199,0.115866,0.671615,0.254313,0.078721,Bellevue_150th_Eastgate
2054,within,0.587775,0.122822,0.12728,0.693456,0.220548,0.142246,Bellevue_150th_Eastgate
2055,within,0.545114,0.119459,0.122812,0.575506,0.169162,0.06652,Bellevue_150th_Eastgate
2056,within,0.622886,0.164667,0.14777,0.734093,0.235478,0.109081,Bellevue_150th_Eastgate
2057,within,0.536694,0.128522,0.132175,0.586036,0.204777,0.076122,Bellevue_150th_Eastgate
2058,within,0.574587,0.099573,0.127288,0.497411,0.134419,0.122488,Bellevue_150th_Eastgate
2059,within,0.561886,0.117002,0.134663,0.678878,0.136282,0.290282,Bellevue_150th_Eastgate
2060,within,0.521114,0.116823,0.128977,0.624395,0.223076,0.089373,Bellevue_150th_Eastgate
2061,within,0.605391,0.070948,0.105641,0.592916,0.175473,0.170606,Bellevue_150th_Eastgate
2062,within,0.528243,0.110762,0.125221,0.570198,0.221415,0.051268,Bellevue_150th_Eastgate
2063,within,0.60662,0.166721,0.132706,0.725825,0.265678,0.087083,Bellevue_150th_Eastgate
2064,within,0.532718,0.114746,0.124912,0.50586,0.153684,0.094218,Bellevue_150th_Eastgate
2065,within,0.569715,0.113372,0.138572,0.438447,0.170952,0.085417,Bellevue_150th_Eastgate
2066,within,0.550728,0.144684,0.126346,0.49457,0.192141,0.097674,Bellevue_150th_Eastgate
2067,within,0.532695,0.129225,0.119876,0.472951,0.194821,0.105865,Bellevue_150th_Eastgate
2068,within,0.526921,0.10128,0.120561,0.499048,0.255675,0.084985,Bellevue_150th_Eastgate
2069,within,0.532703,0.111465,0.120949,0.465973,0.215242,0.071135,Bellevue_150th_Eastgate
2070,within,0.526759,0.12157,0.122223,0.488029,0.219449,0.061464,Bellevue_150th_Eastgate
2071,within,0.669009,0.182028,0.123792,0.598481,0.202396,0.067414,Bellevue_150th_Eastgate
2072,within,0.622444,0.171009,0.139338,0.668468,0.216912,0.049193,Bellevue_150th_Eastgate
2073,within,0.589557,0.135894,0.136728,0.459385,0.086918,0.087416,Bellevue_150th_Eastgate
2074,within,0.616348,0.140296,0.142694,0.473029,0.113587,0.066262,Bellevue_150th_Eastgate
2075,within,0.669685,0.07773,0.084712,0.437495,0.137328,0.04562,Bellevue_150th_Eastgate
2076,within,0.548982,0.135338,0.119744,0.456016,0.138879,0.040492,Bellevue_150th_Eastgate
2077,within,0.649892,0.107816,0.103742,0.526929,0.202541,0.055203,Bellevue_150th_Eastgate
2078,within,0.594763,0.165332,0.124511,0.349847,0.123844,0.042793,Bellevue_150th_Eastgate
2079,within,0.611554,0.166064,0.122388,0.380441,0.081125,0.056499,Bellevue_150th_Eastgate
2080,within,0.61651,0.171726,0.13108,0.391485,0.049223,0.091852,Bellevue_150th_Eastgate
2081,within,0.594318,0.107547,0.13923,0.415865,0.143253,0.029365,Bellevue_150th_Eastgate
2082,within,0.616018,0.14791,0.16629,0.444479,0.167028,0.044351,Bellevue_150th_Eastgate
2083,within,0.593924,0.152163,0.150985,0.379379,0.14837,0.049906,Bellevue_150th_Eastgate
2084,within,0.601058,0.160775,0.126744,0.443057,0.173908,0.101806,Bellevue_150th_Eastgate
2085,within,0.600115,0.159616,0.132548,0.569569,0.280138,0.13341,Bellevue_150th_Eastgate
2086,within,0.559427,0.145527,0.116062,0.533478,0.271421,0.132172,Bellevue_150th_Eastgate
2087,within,0.611637,0.16929,0.130268,0.588513,0.330192,0.128386,Bellevue_150th_Eastgate
2088,within,0.555808,0.122651,0.138116,0.533493,0.227531,0.040974,Bellevue_150th_Eastgate
2089,within,0.560151,0.107838,0.13067,0.413164,0.169874,0.078488,Bellevue_150th_Eastgate
2090,within,0.570706,0.119104,0.152007,0.445043,0.171668,0.09868,Bellevue_150th_Eastgate
2091,within,0.551497,0.147068,0.125795,0.505013,0.218635,0.07697,Bellevue_150th_Eastgate
2092,within,0.56723,0.145823,0.144011,0.518007,0.216439,0.097929,Bellevue_150th_Eastgate
2093,within,0.61948,0.173449,0.133667,0.58884,0.277793,0.046468,Bellevue_150th_Eastgate
2094,within,0.535465,0.132799,0.119074,0.489316,0.196032,0.057058,Bellevue_150th_Eastgate
2095,within,0.602634,0.168222,0.126333,0.557245,0.149556,0.060331,Bellevue_150th_Eastgate
2096,within,0.594678,0.150894,0.145194,0.569481,0.202974,0.03033,Bellevue_150th_Eastgate
2097,within,0.561878,0.142658,0.138275,0.480455,0.081761,0.057426,Bellevue_150th_Eastgate
2098,within,0.571057,0.13903,0.151372,0.493804,0.129629,0.029707,Bellevue_150th_Eastgate
2099,within,0.549394,0.140039,0.13233,0.507069,0.113133,0.035392,Bellevue_150th_Eastgate
2100,within,0.578256,0.115681,0.133601,0.505422,0.105243,0.040756,Bellevue_150th_Eastgate
2101,within,0.59046,0.121248,0.128763,0.580545,0.121333,0.066037,Bellevue_150th_Eastgate
2102,within,0.573778,0.140655,0.118715,0.590333,0.170762,0.085851,Bellevue_150th_Eastgate
2103,within,0.617818,0.14036,0.124589,0.584672,0.162194,0.067183,Bellevue_150th_Eastgate
2104,within,0.627787,0.17593,0.138324,0.621646,0.11503,0.062344,Bellevue_150th_Eastgate
2105,within,0.588596,0.120709,0.132793,0.466016,0.125827,0.049216,Bellevue_150th_Eastgate
2106,within,0.59101,0.157215,0.127121,0.355245,0.060825,0.035334,Bellevue_150th_Eastgate
2107,within,0.56372,0.147469,0.116947,0.388336,0.111683,0.083048,Bellevue_150th_Eastgate
2108,within,0.56058,0.139694,0.112609,0.363387,0.122456,0.043348,Bellevue_150th_Eastgate
2109,within,0.525121,0.125371,0.116086,0.33308,0.137566,0.082581,Bellevue_150th_Eastgate
2110,within,0.576754,0.157853,0.112004,0.660432,0.39594,0.030595,Bellevue_150th_Eastgate
2111,within,0.556184,0.119467,0.141515,0.570515,0.253207,0.015634,Bellevue_150th_Eastgate
2112,within,0.583595,0.139668,0.139242,0.492375,0.19885,0.023574,Bellevue_150th_Eastgate
2113,within,0.629261,0.077823,0.099739,0.564398,0.226023,0.049041,Bellevue_150th_Eastgate
2114,within,0.602495,0.134954,0.132812,0.529501,0.246109,0.065366,Bellevue_150th_Eastgate
2115,within,0.576796,0.151684,0.115205,0.510106,0.25843,0.06112,Bellevue_150th_Eastgate
2116,within,0.53739,0.132394,0.118439,0.615358,0.270823,0.07394,Bellevue_150th_Eastgate
2117,within,0.574073,0.139826,0.12644,0.777769,0.363755,0.149305,Bellevue_150th_Eastgate
2118,within,0.556105,0.131857,0.142842,0.621601,0.210889,0.103571,Bellevue_150th_Eastgate
2119,within,0.618803,0.128603,0.137844,0.664961,0.25116,0.079578,Bellevue_150th_Eastgate
2120,within,0.549648,0.132288,0.13989,0.5794,0.230759,0.061887,Bellevue_150th_Eastgate
2121,within,0.560836,0.131417,0.125818,0.572088,0.214222,0.067077,Bellevue_150th_Eastgate
2122,within,0.573456,0.149287,0.133094,0.57413,0.209251,0.059788,Bellevue_150th_Eastgate
2123,within,0.587765,0.160625,0.129943,0.466434,0.241824,0.044666,Bellevue_150th_Eastgate
2124,within,0.616265,0.166611,0.138875,0.567906,0.163602,0.10558,Bellevue_150th_Eastgate
2125,within,0.554261,0.1398,0.132082,0.610184,0.155789,0.108811,Bellevue_150th_Eastgate
2126,within,0.585718,0.104745,0.130654,0.580098,0.129932,0.120953,Bellevue_150th_Eastgate
2127,within,0.602616,0.155567,0.15659,0.573066,0.175977,0.115052,Bellevue_150th_Eastgate
2128,within,0.528846,0.117652,0.125393,0.61944,0.109697,0.1726,Bellevue_150th_Eastgate
2129,within,0.524708,0.117461,0.12598,0.596275,0.150609,0.11486,Bellevue_150th_Eastgate
2130,within,0.546188,0.130426,0.135587,0.515264,0.167072,0.048313,Bellevue_150th_Eastgate
2131,within,0.597403,0.164329,0.128977,0.592971,0.092093,0.034469,Bellevue_150th_Eastgate
2132,within,0.587731,0.111508,0.138245,0.670808,0.120414,0.09647,Bellevue_150th_Eastgate
2133,within,0.55568,0.132676,0.119404,0.52263,0.166717,0.007592,Bellevue_150th_Eastgate
2134,within,0.647138,0.180139,0.139564,0.516327,0.252749,0.0,Bellevue_150th_Eastgate
2135,within,0.632095,0.177194,0.149633,0.590898,0.239178,0.026144,Bellevue_150th_Eastgate
2136,within,0.604071,0.162258,0.12337,0.632893,0.251374,0.004762,Bellevue_150th_Eastgate
2137,within,0.549443,0.127874,0.121149,0.658035,0.244874,0.020938,Bellevue_150th_Eastgate
2138,within,0.618345,0.14469,0.136625,0.487223,0.1127,0.066656,Bellevue_150th_Eastgate
2139,within,0.633297,0.133263,0.133719,0.598237,0.114605,0.078019,Bellevue_150th_Eastgate
2140,within,0.573213,0.11537,0.138756,0.502373,0.120349,0.063495,Bellevue_150th_Eastgate
2141,within,0.660457,0.142927,0.133705,0.523394,0.120895,0.07148,Bellevue_150th_Eastgate
2142,within,0.568057,0.145875,0.113964,0.641553,0.225103,0.088172,Bellevue_150th_Eastgate
2143,within,0.64262,0.075004,0.084759,0.617492,0.227092,0.051184,Bellevue_150th_Eastgate
2144,within,0.635694,0.095719,0.101598,0.698169,0.221378,0.170854,Bellevue_150th_Eastgate
2145,within,0.58572,0.110121,0.126553,0.553058,0.207945,0.044948,Bellevue_150th_Eastgate
2146,within,0.669322,0.17412,0.118223,0.602177,0.241233,0.050202,Bellevue_150th_Eastgate
2147,within,0.624521,0.128256,0.131872,0.514295,0.270444,0.047053,Bellevue_150th_Eastgate
2148,within,0.598048,0.156727,0.124314,0.727074,0.301416,0.062838,Bellevue_150th_Eastgate
2149,within,0.555135,0.115379,0.135975,0.668085,0.306776,0.040041,Bellevue_150th_Eastgate
2150,within,0.615946,0.096899,0.119269,0.609617,0.218793,0.064005,Bellevue_150th_Eastgate
2151,within,0.543391,0.132187,0.117894,0.655053,0.258496,0.066271,Bellevue_150th_Eastgate
2152,within,0.537492,0.116663,0.131186,0.592082,0.158103,0.092165,Bellevue_150th_Eastgate
2153,within,0.592399,0.142107,0.142022,0.629543,0.148867,0.122068,Bellevue_150th_Eastgate
2154,within,0.525547,0.115725,0.125426,0.534332,0.110787,0.089593,Bellevue_150th_Eastgate
2155,within,0.607817,0.143095,0.147874,0.681636,0.107208,0.12081,Bellevue_150th_Eastgate
2156,within,0.570521,0.126839,0.14257,0.644724,0.097134,0.115454,Bellevue_150th_Eastgate
2157,within,0.593793,0.132493,0.14028,0.623543,0.181359,0.128434,Bellevue_150th_Eastgate
2158,within,0.625421,0.156302,0.160775,0.602788,0.252221,0.089,Bellevue_150th_Eastgate
2159,within,0.606592,0.156783,0.126159,0.562535,0.144027,0.049594,Bellevue_150th_Eastgate
2160,within,0.634332,0.179686,0.141709,0.631064,0.114256,0.068976,Bellevue_150th_Eastgate
2161,within,0.567565,0.135746,0.135761,0.5321,0.085815,0.077369,Bellevue_150th_Eastgate
2162,within,0.644387,0.147301,0.142326,0.539669,0.139425,0.091471,Bellevue_150th_Eastgate
2163,within,0.570196,0.141472,0.143327,0.575144,0.221178,0.035515,Bellevue_150th_Eastgate
2164,within,0.603759,0.116979,0.132169,0.682791,0.231945,0.060471,Bellevue_150th_Eastgate
2165,within,0.653555,0.065884,0.084684,0.700369,0.26062,0.043863,Bellevue_150th_Eastgate
2166,within,0.588493,0.10378,0.134187,0.616013,0.17748,0.04365,Bellevue_150th_Eastgate
2167,within,0.632241,0.172572,0.136806,0.773405,0.13764,0.182098,Bellevue_150th_Eastgate
2168,within,0.55408,0.116606,0.139945,0.611413,0.137546,0.083694,Bellevue_150th_Eastgate
2169,within,0.634707,0.146421,0.146438,0.586262,0.080353,0.087793,Bellevue_150th_Eastgate
2170,within,0.582072,0.14024,0.140232,0.532202,0.095251,0.088439,Bellevue_150th_Eastgate
2171,within,0.594832,0.160958,0.121886,0.452087,0.123297,0.069437,Bellevue_150th_Eastgate
2172,within,0.556503,0.142441,0.108726,0.503085,0.173963,0.055081,Bellevue_150th_Eastgate
2173,within,0.599055,0.165264,0.121097,0.637596,0.205399,0.084218,Bellevue_150th_Eastgate
2174,within,0.555906,0.114664,0.13743,0.47753,0.108595,0.043832,Bellevue_150th_Eastgate
2175,within,0.626416,0.159974,0.16002,0.471598,0.149672,0.020745,Bellevue_150th_Eastgate
2176,within,0.618438,0.167094,0.148109,0.626661,0.231035,0.006516,Bellevue_150th_Eastgate
2177,within,0.596903,0.113412,0.134962,0.70545,0.34219,0.026224,Bellevue_150th_Eastgate
2178,within,0.562213,0.102612,0.135046,0.60752,0.309559,0.036629,Bellevue_150th_Eastgate
2179,within,0.59586,0.130057,0.136877,0.629135,0.233089,0.105497,Bellevue_150th_Eastgate
2180,within,0.651692,0.069111,0.084391,0.416948,0.101774,0.01047,Bellevue_150th_Eastgate
2181,within,0.609098,0.138569,0.150101,0.409381,0.145296,0.026477,Bellevue_150th_Eastgate
2182,within,0.602329,0.166824,0.132157,0.404938,0.154464,0.059159,Bellevue_150th_Eastgate
2183,within,0.580576,0.14015,0.153448,0.537142,0.143145,0.124068,Bellevue_150th_Eastgate
2184,within,0.604984,0.13201,0.157781,0.604865,0.224367,0.099951,Bellevue_150th_Eastgate
2185,within,0.566422,0.119294,0.135028,0.571817,0.139729,0.071769,Bellevue_150th_Eastgate
2186,within,0.622009,0.170263,0.136067,0.734529,0.162912,0.082772,Bellevue_150th_Eastgate
2187,within,0.543008,0.126428,0.125353,0.385366,0.092736,0.020351,Bellevue_150th_Eastgate
2188,within,0.635878,0.1315,0.131852,0.372366,0.126338,0.015166,Bellevue_150th_Eastgate
2189,within,0.582483,0.156827,0.123811,0.402099,0.18698,0.007146,Bellevue_150th_Eastgate
2190,within,0.550253,0.133037,0.122489,0.470825,0.214241,0.043629,Bellevue_150th_Eastgate
2191,within,0.570138,0.112764,0.140669,0.504915,0.179699,0.04785,Bellevue_150th_Eastgate
2192,within,0.608656,0.146636,0.150231,0.643093,0.103156,0.068457,Bellevue_150th_Eastgate
2193,within,0.612432,0.12816,0.153059,0.519111,0.123033,0.055665,Bellevue_150th_Eastgate
2194,within,0.647714,0.095443,0.097436,0.476538,0.171543,0.016337,Bellevue_150th_Eastgate
2195,within,0.625731,0.17611,0.134992,0.490203,0.207199,0.013296,Bellevue_150th_Eastgate
2196,within,0.554472,0.140696,0.114249,0.556215,0.267588,0.036334,Bellevue_150th_Eastgate
2197,within,0.614231,0.12479,0.135718,0.800878,0.305343,0.073892,Bellevue_150th_Eastgate
2198,within,0.540549,0.119415,0.130078,0.656912,0.200491,0.053393,Bellevue_150th_Eastgate
2199,within,0.629798,0.161753,0.146095,0.650415,0.153472,0.047914,Bellevue_150th_Eastgate
2200,within,0.609432,0.146362,0.158424,0.457984,0.142114,0.063963,Bellevue_150th_Eastgate
2201,within,0.632342,0.169353,0.132506,0.40982,0.150523,0.061057,Bellevue_150th_Eastgate
2202,within,0.598858,0.138573,0.140178,0.440068,0.156179,0.079523,Bellevue_150th_Eastgate
2203,within,0.534213,0.12146,0.112519,0.55446,0.181807,0.105667,Bellevue_150th_Eastgate
2204,within,0.617092,0.07793,0.1144,0.547959,0.163384,0.101229,Bellevue_150th_Eastgate
2205,within,0.543855,0.108934,0.122816,0.584393,0.164956,0.107811,Bellevue_150th_Eastgate
2206,within,0.620576,0.168699,0.134797,0.70792,0.198569,0.136512,Bellevue_150th_Eastgate
2207,within,0.537644,0.124589,0.132497,0.570467,0.180504,0.047124,Bellevue_150th_Eastgate
2208,within,0.611912,0.121989,0.136557,0.681235,0.182564,0.059582,Bellevue_150th_Eastgate
2209,within,0.584194,0.136251,0.156281,0.576825,0.113334,0.060613,Bellevue_150th_Eastgate
2210,within,0.565007,0.143657,0.125805,0.675678,0.135332,0.05578,Bellevue_150th_Eastgate
2211,within,0.583292,0.130695,0.143522,0.628615,0.130879,0.033788,Bellevue_150th_Eastgate
2212,within,0.612299,0.118197,0.141031,0.555315,0.089602,0.042758,Bellevue_150th_Eastgate
2213,within,0.634555,0.163027,0.145677,0.69141,0.182872,0.055003,Bellevue_150th_Eastgate
2214,within,0.624051,0.131633,0.135206,0.434891,0.169116,0.050499,Bellevue_150th_Eastgate
2215,within,0.645172,0.177297,0.137729,0.425251,0.158054,0.075949,Bellevue_150th_Eastgate
2216,within,0.579693,0.131529,0.139138,0.471315,0.194409,0.054684,Bellevue_150th_Eastgate
2217,within,0.55149,0.121437,0.134744,0.535043,0.16416,0.033965,Bellevue_150th_Eastgate
2218,within,0.604855,0.147631,0.13533,0.541752,0.163962,0.057934,Bellevue_150th_Eastgate
2219,within,0.575229,0.134703,0.1426,0.546374,0.120938,0.057121,Bellevue_150th_Eastgate
2220,within,0.635702,0.173486,0.129581,0.498971,0.084734,0.056968,Bellevue_150th_Eastgate
2221,within,0.630791,0.14799,0.153791,0.560337,0.104346,0.045141,Bellevue_150th_Eastgate
2222,within,0.603571,0.127232,0.14292,0.428235,0.14639,0.01806,Bellevue_150th_Eastgate
2223,within,0.647568,0.113253,0.129231,0.456608,0.233244,0.021319,Bellevue_150th_Eastgate
2224,within,0.636759,0.12995,0.148836,0.623607,0.326934,0.024037,Bellevue_150th_Eastgate
2225,within,0.603875,0.106606,0.138819,0.64513,0.262345,0.036554,Bellevue_150th_Eastgate
2226,within,0.575785,0.116048,0.141447,0.549375,0.215362,0.060094,Bellevue_150th_Eastgate
2227,within,0.675091,0.079892,0.084582,0.584381,0.264278,0.048121,Bellevue_150th_Eastgate
2228,within,0.660271,0.09568,0.096167,0.552942,0.220567,0.063681,Bellevue_150th_Eastgate
2229,within,0.667187,0.062528,0.079179,0.535257,0.149599,0.059111,Bellevue_150th_Eastgate
2230,within,0.647913,0.121333,0.117045,0.356146,0.135692,0.052346,Bellevue_150th_Eastgate
2231,within,0.622193,0.133075,0.136866,0.397314,0.157528,0.064035,Bellevue_150th_Eastgate
2232,within,0.614466,0.149096,0.133584,0.5376,0.170247,0.131776,Bellevue_150th_Eastgate
2233,within,0.623326,0.169199,0.125763,0.599289,0.156243,0.0939,Bellevue_150th_Eastgate
2234,within,0.596945,0.163314,0.133357,0.50169,0.09293,0.079639,Bellevue_150th_Eastgate
2235,within,0.561908,0.153313,0.115374,0.547771,0.130602,0.021018,Bellevue_150th_Eastgate
2236,within,0.673279,0.13919,0.120166,0.776048,0.177359,0.040679,Bellevue_150th_Eastgate
2237,within,0.585651,0.094038,0.134244,0.575689,0.183922,0.057071,Bellevue_150th_Eastgate
2238,within,0.612174,0.113731,0.14308,0.531479,0.209897,0.076522,Bellevue_150th_Eastgate
2239,within,0.612942,0.127857,0.153783,0.601481,0.235492,0.135926,Bellevue_150th_Eastgate
2240,within,0.600792,0.159545,0.129518,0.748475,0.357901,0.075491,Bellevue_150th_Eastgate
2241,within,0.567324,0.130218,0.142057,0.57867,0.29618,0.071534,Bellevue_150th_Eastgate
2242,within,0.629931,0.163818,0.139505,0.570746,0.313958,0.067171,Bellevue_150th_Eastgate
2243,within,0.633363,0.174264,0.129505,0.576323,0.239083,0.067423,Bellevue_150th_Eastgate
2244,within,0.648878,0.146299,0.15918,0.61796,0.329843,0.040565,Bellevue_150th_Eastgate
2245,within,0.61737,0.147064,0.152734,0.603501,0.294701,0.039479,Bellevue_150th_Eastgate
2246,within,0.637432,0.125891,0.143249,0.705117,0.229387,0.10086,Bellevue_150th_Eastgate
2247,within,0.624017,0.105428,0.13202,0.737378,0.259072,0.113152,Bellevue_150th_Eastgate
2248,within,0.646671,0.075618,0.091403,0.653191,0.207763,0.058461,Bellevue_150th_Eastgate
2249,within,0.540746,0.127652,0.138099,0.544989,0.2269,0.076899,Bellevue_150th_Eastgate
2250,within,0.576669,0.120556,0.14343,0.535366,0.186017,0.054039,Bellevue_150th_Eastgate
2251,within,0.642716,0.179906,0.140974,0.627358,0.191155,0.057924,Bellevue_150th_Eastgate
2252,within,0.596762,0.129036,0.143647,0.430235,0.193766,0.029061,Bellevue_150th_Eastgate
2253,within,0.622465,0.163986,0.136523,0.590737,0.246772,0.050915,Bellevue_150th_Eastgate
2254,within,0.592814,0.117792,0.148901,0.617998,0.321142,0.0,Bellevue_150th_Eastgate
2255,within,0.538456,0.119276,0.13192,0.49625,0.278315,0.019967,Bellevue_150th_Eastgate
2256,within,0.591305,0.142647,0.14033,0.505918,0.235836,0.035658,Bellevue_150th_Eastgate
2257,within,0.592151,0.125879,0.129232,0.527132,0.22783,0.050592,Bellevue_150th_Eastgate
2258,within,0.616798,0.11051,0.127485,0.583605,0.271433,0.031494,Bellevue_150th_Eastgate
2259,within,0.597022,0.131535,0.149028,0.65783,0.194905,0.136044,Bellevue_150th_Eastgate
2260,within,0.637364,0.094266,0.114826,0.505905,0.160588,0.051783,Bellevue_150th_Eastgate
2261,within,0.667392,0.114152,0.103145,0.60988,0.196745,0.056502,Bellevue_150th_Eastgate
2262,within,0.585363,0.153233,0.126251,0.656222,0.176234,0.0547,Bellevue_150th_Eastgate
2263,within,0.517469,0.094387,0.115811,0.580239,0.208806,0.069096,Bellevue_150th_Eastgate
2264,within,0.668347,0.085024,0.082387,0.57993,0.179972,0.031907,Bellevue_150th_Eastgate
2265,within,0.600166,0.141023,0.146425,0.549032,0.229291,0.02227,Bellevue_150th_Eastgate
2266,within,0.611321,0.161818,0.139455,0.573464,0.159988,0.038295,Bellevue_150th_Eastgate
2267,within,0.586854,0.13633,0.153158,0.537395,0.207703,0.035069,Bellevue_150th_Eastgate
2268,within,0.668069,0.151516,0.121028,0.500766,0.176444,0.046635,Bellevue_150th_Eastgate
2269,within,0.60923,0.150905,0.137526,0.522814,0.16335,0.100376,Bellevue_150th_Eastgate
2270,within,0.609025,0.157896,0.122445,0.593179,0.091683,0.177435,Bellevue_150th_Eastgate
2271,within,0.665049,0.059581,0.074456,0.593793,0.109486,0.123522,Bellevue_150th_Eastgate
2272,within,0.600536,0.080088,0.103284,0.681508,0.178514,0.12208,Bellevue_150th_Eastgate
2273,within,0.677471,0.054127,0.081164,0.66599,0.175987,0.053831,Bellevue_150th_Eastgate
2274,within,0.585277,0.109164,0.126764,0.63088,0.168765,0.050465,Bellevue_150th_Eastgate
2275,within,0.659128,0.180605,0.134138,0.593473,0.13669,0.027145,Bellevue_150th_Eastgate
2276,within,0.711589,0.204526,0.132197,0.615323,0.198526,0.090025,Bellevue_150th_Eastgate
2277,within,0.622787,0.165791,0.138779,0.522712,0.190395,0.067639,Bellevue_150th_Eastgate
2278,within,0.65321,0.109427,0.109119,0.550277,0.192276,0.10267,Bellevue_150th_Eastgate
2279,within,0.586614,0.148837,0.122327,0.663129,0.214785,0.14695,Bellevue_150th_Eastgate
2280,within,0.655309,0.08315,0.093839,0.701212,0.182673,0.152864,Bellevue_150th_Eastgate
2281,within,0.551782,0.137118,0.127587,0.61576,0.168622,0.135822,Bellevue_150th_Eastgate
2282,within,0.579595,0.13011,0.134169,0.534548,0.120958,0.081443,Bellevue_150th_Eastgate
2283,within,0.631551,0.175604,0.13127,0.599189,0.140655,0.031847,Bellevue_150th_Eastgate
2284,within,0.633251,0.137512,0.138626,0.703483,0.195956,0.077496,Bellevue_150th_Eastgate
2285,within,0.593218,0.138664,0.153962,0.571459,0.261792,0.050296,Bellevue_150th_Eastgate
2286,within,0.635345,0.111445,0.135486,0.56656,0.239868,0.0813,Bellevue_150th_Eastgate
2287,within,0.667504,0.116453,0.108309,0.608999,0.237894,0.138593,Bellevue_150th_Eastgate
2288,within,0.625378,0.150953,0.120469,0.653325,0.219475,0.09603,Bellevue_150th_Eastgate
2289,within,0.674474,0.080274,0.075069,0.664558,0.187839,0.077896,Bellevue_150th_Eastgate
2290,within,0.675321,0.099087,0.083705,0.517067,0.182406,0.032332,Bellevue_150th_Eastgate
2291,within,0.705223,0.154178,0.090376,0.74888,0.198441,0.104095,Bellevue_150th_Eastgate
2292,within,0.677681,0.067364,0.077045,0.585429,0.14335,0.064365,Bellevue_150th_Eastgate
2293,within,0.665472,0.099206,0.093294,0.475787,0.121935,0.080593,Bellevue_150th_Eastgate
2294,within,0.699841,0.148484,0.084677,0.518729,0.178357,0.048123,Bellevue_150th_Eastgate
2295,within,0.632351,0.122679,0.137342,0.623168,0.190189,0.104995,Bellevue_150th_Eastgate
2296,within,0.634334,0.106495,0.131646,0.666893,0.180407,0.110985,Bellevue_150th_Eastgate
2297,within,0.668393,0.076239,0.080608,0.696671,0.183953,0.11208,Bellevue_150th_Eastgate
2298,within,0.635946,0.102283,0.121399,0.672619,0.149995,0.135538,Bellevue_150th_Eastgate
2299,within,0.675654,0.076885,0.079151,0.495785,0.168985,0.028481,Bellevue_150th_Eastgate
2300,within,0.69022,0.17629,0.119111,0.602835,0.139196,0.02246,Bellevue_150th_Eastgate
2301,within,0.596318,0.129569,0.152226,0.647762,0.165507,0.04732,Bellevue_150th_Eastgate
2302,within,0.620207,0.127184,0.13958,0.514094,0.142207,0.031469,Bellevue_150th_Eastgate
2303,within,0.687207,0.122458,0.089098,0.59745,0.168841,0.026788,Bellevue_150th_Eastgate
2304,within,0.621176,0.137715,0.13954,0.675822,0.20889,0.031859,Bellevue_150th_Eastgate
2305,within,0.611843,0.115057,0.141881,0.767556,0.253081,0.04446,Bellevue_150th_Eastgate
2306,within,0.676856,0.07773,0.074719,0.791762,0.202835,0.113501,Bellevue_150th_Eastgate
2307,within,0.665689,0.079579,0.082414,0.798474,0.173275,0.085565,Bellevue_150th_Eastgate
2308,within,0.677098,0.088472,0.083363,0.578421,0.119572,0.047309,Bellevue_150th_Eastgate
2309,within,0.70256,0.146696,0.084784,0.642454,0.134709,0.030667,Bellevue_150th_Eastgate
2310,within,0.669254,0.083438,0.09091,0.456607,0.140728,0.057405,Bellevue_150th_Eastgate
2311,within,0.648291,0.138503,0.136387,0.570095,0.205531,0.064114,Bellevue_150th_Eastgate
2312,within,0.661247,0.087228,0.10346,0.525453,0.159359,0.093492,Bellevue_150th_Eastgate
2313,within,0.675385,0.08637,0.079466,0.541831,0.14829,0.102977,Bellevue_150th_Eastgate
2314,within,0.603284,0.117484,0.131785,0.660736,0.214211,0.07026,Bellevue_150th_Eastgate
2315,within,0.673282,0.08706,0.08402,0.61463,0.223398,0.034372,Bellevue_150th_Eastgate
2316,within,0.609985,0.119069,0.137352,0.56376,0.180603,0.017539,Bellevue_150th_Eastgate
2317,within,0.666362,0.152875,0.124982,0.745901,0.192246,0.074991,Bellevue_150th_Eastgate
2318,within,0.675369,0.095071,0.10012,0.671911,0.132816,0.093407,Bellevue_150th_Eastgate
2319,within,0.645251,0.127166,0.120536,0.553946,0.130759,0.082783,Bellevue_150th_Eastgate
2320,within,0.661464,0.111255,0.113432,0.586861,0.193248,0.037709,Bellevue_150th_Eastgate
2321,within,0.680939,0.073005,0.080839,0.603408,0.126042,0.073342,Bellevue_150th_Eastgate
2322,within,0.669624,0.07138,0.082467,0.517248,0.122483,0.053523,Bellevue_150th_Eastgate
2323,within,0.599133,0.114162,0.137447,0.510154,0.117501,0.049379,Bellevue_150th_Eastgate
2324,within,0.676934,0.061087,0.079188,0.521219,0.191807,0.0367,Bellevue_150th_Eastgate
2325,within,0.678141,0.08853,0.084199,0.591709,0.199019,0.019883,Bellevue_150th_Eastgate
2326,within,0.683548,0.114671,0.090084,0.566907,0.171853,0.026761,Bellevue_150th_Eastgate
2327,within,0.700638,0.105402,0.077374,0.682224,0.209145,0.082625,Bellevue_150th_Eastgate
2328,within,0.678429,0.093001,0.081625,0.521936,0.183046,0.010553,Bellevue_150th_Eastgate
2329,within,0.666217,0.123655,0.105831,0.60399,0.187449,0.049318,Bellevue_150th_Eastgate
2330,within,0.56299,0.141664,0.111305,0.598626,0.176641,0.061003,Bellevue_150th_Eastgate
2331,within,0.683326,0.072792,0.076323,0.586237,0.211559,0.042452,Bellevue_150th_Eastgate
2332,within,0.671583,0.057032,0.074771,0.660951,0.288852,0.030454,Bellevue_150th_Eastgate
2333,within,0.667769,0.05929,0.077635,0.657177,0.27701,0.091137,Bellevue_150th_Eastgate
2334,within,0.576632,0.109847,0.136058,0.549127,0.258633,0.051573,Bellevue_150th_Eastgate
2335,within,0.613357,0.116502,0.127296,0.507244,0.165603,0.052892,Bellevue_150th_Eastgate
2336,within,0.65782,0.136232,0.120765,0.546055,0.170257,0.027492,Bellevue_150th_Eastgate
2337,within,0.688887,0.115674,0.095352,0.724729,0.291953,0.100115,Bellevue_150th_Eastgate
2338,within,0.678711,0.074019,0.074258,0.675177,0.293796,0.047708,Bellevue_150th_Eastgate
2339,within,0.686204,0.079214,0.069028,0.523145,0.2192,0.059733,Bellevue_150th_Eastgate
2340,within,0.68515,0.154831,0.137094,0.481545,0.213901,0.053512,Bellevue_150th_Eastgate
2341,within,0.689186,0.162711,0.120029,0.47572,0.202709,0.036704,Bellevue_150th_Eastgate
2342,within,0.639172,0.128041,0.141116,0.513092,0.2314,0.043851,Bellevue_150th_Eastgate
2343,within,0.63958,0.109744,0.12351,0.543412,0.178717,0.073182,Bellevue_150th_Eastgate
2344,within,0.673106,0.088803,0.075311,0.644749,0.179636,0.200199,Bellevue_150th_Eastgate
2345,within,0.678477,0.088661,0.076754,0.51979,0.12434,0.109947,Bellevue_150th_Eastgate
2346,within,0.708325,0.182104,0.102211,0.614232,0.108213,0.165098,Bellevue_150th_Eastgate
2347,within,0.688049,0.090599,0.08807,0.601145,0.168303,0.138891,Bellevue_150th_Eastgate
2348,within,0.687764,0.083726,0.076345,0.634906,0.180636,0.137149,Bellevue_150th_Eastgate
2349,within,0.662453,0.108913,0.107407,0.675459,0.157487,0.1159,Bellevue_150th_Eastgate
2350,within,0.654557,0.109747,0.116086,0.635641,0.16196,0.102379,Bellevue_150th_Eastgate
2351,within,0.673629,0.084941,0.080514,0.62279,0.147792,0.135144,Bellevue_150th_Eastgate
2352,within,0.635627,0.13628,0.140023,0.634229,0.20865,0.115309,Bellevue_150th_Eastgate
2353,within,0.645538,0.138741,0.13746,0.705719,0.178006,0.075269,Bellevue_150th_Eastgate
2354,within,0.655036,0.142079,0.140256,0.659464,0.151419,0.044174,Bellevue_150th_Eastgate
2355,within,0.676135,0.166939,0.111006,0.635699,0.209199,0.066889,Bellevue_150th_Eastgate
2356,within,0.671409,0.116471,0.0983,0.485554,0.191541,0.068441,Bellevue_150th_Eastgate
2357,within,0.701936,0.110164,0.069569,0.58736,0.231426,0.084624,Bellevue_150th_Eastgate
2358,within,0.682347,0.07642,0.075417,0.565707,0.241941,0.106764,Bellevue_150th_Eastgate
2359,within,0.681548,0.086857,0.077999,0.57631,0.211462,0.051889,Bellevue_150th_Eastgate
2360,within,0.682597,0.089763,0.073966,0.623286,0.176567,0.042202,Bellevue_150th_Eastgate
2361,within,0.664576,0.103632,0.09527,0.707898,0.17744,0.088443,Bellevue_150th_Eastgate
2362,within,0.671462,0.10712,0.094034,0.56794,0.130025,0.03472,Bellevue_150th_Eastgate
2363,within,0.716529,0.183927,0.100864,0.748758,0.189195,0.047329,Bellevue_150th_Eastgate
2364,within,0.688649,0.071366,0.074971,0.571233,0.174407,0.032456,Bellevue_150th_Eastgate
2365,within,0.697744,0.162189,0.121382,0.554679,0.150827,0.104699,Bellevue_150th_Eastgate
2366,within,0.699529,0.108644,0.085106,0.608303,0.160079,0.082919,Bellevue_150th_Eastgate
2367,within,0.547544,0.133334,0.118815,0.597861,0.089182,0.175544,Bellevue_150th_Eastgate
2368,within,0.616985,0.156094,0.113969,0.650426,0.164166,0.100329,Bellevue_150th_Eastgate
2369,within,0.614772,0.148835,0.130565,0.583766,0.182608,0.074128,Bellevue_150th_Eastgate
2370,within,0.635155,0.155529,0.14254,0.568456,0.148209,0.014024,Bellevue_150th_Eastgate
2371,within,0.707971,0.161519,0.092387,0.726139,0.276424,0.03351,Bellevue_150th_Eastgate
2372,within,0.686185,0.078246,0.075571,0.587006,0.202567,0.038194,Bellevue_150th_Eastgate
2373,within,0.689795,0.085571,0.074485,0.513999,0.185857,0.060644,Bellevue_150th_Eastgate
2374,within,0.641578,0.179011,0.142511,0.475264,0.176037,0.062151,Bellevue_150th_Eastgate
2375,within,0.642067,0.113353,0.125739,0.623238,0.246135,0.108509,Bellevue_150th_Eastgate
2376,within,0.610554,0.110999,0.144686,0.574877,0.275027,0.083698,Bellevue_150th_Eastgate
2377,within,0.659322,0.098332,0.105373,0.54702,0.17375,0.082897,Bellevue_150th_Eastgate
2378,within,0.694297,0.146188,0.116012,0.787622,0.360038,0.093455,Bellevue_150th_Eastgate
2379,within,0.703019,0.060923,0.070545,0.564126,0.159597,0.0741,Bellevue_150th_Eastgate
2380,within,0.679275,0.086545,0.083602,0.582976,0.17729,0.032346,Bellevue_150th_Eastgate
2381,within,0.631487,0.130349,0.142092,0.585114,0.250327,0.052528,Bellevue_150th_Eastgate
2382,within,0.641208,0.145239,0.140476,0.594843,0.275398,0.08156,Bellevue_150th_Eastgate
2383,within,0.650383,0.152728,0.118071,0.612724,0.302035,0.058745,Bellevue_150th_Eastgate
2384,within,0.677374,0.10096,0.084609,0.652133,0.250483,0.103771,Bellevue_150th_Eastgate
2385,within,0.667385,0.108871,0.107935,0.646113,0.180111,0.094661,Bellevue_150th_Eastgate
2386,within,0.694341,0.143058,0.095137,0.622882,0.123941,0.164788,Bellevue_150th_Eastgate
2387,within,0.687046,0.099522,0.095846,0.559093,0.163295,0.097749,Bellevue_150th_Eastgate
2388,within,0.679592,0.101656,0.091378,0.530318,0.160629,0.12865,Bellevue_150th_Eastgate
2389,within,0.694468,0.123985,0.097335,0.593165,0.168385,0.136126,Bellevue_150th_Eastgate
2390,within,0.678034,0.090788,0.083757,0.599582,0.148056,0.117554,Bellevue_150th_Eastgate
2391,within,0.669715,0.083528,0.084084,0.778493,0.276511,0.119021,Bellevue_150th_Eastgate
2392,within,0.666419,0.085748,0.086285,0.666957,0.306091,0.019446,Bellevue_150th_Eastgate
2393,within,0.677214,0.090268,0.08018,0.585811,0.206901,0.006073,Bellevue_150th_Eastgate
2394,within,0.662581,0.1715,0.127167,0.548537,0.130682,0.037039,Bellevue_150th_Eastgate
2395,within,0.689013,0.085571,0.08309,0.558915,0.104308,0.061909,Bellevue_150th_Eastgate
2396,within,0.691343,0.083679,0.076544,0.491284,0.08678,0.082324,Bellevue_150th_Eastgate
2397,within,0.68194,0.096584,0.082353,0.50455,0.116868,0.047903,Bellevue_150th_Eastgate
2398,within,0.639819,0.166956,0.15035,0.461678,0.157782,0.012814,Bellevue_150th_Eastgate
2399,within,0.641495,0.120939,0.130395,0.454976,0.130996,0.029225,Bellevue_150th_Eastgate
2400,within,0.682955,0.092447,0.085845,0.606929,0.247075,0.052169,Bellevue_150th_Eastgate
2401,within,0.630035,0.116481,0.129881,0.605541,0.222607,0.097761,Bellevue_150th_Eastgate
2402,within,0.683275,0.091109,0.07989,0.594229,0.226398,0.034057,Bellevue_150th_Eastgate
2403,within,0.678424,0.092937,0.092821,0.583423,0.224679,0.071697,Bellevue_150th_Eastgate
2404,within,0.695935,0.106786,0.080424,0.513411,0.159999,0.102963,Bellevue_150th_Eastgate
2405,within,0.691942,0.113093,0.092709,0.514969,0.184251,0.097459,Bellevue_150th_Eastgate
2406,within,0.660337,0.176426,0.150502,0.573251,0.230381,0.079073,Bellevue_150th_Eastgate
2407,within,0.649155,0.10959,0.117306,0.727492,0.238524,0.141027,Bellevue_150th_Eastgate
2408,within,0.698716,0.09295,0.091889,0.702066,0.258805,0.062454,Bellevue_150th_Eastgate
2409,within,0.688858,0.082579,0.075704,0.548805,0.128185,0.07469,Bellevue_150th_Eastgate
2410,within,0.713548,0.175956,0.087165,0.648601,0.19403,0.083237,Bellevue_150th_Eastgate
2411,within,0.693535,0.085922,0.074932,0.548449,0.16534,0.048469,Bellevue_150th_Eastgate
2412,within,0.658105,0.119813,0.114288,0.591762,0.189341,0.052263,Bellevue_150th_Eastgate
2413,within,0.688165,0.084144,0.07086,0.679548,0.226013,0.093117,Bellevue_150th_Eastgate
2414,within,0.701606,0.088641,0.072968,0.642816,0.194344,0.100821,Bellevue_150th_Eastgate
2415,within,0.688919,0.084019,0.067859,0.654414,0.18889,0.137749,Bellevue_150th_Eastgate
2416,within,0.688987,0.074402,0.070579,0.619857,0.19654,0.074631,Bellevue_150th_Eastgate
2417,within,0.68327,0.091363,0.078502,0.558505,0.147679,0.030909,Bellevue_150th_Eastgate
2418,within,0.731608,0.172788,0.097483,0.635916,0.173976,0.081767,Bellevue_150th_Eastgate
2419,within,0.679397,0.101674,0.091982,0.561979,0.146385,0.085923,Bellevue_150th_Eastgate
2420,within,0.707281,0.131699,0.070688,0.621078,0.182638,0.064357,Bellevue_150th_Eastgate
2421,within,0.697601,0.076847,0.072606,0.652424,0.191055,0.075182,Bellevue_150th_Eastgate
2422,within,0.693796,0.077499,0.073946,0.659813,0.214149,0.063741,Bellevue_150th_Eastgate
2423,within,0.69763,0.10901,0.075289,0.663047,0.29329,0.047267,Bellevue_150th_Eastgate
2424,within,0.687566,0.151412,0.089788,0.644781,0.262139,0.042642,Bellevue_150th_Eastgate
2425,within,0.694509,0.174519,0.110512,0.697523,0.18474,0.088397,Bellevue_150th_Eastgate
2426,within,0.704889,0.100869,0.095643,0.576112,0.209256,0.027723,Bellevue_150th_Eastgate
2427,within,0.680784,0.108411,0.090765,0.59453,0.16963,0.054848,Bellevue_150th_Eastgate
2428,within,0.707244,0.128935,0.076824,0.636686,0.148913,0.076989,Bellevue_150th_Eastgate
2429,within,0.676296,0.093544,0.081752,0.638076,0.186432,0.030913,Bellevue_150th_Eastgate
2430,within,0.683706,0.084062,0.074232,0.661471,0.179624,0.030311,Bellevue_150th_Eastgate
2431,within,0.66882,0.096729,0.085093,0.650071,0.198427,0.034963,Bellevue_150th_Eastgate
2432,within,0.650061,0.122351,0.117828,0.673497,0.161063,0.023035,Bellevue_150th_Eastgate
2433,within,0.698986,0.152314,0.080656,0.754239,0.14398,0.058326,Bellevue_150th_Eastgate
2434,within,0.631492,0.137484,0.136486,0.671339,0.196363,0.045717,Bellevue_150th_Eastgate
2435,within,0.651414,0.136371,0.120779,0.527556,0.156416,0.03868,Bellevue_150th_Eastgate
2436,within,0.693853,0.146037,0.065156,0.661754,0.208922,0.059926,Bellevue_150th_Eastgate
2437,within,0.678047,0.09701,0.085776,0.666575,0.267272,0.08514,Bellevue_150th_Eastgate
2438,within,0.687889,0.086443,0.070579,0.68454,0.202154,0.1,Bellevue_150th_Eastgate
2439,within,0.673359,0.092676,0.08282,0.591349,0.19792,0.070994,Bellevue_150th_Eastgate
2440,within,0.68595,0.102377,0.078194,0.551115,0.119621,0.078225,Bellevue_150th_Eastgate
2441,within,0.709022,0.179987,0.090273,0.725579,0.160873,0.147978,Bellevue_150th_Eastgate
2442,within,0.69819,0.077647,0.070686,0.616059,0.13573,0.119103,Bellevue_150th_Eastgate
2443,within,0.694775,0.085456,0.069822,0.688167,0.148361,0.090356,Bellevue_150th_Eastgate
2444,within,0.628138,0.149303,0.151147,0.723667,0.233911,0.059303,Bellevue_150th_Eastgate
2445,within,0.703328,0.110451,0.085436,0.770075,0.284962,0.071758,Bellevue_150th_Eastgate
2446,within,0.701294,0.083394,0.077912,0.680683,0.253703,0.066072,Bellevue_150th_Eastgate
2447,within,0.69806,0.093367,0.06914,0.615066,0.193689,0.096502,Bellevue_150th_Eastgate
2448,within,0.691287,0.124128,0.074208,0.627765,0.11584,0.106595,Bellevue_150th_Eastgate
2449,within,0.68849,0.115926,0.0954,0.656358,0.179821,0.043337,Bellevue_150th_Eastgate
2450,within,0.687365,0.083738,0.07229,0.56431,0.124762,0.023432,Bellevue_150th_Eastgate
2451,within,0.70474,0.112654,0.055837,0.595756,0.131517,0.014457,Bellevue_150th_Eastgate
2452,within,0.691404,0.089607,0.073444,0.579573,0.155795,0.013843,Bellevue_150th_Eastgate
2453,within,0.689034,0.086737,0.068476,0.592623,0.206645,0.002904,Bellevue_150th_Eastgate
2454,within,0.689616,0.082753,0.072304,0.614457,0.243365,0.013773,Bellevue_150th_Eastgate
2455,within,0.698483,0.106238,0.07495,0.607262,0.239487,0.03815,Bellevue_150th_Eastgate
2456,within,0.684903,0.096776,0.079588,0.612047,0.145893,0.055408,Bellevue_150th_Eastgate
2457,within,0.718364,0.18029,0.085155,0.790518,0.18463,0.167973,Bellevue_150th_Eastgate
2458,within,0.699024,0.081212,0.077827,0.712236,0.191941,0.122523,Bellevue_150th_Eastgate
2459,within,0.672543,0.12222,0.11876,0.660021,0.185928,0.103575,Bellevue_150th_Eastgate
2460,within,0.698943,0.077739,0.072751,0.678151,0.185115,0.146339,Bellevue_150th_Eastgate
2461,within,0.695003,0.083181,0.070099,0.60408,0.170936,0.143558,Bellevue_150th_Eastgate
2462,within,0.688692,0.092588,0.075734,0.518868,0.168892,0.059226,Bellevue_150th_Eastgate
2463,within,0.694644,0.133644,0.058056,0.560374,0.174411,0.059831,Bellevue_150th_Eastgate
2464,within,0.660321,0.171226,0.117218,0.603679,0.270369,0.046809,Bellevue_150th_Eastgate
2465,within,0.691278,0.090215,0.071477,0.540561,0.186275,0.031198,Bellevue_150th_Eastgate
2466,within,0.711251,0.176743,0.084111,0.788492,0.249412,0.065239,Bellevue_150th_Eastgate
2467,within,0.705809,0.082194,0.072389,0.641048,0.129161,0.112195,Bellevue_150th_Eastgate
2468,within,0.704477,0.111808,0.077418,0.742138,0.224426,0.10272,Bellevue_150th_Eastgate
2469,within,0.697055,0.095012,0.07274,0.656059,0.205084,0.062584,Bellevue_150th_Eastgate
2470,within,0.704025,0.10202,0.064851,0.65793,0.193707,0.06758,Bellevue_150th_Eastgate
2471,within,0.702147,0.089659,0.069384,0.680351,0.194876,0.048778,Bellevue_150th_Eastgate
2472,within,0.709799,0.098505,0.073424,0.637085,0.140673,0.071062,Bellevue_150th_Eastgate
2473,within,0.708295,0.087548,0.067625,0.637049,0.154366,0.042356,Bellevue_150th_Eastgate
2474,within,0.701715,0.098551,0.064246,0.633025,0.199022,0.024374,Bellevue_150th_Eastgate
2475,within,0.717211,0.171038,0.083709,0.640334,0.198673,0.065022,Bellevue_150th_Eastgate
2476,within,0.688636,0.111161,0.078471,0.5601,0.195071,0.054899,Bellevue_150th_Eastgate
2477,within,0.706235,0.112863,0.059798,0.588078,0.249439,0.092835,Bellevue_150th_Eastgate
2478,within,0.684073,0.096996,0.070133,0.646763,0.294119,0.106017,Bellevue_150th_Eastgate
2479,within,0.67629,0.109456,0.081504,0.674914,0.226371,0.101624,Bellevue_150th_Eastgate
2480,within,0.680712,0.092001,0.069122,0.650781,0.223964,0.045576,Bellevue_150th_Eastgate
2481,within,0.68206,0.09303,0.071397,0.564891,0.204337,0.017255,Bellevue_150th_Eastgate
2482,within,0.692723,0.117832,0.065148,0.543975,0.155901,0.020597,Bellevue_150th_Eastgate
2483,within,0.708593,0.187637,0.103761,0.673142,0.191203,0.035327,Bellevue_150th_Eastgate
2484,within,0.685495,0.092029,0.082296,0.571363,0.146205,0.041481,Bellevue_150th_Eastgate
2485,within,0.713221,0.172598,0.096845,0.692175,0.237491,0.024937,Bellevue_150th_Eastgate
2486,within,0.690067,0.083388,0.070531,0.666615,0.219795,0.033432,Bellevue_150th_Eastgate
2487,within,0.708458,0.08819,0.073212,0.718709,0.238538,0.010209,Bellevue_150th_Eastgate
2488,within,0.705196,0.086772,0.068114,0.73831,0.243915,0.012094,Bellevue_150th_Eastgate
2489,within,0.692098,0.081193,0.068455,0.661133,0.157429,0.044256,Bellevue_150th_Eastgate
2490,within,0.698821,0.083193,0.071559,0.566174,0.133793,0.03021,Bellevue_150th_Eastgate
2491,within,0.693125,0.10112,0.073582,0.658032,0.130473,0.065938,Bellevue_150th_Eastgate
2492,within,0.698795,0.088126,0.080674,0.524954,0.116233,0.085307,Bellevue_150th_Eastgate
2493,within,0.716315,0.185467,0.09033,0.708877,0.174568,0.141991,Bellevue_150th_Eastgate
2494,within,0.68384,0.090869,0.077901,0.584761,0.180752,0.074317,Bellevue_150th_Eastgate
2495,within,0.689917,0.096483,0.0809,0.612893,0.231763,0.057153,Bellevue_150th_Eastgate
2496,within,0.693828,0.087511,0.068984,0.690817,0.248841,0.10637,Bellevue_150th_Eastgate
2497,within,0.698301,0.080628,0.072147,0.713228,0.254231,0.07829,Bellevue_150th_Eastgate
2498,within,0.702828,0.090205,0.067124,0.713328,0.28544,0.045834,Bellevue_150th_Eastgate
2499,within,0.695327,0.079711,0.069414,0.6334,0.271796,0.027411,Bellevue_150th_Eastgate
2500,within,0.689674,0.095853,0.071284,0.638644,0.264864,0.021929,Bellevue_150th_Eastgate
2501,within,0.682939,0.09536,0.072063,0.52937,0.076274,0.023285,Bellevue_150th_Eastgate
2502,within,0.70948,0.17599,0.08322,0.650303,0.162435,0.055558,Bellevue_150th_Eastgate
2503,within,0.710695,0.086645,0.073608,0.598997,0.124685,0.098399,Bellevue_150th_Eastgate
2504,within,0.699978,0.097867,0.078226,0.565826,0.164538,0.056171,Bellevue_150th_Eastgate
2505,within,0.708951,0.106436,0.065749,0.608913,0.231018,0.054933,Bellevue_150th_Eastgate
2506,within,0.69894,0.140285,0.060129,0.661727,0.244413,0.048174,Bellevue_150th_Eastgate
2507,within,0.69181,0.090015,0.064739,0.68726,0.187745,0.066804,Bellevue_150th_Eastgate
2508,within,0.704445,0.107153,0.062322,0.650563,0.184688,0.052907,Bellevue_150th_Eastgate
2509,within,0.702182,0.105078,0.062445,0.516786,0.085809,0.033433,Bellevue_150th_Eastgate
2510,within,0.72437,0.180214,0.092949,0.669886,0.074136,0.073244,Bellevue_150th_Eastgate
2511,within,0.701225,0.089159,0.078934,0.595291,0.084756,0.061594,Bellevue_150th_Eastgate
2512,within,0.701379,0.110679,0.076757,0.651756,0.083893,0.099644,Bellevue_150th_Eastgate
2513,within,0.700952,0.079606,0.071093,0.706175,0.095597,0.130527,Bellevue_150th_Eastgate
2514,within,0.690513,0.082784,0.070778,0.661376,0.153983,0.105287,Bellevue_150th_Eastgate
2515,within,0.692806,0.100494,0.079721,0.659871,0.176321,0.046391,Bellevue_150th_Eastgate
2516,within,0.691843,0.097798,0.066754,0.567253,0.144714,0.016771,Bellevue_150th_Eastgate
2517,within,0.721861,0.170853,0.079642,0.550584,0.099793,0.022198,Bellevue_150th_Eastgate
2518,within,0.714968,0.165904,0.07819,0.590804,0.107236,0.037148,Bellevue_150th_Eastgate
2519,within,0.715086,0.170555,0.089226,0.663665,0.153138,0.052295,Bellevue_150th_Eastgate
2520,within,0.692561,0.097279,0.080856,0.545388,0.133591,0.035994,Bellevue_150th_Eastgate
2521,within,0.707301,0.133995,0.072635,0.54559,0.164438,0.029548,Bellevue_150th_Eastgate
2522,within,0.69741,0.084154,0.073556,0.437321,0.131105,0.012599,Bellevue_150th_Eastgate
2523,within,0.713158,0.097178,0.066618,0.565298,0.175315,0.02097,Bellevue_150th_Eastgate
2524,within,0.695043,0.094689,0.074673,0.609714,0.163077,0.092338,Bellevue_150th_Eastgate
2525,within,0.701706,0.102199,0.072698,0.524553,0.172492,0.093469,Bellevue_150th_Eastgate
2526,within,0.712738,0.10516,0.068398,0.535193,0.11492,0.094428,Bellevue_150th_Eastgate
2527,within,0.71977,0.175758,0.08674,0.798555,0.188713,0.208037,Bellevue_150th_Eastgate
2528,within,0.706818,0.080751,0.074246,0.580455,0.157608,0.086777,Bellevue_150th_Eastgate
2529,within,0.696269,0.085801,0.074067,0.536327,0.118312,0.07417,Bellevue_150th_Eastgate
2530,within,0.696598,0.097011,0.076859,0.552369,0.152815,0.091602,Bellevue_150th_Eastgate
2531,within,0.698092,0.085203,0.073479,0.568369,0.183142,0.084309,Bellevue_150th_Eastgate
2532,within,0.69573,0.086664,0.071221,0.68876,0.208498,0.072539,Bellevue_150th_Eastgate
2533,within,0.712626,0.087021,0.071327,0.650541,0.151277,0.050117,Bellevue_150th_Eastgate
2534,within,0.701067,0.085016,0.069486,0.623003,0.169312,0.061917,Bellevue_150th_Eastgate
2535,within,0.687428,0.107014,0.07765,0.726851,0.144062,0.056498,Bellevue_150th_Eastgate
2536,within,0.726778,0.101655,0.094303,0.79782,0.140691,0.092505,Bellevue_150th_Eastgate
2537,within,0.702875,0.09302,0.077077,0.638828,0.080767,0.087955,Bellevue_150th_Eastgate
2538,within,0.706748,0.093276,0.077021,0.633014,0.153442,0.066456,Bellevue_150th_Eastgate
2539,within,0.695141,0.091673,0.080837,0.601865,0.132437,0.089824,Bellevue_150th_Eastgate
2540,within,0.704072,0.087068,0.074194,0.633308,0.1305,0.060863,Bellevue_150th_Eastgate
2541,within,0.698056,0.077658,0.073714,0.670246,0.181054,0.060825,Bellevue_150th_Eastgate
2542,within,0.693601,0.091504,0.075945,0.660613,0.143174,0.037243,Bellevue_150th_Eastgate
2543,within,0.743599,0.127405,0.086528,0.600075,0.084042,0.022367,Bellevue_150th_Eastgate
2544,within,0.719056,0.156148,0.099942,0.541375,0.046928,0.024395,Bellevue_150th_Eastgate
2545,within,0.729781,0.175034,0.091182,0.632262,0.106733,0.025792,Bellevue_150th_Eastgate
2546,within,0.668642,0.154873,0.154202,0.600271,0.109601,0.034832,Bellevue_150th_Eastgate
2547,within,0.724326,0.134325,0.116059,0.614879,0.073296,0.058007,Bellevue_150th_Eastgate
2548,within,0.70553,0.103297,0.082201,0.54493,0.115259,0.027909,Bellevue_150th_Eastgate
2549,within,0.725788,0.172551,0.096735,0.55978,0.21001,0.022422,Bellevue_150th_Eastgate
2550,within,0.713429,0.121756,0.082964,0.527857,0.173383,0.041723,Bellevue_150th_Eastgate
2551,within,0.71264,0.112383,0.081503,0.563383,0.251544,0.03673,Bellevue_150th_Eastgate
2552,within,0.698352,0.0949,0.080675,0.533479,0.184152,0.037504,Bellevue_150th_Eastgate
2553,within,0.724749,0.163292,0.091089,0.637863,0.147178,0.099741,Bellevue_150th_Eastgate
2554,within,0.715886,0.083942,0.081676,0.722438,0.19216,0.050431,Bellevue_150th_Eastgate
2555,within,0.691555,0.125514,0.095644,0.662089,0.184278,0.028911,Bellevue_150th_Eastgate
2556,within,0.727799,0.154581,0.071844,0.668589,0.188708,0.065947,Bellevue_150th_Eastgate
2557,within,0.714687,0.099986,0.070464,0.713577,0.167385,0.116987,Bellevue_150th_Eastgate
2558,within,0.724979,0.132861,0.077876,0.709054,0.224132,0.073856,Bellevue_150th_Eastgate
2559,within,0.711655,0.098438,0.067161,0.796766,0.224203,0.16782,Bellevue_150th_Eastgate
2560,within,0.703755,0.096486,0.068467,0.768554,0.305099,0.112983,Bellevue_150th_Eastgate
2561,within,0.692431,0.107589,0.075762,0.613414,0.23469,0.020611,Bellevue_150th_Eastgate
2562,within,0.719741,0.177815,0.089384,0.765302,0.260426,0.097033,Bellevue_150th_Eastgate
2563,within,0.717652,0.128964,0.103024,0.722929,0.266419,0.084686,Bellevue_150th_Eastgate
2564,within,0.72435,0.151615,0.080427,0.689277,0.276166,0.068345,Bellevue_150th_Eastgate
2565,within,0.712686,0.099159,0.07477,0.741485,0.273836,0.114681,Bellevue_150th_Eastgate
2566,within,0.724239,0.088843,0.075458,0.850865,0.268899,0.138296,Bellevue_150th_Eastgate
2567,within,0.700014,0.074955,0.074649,0.799885,0.251705,0.094754,Bellevue_150th_Eastgate
2568,within,0.70396,0.074937,0.075877,0.648722,0.257914,0.101601,Bellevue_150th_Eastgate
2569,within,0.705527,0.088198,0.076346,0.510391,0.256918,0.053081,Bellevue_150th_Eastgate
2570,within,0.688575,0.133852,0.106813,0.472518,0.166736,0.025211,Bellevue_150th_Eastgate
2571,within,0.729464,0.174172,0.086989,0.695582,0.217292,0.080675,Bellevue_150th_Eastgate
2572,within,0.695563,0.093885,0.079679,0.524132,0.149426,0.036189,Bellevue_150th_Eastgate
2573,within,0.724593,0.17904,0.099157,0.520842,0.136168,0.074158,Bellevue_150th_Eastgate
2574,within,0.738001,0.161991,0.083323,0.530679,0.160662,0.05566,Bellevue_150th_Eastgate
2575,within,0.716242,0.091365,0.072,0.526182,0.203658,0.048951,Bellevue_150th_Eastgate
2576,within,0.717521,0.097433,0.070163,0.653948,0.12461,0.102961,Bellevue_150th_Eastgate
2577,within,0.701653,0.088219,0.070503,0.590486,0.134854,0.126504,Bellevue_150th_Eastgate
2578,within,0.702378,0.096887,0.06706,0.468441,0.095663,0.057028,Bellevue_150th_Eastgate
2579,within,0.727866,0.182372,0.092917,0.690642,0.232995,0.06722,Bellevue_150th_Eastgate
2580,within,0.70443,0.091057,0.079968,0.625318,0.225313,0.028967,Bellevue_150th_Eastgate
2581,within,0.693723,0.089075,0.067728,0.422694,0.14708,0.034649,Bellevue_150th_Eastgate
2582,within,0.732648,0.147471,0.074336,0.370455,0.167327,0.043959,Bellevue_150th_Eastgate
2583,within,0.709227,0.098303,0.066406,0.42058,0.127129,0.068035,Bellevue_150th_Eastgate
2584,within,0.701645,0.089015,0.070781,0.551182,0.184726,0.067258,Bellevue_150th_Eastgate
2585,within,0.72014,0.100602,0.07207,0.51845,0.143164,0.084791,Bellevue_150th_Eastgate
2586,within,0.705966,0.097682,0.067636,0.515295,0.180293,0.063008,Bellevue_150th_Eastgate
2587,within,0.703188,0.096731,0.067633,0.592111,0.112239,0.081806,Bellevue_150th_Eastgate
2588,within,0.723536,0.174139,0.086719,0.699284,0.220211,0.065645,Bellevue_150th_Eastgate
2589,within,0.699882,0.08729,0.075453,0.714286,0.292864,0.048414,Bellevue_150th_Eastgate
2590,within,0.697809,0.11107,0.082409,0.748381,0.280837,0.063003,Bellevue_150th_Eastgate
2591,within,0.722371,0.09315,0.07416,0.735589,0.233715,0.108233,Bellevue_150th_Eastgate
2592,within,0.709741,0.08915,0.069036,0.751726,0.260904,0.059589,Bellevue_150th_Eastgate
2593,within,0.699751,0.083925,0.075766,0.743924,0.211591,0.059482,Bellevue_150th_Eastgate
2594,within,0.70445,0.084638,0.072729,0.687799,0.182977,0.084888,Bellevue_150th_Eastgate
2595,within,0.703211,0.091377,0.07027,0.646392,0.162421,0.065843,Bellevue_150th_Eastgate
2596,within,0.726223,0.17018,0.08394,0.744895,0.16245,0.067203,Bellevue_150th_Eastgate
2597,within,0.711946,0.073505,0.076189,0.755833,0.238522,0.07637,Bellevue_150th_Eastgate
2598,within,0.710886,0.07939,0.075836,0.676183,0.227441,0.029499,Bellevue_150th_Eastgate
2599,within,0.710206,0.093663,0.070033,0.560708,0.195397,0.071554,Bellevue_150th_Eastgate
2600,within,0.732464,0.180882,0.093991,0.560702,0.177204,0.109791,Bellevue_150th_Eastgate
2601,within,0.71695,0.091022,0.079752,0.63461,0.276778,0.082458,Bellevue_150th_Eastgate
2602,within,0.726677,0.135582,0.086979,0.692409,0.221987,0.129407,Bellevue_150th_Eastgate
2603,within,0.695673,0.083172,0.073365,0.650152,0.19533,0.105183,Bellevue_150th_Eastgate
2604,within,0.738239,0.104774,0.073987,0.625066,0.129665,0.109123,Bellevue_150th_Eastgate
2605,within,0.721204,0.136549,0.086478,0.608384,0.055132,0.063578,Bellevue_150th_Eastgate
2606,within,0.734366,0.1811,0.094074,0.785944,0.162364,0.038225,Bellevue_150th_Eastgate
2607,within,0.696977,0.088276,0.07632,0.710115,0.205802,0.018093,Bellevue_150th_Eastgate
2608,within,0.722574,0.096055,0.081219,0.632712,0.209897,0.021869,Bellevue_150th_Eastgate
2609,within,0.746449,0.13616,0.092664,0.612466,0.230835,0.035068,Bellevue_150th_Eastgate
2610,within,0.717457,0.0978,0.089213,0.662611,0.259828,0.047723,Bellevue_150th_Eastgate
2611,within,0.751482,0.153712,0.10279,0.66606,0.260113,0.085129,Bellevue_150th_Eastgate
2612,within,0.721606,0.096304,0.073928,0.6747,0.178888,0.143399,Bellevue_150th_Eastgate
2613,within,0.730756,0.085595,0.078017,0.587997,0.122534,0.10857,Bellevue_150th_Eastgate
2614,within,0.732248,0.151021,0.103609,0.691893,0.174724,0.155706,Bellevue_150th_Eastgate
2615,within,0.707092,0.078713,0.078354,0.582127,0.15855,0.037225,Bellevue_150th_Eastgate
2616,within,0.747678,0.147622,0.10153,0.63191,0.220525,0.029864,Bellevue_150th_Eastgate
2617,within,0.709793,0.071704,0.079079,0.507794,0.175636,0.030681,Bellevue_150th_Eastgate
2618,within,0.709124,0.107871,0.09615,0.568342,0.224006,0.0638,Bellevue_150th_Eastgate
2619,within,0.715922,0.106218,0.093093,0.602078,0.1516,0.067012,Bellevue_150th_Eastgate
2620,within,0.729674,0.088229,0.078474,0.538749,0.177519,0.047652,Bellevue_150th_Eastgate
2621,within,0.716168,0.085056,0.075688,0.501181,0.193644,0.042958,Bellevue_150th_Eastgate
2622,within,0.739045,0.141619,0.096547,0.750522,0.286805,0.062097,Bellevue_150th_Eastgate
2623,within,0.717884,0.077331,0.089077,0.685881,0.218838,0.079594,Bellevue_150th_Eastgate
2624,within,0.707378,0.093637,0.078921,0.487028,0.164964,0.04624,Bellevue_150th_Eastgate
2625,within,0.745548,0.176728,0.093152,0.535139,0.206145,0.085918,Bellevue_150th_Eastgate
2626,within,0.718321,0.090579,0.073174,0.627705,0.187817,0.1378,Bellevue_150th_Eastgate
2627,within,0.725132,0.083132,0.075812,0.697876,0.247696,0.133305,Bellevue_150th_Eastgate
2628,within,0.728937,0.091644,0.080177,0.682599,0.279387,0.105317,Bellevue_150th_Eastgate
2629,within,0.703742,0.091256,0.074545,0.607622,0.27869,0.088784,Bellevue_150th_Eastgate
2630,within,0.751409,0.146887,0.081789,0.534253,0.144837,0.096186,Bellevue_150th_Eastgate
2631,within,0.727743,0.183343,0.101725,0.572159,0.114299,0.080171,Bellevue_150th_Eastgate
2632,within,0.753296,0.189394,0.10261,0.593342,0.110734,0.081601,Bellevue_150th_Eastgate
2633,within,0.730243,0.147116,0.112367,0.466604,0.106754,0.055976,Bellevue_150th_Eastgate
2634,within,0.742357,0.17304,0.088929,0.472952,0.077331,0.080118,Bellevue_150th_Eastgate
2635,within,0.749537,0.1092,0.08386,0.508966,0.093168,0.067344,Bellevue_150th_Eastgate
2636,within,0.71278,0.088784,0.075366,0.621572,0.148818,0.042033,Bellevue_150th_Eastgate
2637,within,0.730627,0.087078,0.077308,0.64166,0.10399,0.088826,Bellevue_150th_Eastgate
2638,within,0.713666,0.086649,0.077021,0.58015,0.064673,0.127216,Bellevue_150th_Eastgate
2639,within,0.717028,0.106034,0.072686,0.590068,0.085411,0.090833,Bellevue_150th_Eastgate
2640,within,0.742091,0.174817,0.095165,0.779519,0.131746,0.18321,Bellevue_150th_Eastgate
2641,within,0.71456,0.076155,0.077895,0.605651,0.207776,0.089124,Bellevue_150th_Eastgate
2642,within,0.752379,0.153847,0.097874,0.545976,0.204925,0.089732,Bellevue_150th_Eastgate
2643,within,0.737611,0.092938,0.077194,0.549118,0.197968,0.055644,Bellevue_150th_Eastgate
2644,within,0.722244,0.100637,0.070199,0.546806,0.190177,0.071977,Bellevue_150th_Eastgate
2645,within,0.744115,0.173928,0.092728,0.668149,0.233311,0.075489,Bellevue_150th_Eastgate
2646,within,0.753265,0.173332,0.094546,0.652049,0.250285,0.057434,Bellevue_150th_Eastgate
2647,within,0.760391,0.165902,0.088549,0.636409,0.223949,0.131295,Bellevue_150th_Eastgate
2648,within,0.723296,0.118213,0.084315,0.556629,0.156365,0.094514,Bellevue_150th_Eastgate
2649,within,0.726064,0.172212,0.087571,0.664505,0.142443,0.118551,Bellevue_150th_Eastgate
2650,within,0.707124,0.088232,0.074025,0.701029,0.201004,0.087646,Bellevue_150th_Eastgate
2651,within,0.734816,0.145776,0.091086,0.603144,0.182943,0.049855,Bellevue_150th_Eastgate
2652,within,0.739532,0.164025,0.08344,0.629728,0.174208,0.045586,Bellevue_150th_Eastgate
2653,within,0.74329,0.120978,0.081607,0.597263,0.162013,0.072311,Bellevue_150th_Eastgate
2654,within,0.71213,0.096846,0.077053,0.56028,0.219785,0.063072,Bellevue_150th_Eastgate
2655,within,0.717377,0.094567,0.075679,0.531284,0.208304,0.081616,Bellevue_150th_Eastgate
2656,within,0.722743,0.095593,0.077279,0.716233,0.235006,0.061023,Bellevue_150th_Eastgate
2657,within,0.757157,0.181474,0.100676,0.78279,0.258466,0.069005,Bellevue_150th_Eastgate
2658,within,0.752237,0.193818,0.129237,0.585554,0.20692,0.044136,Bellevue_150th_Eastgate
2659,within,0.754155,0.156394,0.090284,0.617127,0.294986,0.067023,Bellevue_150th_Eastgate
2660,within,0.744285,0.144955,0.102528,0.618659,0.283237,0.08403,Bellevue_150th_Eastgate
2661,within,0.731843,0.114223,0.098261,0.609162,0.289896,0.05603,Bellevue_150th_Eastgate
2662,within,0.729764,0.083714,0.074947,0.657731,0.330845,0.087579,Bellevue_150th_Eastgate
2663,within,0.728796,0.093032,0.075837,0.55997,0.28755,0.068885,Bellevue_150th_Eastgate
2664,within,0.71941,0.100559,0.082796,0.57015,0.184252,0.085755,Bellevue_150th_Eastgate
2665,within,0.735943,0.150609,0.09554,0.550426,0.093301,0.060087,Bellevue_150th_Eastgate
2666,within,0.741673,0.178511,0.094961,0.700117,0.172124,0.0824,Bellevue_150th_Eastgate
2667,within,0.739966,0.11903,0.08399,0.699281,0.198508,0.064983,Bellevue_150th_Eastgate
2668,within,0.745792,0.109943,0.089623,0.746538,0.222069,0.077982,Bellevue_150th_Eastgate
2669,within,0.75225,0.154908,0.089499,0.738509,0.202425,0.076533,Bellevue_150th_Eastgate
2670,within,0.774611,0.154223,0.103264,0.734509,0.248139,0.095,Bellevue_150th_Eastgate
2671,within,0.726317,0.093455,0.078656,0.763029,0.200956,0.111171,Bellevue_150th_Eastgate
2672,within,0.779932,0.141684,0.10028,0.676876,0.181815,0.120984,Bellevue_150th_Eastgate
2673,within,0.765939,0.160125,0.093284,0.618524,0.158529,0.072991,Bellevue_150th_Eastgate
2674,within,0.732098,0.179874,0.092545,0.747636,0.146953,0.116162,Bellevue_150th_Eastgate
2675,within,0.721689,0.098049,0.083637,0.576516,0.196878,0.073244,Bellevue_150th_Eastgate
2676,within,0.749587,0.168955,0.089527,0.626521,0.213723,0.041515,Bellevue_150th_Eastgate
2677,within,0.742544,0.099996,0.082007,0.685167,0.254213,0.084881,Bellevue_150th_Eastgate
2678,within,0.743558,0.090901,0.076422,0.680923,0.294908,0.076829,Bellevue_150th_Eastgate
2679,within,0.733306,0.097748,0.077716,0.718057,0.263556,0.087527,Bellevue_150th_Eastgate
2680,within,0.756774,0.156719,0.091183,0.769953,0.201056,0.109787,Bellevue_150th_Eastgate
2681,within,0.737483,0.101699,0.086453,0.681217,0.129467,0.119532,Bellevue_150th_Eastgate
2682,within,0.728787,0.120599,0.087644,0.563974,0.062426,0.133586,Bellevue_150th_Eastgate
2683,within,0.769669,0.187096,0.10648,0.72563,0.23668,0.072536,Bellevue_150th_Eastgate
2684,within,0.71741,0.08648,0.078075,0.544142,0.148592,0.067229,Bellevue_150th_Eastgate
2685,within,0.746016,0.135395,0.102982,0.479744,0.215834,0.036858,Bellevue_150th_Eastgate
2686,within,0.766193,0.187784,0.101384,0.407977,0.164636,0.063399,Bellevue_150th_Eastgate
2687,within,0.772157,0.190679,0.097376,0.412329,0.153223,0.045983,Bellevue_150th_Eastgate
2688,within,0.784374,0.180214,0.103552,0.411534,0.16561,0.038172,Bellevue_150th_Eastgate
2689,within,0.755791,0.127873,0.090149,0.571965,0.310628,0.031349,Bellevue_150th_Eastgate
2690,within,0.738453,0.103478,0.078954,0.611249,0.285411,0.038672,Bellevue_150th_Eastgate
2691,within,0.734319,0.101391,0.080025,0.54787,0.150576,0.052824,Bellevue_150th_Eastgate
2692,within,0.734839,0.184349,0.095657,0.7011,0.227291,0.057426,Bellevue_150th_Eastgate
2693,within,0.802015,0.198293,0.112708,0.851093,0.339604,0.060926,Bellevue_150th_Eastgate
2694,within,0.714211,0.082949,0.088818,0.652023,0.274818,0.046017,Bellevue_150th_Eastgate
2695,within,0.763137,0.158006,0.101938,0.65528,0.233786,0.045108,Bellevue_150th_Eastgate
2696,within,0.762209,0.183372,0.09798,0.66784,0.270377,0.060499,Bellevue_150th_Eastgate
2697,within,0.72393,0.096053,0.083677,0.81902,0.380081,0.097013,Bellevue_150th_Eastgate
2698,within,0.754067,0.099576,0.081103,0.715881,0.225964,0.130342,Bellevue_150th_Eastgate
2699,within,0.737398,0.10882,0.076747,0.637486,0.130246,0.158465,Bellevue_150th_Eastgate
2700,within,0.734117,0.16121,0.094843,0.877921,0.245551,0.180601,Bellevue_150th_Eastgate
2701,within,0.744726,0.090963,0.104089,0.642008,0.179502,0.062932,Bellevue_150th_Eastgate
2702,within,0.754761,0.142595,0.107776,0.580082,0.168238,0.068287,Bellevue_150th_Eastgate
2703,within,0.759444,0.150333,0.101704,0.562013,0.152307,0.059747,Bellevue_150th_Eastgate
2704,within,0.735596,0.102298,0.083072,0.54334,0.130219,0.085101,Bellevue_150th_Eastgate
2705,within,0.777937,0.129052,0.10123,0.583062,0.192618,0.10598,Bellevue_150th_Eastgate
2706,within,0.764143,0.169257,0.105581,0.640943,0.265934,0.086197,Bellevue_150th_Eastgate
2707,within,0.759772,0.17615,0.090834,0.703805,0.259448,0.078036,Bellevue_150th_Eastgate
2708,within,0.778455,0.193768,0.097641,0.698994,0.198953,0.089632,Bellevue_150th_Eastgate
2709,within,0.743177,0.174349,0.096484,0.644844,0.160095,0.06826,Bellevue_150th_Eastgate
2710,within,0.780316,0.179574,0.096639,0.808158,0.228223,0.101578,Bellevue_150th_Eastgate
2711,within,0.734863,0.093286,0.083041,0.661637,0.206195,0.102429,Bellevue_150th_Eastgate
2712,within,0.750423,0.185441,0.102428,0.603685,0.195261,0.079371,Bellevue_150th_Eastgate
2713,within,0.757797,0.185039,0.099959,0.623565,0.270273,0.033962,Bellevue_150th_Eastgate
2714,within,0.767847,0.180979,0.095127,0.698472,0.359601,0.042511,Bellevue_150th_Eastgate
2715,within,0.769647,0.183866,0.097175,0.634124,0.221223,0.053697,Bellevue_150th_Eastgate
2716,within,0.760134,0.175202,0.092676,0.617857,0.221044,0.069792,Bellevue_150th_Eastgate
2717,within,0.783912,0.200461,0.104341,0.639516,0.196247,0.06074,Bellevue_150th_Eastgate
2718,within,0.789197,0.229708,0.111788,0.627271,0.152327,0.089955,Bellevue_150th_Eastgate
2719,within,0.774764,0.190071,0.09202,0.568023,0.110436,0.031947,Bellevue_150th_Eastgate
2720,within,0.725671,0.208548,0.131689,0.632171,0.142327,0.082995,Bellevue_150th_Eastgate
2721,within,0.796816,0.218346,0.117295,0.507518,0.188978,0.040718,Bellevue_150th_Eastgate
2722,within,0.736416,0.222758,0.145005,0.590045,0.237368,0.035311,Bellevue_150th_Eastgate
2723,within,0.741896,0.23244,0.149334,0.521123,0.222753,0.047702,Bellevue_150th_Eastgate
2724,within,0.748978,0.214994,0.120768,0.573308,0.194469,0.111734,Bellevue_150th_Eastgate
2725,within,0.748041,0.233287,0.148305,0.64601,0.265592,0.113126,Bellevue_150th_Eastgate
2726,within,0.771281,0.247695,0.148238,0.619655,0.152378,0.041993,Bellevue_150th_Eastgate
2727,within,0.753122,0.201253,0.119772,0.6305,0.092891,0.051167,Bellevue_150th_Eastgate
2728,within,0.742851,0.181285,0.099649,0.625627,0.02003,0.077754,Bellevue_150th_Eastgate
2729,within,0.779125,0.197086,0.10708,0.796119,0.166154,0.058934,Bellevue_150th_Eastgate
2730,within,0.750826,0.133543,0.108523,0.619387,0.164262,0.097712,Bellevue_150th_Eastgate
2731,within,0.744912,0.217932,0.132958,0.543823,0.165907,0.061879,Bellevue_150th_Eastgate
2732,within,0.757074,0.15911,0.088872,0.514533,0.177347,0.031357,Bellevue_150th_Eastgate
2733,within,0.745686,0.126461,0.091754,0.548008,0.193162,0.055397,Bellevue_150th_Eastgate
2734,within,0.726347,0.094026,0.075164,0.607222,0.161354,0.133821,Bellevue_150th_Eastgate
2735,within,0.722119,0.101214,0.073041,0.580147,0.152764,0.146479,Bellevue_150th_Eastgate
2736,within,0.765956,0.229274,0.121453,0.551301,0.146039,0.12254,Bellevue_150th_Eastgate
2737,within,0.735316,0.220617,0.138643,0.580413,0.12515,0.108421,Bellevue_150th_Eastgate
2738,within,0.763331,0.207368,0.119023,0.585274,0.150162,0.114924,Bellevue_150th_Eastgate
2739,within,0.761751,0.245068,0.150897,0.606195,0.177198,0.143856,Bellevue_150th_Eastgate
2740,within,0.765309,0.178516,0.089108,0.533664,0.18268,0.104295,Bellevue_150th_Eastgate
2741,within,0.769791,0.243184,0.138144,0.625995,0.212384,0.094882,Bellevue_150th_Eastgate
2742,within,0.773569,0.206429,0.108967,0.703993,0.263076,0.169247,Bellevue_150th_Eastgate
2743,within,0.798753,0.196054,0.103607,0.682452,0.2184,0.15464,Bellevue_150th_Eastgate
2744,within,0.745137,0.108812,0.079418,0.608432,0.180372,0.077942,Bellevue_150th_Eastgate
2745,within,0.755028,0.22863,0.136008,0.571153,0.100917,0.05532,Bellevue_150th_Eastgate
2746,within,0.731115,0.217867,0.143213,0.695572,0.186928,0.073927,Bellevue_150th_Eastgate
2747,within,0.786913,0.21798,0.117154,0.667781,0.250334,0.049741,Bellevue_150th_Eastgate
2748,within,0.800821,0.240385,0.125945,0.737456,0.274851,0.043752,Bellevue_150th_Eastgate
2749,within,0.749952,0.192053,0.125643,0.582105,0.236276,0.053075,Bellevue_150th_Eastgate
2750,within,0.756827,0.188097,0.096057,0.695875,0.288169,0.06616,Bellevue_150th_Eastgate
2751,within,0.76729,0.249039,0.148626,0.747002,0.23807,0.056593,Bellevue_150th_Eastgate
2752,within,0.786218,0.209504,0.102764,0.729852,0.267055,0.090717,Bellevue_150th_Eastgate
2753,within,0.768315,0.244425,0.143127,0.750693,0.229067,0.100611,Bellevue_150th_Eastgate
2754,within,0.743099,0.228067,0.146791,0.638296,0.102944,0.074824,Bellevue_150th_Eastgate
2755,within,0.733855,0.18113,0.099878,0.754288,0.15149,0.093323,Bellevue_150th_Eastgate
2756,within,0.7967,0.206114,0.110924,0.581204,0.152083,0.066987,Bellevue_150th_Eastgate
2757,within,0.740618,0.173359,0.104699,0.508151,0.139699,0.052788,Bellevue_150th_Eastgate
2758,within,0.760821,0.247424,0.151877,0.564159,0.171391,0.066426,Bellevue_150th_Eastgate
2759,within,0.788464,0.222029,0.112215,0.66685,0.233853,0.075747,Bellevue_150th_Eastgate
2760,within,0.76392,0.207409,0.109967,0.694844,0.238754,0.095571,Bellevue_150th_Eastgate
2761,within,0.767162,0.116762,0.094316,0.623959,0.231703,0.087107,Bellevue_150th_Eastgate
2762,within,0.762088,0.17665,0.093774,0.559858,0.217113,0.085854,Bellevue_150th_Eastgate
2763,within,0.736351,0.210754,0.125415,0.63793,0.185427,0.101092,Bellevue_150th_Eastgate
2764,within,0.777624,0.239366,0.140004,0.735432,0.184639,0.107705,Bellevue_150th_Eastgate
2765,within,0.752777,0.161867,0.127698,0.745077,0.200808,0.072262,Bellevue_150th_Eastgate
2766,within,0.749958,0.204878,0.113996,0.691387,0.209544,0.076833,Bellevue_150th_Eastgate
2767,within,0.753634,0.241818,0.150535,0.65966,0.184399,0.109289,Bellevue_150th_Eastgate
2768,within,0.769763,0.203713,0.100609,0.624762,0.167338,0.089985,Bellevue_150th_Eastgate
2769,within,0.749317,0.229632,0.145476,0.681248,0.151261,0.132477,Bellevue_150th_Eastgate
2770,within,0.762798,0.243126,0.145018,0.64491,0.155867,0.176599,Bellevue_150th_Eastgate
2771,within,0.781166,0.264022,0.153786,0.607946,0.121074,0.140311,Bellevue_150th_Eastgate
2772,within,0.741921,0.174768,0.106357,0.669875,0.092559,0.125793,Bellevue_150th_Eastgate
2773,within,0.75468,0.233487,0.143627,0.77093,0.223488,0.115624,Bellevue_150th_Eastgate
2774,within,0.76855,0.220705,0.121133,0.637701,0.248821,0.086354,Bellevue_150th_Eastgate
2775,within,0.75039,0.170489,0.095469,0.654295,0.23202,0.094327,Bellevue_150th_Eastgate
2776,within,0.790279,0.214003,0.111053,0.721479,0.209744,0.111538,Bellevue_150th_Eastgate
2777,within,0.76578,0.190132,0.105845,0.739063,0.232684,0.118433,Bellevue_150th_Eastgate
2778,within,0.795982,0.212908,0.108579,0.63824,0.200595,0.082548,Bellevue_150th_Eastgate
2779,within,0.768487,0.253087,0.153092,0.679967,0.164358,0.081354,Bellevue_150th_Eastgate
2780,within,0.794242,0.212256,0.104324,0.632329,0.113147,0.125712,Bellevue_150th_Eastgate
2781,within,0.741304,0.189998,0.111753,0.761463,0.183936,0.130549,Bellevue_150th_Eastgate
2782,within,0.783457,0.207877,0.115338,0.590311,0.155572,0.085338,Bellevue_150th_Eastgate
2783,within,0.775494,0.199101,0.112072,0.640556,0.170122,0.104738,Bellevue_150th_Eastgate
2784,within,0.776138,0.241431,0.139205,0.660208,0.209556,0.043111,Bellevue_150th_Eastgate
2785,within,0.780011,0.197293,0.102421,0.723783,0.243999,0.052715,Bellevue_150th_Eastgate
2786,within,0.767299,0.183046,0.097853,0.775578,0.285279,0.08908,Bellevue_150th_Eastgate
2787,within,0.797518,0.221973,0.110495,0.658515,0.179846,0.121561,Bellevue_150th_Eastgate
2788,within,0.753693,0.175743,0.095762,0.586811,0.138829,0.103451,Bellevue_150th_Eastgate
2789,within,0.737852,0.181111,0.099606,0.724051,0.197654,0.14076,Bellevue_150th_Eastgate
2790,within,0.800536,0.247158,0.13849,0.756073,0.23468,0.13571,Bellevue_150th_Eastgate
2791,within,0.776748,0.168548,0.128263,0.718394,0.176723,0.11057,Bellevue_150th_Eastgate
2792,within,0.78924,0.200371,0.109522,0.61369,0.168585,0.074071,Bellevue_150th_Eastgate
2793,within,0.775338,0.250677,0.148242,0.665161,0.160816,0.101544,Bellevue_150th_Eastgate
2794,within,0.782437,0.25635,0.138783,0.650822,0.196353,0.059801,Bellevue_150th_Eastgate
2795,within,0.757204,0.240115,0.147456,0.653604,0.215097,0.033409,Bellevue_150th_Eastgate
2796,within,0.767957,0.242513,0.142804,0.64242,0.199596,0.081758,Bellevue_150th_Eastgate
2797,within,0.782029,0.227746,0.120352,0.668642,0.111888,0.127879,Bellevue_150th_Eastgate
2798,within,0.809707,0.212753,0.117009,0.803651,0.16085,0.136388,Bellevue_150th_Eastgate
2799,within,0.777213,0.240225,0.185597,0.681184,0.184158,0.063758,Bellevue_150th_Eastgate
2800,within,0.759412,0.238465,0.142653,0.566867,0.193472,0.039252,Bellevue_150th_Eastgate
2801,within,0.763474,0.195156,0.109695,0.59622,0.147361,0.052014,Bellevue_150th_Eastgate
2802,within,0.778564,0.191006,0.100726,0.630764,0.214863,0.020513,Bellevue_150th_Eastgate
2803,within,0.779955,0.200141,0.103613,0.617548,0.155283,0.05762,Bellevue_150th_Eastgate
2804,within,0.786821,0.188278,0.102364,0.627465,0.147368,0.127271,Bellevue_150th_Eastgate
2805,within,0.756575,0.127072,0.098263,0.612495,0.143108,0.124832,Bellevue_150th_Eastgate
2806,within,0.751284,0.189036,0.109864,0.68674,0.082802,0.170627,Bellevue_150th_Eastgate
2807,within,0.788911,0.203675,0.116928,0.70313,0.08498,0.1523,Bellevue_150th_Eastgate
2808,within,0.753739,0.239886,0.159978,0.586953,0.135538,0.063683,Bellevue_150th_Eastgate
2809,within,0.763869,0.253336,0.152811,0.594212,0.162654,0.106653,Bellevue_150th_Eastgate
2810,within,0.756156,0.23737,0.149228,0.568394,0.203849,0.083906,Bellevue_150th_Eastgate
2811,within,0.771051,0.254771,0.151532,0.512414,0.125864,0.096011,Bellevue_150th_Eastgate
2812,within,0.736466,0.220264,0.144874,0.611894,0.167154,0.10332,Bellevue_150th_Eastgate
2813,within,0.773932,0.179595,0.092465,0.582759,0.180534,0.09401,Bellevue_150th_Eastgate
2814,within,0.816356,0.202862,0.106397,0.583232,0.168977,0.094166,Bellevue_150th_Eastgate
2815,within,0.757114,0.226216,0.138589,0.775188,0.210166,0.092501,Bellevue_150th_Eastgate
2816,within,0.798534,0.230206,0.133335,0.76012,0.231822,0.070165,Bellevue_150th_Eastgate
2817,within,0.771968,0.247838,0.149509,0.708466,0.242382,0.033885,Bellevue_150th_Eastgate
2818,within,0.806647,0.211693,0.117363,0.689278,0.274293,0.041815,Bellevue_150th_Eastgate
2819,within,0.767841,0.155836,0.111711,0.74463,0.194935,0.052833,Bellevue_150th_Eastgate
2820,within,0.799001,0.166661,0.103919,0.803042,0.241811,0.059218,Bellevue_150th_Eastgate
2821,within,0.785989,0.199735,0.115578,0.840881,0.268916,0.098225,Bellevue_150th_Eastgate
2822,within,0.761465,0.131636,0.104593,0.838234,0.185606,0.123385,Bellevue_150th_Eastgate
2823,within,0.785134,0.164573,0.121621,0.598861,0.090715,0.095685,Bellevue_150th_Eastgate
2824,within,0.755843,0.192413,0.111106,0.737797,0.144034,0.144764,Bellevue_150th_Eastgate
2825,within,0.773587,0.22304,0.137884,0.63927,0.160897,0.047142,Bellevue_150th_Eastgate
2826,within,0.786499,0.259396,0.156762,0.655802,0.179621,0.036935,Bellevue_150th_Eastgate
2827,within,0.826603,0.207632,0.110535,0.601246,0.154679,0.078644,Bellevue_150th_Eastgate
2828,within,0.813378,0.203673,0.115161,0.645568,0.137223,0.072865,Bellevue_150th_Eastgate
2829,within,0.808176,0.257209,0.146558,0.640471,0.116431,0.064041,Bellevue_150th_Eastgate
2830,within,0.814368,0.261078,0.146319,0.615964,0.086802,0.057141,Bellevue_150th_Eastgate
2831,within,0.76738,0.186789,0.142108,0.58937,0.161372,0.03355,Bellevue_150th_Eastgate
2832,within,0.782335,0.199262,0.108186,0.58667,0.091004,0.066997,Bellevue_150th_Eastgate
2833,within,0.747958,0.180942,0.106578,0.730441,0.152069,0.048592,Bellevue_150th_Eastgate
2834,within,0.810175,0.203807,0.111585,0.761089,0.208398,0.028676,Bellevue_150th_Eastgate
2835,within,0.736117,0.222836,0.148144,0.615873,0.214592,0.022872,Bellevue_150th_Eastgate
2836,within,0.792403,0.26604,0.156592,0.66843,0.225883,0.042644,Bellevue_150th_Eastgate
2837,within,0.782925,0.263259,0.163006,0.617504,0.205292,0.03478,Bellevue_150th_Eastgate
2838,within,0.76633,0.187601,0.104549,0.549194,0.161427,0.03267,Bellevue_150th_Eastgate
2839,within,0.804465,0.214622,0.115851,0.55146,0.150767,0.043414,Bellevue_150th_Eastgate
2840,within,0.750828,0.161574,0.121679,0.57512,0.168433,0.053066,Bellevue_150th_Eastgate
2841,within,0.748893,0.202328,0.118674,0.577422,0.111506,0.076415,Bellevue_150th_Eastgate
2842,within,0.742146,0.176886,0.101173,0.744239,0.107354,0.113417,Bellevue_150th_Eastgate
2843,within,0.782342,0.265513,0.157306,0.720749,0.196795,0.069765,Bellevue_150th_Eastgate
2844,within,0.758862,0.196838,0.112189,0.729832,0.207824,0.041561,Bellevue_150th_Eastgate
2845,within,0.78615,0.196158,0.106374,0.741576,0.238533,0.087415,Bellevue_150th_Eastgate
2846,within,0.758324,0.197339,0.110589,0.826857,0.271361,0.095691,Bellevue_150th_Eastgate
2847,within,0.768278,0.222922,0.129813,0.786863,0.279577,0.094572,Bellevue_150th_Eastgate
2848,within,0.76005,0.246205,0.148484,0.754412,0.219974,0.119344,Bellevue_150th_Eastgate
2849,within,0.784102,0.245252,0.141192,0.632856,0.199563,0.052789,Bellevue_150th_Eastgate
2850,within,0.735032,0.219328,0.143196,0.68062,0.189701,0.055423,Bellevue_150th_Eastgate
2851,within,0.769726,0.243092,0.151158,0.827961,0.283298,0.099373,Bellevue_150th_Eastgate
2852,within,0.790866,0.265544,0.16033,0.697978,0.269016,0.073902,Bellevue_150th_Eastgate
2853,within,0.791322,0.233319,0.123653,0.652984,0.247777,0.068352,Bellevue_150th_Eastgate
2854,within,0.767061,0.245553,0.149123,0.739722,0.230486,0.115123,Bellevue_150th_Eastgate
2855,within,0.780858,0.257013,0.153547,0.695432,0.201546,0.082206,Bellevue_150th_Eastgate
2856,within,0.802051,0.210211,0.109085,0.706257,0.203411,0.082649,Bellevue_150th_Eastgate
2857,within,0.762444,0.223198,0.124657,0.662372,0.218598,0.071175,Bellevue_150th_Eastgate
2858,within,0.762779,0.235548,0.147439,0.650064,0.102787,0.048523,Bellevue_150th_Eastgate
2859,within,0.729273,0.219134,0.14177,0.764262,0.094114,0.11148,Bellevue_150th_Eastgate
2860,within,0.792657,0.268886,0.162689,0.822398,0.22167,0.103897,Bellevue_150th_Eastgate
2861,within,0.747007,0.248243,0.159948,0.678776,0.187992,0.065785,Bellevue_150th_Eastgate
2862,within,0.759982,0.239922,0.152069,0.635635,0.194435,0.068707,Bellevue_150th_Eastgate
2863,within,0.759552,0.232799,0.141374,0.777415,0.347868,0.052006,Bellevue_150th_Eastgate
2864,within,0.778025,0.248717,0.152444,0.816016,0.324513,0.078087,Bellevue_150th_Eastgate
2865,within,0.804356,0.242731,0.120567,0.699523,0.262978,0.056542,Bellevue_150th_Eastgate
2866,within,0.791956,0.263677,0.155742,0.607302,0.212145,0.05817,Bellevue_150th_Eastgate
2867,within,0.749663,0.23453,0.147323,0.627285,0.17223,0.040648,Bellevue_150th_Eastgate
2868,within,0.779476,0.254491,0.156751,0.807657,0.289432,0.027443,Bellevue_150th_Eastgate
2869,within,0.802347,0.265667,0.152926,0.659492,0.241746,0.0615,Bellevue_150th_Eastgate
2870,within,0.773057,0.24898,0.149748,0.742918,0.288776,0.067316,Bellevue_150th_Eastgate
2871,within,0.793702,0.264996,0.155229,0.668185,0.210748,0.08725,Bellevue_150th_Eastgate
2872,within,0.807443,0.269385,0.158078,0.724051,0.274249,0.092782,Bellevue_150th_Eastgate
2873,within,0.780184,0.247796,0.142546,0.852584,0.289195,0.129293,Bellevue_150th_Eastgate
2874,within,0.791273,0.251896,0.138081,0.823564,0.276299,0.150471,Bellevue_150th_Eastgate
2875,within,0.82196,0.20926,0.113868,0.654116,0.185173,0.10765,Bellevue_150th_Eastgate
2876,within,0.743375,0.223384,0.140816,0.728322,0.235043,0.122218,Bellevue_150th_Eastgate
2877,within,0.811124,0.273611,0.159897,0.633991,0.230646,0.097827,Bellevue_150th_Eastgate
2878,within,0.760056,0.239873,0.150297,0.656076,0.277146,0.081313,Bellevue_150th_Eastgate
2879,within,0.80569,0.276838,0.16034,0.727718,0.287278,0.090822,Bellevue_150th_Eastgate
2880,within,0.783437,0.263539,0.157681,0.598167,0.237511,0.101823,Bellevue_150th_Eastgate
2881,within,0.78188,0.255496,0.150886,0.543516,0.183047,0.104013,Bellevue_150th_Eastgate
2882,within,0.803383,0.274681,0.155055,0.561793,0.141727,0.157763,Bellevue_150th_Eastgate
2883,within,0.812341,0.286539,0.159957,0.626554,0.160515,0.18404,Bellevue_150th_Eastgate
2884,within,0.762259,0.242589,0.150038,0.620731,0.143676,0.139255,Bellevue_150th_Eastgate
2885,within,0.756595,0.224035,0.139287,0.643756,0.155474,0.136452,Bellevue_150th_Eastgate
2886,within,0.795119,0.264024,0.155497,0.633712,0.184843,0.07471,Bellevue_150th_Eastgate
2887,within,0.783159,0.257014,0.154945,0.717876,0.287878,0.05544,Bellevue_150th_Eastgate
2888,within,0.802598,0.275059,0.160369,0.683256,0.257047,0.043456,Bellevue_150th_Eastgate
2889,within,0.793535,0.267609,0.157183,0.746899,0.274505,0.078383,Bellevue_150th_Eastgate
2890,within,0.779052,0.253863,0.152569,0.791797,0.269576,0.031135,Bellevue_150th_Eastgate
2891,within,0.804318,0.281322,0.162054,0.72269,0.22337,0.054403,Bellevue_150th_Eastgate
2892,within,0.803241,0.248,0.138643,0.559846,0.136918,0.077612,Bellevue_150th_Eastgate
2893,within,0.745328,0.224652,0.145621,0.757219,0.260556,0.079654,Bellevue_150th_Eastgate
2894,within,0.800035,0.271687,0.160749,0.72437,0.214876,0.102121,Bellevue_150th_Eastgate
2895,within,0.793604,0.270252,0.160103,0.697226,0.235282,0.106527,Bellevue_150th_Eastgate
2896,within,0.815878,0.280376,0.160207,0.676385,0.212823,0.087039,Bellevue_150th_Eastgate
2897,within,0.800856,0.277257,0.16359,0.681112,0.257103,0.061765,Bellevue_150th_Eastgate
2898,within,0.81402,0.287252,0.16079,0.690219,0.208197,0.059888,Bellevue_150th_Eastgate
2899,within,0.802853,0.210207,0.115788,0.713287,0.181946,0.068071,Bellevue_150th_Eastgate
2900,within,0.795359,0.273779,0.155358,0.67506,0.176734,0.072566,Bellevue_150th_Eastgate
2901,within,0.773556,0.24517,0.150104,0.575467,0.095804,0.093047,Bellevue_150th_Eastgate
2902,within,0.781505,0.228732,0.129089,0.595779,0.090941,0.108688,Bellevue_150th_Eastgate
2903,within,0.772825,0.237893,0.137157,0.624165,0.24985,0.039293,Bellevue_150th_Eastgate
2904,within,0.811816,0.285175,0.159165,0.6411,0.235761,0.036401,Bellevue_150th_Eastgate
2905,within,0.80059,0.274408,0.159069,0.607044,0.241611,0.017039,Bellevue_150th_Eastgate
2906,within,0.805259,0.275817,0.156887,0.625783,0.181323,0.036549,Bellevue_150th_Eastgate
2907,within,0.814449,0.268986,0.139207,0.632326,0.238806,0.062418,Bellevue_150th_Eastgate
2908,within,0.807484,0.279876,0.157405,0.565728,0.113097,0.035754,Bellevue_150th_Eastgate
2909,within,0.793571,0.269389,0.154492,0.552684,0.096361,0.037934,Bellevue_150th_Eastgate
2910,within,0.754957,0.229853,0.140053,0.588117,0.054192,0.124203,Bellevue_150th_Eastgate
2911,within,0.803214,0.266898,0.155412,0.801283,0.184046,0.100213,Bellevue_150th_Eastgate
2912,within,0.755522,0.25331,0.158052,0.632169,0.206694,0.118089,Bellevue_150th_Eastgate
2913,within,0.781218,0.257377,0.154597,0.541511,0.185347,0.048269,Bellevue_150th_Eastgate
2914,within,0.811594,0.286505,0.158275,0.606505,0.283803,0.090249,Bellevue_150th_Eastgate
2915,within,0.820036,0.238796,0.117326,0.738144,0.299439,0.164871,Bellevue_150th_Eastgate
2916,within,0.791593,0.285737,0.163921,0.688876,0.286465,0.092262,Bellevue_150th_Eastgate
2917,within,0.787048,0.267343,0.157456,0.615662,0.262108,0.135314,Bellevue_150th_Eastgate
2918,within,0.802182,0.272447,0.157511,0.594359,0.166965,0.163038,Bellevue_150th_Eastgate
2919,within,0.747144,0.231419,0.142475,0.647064,0.11955,0.220405,Bellevue_150th_Eastgate
2920,within,0.810195,0.27232,0.14592,0.798551,0.22736,0.148632,Bellevue_150th_Eastgate
2921,within,0.775875,0.268605,0.162732,0.890241,0.252593,0.151066,Bellevue_150th_Eastgate
2922,within,0.763671,0.261443,0.162388,0.858386,0.280571,0.13051,Bellevue_150th_Eastgate
2923,within,0.754687,0.252747,0.15827,0.74749,0.245337,0.165032,Bellevue_150th_Eastgate
2924,within,0.773746,0.265491,0.159452,0.735247,0.278205,0.129054,Bellevue_150th_Eastgate
2925,within,0.778245,0.263917,0.157975,0.740457,0.308232,0.132976,Bellevue_150th_Eastgate
2926,within,0.774761,0.265057,0.153473,0.755929,0.322892,0.160218,Bellevue_150th_Eastgate
2927,within,0.798176,0.281633,0.160676,0.710128,0.263327,0.142424,Bellevue_150th_Eastgate
2928,within,0.756094,0.239527,0.147683,0.853037,0.258013,0.156777,Bellevue_150th_Eastgate
2929,within,0.779625,0.275729,0.165276,0.756803,0.178545,0.106988,Bellevue_150th_Eastgate
2930,within,0.798936,0.283235,0.160222,0.790801,0.254219,0.076648,Bellevue_150th_Eastgate
2931,within,0.760972,0.257358,0.158608,0.798462,0.290711,0.142163,Bellevue_150th_Eastgate
2932,within,0.790276,0.269478,0.154289,0.818031,0.314396,0.101784,Bellevue_150th_Eastgate
2933,within,0.813596,0.293474,0.157768,0.754031,0.222595,0.112951,Bellevue_150th_Eastgate
2934,within,0.804559,0.287625,0.161841,0.743428,0.264502,0.094937,Bellevue_150th_Eastgate
2935,within,0.806712,0.286742,0.156961,0.731946,0.272343,0.093174,Bellevue_150th_Eastgate
2936,within,0.765178,0.25548,0.156792,0.553557,0.119495,0.099874,Bellevue_150th_Eastgate
2937,within,0.773033,0.251597,0.147468,0.746278,0.20485,0.088585,Bellevue_150th_Eastgate
2938,within,0.794937,0.281122,0.160783,0.773079,0.24027,0.156883,Bellevue_150th_Eastgate
2939,within,0.791282,0.273785,0.16187,0.70966,0.273544,0.090656,Bellevue_150th_Eastgate
2940,within,0.78468,0.26814,0.157239,0.804859,0.349727,0.093854,Bellevue_150th_Eastgate
2941,within,0.799445,0.289717,0.160514,0.773387,0.327365,0.174471,Bellevue_150th_Eastgate
2942,within,0.804037,0.286824,0.161131,0.748021,0.269808,0.243553,Bellevue_150th_Eastgate
2943,within,0.106562,-0.038171,0.024355,0.033333,-0.066667,0.0,Bellevue_150th_Newport
2944,within,0.293147,0.080112,0.040368,0.283333,0.133333,0.033333,Bellevue_150th_Newport
2945,within,0.265694,0.050956,0.032502,0.033333,0.0,0.0,Bellevue_150th_Newport
2946,within,0.080661,-0.050861,0.018414,0.0,-0.033333,0.0,Bellevue_150th_Newport
2947,within,0.078769,-0.070844,0.024638,0.0,-0.1,0.066667,Bellevue_150th_Newport
2948,within,0.075612,-0.068517,0.023253,0.033333,-0.066667,0.066667,Bellevue_150th_Newport
2949,within,0.078412,-0.066147,0.02329,0.0,0.0,0.0,Bellevue_150th_Newport
2950,within,0.08631,-0.058406,0.024133,0.0,0.0,0.0,Bellevue_150th_Newport
2951,within,0.224442,0.03942,0.027613,0.233333,0.15,0.0,Bellevue_150th_Newport
2952,within,0.246137,0.049498,0.027425,0.033333,0.033333,0.0,Bellevue_150th_Newport
2953,within,0.20218,0.030224,0.022935,0.0,0.0,0.0,Bellevue_150th_Newport
2954,within,0.071174,-0.069378,0.0223,0.0,-0.1,0.033333,Bellevue_150th_Newport
2955,within,0.072119,-0.070107,0.022947,0.0,-0.066667,0.0,Bellevue_150th_Newport
2956,within,0.073758,-0.070436,0.023328,0.0,-0.133333,0.066667,Bellevue_150th_Newport
2957,within,0.075513,-0.069236,0.023527,0.0,-0.133333,0.033333,Bellevue_150th_Newport
2958,within,0.076287,-0.067618,0.023151,0.2,-0.066667,0.083333,Bellevue_150th_Newport
2959,within,0.605349,0.174153,0.112408,0.65,0.166667,0.233333,Bellevue_150th_Newport
2960,within,0.515691,0.147647,0.07408,0.166667,0.1,0.033333,Bellevue_150th_Newport
2961,within,0.091104,-0.052216,0.02217,0.2,0.066667,0.033333,Bellevue_150th_Newport
2962,within,0.454149,0.14907,0.062647,0.833333,0.65,0.016667,Bellevue_150th_Newport
2963,within,0.539274,0.208626,0.069577,0.438889,0.205556,0.116667,Bellevue_150th_Newport
2964,within,0.371054,0.106504,0.04689,0.116667,0.033333,0.0,Bellevue_150th_Newport
2965,within,0.07697,-0.066604,0.023076,0.0,-0.166667,0.0,Bellevue_150th_Newport
2966,within,0.220343,0.017613,0.035924,0.1,-0.066667,0.033333,Bellevue_150th_Newport
2967,within,0.093924,-0.046049,0.023851,0.0,0.0,0.0,Bellevue_150th_Newport
2968,within,0.075668,-0.068232,0.023181,0.0,0.0,0.0,Bellevue_150th_Newport
2969,within,0.075188,-0.068055,0.023361,0.0,-0.033333,0.033333,Bellevue_150th_Newport
2970,within,0.079643,-0.066423,0.023586,0.0,-0.166667,0.133333,Bellevue_150th_Newport
2971,within,0.117805,-0.025886,0.023754,0.033333,-0.033333,0.033333,Bellevue_150th_Newport
2972,within,0.285852,0.075749,0.038605,0.3,0.066667,0.033333,Bellevue_150th_Newport
2973,within,0.260056,0.056374,0.028765,0.033333,0.033333,0.0,Bellevue_150th_Newport
2974,within,0.220492,0.035335,0.023528,0.0,-0.033333,0.033333,Bellevue_150th_Newport
2975,within,0.078788,-0.06616,0.023458,0.0,-0.1,0.066667,Bellevue_150th_Newport
2976,within,0.074727,-0.070079,0.023454,0.0,-0.066667,0.066667,Bellevue_150th_Newport
2977,within,0.076537,-0.068539,0.023445,0.0,-0.1,0.0,Bellevue_150th_Newport
2978,within,0.226022,0.036891,0.029265,0.333333,0.1,0.066667,Bellevue_150th_Newport
2979,within,0.312647,0.082131,0.039555,0.05,-0.066667,0.033333,Bellevue_150th_Newport
2980,within,0.083689,-0.062278,0.023112,0.066667,-0.033333,0.066667,Bellevue_150th_Newport
2981,within,0.077057,-0.068613,0.023407,0.0,-0.133333,0.1,Bellevue_150th_Newport
2982,within,0.080269,-0.065334,0.024123,0.0,-0.1,0.066667,Bellevue_150th_Newport
2983,within,0.07364,-0.067994,0.022985,0.0,-0.066667,0.0,Bellevue_150th_Newport
2984,within,0.070341,-0.07049,0.02251,0.0,0.0,0.0,Bellevue_150th_Newport
2985,within,0.076286,-0.068367,0.023319,0.0,-0.033333,0.033333,Bellevue_150th_Newport
2986,within,0.080282,-0.073353,0.025644,0.0,-0.133333,0.066667,Bellevue_150th_Newport
2987,within,0.07944,-0.066064,0.023753,0.0,-0.066667,0.0,Bellevue_150th_Newport
2988,within,0.080168,-0.067642,0.023992,0.033333,0.0,0.0,Bellevue_150th_Newport
2989,within,0.075566,-0.068865,0.023456,0.0,-0.066667,0.0,Bellevue_150th_Newport
2990,within,0.073434,-0.070257,0.023126,0.0,-0.066667,0.0,Bellevue_150th_Newport
2991,within,0.077702,-0.068176,0.023438,0.0,-0.033333,0.0,Bellevue_150th_Newport
2992,within,0.074303,-0.068931,0.022938,0.0,-0.166667,0.066667,Bellevue_150th_Newport
2993,within,0.07474,-0.069804,0.023202,0.0,0.0,0.0,Bellevue_150th_Newport
2994,within,0.073995,-0.069481,0.02298,0.0,-0.1,0.033333,Bellevue_150th_Newport
2995,within,0.076002,-0.06753,0.023237,0.0,-0.066667,0.033333,Bellevue_150th_Newport
2996,within,0.077239,-0.06676,0.023083,0.0,-0.033333,0.0,Bellevue_150th_Newport
2997,within,0.076482,-0.069083,0.023563,0.0,-0.066667,0.0,Bellevue_150th_Newport
2998,within,0.076366,-0.074883,0.024925,0.033333,-0.133333,0.1,Bellevue_150th_Newport
2999,within,0.071994,-0.070383,0.023247,0.0,-0.066667,0.066667,Bellevue_150th_Newport
3000,within,0.074492,-0.068853,0.023215,0.0,-0.166667,0.033333,Bellevue_150th_Newport
3001,within,0.073915,-0.069897,0.023045,0.05,-0.116667,0.083333,Bellevue_150th_Newport
3002,within,0.078962,-0.074488,0.025496,0.0,-0.066667,0.033333,Bellevue_150th_Newport
3003,within,0.078153,-0.067529,0.023695,0.033333,-0.1,0.1,Bellevue_150th_Newport
3004,within,0.077495,-0.068389,0.023996,0.0,-0.033333,0.0,Bellevue_150th_Newport
3005,within,0.258423,0.059898,0.033601,0.066667,0.0,0.0,Bellevue_150th_Newport
3006,within,0.282309,0.07236,0.035794,0.1,0.033333,0.0,Bellevue_150th_Newport
3007,within,0.079941,-0.067536,0.023576,0.0,0.0,0.0,Bellevue_150th_Newport
3008,within,0.072736,-0.070919,0.023116,0.0,-0.033333,0.033333,Bellevue_150th_Newport
3009,within,0.075428,-0.068827,0.023115,0.0,-0.1,0.033333,Bellevue_150th_Newport
3010,within,0.077082,-0.068772,0.023241,0.0,0.0,0.0,Bellevue_150th_Newport
3011,within,0.082814,-0.06507,0.023941,0.0,-0.033333,0.033333,Bellevue_150th_Newport
3012,within,0.076176,-0.06901,0.023092,0.033333,-0.1,0.066667,Bellevue_150th_Newport
3013,within,0.075693,-0.068511,0.023316,0.0,-0.066667,0.0,Bellevue_150th_Newport
3014,within,0.078764,-0.074599,0.025429,0.138889,0.0,0.094444,Bellevue_150th_Newport
3015,within,0.324095,0.060255,0.055978,0.288889,0.1,0.05,Bellevue_150th_Newport
3016,within,0.342097,0.085317,0.045268,0.0,-0.066667,0.033333,Bellevue_150th_Newport
3017,within,0.075523,-0.068151,0.023381,0.0,0.0,0.0,Bellevue_150th_Newport
3018,within,0.076559,-0.068474,0.023414,0.0,-0.033333,0.0,Bellevue_150th_Newport
3019,within,0.084443,-0.064296,0.023965,0.0,0.0,0.0,Bellevue_150th_Newport
3020,within,0.081001,-0.066603,0.023636,0.0,-0.033333,0.0,Bellevue_150th_Newport
3021,within,0.077956,-0.068016,0.023558,0.0,-0.133333,0.033333,Bellevue_150th_Newport
3022,within,0.083654,-0.064195,0.023643,0.033333,-0.033333,0.033333,Bellevue_150th_Newport
3023,within,0.076091,-0.068032,0.023143,0.033333,0.0,0.0,Bellevue_150th_Newport
3024,within,0.074406,-0.069678,0.023122,0.0,-0.133333,0.1,Bellevue_150th_Newport
3025,within,0.078139,-0.0676,0.02368,0.0,-0.033333,0.0,Bellevue_150th_Newport
3026,within,0.079264,-0.074211,0.025433,0.0,0.0,0.0,Bellevue_150th_Newport
3027,within,0.077921,-0.0673,0.023683,0.0,-0.1,0.066667,Bellevue_150th_Newport
3028,within,0.078308,-0.068196,0.023742,0.066667,0.033333,0.0,Bellevue_150th_Newport
3029,within,0.273254,0.053942,0.035261,0.066667,0.0,0.0,Bellevue_150th_Newport
3030,within,0.076943,-0.069355,0.023721,0.0,-0.1,0.0,Bellevue_150th_Newport
3031,within,0.074049,-0.06999,0.023312,0.0,-0.133333,0.1,Bellevue_150th_Newport
3032,within,0.07383,-0.070064,0.023299,0.0,-0.1,0.066667,Bellevue_150th_Newport
3033,within,0.073374,-0.069592,0.02293,0.0,-0.1,0.033333,Bellevue_150th_Newport
3034,within,0.077718,-0.068294,0.023457,0.0,-0.033333,0.0,Bellevue_150th_Newport
3035,within,0.076937,-0.066922,0.023517,0.0,-0.033333,0.0,Bellevue_150th_Newport
3036,within,0.075227,-0.068496,0.023112,0.0,-0.033333,0.0,Bellevue_150th_Newport
3037,within,0.075669,-0.069896,0.023552,0.0,-0.1,0.033333,Bellevue_150th_Newport
3038,within,0.077008,-0.075242,0.025201,0.0,0.0,0.0,Bellevue_150th_Newport
3039,within,0.076064,-0.068493,0.023721,0.0,-0.033333,0.033333,Bellevue_150th_Newport
3040,within,0.07169,-0.07105,0.022766,0.0,0.0,0.0,Bellevue_150th_Newport
3041,within,0.075604,-0.068308,0.023432,0.0,-0.166667,0.1,Bellevue_150th_Newport
3042,within,0.078592,-0.074271,0.025249,0.0,-0.033333,0.033333,Bellevue_150th_Newport
3043,within,0.07975,-0.066404,0.023838,0.0,0.0,0.0,Bellevue_150th_Newport
3044,within,0.074274,-0.069817,0.023318,0.0,0.0,0.0,Bellevue_150th_Newport
3045,within,0.073794,-0.069262,0.023111,0.05,-0.016667,0.05,Bellevue_150th_Newport
3046,within,0.079457,-0.066872,0.023697,0.0,-0.033333,0.0,Bellevue_150th_Newport
3047,within,0.07501,-0.068241,0.023157,0.0,-0.033333,0.033333,Bellevue_150th_Newport
3048,within,0.076389,-0.069287,0.02357,0.0,0.0,0.0,Bellevue_150th_Newport
3049,within,0.078007,-0.067963,0.023768,0.0,-0.033333,0.0,Bellevue_150th_Newport
3050,within,0.082651,-0.064623,0.023661,0.0,-0.033333,0.033333,Bellevue_150th_Newport
3051,within,0.075952,-0.068495,0.023516,0.0,-0.033333,0.0,Bellevue_150th_Newport
3052,within,0.07428,-0.070405,0.023345,0.0,-0.066667,0.0,Bellevue_150th_Newport
3053,within,0.075984,-0.069983,0.023667,0.0,-0.066667,0.033333,Bellevue_150th_Newport
3054,within,0.081402,-0.073695,0.025638,0.0,-0.066667,0.066667,Bellevue_150th_Newport
3055,within,0.076966,-0.069751,0.023757,0.0,0.0,0.0,Bellevue_150th_Newport
3056,within,0.074859,-0.069324,0.023156,0.0,-0.1,0.066667,Bellevue_150th_Newport
3057,within,0.075485,-0.067453,0.023057,0.0,-0.033333,0.0,Bellevue_150th_Newport
3058,within,0.080217,-0.066378,0.023635,0.0,-0.033333,0.033333,Bellevue_150th_Newport
3059,within,0.077268,-0.068983,0.02359,0.0,-0.1,0.1,Bellevue_150th_Newport
3060,within,0.082587,-0.065239,0.024045,0.0,-0.033333,0.0,Bellevue_150th_Newport
3061,within,0.073518,-0.070489,0.023366,0.0,-0.033333,0.033333,Bellevue_150th_Newport
3062,within,0.076468,-0.068919,0.023275,0.0,-0.066667,0.033333,Bellevue_150th_Newport
3063,within,0.266101,0.067819,0.033616,0.6,0.383333,0.1,Bellevue_150th_Newport
3064,within,0.318177,0.084324,0.039143,0.872222,0.611111,0.25,Bellevue_150th_Newport
3065,within,0.174167,-0.008635,0.030379,0.3,0.083333,0.1,Bellevue_150th_Newport
3066,within,0.31059,0.056175,0.043592,0.0,-0.033333,0.0,Bellevue_150th_Newport
3067,within,0.077594,-0.067481,0.023763,0.033333,0.0,0.0,Bellevue_150th_Newport
3068,within,0.077211,-0.069273,0.023535,0.0,0.0,0.0,Bellevue_150th_Newport
3069,within,0.07631,-0.07001,0.02366,0.133333,0.033333,0.0,Bellevue_150th_Newport
3070,within,0.12253,-0.01039,0.008836,0.0,-0.066667,0.066667,Bellevue_150th_Newport
3071,within,0.075052,-0.068143,0.022981,0.0,-0.133333,0.033333,Bellevue_150th_Newport
3072,within,0.075133,-0.069033,0.023174,0.0,-0.066667,0.033333,Bellevue_150th_Newport
3073,within,0.078344,-0.067134,0.023497,0.0,-0.1,0.033333,Bellevue_150th_Newport
3074,within,0.078056,-0.066307,0.02338,0.0,-0.1,0.0,Bellevue_150th_Newport
3075,within,0.079437,-0.067497,0.023604,0.0,0.0,0.0,Bellevue_150th_Newport
3076,within,0.07723,-0.068123,0.023307,0.0,-0.133333,0.0,Bellevue_150th_Newport
3077,within,0.075172,-0.06877,0.023096,0.0,-0.033333,0.0,Bellevue_150th_Newport
3078,within,0.081851,-0.073065,0.025739,0.0,0.0,0.0,Bellevue_150th_Newport
3079,within,0.077781,-0.067064,0.023363,0.033333,-0.033333,0.033333,Bellevue_150th_Newport
3080,within,0.204553,0.005365,0.040072,0.233333,-0.566667,0.8,Bellevue_150th_Newport
3081,within,0.264038,0.040035,0.032972,0.183333,0.066667,0.033333,Bellevue_150th_Newport
3082,within,0.087119,-0.065028,0.024127,0.0,-0.1,0.0,Bellevue_150th_Newport
3083,within,0.077376,-0.067427,0.023761,0.033333,-0.066667,0.033333,Bellevue_150th_Newport
3084,within,0.078317,-0.065319,0.02359,0.0,-0.033333,0.033333,Bellevue_150th_Newport
3085,within,0.082334,-0.065954,0.023787,0.0,-0.066667,0.0,Bellevue_150th_Newport
3086,within,0.075177,-0.070004,0.023471,0.0,-0.066667,0.066667,Bellevue_150th_Newport
3087,within,0.078204,-0.067924,0.023737,0.0,-0.1,0.066667,Bellevue_150th_Newport
3088,within,0.078131,-0.067485,0.023629,0.0,-0.166667,0.133333,Bellevue_150th_Newport
3089,within,0.075592,-0.069089,0.023317,0.0,-0.133333,0.1,Bellevue_150th_Newport
3090,within,0.079755,-0.065114,0.023628,0.033333,-0.133333,0.066667,Bellevue_150th_Newport
3091,within,0.074607,-0.069115,0.023208,0.0,-0.166667,0.133333,Bellevue_150th_Newport
3092,within,0.076559,-0.068113,0.02337,0.0,-0.033333,0.033333,Bellevue_150th_Newport
3093,within,0.075086,-0.069122,0.023163,0.033333,-0.1,0.033333,Bellevue_150th_Newport
3094,within,0.077193,-0.075388,0.025274,0.033333,-0.033333,0.033333,Bellevue_150th_Newport
3095,within,0.077154,-0.067473,0.023358,0.0,-0.033333,0.0,Bellevue_150th_Newport
3096,within,0.08134,-0.066192,0.023668,0.0,-0.033333,0.033333,Bellevue_150th_Newport
3097,within,0.076909,-0.067187,0.023317,0.033333,-0.066667,0.0,Bellevue_150th_Newport
3098,within,0.165387,0.010828,0.021394,0.1,0.033333,0.033333,Bellevue_150th_Newport
3099,within,0.286283,0.06629,0.035628,0.038889,-0.177778,0.144444,Bellevue_150th_Newport
3100,within,0.077865,-0.067815,0.0239,0.0,-0.1,0.066667,Bellevue_150th_Newport
3101,within,0.078523,-0.066906,0.023704,0.0,-0.1,0.066667,Bellevue_150th_Newport
3102,within,0.079366,-0.067661,0.023851,0.033333,-0.1,0.066667,Bellevue_150th_Newport
3103,within,0.07722,-0.068073,0.023618,0.0,-0.066667,0.033333,Bellevue_150th_Newport
3104,within,0.075912,-0.068793,0.023294,0.0,-0.033333,0.033333,Bellevue_150th_Newport
3105,within,0.243018,0.048581,0.034232,0.066667,-0.016667,0.066667,Bellevue_150th_Newport
3106,within,0.083517,-0.070645,0.025158,0.0,-0.033333,0.033333,Bellevue_150th_Newport
3107,within,0.077159,-0.068183,0.023725,0.0,-0.066667,0.033333,Bellevue_150th_Newport
3108,within,0.082389,-0.065565,0.024048,0.0,-0.133333,0.1,Bellevue_150th_Newport
3109,within,0.195712,0.023401,0.028212,0.2,0.1,0.0,Bellevue_150th_Newport
3110,within,0.314755,0.062741,0.046401,0.216667,0.116667,0.0,Bellevue_150th_Newport
3111,within,0.210028,0.018912,0.028169,0.0,0.0,0.0,Bellevue_150th_Newport
3112,within,0.075118,-0.067614,0.023046,0.0,-0.066667,0.0,Bellevue_150th_Newport
3113,within,0.073156,-0.07023,0.02319,0.0,-0.1,0.1,Bellevue_150th_Newport
3114,within,0.077093,-0.06984,0.023812,0.0,-0.2,0.1,Bellevue_150th_Newport
3115,within,0.075579,-0.068174,0.023362,0.0,0.0,0.0,Bellevue_150th_Newport
3116,within,0.08639,-0.064082,0.02449,0.033333,-0.033333,0.033333,Bellevue_150th_Newport
3117,within,0.079269,-0.066814,0.023459,0.0,-0.033333,0.033333,Bellevue_150th_Newport
3118,within,0.07874,-0.074919,0.025512,0.0,-0.066667,0.066667,Bellevue_150th_Newport
3119,within,0.074749,-0.070555,0.023973,0.0,-0.066667,0.033333,Bellevue_150th_Newport
3120,within,0.076326,-0.069528,0.023635,0.0,-0.033333,0.0,Bellevue_150th_Newport
3121,within,0.073678,-0.070133,0.02329,0.0,-0.066667,0.033333,Bellevue_150th_Newport
3122,within,0.077258,-0.07398,0.025214,0.0,-0.1,0.033333,Bellevue_150th_Newport
3123,within,0.079558,-0.066301,0.023782,0.0,-0.066667,0.066667,Bellevue_150th_Newport
3124,within,0.075628,-0.068179,0.023329,0.033333,-0.166667,0.133333,Bellevue_150th_Newport
3125,within,0.080991,-0.06472,0.023824,0.0,-0.1,0.066667,Bellevue_150th_Newport
3126,within,0.078507,-0.066488,0.023543,0.033333,-0.133333,0.033333,Bellevue_150th_Newport
3127,within,0.082214,-0.065933,0.023972,0.0,-0.133333,0.066667,Bellevue_150th_Newport
3128,within,0.076907,-0.06822,0.023364,0.0,-0.1,0.1,Bellevue_150th_Newport
3129,within,0.075417,-0.069072,0.023515,0.0,-0.033333,0.033333,Bellevue_150th_Newport
3130,within,0.07579,-0.06914,0.023581,0.0,-0.033333,0.033333,Bellevue_150th_Newport
3131,within,0.210048,0.036184,0.028588,0.033333,-0.033333,0.0,Bellevue_150th_Newport
3132,within,0.338957,0.105904,0.041497,0.066667,-0.033333,0.1,Bellevue_150th_Newport
3133,within,0.078399,-0.068023,0.023631,0.0,-0.033333,0.0,Bellevue_150th_Newport
3134,within,0.079674,-0.074187,0.025516,0.0,0.0,0.0,Bellevue_150th_Newport
3135,within,0.07877,-0.068068,0.024024,0.0,-0.133333,0.066667,Bellevue_150th_Newport
3136,within,0.076291,-0.068969,0.023728,0.0,-0.166667,0.1,Bellevue_150th_Newport
3137,within,0.080555,-0.065489,0.023846,0.0,-0.033333,0.0,Bellevue_150th_Newport
3138,within,0.079648,-0.067255,0.023706,0.0,-0.066667,0.0,Bellevue_150th_Newport
3139,within,0.080604,-0.066145,0.024128,0.0,-0.1,0.066667,Bellevue_150th_Newport
3140,within,0.07969,-0.06602,0.023658,0.0,-0.066667,0.033333,Bellevue_150th_Newport
3141,within,0.075363,-0.068896,0.023436,0.0,-0.133333,0.1,Bellevue_150th_Newport
3142,within,0.076108,-0.06823,0.023634,0.0,-0.133333,0.066667,Bellevue_150th_Newport
3143,within,0.077892,-0.067632,0.023607,0.0,-0.1,0.1,Bellevue_150th_Newport
3144,within,0.076536,-0.067974,0.023406,0.0,-0.166667,0.1,Bellevue_150th_Newport
3145,within,0.074547,-0.069112,0.023349,0.0,-0.1,0.066667,Bellevue_150th_Newport
3146,within,0.079057,-0.074476,0.025455,0.0,-0.033333,0.0,Bellevue_150th_Newport
3147,within,0.076183,-0.068654,0.023357,0.0,-0.133333,0.066667,Bellevue_150th_Newport
3148,within,0.07886,-0.066607,0.02356,0.0,-0.2,0.166667,Bellevue_150th_Newport
3149,within,0.079805,-0.066949,0.023866,0.0,-0.066667,0.066667,Bellevue_150th_Newport
3150,within,0.082397,-0.064494,0.023857,0.0,-0.033333,0.033333,Bellevue_150th_Newport
3151,within,0.078391,-0.067838,0.024077,0.0,-0.066667,0.066667,Bellevue_150th_Newport
3152,within,0.078036,-0.068121,0.023871,0.0,-0.066667,0.066667,Bellevue_150th_Newport
3153,within,0.076685,-0.068426,0.023216,0.0,-0.2,0.166667,Bellevue_150th_Newport
3154,within,0.077055,-0.069182,0.023787,0.066667,-0.133333,0.1,Bellevue_150th_Newport
3155,within,0.075043,-0.070091,0.023725,0.0,-0.066667,0.033333,Bellevue_150th_Newport
3156,within,0.075527,-0.06863,0.023369,0.0,-0.266667,0.133333,Bellevue_150th_Newport
3157,within,0.079796,-0.06744,0.023894,0.0,-0.1,0.033333,Bellevue_150th_Newport
3158,within,0.081605,-0.07308,0.0256,0.0,-0.133333,0.0,Bellevue_150th_Newport
3159,within,0.075808,-0.070069,0.023864,0.0,-0.233333,0.1,Bellevue_150th_Newport
3160,within,0.071379,-0.070416,0.022745,0.0,-0.2,0.1,Bellevue_150th_Newport
3161,within,0.074012,-0.06943,0.022938,0.0,-0.1,0.066667,Bellevue_150th_Newport
3162,within,0.082631,-0.073464,0.025757,0.0,-0.166667,0.133333,Bellevue_150th_Newport
3163,within,0.077555,-0.06883,0.024115,0.0,-0.166667,0.1,Bellevue_150th_Newport
3164,within,0.076929,-0.06847,0.023729,0.0,-0.2,0.033333,Bellevue_150th_Newport
3165,within,0.080355,-0.067548,0.024074,0.0,-0.166667,0.133333,Bellevue_150th_Newport
3166,within,0.076557,-0.067136,0.023179,0.0,-0.1,0.033333,Bellevue_150th_Newport
3167,within,0.078127,-0.068596,0.023566,0.0,-0.133333,0.033333,Bellevue_150th_Newport
3168,within,0.075082,-0.068732,0.023105,0.0,-0.133333,0.066667,Bellevue_150th_Newport
3169,within,0.08542,-0.062159,0.023935,0.1,0.0,0.0,Bellevue_150th_Newport
3170,within,0.074523,-0.0689,0.023167,0.0,-0.1,0.1,Bellevue_150th_Newport
3171,within,0.078875,-0.066402,0.023295,0.0,-0.133333,0.066667,Bellevue_150th_Newport
3172,within,0.077051,-0.067892,0.023423,0.0,-0.033333,0.033333,Bellevue_150th_Newport
3173,within,0.073491,-0.068548,0.02337,0.0,-0.1,0.066667,Bellevue_150th_Newport
3174,within,0.079906,-0.074323,0.025598,0.033333,-0.2,0.133333,Bellevue_150th_Newport
3175,within,0.08078,-0.066312,0.023926,0.0,-0.066667,0.033333,Bellevue_150th_Newport
3176,within,0.074462,-0.069303,0.0234,0.0,-0.2,0.166667,Bellevue_150th_Newport
3177,within,0.076339,-0.068585,0.023203,0.033333,-0.133333,0.033333,Bellevue_150th_Newport
3178,within,0.075998,-0.069016,0.023542,0.0,-0.133333,0.066667,Bellevue_150th_Newport
3179,within,0.07937,-0.067337,0.024198,0.0,-0.133333,0.066667,Bellevue_150th_Newport
3180,within,0.077207,-0.069007,0.023801,0.0,-0.066667,0.033333,Bellevue_150th_Newport
3181,within,0.077912,-0.066491,0.023359,0.0,-0.3,0.2,Bellevue_150th_Newport
3182,within,0.074945,-0.068556,0.023029,0.0,-0.166667,0.133333,Bellevue_150th_Newport
3183,within,0.076345,-0.068388,0.023248,0.0,-0.1,0.066667,Bellevue_150th_Newport
3184,within,0.078268,-0.067732,0.023292,0.0,-0.133333,0.066667,Bellevue_150th_Newport
3185,within,0.079109,-0.066314,0.023484,0.0,-0.066667,0.033333,Bellevue_150th_Newport
3186,within,0.078757,-0.074356,0.025511,0.033333,-0.1,0.033333,Bellevue_150th_Newport
3187,within,0.163592,0.001626,0.028136,0.0,0.0,0.0,Bellevue_150th_Newport
3188,within,0.264556,0.060081,0.031969,0.066667,0.0,0.033333,Bellevue_150th_Newport
3189,within,0.076996,-0.066889,0.023207,0.0,-0.133333,0.1,Bellevue_150th_Newport
3190,within,0.074589,-0.069837,0.023373,0.033333,-0.133333,0.133333,Bellevue_150th_Newport
3191,within,0.079522,-0.066882,0.023737,0.0,-0.033333,0.0,Bellevue_150th_Newport
3192,within,0.077826,-0.068088,0.023719,0.066667,-0.066667,0.033333,Bellevue_150th_Newport
3193,within,0.079006,-0.068048,0.023914,0.0,-0.166667,0.133333,Bellevue_150th_Newport
3194,within,0.075204,-0.069321,0.023498,0.0,-0.033333,0.0,Bellevue_150th_Newport
3195,within,0.078654,-0.066489,0.023501,0.0,-0.2,0.133333,Bellevue_150th_Newport
3196,within,0.075354,-0.068283,0.023449,0.0,-0.1,0.033333,Bellevue_150th_Newport
3197,within,0.080093,-0.066965,0.023748,0.0,-0.133333,0.066667,Bellevue_150th_Newport
3198,within,0.079745,-0.065959,0.02376,0.0,-0.1,0.1,Bellevue_150th_Newport
3199,within,0.078495,-0.074736,0.025474,0.05,-0.116667,0.066667,Bellevue_150th_Newport
3200,within,0.078218,-0.066748,0.023501,0.0,-0.133333,0.066667,Bellevue_150th_Newport
3201,within,0.078202,-0.066895,0.02358,0.066667,-0.1,0.066667,Bellevue_150th_Newport
3202,within,0.075797,-0.068698,0.02336,0.0,-0.2,0.033333,Bellevue_150th_Newport
3203,within,0.077286,-0.067701,0.023473,0.016667,-0.15,0.116667,Bellevue_150th_Newport
3204,within,0.076642,-0.067584,0.023368,0.033333,-0.133333,0.066667,Bellevue_150th_Newport
3205,within,0.082213,-0.065807,0.023987,0.0,-0.166667,0.033333,Bellevue_150th_Newport
3206,within,0.076848,-0.068789,0.023515,0.0,-0.1,0.033333,Bellevue_150th_Newport
3207,within,0.077516,-0.068766,0.023773,0.0,-0.166667,0.066667,Bellevue_150th_Newport
3208,within,0.079097,-0.066973,0.023621,0.0,-0.166667,0.133333,Bellevue_150th_Newport
3209,within,0.078397,-0.067533,0.023691,0.0,-0.166667,0.1,Bellevue_150th_Newport
3210,within,0.116986,-0.030514,0.02249,0.188889,-0.066667,0.1,Bellevue_150th_Newport
3211,within,0.472831,0.172678,0.059266,0.133333,0.033333,0.066667,Bellevue_150th_Newport
3212,within,0.243593,0.023804,0.037453,0.066667,-0.133333,0.116667,Bellevue_150th_Newport
3213,within,0.079087,-0.065826,0.023683,0.0,-0.066667,0.066667,Bellevue_150th_Newport
3214,within,0.082099,-0.064721,0.023993,0.033333,-0.066667,0.0,Bellevue_150th_Newport
3215,within,0.078117,-0.067435,0.023643,0.033333,-0.133333,0.1,Bellevue_150th_Newport
3216,within,0.077635,-0.067283,0.023424,0.033333,-0.266667,0.166667,Bellevue_150th_Newport
3217,within,0.0758,-0.067531,0.023279,0.0,-0.1,0.033333,Bellevue_150th_Newport
3218,within,0.228993,0.022245,0.032211,0.266667,0.161111,0.0,Bellevue_150th_Newport
3219,within,0.335111,0.064642,0.042514,0.033333,-0.033333,0.0,Bellevue_150th_Newport
3220,within,0.205091,0.03195,0.020106,0.0,-0.166667,0.066667,Bellevue_150th_Newport
3221,within,0.074611,-0.069464,0.023337,0.0,-0.133333,0.133333,Bellevue_150th_Newport
3222,within,0.079785,-0.067658,0.023917,0.033333,-0.066667,0.033333,Bellevue_150th_Newport
3223,within,0.081517,-0.073886,0.025746,0.033333,-0.166667,0.066667,Bellevue_150th_Newport
3224,within,0.078753,-0.067714,0.024076,0.0,-0.066667,0.066667,Bellevue_150th_Newport
3225,within,0.287436,0.048392,0.04218,0.15,-0.05,0.1,Bellevue_150th_Newport
3226,within,0.267667,0.045429,0.033869,0.05,-0.083333,0.033333,Bellevue_150th_Newport
3227,within,0.080865,-0.072406,0.025537,0.0,-0.166667,0.066667,Bellevue_150th_Newport
3228,within,0.07681,-0.06742,0.023349,0.0,-0.166667,0.1,Bellevue_150th_Newport
3229,within,0.077498,-0.066329,0.023428,0.0,-0.133333,0.133333,Bellevue_150th_Newport
3230,within,0.18913,0.00315,0.036805,0.0,0.0,0.0,Bellevue_150th_Newport
3231,within,0.332302,0.058955,0.046822,0.083333,-0.033333,0.033333,Bellevue_150th_Newport
3232,within,0.11613,-0.030775,0.024424,0.0,-0.066667,0.033333,Bellevue_150th_Newport
3233,within,0.077505,-0.06836,0.023467,0.0,0.0,0.0,Bellevue_150th_Newport
3234,within,0.07554,-0.069282,0.023453,0.0,0.0,0.0,Bellevue_150th_Newport
3235,within,0.076272,-0.068553,0.023429,0.0,-0.1,0.066667,Bellevue_150th_Newport
3236,within,0.076624,-0.067969,0.023264,0.0,-0.066667,0.033333,Bellevue_150th_Newport
3237,within,0.072801,-0.06986,0.022964,0.0,-0.066667,0.066667,Bellevue_150th_Newport
3238,within,0.075152,-0.069511,0.023491,0.0,-0.266667,0.2,Bellevue_150th_Newport
3239,within,0.079292,-0.074166,0.025302,0.033333,-0.133333,0.0,Bellevue_150th_Newport
3240,within,0.074972,-0.069269,0.023685,0.033333,-0.066667,0.033333,Bellevue_150th_Newport
3241,within,0.081091,-0.066639,0.023956,0.0,-0.233333,0.133333,Bellevue_150th_Newport
3242,within,0.080125,-0.066165,0.023773,0.0,-0.1,0.066667,Bellevue_150th_Newport
3243,within,0.076675,-0.068186,0.023237,0.0,-0.066667,0.066667,Bellevue_150th_Newport
3244,within,0.075497,-0.069217,0.023324,0.0,-0.266667,0.166667,Bellevue_150th_Newport
3245,within,0.076885,-0.067706,0.023056,0.0,-0.166667,0.1,Bellevue_150th_Newport
3246,within,0.074499,-0.070255,0.023562,0.0,-0.2,0.066667,Bellevue_150th_Newport
3247,within,0.084012,-0.0658,0.024018,0.0,-0.166667,0.066667,Bellevue_150th_Newport
3248,within,0.083003,-0.064766,0.023978,0.083333,0.0,0.066667,Bellevue_150th_Newport
3249,within,0.269856,0.057185,0.035573,0.1,-0.033333,0.0,Bellevue_150th_Newport
3250,within,0.078645,-0.058806,0.022738,0.0,-0.1,0.1,Bellevue_150th_Newport
3251,within,0.076882,-0.075291,0.025252,0.0,0.0,0.0,Bellevue_150th_Newport
3252,within,0.074979,-0.069047,0.023415,0.0,-0.066667,0.0,Bellevue_150th_Newport
3253,within,0.076692,-0.067603,0.023212,0.0,-0.166667,0.033333,Bellevue_150th_Newport
3254,within,0.076089,-0.068552,0.023356,0.0,-0.2,0.033333,Bellevue_150th_Newport
3255,within,0.076278,-0.067486,0.023046,0.0,-0.066667,0.033333,Bellevue_150th_Newport
3256,within,0.074982,-0.069718,0.023416,0.0,0.0,0.0,Bellevue_150th_Newport
3257,within,0.077798,-0.067737,0.02329,0.0,-0.166667,0.033333,Bellevue_150th_Newport
3258,within,0.079791,-0.06622,0.023841,0.0,-0.166667,0.1,Bellevue_150th_Newport
3259,within,0.0731,-0.070329,0.023176,0.016667,-0.15,0.066667,Bellevue_150th_Newport
3260,within,0.07763,-0.0662,0.023137,0.1,-0.133333,0.133333,Bellevue_150th_Newport
3261,within,0.334432,0.110197,0.033953,0.066667,0.033333,0.0,Bellevue_150th_Newport
3262,within,0.127659,-0.009925,0.018342,0.066667,0.016667,0.0,Bellevue_150th_Newport
3263,within,0.23813,0.050023,0.026172,0.0,-0.233333,0.066667,Bellevue_150th_Newport
3264,within,0.080797,-0.057786,0.022801,0.0,-0.2,0.133333,Bellevue_150th_Newport
3265,within,0.081131,-0.06374,0.023454,0.166667,-0.066667,0.066667,Bellevue_150th_Newport
3266,within,0.490785,0.189619,0.057014,0.133333,-0.05,0.066667,Bellevue_150th_Newport
3267,within,0.128801,-0.020385,0.024969,0.0,-0.166667,0.1,Bellevue_150th_Newport
3268,within,0.074293,-0.068253,0.023096,0.0,-0.066667,0.066667,Bellevue_150th_Newport
3269,within,0.078295,-0.067045,0.023393,0.1,-0.133333,0.05,Bellevue_150th_Newport
3270,within,0.367933,0.132932,0.040006,0.283333,0.05,0.05,Bellevue_150th_Newport
3271,within,0.121595,-0.015059,0.019276,0.0,-0.2,0.0,Bellevue_150th_Newport
3272,within,0.083532,-0.061594,0.023922,0.083333,-0.25,0.133333,Bellevue_150th_Newport
3273,within,0.60969,0.221114,0.07587,0.483333,0.15,0.183333,Bellevue_150th_Newport
3274,within,0.179736,0.01755,0.011169,0.033333,0.033333,0.0,Bellevue_150th_Newport
3275,within,0.249626,0.053527,0.031718,0.0,-0.233333,0.066667,Bellevue_150th_Newport
3276,within,0.076555,-0.067282,0.023336,0.0,-0.266667,0.1,Bellevue_150th_Newport
3277,within,0.07608,-0.068738,0.02337,0.033333,-0.166667,0.1,Bellevue_150th_Newport
3278,within,0.076494,-0.069008,0.023414,0.0,-0.2,0.133333,Bellevue_150th_Newport
3279,within,0.076519,-0.074866,0.025058,0.0,-0.233333,0.133333,Bellevue_150th_Newport
3280,within,0.075228,-0.069208,0.023448,0.0,-0.166667,0.033333,Bellevue_150th_Newport
3281,within,0.116581,-0.03109,0.025524,0.1,-0.066667,0.0,Bellevue_150th_Newport
3282,within,0.27096,0.066179,0.032338,0.45,0.1,0.033333,Bellevue_150th_Newport
3283,within,0.317027,0.081921,0.037359,0.0,0.0,0.0,Bellevue_150th_Newport
3284,within,0.077819,-0.05665,0.01985,0.0,0.0,0.0,Bellevue_150th_Newport
3285,within,0.081404,-0.063647,0.023271,0.0,-0.2,0.166667,Bellevue_150th_Newport
3286,within,0.073761,-0.069982,0.023043,0.0,-0.133333,0.1,Bellevue_150th_Newport
3287,within,0.075904,-0.068125,0.023015,0.0,-0.133333,0.066667,Bellevue_150th_Newport
3288,within,0.076871,-0.067647,0.023432,0.0,-0.133333,0.1,Bellevue_150th_Newport
3289,within,0.120364,-0.022036,0.022679,0.033333,-0.133333,0.133333,Bellevue_150th_Newport
3290,within,0.294531,0.082619,0.036775,0.316667,0.2,0.033333,Bellevue_150th_Newport
3291,within,0.197328,0.007248,0.028978,0.0,-0.033333,0.0,Bellevue_150th_Newport
3292,within,0.085696,-0.057965,0.023167,0.0,-0.266667,0.133333,Bellevue_150th_Newport
3293,within,0.079059,-0.068006,0.023725,0.266667,-0.0,0.1,Bellevue_150th_Newport
3294,within,0.421185,0.091644,0.071611,0.355556,0.233333,0.0,Bellevue_150th_Newport
3295,within,0.166124,-0.003425,0.022675,0.0,-0.166667,0.066667,Bellevue_150th_Newport
3296,within,0.109357,-0.027523,0.020599,0.033333,-0.1,0.033333,Bellevue_150th_Newport
3297,within,0.077075,-0.06826,0.023622,0.0,-0.166667,0.1,Bellevue_150th_Newport
3298,within,0.078446,-0.067397,0.023339,0.0,-0.233333,0.133333,Bellevue_150th_Newport
3299,within,0.08027,-0.066296,0.023621,0.0,-0.233333,0.066667,Bellevue_150th_Newport
3300,within,0.080895,-0.065964,0.023599,0.0,-0.066667,0.033333,Bellevue_150th_Newport
3301,within,0.075026,-0.06807,0.022899,0.0,-0.1,0.033333,Bellevue_150th_Newport
3302,within,0.075917,-0.068585,0.023163,0.0,-0.266667,0.266667,Bellevue_150th_Newport
3303,within,0.079053,-0.073715,0.025282,0.0,-0.2,0.166667,Bellevue_150th_Newport
3304,within,0.080272,-0.067922,0.024212,0.0,-0.1,0.066667,Bellevue_150th_Newport
3305,within,0.079394,-0.06441,0.023044,0.25,-0.016667,0.066667,Bellevue_150th_Newport
3306,within,0.539817,0.213062,0.063544,0.2,0.1,0.0,Bellevue_150th_Newport
3307,within,0.278485,0.074537,0.033484,0.516667,0.183333,0.083333,Bellevue_150th_Newport
3308,within,0.299218,0.071705,0.034784,0.1,-0.033333,0.05,Bellevue_150th_Newport
3309,within,0.125699,-0.013967,0.019207,0.0,-0.1,0.033333,Bellevue_150th_Newport
3310,within,0.075093,-0.068382,0.023157,0.0,-0.066667,0.0,Bellevue_150th_Newport
3311,within,0.076841,-0.068987,0.0237,0.066667,-0.3,0.15,Bellevue_150th_Newport
3312,within,0.24137,0.027846,0.043944,0.044444,0.022222,0.0,Bellevue_150th_Newport
3313,within,0.270521,0.045812,0.036036,0.033333,-0.1,0.066667,Bellevue_150th_Newport
3314,within,0.106551,-0.036299,0.023519,0.0,-0.133333,0.066667,Bellevue_150th_Newport
3315,within,0.076126,-0.068805,0.023468,0.033333,-0.2,0.066667,Bellevue_150th_Newport
3316,within,0.078529,-0.066746,0.023513,0.0,-0.033333,0.033333,Bellevue_150th_Newport
3317,within,0.076452,-0.068486,0.023216,0.0,-0.066667,0.0,Bellevue_150th_Newport
3318,within,0.074269,-0.069918,0.023217,0.0,-0.066667,0.0,Bellevue_150th_Newport
3319,within,0.075497,-0.075079,0.024797,0.0,-0.066667,0.033333,Bellevue_150th_Newport
3320,within,0.077623,-0.067238,0.023776,0.0,-0.133333,0.1,Bellevue_150th_Newport
3321,within,0.100713,-0.054475,0.028765,0.0,-0.133333,0.1,Bellevue_150th_Newport
3322,within,0.076315,-0.06965,0.024093,0.0,-0.066667,0.033333,Bellevue_150th_Newport
3323,within,0.077987,-0.06631,0.023302,0.0,-0.133333,0.033333,Bellevue_150th_Newport
3324,within,0.076345,-0.068575,0.02369,0.0,-0.366667,0.133333,Bellevue_150th_Newport
3325,within,0.076298,-0.06865,0.023311,0.0,-0.166667,0.0,Bellevue_150th_Newport
3326,within,0.07667,-0.068723,0.023505,0.0,-0.066667,0.066667,Bellevue_150th_Newport
3327,within,0.082034,-0.065868,0.023796,0.0,-0.1,0.066667,Bellevue_150th_Newport
3328,within,0.074869,-0.069217,0.023307,0.0,-0.1,0.066667,Bellevue_150th_Newport
3329,within,0.075933,-0.069469,0.023348,0.033333,-0.133333,0.133333,Bellevue_150th_Newport
3330,within,0.073143,-0.069419,0.023105,0.066667,-0.133333,0.066667,Bellevue_150th_Newport
3331,within,0.080614,-0.073347,0.025602,0.0,-0.233333,0.1,Bellevue_150th_Newport
3332,within,0.075508,-0.068899,0.02369,0.133333,-0.116667,0.033333,Bellevue_150th_Newport
3333,within,0.192332,0.022877,0.017318,0.033333,-0.2,0.033333,Bellevue_150th_Newport
3334,within,0.517277,0.203392,0.062636,0.366667,0.2,0.033333,Bellevue_150th_Newport
3335,within,0.138347,-0.002451,0.01943,0.0,-0.066667,0.033333,Bellevue_150th_Newport
3336,within,0.074298,-0.068948,0.023097,0.0,-0.2,0.066667,Bellevue_150th_Newport
3337,within,0.246848,0.008112,0.046291,0.033333,0.0,0.0,Bellevue_150th_Newport
3338,within,0.083967,-0.057675,0.022443,0.0,-0.233333,0.133333,Bellevue_150th_Newport
3339,within,0.125548,-0.020039,0.023316,0.016667,-0.1,0.066667,Bellevue_150th_Newport
3340,within,0.262374,0.062239,0.032399,0.333333,0.05,0.166667,Bellevue_150th_Newport
3341,within,0.078107,-0.063766,0.023474,0.0,-0.2,0.133333,Bellevue_150th_Newport
3342,within,0.075754,-0.069428,0.023383,0.0,-0.166667,0.1,Bellevue_150th_Newport
3343,within,0.080103,-0.074331,0.025787,0.016667,-0.216667,0.1,Bellevue_150th_Newport
3344,within,0.074224,-0.070082,0.023523,0.033333,-0.433333,0.2,Bellevue_150th_Newport
3345,within,0.073272,-0.070154,0.023021,0.0,-0.066667,0.066667,Bellevue_150th_Newport
3346,within,0.07592,-0.067506,0.02314,0.033333,-0.233333,0.066667,Bellevue_150th_Newport
3347,within,0.077756,-0.070927,0.024606,0.0,-0.066667,0.033333,Bellevue_150th_Newport
3348,within,0.079793,-0.065393,0.023738,0.0,-0.066667,0.066667,Bellevue_150th_Newport
3349,within,0.077545,-0.068609,0.023653,0.0,-0.066667,0.033333,Bellevue_150th_Newport
3350,within,0.080054,-0.067159,0.023641,0.0,-0.1,0.0,Bellevue_150th_Newport
3351,within,0.075369,-0.068147,0.023277,0.1,-0.2,0.066667,Bellevue_150th_Newport
3352,within,0.075926,-0.06915,0.023528,0.0,-0.1,0.033333,Bellevue_150th_Newport
3353,within,0.078436,-0.066626,0.023257,0.0,-0.233333,0.166667,Bellevue_150th_Newport
3354,within,0.074603,-0.068678,0.0232,0.016667,-0.183333,0.066667,Bellevue_150th_Newport
3355,within,0.079194,-0.067357,0.023479,0.0,-0.066667,0.033333,Bellevue_150th_Newport
3356,within,0.076136,-0.069432,0.023697,0.0,-0.133333,0.033333,Bellevue_150th_Newport
3357,within,0.237624,0.040455,0.036183,0.0,0.0,0.0,Bellevue_150th_Newport
3358,within,0.279103,0.072766,0.036312,0.2,0.033333,0.033333,Bellevue_150th_Newport
3359,within,0.102105,-0.058492,0.02644,0.0,-0.066667,0.0,Bellevue_150th_Newport
3360,within,0.075393,-0.069912,0.023653,0.0,-0.033333,0.033333,Bellevue_150th_Newport
3361,within,0.07588,-0.067919,0.023319,0.0,-0.1,0.033333,Bellevue_150th_Newport
3362,within,0.075313,-0.068196,0.023325,0.0,-0.066667,0.0,Bellevue_150th_Newport
3363,within,0.076375,-0.068087,0.02332,0.033333,-0.1,0.066667,Bellevue_150th_Newport
3364,within,0.078576,-0.067358,0.023662,0.033333,-0.2,0.133333,Bellevue_150th_Newport
3365,within,0.077149,-0.067844,0.023527,0.0,-0.233333,0.066667,Bellevue_150th_Newport
3366,within,0.076113,-0.068906,0.023439,0.0,-0.066667,0.033333,Bellevue_150th_Newport
3367,within,0.076716,-0.068363,0.023363,0.0,-0.066667,0.066667,Bellevue_150th_Newport
3368,within,0.078051,-0.066584,0.023526,0.0,-0.2,0.033333,Bellevue_150th_Newport
3369,within,0.07569,-0.068425,0.023191,0.0,-0.2,0.1,Bellevue_150th_Newport
3370,within,0.076011,-0.06897,0.023153,0.0,-0.1,0.033333,Bellevue_150th_Newport
3371,within,0.079879,-0.074304,0.025547,0.0,-0.133333,0.0,Bellevue_150th_Newport
3372,within,0.078654,-0.06662,0.023718,0.0,-0.066667,0.0,Bellevue_150th_Newport
3373,within,0.078878,-0.066989,0.023499,0.033333,-0.066667,0.033333,Bellevue_150th_Newport
3374,within,0.54029,0.195837,0.069565,0.322222,0.1,0.033333,Bellevue_150th_Newport
3375,within,0.258192,0.059576,0.033482,0.0,-0.033333,0.0,Bellevue_150th_Newport
3376,within,0.278736,0.072003,0.036074,0.116667,0.033333,0.0,Bellevue_150th_Newport
3377,within,0.084406,-0.063371,0.02326,0.033333,-0.033333,0.033333,Bellevue_150th_Newport
3378,within,0.073825,-0.069308,0.022962,0.0,-0.166667,0.033333,Bellevue_150th_Newport
3379,within,0.074403,-0.068574,0.022939,0.033333,-0.1,0.066667,Bellevue_150th_Newport
3380,within,0.073467,-0.069314,0.0231,0.0,-0.1,0.033333,Bellevue_150th_Newport
3381,within,0.07316,-0.070582,0.023163,0.033333,-0.133333,0.066667,Bellevue_150th_Newport
3382,within,0.088159,-0.057169,0.023169,0.35,-0.0,0.15,Bellevue_150th_Newport
3383,within,0.182588,0.013367,0.016465,0.0,-0.033333,0.0,Bellevue_150th_Newport
3384,within,0.104939,-0.049703,0.026921,0.033333,0.033333,0.0,Bellevue_150th_Newport
3385,within,0.535661,0.211059,0.06838,0.55,-0.083333,0.216667,Bellevue_150th_Newport
3386,within,0.362314,0.089215,0.051741,0.183333,-0.033333,0.0,Bellevue_150th_Newport
3387,within,0.089007,-0.062942,0.024398,0.0,-0.133333,0.0,Bellevue_150th_Newport
3388,within,0.082026,-0.064183,0.024075,0.0,-0.166667,0.0,Bellevue_150th_Newport
3389,within,0.078333,-0.068083,0.02364,0.0,-0.033333,0.033333,Bellevue_150th_Newport
3390,within,0.304403,0.086155,0.041703,0.183333,0.033333,0.033333,Bellevue_150th_Newport
3391,within,0.231789,0.023814,0.041516,0.1,-0.216667,0.133333,Bellevue_150th_Newport
3392,within,0.463673,0.135596,0.064773,0.2,0.05,0.0,Bellevue_150th_Newport
3393,within,0.082128,-0.057994,0.022321,0.0,-0.133333,0.033333,Bellevue_150th_Newport
3394,within,0.073951,-0.069853,0.023295,0.0,-0.133333,0.0,Bellevue_150th_Newport
3395,within,0.080361,-0.065818,0.023397,0.0,-0.2,0.166667,Bellevue_150th_Newport
3396,within,0.074799,-0.067987,0.022914,0.0,-0.133333,0.033333,Bellevue_150th_Newport
3397,within,0.108964,-0.037682,0.023876,0.0,-0.033333,0.0,Bellevue_150th_Newport
3398,within,0.251917,0.057372,0.032087,0.266667,0.083333,0.033333,Bellevue_150th_Newport
3399,within,0.078192,-0.074199,0.02532,0.0,-0.1,0.1,Bellevue_150th_Newport
3400,within,0.259115,0.059343,0.033201,0.283333,0.066667,0.033333,Bellevue_150th_Newport
3401,within,0.333904,0.096532,0.040646,0.066667,0.0,0.0,Bellevue_150th_Newport
3402,within,0.184386,0.018667,0.019269,0.0,-0.1,0.0,Bellevue_150th_Newport
3403,within,0.077367,-0.06822,0.023514,0.0,-0.166667,0.066667,Bellevue_150th_Newport
3404,within,0.116517,-0.030133,0.022869,0.366667,0.1,0.1,Bellevue_150th_Newport
3405,within,0.160394,0.010794,0.015615,0.0,-0.133333,0.033333,Bellevue_150th_Newport
3406,within,0.077408,-0.065967,0.023147,0.0,-0.1,0.066667,Bellevue_150th_Newport
3407,within,0.080121,-0.067087,0.023798,0.0,-0.1,0.066667,Bellevue_150th_Newport
3408,within,0.081312,-0.065604,0.023295,0.033333,-0.033333,0.033333,Bellevue_150th_Newport
3409,within,0.078348,-0.067313,0.023491,0.0,-0.1,0.033333,Bellevue_150th_Newport
3410,within,0.07453,-0.067823,0.022706,0.066667,-0.2,0.033333,Bellevue_150th_Newport
3411,within,0.360527,0.114033,0.047624,0.316667,0.083333,0.116667,Bellevue_150th_Newport
3412,within,0.178256,0.012955,0.018795,0.016667,-0.033333,0.033333,Bellevue_150th_Newport
3413,within,0.113768,-0.027643,0.018643,0.0,-0.1,0.033333,Bellevue_150th_Newport
3414,within,0.084955,-0.064646,0.022092,0.0,-0.133333,0.066667,Bellevue_150th_Newport
3415,within,0.083722,-0.064797,0.02166,0.033333,-0.066667,0.033333,Bellevue_150th_Newport
3416,within,0.229935,0.040385,0.022101,0.75,0.2,0.133333,Bellevue_150th_Newport
3417,within,0.30041,0.070971,0.035939,0.033333,-0.033333,0.0,Bellevue_150th_Newport
3418,within,0.077545,-0.06651,0.023296,0.033333,-0.1,0.0,Bellevue_150th_Newport
3419,within,0.076514,-0.067772,0.023591,0.0,-0.033333,0.0,Bellevue_150th_Newport
3420,within,0.077624,-0.066916,0.023541,0.0,-0.133333,0.066667,Bellevue_150th_Newport
3421,within,0.080163,-0.06562,0.023716,0.0,-0.133333,0.066667,Bellevue_150th_Newport
3422,within,0.082315,-0.064607,0.023979,0.0,-0.233333,0.066667,Bellevue_150th_Newport
3423,within,0.076321,-0.068173,0.02321,0.033333,-0.066667,0.0,Bellevue_150th_Newport
3424,within,0.083845,-0.07187,0.026028,0.0,-0.066667,0.033333,Bellevue_150th_Newport
3425,within,0.082676,-0.067166,0.024537,0.0,-0.1,0.066667,Bellevue_150th_Newport
3426,within,0.081671,-0.064766,0.024076,0.0,-0.166667,0.0,Bellevue_150th_Newport
3427,within,0.151048,-0.020104,0.0306,0.116667,-0.183333,0.05,Bellevue_150th_Newport
3428,within,0.317488,0.069085,0.051143,0.066667,-0.3,0.166667,Bellevue_150th_Newport
3429,within,0.111387,-0.029656,0.022779,0.033333,-0.133333,0.066667,Bellevue_150th_Newport
3430,within,0.233529,0.047029,0.032269,0.316667,0.116667,0.016667,Bellevue_150th_Newport
3431,within,0.468021,0.171444,0.05535,0.15,0.05,0.05,Bellevue_150th_Newport
3432,within,0.103618,-0.033839,0.021079,0.0,-0.1,0.1,Bellevue_150th_Newport
3433,within,0.075737,-0.06805,0.022921,0.0,-0.166667,0.033333,Bellevue_150th_Newport
3434,within,0.07996,-0.065393,0.023579,0.0,-0.166667,0.033333,Bellevue_150th_Newport
3435,within,0.075896,-0.068361,0.023417,0.0,-0.2,0.066667,Bellevue_150th_Newport
3436,within,0.081084,-0.07364,0.0257,0.0,-0.2,0.066667,Bellevue_150th_Newport
3437,within,0.079957,-0.067439,0.024285,0.033333,-0.3,0.133333,Bellevue_150th_Newport
3438,within,0.076381,-0.067267,0.023426,0.0,-0.133333,0.033333,Bellevue_150th_Newport
3439,within,0.080553,-0.065408,0.023833,0.0,-0.1,0.033333,Bellevue_150th_Newport
3440,within,0.074816,-0.068107,0.023203,0.0,-0.166667,0.0,Bellevue_150th_Newport
3441,within,0.076539,-0.068189,0.023229,0.033333,-0.266667,0.1,Bellevue_150th_Newport
3442,within,0.075976,-0.067959,0.023358,0.216667,0.033333,0.033333,Bellevue_150th_Newport
3443,within,0.179214,0.022543,0.019388,0.0,-0.066667,0.0,Bellevue_150th_Newport
3444,within,0.26653,0.063693,0.03596,0.116667,0.0,0.033333,Bellevue_150th_Newport
3445,within,0.296512,0.081297,0.042775,0.133333,0.0,0.0,Bellevue_150th_Newport
3446,within,0.132169,-0.022935,0.01961,0.216667,-0.016667,0.016667,Bellevue_150th_Newport
3447,within,0.181466,0.019547,0.013196,0.0,-0.166667,0.033333,Bellevue_150th_Newport
3448,within,0.084864,-0.065242,0.025485,0.033333,-0.2,0.033333,Bellevue_150th_Newport
3449,within,0.077575,-0.066248,0.023388,0.216667,-0.066667,0.033333,Bellevue_150th_Newport
3450,within,0.242519,0.045697,0.022607,0.133333,0.05,0.0,Bellevue_150th_Newport
3451,within,0.089071,-0.049478,0.02178,0.0,-0.2,0.033333,Bellevue_150th_Newport
3452,within,0.082438,-0.068281,0.024531,0.0,-0.166667,0.0,Bellevue_150th_Newport
3453,within,0.07494,-0.067692,0.023293,0.033333,-0.133333,0.1,Bellevue_150th_Newport
3454,within,0.076181,-0.066945,0.023167,0.0,-0.233333,0.066667,Bellevue_150th_Newport
3455,within,0.079205,-0.06676,0.023167,0.033333,-0.1,0.033333,Bellevue_150th_Newport
3456,within,0.07798,-0.067862,0.02351,0.033333,-0.166667,0.033333,Bellevue_150th_Newport
3457,within,0.550769,0.209054,0.066715,0.316667,0.083333,0.116667,Bellevue_150th_Newport
3458,within,0.240512,0.046926,0.030559,0.033333,-0.033333,0.0,Bellevue_150th_Newport
3459,within,0.296642,0.083765,0.037769,0.188889,0.033333,0.033333,Bellevue_150th_Newport
3460,within,0.284951,0.064571,0.033607,0.0,0.0,0.0,Bellevue_150th_Newport
3461,within,0.085286,-0.054994,0.021196,0.0,-0.1,0.033333,Bellevue_150th_Newport
3462,within,0.074553,-0.069286,0.023003,0.0,-0.2,0.066667,Bellevue_150th_Newport
3463,within,0.077501,-0.067288,0.023064,0.033333,-0.133333,0.0,Bellevue_150th_Newport
3464,within,0.089465,-0.066753,0.026486,0.133333,-0.066667,0.05,Bellevue_150th_Newport
3465,within,0.49888,0.162544,0.060127,0.25,0.1,0.033333,Bellevue_150th_Newport
3466,within,0.126736,-0.014351,0.020804,0.0,-0.066667,0.033333,Bellevue_150th_Newport
3467,within,0.084625,-0.063526,0.023776,0.0,-0.1,0.033333,Bellevue_150th_Newport
3468,within,0.076957,-0.068393,0.023466,0.0,-0.166667,0.033333,Bellevue_150th_Newport
3469,within,0.079454,-0.067123,0.023966,0.0,-0.1,0.033333,Bellevue_150th_Newport
3470,within,0.075444,-0.068447,0.022855,0.0,-0.1,0.066667,Bellevue_150th_Newport
3471,within,0.296769,0.080265,0.041338,0.283333,0.066667,0.033333,Bellevue_150th_Newport
3472,within,0.30236,0.075576,0.037888,0.033333,0.0,0.0,Bellevue_150th_Newport
3473,within,0.257212,0.052629,0.030937,0.216667,0.066667,0.033333,Bellevue_150th_Newport
3474,within,0.174402,0.014832,0.01469,0.266667,0.1,0.0,Bellevue_150th_Newport
3475,within,0.34024,0.098157,0.040267,0.1,0.1,0.0,Bellevue_150th_Newport
3476,within,0.105973,-0.042589,0.02582,0.05,-0.116667,0.066667,Bellevue_150th_Newport
3477,within,0.077048,-0.067897,0.023346,0.0,0.0,0.0,Bellevue_150th_Newport
3478,within,0.077343,-0.068551,0.023261,0.0,-0.133333,0.066667,Bellevue_150th_Newport
3479,within,0.078889,-0.066861,0.023618,0.033333,-0.033333,0.033333,Bellevue_150th_Newport
3480,within,0.080374,-0.066514,0.023601,0.033333,-0.2,0.133333,Bellevue_150th_Newport
3481,within,0.078728,-0.06706,0.023571,0.0,0.0,0.0,Bellevue_150th_Newport
3482,within,0.076735,-0.067886,0.02312,0.0,-0.1,0.066667,Bellevue_150th_Newport
3483,within,0.147228,-0.001038,0.021803,0.033333,-0.133333,0.066667,Bellevue_150th_Newport
3484,within,0.300778,0.08341,0.037405,0.433333,0.216667,0.0,Bellevue_150th_Newport
3485,within,0.277234,0.057034,0.032771,0.116667,0.0,0.033333,Bellevue_150th_Newport
3486,within,0.337509,0.072018,0.040659,0.2,0.1,0.0,Bellevue_150th_Newport
3487,within,0.109283,-0.036503,0.016241,0.1,0.0,0.0,Bellevue_150th_Newport
3488,within,0.559137,0.219796,0.067105,0.083333,0.05,0.0,Bellevue_150th_Newport
3489,within,0.126305,-0.014274,0.020476,0.3,-0.033333,0.033333,Bellevue_150th_Newport
3490,within,0.393489,0.143719,0.047584,0.066667,0.033333,0.0,Bellevue_150th_Newport
3491,within,0.128901,-0.013821,0.021248,0.0,-0.133333,0.033333,Bellevue_150th_Newport
3492,within,0.087323,-0.06874,0.026203,0.0,0.0,0.0,Bellevue_150th_Newport
3493,within,0.076557,-0.067406,0.023464,0.033333,-0.016667,0.0,Bellevue_150th_Newport
3494,within,0.135751,-0.008995,0.019953,0.0,-0.1,0.0,Bellevue_150th_Newport
3495,within,0.076326,-0.068714,0.023208,0.066667,0.0,0.033333,Bellevue_150th_Newport
3496,within,0.321328,0.04306,0.045569,0.033333,0.0,0.033333,Bellevue_150th_Newport
3497,within,0.249626,0.043137,0.039921,0.687778,0.113889,0.006667,Bellevue_150th_Newport
3498,within,0.569935,0.20167,0.080472,0.166667,0.066667,0.0,Bellevue_150th_Newport
3499,within,0.140403,-0.004116,0.019344,0.116667,0.0,0.0,Bellevue_150th_Newport
3500,within,0.139957,-0.00132,0.011545,0.016667,-0.15,0.0,Bellevue_150th_Newport
3501,within,0.088279,-0.056592,0.023295,0.05,0.033333,0.0,Bellevue_150th_Newport
3502,within,0.144958,0.001966,0.016006,0.183333,0.066667,0.0,Bellevue_150th_Newport
3503,within,0.315981,0.083183,0.038843,0.275,0.113889,0.027778,Bellevue_150th_Newport
3504,within,0.495775,0.172631,0.06381,0.133333,0.033333,0.0,Bellevue_150th_Newport
3505,within,0.280592,0.068337,0.036703,0.0,-0.133333,0.033333,Bellevue_150th_Newport
3506,within,0.074883,-0.069431,0.023281,0.0,-0.266667,0.1,Bellevue_150th_Newport
3507,within,0.076735,-0.067879,0.023429,0.0,-0.1,0.0,Bellevue_150th_Newport
3508,within,0.239566,0.047544,0.030652,0.2,0.016667,0.0,Bellevue_150th_Newport
3509,within,0.220007,0.04017,0.021438,0.066667,0.0,0.033333,Bellevue_150th_Newport
3510,within,0.258094,0.055898,0.033289,0.033333,-0.066667,0.033333,Bellevue_150th_Newport
3511,within,0.089366,-0.050396,0.023168,0.033333,-0.166667,0.033333,Bellevue_150th_Newport
3512,within,0.596856,0.216169,0.080511,0.472222,0.216667,0.066667,Bellevue_150th_Newport
3513,within,0.352982,0.102168,0.043845,0.233333,0.133333,0.066667,Bellevue_150th_Newport
3514,within,0.132247,-0.007076,0.016986,0.0,-0.1,0.0,Bellevue_150th_Newport
3515,within,0.076848,-0.065469,0.022661,0.0,-0.2,0.0,Bellevue_150th_Newport
3516,within,0.078986,-0.074414,0.025242,0.2,0.0,0.033333,Bellevue_150th_Newport
3517,within,0.26069,0.066075,0.025126,0.333333,0.2,0.033333,Bellevue_150th_Newport
3518,within,0.101777,-0.032278,0.020289,0.0,-0.266667,0.066667,Bellevue_150th_Newport
3519,within,0.074607,-0.068838,0.022576,0.0,-0.066667,0.033333,Bellevue_150th_Newport
3520,within,0.080769,-0.06563,0.023161,0.033333,-0.033333,0.033333,Bellevue_150th_Newport
3521,within,0.073656,-0.069046,0.022999,0.0,-0.3,0.066667,Bellevue_150th_Newport
3522,within,0.071766,-0.070127,0.022519,0.0,-0.233333,0.1,Bellevue_150th_Newport
3523,within,0.078782,-0.067081,0.023225,0.236111,-0.055556,0.05,Bellevue_150th_Newport
3524,within,0.358126,0.085236,0.058164,0.238889,0.111111,0.027778,Bellevue_150th_Newport
3525,within,0.313719,0.076175,0.038276,0.216667,0.116667,0.05,Bellevue_150th_Newport
3526,within,0.149868,-0.001408,0.020681,0.0,-0.233333,0.066667,Bellevue_150th_Newport
3527,within,0.078962,-0.067334,0.023293,0.05,-0.15,0.05,Bellevue_150th_Newport
3528,within,0.658266,0.230731,0.088762,0.316667,0.183333,0.05,Bellevue_150th_Newport
3529,within,0.14346,0.00079,0.017559,0.0,-0.066667,0.0,Bellevue_150th_Newport
3530,within,0.077472,-0.066644,0.022935,0.033333,-0.066667,0.0,Bellevue_150th_Newport
3531,within,0.480831,0.175517,0.061598,0.233333,0.15,0.0,Bellevue_150th_Newport
3532,within,0.450069,0.153471,0.059897,0.383333,0.144444,0.0,Bellevue_150th_Newport
3533,within,0.582989,0.217457,0.078433,0.166667,0.033333,0.133333,Bellevue_150th_Newport
3534,within,0.164112,0.014008,0.017086,0.033333,-0.233333,0.066667,Bellevue_150th_Newport
3535,within,0.079663,-0.061518,0.022971,0.0,-0.266667,0.166667,Bellevue_150th_Newport
3536,within,0.079917,-0.066894,0.023292,0.066667,0.033333,0.0,Bellevue_150th_Newport
3537,within,0.12788,-0.012813,0.019914,0.1,0.033333,0.0,Bellevue_150th_Newport
3538,within,0.195381,0.025317,0.022158,0.35,0.216667,0.033333,Bellevue_150th_Newport
3539,within,0.394275,0.133037,0.048471,0.166667,0.133333,0.0,Bellevue_150th_Newport
3540,within,0.078223,-0.065784,0.023025,0.016667,-0.25,0.1,Bellevue_150th_Newport
3541,within,0.093824,-0.048501,0.022585,0.2,-0.116667,0.116667,Bellevue_150th_Newport
3542,within,0.620984,0.253931,0.076856,0.683333,0.25,0.4,Bellevue_150th_Newport
3543,within,0.627904,0.223922,0.095781,0.066667,-0.016667,0.0,Bellevue_150th_Newport
3544,within,0.084201,-0.070323,0.02514,0.033333,-0.133333,0.133333,Bellevue_150th_Newport
3545,within,0.075886,-0.067836,0.023177,0.0,-0.333333,0.233333,Bellevue_150th_Newport
3546,within,0.076171,-0.068392,0.022935,0.0,-0.1,0.033333,Bellevue_150th_Newport
3547,within,0.082308,-0.062198,0.023367,0.0,-0.1,0.033333,Bellevue_150th_Newport
3548,within,0.0796,-0.06483,0.023413,0.0,-0.166667,0.066667,Bellevue_150th_Newport
3549,within,0.181744,0.005971,0.0303,0.333333,0.033333,0.166667,Bellevue_150th_Newport
3550,within,0.164161,0.011841,0.019764,0.033333,-0.166667,0.066667,Bellevue_150th_Newport
3551,within,0.073184,-0.06725,0.022392,0.0,-0.2,0.066667,Bellevue_150th_Newport
3552,within,0.08459,-0.064081,0.024068,0.0,-0.1,0.0,Bellevue_150th_Newport
3553,within,0.079,-0.067199,0.023674,0.0,-0.133333,0.0,Bellevue_150th_Newport
3554,within,0.082301,-0.066411,0.023803,0.066667,-0.1,0.066667,Bellevue_150th_Newport
3555,within,0.512582,0.177548,0.067388,0.7,0.333333,0.116667,Bellevue_150th_Newport
3556,within,0.346257,0.108391,0.03599,0.0,-0.033333,0.0,Bellevue_150th_Newport
3557,within,0.082239,-0.057446,0.022779,0.05,-0.033333,0.016667,Bellevue_150th_Newport
3558,within,0.357795,0.105447,0.050226,0.066667,-0.1,0.066667,Bellevue_150th_Newport
3559,within,0.09996,-0.041068,0.0223,0.0,-0.2,0.033333,Bellevue_150th_Newport
3560,within,0.094764,-0.049375,0.022236,0.033333,-0.1,0.033333,Bellevue_150th_Newport
3561,within,0.145667,0.000738,0.014538,0.1,-0.1,0.0,Bellevue_150th_Newport
3562,within,0.087864,-0.054198,0.022206,0.111111,-0.022222,0.066667,Bellevue_150th_Newport
3563,within,0.232746,0.046089,0.022753,0.0,0.0,0.0,Bellevue_150th_Newport
3564,within,0.08063,-0.061557,0.022705,0.033333,-0.266667,0.066667,Bellevue_150th_Newport
3565,within,0.074906,-0.068854,0.023107,0.0,-0.2,0.033333,Bellevue_150th_Newport
3566,within,0.253683,0.057783,0.031031,0.0,0.0,0.0,Bellevue_150th_Newport
3567,within,0.339415,0.106294,0.041647,0.1,-0.066667,0.016667,Bellevue_150th_Newport
3568,within,0.079831,-0.073597,0.02512,0.1,-0.033333,0.033333,Bellevue_150th_Newport
3569,within,0.255016,0.049298,0.027297,0.0,-0.066667,0.033333,Bellevue_150th_Newport
3570,within,0.090407,-0.048803,0.021611,0.0,-0.1,0.033333,Bellevue_150th_Newport
3571,within,0.080128,-0.066692,0.023341,0.0,-0.033333,0.0,Bellevue_150th_Newport
3572,within,0.258702,0.052825,0.038362,0.15,0.066667,0.033333,Bellevue_150th_Newport
3573,within,0.082738,-0.062407,0.022406,0.0,-0.233333,0.066667,Bellevue_150th_Newport
3574,within,0.08075,-0.065411,0.02319,0.0,-0.1,0.033333,Bellevue_150th_Newport
3575,within,0.079334,-0.065013,0.023484,0.0,-0.1,0.0,Bellevue_150th_Newport
3576,within,0.077495,-0.067461,0.023214,0.033333,0.0,0.0,Bellevue_150th_Newport
3577,within,0.252476,0.055956,0.03032,0.066667,0.0,0.0,Bellevue_150th_Newport
3578,within,0.272976,0.061296,0.033419,0.416667,0.133333,0.066667,Bellevue_150th_Newport
3579,within,0.237156,0.032511,0.02977,0.0,-0.033333,0.0,Bellevue_150th_Newport
3580,within,0.084341,-0.06153,0.022897,0.0,-0.066667,0.0,Bellevue_150th_Newport
3581,within,0.081542,-0.064879,0.023534,0.033333,-0.166667,0.066667,Bellevue_150th_Newport
3582,within,0.080447,-0.065749,0.023618,0.2,-0.083333,0.033333,Bellevue_150th_Newport
3583,within,0.551046,0.218508,0.064679,0.233333,0.083333,0.033333,Bellevue_150th_Newport
3584,within,0.097216,-0.055793,0.026472,0.0,-0.2,0.066667,Bellevue_150th_Newport
3585,within,0.078613,-0.066531,0.0233,0.133333,0.066667,0.033333,Bellevue_150th_Newport
3586,within,0.148735,0.002332,0.018378,0.0,-0.166667,0.0,Bellevue_150th_Newport
3587,within,0.075273,-0.067892,0.022806,0.088889,-0.1,0.066667,Bellevue_150th_Newport
3588,within,0.357683,0.089191,0.05299,0.133333,0.0,0.033333,Bellevue_150th_Newport
3589,within,0.198192,0.0326,0.023373,0.0,-0.133333,0.066667,Bellevue_150th_Newport
3590,within,0.084414,-0.055803,0.022099,0.0,-0.033333,0.0,Bellevue_150th_Newport
3591,within,0.099605,-0.045893,0.023192,0.0,-0.166667,0.066667,Bellevue_150th_Newport
3592,within,0.386456,0.102502,0.059704,0.194444,0.055556,0.0,Bellevue_150th_Newport
3593,within,0.512656,0.162407,0.073286,0.333333,0.155556,0.016667,Bellevue_150th_Newport
3594,within,0.152755,0.004396,0.018775,0.177778,0.005556,0.127778,Bellevue_150th_Newport
3595,within,0.445062,0.116252,0.074807,0.166667,0.133333,0.0,Bellevue_150th_Newport
3596,within,0.179924,0.016972,0.016267,0.0,-0.2,0.133333,Bellevue_150th_Newport
3597,within,0.094432,-0.040534,0.021017,0.016667,-0.133333,0.0,Bellevue_150th_Newport
3598,within,0.218543,0.041556,0.024863,0.033333,0.0,0.033333,Bellevue_150th_Newport
3599,within,0.166092,0.015231,0.019303,0.0,-0.266667,0.066667,Bellevue_150th_Newport
3600,within,0.085103,-0.056731,0.022718,0.0,-0.166667,0.033333,Bellevue_150th_Newport
3601,within,0.07675,-0.067679,0.023663,0.033333,-0.266667,0.033333,Bellevue_150th_Newport
3602,within,0.077842,-0.06735,0.023723,0.033333,-0.066667,0.0,Bellevue_150th_Newport
3603,within,0.40925,0.08028,0.063522,0.1,0.033333,0.066667,Bellevue_150th_Newport
3604,within,0.388927,0.129789,0.049559,0.316667,0.066667,0.033333,Bellevue_150th_Newport
3605,within,0.333285,0.090936,0.040872,0.033333,0.0,0.0,Bellevue_150th_Newport
3606,within,0.106515,-0.03299,0.019484,0.0,-0.2,0.066667,Bellevue_150th_Newport
3607,within,0.298594,0.069336,0.044749,0.266667,0.0,0.133333,Bellevue_150th_Newport
3608,within,0.097294,-0.052409,0.024742,0.0,-0.2,0.0,Bellevue_150th_Newport
3609,within,0.088974,-0.047067,0.02201,0.0,-0.066667,0.066667,Bellevue_150th_Newport
3610,within,0.075732,-0.069817,0.02383,0.0,-0.166667,0.033333,Bellevue_150th_Newport
3611,within,0.07831,-0.066992,0.023736,0.0,-0.233333,0.066667,Bellevue_150th_Newport
3612,within,0.079107,-0.074268,0.025449,0.066667,-0.133333,0.066667,Bellevue_150th_Newport
3613,within,0.079649,-0.068407,0.02433,0.083333,-0.083333,0.033333,Bellevue_150th_Newport
3614,within,0.263202,0.047022,0.035176,0.3,0.0,0.116667,Bellevue_150th_Newport
3615,within,0.51078,0.214858,0.059818,0.55,0.2,0.283333,Bellevue_150th_Newport
3616,within,0.369962,0.114122,0.047488,0.066667,-0.033333,0.033333,Bellevue_150th_Newport
3617,within,0.141006,-0.0044,0.020596,0.0,-0.116667,0.033333,Bellevue_150th_Newport
3618,within,0.267349,0.040429,0.04714,0.0,-0.1,0.066667,Bellevue_150th_Newport
3619,within,0.114208,-0.030993,0.02477,0.0,-0.233333,0.066667,Bellevue_150th_Newport
3620,within,0.216782,0.026757,0.033341,0.366667,0.133333,0.05,Bellevue_150th_Newport
3621,within,0.492711,0.199559,0.060341,0.161111,0.022222,0.011111,Bellevue_150th_Newport
3622,within,0.177487,0.007239,0.021411,0.0,-0.033333,0.033333,Bellevue_150th_Newport
3623,within,0.185266,0.023134,0.01971,0.033333,-0.016667,0.0,Bellevue_150th_Newport
3624,within,0.420041,0.139424,0.054851,0.205556,-0.083333,0.033333,Bellevue_150th_Newport
3625,within,0.150212,0.002773,0.020552,0.166667,0.033333,0.0,Bellevue_150th_Newport
3626,within,0.375492,0.132934,0.04635,0.366667,0.2,0.0,Bellevue_150th_Newport
3627,within,0.200582,0.010031,0.029069,0.533333,0.133333,0.0,Bellevue_150th_Newport
3628,within,0.605254,0.205953,0.083385,0.266667,0.033333,0.0,Bellevue_150th_Newport
3629,within,0.308672,0.075875,0.040596,0.2,0.116667,0.0,Bellevue_150th_Newport
3630,within,0.429361,0.147316,0.056492,0.116667,-0.016667,0.05,Bellevue_150th_Newport
3631,within,0.080372,-0.064714,0.023741,0.0,-0.233333,0.1,Bellevue_150th_Newport
3632,within,0.075337,-0.069308,0.023581,0.033333,-0.166667,0.0,Bellevue_150th_Newport
3633,within,0.075278,-0.0692,0.023538,0.0,-0.1,0.033333,Bellevue_150th_Newport
3634,within,0.094821,-0.058515,0.025676,0.033333,0.0,0.0,Bellevue_150th_Newport
3635,within,0.152364,-6.1e-05,0.022904,0.366667,0.077778,0.1,Bellevue_150th_Newport
3636,within,0.475106,0.159818,0.06448,0.477778,0.083333,0.0,Bellevue_150th_Newport
3637,within,0.306455,0.025476,0.057581,0.183333,0.033333,0.066667,Bellevue_150th_Newport
3638,within,0.146426,0.002835,0.018904,0.0,-0.133333,0.066667,Bellevue_150th_Newport
3639,within,0.080668,-0.066115,0.023893,0.05,-0.05,0.0,Bellevue_150th_Newport
3640,within,0.336342,0.094104,0.045736,0.383333,-0.083333,0.283333,Bellevue_150th_Newport
3641,within,0.085841,-0.062315,0.026666,0.0,-0.133333,0.066667,Bellevue_150th_Newport
3642,within,0.137406,-0.018168,0.028685,0.322222,0.0,0.083333,Bellevue_150th_Newport
3643,within,0.481604,0.203143,0.055056,0.3,0.0,0.05,Bellevue_150th_Newport
3644,within,0.231927,0.053602,0.028632,0.0,-0.233333,0.1,Bellevue_150th_Newport
3645,within,0.084688,-0.059468,0.025866,0.0,-0.1,0.0,Bellevue_150th_Newport
3646,within,0.081171,-0.063716,0.026321,0.0,-0.3,0.166667,Bellevue_150th_Newport
3647,within,0.08431,-0.061977,0.026342,0.0,-0.266667,0.1,Bellevue_150th_Newport
3648,within,0.093522,-0.048199,0.026362,0.0,-0.2,0.066667,Bellevue_150th_Newport
3649,within,0.085062,-0.070562,0.027569,0.0,-0.166667,0.066667,Bellevue_150th_Newport
3650,within,0.311292,0.087867,0.040884,0.4,0.2,0.033333,Bellevue_150th_Newport
3651,within,0.303761,0.078944,0.037016,0.066667,-0.1,0.033333,Bellevue_150th_Newport
3652,within,0.089203,-0.050907,0.024947,0.0,-0.166667,0.033333,Bellevue_150th_Newport
3653,within,0.083391,-0.0622,0.026494,0.0,-0.066667,0.033333,Bellevue_150th_Newport
3654,within,0.080993,-0.065486,0.02619,0.016667,-0.216667,0.066667,Bellevue_150th_Newport
3655,within,0.095745,-0.055871,0.028263,0.0,-0.1,0.033333,Bellevue_150th_Newport
3656,within,0.083482,-0.065619,0.026563,0.0,-0.2,0.033333,Bellevue_150th_Newport
3657,within,0.108971,-0.035685,0.025748,0.272222,0.002778,0.033333,Bellevue_150th_Newport
3658,within,0.571899,0.201735,0.084659,0.355556,0.169444,0.05,Bellevue_150th_Newport
3659,within,0.520267,0.195303,0.068352,0.35,0.016667,0.094444,Bellevue_150th_Newport
3660,within,0.237743,0.015087,0.027593,0.016667,-0.133333,0.0,Bellevue_150th_Newport
3661,within,0.083513,-0.072394,0.027519,0.0,-0.133333,0.033333,Bellevue_150th_Newport
3662,within,0.08283,-0.061293,0.025608,0.066667,-0.066667,0.0,Bellevue_150th_Newport
3663,within,0.429162,0.104283,0.065686,0.133333,0.1,0.0,Bellevue_150th_Newport
3664,within,0.165607,0.012559,0.023746,0.383333,0.1,0.066667,Bellevue_150th_Newport
3665,within,0.416419,0.118132,0.063575,0.772222,0.616667,0.033333,Bellevue_150th_Newport
3666,within,0.518044,0.169546,0.073478,0.461111,0.311111,0.016667,Bellevue_150th_Newport
3667,within,0.207226,0.033137,0.020369,0.033333,0.0,0.0,Bellevue_150th_Newport
3668,within,0.133488,-0.013898,0.024061,0.3,-0.116667,0.116667,Bellevue_150th_Newport
3669,within,0.494839,0.201574,0.058143,0.1,0.033333,0.033333,Bellevue_150th_Newport
3670,within,0.114466,-0.02321,0.022636,0.0,-0.033333,0.0,Bellevue_150th_Newport
3671,within,0.081922,-0.063731,0.02591,0.05,-0.316667,0.1,Bellevue_150th_Newport
3672,within,0.449306,0.151874,0.062385,0.45,0.066667,0.116667,Bellevue_150th_Newport
3673,within,0.438194,0.167544,0.049735,0.4,0.216667,0.133333,Bellevue_150th_Newport
3674,within,0.131987,-0.007355,0.019128,0.066667,-0.066667,0.0,Bellevue_150th_Newport
3675,within,0.646389,0.248846,0.076379,0.083333,0.066667,0.0,Bellevue_150th_Newport
3676,within,0.46635,0.153908,0.062292,0.116667,-0.066667,0.033333,Bellevue_150th_Newport
3677,within,0.582597,0.228799,0.070961,0.561111,0.066667,0.233333,Bellevue_150th_Newport
3678,within,0.557246,0.212543,0.066771,0.188889,0.066667,0.033333,Bellevue_150th_Newport
3679,within,0.156794,0.006048,0.021417,0.0,-0.166667,0.033333,Bellevue_150th_Newport
3680,within,0.088536,-0.060919,0.024347,0.0,-0.1,0.033333,Bellevue_150th_Newport
3681,within,0.087367,-0.062966,0.024458,0.066667,-0.033333,0.016667,Bellevue_150th_Newport
3682,within,0.352449,0.074736,0.062033,0.3,0.05,0.044444,Bellevue_150th_Newport
3683,within,0.506751,0.168944,0.067133,0.197222,0.111111,0.008333,Bellevue_150th_Newport
3684,within,0.394249,0.130425,0.047946,0.1,-0.033333,0.033333,Bellevue_150th_Newport
3685,within,0.16269,0.009497,0.023699,0.205556,-0.1,0.066667,Bellevue_150th_Newport
3686,within,0.378097,0.131184,0.047414,0.066667,0.0,0.0,Bellevue_150th_Newport
3687,within,0.112982,-0.023212,0.021819,0.05,-0.233333,0.066667,Bellevue_150th_Newport
3688,within,0.399648,0.114445,0.053969,0.158333,0.041667,0.033333,Bellevue_150th_Newport
3689,within,0.168082,0.005245,0.028748,0.033333,-0.133333,0.0,Bellevue_150th_Newport
3690,within,0.081195,-0.065319,0.026365,0.0,-0.433333,0.133333,Bellevue_150th_Newport
3691,within,0.097575,-0.049678,0.02659,0.216667,-0.116667,0.133333,Bellevue_150th_Newport
3692,within,0.567019,0.239483,0.066909,0.583333,0.011111,0.416667,Bellevue_150th_Newport
3693,within,0.271025,0.05952,0.031625,0.333333,0.0,0.1,Bellevue_150th_Newport
3694,within,0.322574,0.059873,0.043215,0.083333,-0.083333,0.033333,Bellevue_150th_Newport
3695,within,0.158744,0.009887,0.022166,0.0,-0.2,0.066667,Bellevue_150th_Newport
3696,within,0.078954,-0.063688,0.025485,0.016667,-0.166667,0.1,Bellevue_150th_Newport
3697,within,0.311122,0.050243,0.054364,0.533333,0.25,0.066667,Bellevue_150th_Newport
3698,within,0.57558,0.174125,0.101771,0.366667,0.166667,0.016667,Bellevue_150th_Newport
3699,within,0.509381,0.170908,0.071396,0.280556,0.108333,0.061111,Bellevue_150th_Newport
3700,within,0.184668,0.025074,0.017722,0.0,-0.3,0.033333,Bellevue_150th_Newport
3701,within,0.082579,-0.070766,0.026865,0.133333,-0.033333,0.033333,Bellevue_150th_Newport
3702,within,0.468737,0.152564,0.064227,0.316667,0.066667,0.166667,Bellevue_150th_Newport
3703,within,0.222984,0.04569,0.027409,0.0,-0.1,0.0,Bellevue_150th_Newport
3704,within,0.092728,-0.051863,0.026278,0.083333,0.0,0.016667,Bellevue_150th_Newport
3705,within,0.216236,0.044235,0.028066,0.166667,0.033333,0.0,Bellevue_150th_Newport
3706,within,0.632158,0.246073,0.075198,0.655556,0.166667,0.1,Bellevue_150th_Newport
3707,within,0.551471,0.208313,0.07119,0.547222,0.252778,0.105556,Bellevue_150th_Newport
3708,within,0.517027,0.16159,0.071509,0.194444,0.105556,0.05,Bellevue_150th_Newport
3709,within,0.468108,0.118388,0.071397,0.316667,0.066667,0.066667,Bellevue_150th_Newport
3710,within,0.398183,0.126594,0.050148,0.45,0.027778,0.116667,Bellevue_150th_Newport
3711,within,0.281416,0.080915,0.027553,0.166667,0.1,0.0,Bellevue_150th_Newport
3712,within,0.371003,0.099623,0.053377,0.033333,0.0,0.0,Bellevue_150th_Newport
3713,within,0.093819,-0.065384,0.02625,0.0,-0.266667,0.1,Bellevue_150th_Newport
3714,within,0.21243,0.022537,0.035061,0.133333,-0.088889,0.033333,Bellevue_150th_Newport
3715,within,0.490005,0.154347,0.067066,0.361111,0.155556,0.0,Bellevue_150th_Newport
3716,within,0.574071,0.207225,0.07591,0.4,0.1,0.066667,Bellevue_150th_Newport
3717,within,0.225147,0.049737,0.028452,0.188889,0.033333,0.033333,Bellevue_150th_Newport
3718,within,0.373314,0.122766,0.051443,0.4,0.266667,0.0,Bellevue_150th_Newport
3719,within,0.432761,0.136931,0.056946,0.033333,0.0,0.0,Bellevue_150th_Newport
3720,within,0.324676,0.101881,0.041117,0.4,0.05,0.05,Bellevue_150th_Newport
3721,within,0.542796,0.201483,0.071893,0.266667,0.083333,0.016667,Bellevue_150th_Newport
3722,within,0.467633,0.176566,0.056276,0.333333,0.233333,0.033333,Bellevue_150th_Newport
3723,within,0.346333,0.129262,0.039212,0.466667,0.266667,0.166667,Bellevue_150th_Newport
3724,within,0.402503,0.157327,0.042448,0.0,-0.033333,0.0,Bellevue_150th_Newport
3725,within,0.087956,-0.057766,0.023625,0.166667,0.0,0.0,Bellevue_150th_Newport
3726,within,0.631985,0.219134,0.088334,0.383333,0.25,0.033333,Bellevue_150th_Newport
3727,within,0.528158,0.205699,0.063867,0.538889,0.088889,0.033333,Bellevue_150th_Newport
3728,within,0.345283,0.081331,0.041419,0.375,0.169444,0.05,Bellevue_150th_Newport
3729,within,0.51048,0.192733,0.060966,0.066667,0.0,0.0,Bellevue_150th_Newport
3730,within,0.416237,0.115038,0.054957,0.083333,-0.116667,0.1,Bellevue_150th_Newport
3731,within,0.150825,-0.009826,0.023318,0.266667,0.05,0.066667,Bellevue_150th_Newport
3732,within,0.436791,0.180255,0.047757,0.438889,0.116667,0.161111,Bellevue_150th_Newport
3733,within,0.711209,0.259213,0.095469,0.616667,0.283333,0.133333,Bellevue_150th_Newport
3734,within,0.344081,0.111677,0.038477,0.0,0.0,0.0,Bellevue_150th_Newport
3735,within,0.091215,-0.057461,0.024143,0.066667,0.0,0.033333,Bellevue_150th_Newport
3736,within,0.196326,0.023658,0.017152,0.1,-0.033333,0.0,Bellevue_150th_Newport
3737,within,0.684791,0.223296,0.09842,0.6,0.255556,0.05,Bellevue_150th_Newport
3738,within,0.288949,0.084014,0.028195,0.133333,0.033333,0.0,Bellevue_150th_Newport
3739,within,0.63177,0.245974,0.077514,0.65,0.216667,0.1,Bellevue_150th_Newport
3740,within,0.543731,0.218593,0.066066,0.283333,0.05,0.033333,Bellevue_150th_Newport
3741,within,0.494408,0.192863,0.060507,0.238889,0.1,0.016667,Bellevue_150th_Newport
3742,within,0.35599,0.106516,0.042749,0.333333,0.15,0.0,Bellevue_150th_Newport
3743,within,0.574149,0.166082,0.075629,0.566667,0.261111,0.144444,Bellevue_150th_Newport
3744,within,0.581265,0.21672,0.067276,0.133333,0.033333,0.033333,Bellevue_150th_Newport
3745,within,0.175254,0.016385,0.021406,0.0,-0.066667,0.0,Bellevue_150th_Newport
3746,within,0.086586,-0.064709,0.025011,0.0,-0.166667,0.066667,Bellevue_150th_Newport
3747,within,0.086082,-0.063536,0.024747,0.122222,-0.044444,0.1,Bellevue_150th_Newport
3748,within,0.556776,0.116919,0.064764,0.066667,-0.033333,0.0,Bellevue_150th_Newport
3749,within,0.225888,0.013797,0.041586,0.1,0.0,0.033333,Bellevue_150th_Newport
3750,within,0.124917,-0.0201,0.022926,0.0,-0.2,0.066667,Bellevue_150th_Newport
3751,within,0.094512,-0.058279,0.024968,0.0,-0.1,0.0,Bellevue_150th_Newport
3752,within,0.510625,0.155126,0.072326,0.338889,0.0,0.094444,Bellevue_150th_Newport
3753,within,0.409128,0.104138,0.064442,0.166667,0.05,0.0,Bellevue_150th_Newport
3754,within,0.189084,0.012732,0.02212,0.0,0.0,0.0,Bellevue_150th_Newport
3755,within,0.406728,0.146837,0.052136,0.15,0.016667,0.016667,Bellevue_150th_Newport
3756,within,0.128653,-0.024677,0.024303,0.0,-0.066667,0.033333,Bellevue_150th_Newport
3757,within,0.090703,-0.06888,0.026768,0.0,-0.1,0.0,Bellevue_150th_Newport
3758,within,0.088602,-0.062106,0.025316,0.033333,-0.066667,0.0,Bellevue_150th_Newport
3759,within,0.240726,0.034166,0.035492,0.45,0.216667,0.05,Bellevue_150th_Newport
3760,within,0.453526,0.182291,0.048596,0.116667,0.05,0.0,Bellevue_150th_Newport
3761,within,0.141104,-0.002784,0.019727,0.033333,0.0,0.0,Bellevue_150th_Newport
3762,within,0.429614,0.143957,0.059407,0.233333,0.116667,0.0,Bellevue_150th_Newport
3763,within,0.477893,0.178987,0.057623,0.461111,0.316667,0.033333,Bellevue_150th_Newport
3764,within,0.58855,0.173712,0.091858,0.447222,0.25,0.027778,Bellevue_150th_Newport
3765,within,0.70606,0.25746,0.084681,0.116667,0.033333,0.0,Bellevue_150th_Newport
3766,within,0.250664,0.06691,0.023032,0.0,-0.033333,0.033333,Bellevue_150th_Newport
3767,within,0.174752,0.016637,0.022605,0.066667,0.033333,0.0,Bellevue_150th_Newport
3768,within,0.401879,0.15288,0.048023,0.016667,-0.083333,0.033333,Bellevue_150th_Newport
3769,within,0.08494,-0.071929,0.026882,0.016667,-0.216667,0.083333,Bellevue_150th_Newport
3770,within,0.088549,-0.064233,0.02613,0.066667,-0.166667,0.033333,Bellevue_150th_Newport
3771,within,0.090541,-0.061099,0.02566,0.0,-0.1,0.0,Bellevue_150th_Newport
3772,within,0.248941,0.009237,0.048181,0.211111,0.05,0.033333,Bellevue_150th_Newport
3773,within,0.63328,0.257644,0.074382,0.0,-0.1,0.0,Bellevue_150th_Newport
3774,within,0.223802,0.044914,0.026658,0.066667,0.033333,0.0,Bellevue_150th_Newport
3775,within,0.409736,0.120666,0.060951,0.15,0.05,0.016667,Bellevue_150th_Newport
3776,within,0.476673,0.145092,0.069941,0.666667,0.216667,0.133333,Bellevue_150th_Newport
3777,within,0.369305,0.125588,0.04044,0.033333,0.033333,0.0,Bellevue_150th_Newport
3778,within,0.352109,0.122983,0.041659,0.394444,0.044444,0.0,Bellevue_150th_Newport
3779,within,0.188995,0.026267,0.0157,0.0,-0.066667,0.0,Bellevue_150th_Newport
3780,within,0.595429,0.236226,0.076089,0.833333,0.216667,0.177778,Bellevue_150th_Newport
3781,within,0.62951,0.230713,0.088799,0.586111,0.261111,0.119444,Bellevue_150th_Newport
3782,within,0.507416,0.20918,0.05689,0.25,0.027778,0.0,Bellevue_150th_Newport
3783,within,0.598182,0.158586,0.085265,0.479444,0.262222,0.055556,Bellevue_150th_Newport
3784,within,0.574236,0.203119,0.071973,0.311111,0.172222,0.0,Bellevue_150th_Newport
3785,within,0.217873,0.04331,0.026823,0.3,0.127778,0.033333,Bellevue_150th_Newport
3786,within,0.515672,0.210554,0.062595,0.233333,0.1,0.033333,Bellevue_150th_Newport
3787,within,0.26932,0.075262,0.02798,0.05,-0.05,0.0,Bellevue_150th_Newport
3788,within,0.112294,-0.041152,0.026841,0.033333,-0.033333,0.0,Bellevue_150th_Newport
3789,within,0.368655,0.108625,0.046969,0.0,-0.033333,0.0,Bellevue_150th_Newport
3790,within,0.382328,0.136919,0.049274,0.428333,0.028889,0.138889,Bellevue_150th_Newport
3791,within,0.547468,0.171245,0.08276,0.676667,0.208333,0.138333,Bellevue_150th_Newport
3792,within,0.588082,0.204197,0.080785,0.088889,-0.016667,0.044444,Bellevue_150th_Newport
3793,within,0.637432,0.221948,0.100943,0.733333,0.388889,0.061111,Bellevue_150th_Newport
3794,within,0.548578,0.179892,0.0787,0.2,0.044444,0.016667,Bellevue_150th_Newport
3795,within,0.33182,0.102472,0.045966,0.216667,-0.044444,0.083333,Bellevue_150th_Newport
3796,within,0.526513,0.152781,0.081549,0.616667,0.15,0.2,Bellevue_150th_Newport
3797,within,0.571251,0.22193,0.069014,0.1,0.066667,0.033333,Bellevue_150th_Newport
3798,within,0.316947,0.113355,0.034554,0.2,0.0,0.0,Bellevue_150th_Newport
3799,within,0.5975,0.230735,0.07986,0.733333,0.1,0.266667,Bellevue_150th_Newport
3800,within,0.567558,0.220905,0.07518,0.45,0.216667,0.1,Bellevue_150th_Newport
3801,within,0.454014,0.166451,0.05594,0.316667,0.166667,0.0,Bellevue_150th_Newport
3802,within,0.317962,0.07836,0.036502,0.188889,0.094444,0.0,Bellevue_150th_Newport
3803,within,0.391016,0.142316,0.044516,0.1,-0.033333,0.0,Bellevue_150th_Newport
3804,within,0.593647,0.263482,0.067519,0.533333,0.266667,0.083333,Bellevue_150th_Newport
3805,within,0.329748,0.111796,0.034975,0.283333,0.0,0.1,Bellevue_150th_Newport
3806,within,0.5684,0.241688,0.065912,0.2,0.083333,0.0,Bellevue_150th_Newport
3807,within,0.241738,0.059536,0.025767,0.2,0.033333,0.0,Bellevue_150th_Newport
3808,within,0.568279,0.230722,0.067409,0.283333,0.133333,0.133333,Bellevue_150th_Newport
3809,within,0.507742,0.159236,0.070892,0.388889,0.216667,0.033333,Bellevue_150th_Newport
3810,within,0.514997,0.183806,0.067839,0.105556,0.016667,0.033333,Bellevue_150th_Newport
3811,within,0.301079,0.095536,0.035427,0.0,0.0,0.0,Bellevue_150th_Newport
3812,within,0.116292,-0.04101,0.029137,0.066667,-0.066667,0.0,Bellevue_150th_Newport
3813,within,0.564539,0.227828,0.068403,0.366667,0.266667,0.033333,Bellevue_150th_Newport
3814,within,0.321985,0.115916,0.036713,0.15,0.05,0.033333,Bellevue_150th_Newport
3815,within,0.357738,0.110704,0.039178,0.133333,0.0,0.0,Bellevue_150th_Newport
3816,within,0.614759,0.253778,0.069759,0.333333,0.166667,0.066667,Bellevue_150th_Newport
3817,within,0.340362,0.117482,0.039581,0.188889,-0.011111,0.061111,Bellevue_150th_Newport
3818,within,0.503214,0.14846,0.073406,0.55,0.05,0.0,Bellevue_150th_Newport
3819,within,0.569442,0.214882,0.073798,0.383333,0.083333,0.066667,Bellevue_150th_Newport
3820,within,0.609493,0.239926,0.078915,0.45,0.311111,0.066667,Bellevue_150th_Newport
3821,within,0.258012,0.067325,0.029149,0.0,0.0,0.0,Bellevue_150th_Newport
3822,within,0.155654,-0.01269,0.031359,0.216667,0.05,0.0,Bellevue_150th_Newport
3823,within,0.313503,0.088283,0.03325,0.0,0.0,0.0,Bellevue_150th_Newport
3824,within,0.343179,0.112152,0.041386,0.033333,0.0,0.0,Bellevue_150th_Newport
3825,within,0.537649,0.157779,0.080104,0.455556,0.2,0.094444,Bellevue_150th_Newport
3826,within,0.544472,0.178561,0.079535,0.033333,0.033333,0.0,Bellevue_150th_Newport
3827,within,0.373714,0.128462,0.047016,0.2,0.066667,0.0,Bellevue_150th_Newport
3828,within,0.312085,0.103979,0.0358,0.0,-0.033333,0.0,Bellevue_150th_Newport
3829,within,0.152959,-0.021292,0.032155,0.033333,0.0,0.0,Bellevue_150th_Newport
3830,within,0.280712,0.079071,0.037804,0.283333,0.0,0.116667,Bellevue_150th_Newport
3831,within,0.61077,0.251276,0.068656,0.1,0.066667,0.033333,Bellevue_150th_Newport
3832,within,0.325124,0.108375,0.038406,0.0,0.0,0.0,Bellevue_150th_Newport
3833,within,0.324327,0.099447,0.03993,0.155556,0.094444,0.0,Bellevue_150th_Newport
3834,within,0.405791,0.085621,0.062195,0.304444,0.014444,0.066667,Bellevue_150th_Newport
3835,within,0.535183,0.177358,0.071985,0.133333,0.011111,0.0,Bellevue_150th_Newport
3836,within,0.477822,0.155127,0.063863,0.283333,0.216667,0.0,Bellevue_150th_Newport
3837,within,0.427824,0.149648,0.051976,0.255556,0.1,0.061111,Bellevue_150th_Newport
3838,within,0.557958,0.182073,0.078541,0.066667,0.066667,0.0,Bellevue_150th_Newport
3839,within,0.366682,0.127364,0.045148,0.066667,-0.033333,0.066667,Bellevue_150th_Newport
3840,within,0.499486,0.168472,0.064147,0.466667,0.266667,0.05,Bellevue_150th_Newport
3841,within,0.41449,0.146399,0.051858,0.15,0.033333,0.0,Bellevue_150th_Newport
3842,within,0.612022,0.226531,0.08852,0.377778,0.205556,0.066667,Bellevue_150th_Newport
3843,within,0.339257,0.091905,0.039821,0.1,0.033333,0.0,Bellevue_150th_Newport
3844,within,0.549489,0.177118,0.083342,0.288889,0.111111,0.011111,Bellevue_150th_Newport
3845,within,0.50844,0.174024,0.06518,0.233333,0.1,0.0,Bellevue_150th_Newport
3846,within,0.399526,0.105489,0.056803,0.566667,0.383333,0.033333,Bellevue_150th_Newport
3847,within,0.439622,0.143601,0.055615,0.183333,0.1,0.0,Bellevue_150th_Newport
3848,within,0.498537,0.161207,0.069182,0.316667,0.122222,0.0,Bellevue_150th_Newport
3849,within,0.300797,0.083363,0.041466,0.2,0.066667,0.033333,Bellevue_150th_Newport
3850,within,0.26608,0.063419,0.026261,0.4,0.283333,0.016667,Bellevue_150th_Newport
3851,within,0.532151,0.185972,0.069136,0.416667,0.283333,0.033333,Bellevue_150th_Newport
3852,within,0.37174,0.12321,0.04269,0.283333,0.1,0.033333,Bellevue_150th_Newport
3853,within,0.395821,0.125457,0.049571,0.066667,0.05,0.0,Bellevue_150th_Newport
3854,within,0.510583,0.186427,0.065585,0.388889,0.277778,0.0,Bellevue_150th_Newport
3855,within,0.509151,0.178599,0.066923,0.15,0.066667,0.0,Bellevue_150th_Newport
3856,within,0.354604,0.114056,0.045629,0.158333,0.066667,0.008333,Bellevue_150th_Newport
3857,within,0.346172,0.108665,0.040092,0.066667,0.066667,0.0,Bellevue_150th_Newport
3858,within,0.405815,0.133204,0.052607,0.2,0.011111,0.033333,Bellevue_150th_Newport
3859,within,0.575575,0.180301,0.090391,0.354444,-0.004444,0.061111,Bellevue_150th_Newport
3860,within,0.617082,0.180997,0.101981,0.708333,0.372222,0.102778,Bellevue_150th_Newport
3861,within,0.582751,0.188728,0.088927,0.584802,0.155079,0.095873,Bellevue_150th_Newport
3862,within,0.583452,0.183301,0.090109,0.504683,0.017857,0.125317,Bellevue_150th_Newport
3863,within,0.493371,0.166631,0.064275,0.322222,0.066667,0.066667,Bellevue_150th_Newport
3864,within,0.483706,0.148238,0.065851,0.122222,0.033333,0.0,Bellevue_150th_Newport
3865,within,0.495503,0.176656,0.06346,0.67381,0.401429,0.015873,Bellevue_150th_Newport
3866,within,0.490899,0.15558,0.068277,0.632778,0.133333,0.112778,Bellevue_150th_Newport
3867,within,0.379294,0.105272,0.051257,0.4,0.038889,0.0,Bellevue_150th_Newport
3868,within,0.458254,0.148023,0.061726,0.581071,0.096151,0.083651,Bellevue_150th_Newport
3869,within,0.497565,0.127602,0.078365,0.633333,0.022222,0.044444,Bellevue_150th_Newport
3870,within,0.423438,0.104721,0.063087,0.602778,0.152778,0.038889,Bellevue_150th_Newport
3871,within,0.382549,0.106472,0.048829,0.561111,0.119444,0.075,Bellevue_150th_Newport
3872,within,0.444202,0.120244,0.063513,0.656111,0.055556,0.141667,Bellevue_150th_Newport
3873,within,0.486508,0.135141,0.070896,0.805556,0.15,0.075,Bellevue_150th_Newport
3874,within,0.44825,0.131685,0.061987,0.702778,0.041667,0.127778,Bellevue_150th_Newport
3875,within,0.30028,0.056618,0.043398,0.602222,0.021111,0.055,Bellevue_150th_Newport
3876,within,0.399814,0.087206,0.063944,0.674444,0.044444,0.162222,Bellevue_150th_Newport
3877,within,0.459769,0.124983,0.066096,0.758333,0.102778,0.141667,Bellevue_150th_Newport
3878,within,0.4981,0.147217,0.071693,0.753889,0.075,0.099444,Bellevue_150th_Newport
3879,within,0.310672,0.03739,0.037438,0.893889,0.097778,0.091111,Bellevue_150th_Newport
3880,within,0.374646,0.100752,0.047776,0.819444,-0.011111,0.127778,Bellevue_150th_Newport
3881,within,0.432275,0.139321,0.057218,0.830556,0.077778,0.097222,Bellevue_150th_Newport
3882,within,0.374285,0.092442,0.051711,0.808016,0.128968,0.096429,Bellevue_150th_Newport
3883,within,0.401913,0.108621,0.053811,0.911111,0.091667,0.113889,Bellevue_150th_Newport
3884,within,0.470684,0.142244,0.06356,0.686349,0.164524,0.123333,Bellevue_150th_Newport
3885,within,0.461191,0.127491,0.064689,0.839841,0.172698,0.10373,Bellevue_150th_Newport
3886,within,0.497677,0.107417,0.084615,0.733929,0.128466,0.160952,Bellevue_150th_Newport
3887,within,0.526339,0.128633,0.080158,0.977778,0.180556,0.152778,Bellevue_150th_Newport
3888,within,0.402025,0.101163,0.050541,0.957222,0.231667,0.162222,Bellevue_150th_Newport
3889,within,0.437825,0.107685,0.060466,0.807778,0.133333,0.122222,Bellevue_150th_Newport
3890,within,0.494644,0.11778,0.072651,0.837381,0.050926,0.282222,Bellevue_150th_Newport
3891,within,0.569914,0.121467,0.108075,0.597405,0.092091,0.132489,Bellevue_150th_Newport
3892,within,0.516906,0.12523,0.077201,0.588598,0.082288,0.128241,Bellevue_150th_Newport
3893,within,0.51196,0.113202,0.079633,0.793889,0.164444,0.151111,Bellevue_150th_Newport
3894,within,0.416938,0.096095,0.05637,0.894444,0.111111,0.152778,Bellevue_150th_Newport
3895,within,0.432849,0.108954,0.0536,0.743889,0.156111,0.112222,Bellevue_150th_Newport
3896,within,0.410652,0.087656,0.055344,0.943333,0.119444,0.131111,Bellevue_150th_Newport
3897,within,0.503391,0.087281,0.061187,0.555833,0.015556,0.1275,Bellevue_150th_Newport
3898,within,0.398904,0.067592,0.061497,0.723267,0.148347,0.196773,Bellevue_150th_Newport
3899,within,0.517294,0.123275,0.070722,0.752222,0.2,0.140556,Bellevue_150th_Newport
3900,within,0.607098,0.051155,0.069785,0.64,0.046481,0.11537,Bellevue_150th_Newport
3901,within,0.561286,0.065688,0.061878,0.480635,-0.001667,0.088651,Bellevue_150th_Newport
3902,within,0.589048,0.085519,0.063365,0.520635,0.018889,0.113492,Bellevue_150th_Newport
3903,within,0.66663,0.076798,0.077225,0.718545,0.13664,0.126468,Bellevue_150th_Newport
3904,within,0.72215,0.080657,0.080143,0.702695,0.143577,0.037727,Bellevue_150th_Newport
3905,within,0.576666,0.075813,0.065132,0.580497,0.069722,0.050159,Bellevue_150th_Newport
3906,within,0.766136,0.089938,0.073151,0.655714,0.014206,0.127222,Bellevue_150th_Newport
3907,within,0.741796,0.056507,0.076953,0.623805,0.091906,0.083717,Bellevue_150th_Newport
3908,within,0.740657,0.056862,0.072965,0.654722,0.045939,0.092222,Bellevue_150th_Newport
3909,within,0.729538,0.06753,0.07317,0.651349,0.071931,0.143624,Bellevue_150th_Newport
3910,within,0.745344,0.07933,0.072222,0.666429,0.092526,0.077487,Bellevue_150th_Newport
3911,within,0.726838,0.061956,0.068776,0.722854,0.066484,0.120238,Bellevue_150th_Newport
3912,within,0.75578,0.066719,0.071671,0.672308,0.142953,0.160245,Bellevue_150th_Newport
3913,within,0.72353,0.070173,0.071973,0.61078,0.078214,0.132517,Bellevue_150th_Newport
3914,within,0.738479,0.060458,0.07019,0.602526,0.076627,0.147937,Bellevue_150th_Newport
3915,within,0.748538,0.064585,0.071585,0.712623,0.202534,0.093227,Bellevue_150th_Newport
3916,within,0.716352,0.084533,0.083441,0.691249,0.208093,0.082926,Bellevue_150th_Newport
3917,within,0.75756,0.069621,0.068954,0.643065,0.14877,0.094845,Bellevue_150th_Newport
3918,within,0.748124,0.051141,0.067004,0.613254,0.007222,0.175873,Bellevue_150th_Newport
3919,within,0.74105,0.043667,0.071725,0.650556,0.071111,0.148333,Bellevue_150th_Newport
3920,within,0.762554,0.051807,0.066959,0.698968,0.050873,0.148968,Bellevue_150th_Newport
3921,within,0.745868,0.034045,0.064327,0.645913,-0.011071,0.19504,Bellevue_150th_Newport
3922,within,0.734107,0.031413,0.0725,0.671111,0.02,0.151111,Bellevue_150th_Newport
3923,within,0.720068,0.023424,0.068264,0.702778,-0.007778,0.112222,Bellevue_150th_Newport
3924,within,0.740368,0.031137,0.068906,0.74881,0.041429,0.163333,Bellevue_150th_Newport
3925,within,0.719371,0.02521,0.067401,0.70746,0.006111,0.202222,Bellevue_150th_Newport
3926,within,0.710894,0.022513,0.070235,0.609956,0.073097,0.11385,Bellevue_150th_Newport
3927,within,0.675621,0.023672,0.072377,0.628947,0.076245,0.090992,Bellevue_150th_Newport
3928,within,0.693752,0.025521,0.065612,0.662365,0.134888,0.069196,Bellevue_150th_Newport
3929,within,0.671234,0.012978,0.066435,0.650397,0.061402,0.110397,Bellevue_150th_Newport
3930,within,0.706656,0.021843,0.072318,0.661003,0.026522,0.112897,Bellevue_150th_Newport
3931,within,0.674329,0.012516,0.064355,0.614138,0.054658,0.087316,Bellevue_150th_Newport
3932,within,0.701875,0.019801,0.070859,0.767103,0.081177,0.160357,Bellevue_150th_Newport
3933,within,0.691092,0.017084,0.067833,0.686667,0.027222,0.142222,Bellevue_150th_Newport
3934,within,0.709543,0.018925,0.067142,0.727222,0.047222,0.201667,Bellevue_150th_Newport
3935,within,0.694683,0.014971,0.064523,0.689193,0.070492,0.119252,Bellevue_150th_Newport
3936,within,0.673565,0.014631,0.069205,0.621655,0.121844,0.083102,Bellevue_150th_Newport
3937,within,0.681119,0.034355,0.078427,0.734574,0.10938,0.149924,Bellevue_150th_Newport
3938,within,0.66844,0.014067,0.069429,0.537659,0.037566,0.147368,Bellevue_150th_Newport
3939,within,0.699705,0.016202,0.070575,0.674603,0.068532,0.19123,Bellevue_150th_Newport
3940,within,0.69313,0.018821,0.066081,0.710885,0.013294,0.148401,Bellevue_150th_Newport
3941,within,0.703506,0.017138,0.069782,0.637729,0.070531,0.095879,Bellevue_150th_Newport
3942,within,0.665003,0.016729,0.070343,0.642489,0.037115,0.087278,Bellevue_150th_Newport
3943,within,0.682574,0.015367,0.069444,0.67927,0.078249,0.174206,Bellevue_150th_Newport
3944,within,0.677199,0.015698,0.068987,0.694239,0.103749,0.07135,Bellevue_150th_Newport
3945,within,0.699983,0.015986,0.072406,0.757394,0.022077,0.132275,Bellevue_150th_Newport
3946,within,0.721933,0.019903,0.065419,0.694339,-0.075754,0.204259,Bellevue_150th_Newport
3947,within,0.693935,0.018788,0.073277,0.830675,0.060344,0.170754,Bellevue_150th_Newport
3948,within,0.677454,0.010678,0.069671,0.766198,0.185444,0.148814,Bellevue_150th_Newport
3949,within,0.677609,0.013822,0.069713,0.750727,0.131071,0.187328,Bellevue_150th_Newport
3950,within,0.691299,0.01233,0.06488,0.79877,-0.079802,0.338413,Bellevue_150th_Newport
3951,within,0.690015,0.010867,0.065316,0.770357,0.071918,0.247183,Bellevue_150th_Newport
3952,within,0.668577,0.01527,0.067776,0.902407,0.258161,0.243254,Bellevue_150th_Newport
3953,within,0.664032,0.026019,0.06661,0.796875,0.152857,0.245123,Bellevue_150th_Newport
3954,within,0.664881,0.018632,0.072113,0.798029,0.039471,0.218505,Bellevue_150th_Newport
3955,within,0.654788,0.00788,0.059338,0.793043,0.162825,0.233215,Bellevue_150th_Newport
3956,within,0.673084,0.015011,0.070724,0.733321,0.087066,0.152096,Bellevue_150th_Newport
3957,within,0.657499,0.016752,0.069701,0.714571,0.077441,0.206852,Bellevue_150th_Newport
3958,within,0.66536,0.016426,0.07014,0.700421,0.053098,0.240471,Bellevue_150th_Newport
3959,within,0.663166,0.021269,0.073399,0.775595,0.049563,0.246601,Bellevue_150th_Newport
3960,within,0.674923,0.016331,0.071071,0.788555,-0.040266,0.32548,Bellevue_150th_Newport
3961,within,0.699399,0.009609,0.061541,0.807831,0.000582,0.403876,Bellevue_150th_Newport
3962,within,0.690857,0.015433,0.068672,0.77942,0.08808,0.236755,Bellevue_150th_Newport
3963,within,0.696927,0.013661,0.066651,0.684202,0.020266,0.19438,Bellevue_150th_Newport
3964,within,0.677829,0.022811,0.070385,0.65925,0.086376,0.17212,Bellevue_150th_Newport
3965,within,0.680723,0.018131,0.067866,0.626797,0.049753,0.20615,Bellevue_150th_Newport
3966,within,0.656773,0.02397,0.073231,0.585427,0.01589,0.155747,Bellevue_150th_Newport
3967,within,0.682665,0.021303,0.071298,0.57082,0.011029,0.192881,Bellevue_150th_Newport
3968,within,0.667981,0.016783,0.068977,0.628776,0.057015,0.205465,Bellevue_150th_Newport
3969,within,0.661312,0.031631,0.073125,0.748644,0.089948,0.18861,Bellevue_150th_Newport
3970,within,0.691332,0.024179,0.074479,0.775476,-0.134444,0.36127,Bellevue_150th_Newport
3971,within,0.69814,0.010869,0.061235,0.776243,-0.036772,0.348915,Bellevue_150th_Newport
3972,within,0.686265,0.019976,0.077015,0.727388,0.096398,0.246726,Bellevue_150th_Newport
3973,within,0.673853,0.022157,0.075966,0.790489,0.007354,0.286984,Bellevue_150th_Newport
3974,within,0.699175,0.01267,0.066651,0.652662,0.109872,0.134047,Bellevue_150th_Newport
3975,within,0.666833,0.024741,0.073691,0.669213,0.167443,0.095491,Bellevue_150th_Newport
3976,within,0.701523,0.01754,0.071645,0.699933,0.139413,0.163283,Bellevue_150th_Newport
3977,within,0.6653,0.02672,0.079329,0.634771,0.109848,0.175552,Bellevue_150th_Newport
3978,within,0.65775,0.030992,0.076423,0.616633,0.005572,0.187925,Bellevue_150th_Newport
3979,within,0.660912,0.023545,0.077133,0.664993,0.022141,0.21126,Bellevue_150th_Newport
3980,within,0.666855,0.022834,0.077978,0.635471,0.062272,0.187895,Bellevue_150th_Newport
3981,within,0.65336,0.034728,0.070275,0.737015,0.110456,0.199482,Bellevue_150th_Newport
3982,within,0.667441,0.024083,0.078528,0.726671,0.088282,0.172995,Bellevue_150th_Newport
3983,within,0.680396,0.022811,0.07588,0.623767,0.054245,0.188775,Bellevue_150th_Newport
3984,within,0.659232,0.044008,0.073623,0.665563,0.129355,0.179507,Bellevue_150th_Newport
3985,within,0.681295,0.055819,0.056402,0.598464,0.040894,0.190207,Bellevue_150th_Newport
3986,within,0.657954,0.04213,0.070788,0.665235,0.036726,0.164274,Bellevue_150th_Newport
3987,within,0.663728,0.024232,0.077331,0.670903,0.050845,0.217401,Bellevue_150th_Newport
3988,within,0.680377,0.024127,0.078303,0.695172,-0.01037,0.246124,Bellevue_150th_Newport
3989,within,0.669231,0.024526,0.07683,0.709892,0.040265,0.253088,Bellevue_150th_Newport
3990,within,0.696828,0.025126,0.074796,0.668756,-0.037405,0.223584,Bellevue_150th_Newport
3991,within,0.672647,0.02432,0.078281,0.653712,0.076187,0.251215,Bellevue_150th_Newport
3992,within,0.679272,0.025433,0.077022,0.701706,-0.101865,0.353214,Bellevue_150th_Newport
3993,within,0.692537,0.016282,0.065944,0.71935,0.013874,0.255017,Bellevue_150th_Newport
3994,within,0.677693,0.027743,0.076539,0.733558,-0.075437,0.348161,Bellevue_150th_Newport
3995,within,0.679906,0.015488,0.070705,0.719125,0.080225,0.188244,Bellevue_150th_Newport
3996,within,0.673357,0.029352,0.080081,0.752183,0.009603,0.280079,Bellevue_150th_Newport
3997,within,0.65418,0.033236,0.068039,0.758635,0.014882,0.264686,Bellevue_150th_Newport
3998,within,0.694833,0.025051,0.073775,0.702341,0.002659,0.30623,Bellevue_150th_Newport
3999,within,0.678913,0.024293,0.071336,0.693201,0.194412,0.161368,Bellevue_150th_Newport
4000,within,0.659801,0.032674,0.071891,0.688299,0.099806,0.132536,Bellevue_150th_Newport
4001,within,0.647616,0.046548,0.068593,0.701403,0.044064,0.178673,Bellevue_150th_Newport
4002,within,0.663226,0.026768,0.077007,0.606751,0.044194,0.220983,Bellevue_150th_Newport
4003,within,0.649361,0.038595,0.071465,0.654048,0.085132,0.129444,Bellevue_150th_Newport
4004,within,0.646187,0.056343,0.060248,0.70876,0.051303,0.171755,Bellevue_150th_Newport
4005,within,0.668579,0.046747,0.068566,0.84004,-0.007447,0.238704,Bellevue_150th_Newport
4006,within,0.698148,0.0196,0.068476,0.633448,0.093301,0.165015,Bellevue_150th_Newport
4007,within,0.667863,0.057786,0.065081,0.700934,0.095389,0.1703,Bellevue_150th_Newport
4008,within,0.6614,0.037834,0.073943,0.679649,0.034107,0.179861,Bellevue_150th_Newport
4009,within,0.665661,0.036151,0.068087,0.691384,0.053796,0.197042,Bellevue_150th_Newport
4010,within,0.662831,0.039478,0.069216,0.700272,0.039881,0.199382,Bellevue_150th_Newport
4011,within,0.67215,0.032269,0.075025,0.773582,-0.007698,0.259341,Bellevue_150th_Newport
4012,within,0.677672,0.025331,0.076405,0.746729,0.014922,0.204962,Bellevue_150th_Newport
4013,within,0.693976,0.038791,0.069552,0.718666,0.070034,0.17614,Bellevue_150th_Newport
4014,within,0.670162,0.027912,0.074369,0.560719,0.062691,0.168861,Bellevue_150th_Newport
4015,within,0.653057,0.050242,0.065312,0.654604,0.117772,0.131195,Bellevue_150th_Newport
4016,within,0.704293,0.023677,0.0691,0.66298,0.149608,0.165187,Bellevue_150th_Newport
4017,within,0.652641,0.063108,0.056415,0.713769,0.124196,0.139213,Bellevue_150th_Newport
4018,within,0.648253,0.062941,0.063693,0.702049,0.089857,0.153543,Bellevue_150th_Newport
4019,within,0.669581,0.038313,0.070526,0.721702,0.135258,0.118299,Bellevue_150th_Newport
4020,within,0.656555,0.065641,0.062867,0.823209,0.195843,0.118251,Bellevue_150th_Newport
4021,within,0.671969,0.057569,0.065616,0.763605,0.084667,0.207287,Bellevue_150th_Newport
4022,within,0.670739,0.056257,0.06482,0.752374,-0.000465,0.262452,Bellevue_150th_Newport
4023,within,0.674992,0.028779,0.071692,0.666089,0.102472,0.129807,Bellevue_150th_Newport
4024,within,0.679641,0.057503,0.064859,0.678485,0.03032,0.193046,Bellevue_150th_Newport
4025,within,0.688963,0.037208,0.07354,0.845397,-0.06254,0.272698,Bellevue_150th_Newport
4026,within,0.708387,0.022303,0.069433,0.758577,0.020228,0.21009,Bellevue_150th_Newport
4027,within,0.660945,0.048401,0.064793,0.606735,0.131141,0.171843,Bellevue_150th_Newport
4028,within,0.652594,0.047398,0.067873,0.646554,0.071388,0.184842,Bellevue_150th_Newport
4029,within,0.656572,0.058393,0.061317,0.767735,0.061167,0.128092,Bellevue_150th_Newport
4030,within,0.661292,0.049168,0.062621,0.648222,0.069996,0.205797,Bellevue_150th_Newport
4031,within,0.670387,0.056661,0.06567,0.654087,0.105711,0.177953,Bellevue_150th_Newport
4032,within,0.652961,0.055006,0.062801,0.619207,0.103815,0.190603,Bellevue_150th_Newport
4033,within,0.655272,0.041878,0.067167,0.703662,0.123632,0.181325,Bellevue_150th_Newport
4034,within,0.653693,0.066268,0.059184,0.682412,0.031636,0.210363,Bellevue_150th_Newport
4035,within,0.657835,0.056346,0.065207,0.720857,0.065423,0.167956,Bellevue_150th_Newport
4036,within,0.6611,0.052605,0.06204,0.704,0.073807,0.213652,Bellevue_150th_Newport
4037,within,0.669686,0.054594,0.062029,0.774286,0.103876,0.224815,Bellevue_150th_Newport
4038,within,0.69519,0.060231,0.064922,0.780675,-0.151429,0.34377,Bellevue_150th_Newport
4039,within,0.70677,0.024309,0.067521,0.747953,-0.063309,0.276195,Bellevue_150th_Newport
4040,within,0.680817,0.033541,0.071249,0.805647,0.016204,0.248004,Bellevue_150th_Newport
4041,within,0.711271,0.04485,0.062022,0.773016,-0.084683,0.338889,Bellevue_150th_Newport
4042,within,0.703896,0.024464,0.069424,0.763141,-0.01868,0.27298,Bellevue_150th_Newport
4043,within,0.692548,0.032522,0.073636,0.652315,0.009975,0.166436,Bellevue_150th_Newport
4044,within,0.664974,0.053483,0.062913,0.799771,0.09952,0.224823,Bellevue_150th_Newport
4045,within,0.655982,0.066113,0.058573,0.670648,0.061108,0.213134,Bellevue_150th_Newport
4046,within,0.678872,0.071071,0.058728,0.713912,-0.045769,0.231057,Bellevue_150th_Newport
4047,within,0.690339,0.05754,0.063793,0.812526,-0.007062,0.258059,Bellevue_150th_Newport
4048,within,0.672669,0.036891,0.074167,0.686771,0.023523,0.180183,Bellevue_150th_Newport
4049,within,0.661155,0.052809,0.063976,0.70093,0.104596,0.159354,Bellevue_150th_Newport
4050,within,0.652371,0.051942,0.063517,0.682124,0.015572,0.216645,Bellevue_150th_Newport
4051,within,0.669668,0.033528,0.070402,0.690582,-0.021429,0.228082,Bellevue_150th_Newport
4052,within,0.680315,0.050861,0.065538,0.76005,0.075776,0.217597,Bellevue_150th_Newport
4053,within,0.674388,0.055283,0.065659,0.723508,0.045046,0.214646,Bellevue_150th_Newport
4054,within,0.680018,0.057566,0.064366,0.810968,0.075556,0.155086,Bellevue_150th_Newport
4055,within,0.662451,0.061179,0.060042,0.796846,0.015556,0.24143,Bellevue_150th_Newport
4056,within,0.693269,0.062554,0.059229,0.690132,0.034656,0.168492,Bellevue_150th_Newport
4057,within,0.693906,0.027421,0.07206,0.81466,0.016157,0.221134,Bellevue_150th_Newport
4058,within,0.664073,0.035839,0.070271,0.662173,0.044681,0.154205,Bellevue_150th_Newport
4059,within,0.674744,0.061292,0.063392,0.820263,0.151716,0.151728,Bellevue_150th_Newport
4060,within,0.678289,0.064822,0.05692,0.685342,0.1045,0.162369,Bellevue_150th_Newport
4061,within,0.665619,0.06057,0.06339,0.691286,0.093951,0.138995,Bellevue_150th_Newport
4062,within,0.680389,0.056962,0.064674,0.654211,0.01785,0.227941,Bellevue_150th_Newport
4063,within,0.674074,0.047257,0.065951,0.709015,0.102165,0.186492,Bellevue_150th_Newport
4064,within,0.662392,0.078411,0.053982,0.720819,0.138191,0.178982,Bellevue_150th_Newport
4065,within,0.674172,0.066836,0.058815,0.678744,0.12465,0.133486,Bellevue_150th_Newport
4066,within,0.681868,0.095377,0.057756,0.772512,0.119169,0.199827,Bellevue_150th_Newport
4067,within,0.709219,0.084397,0.055972,0.763574,0.139115,0.188813,Bellevue_150th_Newport
4068,within,0.661053,0.066965,0.059116,0.619507,0.099941,0.092257,Bellevue_150th_Newport
4069,within,0.684147,0.074738,0.057843,0.734075,0.18637,0.081533,Bellevue_150th_Newport
4070,within,0.676324,0.057967,0.058222,0.663237,0.120818,0.090909,Bellevue_150th_Newport
4071,within,0.696675,0.044894,0.066547,0.700745,0.085452,0.143989,Bellevue_150th_Newport
4072,within,0.67599,0.07449,0.057559,0.830376,0.186279,0.175113,Bellevue_150th_Newport
4073,within,0.693862,0.066935,0.056513,0.688902,0.092412,0.187384,Bellevue_150th_Newport
4074,within,0.666349,0.066571,0.057448,0.686732,0.053606,0.191661,Bellevue_150th_Newport
4075,within,0.650496,0.052681,0.062603,0.689141,0.081278,0.103953,Bellevue_150th_Newport
4076,within,0.662875,0.056904,0.064633,0.699219,0.114628,0.190866,Bellevue_150th_Newport
4077,within,0.651437,0.066472,0.059583,0.63464,0.076597,0.151005,Bellevue_150th_Newport
4078,within,0.655865,0.060049,0.061344,0.626963,0.080189,0.127354,Bellevue_150th_Newport
4079,within,0.674658,0.053404,0.063951,0.64922,0.094176,0.122841,Bellevue_150th_Newport
4080,within,0.671673,0.051372,0.066597,0.609245,0.052514,0.153285,Bellevue_150th_Newport
4081,within,0.652251,0.061931,0.059344,0.71654,0.072164,0.138499,Bellevue_150th_Newport
4082,within,0.662486,0.06329,0.059189,0.688013,0.006455,0.194851,Bellevue_150th_Newport
4083,within,0.663198,0.057866,0.061426,0.768058,0.042796,0.207276,Bellevue_150th_Newport
4084,within,0.682312,0.058337,0.062888,0.693727,0.090201,0.172252,Bellevue_150th_Newport
4085,within,0.648047,0.0632,0.055678,0.789089,0.236538,0.125837,Bellevue_150th_Newport
4086,within,0.701647,0.131363,0.042144,0.702847,0.156754,0.162804,Bellevue_150th_Newport
4087,within,0.717627,0.079359,0.058588,0.782544,0.144029,0.230067,Bellevue_150th_Newport
4088,within,0.665518,0.044494,0.065766,0.796333,0.156756,0.157193,Bellevue_150th_Newport
4089,within,0.654108,0.063491,0.063003,0.751626,0.134119,0.192033,Bellevue_150th_Newport
4090,within,0.660545,0.128324,0.045353,0.729588,0.070058,0.181096,Bellevue_150th_Newport
4091,within,0.566908,0.15776,0.098671,0.402933,0.073771,0.039596,Bellevue_Bellevue_NE8th
4092,within,0.546093,0.144279,0.095898,0.504816,0.084392,0.076354,Bellevue_Bellevue_NE8th
4093,within,0.548667,0.146522,0.097967,0.549059,0.234611,0.057155,Bellevue_Bellevue_NE8th
4094,within,0.545258,0.146386,0.095713,0.480354,0.311692,0.01412,Bellevue_Bellevue_NE8th
4095,within,0.533826,0.134856,0.095025,0.526982,0.291701,0.063796,Bellevue_Bellevue_NE8th
4096,within,0.539368,0.137538,0.096312,0.49556,0.138669,0.145534,Bellevue_Bellevue_NE8th
4097,within,0.547431,0.147301,0.094931,0.403047,0.110202,0.110526,Bellevue_Bellevue_NE8th
4098,within,0.621442,0.175396,0.103028,0.436539,0.118264,0.14219,Bellevue_Bellevue_NE8th
4099,within,0.550697,0.147961,0.099715,0.434318,0.096866,0.134843,Bellevue_Bellevue_NE8th
4100,within,0.547878,0.147819,0.097043,0.490017,0.159935,0.090825,Bellevue_Bellevue_NE8th
4101,within,0.562722,0.148673,0.092955,0.505822,0.185498,0.081036,Bellevue_Bellevue_NE8th
4102,within,0.556432,0.150714,0.100268,0.381821,0.109151,0.092456,Bellevue_Bellevue_NE8th
4103,within,0.552044,0.148558,0.098609,0.364107,0.06472,0.096142,Bellevue_Bellevue_NE8th
4104,within,0.561707,0.15465,0.097059,0.398419,0.051151,0.130513,Bellevue_Bellevue_NE8th
4105,within,0.552885,0.148536,0.099513,0.39103,0.064593,0.136187,Bellevue_Bellevue_NE8th
4106,within,0.55119,0.148645,0.09677,0.51286,0.096441,0.188994,Bellevue_Bellevue_NE8th
4107,within,0.554544,0.152246,0.096603,0.488887,0.20007,0.095154,Bellevue_Bellevue_NE8th
4108,within,0.547735,0.147208,0.09494,0.551949,0.171228,0.090142,Bellevue_Bellevue_NE8th
4109,within,0.551777,0.149146,0.096908,0.568513,0.200189,0.056071,Bellevue_Bellevue_NE8th
4110,within,0.606443,0.153198,0.091519,0.640013,0.273329,0.082722,Bellevue_Bellevue_NE8th
4111,within,0.560356,0.152751,0.100321,0.674655,0.261275,0.150488,Bellevue_Bellevue_NE8th
4112,within,0.554549,0.146747,0.101792,0.649805,0.207155,0.124504,Bellevue_Bellevue_NE8th
4113,within,0.550077,0.147478,0.097758,0.608118,0.205731,0.107256,Bellevue_Bellevue_NE8th
4114,within,0.557719,0.15196,0.098738,0.354536,0.157101,0.082111,Bellevue_Bellevue_NE8th
4115,within,0.556278,0.153961,0.096946,0.440485,0.185211,0.04884,Bellevue_Bellevue_NE8th
4116,within,0.556973,0.15209,0.100025,0.362985,0.107521,0.064744,Bellevue_Bellevue_NE8th
4117,within,0.561946,0.15471,0.100298,0.425328,0.106378,0.084826,Bellevue_Bellevue_NE8th
4118,within,0.55848,0.151564,0.102261,0.569966,0.04882,0.090746,Bellevue_Bellevue_NE8th
4119,within,0.532969,0.132484,0.095588,0.57058,0.117249,0.057227,Bellevue_Bellevue_NE8th
4120,within,0.554213,0.150774,0.096469,0.554058,0.178283,0.046214,Bellevue_Bellevue_NE8th
4121,within,0.595521,0.165851,0.100397,0.306316,0.132631,0.026893,Bellevue_Bellevue_NE8th
4122,within,0.551879,0.149486,0.099022,0.470752,0.196005,0.02787,Bellevue_Bellevue_NE8th
4123,within,0.556759,0.151034,0.096148,0.607847,0.180221,0.090555,Bellevue_Bellevue_NE8th
4124,within,0.569078,0.154026,0.098274,0.550201,0.15337,0.092915,Bellevue_Bellevue_NE8th
4125,within,0.546956,0.145215,0.099403,0.47994,0.108991,0.136514,Bellevue_Bellevue_NE8th
4126,within,0.552953,0.148981,0.098516,0.443607,0.110421,0.137136,Bellevue_Bellevue_NE8th
4127,within,0.570865,0.161314,0.100846,0.557573,0.102352,0.102745,Bellevue_Bellevue_NE8th
4128,within,0.555486,0.152364,0.096739,0.565235,0.10842,0.11555,Bellevue_Bellevue_NE8th
4129,within,0.539714,0.136879,0.100047,0.61295,0.264789,0.054892,Bellevue_Bellevue_NE8th
4130,within,0.559491,0.147519,0.106327,0.599035,0.286758,0.089832,Bellevue_Bellevue_NE8th
4131,within,0.54459,0.140432,0.103536,0.719173,0.429002,0.084232,Bellevue_Bellevue_NE8th
4132,within,0.545449,0.139705,0.102495,0.538519,0.188635,0.065855,Bellevue_Bellevue_NE8th
4133,within,0.551587,0.144614,0.103106,0.529482,0.074868,0.048522,Bellevue_Bellevue_NE8th
4134,within,0.545794,0.142358,0.100807,0.519639,0.213474,0.036279,Bellevue_Bellevue_NE8th
4135,within,0.540896,0.138505,0.100145,0.497506,0.239431,0.03468,Bellevue_Bellevue_NE8th
4136,within,0.555922,0.147947,0.103149,0.473548,0.163799,0.084498,Bellevue_Bellevue_NE8th
4137,within,0.560094,0.151061,0.103097,0.423715,0.160137,0.072002,Bellevue_Bellevue_NE8th
4138,within,0.542671,0.137888,0.101978,0.402014,0.136342,0.078297,Bellevue_Bellevue_NE8th
4139,within,0.549134,0.14629,0.101249,0.605391,0.166121,0.047576,Bellevue_Bellevue_NE8th
4140,within,0.552495,0.147651,0.100732,0.548354,0.129748,0.036073,Bellevue_Bellevue_NE8th
4141,within,0.551694,0.146209,0.099106,0.540626,0.157464,0.020163,Bellevue_Bellevue_NE8th
4142,within,0.546191,0.1458,0.097517,0.404125,0.056818,0.093355,Bellevue_Bellevue_NE8th
4143,within,0.553664,0.149696,0.101799,0.519608,0.141027,0.092163,Bellevue_Bellevue_NE8th
4144,within,0.549568,0.140812,0.096106,0.545641,0.20443,0.101392,Bellevue_Bellevue_NE8th
4145,within,0.595727,0.167615,0.105892,0.525029,0.233524,0.093458,Bellevue_Bellevue_NE8th
4146,within,0.604042,0.168165,0.110457,0.473685,0.161864,0.092289,Bellevue_Bellevue_NE8th
4147,within,0.564724,0.151296,0.1028,0.494595,0.200714,0.125236,Bellevue_Bellevue_NE8th
4148,within,0.629458,0.171427,0.111467,0.454493,0.100282,0.156042,Bellevue_Bellevue_NE8th
4149,within,0.637733,0.130501,0.096212,0.566915,0.156969,0.126005,Bellevue_Bellevue_NE8th
4150,within,0.671791,0.093278,0.072262,0.540259,0.190084,0.156405,Bellevue_Bellevue_NE8th
4151,within,0.676558,0.12437,0.058198,0.61777,0.23008,0.080207,Bellevue_Bellevue_NE8th
4152,within,0.677032,0.141331,0.065627,0.695116,0.235342,0.056439,Bellevue_Bellevue_NE8th
4153,within,0.630589,0.160321,0.100251,0.642114,0.126199,0.093159,Bellevue_Bellevue_NE8th
4154,within,0.696501,0.115136,0.063127,0.541695,0.134092,0.116663,Bellevue_Bellevue_NE8th
4155,within,0.678323,0.111884,0.071418,0.491683,0.177672,0.155746,Bellevue_Bellevue_NE8th
4156,within,0.681453,0.184815,0.108744,0.562844,0.180724,0.14145,Bellevue_Bellevue_NE8th
4157,within,0.701875,0.119626,0.060918,0.682868,0.268782,0.144805,Bellevue_Bellevue_NE8th
4158,within,0.687367,0.102818,0.063297,0.700324,0.225924,0.133455,Bellevue_Bellevue_NE8th
4159,within,0.675249,0.090159,0.071779,0.610544,0.151732,0.056297,Bellevue_Bellevue_NE8th
4160,within,0.676974,0.189231,0.115116,0.770608,0.173672,0.118385,Bellevue_Bellevue_NE8th
4161,within,0.697518,0.175193,0.10638,0.537601,0.181998,0.077876,Bellevue_Bellevue_NE8th
4162,within,0.638001,0.169427,0.117119,0.55466,0.150879,0.140183,Bellevue_Bellevue_NE8th
4163,within,0.654924,0.182192,0.121591,0.611289,0.175838,0.04303,Bellevue_Bellevue_NE8th
4164,within,0.630449,0.102272,0.088572,0.596727,0.181524,0.08509,Bellevue_Bellevue_NE8th
4165,within,0.625178,0.134797,0.100005,0.525147,0.167488,0.070507,Bellevue_Bellevue_NE8th
4166,within,0.614809,0.145932,0.106233,0.592746,0.156207,0.169053,Bellevue_Bellevue_NE8th
4167,within,0.690327,0.102686,0.073815,0.729431,0.144611,0.22088,Bellevue_Bellevue_NE8th
4168,within,0.67621,0.101423,0.079355,0.76434,0.307293,0.098701,Bellevue_Bellevue_NE8th
4169,within,0.625656,0.15831,0.111941,0.669531,0.21497,0.122161,Bellevue_Bellevue_NE8th
4170,within,0.645149,0.137721,0.114647,0.604531,0.151289,0.154232,Bellevue_Bellevue_NE8th
4171,within,0.64576,0.074973,0.076645,0.493648,0.116643,0.073853,Bellevue_Bellevue_NE8th
4172,within,0.710599,0.08016,0.067635,0.587697,0.261479,0.041364,Bellevue_Bellevue_NE8th
4173,within,0.665141,0.099063,0.090113,0.670073,0.268395,0.156775,Bellevue_Bellevue_NE8th
4174,within,0.717051,0.133348,0.074313,0.694146,0.278926,0.206958,Bellevue_Bellevue_NE8th
4175,within,0.6424,0.155282,0.133671,0.788292,0.199934,0.269796,Bellevue_Bellevue_NE8th
4176,within,0.706634,0.104357,0.08521,0.629481,0.139462,0.147077,Bellevue_Bellevue_NE8th
4177,within,0.682937,0.126864,0.084598,0.722081,0.170652,0.112237,Bellevue_Bellevue_NE8th
4178,within,0.656978,0.183442,0.126572,0.698329,0.131831,0.091766,Bellevue_Bellevue_NE8th
4179,within,0.700572,0.081954,0.072208,0.641381,0.216602,0.095023,Bellevue_Bellevue_NE8th
4180,within,0.692815,0.078604,0.073676,0.443049,0.159946,0.049685,Bellevue_Bellevue_NE8th
4181,within,0.685277,0.090731,0.077441,0.415929,0.106854,0.024469,Bellevue_Bellevue_NE8th
4182,within,0.69324,0.087614,0.075592,0.549191,0.19679,0.02058,Bellevue_Bellevue_NE8th
4183,within,0.696954,0.080221,0.072995,0.550306,0.188076,0.037382,Bellevue_Bellevue_NE8th
4184,within,0.680142,0.105487,0.087514,0.390702,0.106024,0.059819,Bellevue_Bellevue_NE8th
4185,within,0.647759,0.170674,0.121315,0.619594,0.272493,0.07413,Bellevue_Bellevue_NE8th
4186,within,0.660546,0.102543,0.083194,0.752994,0.474602,0.056003,Bellevue_Bellevue_NE8th
4187,within,0.61941,0.052871,0.074908,0.674175,0.427809,0.074113,Bellevue_Bellevue_NE8th
4188,within,0.683597,0.079495,0.079875,0.565899,0.324016,0.078925,Bellevue_Bellevue_NE8th
4189,within,0.675038,0.101444,0.095606,0.506431,0.154764,0.06558,Bellevue_Bellevue_NE8th
4190,within,0.66947,0.042539,0.071886,0.533575,0.085519,0.248016,Bellevue_Bellevue_NE8th
4191,within,0.630875,0.065191,0.090473,0.667657,0.109846,0.187516,Bellevue_Bellevue_NE8th
4192,within,0.579962,0.157218,0.10688,0.695754,0.192188,0.112461,Bellevue_Bellevue_NE8th
4193,within,0.591876,0.101412,0.134886,0.545565,0.084367,0.147517,Bellevue_Bellevue_NE8th
4194,within,0.589049,0.154783,0.109255,0.597683,0.11309,0.137592,Bellevue_Bellevue_NE8th
4195,within,0.624038,0.152929,0.115008,0.557113,0.112115,0.114158,Bellevue_Bellevue_NE8th
4196,within,0.612131,0.143456,0.103652,0.456191,-0.00153,0.126132,Bellevue_Bellevue_NE8th
4197,within,0.647438,0.146188,0.123748,0.303508,0.04216,0.061792,Bellevue_Bellevue_NE8th
4198,within,0.625909,0.166316,0.119372,0.562476,0.215723,0.08964,Bellevue_Bellevue_NE8th
4199,within,0.639241,0.176087,0.118294,0.634374,0.331215,0.064666,Bellevue_Bellevue_NE8th
4200,within,0.620469,0.128601,0.149297,0.679514,0.211724,0.13262,Bellevue_Bellevue_NE8th
4201,within,0.614261,0.089915,0.093851,0.711174,0.270368,0.152735,Bellevue_Bellevue_NE8th
4202,within,0.609584,0.148874,0.106562,0.726732,0.289781,0.13355,Bellevue_Bellevue_NE8th
4203,within,0.680527,0.08705,0.078893,0.570773,0.194015,0.097197,Bellevue_Bellevue_NE8th
4204,within,0.684024,0.083483,0.080488,0.551122,0.050242,0.064639,Bellevue_Bellevue_NE8th
4205,within,0.658684,0.055345,0.065085,0.579083,0.038778,0.058874,Bellevue_Bellevue_NE8th
4206,within,0.583362,0.146088,0.106704,0.620035,0.151653,0.073636,Bellevue_Bellevue_NE8th
4207,within,0.604143,0.144832,0.119417,0.710302,0.19344,0.039613,Bellevue_Bellevue_NE8th
4208,within,0.586465,0.134044,0.108128,0.613352,0.200749,0.049475,Bellevue_Bellevue_NE8th
4209,within,0.688909,0.078174,0.071818,0.527558,0.187389,0.049814,Bellevue_Bellevue_NE8th
4210,within,0.646001,0.092017,0.099093,0.574072,0.186883,0.064227,Bellevue_Bellevue_NE8th
4211,within,0.686328,0.096665,0.077126,0.393558,0.0564,0.123891,Bellevue_Bellevue_NE8th
4212,within,0.564802,0.108382,0.117296,0.419457,0.106465,0.110925,Bellevue_Bellevue_NE8th
4213,within,0.675753,0.088554,0.076025,0.590113,0.194915,0.065334,Bellevue_Bellevue_NE8th
4214,within,0.667728,0.071015,0.081962,0.640486,0.24362,0.088177,Bellevue_Bellevue_NE8th
4215,within,0.621322,0.056363,0.076095,0.552459,0.224953,0.062386,Bellevue_Bellevue_NE8th
4216,within,0.580814,0.108944,0.096696,0.570604,0.233633,0.043787,Bellevue_Bellevue_NE8th
4217,within,0.588506,0.131002,0.125921,0.641538,0.260377,0.05848,Bellevue_Bellevue_NE8th
4218,within,0.596184,0.140791,0.100961,0.707957,0.272032,0.091822,Bellevue_Bellevue_NE8th
4219,within,0.677786,0.087573,0.07441,0.67662,0.278713,0.088752,Bellevue_Bellevue_NE8th
4220,within,0.67473,0.07579,0.075893,0.900761,0.325949,0.031246,Bellevue_Bellevue_NE8th
4221,within,0.623675,0.059599,0.074947,0.646233,0.322136,0.045506,Bellevue_Bellevue_NE8th
4222,within,0.636443,0.142574,0.117659,0.630482,0.34006,0.036908,Bellevue_Bellevue_NE8th
4223,within,0.616495,0.165014,0.113568,0.671684,0.25734,0.110885,Bellevue_Bellevue_NE8th
4224,within,0.568731,0.143689,0.101145,0.651695,0.245029,0.172706,Bellevue_Bellevue_NE8th
4225,within,0.61353,0.089641,0.09787,0.665894,0.19443,0.127794,Bellevue_Bellevue_NE8th
4226,within,0.645948,0.115439,0.088,0.696636,0.29204,0.095858,Bellevue_Bellevue_NE8th
4227,within,0.691639,0.088757,0.081866,0.663608,0.163041,0.144494,Bellevue_Bellevue_NE8th
4228,within,0.576637,0.10798,0.115819,0.567096,0.111332,0.112121,Bellevue_Bellevue_NE8th
4229,within,0.59899,0.167451,0.105852,0.600194,0.099114,0.174601,Bellevue_Bellevue_NE8th
4230,within,0.562067,0.141767,0.102254,0.670415,0.162959,0.139568,Bellevue_Bellevue_NE8th
4231,within,0.614511,0.154947,0.107087,0.59459,0.246651,0.117135,Bellevue_Bellevue_NE8th
4232,within,0.674803,0.112674,0.086741,0.569382,0.200503,0.103384,Bellevue_Bellevue_NE8th
4233,within,0.687719,0.085585,0.075677,0.625126,0.274233,0.093375,Bellevue_Bellevue_NE8th
4234,within,0.681336,0.092038,0.07716,0.613372,0.244299,0.078882,Bellevue_Bellevue_NE8th
4235,within,0.681967,0.089007,0.076817,0.59345,0.109842,0.147924,Bellevue_Bellevue_NE8th
4236,within,0.632239,0.05473,0.071332,0.5682,0.061633,0.106885,Bellevue_Bellevue_NE8th
4237,within,0.593697,0.156635,0.103542,0.58269,0.10218,0.076679,Bellevue_Bellevue_NE8th
4238,within,0.584083,0.156674,0.102605,0.617407,0.138352,0.101002,Bellevue_Bellevue_NE8th
4239,within,0.619973,0.163507,0.113768,0.525318,0.142269,0.095571,Bellevue_Bellevue_NE8th
4240,within,0.591488,0.105483,0.128131,0.511369,0.210346,0.036656,Bellevue_Bellevue_NE8th
4241,within,0.580425,0.136719,0.116442,0.489821,0.15819,0.033921,Bellevue_Bellevue_NE8th
4242,within,0.638673,0.05517,0.07079,0.499815,0.210225,0.07455,Bellevue_Bellevue_NE8th
4243,within,0.669507,0.081362,0.07651,0.39074,0.113694,0.025595,Bellevue_Bellevue_NE8th
4244,within,0.623957,0.156525,0.112706,0.509346,0.138323,0.097158,Bellevue_Bellevue_NE8th
4245,within,0.600267,0.156114,0.10706,0.531148,0.135306,0.104752,Bellevue_Bellevue_NE8th
4246,within,0.65323,0.099013,0.080935,0.449696,0.25621,0.072157,Bellevue_Bellevue_NE8th
4247,within,0.615177,0.168325,0.111916,0.480257,0.242111,0.057732,Bellevue_Bellevue_NE8th
4248,within,0.584246,0.131254,0.103019,0.56062,0.272187,0.062034,Bellevue_Bellevue_NE8th
4249,within,0.604728,0.140173,0.103249,0.467612,0.181868,0.059545,Bellevue_Bellevue_NE8th
4250,within,0.620533,0.166772,0.111244,0.344787,0.11753,0.01572,Bellevue_Bellevue_NE8th
4251,within,0.657438,0.059457,0.0628,0.294772,0.019882,0.018981,Bellevue_Bellevue_NE8th
4252,within,0.690073,0.108695,0.07231,0.493977,0.099973,0.061099,Bellevue_Bellevue_NE8th
4253,within,0.587705,0.154804,0.093408,0.414887,0.179214,0.093243,Bellevue_Bellevue_NE8th
4254,within,0.647309,0.173628,0.115166,0.499656,0.179876,0.050057,Bellevue_Bellevue_NE8th
4255,within,0.596825,0.135409,0.101353,0.556127,0.24534,0.015659,Bellevue_Bellevue_NE8th
4256,within,0.630111,0.10872,0.098296,0.582655,0.383761,0.004762,Bellevue_Bellevue_NE8th
4257,within,0.538488,0.125775,0.10128,0.525655,0.322858,0.023629,Bellevue_Bellevue_NE8th
4258,within,0.576399,0.148143,0.103777,0.451401,0.28232,0.040004,Bellevue_Bellevue_NE8th
4259,within,0.631668,0.155549,0.088647,0.526685,0.291369,0.031826,Bellevue_Bellevue_NE8th
4260,within,0.673691,0.13439,0.063283,0.511272,0.267592,0.026283,Bellevue_Bellevue_NE8th
4261,within,0.685124,0.113328,0.076882,0.575604,0.298881,0.036462,Bellevue_Bellevue_NE8th
4262,within,0.661456,0.078858,0.068872,0.613097,0.276205,0.094244,Bellevue_Bellevue_NE8th
4263,within,0.673039,0.093883,0.072909,0.599984,0.155399,0.081476,Bellevue_Bellevue_NE8th
4264,within,0.673085,0.084371,0.076494,0.704968,0.207612,0.134196,Bellevue_Bellevue_NE8th
4265,within,0.632554,0.072944,0.083382,0.744235,0.178744,0.067448,Bellevue_Bellevue_NE8th
4266,within,0.596426,0.145949,0.103027,0.479934,0.189434,0.047117,Bellevue_Bellevue_NE8th
4267,within,0.582884,0.15423,0.105427,0.489599,0.190404,0.055014,Bellevue_Bellevue_NE8th
4268,within,0.56125,0.095524,0.122125,0.428017,0.194862,0.037182,Bellevue_Bellevue_NE8th
4269,within,0.654862,0.060946,0.074329,0.456758,0.132601,0.060305,Bellevue_Bellevue_NE8th
4270,within,0.602131,0.084291,0.090889,0.622283,0.144818,0.096442,Bellevue_Bellevue_NE8th
4271,within,0.667809,0.079021,0.065422,0.816376,0.041799,0.079881,Bellevue_Bellevue_NE8th
4272,within,0.642727,0.054398,0.074549,0.460405,0.063493,0.107886,Bellevue_Bellevue_NE8th
4273,within,0.602106,0.156171,0.113332,0.624173,0.125431,0.165312,Bellevue_Bellevue_NE8th
4274,within,0.631236,0.097107,0.092326,0.674098,0.153755,0.07661,Bellevue_Bellevue_NE8th
4275,within,0.588606,0.083539,0.115079,0.68198,0.218998,0.051208,Bellevue_Bellevue_NE8th
4276,within,0.643195,0.059435,0.076762,0.713646,0.291041,0.029317,Bellevue_Bellevue_NE8th
4277,within,0.606695,0.144701,0.105806,0.745404,0.180339,0.037661,Bellevue_Bellevue_NE8th
4278,within,0.648232,0.076304,0.070579,0.520508,0.122296,0.064675,Bellevue_Bellevue_NE8th
4279,within,0.670772,0.077577,0.076939,0.454211,0.073579,0.010342,Bellevue_Bellevue_NE8th
4280,within,0.628052,0.067787,0.075578,0.518125,0.049567,0.034899,Bellevue_Bellevue_NE8th
4281,within,0.603425,0.147056,0.117793,0.702981,0.196826,0.031102,Bellevue_Bellevue_NE8th
4282,within,0.673945,0.048364,0.069084,0.756137,0.234433,0.083013,Bellevue_Bellevue_NE8th
4283,within,0.650887,0.052073,0.070939,0.737939,0.267122,0.088827,Bellevue_Bellevue_NE8th
4284,within,0.622786,0.16634,0.112126,0.729983,0.299477,0.039008,Bellevue_Bellevue_NE8th
4285,within,0.60616,0.154964,0.108006,0.629996,0.178936,0.136124,Bellevue_Bellevue_NE8th
4286,within,0.642823,0.14048,0.088193,0.692047,0.159022,0.245936,Bellevue_Bellevue_NE8th
4287,within,0.660259,0.055925,0.067196,0.630361,0.202861,0.056309,Bellevue_Bellevue_NE8th
4288,within,0.618795,0.161185,0.114795,0.503072,0.086448,0.06138,Bellevue_Bellevue_NE8th
4289,within,0.6236,0.15077,0.116493,0.497651,0.113315,0.093427,Bellevue_Bellevue_NE8th
4290,within,0.654362,0.079421,0.071518,0.529627,0.194665,0.073036,Bellevue_Bellevue_NE8th
4291,within,0.600555,0.097161,0.111469,0.520491,0.178596,0.03264,Bellevue_Bellevue_NE8th
4292,within,0.556234,0.142914,0.098269,0.574156,0.233497,0.032949,Bellevue_Bellevue_NE8th
4293,within,0.677297,0.08866,0.080044,0.609191,0.156291,0.060584,Bellevue_Bellevue_NE8th
4294,within,0.634803,0.109515,0.091431,0.607373,0.136612,0.110713,Bellevue_Bellevue_NE8th
4295,within,0.5863,0.159443,0.103975,0.653969,0.251057,0.019056,Bellevue_Bellevue_NE8th
4296,within,0.557265,0.14967,0.098107,0.660516,0.217507,0.030842,Bellevue_Bellevue_NE8th
4297,within,0.550439,0.102791,0.089198,0.592131,0.201759,0.05274,Bellevue_Bellevue_NE8th
4298,within,0.596968,0.157908,0.105199,0.633499,0.174139,0.101531,Bellevue_Bellevue_NE8th
4299,within,0.560266,0.145399,0.099456,0.646402,0.171503,0.052042,Bellevue_Bellevue_NE8th
4300,within,0.598383,0.141344,0.100254,0.591466,0.152791,0.059814,Bellevue_Bellevue_NE8th
4301,within,0.577687,0.148931,0.099918,0.503821,0.227363,0.062671,Bellevue_Bellevue_NE8th
4302,within,0.585395,0.160445,0.103848,0.610132,0.236663,0.090004,Bellevue_Bellevue_NE8th
4303,within,0.601748,0.112809,0.11659,0.632479,0.207194,0.065704,Bellevue_Bellevue_NE8th
4304,within,0.624549,0.099676,0.09539,0.5927,0.221768,0.086372,Bellevue_Bellevue_NE8th
4305,within,0.537629,0.124344,0.095986,0.681425,0.283666,0.056386,Bellevue_Bellevue_NE8th
4306,within,0.58827,0.158954,0.099274,0.659857,0.252602,0.056267,Bellevue_Bellevue_NE8th
4307,within,0.606563,0.150798,0.096729,0.547409,0.148919,0.085635,Bellevue_Bellevue_NE8th
4308,within,0.681944,0.128982,0.0688,0.672731,0.277677,0.076549,Bellevue_Bellevue_NE8th
4309,within,0.594795,0.160386,0.09816,0.674453,0.321285,0.114132,Bellevue_Bellevue_NE8th
4310,within,0.645802,0.14378,0.076436,0.73738,0.405155,0.130447,Bellevue_Bellevue_NE8th
4311,within,0.653067,0.156479,0.101935,0.76384,0.346064,0.071606,Bellevue_Bellevue_NE8th
4312,within,0.659956,0.151527,0.09074,0.771468,0.367409,0.063347,Bellevue_Bellevue_NE8th
4313,within,0.663667,0.106107,0.075545,0.766575,0.322042,0.076438,Bellevue_Bellevue_NE8th
4314,within,0.625823,0.158263,0.104999,0.66509,0.230491,0.101152,Bellevue_Bellevue_NE8th
4315,within,0.642116,0.15805,0.095529,0.61309,0.154292,0.122272,Bellevue_Bellevue_NE8th
4316,within,0.707946,0.109576,0.064327,0.587603,0.167932,0.08819,Bellevue_Bellevue_NE8th
4317,within,0.604856,0.163762,0.09718,0.561702,0.131534,0.05525,Bellevue_Bellevue_NE8th
4318,within,0.601743,0.15569,0.105456,0.475857,0.182325,0.079494,Bellevue_Bellevue_NE8th
4319,within,0.601732,0.166691,0.103927,0.411928,0.228676,0.102751,Bellevue_Bellevue_NE8th
4320,within,0.628545,0.142211,0.101675,0.424069,0.193657,0.110551,Bellevue_Bellevue_NE8th
4321,within,0.589142,0.145554,0.101601,0.505699,0.118685,0.083937,Bellevue_Bellevue_NE8th
4322,within,0.616707,0.146945,0.10628,0.521017,0.142069,0.030542,Bellevue_Bellevue_NE8th
4323,within,0.654948,0.177348,0.117404,0.523168,0.060309,0.023836,Bellevue_Bellevue_NE8th
4324,within,0.610772,0.153852,0.121566,0.431479,-0.021398,0.036864,Bellevue_Bellevue_NE8th
4325,within,0.600195,0.161214,0.106667,0.593181,-0.02124,0.123455,Bellevue_Bellevue_NE8th
4326,within,0.605504,0.154207,0.110179,0.427689,0.100359,0.061655,Bellevue_Bellevue_NE8th
4327,within,0.631905,0.170843,0.114162,0.466045,0.037891,0.091857,Bellevue_Bellevue_NE8th
4328,within,0.559835,0.137036,0.106615,0.544995,0.037745,0.084861,Bellevue_Bellevue_NE8th
4329,within,0.613624,0.157754,0.110355,0.542913,0.171534,0.054098,Bellevue_Bellevue_NE8th
4330,within,0.671586,0.109643,0.061328,0.48975,0.204659,0.082899,Bellevue_Bellevue_NE8th
4331,within,0.619562,0.158636,0.109807,0.468968,0.197184,0.122913,Bellevue_Bellevue_NE8th
4332,within,0.60918,0.158326,0.109102,0.621522,0.248213,0.152464,Bellevue_Bellevue_NE8th
4333,within,0.575827,0.156937,0.099249,0.597709,0.203566,0.082554,Bellevue_Bellevue_NE8th
4334,within,0.608686,0.159756,0.10602,0.517892,0.204725,0.05278,Bellevue_Bellevue_NE8th
4335,within,0.606496,0.155881,0.105271,0.530913,0.150249,0.06217,Bellevue_Bellevue_NE8th
4336,within,0.600493,0.152454,0.092912,0.577852,0.068897,0.087068,Bellevue_Bellevue_NE8th
4337,within,0.598024,0.144299,0.106736,0.715637,0.212427,0.080329,Bellevue_Bellevue_NE8th
4338,within,0.604308,0.156339,0.105761,0.778652,0.175587,0.169295,Bellevue_Bellevue_NE8th
4339,within,0.600741,0.150041,0.108891,0.648876,0.164874,0.113575,Bellevue_Bellevue_NE8th
4340,within,0.585799,0.162536,0.101021,0.601596,0.124885,0.132422,Bellevue_Bellevue_NE8th
4341,within,0.593115,0.15772,0.103674,0.602332,0.143087,0.099239,Bellevue_Bellevue_NE8th
4342,within,0.630887,0.166874,0.114998,0.564594,0.124642,0.086807,Bellevue_Bellevue_NE8th
4343,within,0.57284,0.145338,0.10384,0.491668,0.034299,0.176984,Bellevue_Bellevue_NE8th
4344,within,0.623735,0.166232,0.112897,0.596074,0.052217,0.235888,Bellevue_Bellevue_NE8th
4345,within,0.621033,0.156681,0.109851,0.645592,0.049819,0.278056,Bellevue_Bellevue_NE8th
4346,within,0.644812,0.151816,0.108348,0.692308,0.027024,0.33051,Bellevue_Bellevue_NE8th
4347,within,0.569799,0.154855,0.102745,0.595239,0.099006,0.087222,Bellevue_Bellevue_NE8th
4348,within,0.563702,0.146991,0.102024,0.631556,0.110612,0.121329,Bellevue_Bellevue_NE8th
4349,within,0.577394,0.152112,0.103743,0.748469,0.222057,0.199752,Bellevue_Bellevue_NE8th
4350,within,0.584149,0.157979,0.1021,0.788816,0.317103,0.236442,Bellevue_Bellevue_NE8th
4351,within,0.617619,0.163371,0.111862,0.64931,0.357541,0.089815,Bellevue_Bellevue_NE8th
4352,within,0.591898,0.14558,0.102163,0.681138,0.284071,0.082828,Bellevue_Bellevue_NE8th
4353,within,0.615703,0.160832,0.10267,0.53082,0.134427,0.073706,Bellevue_Bellevue_NE8th
4354,within,0.679583,0.143869,0.068172,0.431856,0.166411,0.141093,Bellevue_Bellevue_NE8th
4355,within,0.673938,0.160628,0.073989,0.44559,0.192707,0.105915,Bellevue_Bellevue_NE8th
4356,within,0.647718,0.167216,0.085249,0.457199,0.241393,0.076536,Bellevue_Bellevue_NE8th
4357,within,0.614367,0.170269,0.103524,0.457098,0.202947,0.037833,Bellevue_Bellevue_NE8th
4358,within,0.631179,0.168898,0.099586,0.466617,0.191018,0.057279,Bellevue_Bellevue_NE8th
4359,within,0.625221,0.171523,0.108537,0.490083,0.24594,0.054612,Bellevue_Bellevue_NE8th
4360,within,0.612366,0.166224,0.101257,0.599623,0.247876,0.061618,Bellevue_Bellevue_NE8th
4361,within,0.636249,0.168438,0.105817,0.506373,0.219937,0.075668,Bellevue_Bellevue_NE8th
4362,within,0.625438,0.165808,0.099018,0.647777,0.349429,0.088928,Bellevue_Bellevue_NE8th
4363,within,0.624268,0.165232,0.095954,0.523021,0.233633,0.117794,Bellevue_Bellevue_NE8th
4364,within,0.62774,0.162479,0.080071,0.535277,0.189405,0.059746,Bellevue_Bellevue_NE8th
4365,within,0.627648,0.165146,0.102053,0.439397,0.148108,0.072526,Bellevue_Bellevue_NE8th
4366,within,0.621122,0.171994,0.10205,0.443224,0.147441,0.035224,Bellevue_Bellevue_NE8th
4367,within,0.644751,0.157433,0.073508,0.365609,0.108643,0.04435,Bellevue_Bellevue_NE8th
4368,within,0.619226,0.158132,0.106172,0.457863,0.200087,0.045802,Bellevue_Bellevue_NE8th
4369,within,0.671598,0.133941,0.049364,0.574041,0.212626,0.091236,Bellevue_Bellevue_NE8th
4370,within,0.63578,0.166818,0.100359,0.586375,0.212855,0.086677,Bellevue_Bellevue_NE8th
4371,within,0.628007,0.162271,0.075987,0.548953,0.225234,0.058336,Bellevue_Bellevue_NE8th
4372,within,0.676715,0.144253,0.052814,0.522321,0.196541,0.078007,Bellevue_Bellevue_NE8th
4373,within,0.602931,0.168586,0.096117,0.55449,0.202119,0.07582,Bellevue_Bellevue_NE8th
4374,within,0.642036,0.162724,0.081117,0.579547,0.220567,0.060064,Bellevue_Bellevue_NE8th
4375,within,0.614971,0.165862,0.10187,0.566598,0.190759,0.065278,Bellevue_Bellevue_NE8th
4376,within,0.654871,0.172489,0.104014,0.525673,0.084351,0.11591,Bellevue_Bellevue_NE8th
4377,within,0.662918,0.150304,0.065884,0.424931,0.039713,0.098067,Bellevue_Bellevue_NE8th
4378,within,0.682143,0.138172,0.049484,0.454051,0.119271,0.099205,Bellevue_Bellevue_NE8th
4379,within,0.619043,0.170744,0.092556,0.476023,0.165964,0.083998,Bellevue_Bellevue_NE8th
4380,within,0.680149,0.155598,0.045369,0.4032,0.134681,0.05173,Bellevue_Bellevue_NE8th
4381,within,0.67234,0.148753,0.044957,0.331976,0.123745,0.053216,Bellevue_Bellevue_NE8th
4382,within,0.687238,0.135599,0.043107,0.446077,0.159146,0.0614,Bellevue_Bellevue_NE8th
4383,within,0.637841,0.156512,0.068386,0.289825,0.074754,0.015951,Bellevue_Bellevue_NE8th
4384,within,0.615506,0.157918,0.094697,0.265886,0.028823,0.021429,Bellevue_Bellevue_NE8th
4385,within,0.679644,0.104316,0.056372,0.321946,0.155018,0.03619,Bellevue_Bellevue_NE8th
4386,within,0.649589,0.154857,0.071082,0.51371,0.164897,0.054315,Bellevue_Bellevue_NE8th
4387,within,0.611287,0.169806,0.108535,0.594386,0.220764,0.080948,Bellevue_Bellevue_NE8th
4388,within,0.596011,0.164312,0.09721,0.598736,0.207668,0.104405,Bellevue_Bellevue_NE8th
4389,within,0.643655,0.164686,0.088321,0.643125,0.241323,0.121219,Bellevue_Bellevue_NE8th
4390,within,0.626928,0.158335,0.072061,0.605599,0.202965,0.05145,Bellevue_Bellevue_NE8th
4391,within,0.61427,0.152852,0.084249,0.375779,0.157272,0.04689,Bellevue_Bellevue_NE8th
4392,within,0.69461,0.135752,0.057375,0.562037,0.236243,0.030357,Bellevue_Bellevue_NE8th
4393,within,0.706303,0.119507,0.049105,0.54924,0.092488,0.059793,Bellevue_Bellevue_NE8th
4394,within,0.631599,0.150686,0.076328,0.55599,0.16597,0.083637,Bellevue_Bellevue_NE8th
4395,within,0.592026,0.163739,0.100129,0.588323,0.245304,0.105482,Bellevue_Bellevue_NE8th
4396,within,0.584558,0.162463,0.098142,0.508026,0.186013,0.140787,Bellevue_Bellevue_NE8th
4397,within,0.599141,0.169887,0.098885,0.548188,0.225441,0.09099,Bellevue_Bellevue_NE8th
4398,within,0.583027,0.162446,0.098505,0.619527,0.239588,0.11234,Bellevue_Bellevue_NE8th
4399,within,0.601076,0.167699,0.104684,0.493964,0.232176,0.069397,Bellevue_Bellevue_NE8th
4400,within,0.649745,0.16072,0.096329,0.414523,0.253376,0.057596,Bellevue_Bellevue_NE8th
4401,within,0.690192,0.139825,0.055748,0.580556,0.213476,0.195751,Bellevue_Bellevue_NE8th
4402,within,0.602352,0.163689,0.102162,0.661056,0.226766,0.132365,Bellevue_Bellevue_NE8th
4403,within,0.597464,0.159964,0.098856,0.671734,0.399328,0.090292,Bellevue_Bellevue_NE8th
4404,within,0.564556,0.154811,0.099473,0.718118,0.374185,0.101728,Bellevue_Bellevue_NE8th
4405,within,0.573651,0.15828,0.097053,0.535612,0.289279,0.062662,Bellevue_Bellevue_NE8th
4406,within,0.569356,0.155618,0.097189,0.544476,0.260086,0.06782,Bellevue_Bellevue_NE8th
4407,within,0.595573,0.164373,0.099072,0.576928,0.260784,0.053268,Bellevue_Bellevue_NE8th
4408,within,0.597203,0.152744,0.096512,0.492308,0.192732,0.128704,Bellevue_Bellevue_NE8th
4409,within,0.626977,0.164828,0.106447,0.476446,0.176457,0.088049,Bellevue_Bellevue_NE8th
4410,within,0.625763,0.158119,0.07781,0.36939,0.129818,0.092198,Bellevue_Bellevue_NE8th
4411,within,0.586617,0.162199,0.099357,0.289358,0.083015,0.106471,Bellevue_Bellevue_NE8th
4412,within,0.592983,0.168686,0.101997,0.261859,0.029621,0.1181,Bellevue_Bellevue_NE8th
4413,within,0.627352,0.142665,0.074749,0.429652,0.147625,0.097812,Bellevue_Bellevue_NE8th
4414,within,0.58628,0.1598,0.097515,0.61348,0.188225,0.121796,Bellevue_Bellevue_NE8th
4415,within,0.599977,0.161559,0.101751,0.605152,0.097073,0.129374,Bellevue_Bellevue_NE8th
4416,within,0.605023,0.159874,0.099404,0.527744,0.06868,0.114157,Bellevue_Bellevue_NE8th
4417,within,0.66147,0.142702,0.058765,0.512792,0.046868,0.138968,Bellevue_Bellevue_NE8th
4418,within,0.591859,0.165202,0.102008,0.522937,0.0613,0.18856,Bellevue_Bellevue_NE8th
4419,within,0.591901,0.165336,0.100107,0.478256,0.081498,0.176802,Bellevue_Bellevue_NE8th
4420,within,0.58721,0.16175,0.100649,0.598442,0.0789,0.173578,Bellevue_Bellevue_NE8th
4421,within,0.58648,0.162854,0.101723,0.476792,0.111144,0.184903,Bellevue_Bellevue_NE8th
4422,within,0.588552,0.16387,0.09858,0.485319,0.180483,0.16064,Bellevue_Bellevue_NE8th
4423,within,0.591563,0.161899,0.100114,0.494062,0.192347,0.067236,Bellevue_Bellevue_NE8th
4424,within,0.597351,0.15636,0.101331,0.596848,0.174211,0.157986,Bellevue_Bellevue_NE8th
4425,within,0.593198,0.158335,0.101054,0.561211,0.16802,0.098427,Bellevue_Bellevue_NE8th
4426,within,0.595958,0.160774,0.098412,0.555513,0.097781,0.117661,Bellevue_Bellevue_NE8th
4427,within,0.581433,0.159005,0.097315,0.625173,0.074906,0.134435,Bellevue_Bellevue_NE8th
4428,within,0.577867,0.158318,0.101375,0.587735,0.053709,0.090809,Bellevue_Bellevue_NE8th
4429,within,0.555824,0.146842,0.09069,0.60309,0.142569,0.043833,Bellevue_Bellevue_NE8th
4430,within,0.651948,0.145972,0.05651,0.544824,0.190278,0.064502,Bellevue_Bellevue_NE8th
4431,within,0.594692,0.166384,0.099554,0.609926,0.195912,0.121224,Bellevue_Bellevue_NE8th
4432,within,0.576821,0.160166,0.094567,0.657971,0.292348,0.065153,Bellevue_Bellevue_NE8th
4433,within,0.579136,0.159578,0.094522,0.55904,0.261147,0.096015,Bellevue_Bellevue_NE8th
4434,within,0.596597,0.163929,0.088454,0.599599,0.257652,0.01633,Bellevue_Bellevue_NE8th
4435,within,0.591778,0.163654,0.099322,0.60593,0.209092,0.030842,Bellevue_Bellevue_NE8th
4436,within,0.609145,0.165281,0.100059,0.575159,0.201558,0.079645,Bellevue_Bellevue_NE8th
4437,within,0.619644,0.17001,0.101268,0.573433,0.130926,0.155356,Bellevue_Bellevue_NE8th
4438,within,0.576697,0.155442,0.100334,0.576062,0.049425,0.143215,Bellevue_Bellevue_NE8th
4439,within,0.570669,0.156948,0.098439,0.623188,0.193848,0.093721,Bellevue_Bellevue_NE8th
4440,within,0.586525,0.161894,0.098083,0.522453,0.118639,0.156267,Bellevue_Bellevue_NE8th
4441,within,0.577278,0.156485,0.094193,0.587841,0.210268,0.138269,Bellevue_Bellevue_NE8th
4442,within,0.576876,0.161959,0.095908,0.596977,0.110245,0.208164,Bellevue_Bellevue_NE8th
4443,within,0.558603,0.150333,0.095034,0.642346,0.166738,0.169904,Bellevue_Bellevue_NE8th
4444,within,0.564677,0.152141,0.093071,0.518464,0.190366,0.085026,Bellevue_Bellevue_NE8th
4445,within,0.608965,0.168341,0.084521,0.545939,0.201374,0.095595,Bellevue_Bellevue_NE8th
4446,within,0.619206,0.15951,0.069773,0.57056,0.152665,0.076214,Bellevue_Bellevue_NE8th
4447,within,0.601571,0.165703,0.098484,0.454569,0.12507,0.052477,Bellevue_Bellevue_NE8th
4448,within,0.64418,0.172955,0.110906,0.457888,0.13707,0.069022,Bellevue_Bellevue_NE8th
4449,within,0.637227,0.157558,0.066685,0.49497,0.19533,0.06124,Bellevue_Bellevue_NE8th
4450,within,0.632113,0.167475,0.104,0.679413,0.271915,0.113975,Bellevue_Bellevue_NE8th
4451,within,0.628591,0.171853,0.106462,0.639764,0.317698,0.059222,Bellevue_Bellevue_NE8th
4452,within,0.582039,0.162944,0.097711,0.634239,0.294447,0.095096,Bellevue_Bellevue_NE8th
4453,within,0.568969,0.154422,0.096369,0.543221,0.253829,0.053605,Bellevue_Bellevue_NE8th
4454,within,0.590588,0.162614,0.100897,0.574519,0.180803,0.096067,Bellevue_Bellevue_NE8th
4455,within,0.624939,0.167474,0.101648,0.536785,0.132136,0.126098,Bellevue_Bellevue_NE8th
4456,within,0.668597,0.149771,0.064996,0.610566,0.089489,0.22737,Bellevue_Bellevue_NE8th
4457,within,0.585979,0.162229,0.103041,0.655008,0.230347,0.197066,Bellevue_Bellevue_NE8th
4458,within,0.590217,0.164614,0.101831,0.651154,0.264621,0.145575,Bellevue_Bellevue_NE8th
4459,within,0.568243,0.155893,0.099774,0.402782,0.131284,0.080117,Bellevue_Bellevue_NE8th
4460,within,0.565209,0.156185,0.096529,0.427391,0.201895,0.047378,Bellevue_Bellevue_NE8th
4461,within,0.577136,0.15951,0.098614,0.495578,0.182368,0.098575,Bellevue_Bellevue_NE8th
4462,within,0.588672,0.158666,0.100774,0.525153,0.197602,0.081197,Bellevue_Bellevue_NE8th
4463,within,0.583266,0.159644,0.099951,0.668684,0.157914,0.085519,Bellevue_Bellevue_NE8th
4464,within,0.549592,0.145107,0.096181,0.646198,0.164612,0.10476,Bellevue_Bellevue_NE8th
4465,within,0.539051,0.140868,0.093052,0.502901,0.151837,0.034639,Bellevue_Bellevue_NE8th
4466,within,0.606336,0.165556,0.100823,0.465149,0.231033,0.029295,Bellevue_Bellevue_NE8th
4467,within,0.574883,0.158827,0.100229,0.391474,0.10674,0.073633,Bellevue_Bellevue_NE8th
4468,within,0.573331,0.159034,0.10075,0.360485,0.104941,0.030772,Bellevue_Bellevue_NE8th
4469,within,0.519908,0.130376,0.089558,0.468788,0.199501,0.010251,Bellevue_Bellevue_NE8th
4470,within,0.577319,0.155224,0.096657,0.604527,0.192965,0.053625,Bellevue_Bellevue_NE8th
4471,within,0.554166,0.148184,0.097314,0.581484,0.198804,0.125812,Bellevue_Bellevue_NE8th
4472,within,0.579497,0.161186,0.102313,0.526289,0.104222,0.205702,Bellevue_Bellevue_NE8th
4473,within,0.547026,0.147192,0.093419,0.486448,0.149806,0.12532,Bellevue_Bellevue_NE8th
4474,within,0.572528,0.157736,0.098384,0.558489,0.099791,0.144086,Bellevue_Bellevue_NE8th
4475,within,0.568569,0.15632,0.099074,0.556967,0.142514,0.19515,Bellevue_Bellevue_NE8th
4476,within,0.537013,0.138767,0.094279,0.476008,0.166978,0.099915,Bellevue_Bellevue_NE8th
4477,within,0.554939,0.150057,0.095305,0.527983,0.26664,0.054613,Bellevue_Bellevue_NE8th
4478,within,0.575085,0.158755,0.101984,0.529499,0.231886,0.069794,Bellevue_Bellevue_NE8th
4479,within,0.598396,0.165867,0.102075,0.728643,0.288003,0.138657,Bellevue_Bellevue_NE8th
4480,within,0.57131,0.156891,0.098546,0.708558,0.224367,0.191786,Bellevue_Bellevue_NE8th
4481,within,0.576617,0.161145,0.101498,0.764941,0.243146,0.208887,Bellevue_Bellevue_NE8th
4482,within,0.546122,0.143073,0.097079,0.780062,0.305404,0.164887,Bellevue_Bellevue_NE8th
4483,within,0.534806,0.135871,0.092019,0.606384,0.218148,0.158956,Bellevue_Bellevue_NE8th
4484,within,0.569797,0.158414,0.095221,0.550785,0.18748,0.145634,Bellevue_Bellevue_NE8th
4485,within,0.561942,0.150993,0.098615,0.491815,0.226665,0.074348,Bellevue_Bellevue_NE8th
4486,within,0.587968,0.162819,0.100215,0.524998,0.158806,0.124019,Bellevue_Bellevue_NE8th
4487,within,0.588966,0.161576,0.10054,0.496467,0.134857,0.07579,Bellevue_Bellevue_NE8th
4488,within,0.574412,0.1597,0.096956,0.404579,0.077716,0.083134,Bellevue_Bellevue_NE8th
4489,within,0.548798,0.148329,0.094592,0.420077,0.102051,0.092499,Bellevue_Bellevue_NE8th
4490,within,0.560979,0.154139,0.095881,0.371334,0.097535,0.096191,Bellevue_Bellevue_NE8th
4491,within,0.57749,0.160864,0.097901,0.374559,0.086651,0.075952,Bellevue_Bellevue_NE8th
4492,within,0.554247,0.150723,0.093484,0.371666,0.119748,0.049163,Bellevue_Bellevue_NE8th
4493,within,0.55558,0.148616,0.096818,0.413265,0.03907,0.053391,Bellevue_Bellevue_NE8th
4494,within,0.575586,0.158163,0.100887,0.546611,0.095654,0.067036,Bellevue_Bellevue_NE8th
4495,within,0.547058,0.147016,0.094181,0.518946,0.219242,0.060712,Bellevue_Bellevue_NE8th
4496,within,0.557751,0.152014,0.09652,0.49621,0.186292,0.056654,Bellevue_Bellevue_NE8th
4497,within,0.529872,0.135768,0.090168,0.515574,0.17075,0.047363,Bellevue_Bellevue_NE8th
4498,within,0.554197,0.150178,0.097762,0.545893,0.138027,0.064763,Bellevue_Bellevue_NE8th
4499,within,0.561995,0.155087,0.095975,0.389649,0.108074,0.100477,Bellevue_Bellevue_NE8th
4500,within,0.543262,0.144966,0.09512,0.31244,0.100374,0.057994,Bellevue_Bellevue_NE8th
4501,within,0.557894,0.152351,0.096653,0.516899,0.211827,0.098286,Bellevue_Bellevue_NE8th
4502,within,0.577861,0.160243,0.100382,0.503572,0.149912,0.119267,Bellevue_Bellevue_NE8th
4503,within,0.576417,0.156168,0.098942,0.486631,0.094977,0.193143,Bellevue_Bellevue_NE8th
4504,within,0.548221,0.145169,0.099983,0.441606,0.110287,0.139231,Bellevue_Bellevue_NE8th
4505,within,0.559401,0.152505,0.101172,0.423189,0.13266,0.173366,Bellevue_Bellevue_NE8th
4506,within,0.552878,0.150972,0.098645,0.550018,0.112113,0.254991,Bellevue_Bellevue_NE8th
4507,within,0.528596,0.133129,0.094813,0.631121,0.14802,0.12038,Bellevue_Bellevue_NE8th
4508,within,0.552295,0.151152,0.097273,0.562666,0.137223,0.077249,Bellevue_Bellevue_NE8th
4509,within,0.554654,0.150619,0.096483,0.623473,0.19765,0.081554,Bellevue_Bellevue_NE8th
4510,within,0.597976,0.162676,0.102333,0.636698,0.123684,0.097961,Bellevue_Bellevue_NE8th
4511,within,0.575277,0.154646,0.098255,0.640907,0.126158,0.154175,Bellevue_Bellevue_NE8th
4512,within,0.548818,0.147158,0.096284,0.702259,0.22302,0.039448,Bellevue_Bellevue_NE8th
4513,within,0.530801,0.139555,0.090701,0.543467,0.141837,0.050004,Bellevue_Bellevue_NE8th
4514,within,0.603048,0.169607,0.104579,0.597729,0.168191,0.073226,Bellevue_Bellevue_NE8th
4515,within,0.569919,0.157834,0.097218,0.595738,0.201405,0.10002,Bellevue_Bellevue_NE8th
4516,within,0.579054,0.161582,0.098739,0.577212,0.175255,0.141548,Bellevue_Bellevue_NE8th
4517,within,0.562408,0.153596,0.099028,0.520584,0.162626,0.113827,Bellevue_Bellevue_NE8th
4518,within,0.558467,0.153112,0.096717,0.557236,0.111645,0.135299,Bellevue_Bellevue_NE8th
4519,within,0.551163,0.146132,0.094015,0.366828,0.133388,0.0688,Bellevue_Bellevue_NE8th
4520,within,0.6308,0.172555,0.111117,0.358391,0.1893,0.071228,Bellevue_Bellevue_NE8th
4521,within,0.566166,0.15441,0.100605,0.496651,0.138654,0.072788,Bellevue_Bellevue_NE8th
4522,within,0.552633,0.147753,0.096664,0.489737,0.152867,0.041572,Bellevue_Bellevue_NE8th
4523,within,0.579332,0.162109,0.100289,0.493306,0.166267,0.070921,Bellevue_Bellevue_NE8th
4524,within,0.561438,0.155096,0.099301,0.592912,0.204376,0.076166,Bellevue_Bellevue_NE8th
4525,within,0.552157,0.148649,0.097191,0.493636,0.21977,0.076852,Bellevue_Bellevue_NE8th
4526,within,0.606477,0.159378,0.094361,0.445071,0.118267,0.077275,Bellevue_Bellevue_NE8th
4527,within,0.583237,0.161354,0.099808,0.514044,-0.03364,0.141727,Bellevue_Bellevue_NE8th
4528,within,0.53308,0.140039,0.094694,0.450544,-0.046213,0.115382,Bellevue_Bellevue_NE8th
4529,within,0.541237,0.143499,0.08945,0.44386,0.098515,0.09618,Bellevue_Bellevue_NE8th
4530,within,0.557178,0.148969,0.101325,0.308518,0.127475,0.084226,Bellevue_Bellevue_NE8th
4531,within,0.526644,0.135308,0.091803,0.405757,0.181865,0.076403,Bellevue_Bellevue_NE8th
4532,within,0.569667,0.156506,0.096611,0.599086,0.274639,0.170439,Bellevue_Bellevue_NE8th
4533,within,0.552897,0.149512,0.095434,0.562623,0.139521,0.198764,Bellevue_Bellevue_NE8th
4534,within,0.5738,0.159014,0.097944,0.54814,0.072077,0.1486,Bellevue_Bellevue_NE8th
4535,within,0.58622,0.161862,0.099652,0.553794,0.034691,0.150082,Bellevue_Bellevue_NE8th
4536,within,0.548242,0.146921,0.097443,0.548065,0.050903,0.093586,Bellevue_Bellevue_NE8th
4537,within,0.583732,0.153718,0.094729,0.528896,0.107185,0.113237,Bellevue_Bellevue_NE8th
4538,within,0.570074,0.157969,0.0973,0.624212,0.263556,0.132897,Bellevue_Bellevue_NE8th
4539,within,0.553515,0.15137,0.095493,0.631306,0.30413,0.160152,Bellevue_Bellevue_NE8th
4540,within,0.558066,0.152376,0.094476,0.630489,0.312229,0.141025,Bellevue_Bellevue_NE8th
4541,within,0.552372,0.149231,0.094587,0.541253,0.117671,0.13984,Bellevue_Bellevue_NE8th
4542,within,0.597958,0.167588,0.10386,0.622506,0.111527,0.144448,Bellevue_Bellevue_NE8th
4543,within,0.552431,0.149681,0.098205,0.660729,0.114643,0.209161,Bellevue_Bellevue_NE8th
4544,within,0.519277,0.128335,0.090663,0.64232,0.159078,0.175177,Bellevue_Bellevue_NE8th
4545,within,0.565792,0.151094,0.095566,0.543491,0.13933,0.136695,Bellevue_Bellevue_NE8th
4546,within,0.608455,0.170218,0.103213,0.499559,0.062964,0.216181,Bellevue_Bellevue_NE8th
4547,within,0.545793,0.145186,0.095246,0.480239,0.149554,0.153209,Bellevue_Bellevue_NE8th
4548,within,0.559217,0.152397,0.099099,0.556799,0.178786,0.167817,Bellevue_Bellevue_NE8th
4549,within,0.554873,0.151155,0.09829,0.536062,0.183031,0.14731,Bellevue_Bellevue_NE8th
4550,within,0.534716,0.141846,0.091541,0.494884,0.140496,0.097755,Bellevue_Bellevue_NE8th
4551,within,0.601825,0.164602,0.10088,0.52374,0.166893,0.085105,Bellevue_Bellevue_NE8th
4552,within,0.556075,0.151513,0.098815,0.510517,0.125141,0.088043,Bellevue_Bellevue_NE8th
4553,within,0.561308,0.153158,0.097686,0.435236,0.107229,0.13456,Bellevue_Bellevue_NE8th
4554,within,0.552809,0.150966,0.097014,0.517213,0.173481,0.127623,Bellevue_Bellevue_NE8th
4555,within,0.55113,0.150878,0.096825,0.556389,0.223058,0.085647,Bellevue_Bellevue_NE8th
4556,within,0.556307,0.153418,0.096652,0.511337,0.141266,0.099988,Bellevue_Bellevue_NE8th
4557,within,0.559109,0.151824,0.094255,0.589026,0.114993,0.14163,Bellevue_Bellevue_NE8th
4558,within,0.563187,0.153432,0.09557,0.488722,0.054457,0.156173,Bellevue_Bellevue_NE8th
4559,within,0.599215,0.168026,0.1035,0.486927,0.070886,0.273399,Bellevue_Bellevue_NE8th
4560,within,0.538886,0.143043,0.093624,0.425024,0.076704,0.22641,Bellevue_Bellevue_NE8th
4561,within,0.557027,0.153251,0.097591,0.452417,0.172858,0.196526,Bellevue_Bellevue_NE8th
4562,within,0.526465,0.133053,0.092983,0.535069,0.251496,0.096048,Bellevue_Bellevue_NE8th
4563,within,0.548279,0.147696,0.096304,0.588079,0.300874,0.109872,Bellevue_Bellevue_NE8th
4564,within,0.551196,0.149146,0.097123,0.600265,0.101364,0.141175,Bellevue_Bellevue_NE8th
4565,within,0.592347,0.165161,0.102384,0.579938,0.037706,0.143583,Bellevue_Bellevue_NE8th
4566,within,0.537819,0.142074,0.093495,0.638433,0.04808,0.152045,Bellevue_Bellevue_NE8th
4567,within,0.55861,0.152798,0.097432,0.648308,0.070521,0.158863,Bellevue_Bellevue_NE8th
4568,within,0.542625,0.143318,0.095794,0.581844,0.137485,0.071421,Bellevue_Bellevue_NE8th
4569,within,0.570808,0.159046,0.099036,0.700409,0.114622,0.148733,Bellevue_Bellevue_NE8th
4570,within,0.54375,0.14493,0.098299,0.69697,0.110282,0.084229,Bellevue_Bellevue_NE8th
4571,within,0.551638,0.1482,0.098107,0.631555,0.034091,0.106614,Bellevue_Bellevue_NE8th
4572,within,0.584328,0.161329,0.103489,0.71922,0.156221,0.190528,Bellevue_Bellevue_NE8th
4573,within,0.559445,0.152833,0.100912,0.691953,0.247532,0.169949,Bellevue_Bellevue_NE8th
4574,within,0.527379,0.139724,0.088603,0.670235,0.267016,0.097833,Bellevue_Bellevue_NE8th
4575,within,0.538738,0.143883,0.092826,0.633744,0.302113,0.115031,Bellevue_Bellevue_NE8th
4576,within,0.538419,0.143371,0.094318,0.587612,0.249646,0.130645,Bellevue_Bellevue_NE8th
4577,within,0.553603,0.150776,0.097294,0.474308,0.14997,0.054984,Bellevue_Bellevue_NE8th
4578,within,0.558891,0.151979,0.099583,0.476881,0.126809,0.027689,Bellevue_Bellevue_NE8th
4579,within,0.548917,0.146681,0.096727,0.627394,0.138357,0.07765,Bellevue_Bellevue_NE8th
4580,within,0.558278,0.154033,0.097381,0.653611,0.191128,0.10584,Bellevue_Bellevue_NE8th
4581,within,0.560992,0.154951,0.097271,0.499346,0.176569,0.072832,Bellevue_Bellevue_NE8th
4582,within,0.560769,0.155727,0.095896,0.448488,0.16962,0.091391,Bellevue_Bellevue_NE8th
4583,within,0.554026,0.151712,0.096381,0.503818,0.190591,0.118323,Bellevue_Bellevue_NE8th
4584,within,0.565306,0.155841,0.098521,0.447318,0.067525,0.112906,Bellevue_Bellevue_NE8th
4585,within,0.578121,0.161596,0.098848,0.488874,0.072561,0.090551,Bellevue_Bellevue_NE8th
4586,within,0.577029,0.159871,0.100805,0.538131,0.193855,0.089722,Bellevue_Bellevue_NE8th
4587,within,0.524052,0.134005,0.094943,0.496263,0.15469,0.047449,Bellevue_Bellevue_NE8th
4588,within,0.557667,0.151266,0.099332,0.427257,0.152834,0.068581,Bellevue_Bellevue_NE8th
4589,within,0.56871,0.157912,0.100182,0.44853,0.247711,0.047762,Bellevue_Bellevue_NE8th
4590,within,0.551581,0.148534,0.098929,0.58117,0.190236,0.0945,Bellevue_Bellevue_NE8th
4591,within,0.561199,0.155008,0.097527,0.684226,0.179523,0.125061,Bellevue_Bellevue_NE8th
4592,within,0.544592,0.146031,0.095397,0.657032,0.283047,0.069522,Bellevue_Bellevue_NE8th
4593,within,0.551032,0.14881,0.097273,0.536537,0.135209,0.034848,Bellevue_Bellevue_NE8th
4594,within,0.549367,0.147382,0.095722,0.523856,0.094446,0.05553,Bellevue_Bellevue_NE8th
4595,within,0.578889,0.161263,0.100884,0.583953,0.098484,0.077104,Bellevue_Bellevue_NE8th
4596,within,0.541061,0.143983,0.096038,0.606381,0.078887,0.066275,Bellevue_Bellevue_NE8th
4597,within,0.551511,0.148822,0.098552,0.564048,0.105346,0.044273,Bellevue_Bellevue_NE8th
4598,within,0.553032,0.148948,0.100085,0.617925,0.134363,0.024728,Bellevue_Bellevue_NE8th
4599,within,0.525999,0.134468,0.093542,0.428739,0.127997,0.119079,Bellevue_Bellevue_NE8th
4600,within,0.552382,0.150931,0.096805,0.372577,0.200603,0.072937,Bellevue_Bellevue_NE8th
4601,within,0.537787,0.142252,0.094474,0.429841,0.202585,0.092703,Bellevue_Bellevue_NE8th
4602,within,0.546464,0.148528,0.094521,0.455701,0.107615,0.067768,Bellevue_Bellevue_NE8th
4603,within,0.55454,0.152712,0.096021,0.604141,0.048243,0.05318,Bellevue_Bellevue_NE8th
4604,within,0.604577,0.166395,0.10013,0.617674,0.034501,0.063845,Bellevue_Bellevue_NE8th
4605,within,0.569458,0.158097,0.101011,0.665847,0.088021,0.0521,Bellevue_Bellevue_NE8th
4606,within,0.559314,0.154412,0.098329,0.66989,0.126998,0.057181,Bellevue_Bellevue_NE8th
4607,within,0.56063,0.154344,0.098718,0.694351,0.132461,0.06756,Bellevue_Bellevue_NE8th
4608,within,0.534575,0.139154,0.094521,0.675684,0.206359,0.090042,Bellevue_Bellevue_NE8th
4609,within,0.533969,0.139808,0.093038,0.611169,0.252721,0.080075,Bellevue_Bellevue_NE8th
4610,within,0.572531,0.159383,0.097601,0.614957,0.235782,0.095189,Bellevue_Bellevue_NE8th
4611,within,0.546938,0.147215,0.095978,0.648366,0.174931,0.058454,Bellevue_Bellevue_NE8th
4612,within,0.543602,0.143507,0.097691,0.509219,0.127714,0.068707,Bellevue_Bellevue_NE8th
4613,within,0.570931,0.158229,0.102647,0.583559,0.06158,0.113734,Bellevue_Bellevue_NE8th
4614,within,0.565206,0.154539,0.101519,0.636651,0.033938,0.113557,Bellevue_Bellevue_NE8th
4615,within,0.528912,0.1376,0.093582,0.50048,0.051785,0.079984,Bellevue_Bellevue_NE8th
4616,within,0.54556,0.148259,0.093429,0.358369,0.032548,0.113601,Bellevue_Bellevue_NE8th
4617,within,0.532735,0.140546,0.091472,0.516135,0.108645,0.088586,Bellevue_Bellevue_NE8th
4618,within,0.52348,0.13363,0.092629,0.4929,0.160873,0.08691,Bellevue_Bellevue_NE8th
4619,within,0.562405,0.155955,0.096473,0.498945,0.176561,0.13489,Bellevue_Bellevue_NE8th
4620,within,0.550364,0.150272,0.09607,0.502449,0.19403,0.074643,Bellevue_Bellevue_NE8th
4621,within,0.55448,0.152021,0.096156,0.463563,0.107834,0.088499,Bellevue_Bellevue_NE8th
4622,within,0.561233,0.153831,0.097774,0.470764,0.108893,0.093016,Bellevue_Bellevue_NE8th
4623,within,0.596008,0.167657,0.102001,0.426799,0.110671,0.126029,Bellevue_Bellevue_NE8th
4624,within,0.560289,0.153676,0.100814,0.492516,0.142214,0.089759,Bellevue_Bellevue_NE8th
4625,within,0.528529,0.134537,0.096532,0.457991,0.15038,0.037015,Bellevue_Bellevue_NE8th
4626,within,0.529234,0.134579,0.096643,0.543821,0.189867,0.069717,Bellevue_Bellevue_NE8th
4627,within,0.526024,0.134232,0.096526,0.511151,0.138388,0.081385,Bellevue_Bellevue_NE8th
4628,within,0.55041,0.15122,0.093787,0.489921,0.218188,0.074882,Bellevue_Bellevue_NE8th
4629,within,0.551141,0.150262,0.097484,0.55115,0.264646,0.08492,Bellevue_Bellevue_NE8th
4630,within,0.543697,0.14577,0.095174,0.436466,0.183291,0.075926,Bellevue_Bellevue_NE8th
4631,within,0.541242,0.144081,0.093838,0.461107,0.1305,0.148103,Bellevue_Bellevue_NE8th
4632,within,0.561364,0.154426,0.098532,0.51672,0.168984,0.204656,Bellevue_Bellevue_NE8th
4633,within,0.537228,0.143111,0.093929,0.561499,0.193661,0.159197,Bellevue_Bellevue_NE8th
4634,within,0.536737,0.142546,0.094153,0.575082,0.251919,0.122563,Bellevue_Bellevue_NE8th
4635,within,0.541964,0.145976,0.095979,0.616599,0.295681,0.028165,Bellevue_Bellevue_NE8th
4636,within,0.537882,0.143005,0.093543,0.529348,0.17996,0.020317,Bellevue_Bellevue_NE8th
4637,within,0.525648,0.13396,0.093527,0.396687,0.16587,0.065182,Bellevue_Bellevue_NE8th
4638,within,0.569063,0.158084,0.097815,0.524372,0.238846,0.068689,Bellevue_Bellevue_NE8th
4639,within,0.558466,0.154604,0.097952,0.550666,0.225098,0.094834,Bellevue_Bellevue_NE8th
4640,within,0.528827,0.136285,0.092437,0.550254,0.134916,0.074233,Bellevue_Bellevue_NE8th
4641,within,0.541584,0.143109,0.096309,0.410247,0.107794,0.076192,Bellevue_Bellevue_NE8th
4642,within,0.616363,0.173016,0.105325,0.519199,0.148935,0.118324,Bellevue_Bellevue_NE8th
4643,within,0.537957,0.141023,0.097185,0.485723,0.132647,0.110753,Bellevue_Bellevue_NE8th
4644,within,0.57032,0.158041,0.10038,0.500156,0.186056,0.148574,Bellevue_Bellevue_NE8th
4645,within,0.531039,0.13893,0.093715,0.585253,0.181712,0.179235,Bellevue_Bellevue_NE8th
4646,within,0.527251,0.134285,0.095218,0.550499,0.160971,0.201333,Bellevue_Bellevue_NE8th
4647,within,0.530964,0.137635,0.095348,0.642496,0.184295,0.204217,Bellevue_Bellevue_NE8th
4648,within,0.525253,0.133568,0.094189,0.606863,0.188405,0.155507,Bellevue_Bellevue_NE8th
4649,within,0.525437,0.133878,0.092916,0.552889,0.194303,0.140465,Bellevue_Bellevue_NE8th
4650,within,0.546815,0.14545,0.098254,0.417159,0.111629,0.151238,Bellevue_Bellevue_NE8th
4651,within,0.5461,0.146288,0.095334,0.47067,0.169513,0.123774,Bellevue_Bellevue_NE8th
4652,within,0.561108,0.152184,0.100754,0.501217,0.194471,0.161259,Bellevue_Bellevue_NE8th
4653,within,0.530423,0.138669,0.091102,0.506393,0.182806,0.162792,Bellevue_Bellevue_NE8th
4654,within,0.528011,0.136692,0.094424,0.487559,0.188559,0.21604,Bellevue_Bellevue_NE8th
4655,within,0.516283,0.129247,0.091184,0.474726,0.148647,0.042641,Bellevue_Bellevue_NE8th
4656,within,0.551878,0.1508,0.095281,0.508826,0.196019,0.040302,Bellevue_Bellevue_NE8th
4657,within,0.54643,0.147171,0.095545,0.516644,0.195347,0.046313,Bellevue_Bellevue_NE8th
4658,within,0.527021,0.135299,0.092078,0.580759,0.157447,0.079066,Bellevue_Bellevue_NE8th
4659,within,0.563554,0.154795,0.098173,0.589472,0.094453,0.123723,Bellevue_Bellevue_NE8th
4660,within,0.531546,0.139037,0.092805,0.626431,0.115454,0.103877,Bellevue_Bellevue_NE8th
4661,within,0.534173,0.138104,0.096797,0.596908,0.087121,0.118645,Bellevue_Bellevue_NE8th
4662,within,0.53952,0.143437,0.094582,0.562803,0.11443,0.110291,Bellevue_Bellevue_NE8th
4663,within,0.550633,0.149951,0.095361,0.52885,0.194295,0.089609,Bellevue_Bellevue_NE8th
4664,within,0.532732,0.139802,0.093689,0.488116,0.146689,0.09158,Bellevue_Bellevue_NE8th
4665,within,0.549072,0.148286,0.097003,0.642777,0.20559,0.116945,Bellevue_Bellevue_NE8th
4666,within,0.52279,0.132202,0.092909,0.552711,0.184258,0.083981,Bellevue_Bellevue_NE8th
4667,within,0.550195,0.149253,0.096098,0.547546,0.167798,0.049344,Bellevue_Bellevue_NE8th
4668,within,0.545892,0.146362,0.094464,0.517925,0.084661,0.087354,Bellevue_Bellevue_NE8th
4669,within,0.603263,0.17043,0.106028,0.590644,0.071951,0.071493,Bellevue_Bellevue_NE8th
4670,within,0.517565,0.131882,0.089219,0.476061,0.06503,0.039751,Bellevue_Bellevue_NE8th
4671,within,0.547012,0.146238,0.097245,0.418591,0.125265,0.034122,Bellevue_Bellevue_NE8th
4672,within,0.548062,0.146673,0.099176,0.234013,0.087434,0.028241,Bellevue_Bellevue_NE8th
4673,within,0.52603,0.133356,0.095833,0.377376,0.134528,0.07449,Bellevue_Bellevue_NE8th
4674,within,0.520208,0.130945,0.093661,0.567852,0.224953,0.098411,Bellevue_Bellevue_NE8th
4675,within,0.546856,0.146492,0.096774,0.534309,0.16135,0.05242,Bellevue_Bellevue_NE8th
4676,within,0.574172,0.158266,0.101187,0.591142,0.062319,0.052338,Bellevue_Bellevue_NE8th
4677,within,0.524165,0.131373,0.098728,0.603304,0.108248,0.067126,Bellevue_Bellevue_NE8th
4678,within,0.534117,0.139496,0.094977,0.612582,0.162578,0.070618,Bellevue_Bellevue_NE8th
4679,within,0.523621,0.133296,0.094039,0.614562,0.209985,0.065647,Bellevue_Bellevue_NE8th
4680,within,0.520015,0.130378,0.091598,0.359913,0.152618,0.060081,Bellevue_Bellevue_NE8th
4681,within,0.549432,0.149789,0.094495,0.399357,0.17946,0.045208,Bellevue_Bellevue_NE8th
4682,within,0.551583,0.149586,0.094956,0.461488,0.164066,0.071964,Bellevue_Bellevue_NE8th
4683,within,0.545126,0.144071,0.097542,0.420098,0.184575,0.073848,Bellevue_Bellevue_NE8th
4684,within,0.522149,0.132553,0.094554,0.495301,0.193911,0.092281,Bellevue_Bellevue_NE8th
4685,within,0.526039,0.135722,0.09285,0.534969,0.147309,0.138602,Bellevue_Bellevue_NE8th
4686,within,0.550366,0.150088,0.095547,0.585358,0.203235,0.116991,Bellevue_Bellevue_NE8th
4687,within,0.537534,0.141746,0.095249,0.554791,0.129376,0.058355,Bellevue_Bellevue_NE8th
4688,within,0.523486,0.132414,0.092252,0.423855,0.101404,0.068166,Bellevue_Bellevue_NE8th
4689,within,0.550344,0.149757,0.094685,0.430827,0.098583,0.080553,Bellevue_Bellevue_NE8th
4690,within,0.533164,0.135603,0.094123,0.535532,0.131671,0.088249,Bellevue_Bellevue_NE8th
4691,within,0.547516,0.146211,0.098379,0.435866,0.139225,0.103061,Bellevue_Bellevue_NE8th
4692,within,0.590018,0.164675,0.103639,0.423154,0.167803,0.077087,Bellevue_Bellevue_NE8th
4693,within,0.538136,0.141189,0.097716,0.495812,0.177698,0.123901,Bellevue_Bellevue_NE8th
4694,within,0.520831,0.132383,0.094182,0.467406,0.026894,0.158802,Bellevue_Bellevue_NE8th
4695,within,0.528102,0.133456,0.097431,0.548976,0.085965,0.168492,Bellevue_Bellevue_NE8th
4696,within,0.524724,0.133848,0.093909,0.47001,0.047697,0.132848,Bellevue_Bellevue_NE8th
4697,within,0.52436,0.133125,0.093163,0.495413,0.115414,0.108967,Bellevue_Bellevue_NE8th
4698,within,0.552563,0.15069,0.094999,0.497513,0.121957,0.099375,Bellevue_Bellevue_NE8th
4699,within,0.573609,0.156554,0.098841,0.540089,0.100539,0.140594,Bellevue_Bellevue_NE8th
4700,within,0.531281,0.137044,0.096345,0.49594,0.105388,0.167021,Bellevue_Bellevue_NE8th
4701,within,0.525365,0.135987,0.091443,0.433522,0.114645,0.077029,Bellevue_Bellevue_NE8th
4702,within,0.561369,0.155314,0.096821,0.360898,0.099313,0.088324,Bellevue_Bellevue_NE8th
4703,within,0.54621,0.146712,0.095152,0.466429,0.084377,0.067562,Bellevue_Bellevue_NE8th
4704,within,0.561305,0.153242,0.096516,0.655204,0.154974,0.105181,Bellevue_Bellevue_NE8th
4705,within,0.566305,0.155256,0.097614,0.63388,0.194257,0.037923,Bellevue_Bellevue_NE8th
4706,within,0.53284,0.140032,0.091101,0.573115,0.120097,0.037012,Bellevue_Bellevue_NE8th
4707,within,0.549468,0.144196,0.09804,0.627701,0.059451,0.054772,Bellevue_Bellevue_NE8th
4708,within,0.522879,0.131356,0.096278,0.598024,0.049572,0.088499,Bellevue_Bellevue_NE8th
4709,within,0.533816,0.139052,0.094538,0.519426,0.100499,0.07024,Bellevue_Bellevue_NE8th
4710,within,0.551598,0.148942,0.097992,0.455341,0.047523,0.101488,Bellevue_Bellevue_NE8th
4711,within,0.558606,0.152876,0.097125,0.521163,0.100602,0.113528,Bellevue_Bellevue_NE8th
4712,within,0.542369,0.143643,0.095675,0.554363,0.1292,0.131232,Bellevue_Bellevue_NE8th
4713,within,0.529373,0.135315,0.093213,0.574518,0.11872,0.167204,Bellevue_Bellevue_NE8th
4714,within,0.55758,0.150468,0.09637,0.564709,0.063709,0.174594,Bellevue_Bellevue_NE8th
4715,within,0.547512,0.145525,0.099885,0.622178,0.086095,0.145605,Bellevue_Bellevue_NE8th
4716,within,0.523726,0.133043,0.094357,0.559479,0.069692,0.060349,Bellevue_Bellevue_NE8th
4717,within,0.53778,0.140606,0.096801,0.565495,0.085739,0.141654,Bellevue_Bellevue_NE8th
4718,within,0.530086,0.138115,0.092624,0.432084,0.089783,0.109562,Bellevue_Bellevue_NE8th
4719,within,0.525117,0.134695,0.092864,0.395541,0.112923,0.097211,Bellevue_Bellevue_NE8th
4720,within,0.547349,0.146475,0.097304,0.529935,0.157619,0.119412,Bellevue_Bellevue_NE8th
4721,within,0.537406,0.13876,0.096094,0.522085,0.136449,0.133767,Bellevue_Bellevue_NE8th
4722,within,0.546446,0.146011,0.096317,0.536447,0.054032,0.045229,Bellevue_Bellevue_NE8th
4723,within,0.557544,0.152401,0.096852,0.612858,0.082385,0.066926,Bellevue_Bellevue_NE8th
4724,within,0.53193,0.137816,0.095653,0.628191,0.0695,0.068401,Bellevue_Bellevue_NE8th
4725,within,0.534399,0.138058,0.096033,0.568949,0.094998,0.039886,Bellevue_Bellevue_NE8th
4726,within,0.554187,0.148875,0.099889,0.434815,0.120846,0.066491,Bellevue_Bellevue_NE8th
4727,within,0.534154,0.141958,0.091934,0.414343,0.183506,0.077976,Bellevue_Bellevue_NE8th
4728,within,0.563544,0.157313,0.098019,0.498079,0.181948,0.093288,Bellevue_Bellevue_NE8th
4729,within,0.531318,0.136691,0.09355,0.485577,0.135334,0.105682,Bellevue_Bellevue_NE8th
4730,within,0.551074,0.148963,0.097804,0.573592,0.108009,0.093488,Bellevue_Bellevue_NE8th
4731,within,0.566583,0.155976,0.101465,0.746497,0.06887,0.130294,Bellevue_Bellevue_NE8th
4732,within,0.518339,0.1338,0.095196,0.640898,0.124437,0.106548,Bellevue_Bellevue_NE8th
4733,within,0.528376,0.135763,0.094067,0.538876,0.161186,0.040377,Bellevue_Bellevue_NE8th
4734,within,0.529565,0.134974,0.094553,0.493913,0.135289,0.074972,Bellevue_Bellevue_NE8th
4735,within,0.522831,0.131719,0.093477,0.341424,0.103004,0.073929,Bellevue_Bellevue_NE8th
4736,within,0.545307,0.147187,0.095701,0.393225,0.080134,0.116483,Bellevue_Bellevue_NE8th
4737,within,0.531844,0.13594,0.095255,0.325319,0.056591,0.067603,Bellevue_Bellevue_NE8th
4738,within,0.529089,0.136801,0.091217,0.399112,0.080437,0.039969,Bellevue_Bellevue_NE8th
4739,within,0.564095,0.154704,0.097153,0.514961,0.084777,0.06486,Bellevue_Bellevue_NE8th
4740,within,0.569335,0.157094,0.099505,0.565839,0.095131,0.097682,Bellevue_Bellevue_NE8th
4741,within,0.533827,0.140601,0.093053,0.53907,0.1065,0.074765,Bellevue_Bellevue_NE8th
4742,within,0.561238,0.154742,0.097709,0.486188,0.149724,0.099972,Bellevue_Bellevue_NE8th
4743,within,0.56033,0.153911,0.097871,0.445491,0.123647,0.167268,Bellevue_Bellevue_NE8th
4744,within,0.533228,0.140171,0.092689,0.50205,0.098497,0.1771,Bellevue_Bellevue_NE8th
4745,within,0.55076,0.149873,0.094975,0.567417,0.123219,0.208032,Bellevue_Bellevue_NE8th
4746,within,0.544913,0.144979,0.096114,0.599771,0.094681,0.206382,Bellevue_Bellevue_NE8th
4747,within,0.541791,0.142055,0.095561,0.59141,0.055471,0.151099,Bellevue_Bellevue_NE8th
4748,within,0.553801,0.150005,0.098083,0.570441,0.075534,0.121264,Bellevue_Bellevue_NE8th
4749,within,0.539731,0.140715,0.094323,0.627619,0.072497,0.066068,Bellevue_Bellevue_NE8th
4750,within,0.559565,0.153471,0.098635,0.598228,0.126335,0.034629,Bellevue_Bellevue_NE8th
4751,within,0.552782,0.150974,0.095459,0.525157,0.095265,0.078289,Bellevue_Bellevue_NE8th
4752,within,0.555183,0.151946,0.09617,0.479799,0.120488,0.056044,Bellevue_Bellevue_NE8th
4753,within,0.555177,0.151902,0.096939,0.400957,0.072179,0.083219,Bellevue_Bellevue_NE8th
4754,within,0.545945,0.146922,0.095112,0.392758,0.080388,0.107735,Bellevue_Bellevue_NE8th
4755,within,0.542951,0.145092,0.096086,0.536372,0.128038,0.139604,Bellevue_Bellevue_NE8th
4756,within,0.561899,0.153697,0.098644,0.59653,0.144183,0.114329,Bellevue_Bellevue_NE8th
4757,within,0.557013,0.151329,0.099605,0.73083,0.066185,0.209847,Bellevue_Bellevue_NE8th
4758,within,0.523143,0.134333,0.093816,0.731733,0.088743,0.204181,Bellevue_Bellevue_NE8th
4759,within,0.523655,0.137494,0.090355,0.633563,0.118762,0.141137,Bellevue_Bellevue_NE8th
4760,within,0.529383,0.137806,0.092996,0.663289,0.121059,0.166978,Bellevue_Bellevue_NE8th
4761,within,0.527583,0.133298,0.096275,0.638091,0.076344,0.120276,Bellevue_Bellevue_NE8th
4762,within,0.521487,0.130994,0.093588,0.435077,0.074695,0.091588,Bellevue_Bellevue_NE8th
4763,within,0.554685,0.15029,0.098166,0.516313,0.064832,0.126776,Bellevue_Bellevue_NE8th
4764,within,0.536649,0.138501,0.096934,0.477376,0.081495,0.098682,Bellevue_Bellevue_NE8th
4765,within,0.525491,0.13352,0.093402,0.527472,0.12262,0.126463,Bellevue_Bellevue_NE8th
4766,within,0.550245,0.147728,0.096545,0.536087,0.11299,0.060685,Bellevue_Bellevue_NE8th
4767,within,0.576344,0.160489,0.101708,0.648168,0.18734,0.02209,Bellevue_Bellevue_NE8th
4768,within,0.526784,0.134564,0.093914,0.631305,0.173342,0.047193,Bellevue_Bellevue_NE8th
4769,within,0.557641,0.151617,0.098581,0.60849,0.22011,0.091737,Bellevue_Bellevue_NE8th
4770,within,0.552994,0.148352,0.100373,0.60083,0.192656,0.138594,Bellevue_Bellevue_NE8th
4771,within,0.518565,0.130203,0.093227,0.500694,0.17203,0.091373,Bellevue_Bellevue_NE8th
4772,within,0.546724,0.146379,0.097515,0.480976,0.134557,0.097128,Bellevue_Bellevue_NE8th
4773,within,0.534438,0.136988,0.096873,0.529976,0.191751,0.053496,Bellevue_Bellevue_NE8th
4774,within,0.547019,0.146016,0.098,0.523344,0.18075,0.058523,Bellevue_Bellevue_NE8th
4775,within,0.543377,0.143133,0.096342,0.476075,0.180912,0.109539,Bellevue_Bellevue_NE8th
4776,within,0.549048,0.145519,0.097106,0.466786,0.119127,0.120588,Bellevue_Bellevue_NE8th
4777,within,0.545578,0.144416,0.099004,0.544044,0.12941,0.127871,Bellevue_Bellevue_NE8th
4778,within,0.528061,0.134612,0.094017,0.51495,0.126115,0.096506,Bellevue_Bellevue_NE8th
4779,within,0.546383,0.146528,0.096926,0.562276,0.180248,0.073944,Bellevue_Bellevue_NE8th
4780,within,0.521185,0.131062,0.093818,0.434151,0.132818,0.103528,Bellevue_Bellevue_NE8th
4781,within,0.549996,0.148711,0.09594,0.520373,0.183443,0.13131,Bellevue_Bellevue_NE8th
4782,within,0.538497,0.140525,0.095298,0.549886,0.170509,0.102134,Bellevue_Bellevue_NE8th
4783,within,0.548364,0.146756,0.097484,0.503845,0.134024,0.114829,Bellevue_Bellevue_NE8th
4784,within,0.549716,0.148192,0.096429,0.509073,0.089889,0.124807,Bellevue_Bellevue_NE8th
4785,within,0.55379,0.150262,0.097755,0.575245,0.087784,0.170546,Bellevue_Bellevue_NE8th
4786,within,0.523185,0.13284,0.091955,0.56224,0.10225,0.149468,Bellevue_Bellevue_NE8th
4787,within,0.527364,0.134966,0.093349,0.607403,0.125173,0.162053,Bellevue_Bellevue_NE8th
4788,within,0.547685,0.146021,0.09704,0.58214,0.152052,0.108576,Bellevue_Bellevue_NE8th
4789,within,0.543016,0.143136,0.097233,0.565622,0.145516,0.125796,Bellevue_Bellevue_NE8th
4790,within,0.534642,0.136992,0.098005,0.554009,0.14553,0.11986,Bellevue_Bellevue_NE8th
4791,within,0.522747,0.131149,0.095642,0.53412,0.159681,0.093942,Bellevue_Bellevue_NE8th
4792,within,0.546,0.14601,0.096754,0.596085,0.193326,0.126416,Bellevue_Bellevue_NE8th
4793,within,0.524079,0.132729,0.094875,0.491131,0.126943,0.124428,Bellevue_Bellevue_NE8th
4794,within,0.538675,0.142671,0.093609,0.514042,0.169998,0.16095,Bellevue_Bellevue_NE8th
4795,within,0.546137,0.146624,0.098431,0.553311,0.239649,0.150668,Bellevue_Bellevue_NE8th
4796,within,0.529086,0.136051,0.095331,0.523842,0.187719,0.163109,Bellevue_Bellevue_NE8th
4797,within,0.524399,0.131646,0.095708,0.547789,0.235629,0.093047,Bellevue_Bellevue_NE8th
4798,within,0.521411,0.130796,0.093838,0.46092,0.165384,0.048052,Bellevue_Bellevue_NE8th
4799,within,0.547294,0.14677,0.09678,0.545314,0.163176,0.07887,Bellevue_Bellevue_NE8th
4800,within,0.53411,0.13773,0.095441,0.595337,0.202183,0.061085,Bellevue_Bellevue_NE8th
4801,within,0.544072,0.143941,0.094909,0.473524,0.110327,0.08528,Bellevue_Bellevue_NE8th
4802,within,0.565254,0.155977,0.099036,0.496958,0.132129,0.0485,Bellevue_Bellevue_NE8th
4803,within,0.554454,0.150845,0.097814,0.519934,0.163991,0.046472,Bellevue_Bellevue_NE8th
4804,within,0.552743,0.150512,0.097074,0.523686,0.079078,0.141872,Bellevue_Bellevue_NE8th
4805,within,0.582303,0.162556,0.100587,0.583564,0.047598,0.169535,Bellevue_Bellevue_NE8th
4806,within,0.553171,0.14877,0.098493,0.68556,0.006188,0.20909,Bellevue_Bellevue_NE8th
4807,within,0.534227,0.136932,0.095758,0.630572,0.055414,0.097155,Bellevue_Bellevue_NE8th
4808,within,0.544113,0.145464,0.096872,0.597218,0.114223,0.041306,Bellevue_Bellevue_NE8th
4809,within,0.564024,0.155955,0.098016,0.52621,0.10407,0.053575,Bellevue_Bellevue_NE8th
4810,within,0.543405,0.145043,0.095382,0.480499,0.118275,0.07774,Bellevue_Bellevue_NE8th
4811,within,0.549574,0.149008,0.09565,0.520741,0.121715,0.098499,Bellevue_Bellevue_NE8th
4812,within,0.546521,0.145241,0.096375,0.612715,0.16079,0.050165,Bellevue_Bellevue_NE8th
4813,within,0.546618,0.145719,0.096851,0.587626,0.163598,0.038477,Bellevue_Bellevue_NE8th
4814,within,0.56189,0.154092,0.097894,0.739282,0.199533,0.036439,Bellevue_Bellevue_NE8th
4815,within,0.521107,0.13072,0.097208,0.665115,0.159722,0.051496,Bellevue_Bellevue_NE8th
4816,within,0.552409,0.14945,0.096873,0.536986,0.098181,0.083407,Bellevue_Bellevue_NE8th
4817,within,0.575061,0.159733,0.098509,0.63353,0.129669,0.085267,Bellevue_Bellevue_NE8th
4818,within,0.542146,0.143765,0.096442,0.545265,0.215021,0.081716,Bellevue_Bellevue_NE8th
4819,within,0.544032,0.145214,0.095519,0.508203,0.221884,0.12348,Bellevue_Bellevue_NE8th
4820,within,0.543404,0.145466,0.094896,0.516575,0.215583,0.150687,Bellevue_Bellevue_NE8th
4821,within,0.536676,0.139086,0.094298,0.552442,0.158318,0.112727,Bellevue_Bellevue_NE8th
4822,within,0.538566,0.142084,0.095382,0.439607,0.058518,0.100989,Bellevue_Bellevue_NE8th
4823,within,0.587972,0.165612,0.104425,0.558875,0.105012,0.101166,Bellevue_Bellevue_NE8th
4824,within,0.532169,0.139758,0.09298,0.453581,0.066476,0.052889,Bellevue_Bellevue_NE8th
4825,within,0.544119,0.144014,0.097829,0.546861,0.185437,0.067222,Bellevue_Bellevue_NE8th
4826,within,0.548455,0.146959,0.097516,0.606291,0.194468,0.039079,Bellevue_Bellevue_NE8th
4827,within,0.542163,0.144224,0.096109,0.671657,0.245366,0.085207,Bellevue_Bellevue_NE8th
4828,within,0.520857,0.129758,0.095642,0.70578,0.221646,0.088532,Bellevue_Bellevue_NE8th
4829,within,0.519563,0.129701,0.094496,0.572494,0.15534,0.041493,Bellevue_Bellevue_NE8th
4830,within,0.546237,0.14546,0.09691,0.640329,0.146998,0.044924,Bellevue_Bellevue_NE8th
4831,within,0.551718,0.148568,0.096449,0.519231,0.149241,0.035045,Bellevue_Bellevue_NE8th
4832,within,0.576564,0.161341,0.100901,0.532952,0.12372,0.075492,Bellevue_Bellevue_NE8th
4833,within,0.518861,0.130966,0.092321,0.474021,0.130269,0.043423,Bellevue_Bellevue_NE8th
4834,within,0.559967,0.154397,0.097714,0.491786,0.182097,0.02752,Bellevue_Bellevue_NE8th
4835,within,0.557483,0.153629,0.097522,0.517914,0.174642,0.078467,Bellevue_Bellevue_NE8th
4836,within,0.527823,0.135128,0.09307,0.500089,0.154706,0.110178,Bellevue_Bellevue_NE8th
4837,within,0.536042,0.137917,0.096358,0.474581,0.150177,0.115741,Bellevue_Bellevue_NE8th
4838,within,0.519577,0.131372,0.090214,0.451531,0.169461,0.007626,Bellevue_Bellevue_NE8th
4839,within,0.549859,0.147144,0.096558,0.436501,0.139746,0.016535,Bellevue_Bellevue_NE8th
4840,within,0.572687,0.158822,0.10112,0.418569,0.126597,0.085085,Bellevue_Bellevue_NE8th
4841,within,0.533001,0.138292,0.094217,0.413905,0.121537,0.068813,Bellevue_Bellevue_NE8th
4842,within,0.521525,0.131918,0.092812,0.454082,0.111719,0.108181,Bellevue_Bellevue_NE8th
4843,within,0.532323,0.137634,0.093393,0.58972,0.212537,0.156003,Bellevue_Bellevue_NE8th
4844,within,0.522443,0.130789,0.096508,0.527861,0.179729,0.110326,Bellevue_Bellevue_NE8th
4845,within,0.51967,0.130402,0.092779,0.587123,0.186702,0.148611,Bellevue_Bellevue_NE8th
4846,within,0.517137,0.128319,0.093997,0.576299,0.116628,0.160911,Bellevue_Bellevue_NE8th
4847,within,0.522456,0.13088,0.093615,0.559972,0.122573,0.12757,Bellevue_Bellevue_NE8th
4848,within,0.544206,0.146012,0.093197,0.573809,0.104717,0.130903,Bellevue_Bellevue_NE8th
4849,within,0.559407,0.152949,0.099255,0.563042,0.100686,0.145401,Bellevue_Bellevue_NE8th
4850,within,0.534041,0.139491,0.093241,0.531647,0.09309,0.127366,Bellevue_Bellevue_NE8th
4851,within,0.566311,0.156414,0.096243,0.498247,0.099412,0.071979,Bellevue_Bellevue_NE8th
4852,within,0.566213,0.156558,0.097899,0.560822,0.143434,0.10594,Bellevue_Bellevue_NE8th
4853,within,0.533034,0.139534,0.093371,0.483007,0.132039,0.099453,Bellevue_Bellevue_NE8th
4854,within,0.54211,0.144535,0.09518,0.520475,0.092446,0.12632,Bellevue_Bellevue_NE8th
4855,within,0.521304,0.129701,0.094258,0.538256,0.165488,0.082177,Bellevue_Bellevue_NE8th
4856,within,0.535492,0.138263,0.095304,0.599335,0.197668,0.019153,Bellevue_Bellevue_NE8th
4857,within,0.546245,0.144466,0.094652,0.618725,0.156743,0.029756,Bellevue_Bellevue_NE8th
4858,within,0.581918,0.159003,0.100937,0.712397,0.153248,0.052827,Bellevue_Bellevue_NE8th
4859,within,0.526284,0.136523,0.0907,0.521503,0.098621,0.059192,Bellevue_Bellevue_NE8th
4860,within,0.563535,0.153074,0.100109,0.56363,0.148437,0.146231,Bellevue_Bellevue_NE8th
4861,within,0.522736,0.132511,0.093483,0.639124,0.202879,0.0561,Bellevue_Bellevue_NE8th
4862,within,0.534365,0.138541,0.092971,0.563402,0.103882,0.100814,Bellevue_Bellevue_NE8th
4863,within,0.546012,0.146833,0.095044,0.572013,0.158358,0.084247,Bellevue_Bellevue_NE8th
4864,within,0.532488,0.136754,0.093537,0.622039,0.170851,0.050535,Bellevue_Bellevue_NE8th
4865,within,0.535669,0.139123,0.093535,0.469925,0.115753,0.061789,Bellevue_Bellevue_NE8th
4866,within,0.614087,0.170471,0.10165,0.685748,0.118087,0.13639,Bellevue_Bellevue_NE8th
4867,within,0.518615,0.131002,0.096734,0.636808,0.089123,0.092568,Bellevue_Bellevue_NE8th
4868,within,0.568277,0.15519,0.098146,0.570969,0.072635,0.056557,Bellevue_Bellevue_NE8th
4869,within,0.570796,0.158369,0.098669,0.560689,0.089722,0.101365,Bellevue_Bellevue_NE8th
4870,within,0.562517,0.155641,0.097521,0.522021,0.112382,0.029284,Bellevue_Bellevue_NE8th
4871,within,0.543137,0.145176,0.095238,0.541578,0.109672,0.066375,Bellevue_Bellevue_NE8th
4872,within,0.545925,0.145971,0.09624,0.547899,0.163144,0.064048,Bellevue_Bellevue_NE8th
4873,within,0.549494,0.14928,0.095554,0.589718,0.160338,0.085075,Bellevue_Bellevue_NE8th
4874,within,0.54684,0.14611,0.094151,0.577292,0.141662,0.069988,Bellevue_Bellevue_NE8th
4875,within,0.617431,0.16299,0.094504,0.556075,0.15936,0.052499,Bellevue_Bellevue_NE8th
4876,within,0.54464,0.145668,0.095652,0.561081,0.15415,0.049861,Bellevue_Bellevue_NE8th
4877,within,0.573443,0.158804,0.097756,0.558288,0.172507,0.026622,Bellevue_Bellevue_NE8th
4878,within,0.564137,0.15572,0.097121,0.561306,0.192332,0.051972,Bellevue_Bellevue_NE8th
4879,within,0.543067,0.14414,0.096304,0.528235,0.200314,0.038436,Bellevue_Bellevue_NE8th
4880,within,0.549927,0.149267,0.094735,0.553912,0.209206,0.109562,Bellevue_Bellevue_NE8th
4881,within,0.54914,0.148206,0.096104,0.467424,0.163308,0.063365,Bellevue_Bellevue_NE8th
4882,within,0.554969,0.151823,0.096589,0.515275,0.153309,0.066515,Bellevue_Bellevue_NE8th
4883,within,0.56763,0.156817,0.098969,0.453248,0.14655,0.054148,Bellevue_Bellevue_NE8th
4884,within,0.574139,0.160463,0.101229,0.615421,0.191698,0.108595,Bellevue_Bellevue_NE8th
4885,within,0.522581,0.13318,0.097285,0.53571,0.110724,0.105395,Bellevue_Bellevue_NE8th
4886,within,0.566509,0.156483,0.098307,0.464225,0.109977,0.028284,Bellevue_Bellevue_NE8th
4887,within,0.552963,0.149243,0.09912,0.484886,0.15271,0.038057,Bellevue_Bellevue_NE8th
4888,within,0.515614,0.129733,0.094672,0.490936,0.174093,0.044375,Bellevue_Bellevue_NE8th
4889,within,0.558921,0.153286,0.095914,0.574006,0.263099,0.046857,Bellevue_Bellevue_NE8th
4890,within,0.535012,0.140599,0.093455,0.596468,0.208709,0.081805,Bellevue_Bellevue_NE8th
4891,within,0.551349,0.148478,0.095565,0.460804,0.099436,0.061657,Bellevue_Bellevue_NE8th
4892,within,0.574835,0.159311,0.097944,0.589412,0.086945,0.143187,Bellevue_Bellevue_NE8th
4893,within,0.535441,0.140859,0.095437,0.471794,0.095159,0.132977,Bellevue_Bellevue_NE8th
4894,within,0.569323,0.157919,0.098718,0.457467,0.128138,0.082736,Bellevue_Bellevue_NE8th
4895,within,0.569276,0.157852,0.099437,0.649274,0.285318,0.12614,Bellevue_Bellevue_NE8th
4896,within,0.549016,0.148151,0.094734,0.64149,0.278503,0.147661,Bellevue_Bellevue_NE8th
4897,within,0.536967,0.141327,0.094698,0.590385,0.228042,0.137338,Bellevue_Bellevue_NE8th
4898,within,0.541586,0.144843,0.093489,0.634966,0.228791,0.178074,Bellevue_Bellevue_NE8th
4899,within,0.54639,0.147334,0.094239,0.689754,0.247882,0.068283,Bellevue_Bellevue_NE8th
4900,within,0.570292,0.158298,0.096955,0.60497,0.154199,0.069262,Bellevue_Bellevue_NE8th
4901,within,0.59342,0.162878,0.096994,0.616049,0.130512,0.088609,Bellevue_Bellevue_NE8th
4902,within,0.567248,0.156739,0.098118,0.628894,0.128307,0.08571,Bellevue_Bellevue_NE8th
4903,within,0.535953,0.139945,0.097124,0.577612,0.137929,0.071719,Bellevue_Bellevue_NE8th
4904,within,0.5707,0.158336,0.096987,0.563201,0.123215,0.024535,Bellevue_Bellevue_NE8th
4905,within,0.597266,0.166518,0.097491,0.550159,0.127101,0.042157,Bellevue_Bellevue_NE8th
4906,within,0.541811,0.144477,0.094547,0.469051,0.160409,0.04686,Bellevue_Bellevue_NE8th
4907,within,0.57044,0.158453,0.095285,0.49765,0.128512,0.035601,Bellevue_Bellevue_NE8th
4908,within,0.559359,0.150901,0.093644,0.522829,0.096468,0.025718,Bellevue_Bellevue_NE8th
4909,within,0.548549,0.147173,0.09725,0.54376,0.053638,0.082634,Bellevue_Bellevue_NE8th
4910,within,0.552822,0.149136,0.094784,0.565102,0.050382,0.056162,Bellevue_Bellevue_NE8th
4911,within,0.575285,0.159722,0.099681,0.71292,0.092928,0.074825,Bellevue_Bellevue_NE8th
4912,within,0.537457,0.141814,0.095086,0.670836,0.078757,0.064962,Bellevue_Bellevue_NE8th
4913,within,0.571301,0.158357,0.096175,0.582542,0.068645,0.049041,Bellevue_Bellevue_NE8th
4914,within,0.573074,0.158376,0.097144,0.562196,0.146392,0.054753,Bellevue_Bellevue_NE8th
4915,within,0.56645,0.155989,0.096663,0.502334,0.157153,0.080296,Bellevue_Bellevue_NE8th
4916,within,0.59424,0.157887,0.089328,0.500392,0.145363,0.110646,Bellevue_Bellevue_NE8th
4917,within,0.578562,0.160152,0.096226,0.591634,0.184649,0.080813,Bellevue_Bellevue_NE8th
4918,within,0.544774,0.146487,0.095557,0.517408,0.094472,0.023722,Bellevue_Bellevue_NE8th
4919,within,0.57854,0.160635,0.098572,0.614388,0.110849,0.018038,Bellevue_Bellevue_NE8th
4920,within,0.551007,0.148155,0.098379,0.62972,0.115817,0.015308,Bellevue_Bellevue_NE8th
4921,within,0.53673,0.141384,0.092592,0.493562,0.095516,0.023332,Bellevue_Bellevue_NE8th
4922,within,0.571556,0.158684,0.0981,0.447297,0.088277,0.01696,Bellevue_Bellevue_NE8th
4923,within,0.547184,0.146761,0.09728,0.512997,0.132089,0.037456,Bellevue_Bellevue_NE8th
4924,within,0.538573,0.140451,0.094094,0.419688,0.09634,0.073445,Bellevue_Bellevue_NE8th
4925,within,0.552945,0.150978,0.09498,0.491641,0.101329,0.109037,Bellevue_Bellevue_NE8th
4926,within,0.516269,0.13113,0.089136,0.539945,0.172818,0.016492,Bellevue_Bellevue_NE8th
4927,within,0.552327,0.150123,0.096211,0.598794,0.196848,0.019675,Bellevue_Bellevue_NE8th
4928,within,0.531857,0.137014,0.093658,0.515145,0.136109,0.058426,Bellevue_Bellevue_NE8th
4929,within,0.570467,0.157015,0.098223,0.547307,0.161229,0.039048,Bellevue_Bellevue_NE8th
4930,within,0.560581,0.15363,0.097727,0.564025,0.149607,0.042621,Bellevue_Bellevue_NE8th
4931,within,0.5823,0.162261,0.099181,0.608968,0.185022,0.01571,Bellevue_Bellevue_NE8th
4932,within,0.570712,0.158346,0.09788,0.613085,0.210617,0.038517,Bellevue_Bellevue_NE8th
4933,within,0.547623,0.146976,0.096709,0.579597,0.171296,0.034056,Bellevue_Bellevue_NE8th
4934,within,0.542409,0.144409,0.095139,0.524511,0.122647,0.048513,Bellevue_Bellevue_NE8th
4935,within,0.554507,0.151949,0.094579,0.55853,0.164258,0.048287,Bellevue_Bellevue_NE8th
4936,within,0.549558,0.147566,0.098277,0.536205,0.091129,0.037482,Bellevue_Bellevue_NE8th
4937,within,0.562819,0.154619,0.097045,0.635697,0.163166,0.017258,Bellevue_Bellevue_NE8th
4938,within,0.56927,0.157427,0.099104,0.635691,0.118196,0.064836,Bellevue_Bellevue_NE8th
4939,within,0.5675,0.157907,0.099223,0.626256,0.144282,0.046783,Bellevue_Bellevue_NE8th
4940,within,0.592504,0.162481,0.096469,0.591214,0.130916,0.072257,Bellevue_Bellevue_NE8th
4941,within,0.579283,0.161346,0.098575,0.630075,0.140172,0.050866,Bellevue_Bellevue_NE8th
4942,within,0.543705,0.145923,0.095093,0.5916,0.158362,0.08483,Bellevue_Bellevue_NE8th
4943,within,0.535708,0.139765,0.093852,0.56121,0.148169,0.068454,Bellevue_Bellevue_NE8th
4944,within,0.553069,0.151973,0.093628,0.602663,0.170591,0.08491,Bellevue_Bellevue_NE8th
4945,within,0.54555,0.148157,0.093756,0.569203,0.128909,0.129578,Bellevue_Bellevue_NE8th
4946,within,0.536461,0.141718,0.093644,0.474002,0.09638,0.020622,Bellevue_Bellevue_NE8th
4947,within,0.588265,0.164283,0.099112,0.518839,0.136661,0.029173,Bellevue_Bellevue_NE8th
4948,within,0.556171,0.152989,0.097223,0.515146,0.089934,0.076134,Bellevue_Bellevue_NE8th
4949,within,0.546064,0.1481,0.094238,0.504113,0.083931,0.057512,Bellevue_Bellevue_NE8th
4950,within,0.565278,0.155588,0.096863,0.554977,0.051483,0.070996,Bellevue_Bellevue_NE8th
4951,within,0.552128,0.150861,0.095585,0.546838,0.058128,0.103508,Bellevue_Bellevue_NE8th
4952,within,0.540199,0.143309,0.09286,0.485897,0.111462,0.040403,Bellevue_Bellevue_NE8th
4953,within,0.550653,0.150706,0.094373,0.538891,0.122316,0.075708,Bellevue_Bellevue_NE8th
4954,within,0.534022,0.139932,0.092949,0.47791,0.083939,0.072941,Bellevue_Bellevue_NE8th
4955,within,0.546393,0.146437,0.096795,0.545834,0.119554,0.12112,Bellevue_Bellevue_NE8th
4956,within,0.58994,0.164857,0.099051,0.636713,0.220594,0.045918,Bellevue_Bellevue_NE8th
4957,within,0.565286,0.15668,0.098753,0.635795,0.154312,0.037913,Bellevue_Bellevue_NE8th
4958,within,0.555611,0.152686,0.098464,0.593651,0.126684,0.026142,Bellevue_Bellevue_NE8th
4959,within,0.577527,0.159625,0.098209,0.573583,0.196551,0.017865,Bellevue_Bellevue_NE8th
4960,within,0.555906,0.152204,0.096036,0.617929,0.225813,0.031371,Bellevue_Bellevue_NE8th
4961,within,0.536412,0.139848,0.094491,0.474779,0.240765,0.028481,Bellevue_Bellevue_NE8th
4962,within,0.555741,0.151133,0.096173,0.576663,0.214602,0.069601,Bellevue_Bellevue_NE8th
4963,within,0.551411,0.149752,0.094973,0.473266,0.193467,0.064857,Bellevue_Bellevue_NE8th
4964,within,0.542769,0.143718,0.096291,0.498902,0.133503,0.092153,Bellevue_Bellevue_NE8th
4965,within,0.564663,0.154832,0.097953,0.476396,0.131268,0.053327,Bellevue_Bellevue_NE8th
4966,within,0.563571,0.155742,0.094289,0.525504,0.106731,0.052406,Bellevue_Bellevue_NE8th
4967,within,0.537994,0.14155,0.096548,0.564176,0.117719,0.128357,Bellevue_Bellevue_NE8th
4968,within,0.546944,0.146728,0.09644,0.514582,0.057038,0.149209,Bellevue_Bellevue_NE8th
4969,within,0.551605,0.148919,0.093632,0.508908,0.023267,0.183141,Bellevue_Bellevue_NE8th
4970,within,0.530091,0.135749,0.091958,0.447599,0.047682,0.120054,Bellevue_Bellevue_NE8th
4971,within,0.554191,0.151581,0.093997,0.480226,0.065633,0.12359,Bellevue_Bellevue_NE8th
4972,within,0.541418,0.144601,0.092257,0.543549,0.074804,0.050105,Bellevue_Bellevue_NE8th
4973,within,0.550881,0.148757,0.095877,0.530362,0.087199,0.074021,Bellevue_Bellevue_NE8th
4974,within,0.557962,0.151085,0.095544,0.548195,0.11227,0.027947,Bellevue_Bellevue_NE8th
4975,within,0.569281,0.158205,0.099052,0.545844,0.155711,0.006622,Bellevue_Bellevue_NE8th
4976,within,0.567399,0.152039,0.096507,0.561072,0.150392,0.044105,Bellevue_Bellevue_NE8th
4977,within,0.550961,0.148754,0.096362,0.661601,0.216264,0.035932,Bellevue_Bellevue_NE8th
4978,within,0.545006,0.147317,0.094184,0.67923,0.208543,0.048486,Bellevue_Bellevue_NE8th
4979,within,0.532449,0.138326,0.088771,0.659808,0.145575,0.039629,Bellevue_Bellevue_NE8th
4980,within,0.53388,0.136156,0.090026,0.615701,0.164875,0.040898,Bellevue_Bellevue_NE8th
4981,within,0.578221,0.118525,0.04833,0.624578,0.178629,0.06001,Bellevue_Bellevue_NE8th
4982,within,0.543672,0.145419,0.093142,0.521989,0.09961,0.034179,Bellevue_Bellevue_NE8th
4983,within,0.611644,0.155372,0.082136,0.528765,0.092913,0.033057,Bellevue_Bellevue_NE8th
4984,within,0.606426,0.169247,0.100195,0.591294,0.125305,0.063945,Bellevue_Bellevue_NE8th
4985,within,0.564068,0.153201,0.094947,0.560201,0.104015,0.073628,Bellevue_Bellevue_NE8th
4986,within,0.57275,0.159486,0.096587,0.611757,0.151009,0.148282,Bellevue_Bellevue_NE8th
4987,within,0.566997,0.156872,0.094002,0.612949,0.125538,0.147743,Bellevue_Bellevue_NE8th
4988,within,0.511966,0.129411,0.077244,0.478208,0.145034,0.101918,Bellevue_Bellevue_NE8th
4989,within,0.544342,0.146875,0.091621,0.521201,0.186362,0.101919,Bellevue_Bellevue_NE8th
4990,within,0.54167,0.145069,0.09173,0.617892,0.221913,0.10476,Bellevue_Bellevue_NE8th
4991,within,0.570037,0.156387,0.090599,0.548063,0.131164,0.048171,Bellevue_Bellevue_NE8th
4992,within,0.643296,0.151853,0.060341,0.61704,0.146297,0.048132,Bellevue_Bellevue_NE8th
4993,within,0.535143,0.142443,0.094216,0.525917,0.099013,0.021355,Bellevue_Bellevue_NE8th
4994,within,0.643904,0.145432,0.05761,0.584876,0.129337,0.038843,Bellevue_Bellevue_NE8th
4995,within,0.57969,0.161295,0.097779,0.640584,0.255195,0.079089,Bellevue_Bellevue_NE8th
4996,within,0.569351,0.157469,0.094614,0.665231,0.228631,0.111268,Bellevue_Bellevue_NE8th
4997,within,0.557809,0.151016,0.093473,0.610772,0.195556,0.09245,Bellevue_Bellevue_NE8th
4998,within,0.638598,0.12925,0.042771,0.730769,0.225884,0.146518,Bellevue_Bellevue_NE8th
4999,within,0.611084,0.146456,0.061531,0.625179,0.199725,0.078678,Bellevue_Bellevue_NE8th
5000,within,0.560556,0.154387,0.088218,0.502881,0.164531,0.026855,Bellevue_Bellevue_NE8th
5001,within,0.644556,0.149955,0.058035,0.587923,0.212232,0.043067,Bellevue_Bellevue_NE8th
5002,within,0.612154,0.167377,0.091523,0.674187,0.251518,0.006731,Bellevue_Bellevue_NE8th
5003,within,0.564628,0.154573,0.091101,0.639606,0.224826,0.045774,Bellevue_Bellevue_NE8th
5004,within,0.629821,0.155759,0.0636,0.569304,0.243443,0.062896,Bellevue_Bellevue_NE8th
5005,within,0.604348,0.167785,0.094936,0.593583,0.223114,0.091146,Bellevue_Bellevue_NE8th
5006,within,0.659495,0.141368,0.039998,0.531916,0.176072,0.054403,Bellevue_Bellevue_NE8th
5007,within,0.671405,0.14022,0.038141,0.551627,0.156113,0.053693,Bellevue_Bellevue_NE8th
5008,within,0.649582,0.141326,0.042782,0.573963,0.24073,0.009868,Bellevue_Bellevue_NE8th
5009,within,0.660076,0.135806,0.039641,0.57535,0.220938,0.037304,Bellevue_Bellevue_NE8th
5010,within,0.675926,0.143379,0.046302,0.647487,0.196507,0.053739,Bellevue_Bellevue_NE8th
5011,within,0.663959,0.142113,0.053086,0.710878,0.252028,0.01053,Bellevue_Bellevue_NE8th
5012,within,0.671205,0.13672,0.039964,0.649619,0.211626,0.063495,Bellevue_Bellevue_NE8th
5013,within,0.646883,0.148204,0.064393,0.683433,0.236945,0.116035,Bellevue_Bellevue_NE8th
5014,within,0.628909,0.128511,0.047273,0.637788,0.278233,0.056794,Bellevue_Bellevue_NE8th
5015,within,0.652226,0.076888,0.049628,0.513629,0.194927,0.059213,Bellevue_Bellevue_NE8th
5016,within,0.657033,0.120722,0.041646,0.595326,0.241771,0.05072,Bellevue_Bellevue_NE8th
5017,within,0.64806,0.108724,0.042984,0.574557,0.193727,0.068493,Bellevue_Bellevue_NE8th
5018,within,0.666654,0.135802,0.041695,0.488393,0.10392,0.114145,Bellevue_Bellevue_NE8th
5019,within,0.659389,0.146149,0.059176,0.557374,0.145533,0.1363,Bellevue_Bellevue_NE8th
5020,within,0.663575,0.138125,0.041906,0.54081,0.132683,0.079401,Bellevue_Bellevue_NE8th
5021,within,0.672893,0.136429,0.042423,0.579429,0.21957,0.058299,Bellevue_Bellevue_NE8th
5022,within,0.599214,0.163674,0.090247,0.616503,0.243287,0.120526,Bellevue_Bellevue_NE8th
5023,within,0.679503,0.138551,0.040829,0.59545,0.251822,0.096232,Bellevue_Bellevue_NE8th
5024,within,0.673183,0.096454,0.049246,0.494665,0.199061,0.059738,Bellevue_Bellevue_NE8th
5025,within,0.6783,0.139507,0.040191,0.578152,0.190702,0.062737,Bellevue_Bellevue_NE8th
5026,within,0.678985,0.140813,0.041709,0.624304,0.122159,0.043465,Bellevue_Bellevue_NE8th
5027,within,0.684743,0.130032,0.043924,0.622148,0.086156,0.024756,Bellevue_Bellevue_NE8th
5028,within,0.671154,0.143488,0.053327,0.743092,0.107329,0.066258,Bellevue_Bellevue_NE8th
5029,within,0.693895,0.124824,0.046389,0.562722,0.240933,0.063736,Bellevue_Bellevue_NE8th
5030,within,0.667874,0.13916,0.044965,0.5611,0.168901,0.091713,Bellevue_Bellevue_NE8th
5031,within,0.709929,0.1201,0.050517,0.666455,0.255455,0.052437,Bellevue_Bellevue_NE8th
5032,within,0.682884,0.105793,0.050953,0.503836,0.108724,0.0555,Bellevue_Bellevue_NE8th
5033,within,0.665285,0.138977,0.047399,0.676839,0.147749,0.056888,Bellevue_Bellevue_NE8th
5034,within,0.659708,0.139116,0.043893,0.654511,0.156709,0.05602,Bellevue_Bellevue_NE8th
5035,within,0.677231,0.133228,0.041356,0.532228,0.117769,0.05765,Bellevue_Bellevue_NE8th
5036,within,0.670409,0.140023,0.042177,0.59576,0.151288,0.047619,Bellevue_Bellevue_NE8th
5037,within,0.664013,0.139866,0.043117,0.600351,0.177639,0.026352,Bellevue_Bellevue_NE8th
5038,within,0.665112,0.138146,0.047302,0.582544,0.073194,0.048199,Bellevue_Bellevue_NE8th
5039,within,0.684301,0.135674,0.042826,0.577824,0.084437,0.011987,Bellevue_Bellevue_NE8th
5040,within,0.6733,0.138916,0.043834,0.611119,0.137974,0.004429,Bellevue_Bellevue_NE8th
5041,within,0.688252,0.133385,0.043568,0.569195,0.135286,0.022384,Bellevue_Bellevue_NE8th
5042,within,0.675286,0.141781,0.046816,0.461115,0.10882,0.001994,Bellevue_Bellevue_NE8th
5043,within,0.6902,0.13147,0.044243,0.494219,0.063663,0.012276,Bellevue_Bellevue_NE8th
5044,within,0.697795,0.113771,0.051407,0.468955,0.067743,0.091202,Bellevue_Bellevue_NE8th
5045,within,0.699967,0.134165,0.044151,0.578104,0.125655,0.087184,Bellevue_Bellevue_NE8th
5046,within,0.698098,0.119774,0.048656,0.578842,0.224204,0.022016,Bellevue_Bellevue_NE8th
5047,within,0.699671,0.129517,0.04733,0.547573,0.167909,0.091122,Bellevue_Bellevue_NE8th
5048,within,0.685498,0.132188,0.043722,0.573978,0.179967,0.093526,Bellevue_Bellevue_NE8th
5049,within,0.709064,0.120824,0.049584,0.626996,0.183534,0.148891,Bellevue_Bellevue_NE8th
5050,within,0.689546,0.104356,0.05272,0.584519,0.16304,0.076079,Bellevue_Bellevue_NE8th
5051,within,0.672636,0.134596,0.046258,0.58762,0.208512,0.087255,Bellevue_Bellevue_NE8th
5052,within,0.683421,0.136593,0.0431,0.616417,0.213073,0.13101,Bellevue_Bellevue_NE8th
5053,within,0.697183,0.125311,0.045209,0.506906,0.141809,0.079761,Bellevue_Bellevue_NE8th
5054,within,0.698597,0.134754,0.043826,0.607347,0.196392,0.096818,Bellevue_Bellevue_NE8th
5055,within,0.693719,0.131494,0.043682,0.632236,0.204545,0.062111,Bellevue_Bellevue_NE8th
5056,within,0.705163,0.122072,0.049354,0.578269,0.078228,0.076939,Bellevue_Bellevue_NE8th
5057,within,0.682867,0.138164,0.046099,0.681196,0.119705,0.061294,Bellevue_Bellevue_NE8th
5058,within,0.689644,0.136691,0.043162,0.650449,0.129324,0.033729,Bellevue_Bellevue_NE8th
5059,within,0.689136,0.123429,0.04686,0.588034,0.118706,0.04345,Bellevue_Bellevue_NE8th
5060,within,0.679469,0.139255,0.044872,0.587767,0.071164,0.048981,Bellevue_Bellevue_NE8th
5061,within,0.700574,0.132442,0.044358,0.650343,0.085668,0.098906,Bellevue_Bellevue_NE8th
5062,within,0.711271,0.101826,0.052309,0.480886,0.063,0.071924,Bellevue_Bellevue_NE8th
5063,within,0.697136,0.133937,0.043799,0.451205,0.03823,0.092065,Bellevue_Bellevue_NE8th
5064,within,0.702967,0.130014,0.046859,0.5389,0.064475,0.111129,Bellevue_Bellevue_NE8th
5065,within,0.703503,0.121386,0.049803,0.481172,0.126243,0.0433,Bellevue_Bellevue_NE8th
5066,within,0.710295,0.104228,0.055718,0.587861,0.142047,0.025473,Bellevue_Bellevue_NE8th
5067,within,0.688952,0.130966,0.044436,0.573018,0.099536,0.014576,Bellevue_Bellevue_NE8th
5068,within,0.695401,0.125441,0.046404,0.484108,0.056051,0.02769,Bellevue_Bellevue_NE8th
5069,within,0.668955,0.146379,0.055238,0.438101,0.058704,0.012139,Bellevue_Bellevue_NE8th
5070,within,0.670299,0.14401,0.052435,0.468302,0.060893,0.036564,Bellevue_Bellevue_NE8th
5071,within,0.701335,0.111085,0.052428,0.472677,0.101519,0.091171,Bellevue_Bellevue_NE8th
5072,within,0.688536,0.125995,0.045032,0.542383,0.146897,0.124215,Bellevue_Bellevue_NE8th
5073,within,0.694913,0.128252,0.045339,0.534947,0.16237,0.068696,Bellevue_Bellevue_NE8th
5074,within,0.688251,0.134692,0.043035,0.567167,0.129252,0.047799,Bellevue_Bellevue_NE8th
5075,within,0.686636,0.129649,0.043172,0.538264,0.119598,0.023441,Bellevue_Bellevue_NE8th
5076,within,0.674724,0.146041,0.052048,0.623572,0.165624,0.069876,Bellevue_Bellevue_NE8th
5077,within,0.718137,0.120562,0.050157,0.522544,0.12245,0.046866,Bellevue_Bellevue_NE8th
5078,within,0.689523,0.137532,0.043709,0.518972,0.10066,0.065065,Bellevue_Bellevue_NE8th
5079,within,0.695102,0.131385,0.044647,0.512082,0.130425,0.05132,Bellevue_Bellevue_NE8th
5080,within,0.708065,0.113964,0.050948,0.473009,0.110611,0.068046,Bellevue_Bellevue_NE8th
5081,within,0.695989,0.114531,0.049045,0.426679,0.107092,0.049185,Bellevue_Bellevue_NE8th
5082,within,0.690083,0.135699,0.043072,0.555613,0.192739,0.075249,Bellevue_Bellevue_NE8th
5083,within,0.682206,0.13562,0.042094,0.540954,0.240458,0.007807,Bellevue_Bellevue_NE8th
5084,within,0.714772,0.116539,0.051018,0.488779,0.189799,0.013778,Bellevue_Bellevue_NE8th
5085,within,0.688468,0.135823,0.044769,0.646055,0.290822,0.011419,Bellevue_Bellevue_NE8th
5086,within,0.701873,0.12332,0.047336,0.668949,0.34334,0.050542,Bellevue_Bellevue_NE8th
5087,within,0.692351,0.126017,0.046386,0.46061,0.196748,0.022232,Bellevue_Bellevue_NE8th
5088,within,0.690897,0.133549,0.043887,0.519381,0.119801,0.084895,Bellevue_Bellevue_NE8th
5089,within,0.705695,0.100728,0.05231,0.492031,0.158665,0.075202,Bellevue_Bellevue_NE8th
5090,within,0.690503,0.135689,0.04249,0.567178,0.252469,0.061846,Bellevue_Bellevue_NE8th
5091,within,0.69229,0.132019,0.043203,0.625961,0.213752,0.109721,Bellevue_Bellevue_NE8th
5092,within,0.682202,0.131381,0.041227,0.627357,0.221439,0.029747,Bellevue_Bellevue_NE8th
5093,within,0.697772,0.129139,0.044891,0.514733,0.14383,0.05545,Bellevue_Bellevue_NE8th
5094,within,0.692994,0.137506,0.044591,0.520069,0.126223,0.082211,Bellevue_Bellevue_NE8th
5095,within,0.708075,0.111768,0.054163,0.503096,0.097479,0.106721,Bellevue_Bellevue_NE8th
5096,within,0.693235,0.120996,0.049379,0.50651,0.098406,0.064916,Bellevue_Bellevue_NE8th
5097,within,0.687194,0.134185,0.043833,0.540214,0.072665,0.067778,Bellevue_Bellevue_NE8th
5098,within,0.700711,0.119222,0.048193,0.498429,0.023757,0.119003,Bellevue_Bellevue_NE8th
5099,within,0.69479,0.111448,0.051244,0.454703,0.030618,0.145151,Bellevue_Bellevue_NE8th
5100,within,0.69175,0.120139,0.04782,0.607674,0.114348,0.167212,Bellevue_Bellevue_NE8th
5101,within,0.683852,0.125292,0.044765,0.491207,0.112952,0.085469,Bellevue_Bellevue_NE8th
5102,within,0.691479,0.121667,0.047835,0.387022,0.123766,0.023614,Bellevue_Bellevue_NE8th
5103,within,0.691861,0.131366,0.043795,0.378075,0.110369,0.064785,Bellevue_Bellevue_NE8th
5104,within,0.692185,0.122568,0.045895,0.443486,0.176318,0.047369,Bellevue_Bellevue_NE8th
5105,within,0.692994,0.125064,0.046902,0.435442,0.119144,0.076935,Bellevue_Bellevue_NE8th
5106,within,0.692006,0.126439,0.044378,0.442886,0.07051,0.100233,Bellevue_Bellevue_NE8th
5107,within,0.683277,0.097288,0.052074,0.370577,0.067863,0.077295,Bellevue_Bellevue_NE8th
5108,within,0.691553,0.111849,0.051186,0.373024,0.037717,0.11221,Bellevue_Bellevue_NE8th
5109,within,0.694277,0.111834,0.050989,0.464288,0.078291,0.112071,Bellevue_Bellevue_NE8th
5110,within,0.68322,0.123864,0.045899,0.454748,0.125992,0.032432,Bellevue_Bellevue_NE8th
5111,within,0.676227,0.136098,0.0425,0.444107,0.048849,0.024746,Bellevue_Bellevue_NE8th
5112,within,0.690597,0.133714,0.044028,0.565095,0.105253,0.009209,Bellevue_Bellevue_NE8th
5113,within,0.709562,0.108128,0.053029,0.559883,0.105224,0.019856,Bellevue_Bellevue_NE8th
5114,within,0.694056,0.122733,0.047025,0.521832,0.153561,0.03373,Bellevue_Bellevue_NE8th
5115,within,0.686548,0.132209,0.043822,0.415405,0.138875,0.038424,Bellevue_Bellevue_NE8th
5116,within,0.684886,0.138956,0.043755,0.490027,0.207074,0.099294,Bellevue_Bellevue_NE8th
5117,within,0.703155,0.128195,0.044244,0.588219,0.236833,0.098453,Bellevue_Bellevue_NE8th
5118,within,0.686787,0.112172,0.04803,0.60362,0.275453,0.012813,Bellevue_Bellevue_NE8th
5119,within,0.689821,0.133135,0.043752,0.611495,0.21543,0.055328,Bellevue_Bellevue_NE8th
5120,within,0.68827,0.134011,0.044449,0.595609,0.140176,0.053436,Bellevue_Bellevue_NE8th
5121,within,0.699992,0.134669,0.043894,0.654361,0.166335,0.036486,Bellevue_Bellevue_NE8th
5122,within,0.688579,0.1154,0.051669,0.521303,0.127428,0.045924,Bellevue_Bellevue_NE8th
5123,within,0.671063,0.146102,0.053556,0.469704,0.140145,0.040841,Bellevue_Bellevue_NE8th
5124,within,0.677421,0.141119,0.047265,0.452234,0.110893,0.067596,Bellevue_Bellevue_NE8th
5125,within,0.688213,0.134065,0.043591,0.368681,0.072262,0.130408,Bellevue_Bellevue_NE8th
5126,within,0.697626,0.130313,0.045308,0.471416,0.058413,0.147299,Bellevue_Bellevue_NE8th
5127,within,0.682079,0.127298,0.044155,0.541387,0.163934,0.067905,Bellevue_Bellevue_NE8th
5128,within,0.677558,0.137577,0.046427,0.66078,0.193042,0.055721,Bellevue_Bellevue_NE8th
5129,within,0.689366,0.130124,0.045799,0.657614,0.204194,0.067047,Bellevue_Bellevue_NE8th
5130,within,0.694859,0.108213,0.055592,0.665808,0.161893,0.089409,Bellevue_Bellevue_NE8th
5131,within,0.691464,0.11039,0.051968,0.57212,0.179037,0.022982,Bellevue_Bellevue_NE8th
5132,within,0.679874,0.140116,0.048658,0.614593,0.301624,0.016007,Bellevue_Bellevue_NE8th
5133,within,0.691438,0.138492,0.04811,0.599624,0.217066,0.062147,Bellevue_Bellevue_NE8th
5134,within,0.701366,0.103726,0.055029,0.428596,0.113107,0.106087,Bellevue_Bellevue_NE8th
5135,within,0.69229,0.134274,0.043565,0.465574,0.090339,0.141399,Bellevue_Bellevue_NE8th
5136,within,0.691252,0.128733,0.044895,0.473884,0.20975,0.04517,Bellevue_Bellevue_NE8th
5137,within,0.691144,0.12293,0.046346,0.516782,0.216873,0.014588,Bellevue_Bellevue_NE8th
5138,within,0.704495,0.139888,0.048403,0.672084,0.3029,0.01669,Bellevue_Bellevue_NE8th
5139,within,0.710707,0.075212,0.05505,0.532778,0.250154,0.0,Bellevue_Bellevue_NE8th
5140,within,0.699432,0.125172,0.047862,0.581204,0.244821,0.016847,Bellevue_Bellevue_NE8th
5141,within,0.698083,0.113485,0.052239,0.599967,0.238976,0.105217,Bellevue_Bellevue_NE8th
5142,within,0.693778,0.113233,0.051734,0.541947,0.138129,0.115413,Bellevue_Bellevue_NE8th
5143,within,0.673718,0.09752,0.048361,0.398845,0.059583,0.104886,Bellevue_Bellevue_NE8th
5144,within,0.697155,0.112372,0.052352,0.501112,0.0741,0.124547,Bellevue_Bellevue_NE8th
5145,within,0.687263,0.107988,0.051641,0.501006,0.165864,0.088022,Bellevue_Bellevue_NE8th
5146,within,0.686242,0.108081,0.0518,0.486629,0.232145,0.030823,Bellevue_Bellevue_NE8th
5147,within,0.68863,0.107395,0.05558,0.614343,0.390064,0.035453,Bellevue_Bellevue_NE8th
5148,within,0.669849,0.132362,0.046169,0.553326,0.315897,0.037857,Bellevue_Bellevue_NE8th
5149,within,0.688669,0.128484,0.045841,0.473455,0.197406,0.005804,Bellevue_Bellevue_NE8th
5150,within,0.671856,0.145858,0.052704,0.502695,0.137318,0.06394,Bellevue_Bellevue_NE8th
5151,within,0.6917,0.102812,0.054673,0.457945,0.117754,0.057671,Bellevue_Bellevue_NE8th
5152,within,0.71251,0.09917,0.061375,0.445806,0.092296,0.075984,Bellevue_Bellevue_NE8th
5153,within,0.658913,0.068202,0.056015,0.403069,0.068471,0.050387,Bellevue_Bellevue_NE8th
5154,within,0.692579,0.11388,0.049916,0.498948,0.078138,0.057685,Bellevue_Bellevue_NE8th
5155,within,0.681842,0.117972,0.047414,0.515793,0.148533,0.03076,Bellevue_Bellevue_NE8th
5156,within,0.688575,0.118021,0.049785,0.513398,0.118209,0.044835,Bellevue_Bellevue_NE8th
5157,within,0.673647,0.144456,0.053379,0.505213,0.114045,0.071125,Bellevue_Bellevue_NE8th
5158,within,0.674644,0.144632,0.051807,0.521869,0.097294,0.048526,Bellevue_Bellevue_NE8th
5159,within,0.690513,0.131336,0.044619,0.533808,0.096323,0.034181,Bellevue_Bellevue_NE8th
5160,within,0.667344,0.147172,0.058943,0.450574,0.045099,0.083085,Bellevue_Bellevue_NE8th
5161,within,0.673668,0.141202,0.045888,0.476493,0.055898,0.097741,Bellevue_Bellevue_NE8th
5162,within,0.690047,0.129408,0.043025,0.485732,0.061934,0.118613,Bellevue_Bellevue_NE8th
5163,within,0.687527,0.095141,0.052968,0.398967,0.025637,0.105932,Bellevue_Bellevue_NE8th
5164,within,0.700745,0.0945,0.055368,0.502491,0.084134,0.088191,Bellevue_Bellevue_NE8th
5165,within,0.6911,0.092844,0.055928,0.661138,0.260542,0.029733,Bellevue_Bellevue_NE8th
5166,within,0.689843,0.13238,0.043847,0.656308,0.218497,0.014247,Bellevue_Bellevue_NE8th
5167,within,0.693441,0.113494,0.049099,0.707282,0.212036,0.028496,Bellevue_Bellevue_NE8th
5168,within,0.675692,0.140932,0.048864,0.669225,0.219078,0.012532,Bellevue_Bellevue_NE8th
5169,within,0.687226,0.131861,0.0442,0.635363,0.235754,0.024122,Bellevue_Bellevue_NE8th
5170,within,0.67885,0.145189,0.051303,0.560794,0.144748,0.043816,Bellevue_Bellevue_NE8th
5171,within,0.696456,0.131167,0.04415,0.619849,0.160687,0.048472,Bellevue_Bellevue_NE8th
5172,within,0.699105,0.100016,0.052263,0.536835,0.123286,0.074952,Bellevue_Bellevue_NE8th
5173,within,0.689042,0.11314,0.050335,0.504137,0.141047,0.071109,Bellevue_Bellevue_NE8th
5174,within,0.675741,0.139928,0.042126,0.614749,0.214581,0.074637,Bellevue_Bellevue_NE8th
5175,within,0.677579,0.133,0.04199,0.615165,0.182529,0.038462,Bellevue_Bellevue_NE8th
5176,within,0.690327,0.128031,0.044963,0.633368,0.142694,0.048698,Bellevue_Bellevue_NE8th
5177,within,0.677887,0.140238,0.050758,0.685631,0.155472,0.049611,Bellevue_Bellevue_NE8th
5178,within,0.694508,0.112668,0.051856,0.703876,0.153791,0.037885,Bellevue_Bellevue_NE8th
5179,within,0.691548,0.117232,0.052603,0.595427,0.108816,0.044318,Bellevue_Bellevue_NE8th
5180,within,0.671133,0.144221,0.048909,0.580657,0.162877,0.028136,Bellevue_Bellevue_NE8th
5181,within,0.665795,0.140105,0.04187,0.487568,0.147624,0.030917,Bellevue_Bellevue_NE8th
5182,within,0.686402,0.132934,0.042371,0.482864,0.158214,0.076449,Bellevue_Bellevue_NE8th
5183,within,0.695187,0.132989,0.043264,0.534336,0.158631,0.127124,Bellevue_Bellevue_NE8th
5184,within,0.662183,0.126544,0.040536,0.559767,0.203311,0.027009,Bellevue_Bellevue_NE8th
5185,within,0.686644,0.135045,0.043703,0.608971,0.131217,0.015751,Bellevue_Bellevue_NE8th
5186,within,0.691644,0.137319,0.044389,0.712253,0.113285,0.023835,Bellevue_Bellevue_NE8th
5187,within,0.695923,0.120014,0.049692,0.707012,0.126055,0.025697,Bellevue_Bellevue_NE8th
5188,within,0.690493,0.125397,0.04646,0.646307,0.160841,0.011825,Bellevue_Bellevue_NE8th
5189,within,0.671544,0.146758,0.054622,0.636613,0.137189,0.056713,Bellevue_Bellevue_NE8th
5190,within,0.672946,0.137196,0.047989,0.531003,0.098527,0.079447,Bellevue_Bellevue_NE8th
5191,within,0.681151,0.099586,0.051248,0.482931,0.088088,0.119689,Bellevue_Bellevue_NE8th
5192,within,0.673102,0.134996,0.041596,0.58078,0.210982,0.089333,Bellevue_Bellevue_NE8th
5193,within,0.672379,0.129956,0.042106,0.673964,0.258368,0.071019,Bellevue_Bellevue_NE8th
5194,within,0.669321,0.136821,0.042535,0.676649,0.227108,0.085693,Bellevue_Bellevue_NE8th
5195,within,0.664931,0.144283,0.05659,0.649874,0.181107,0.116973,Bellevue_Bellevue_NE8th
5196,within,0.673039,0.143411,0.053198,0.619337,0.170149,0.076056,Bellevue_Bellevue_NE8th
5197,within,0.672072,0.150456,0.051775,0.585599,0.191955,0.022082,Bellevue_Bellevue_NE8th
5198,within,0.632839,0.173433,0.097201,0.623141,0.238171,0.030293,Bellevue_Bellevue_NE8th
5199,within,0.658931,0.141747,0.047106,0.548988,0.174077,0.061716,Bellevue_Bellevue_NE8th
5200,within,0.67895,0.127285,0.04451,0.533038,0.214227,0.047847,Bellevue_Bellevue_NE8th
5201,within,0.668652,0.138757,0.040402,0.629203,0.310753,0.046671,Bellevue_Bellevue_NE8th
5202,within,0.667626,0.134196,0.040796,0.626351,0.229654,0.025004,Bellevue_Bellevue_NE8th
5203,within,0.68337,0.123979,0.045045,0.64625,0.207229,0.010966,Bellevue_Bellevue_NE8th
5204,within,0.670571,0.146427,0.05294,0.725655,0.251977,0.043934,Bellevue_Bellevue_NE8th
5205,within,0.661287,0.095917,0.065211,0.673792,0.257538,0.035491,Bellevue_Bellevue_NE8th
5206,within,0.668945,0.145337,0.056243,0.699627,0.235508,0.110703,Bellevue_Bellevue_NE8th
5207,within,0.636499,0.173707,0.101153,0.766677,0.163239,0.196725,Bellevue_Bellevue_NE8th
5208,within,0.66372,0.138717,0.04337,0.615068,0.1609,0.160624,Bellevue_Bellevue_NE8th
5209,within,0.660062,0.130948,0.039479,0.520899,0.055092,0.212978,Bellevue_Bellevue_NE8th
5210,within,0.673578,0.139775,0.039593,0.557089,0.141517,0.159686,Bellevue_Bellevue_NE8th
5211,within,0.667114,0.12787,0.040315,0.563528,0.146202,0.043665,Bellevue_Bellevue_NE8th
5212,within,0.682228,0.140562,0.047426,0.739689,0.271668,0.025591,Bellevue_Bellevue_NE8th
5213,within,0.6636,0.146493,0.056027,0.732161,0.248301,0.008438,Bellevue_Bellevue_NE8th
5214,within,0.656528,0.139606,0.055028,0.663224,0.189147,0.029357,Bellevue_Bellevue_NE8th
5215,within,0.627308,0.17065,0.09522,0.68504,0.217863,0.011777,Bellevue_Bellevue_NE8th
5216,within,0.651637,0.163837,0.086864,0.610648,0.128153,0.061892,Bellevue_Bellevue_NE8th
5217,within,0.681588,0.132076,0.043494,0.634393,0.120153,0.094089,Bellevue_Bellevue_NE8th
5218,within,0.677437,0.100382,0.048347,0.522803,0.136828,0.052338,Bellevue_Bellevue_NE8th
5219,within,0.687016,0.139038,0.040106,0.556109,0.111994,0.081872,Bellevue_Bellevue_NE8th
5220,within,0.67404,0.137177,0.040656,0.647747,0.148933,0.089554,Bellevue_Bellevue_NE8th
5221,within,0.662886,0.139449,0.043346,0.581297,0.110011,0.062789,Bellevue_Bellevue_NE8th
5222,within,0.664558,0.149498,0.054518,0.64448,0.16988,0.042178,Bellevue_Bellevue_NE8th
5223,within,0.644951,0.152906,0.056921,0.597039,0.161609,0.043218,Bellevue_Bellevue_NE8th
5224,within,0.643281,0.163947,0.078508,0.587598,0.185907,0.034402,Bellevue_Bellevue_NE8th
5225,within,0.621291,0.171832,0.09854,0.515795,0.103821,0.020774,Bellevue_Bellevue_NE8th
5226,within,0.664283,0.152709,0.053863,0.553114,0.142867,0.062045,Bellevue_Bellevue_NE8th
5227,within,0.660826,0.135563,0.040108,0.567844,0.187943,0.058291,Bellevue_Bellevue_NE8th
5228,within,0.66219,0.121671,0.042165,0.550885,0.179421,0.044643,Bellevue_Bellevue_NE8th
5229,within,0.660095,0.128944,0.039411,0.543498,0.199668,0.07066,Bellevue_Bellevue_NE8th
5230,within,0.65871,0.144029,0.046336,0.563348,0.221061,0.001149,Bellevue_Bellevue_NE8th
5231,within,0.681395,0.145111,0.051309,0.627247,0.170357,0.072451,Bellevue_Bellevue_NE8th
5232,within,0.613428,0.153732,0.082638,0.628989,0.094449,0.098457,Bellevue_Bellevue_NE8th
5233,within,0.578138,0.157885,0.091071,0.629547,0.114866,0.10807,Bellevue_Bellevue_NE8th
5234,within,0.636535,0.158989,0.070194,0.62639,0.156876,0.085976,Bellevue_Bellevue_NE8th
5235,within,0.661593,0.140732,0.046029,0.632349,0.153753,0.086034,Bellevue_Bellevue_NE8th
5236,within,0.651784,0.128408,0.041669,0.523185,0.103167,0.087972,Bellevue_Bellevue_NE8th
5237,within,0.650963,0.126726,0.040652,0.559753,0.111816,0.105696,Bellevue_Bellevue_NE8th
5238,within,0.653472,0.12965,0.04002,0.565238,0.20734,0.052917,Bellevue_Bellevue_NE8th
5239,within,0.65914,0.133564,0.042249,0.493051,0.147506,0.065485,Bellevue_Bellevue_NE8th
5240,within,0.673052,0.148257,0.056334,0.554245,0.231717,0.071508,Bellevue_Bellevue_NE8th
5241,within,0.66578,0.150228,0.049454,0.647355,0.283654,0.037004,Bellevue_Bellevue_NE8th
5242,within,0.61067,0.150234,0.064678,0.560003,0.240633,0.004885,Bellevue_Bellevue_NE8th
5243,within,0.631917,0.172502,0.095769,0.566218,0.196412,0.001878,Bellevue_Bellevue_NE8th
5244,within,0.630285,0.173099,0.093287,0.601815,0.207592,0.022018,Bellevue_Bellevue_NE8th
5245,within,0.657158,0.138104,0.042343,0.515758,0.094644,0.038977,Bellevue_Bellevue_NE8th
5246,within,0.652362,0.123833,0.040768,0.53737,0.143039,0.014809,Bellevue_Bellevue_NE8th
5247,within,0.639037,0.122595,0.041218,0.593239,0.177102,0.052848,Bellevue_Bellevue_NE8th
5248,within,0.676898,0.13803,0.039372,0.599731,0.209076,0.044674,Bellevue_Bellevue_NE8th
5249,within,0.683136,0.144132,0.050812,0.640834,0.185942,0.046395,Bellevue_Bellevue_NE8th
5250,within,0.671923,0.147027,0.054894,0.608852,0.214544,0.040855,Bellevue_Bellevue_NE8th
5251,within,0.63656,0.158747,0.07899,0.6648,0.269765,0.026922,Bellevue_Bellevue_NE8th
5252,within,0.667171,0.149778,0.054537,0.682762,0.261721,0.072812,Bellevue_Bellevue_NE8th
5253,within,0.586007,0.157123,0.090583,0.67632,0.218227,0.132607,Bellevue_Bellevue_NE8th
5254,within,0.657106,0.139158,0.048758,0.565409,0.219668,0.050576,Bellevue_Bellevue_NE8th
5255,within,0.616411,0.167607,0.096905,0.582773,0.210556,0.0231,Bellevue_Bellevue_NE8th
5256,within,0.660343,0.151729,0.066875,0.513069,0.135477,0.030397,Bellevue_Bellevue_NE8th
5257,within,0.555227,0.150691,0.094276,0.281653,0.079204,0.01059,Bellevue_Bellevue_NE8th
5258,within,0.582049,0.158436,0.095908,0.402796,0.114244,0.049775,Bellevue_Bellevue_NE8th
5259,within,0.66197,0.136469,0.0438,0.643789,0.254799,0.044695,Bellevue_Bellevue_NE8th
5260,within,0.651251,0.152218,0.063292,0.668536,0.134421,0.056483,Bellevue_Bellevue_NE8th
5261,within,0.609286,0.165666,0.09309,0.756816,0.120816,0.020017,Bellevue_Bellevue_NE8th
5262,within,0.515217,0.132585,0.07385,0.60794,0.117712,0.012263,Bellevue_Bellevue_NE8th
5263,within,0.671084,0.146463,0.051558,0.522016,0.125285,0.04124,Bellevue_Bellevue_NE8th
5264,within,0.620778,0.172795,0.097808,0.532201,0.115805,0.077504,Bellevue_Bellevue_NE8th
5265,within,0.632455,0.130808,0.043209,0.437111,0.1172,0.062191,Bellevue_Bellevue_NE8th
5266,within,0.658262,0.128033,0.038585,0.451494,0.14775,0.049027,Bellevue_Bellevue_NE8th
5267,within,0.65811,0.130396,0.043199,0.548942,0.219855,0.04368,Bellevue_Bellevue_NE8th
5268,within,0.618281,0.17039,0.096159,0.619234,0.140731,0.087275,Bellevue_Bellevue_NE8th
5269,within,0.61201,0.156226,0.084556,0.595066,0.105238,0.043553,Bellevue_Bellevue_NE8th
5270,within,0.576393,0.146584,0.093084,0.687858,0.10781,0.056706,Bellevue_Bellevue_NE8th
5271,within,0.535139,0.120413,0.080378,0.514899,0.106302,0.023892,Bellevue_Bellevue_NE8th
5272,within,0.669991,0.148216,0.054293,0.542888,0.132579,0.042171,Bellevue_Bellevue_NE8th
5273,within,0.606168,0.160371,0.091007,0.559435,0.119482,0.066688,Bellevue_Bellevue_NE8th
5274,within,0.612563,0.134232,0.061091,0.533174,0.121679,0.062678,Bellevue_Bellevue_NE8th
5275,within,0.625278,0.126526,0.051094,0.444619,0.084617,0.12858,Bellevue_Bellevue_NE8th
5276,within,0.641467,0.156681,0.066132,0.517403,0.073494,0.156733,Bellevue_Bellevue_NE8th
5277,within,0.563735,0.141265,0.083955,0.584544,0.18832,0.129429,Bellevue_Bellevue_NE8th
5278,within,0.639228,0.149092,0.065308,0.730253,0.250498,0.061584,Bellevue_Bellevue_NE8th
5279,within,0.547353,0.144825,0.098858,0.702081,0.147094,0.004996,Bellevue_Bellevue_NE8th
5280,within,0.55551,0.148661,0.09098,0.575798,0.089817,0.031065,Bellevue_Bellevue_NE8th
5281,within,0.62092,0.166393,0.09133,0.575634,0.155212,0.015324,Bellevue_Bellevue_NE8th
5282,within,0.633819,0.162658,0.085146,0.566641,0.104554,0.063092,Bellevue_Bellevue_NE8th
5283,within,0.555802,0.149295,0.093472,0.537483,0.128777,0.020106,Bellevue_Bellevue_NE8th
5284,within,0.580716,0.15054,0.086532,0.52212,0.147264,0.020826,Bellevue_Bellevue_NE8th
5285,within,0.608785,0.140574,0.061886,0.547075,0.170412,0.020735,Bellevue_Bellevue_NE8th
5286,within,0.589662,0.153477,0.089192,0.63737,0.178272,0.045745,Bellevue_Bellevue_NE8th
5287,within,0.564545,0.144826,0.086964,0.529171,0.085673,0.04377,Bellevue_Bellevue_NE8th
5288,within,0.678263,0.146467,0.054383,0.565641,0.063953,0.075273,Bellevue_Bellevue_NE8th
5289,within,0.556828,0.144262,0.091189,0.546683,0.050626,0.078758,Bellevue_Bellevue_NE8th
5290,within,0.62207,0.16279,0.086603,0.50737,0.087329,0.044226,Bellevue_Bellevue_NE8th
5291,within,0.598675,0.166029,0.097636,0.524355,0.104725,0.065098,Bellevue_Bellevue_NE8th
5292,within,0.571461,0.142322,0.08174,0.449018,0.138434,0.052679,Bellevue_Bellevue_NE8th
5293,within,0.649131,0.130466,0.044829,0.442114,0.095331,0.090131,Bellevue_Bellevue_NE8th
5294,within,0.591329,0.152098,0.085572,0.505961,0.136493,0.08066,Bellevue_Bellevue_NE8th
5295,within,0.596143,0.154511,0.086185,0.560691,0.122036,0.023464,Bellevue_Bellevue_NE8th
5296,within,0.609157,0.160014,0.085622,0.574842,0.13546,0.003704,Bellevue_Bellevue_NE8th
5297,within,0.630751,0.158349,0.078712,0.580627,0.114625,0.005168,Bellevue_Bellevue_NE8th
5298,within,0.570077,0.145967,0.090367,0.598563,0.131897,0.017387,Bellevue_Bellevue_NE8th
5299,within,0.62533,0.166932,0.088591,0.571298,0.163906,0.011523,Bellevue_Bellevue_NE8th
5300,within,0.630064,0.17029,0.094658,0.612698,0.183974,0.063897,Bellevue_Bellevue_NE8th
5301,within,0.659378,0.147203,0.051423,0.590992,0.235175,0.078842,Bellevue_Bellevue_NE8th
5302,within,0.652407,0.128117,0.039863,0.600621,0.226392,0.110981,Bellevue_Bellevue_NE8th
5303,within,0.64732,0.146022,0.048153,0.655293,0.24786,0.070729,Bellevue_Bellevue_NE8th
5304,within,0.574445,0.154927,0.087616,0.675347,0.244948,0.022162,Bellevue_Bellevue_NE8th
5305,within,0.62453,0.160298,0.081549,0.665861,0.164217,0.061205,Bellevue_Bellevue_NE8th
5306,within,0.639967,0.161121,0.078366,0.754137,0.323649,0.010856,Bellevue_Bellevue_NE8th
5307,within,0.555037,0.141041,0.092605,0.709109,0.28302,0.020954,Bellevue_Bellevue_NE8th
5308,within,0.584123,0.149423,0.084277,0.630266,0.23486,0.016638,Bellevue_Bellevue_NE8th
5309,within,0.607616,0.167031,0.094688,0.566741,0.193662,0.004991,Bellevue_Bellevue_NE8th
5310,within,0.613198,0.146508,0.065907,0.514077,0.139733,0.037495,Bellevue_Bellevue_NE8th
5311,within,0.626867,0.154212,0.067823,0.515234,0.092566,0.046818,Bellevue_Bellevue_NE8th
5312,within,0.563973,0.140212,0.084768,0.546942,0.135813,0.068444,Bellevue_Bellevue_NE8th
5313,within,0.599341,0.148191,0.076329,0.637476,0.186701,0.056927,Bellevue_Bellevue_NE8th
5314,within,0.563696,0.143347,0.085885,0.598813,0.174319,0.037573,Bellevue_Bellevue_NE8th
5315,within,0.678471,0.146,0.054126,0.76229,0.204228,0.042174,Bellevue_Bellevue_NE8th
5316,within,0.551576,0.144367,0.093784,0.652348,0.135655,0.052222,Bellevue_Bellevue_NE8th
5317,within,0.625253,0.169877,0.093444,0.663038,0.16237,0.051995,Bellevue_Bellevue_NE8th
5318,within,0.637399,0.162727,0.076557,0.693195,0.138599,0.101265,Bellevue_Bellevue_NE8th
5319,within,0.63375,0.126846,0.043042,0.578509,0.11272,0.057247,Bellevue_Bellevue_NE8th
5320,within,0.593284,0.150374,0.081526,0.607248,0.128362,0.060173,Bellevue_Bellevue_NE8th
5321,within,0.630384,0.1302,0.047609,0.562072,0.133799,0.066231,Bellevue_Bellevue_NE8th
5322,within,0.567617,0.14676,0.08818,0.573815,0.069648,0.070809,Bellevue_Bellevue_NE8th
5323,within,0.608376,0.153156,0.082737,0.680865,0.157104,0.034084,Bellevue_Bellevue_NE8th
5324,within,0.584985,0.150946,0.094772,0.635264,0.15453,0.026209,Bellevue_Bellevue_NE8th
5325,within,0.610675,0.160632,0.085683,0.640576,0.184196,0.10263,Bellevue_Bellevue_NE8th
5326,within,0.628101,0.16144,0.080473,0.68211,0.299483,0.151667,Bellevue_Bellevue_NE8th
5327,within,0.538473,0.143913,0.091546,0.690182,0.270063,0.176665,Bellevue_Bellevue_NE8th
5328,within,0.553629,0.136376,0.077217,0.613986,0.305281,0.149167,Bellevue_Bellevue_NE8th
5329,within,0.58112,0.145484,0.081674,0.610533,0.3036,0.148253,Bellevue_Bellevue_NE8th
5330,within,0.581542,0.147009,0.08422,0.620471,0.214086,0.100686,Bellevue_Bellevue_NE8th
5331,within,0.589678,0.150636,0.082947,0.64541,0.210964,0.060926,Bellevue_Bellevue_NE8th
5332,within,0.601445,0.152344,0.084782,0.59829,0.166894,0.021708,Bellevue_Bellevue_NE8th
5333,within,0.66428,0.150549,0.063006,0.767496,0.239413,0.040748,Bellevue_Bellevue_NE8th
5334,within,0.552731,0.145665,0.095979,0.661766,0.189449,0.066931,Bellevue_Bellevue_NE8th
5335,within,0.61935,0.172422,0.096982,0.56996,0.194125,0.056933,Bellevue_Bellevue_NE8th
5336,within,0.613594,0.17022,0.096611,0.559187,0.129949,0.082861,Bellevue_Bellevue_NE8th
5337,within,0.569973,0.156281,0.094089,0.526283,0.164527,0.138486,Bellevue_Bellevue_NE8th
5338,within,0.586292,0.150958,0.087083,0.532616,0.113141,0.171995,Bellevue_Bellevue_NE8th
5339,within,0.557635,0.140192,0.082786,0.555457,0.129092,0.164189,Bellevue_Bellevue_NE8th
5340,within,0.557511,0.150224,0.093138,0.618772,0.167234,0.072517,Bellevue_Bellevue_NE8th
5341,within,0.635301,0.161988,0.085139,0.739379,0.221352,0.004667,Bellevue_Bellevue_NE8th
5342,within,0.588093,0.153106,0.090992,0.735279,0.168897,0.012394,Bellevue_Bellevue_NE8th
5343,within,0.61525,0.155261,0.081853,0.688478,0.188802,0.016973,Bellevue_Bellevue_NE8th
5344,within,0.645442,0.157602,0.075222,0.609889,0.145517,0.026377,Bellevue_Bellevue_NE8th
5345,within,0.657048,0.155477,0.063847,0.673509,0.204712,0.006398,Bellevue_Bellevue_NE8th
5346,within,0.557921,0.151041,0.092784,0.508112,0.161449,0.035032,Bellevue_Bellevue_NE8th
5347,within,0.614305,0.157918,0.083199,0.434158,0.086041,0.08036,Bellevue_Bellevue_NE8th
5348,within,0.556067,0.14875,0.092279,0.523978,0.112751,0.106555,Bellevue_Bellevue_NE8th
5349,within,0.564281,0.146838,0.087974,0.676248,0.177813,0.118348,Bellevue_Bellevue_NE8th
5350,within,0.584946,0.162026,0.092688,0.642848,0.120903,0.067031,Bellevue_Bellevue_NE8th
5351,within,0.663261,0.152473,0.060004,0.672165,0.112454,0.084388,Bellevue_Bellevue_NE8th
5352,within,0.582864,0.159027,0.091103,0.54931,0.09015,0.05064,Bellevue_Bellevue_NE8th
5353,within,0.659202,0.151769,0.057017,0.566818,0.164033,0.037381,Bellevue_Bellevue_NE8th
5354,within,0.643472,0.158795,0.071138,0.506326,0.164985,0.045058,Bellevue_Bellevue_NE8th
5355,within,0.563582,0.150954,0.090127,0.449464,0.175713,0.021252,Bellevue_Bellevue_NE8th
5356,within,0.650295,0.136466,0.04445,0.401066,0.141392,0.007219,Bellevue_Bellevue_NE8th
5357,within,0.644762,0.151448,0.058571,0.525683,0.20318,0.014438,Bellevue_Bellevue_NE8th
5358,within,0.599518,0.160327,0.088821,0.731109,0.21042,0.032241,Bellevue_Bellevue_NE8th
5359,within,0.612998,0.155951,0.078005,0.666137,0.159314,0.089789,Bellevue_Bellevue_NE8th
5360,within,0.627527,0.155278,0.071301,0.707904,0.164379,0.076836,Bellevue_Bellevue_NE8th
5361,within,0.586298,0.153653,0.086714,0.697399,0.193339,0.043316,Bellevue_Bellevue_NE8th
5362,within,0.624354,0.170596,0.089073,0.640639,0.20004,0.043959,Bellevue_Bellevue_NE8th
5363,within,0.621229,0.162924,0.085086,0.634198,0.205436,0.084909,Bellevue_Bellevue_NE8th
5364,within,0.641684,0.150582,0.058805,0.566929,0.172039,0.062072,Bellevue_Bellevue_NE8th
5365,within,0.656665,0.131883,0.04029,0.527837,0.158888,0.034935,Bellevue_Bellevue_NE8th
5366,within,0.589515,0.153166,0.087639,0.545048,0.110871,0.101448,Bellevue_Bellevue_NE8th
5367,within,0.561238,0.154461,0.094834,0.628252,0.100266,0.115859,Bellevue_Bellevue_NE8th
5368,within,0.598456,0.158841,0.088824,0.602377,0.076572,0.078138,Bellevue_Bellevue_NE8th
5369,within,0.621348,0.167058,0.087319,0.65524,0.133707,0.085066,Bellevue_Bellevue_NE8th
5370,within,0.592059,0.16295,0.09333,0.55632,0.084006,0.087856,Bellevue_Bellevue_NE8th
5371,within,0.609044,0.169781,0.096422,0.534209,0.091942,0.085495,Bellevue_Bellevue_NE8th
5372,within,0.614777,0.163079,0.087868,0.471483,0.032278,0.07967,Bellevue_Bellevue_NE8th
5373,within,0.557117,0.142729,0.08604,0.364804,0.036066,0.123814,Bellevue_Bellevue_NE8th
5374,within,0.644317,0.138602,0.050297,0.426302,0.173023,0.081835,Bellevue_Bellevue_NE8th
5375,within,0.574953,0.14739,0.086575,0.554949,0.243498,0.08063,Bellevue_Bellevue_NE8th
5376,within,0.601798,0.164471,0.090628,0.614653,0.201548,0.095856,Bellevue_Bellevue_NE8th
5377,within,0.579717,0.151208,0.08793,0.617196,0.139389,0.059273,Bellevue_Bellevue_NE8th
5378,within,0.630625,0.161115,0.07994,0.667281,0.158504,0.041673,Bellevue_Bellevue_NE8th
5379,within,0.601665,0.157427,0.087726,0.596894,0.138711,0.022022,Bellevue_Bellevue_NE8th
5380,within,0.641802,0.158472,0.073648,0.519095,0.153551,0.059494,Bellevue_Bellevue_NE8th
5381,within,0.614455,0.17118,0.096271,0.594898,0.210754,0.024287,Bellevue_Bellevue_NE8th
5382,within,0.588709,0.154021,0.090871,0.489528,0.184524,0.057329,Bellevue_Bellevue_NE8th
5383,within,0.584032,0.152195,0.089302,0.551121,0.197949,0.073925,Bellevue_Bellevue_NE8th
5384,within,0.582187,0.149518,0.083688,0.683893,0.26135,0.04391,Bellevue_Bellevue_NE8th
5385,within,0.645119,0.15641,0.069211,0.639234,0.228382,0.029215,Bellevue_Bellevue_NE8th
5386,within,0.676108,0.148247,0.049165,0.700834,0.214873,0.06595,Bellevue_Bellevue_NE8th
5387,within,0.579307,0.14913,0.090511,0.763369,0.213968,0.100798,Bellevue_Bellevue_NE8th
5388,within,0.598256,0.138942,0.060022,0.654681,0.199729,0.038386,Bellevue_Bellevue_NE8th
5389,within,0.606625,0.16167,0.08863,0.49865,0.179608,0.02264,Bellevue_Bellevue_NE8th
5390,within,0.668394,0.150552,0.056663,0.559593,0.190531,0.021229,Bellevue_Bellevue_NE8th
5391,within,0.584098,0.163688,0.095572,0.45896,0.139858,0.06285,Bellevue_Bellevue_NE8th
5392,within,0.564376,0.148184,0.088459,0.393549,0.134187,0.084782,Bellevue_Bellevue_NE8th
5393,within,0.571075,0.150103,0.088929,0.566551,0.222343,0.083144,Bellevue_Bellevue_NE8th
5394,within,0.594829,0.167467,0.097248,0.509874,0.18813,0.037052,Bellevue_Bellevue_NE8th
5395,within,0.640211,0.158521,0.076352,0.718287,0.242401,0.039946,Bellevue_Bellevue_NE8th
5396,within,0.58349,0.15413,0.100543,0.629343,0.187704,0.011957,Bellevue_Bellevue_NE8th
5397,within,0.637304,0.128518,0.047426,0.541635,0.123353,0.02811,Bellevue_Bellevue_NE8th
5398,within,0.666383,0.152884,0.05238,0.537929,0.177358,0.038115,Bellevue_Bellevue_NE8th
5399,within,0.630807,0.163451,0.082246,0.545398,0.205223,0.036149,Bellevue_Bellevue_NE8th
5400,within,0.610459,0.137026,0.06226,0.38701,0.122569,0.019124,Bellevue_Bellevue_NE8th
5401,within,0.643656,0.138242,0.051502,0.387764,0.109337,0.066938,Bellevue_Bellevue_NE8th
5402,within,0.58442,0.149945,0.080796,0.547982,0.154303,0.043166,Bellevue_Bellevue_NE8th
5403,within,0.610143,0.169484,0.095619,0.6515,0.159916,0.052151,Bellevue_Bellevue_NE8th
5404,within,0.621893,0.158784,0.085259,0.700649,0.202093,0.027301,Bellevue_Bellevue_NE8th
5405,within,0.605727,0.167158,0.095885,0.714999,0.193652,0.015375,Bellevue_Bellevue_NE8th
5406,within,0.602527,0.159368,0.087253,0.629222,0.102443,0.102783,Bellevue_Bellevue_NE8th
5407,within,0.632205,0.164812,0.077808,0.602032,0.154201,0.043639,Bellevue_Bellevue_NE8th
5408,within,0.634682,0.160762,0.074521,0.58263,0.156288,0.127901,Bellevue_Bellevue_NE8th
5409,within,0.557334,0.149721,0.093421,0.56044,0.133714,0.119189,Bellevue_Bellevue_NE8th
5410,within,0.54386,0.1437,0.092901,0.498294,0.127801,0.114783,Bellevue_Bellevue_NE8th
5411,within,0.587102,0.153391,0.087811,0.5803,0.1367,0.109075,Bellevue_Bellevue_NE8th
5412,within,0.567182,0.149933,0.090481,0.489715,0.027578,0.150678,Bellevue_Bellevue_NE8th
5413,within,0.600566,0.157707,0.08817,0.485343,0.001104,0.13703,Bellevue_Bellevue_NE8th
5414,within,0.629645,0.15872,0.079032,0.535447,0.029031,0.105941,Bellevue_Bellevue_NE8th
5415,within,0.627385,0.152275,0.067797,0.496356,0.019385,0.089682,Bellevue_Bellevue_NE8th
5416,within,0.619761,0.161511,0.084587,0.51375,0.087037,0.058424,Bellevue_Bellevue_NE8th
5417,within,0.630109,0.168657,0.090893,0.530823,0.17134,0.092808,Bellevue_Bellevue_NE8th
5418,within,0.62725,0.160108,0.0731,0.415373,0.074474,0.082836,Bellevue_Bellevue_NE8th
5419,within,0.628714,0.154489,0.069091,0.58419,0.09745,0.16351,Bellevue_Bellevue_NE8th
5420,within,0.612408,0.140896,0.058008,0.641387,0.168373,0.13961,Bellevue_Bellevue_NE8th
5421,within,0.583242,0.163023,0.093664,0.696203,0.146131,0.063833,Bellevue_Bellevue_NE8th
5422,within,0.620926,0.157673,0.080843,0.619473,0.108338,0.003372,Bellevue_Bellevue_NE8th
5423,within,0.6328,0.154039,0.069638,0.644426,0.128807,0.001754,Bellevue_Bellevue_NE8th
5424,within,0.575755,0.147607,0.088339,0.500713,0.110637,0.011178,Bellevue_Bellevue_NE8th
5425,within,0.624215,0.161302,0.077774,0.496174,0.164307,0.006227,Bellevue_Bellevue_NE8th
5426,within,0.628521,0.159614,0.081006,0.570489,0.238148,0.02891,Bellevue_Bellevue_NE8th
5427,within,0.57186,0.160335,0.096125,0.518132,0.218741,0.052657,Bellevue_Bellevue_NE8th
5428,within,0.595413,0.153574,0.086154,0.534193,0.184029,0.083321,Bellevue_Bellevue_NE8th
5429,within,0.580814,0.151862,0.088162,0.609914,0.215962,0.070355,Bellevue_Bellevue_NE8th
5430,within,0.627515,0.163691,0.084641,0.681001,0.213826,0.157565,Bellevue_Bellevue_NE8th
5431,within,0.651281,0.156761,0.070995,0.624903,0.151415,0.184816,Bellevue_Bellevue_NE8th
5432,within,0.677714,0.148852,0.051568,0.712838,0.212817,0.2633,Bellevue_Bellevue_NE8th
5433,within,0.593849,0.147968,0.078855,0.691994,0.225786,0.146397,Bellevue_Bellevue_NE8th
5434,within,0.618905,0.163757,0.086422,0.611669,0.224891,0.058619,Bellevue_Bellevue_NE8th
5435,within,0.61495,0.160851,0.082719,0.578896,0.267006,0.040704,Bellevue_Bellevue_NE8th
5436,within,0.625416,0.112759,0.042197,0.535741,0.207332,0.111209,Bellevue_Bellevue_NE8th
5437,within,0.651542,0.136552,0.043496,0.571668,0.204695,0.108395,Bellevue_Bellevue_NE8th
5438,within,0.645364,0.131866,0.042246,0.665673,0.269904,0.070382,Bellevue_Bellevue_NE8th
5439,within,0.60176,0.161679,0.087598,0.56009,0.139504,0.062356,Bellevue_Bellevue_NE8th
5440,within,0.610652,0.158538,0.0835,0.542343,0.133875,0.050804,Bellevue_Bellevue_NE8th
5441,within,0.61139,0.16349,0.086893,0.62508,0.190015,0.085639,Bellevue_Bellevue_NE8th
5442,within,0.557201,0.152467,0.092634,0.538247,0.162838,0.026148,Bellevue_Bellevue_NE8th
5443,within,0.663256,0.15426,0.053,0.501188,0.158769,0.05453,Bellevue_Bellevue_NE8th
5444,within,0.67382,0.151776,0.055287,0.541268,0.255637,0.066874,Bellevue_Bellevue_NE8th
5445,within,0.56365,0.156237,0.094857,0.499463,0.255309,0.066036,Bellevue_Bellevue_NE8th
5446,within,0.643022,0.124855,0.040536,0.505912,0.185553,0.084549,Bellevue_Bellevue_NE8th
5447,within,0.655525,0.148704,0.051483,0.602608,0.218568,0.09667,Bellevue_Bellevue_NE8th
5448,within,0.571054,0.158612,0.094183,0.562089,0.22352,0.047183,Bellevue_Bellevue_NE8th
5449,within,0.673651,0.148659,0.052648,0.613131,0.260626,0.086065,Bellevue_Bellevue_NE8th
5450,within,0.657785,0.14863,0.050067,0.636293,0.232605,0.074651,Bellevue_Bellevue_NE8th
5451,within,0.646628,0.13374,0.045438,0.57124,0.154456,0.083757,Bellevue_Bellevue_NE8th
5452,within,0.620329,0.170795,0.091291,0.557155,0.148525,0.049961,Bellevue_Bellevue_NE8th
5453,within,0.669401,0.151522,0.050826,0.599043,0.262849,0.099161,Bellevue_Bellevue_NE8th
5454,within,0.632366,0.152344,0.063211,0.530697,0.19182,0.084657,Bellevue_Bellevue_NE8th
5455,within,0.672718,0.153393,0.04965,0.649187,0.242971,0.119509,Bellevue_Bellevue_NE8th
5456,within,0.608721,0.163161,0.084104,0.682063,0.234977,0.142608,Bellevue_Bellevue_NE8th
5457,within,0.664211,0.137776,0.040248,0.71271,0.251161,0.099908,Bellevue_Bellevue_NE8th
5458,within,0.687966,0.143199,0.041467,0.693741,0.241539,0.071036,Bellevue_Bellevue_NE8th
5459,within,0.6616,0.136839,0.03872,0.692601,0.247462,0.05708,Bellevue_Bellevue_NE8th
5460,within,0.652705,0.134362,0.041224,0.721799,0.236486,0.074338,Bellevue_Bellevue_NE8th
5461,within,0.649513,0.159147,0.06529,0.657364,0.18273,0.061879,Bellevue_Bellevue_NE8th
5462,within,0.642576,0.154491,0.063897,0.640427,0.111211,0.053474,Bellevue_Bellevue_NE8th
5463,within,0.678322,0.144012,0.053681,0.704566,0.122222,0.083189,Bellevue_Bellevue_NE8th
5464,within,0.664128,0.148314,0.050195,0.606632,0.077839,0.098617,Bellevue_Bellevue_NE8th
5465,within,0.660722,0.154173,0.05466,0.597603,0.111603,0.059377,Bellevue_Bellevue_NE8th
5466,within,0.666686,0.150197,0.051597,0.652334,0.159267,0.09485,Bellevue_Bellevue_NE8th
5467,within,0.646168,0.127646,0.041043,0.498069,0.132829,0.047278,Bellevue_Bellevue_NE8th
5468,within,0.667409,0.148617,0.046559,0.528949,0.123967,0.075359,Bellevue_Bellevue_NE8th
5469,within,0.632361,0.157916,0.063457,0.679416,0.228333,0.066922,Bellevue_Bellevue_NE8th
5470,within,0.612979,0.164207,0.09083,0.57721,0.151394,0.061122,Bellevue_Bellevue_NE8th
5471,within,0.675559,0.147154,0.053083,0.59468,0.164226,0.032352,Bellevue_Bellevue_NE8th
5472,within,0.659219,0.147388,0.050402,0.648116,0.200094,0.049263,Bellevue_Bellevue_NE8th
5473,within,0.624673,0.139547,0.051555,0.555331,0.215006,0.006798,Bellevue_Bellevue_NE8th
5474,within,0.650323,0.156913,0.05976,0.558735,0.193137,0.048016,Bellevue_Bellevue_NE8th
5475,within,0.666696,0.145801,0.055003,0.588024,0.244589,0.064101,Bellevue_Bellevue_NE8th
5476,within,0.582913,0.154114,0.08683,0.602751,0.220973,0.059024,Bellevue_Bellevue_NE8th
5477,within,0.575598,0.152705,0.088214,0.57504,0.184285,0.037665,Bellevue_Bellevue_NE8th
5478,within,0.577717,0.159948,0.093156,0.631012,0.111602,0.075271,Bellevue_Bellevue_NE8th
5479,within,0.603357,0.160113,0.088525,0.564259,0.065792,0.114886,Bellevue_Bellevue_NE8th
5480,within,0.67327,0.148945,0.050409,0.52532,0.060857,0.087904,Bellevue_Bellevue_NE8th
5481,within,0.640938,0.163625,0.082383,0.554264,0.09723,0.111027,Bellevue_Bellevue_NE8th
5482,within,0.597815,0.161951,0.089052,0.537431,0.091182,0.109288,Bellevue_Bellevue_NE8th
5483,within,0.606682,0.157004,0.08577,0.530608,0.178796,0.057832,Bellevue_Bellevue_NE8th
5484,within,0.62466,0.159841,0.077988,0.532911,0.177555,0.07253,Bellevue_Bellevue_NE8th
5485,within,0.63021,0.144764,0.058344,0.43615,0.157702,0.033971,Bellevue_Bellevue_NE8th
5486,within,0.635595,0.141413,0.05174,0.603446,0.286446,0.027151,Bellevue_Bellevue_NE8th
5487,within,0.64047,0.146284,0.055684,0.662257,0.215174,0.043071,Bellevue_Bellevue_NE8th
5488,within,0.603357,0.163298,0.087295,0.609098,0.143007,0.096708,Bellevue_Bellevue_NE8th
5489,within,0.666694,0.150546,0.053369,0.715121,0.098309,0.105712,Bellevue_Bellevue_NE8th
5490,within,0.583205,0.160013,0.099728,0.712712,0.094385,0.114194,Bellevue_Bellevue_NE8th
5491,within,0.599591,0.153902,0.079223,0.616374,0.114038,0.082227,Bellevue_Bellevue_NE8th
5492,within,0.639143,0.166618,0.086403,0.747087,0.149326,0.1072,Bellevue_Bellevue_NE8th
5493,within,0.604796,0.165698,0.08915,0.668066,0.163267,0.117484,Bellevue_Bellevue_NE8th
5494,within,0.56841,0.157701,0.09518,0.741539,0.201917,0.146543,Bellevue_Bellevue_NE8th
5495,within,0.633733,0.135396,0.048556,0.767021,0.210168,0.13714,Bellevue_Bellevue_NE8th
5496,within,0.565962,0.155734,0.095603,0.651593,0.191858,0.107333,Bellevue_Bellevue_NE8th
5497,within,0.671932,0.150535,0.061425,0.668615,0.251495,0.061271,Bellevue_Bellevue_NE8th
5498,within,0.664027,0.151792,0.052757,0.658815,0.292764,0.060491,Bellevue_Bellevue_NE8th
5499,within,0.65724,0.138078,0.041718,0.514985,0.200773,0.007727,Bellevue_Bellevue_NE8th
5500,within,0.674777,0.153587,0.05224,0.465329,0.223716,0.007717,Bellevue_Bellevue_NE8th
5501,within,0.622252,0.166473,0.086738,0.547182,0.342919,0.035522,Bellevue_Bellevue_NE8th
5502,within,0.549074,0.149518,0.092982,0.535969,0.34184,0.085321,Bellevue_Bellevue_NE8th
5503,within,0.643039,0.129914,0.043844,0.549719,0.352398,0.060607,Bellevue_Bellevue_NE8th
5504,within,0.650724,0.130919,0.042465,0.515805,0.229038,0.047813,Bellevue_Bellevue_NE8th
5505,within,0.575061,0.161105,0.097376,0.524409,0.152369,0.120739,Bellevue_Bellevue_NE8th
5506,within,0.625968,0.166255,0.089647,0.596611,0.209182,0.20445,Bellevue_Bellevue_NE8th
5507,within,0.587017,0.1561,0.093957,0.546868,0.115496,0.1414,Bellevue_Bellevue_NE8th
5508,within,0.588818,0.148949,0.083108,0.480083,0.120712,0.106074,Bellevue_Bellevue_NE8th
5509,within,0.608684,0.169266,0.095057,0.542172,0.194213,0.111009,Bellevue_Bellevue_NE8th
5510,within,0.58752,0.16357,0.093792,0.678245,0.271229,0.127685,Bellevue_Bellevue_NE8th
5511,within,0.585415,0.150397,0.085226,0.685776,0.301537,0.110499,Bellevue_Bellevue_NE8th
5512,within,0.646882,0.137082,0.046335,0.570806,0.183518,0.093931,Bellevue_Bellevue_NE8th
5513,within,0.592483,0.162656,0.090575,0.681726,0.240257,0.061333,Bellevue_Bellevue_NE8th
5514,within,0.64988,0.149845,0.053869,0.685674,0.239287,0.03641,Bellevue_Bellevue_NE8th
5515,within,0.609767,0.156217,0.084175,0.64299,0.079725,0.049599,Bellevue_Bellevue_NE8th
5516,within,0.610052,0.153263,0.088174,0.724408,0.154548,0.030818,Bellevue_Bellevue_NE8th
5517,within,0.592327,0.151311,0.083261,0.658134,0.173603,0.010675,Bellevue_Bellevue_NE8th
5518,within,0.613603,0.160123,0.08226,0.563265,0.130883,0.044382,Bellevue_Bellevue_NE8th
5519,within,0.623777,0.162985,0.0847,0.567778,0.0788,0.152132,Bellevue_Bellevue_NE8th
5520,within,0.59111,0.153129,0.087102,0.586367,0.148371,0.072327,Bellevue_Bellevue_NE8th
5521,within,0.646975,0.136331,0.043819,0.583767,0.258788,0.084529,Bellevue_Bellevue_NE8th
5522,within,0.606175,0.158836,0.082294,0.660507,0.269793,0.111904,Bellevue_Bellevue_NE8th
5523,within,0.588751,0.15635,0.088733,0.580738,0.220162,0.060153,Bellevue_Bellevue_NE8th
5524,within,0.670298,0.146647,0.051818,0.596512,0.16825,0.072912,Bellevue_Bellevue_NE8th
5525,within,0.647808,0.153135,0.060111,0.622823,0.203243,0.024326,Bellevue_Bellevue_NE8th
5526,within,0.63871,0.133509,0.046872,0.524958,0.119341,0.032542,Bellevue_Bellevue_NE8th
5527,within,0.622483,0.163307,0.076666,0.516031,0.153736,0.019222,Bellevue_Bellevue_NE8th
5528,within,0.6284,0.156166,0.077858,0.533403,0.15194,0.056041,Bellevue_Bellevue_NE8th
5529,within,0.607243,0.154574,0.083548,0.600794,0.129156,0.080314,Bellevue_Bellevue_NE8th
5530,within,0.649748,0.143777,0.050362,0.551519,0.150653,0.122067,Bellevue_Bellevue_NE8th
5531,within,0.61021,0.155532,0.08001,0.604509,0.171487,0.07444,Bellevue_Bellevue_NE8th
5532,within,0.667894,0.152891,0.051043,0.720995,0.200573,0.029086,Bellevue_Bellevue_NE8th
5533,within,0.611016,0.15524,0.077038,0.629693,0.117774,0.068242,Bellevue_Bellevue_NE8th
5534,within,0.684712,0.148125,0.052136,0.814832,0.114065,0.087664,Bellevue_Bellevue_NE8th
5535,within,0.647122,0.134413,0.054742,0.643012,0.072356,0.069817,Bellevue_Bellevue_NE8th
5536,within,0.674137,0.150776,0.051612,0.626701,0.101773,0.117703,Bellevue_Bellevue_NE8th
5537,within,0.662113,0.160282,0.069011,0.652528,0.136967,0.076186,Bellevue_Bellevue_NE8th
5538,within,0.676488,0.146988,0.038428,0.639136,0.105089,0.072553,Bellevue_Bellevue_NE8th
5539,within,0.671327,0.14415,0.038839,0.570218,0.129032,0.101926,Bellevue_Bellevue_NE8th
5540,within,0.671391,0.146454,0.041241,0.650354,0.132625,0.166264,Bellevue_Bellevue_NE8th
5541,within,0.662111,0.145505,0.042463,0.685305,0.197754,0.085783,Bellevue_Bellevue_NE8th
5542,within,0.656767,0.150171,0.052071,0.73547,0.19613,0.176311,Bellevue_Bellevue_NE8th
5543,within,0.671257,0.148136,0.047607,0.626789,0.203313,0.174911,Bellevue_Bellevue_NE8th
5544,within,0.653467,0.150659,0.056831,0.632991,0.111086,0.199505,Bellevue_Bellevue_NE8th
5545,within,0.629275,0.152402,0.06232,0.626592,0.118858,0.088263,Bellevue_Bellevue_NE8th
5546,within,0.612512,0.159312,0.082644,0.626951,0.202865,0.032815,Bellevue_Bellevue_NE8th
5547,within,0.624085,0.159711,0.070068,0.553426,0.182884,0.086092,Bellevue_Bellevue_NE8th
5548,within,0.640089,0.164539,0.077979,0.528607,0.167336,0.115607,Bellevue_Bellevue_NE8th
5549,within,0.671199,0.142008,0.039116,0.615744,0.17016,0.122204,Bellevue_Bellevue_NE8th
5550,within,0.662732,0.14757,0.046086,0.671052,0.122027,0.146849,Bellevue_Bellevue_NE8th
5551,within,0.611134,0.16924,0.093161,0.64726,0.105956,0.140423,Bellevue_Bellevue_NE8th
5552,within,0.67682,0.151262,0.05291,0.81492,0.12568,0.247546,Bellevue_Bellevue_NE8th
5553,within,0.587661,0.1533,0.083358,0.740748,0.142547,0.184968,Bellevue_Bellevue_NE8th
5554,within,0.641159,0.156689,0.065446,0.73198,0.14627,0.111323,Bellevue_Bellevue_NE8th
5555,within,0.654297,0.153557,0.057469,0.690937,0.112063,0.115803,Bellevue_Bellevue_NE8th
5556,within,0.612077,0.161323,0.078764,0.525813,0.113973,0.077517,Bellevue_Bellevue_NE8th
5557,within,0.668098,0.149615,0.045444,0.511928,0.122079,0.107119,Bellevue_Bellevue_NE8th
5558,within,0.611182,0.153757,0.075138,0.609491,0.21102,0.085777,Bellevue_Bellevue_NE8th
5559,within,0.627879,0.171827,0.09256,0.529418,0.110582,0.023103,Bellevue_Bellevue_NE8th
5560,within,0.642878,0.153035,0.062095,0.657689,0.179887,0.008847,Bellevue_Bellevue_NE8th
5561,within,0.576114,0.151728,0.086037,0.560512,0.059803,0.081666,Bellevue_Bellevue_NE8th
5562,within,0.663442,0.154786,0.052873,0.56681,0.183834,0.020658,Bellevue_Bellevue_NE8th
5563,within,0.669494,0.149292,0.052941,0.507004,0.170606,0.076616,Bellevue_Bellevue_NE8th
5564,within,0.648554,0.141324,0.045306,0.468645,0.172747,0.097805,Bellevue_Bellevue_NE8th
5565,within,0.654652,0.134702,0.04044,0.391805,0.191962,0.039515,Bellevue_Bellevue_NE8th
5566,within,0.644109,0.147757,0.055858,0.482461,0.219858,0.033986,Bellevue_Bellevue_NE8th
5567,within,0.653005,0.133423,0.039583,0.678962,0.221034,0.119732,Bellevue_Bellevue_NE8th
5568,within,0.606876,0.160256,0.080158,0.702963,0.145387,0.065226,Bellevue_Bellevue_NE8th
5569,within,0.679708,0.146781,0.051483,0.754451,0.178203,0.054808,Bellevue_Bellevue_NE8th
5570,within,0.623479,0.161122,0.084544,0.89181,0.219495,0.009959,Bellevue_Bellevue_NE8th
5571,within,0.593433,0.147898,0.079138,0.68517,0.169378,0.014743,Bellevue_Bellevue_NE8th
5572,within,0.618061,0.160318,0.080766,0.640448,0.180715,0.019623,Bellevue_Bellevue_NE8th
5573,within,0.675322,0.150006,0.052398,0.581557,0.171139,0.009792,Bellevue_Bellevue_NE8th
5574,within,0.646019,0.152475,0.056883,0.481083,0.156311,0.064306,Bellevue_Bellevue_NE8th
5575,within,0.643465,0.155447,0.062085,0.547916,0.161949,0.034378,Bellevue_Bellevue_NE8th
5576,within,0.669801,0.144018,0.040094,0.541221,0.117432,0.094244,Bellevue_Bellevue_NE8th
5577,within,0.607813,0.159536,0.081753,0.55288,0.123462,0.061213,Bellevue_Bellevue_NE8th
5578,within,0.670863,0.152496,0.050433,0.604643,0.11374,0.066468,Bellevue_Bellevue_NE8th
5579,within,0.669298,0.143397,0.042063,0.48708,0.122298,0.039211,Bellevue_Bellevue_NE8th
5580,within,0.618305,0.160832,0.073431,0.465058,0.152932,0.060298,Bellevue_Bellevue_NE8th
5581,within,0.621682,0.166215,0.081524,0.499021,0.164953,0.098969,Bellevue_Bellevue_NE8th
5582,within,0.631532,0.158717,0.065948,0.540498,0.169673,0.124783,Bellevue_Bellevue_NE8th
5583,within,0.660094,0.150465,0.047174,0.533522,0.120845,0.143705,Bellevue_Bellevue_NE8th
5584,within,0.673818,0.142407,0.037522,0.549698,0.105382,0.13068,Bellevue_Bellevue_NE8th
5585,within,0.668925,0.146061,0.039556,0.600802,0.165013,0.123167,Bellevue_Bellevue_NE8th
5586,within,0.669776,0.150089,0.048082,0.651771,0.149841,0.115173,Bellevue_Bellevue_NE8th
5587,within,0.674185,0.150126,0.048298,0.701221,0.167027,0.1402,Bellevue_Bellevue_NE8th
5588,within,0.660415,0.149529,0.052828,0.708409,0.090123,0.204136,Bellevue_Bellevue_NE8th
5589,within,0.65404,0.142167,0.047007,0.574217,0.100019,0.138685,Bellevue_Bellevue_NE8th
5590,within,0.635142,0.155745,0.067778,0.754319,0.212498,0.052505,Bellevue_Bellevue_NE8th
5591,within,0.667565,0.153564,0.051179,0.770187,0.203516,0.07828,Bellevue_Bellevue_NE8th
5592,within,0.669664,0.14986,0.043106,0.655129,0.198148,0.060514,Bellevue_Bellevue_NE8th
5593,within,0.669491,0.148075,0.040425,0.657504,0.167353,0.088737,Bellevue_Bellevue_NE8th
5594,within,0.676189,0.152894,0.046659,0.646631,0.240134,0.115318,Bellevue_Bellevue_NE8th
5595,within,0.662346,0.149893,0.049284,0.725351,0.187682,0.117629,Bellevue_Bellevue_NE8th
5596,within,0.663691,0.144787,0.048269,0.604808,0.129993,0.072594,Bellevue_Bellevue_NE8th
5597,within,0.687261,0.147199,0.05024,0.656148,0.106646,0.094173,Bellevue_Bellevue_NE8th
5598,within,0.658592,0.150179,0.04807,0.560486,0.045632,0.088403,Bellevue_Bellevue_NE8th
5599,within,0.674047,0.154006,0.049372,0.611051,0.086447,0.091621,Bellevue_Bellevue_NE8th
5600,within,0.679282,0.151659,0.05059,0.558738,0.100083,0.067705,Bellevue_Bellevue_NE8th
5601,within,0.656952,0.153088,0.053614,0.511677,0.084915,0.078877,Bellevue_Bellevue_NE8th
5602,within,0.664033,0.134873,0.038671,0.54282,0.120324,0.069984,Bellevue_Bellevue_NE8th
5603,within,0.66721,0.152866,0.046388,0.627136,0.194139,0.094415,Bellevue_Bellevue_NE8th
5604,within,0.66376,0.143465,0.041014,0.765288,0.194857,0.07735,Bellevue_Bellevue_NE8th
5605,within,0.615438,0.15947,0.079341,0.688829,0.15861,0.061782,Bellevue_Bellevue_NE8th
5606,within,0.685084,0.15015,0.049317,0.775612,0.034262,0.101814,Bellevue_Bellevue_NE8th
5607,within,0.621975,0.150383,0.074945,0.61859,0.041068,0.074132,Bellevue_Bellevue_NE8th
5608,within,0.658309,0.151744,0.05448,0.601615,0.166559,0.032865,Bellevue_Bellevue_NE8th
5609,within,0.637195,0.157875,0.075115,0.582522,0.233539,0.033464,Bellevue_Bellevue_NE8th
5610,within,0.686533,0.157929,0.057726,0.598815,0.171817,0.079564,Bellevue_Bellevue_NE8th
5611,within,0.668185,0.141578,0.042442,0.604881,0.145157,0.074168,Bellevue_Bellevue_NE8th
5612,within,0.668645,0.153813,0.048727,0.606532,0.134183,0.106143,Bellevue_Bellevue_NE8th
5613,within,0.634973,0.16379,0.068704,0.563764,0.160422,0.158022,Bellevue_Bellevue_NE8th
5614,within,0.661139,0.150148,0.058677,0.652193,0.175195,0.164105,Bellevue_Bellevue_NE8th
5615,within,0.674256,0.150303,0.050916,0.674221,0.148166,0.207193,Bellevue_Bellevue_NE8th
5616,within,0.682065,0.149144,0.050597,0.696745,0.103679,0.283515,Bellevue_Bellevue_NE8th
5617,within,0.611843,0.156346,0.077235,0.718991,0.26322,0.116363,Bellevue_Bellevue_NE8th
5618,within,0.657505,0.15321,0.059605,0.709322,0.262997,0.079779,Bellevue_Bellevue_NE8th
5619,within,0.649155,0.154865,0.058238,0.695356,0.198054,0.10203,Bellevue_Bellevue_NE8th
5620,within,0.610797,0.163265,0.087326,0.650063,0.19869,0.070998,Bellevue_Bellevue_NE8th
5621,within,0.670599,0.142127,0.038906,0.636939,0.134199,0.124792,Bellevue_Bellevue_NE8th
5622,within,0.668602,0.160657,0.050053,0.676141,0.255514,0.068595,Bellevue_Bellevue_NE8th
5623,within,0.667462,0.148113,0.043731,0.794007,0.274741,0.105178,Bellevue_Bellevue_NE8th
5624,within,0.675946,0.145137,0.037494,0.82949,0.186346,0.160799,Bellevue_Bellevue_NE8th
5625,within,0.668679,0.144645,0.041261,0.585607,0.047964,0.148209,Bellevue_Bellevue_NE8th
5626,within,0.678912,0.152548,0.049674,0.599934,0.012051,0.212893,Bellevue_Bellevue_NE8th
5627,within,0.668143,0.148969,0.041154,0.570075,0.020137,0.180753,Bellevue_Bellevue_NE8th
5628,within,0.671075,0.151343,0.044923,0.553603,0.087082,0.137986,Bellevue_Bellevue_NE8th
5629,within,0.666057,0.148289,0.045342,0.574314,0.175181,0.064827,Bellevue_Bellevue_NE8th
5630,within,0.68192,0.147959,0.0489,0.476403,0.124338,0.075258,Bellevue_Bellevue_NE8th
5631,within,0.679742,0.148825,0.049614,0.613626,0.196748,0.071272,Bellevue_Bellevue_NE8th
5632,within,0.665697,0.154467,0.049882,0.701711,0.186563,0.076309,Bellevue_Bellevue_NE8th
5633,within,0.681102,0.152899,0.039563,0.721176,0.219345,0.046167,Bellevue_Bellevue_NE8th
5634,within,0.682295,0.147759,0.036654,0.721719,0.260082,0.048705,Bellevue_Bellevue_NE8th
5635,within,0.684475,0.149123,0.038707,0.727905,0.229801,0.078473,Bellevue_Bellevue_NE8th
5636,within,0.683441,0.144441,0.037713,0.741549,0.278457,0.064255,Bellevue_Bellevue_NE8th
5637,within,0.681503,0.137262,0.036566,0.690768,0.168032,0.183007,Bellevue_Bellevue_NE8th
5638,within,0.675036,0.141881,0.036903,0.582742,0.152437,0.152065,Bellevue_Bellevue_NE8th
5639,within,0.672002,0.153427,0.045333,0.571228,0.199743,0.104596,Bellevue_Bellevue_NE8th
5640,within,0.673106,0.147122,0.040047,0.557992,0.194083,0.064549,Bellevue_Bellevue_NE8th
5641,within,0.666174,0.145989,0.046427,0.558961,0.163847,0.061917,Bellevue_Bellevue_NE8th
5642,within,0.682557,0.14493,0.049659,0.5799,0.219292,0.082837,Bellevue_Bellevue_NE8th
5643,within,0.670703,0.151601,0.049084,0.572122,0.20591,0.067543,Bellevue_Bellevue_NE8th
5644,within,0.680903,0.150641,0.049897,0.531497,0.225447,0.082045,Bellevue_Bellevue_NE8th
5645,within,0.648963,0.157802,0.061621,0.64054,0.322093,0.089412,Bellevue_Bellevue_NE8th
5646,within,0.590069,0.169107,0.095149,0.696356,0.324691,0.086751,Bellevue_Bellevue_NE8th
5647,within,0.588031,0.16647,0.085113,0.65994,0.283524,0.090938,Bellevue_Bellevue_NE8th
5648,within,0.660712,0.138887,0.039469,0.641565,0.239844,0.028715,Bellevue_Bellevue_NE8th
5649,within,0.679982,0.146616,0.039047,0.557302,0.189888,0.015225,Bellevue_Bellevue_NE8th
5650,within,0.665837,0.151164,0.046917,0.601241,0.254987,0.028995,Bellevue_Bellevue_NE8th
5651,within,0.629953,0.148158,0.055244,0.55287,0.247309,0.043596,Bellevue_Bellevue_NE8th
5652,within,0.637547,0.15988,0.07126,0.566949,0.185772,0.05216,Bellevue_Bellevue_NE8th
5653,within,0.677095,0.148138,0.050841,0.518548,0.210664,0.048594,Bellevue_Bellevue_NE8th
5654,within,0.671962,0.152549,0.051476,0.500877,0.195265,0.035597,Bellevue_Bellevue_NE8th
5655,within,0.671293,0.149071,0.046972,0.653604,0.197398,0.087708,Bellevue_Bellevue_NE8th
5656,within,0.632786,0.167428,0.074985,0.675873,0.246036,0.063069,Bellevue_Bellevue_NE8th
5657,within,0.670096,0.153724,0.05327,0.686386,0.245167,0.094874,Bellevue_Bellevue_NE8th
5658,within,0.675619,0.140905,0.037868,0.673625,0.19876,0.074628,Bellevue_Bellevue_NE8th
5659,within,0.677044,0.138758,0.037039,0.6649,0.237974,0.016064,Bellevue_Bellevue_NE8th
5660,within,0.640307,0.163234,0.063426,0.709662,0.197715,0.028977,Bellevue_Bellevue_NE8th
5661,within,0.64959,0.151564,0.059004,0.644474,0.151225,0.05167,Bellevue_Bellevue_NE8th
5662,within,0.670491,0.150307,0.054159,0.606791,0.064588,0.050243,Bellevue_Bellevue_NE8th
5663,within,0.634705,0.154407,0.064568,0.573062,0.124705,0.061802,Bellevue_Bellevue_NE8th
5664,within,0.636017,0.172292,0.087846,0.646286,0.243119,0.021963,Bellevue_Bellevue_NE8th
5665,within,0.648621,0.158762,0.067338,0.656559,0.213998,0.042582,Bellevue_Bellevue_NE8th
5666,within,0.597228,0.170564,0.094123,0.500021,0.299287,0.014651,Bellevue_Bellevue_NE8th
5667,within,0.677975,0.156124,0.048122,0.553904,0.289613,0.040675,Bellevue_Bellevue_NE8th
5668,within,0.668922,0.14331,0.038459,0.61734,0.275055,0.031304,Bellevue_Bellevue_NE8th
5669,within,0.60937,0.173044,0.095857,0.55379,0.180418,0.050205,Bellevue_Bellevue_NE8th
5670,within,0.678388,0.146894,0.049706,0.675718,0.183387,0.085579,Bellevue_Bellevue_NE8th
5671,within,0.612123,0.167738,0.091729,0.676216,0.195774,0.034127,Bellevue_Bellevue_NE8th
5672,within,0.637782,0.157752,0.069457,0.629214,0.166753,0.04537,Bellevue_Bellevue_NE8th
5673,within,0.668342,0.153671,0.052892,0.750791,0.234021,0.015449,Bellevue_Bellevue_NE8th
5674,within,0.644856,0.154138,0.060489,0.718222,0.207244,0.076179,Bellevue_Bellevue_NE8th
5675,within,0.596094,0.169883,0.091629,0.619733,0.197814,0.106272,Bellevue_Bellevue_NE8th
5676,within,0.680516,0.147501,0.038767,0.67587,0.218302,0.160108,Bellevue_Bellevue_NE8th
5677,within,0.683198,0.134121,0.03917,0.7065,0.243025,0.091729,Bellevue_Bellevue_NE8th
5678,within,0.673221,0.150074,0.044738,0.577215,0.150637,0.167293,Bellevue_Bellevue_NE8th
5679,within,0.684196,0.144862,0.038888,0.531283,0.168359,0.127564,Bellevue_Bellevue_NE8th
5680,within,0.682722,0.151367,0.041648,0.535189,0.215015,0.085098,Bellevue_Bellevue_NE8th
5681,within,0.665061,0.137544,0.039976,0.734222,0.220275,0.060397,Bellevue_Bellevue_NE8th
5682,within,0.680429,0.144774,0.052203,0.662594,0.1067,0.051817,Bellevue_Bellevue_NE8th
5683,within,0.687094,0.147903,0.051801,0.762564,0.0864,0.089584,Bellevue_Bellevue_NE8th
5684,within,0.67856,0.146555,0.053774,0.658468,0.073386,0.089701,Bellevue_Bellevue_NE8th
5685,within,0.68066,0.155612,0.055697,0.589491,0.112494,0.023527,Bellevue_Bellevue_NE8th
5686,within,0.672328,0.15859,0.057358,0.632647,0.148145,0.048651,Bellevue_Bellevue_NE8th
5687,within,0.612654,0.169195,0.073947,0.580557,0.166922,0.076683,Bellevue_Bellevue_NE8th
5688,within,0.663256,0.154924,0.050127,0.620967,0.180015,0.086264,Bellevue_Bellevue_NE8th
5689,within,0.679368,0.149838,0.03979,0.703587,0.225448,0.114974,Bellevue_Bellevue_NE8th
5690,within,0.669501,0.150918,0.047082,0.664875,0.183099,0.108652,Bellevue_Bellevue_NE8th
5691,within,0.67977,0.14615,0.049839,0.767246,0.303943,0.073466,Bellevue_Bellevue_NE8th
5692,within,0.661178,0.152587,0.05814,0.760563,0.291129,0.079693,Bellevue_Bellevue_NE8th
5693,within,0.664228,0.149866,0.050789,0.665824,0.234813,0.06414,Bellevue_Bellevue_NE8th
5694,within,0.630038,0.175809,0.095705,0.678565,0.222041,0.105742,Bellevue_Bellevue_NE8th
5695,within,0.594276,0.170568,0.096417,0.599287,0.178993,0.078937,Bellevue_Bellevue_NE8th
5696,within,0.666065,0.149943,0.050526,0.460291,0.09112,0.059978,Bellevue_Bellevue_NE8th
5697,within,0.650126,0.157414,0.063054,0.53251,0.093956,0.084878,Bellevue_Bellevue_NE8th
5698,within,0.662331,0.132851,0.039234,0.722064,0.229711,0.052862,Bellevue_Bellevue_NE8th
5699,within,0.665055,0.149765,0.051523,0.683482,0.164208,0.07469,Bellevue_Bellevue_NE8th
5700,within,0.677594,0.148652,0.052183,0.759933,0.218907,0.092168,Bellevue_Bellevue_NE8th
5701,within,0.709908,0.14084,0.04524,0.769202,0.231095,0.097296,Bellevue_Bellevue_NE8th
5702,within,0.676501,0.146113,0.045262,0.701679,0.181327,0.08695,Bellevue_Bellevue_NE8th
5703,within,0.597183,0.167448,0.094511,0.712542,0.235418,0.105242,Bellevue_Bellevue_NE8th
5704,within,0.662635,0.150951,0.054814,0.703126,0.225926,0.099356,Bellevue_Bellevue_NE8th
5705,within,0.593386,0.169858,0.096661,0.622524,0.16133,0.121611,Bellevue_Bellevue_NE8th
5706,within,0.599354,0.168905,0.094261,0.55592,0.102715,0.120663,Bellevue_Bellevue_NE8th
5707,within,0.610063,0.170264,0.084348,0.650851,0.206576,0.115908,Bellevue_Bellevue_NE8th
5708,within,0.584078,0.167076,0.097125,0.625336,0.14359,0.108181,Bellevue_Bellevue_NE8th
5709,within,0.673654,0.150208,0.052196,0.758318,0.145673,0.098673,Bellevue_Bellevue_NE8th
5710,within,0.663196,0.153126,0.057302,0.739959,0.16329,0.081498,Bellevue_Bellevue_NE8th
5711,within,0.670519,0.148623,0.04678,0.699417,0.161724,0.081428,Bellevue_Bellevue_NE8th
5712,within,0.600177,0.168754,0.094879,0.798969,0.227699,0.150389,Bellevue_Bellevue_NE8th
5713,within,0.632351,0.166634,0.089191,0.817751,0.197367,0.156808,Bellevue_Bellevue_NE8th
5714,within,0.690112,0.131403,0.041248,0.71066,0.192494,0.179655,Bellevue_Bellevue_NE8th
5715,within,0.674088,0.138937,0.041158,0.677322,0.207882,0.164716,Bellevue_Bellevue_NE8th
5716,within,0.670804,0.153622,0.046211,0.789702,0.285912,0.14078,Bellevue_Bellevue_NE8th
5717,within,0.697998,0.141123,0.043815,0.519717,0.110027,0.042531,Bellevue_Bellevue_NE8th
5718,within,0.685638,0.145585,0.051248,0.58866,0.134174,0.078498,Bellevue_Bellevue_NE8th
5719,within,0.676297,0.148842,0.053903,0.738891,0.268313,0.04226,Bellevue_Bellevue_NE8th
5720,within,0.659188,0.146118,0.053755,0.578638,0.216466,0.045316,Bellevue_Bellevue_NE8th
5721,within,0.640683,0.176727,0.096819,0.536213,0.145574,0.114341,Bellevue_Bellevue_NE8th
5722,within,0.602107,0.172894,0.096661,0.622341,0.160922,0.16009,Bellevue_Bellevue_NE8th
5723,within,0.571718,0.158166,0.091601,0.556622,0.151054,0.14949,Bellevue_Bellevue_NE8th
5724,within,0.673799,0.155499,0.047465,0.644564,0.123019,0.166016,Bellevue_Bellevue_NE8th
5725,within,0.683798,0.130975,0.04056,0.617443,0.173739,0.104947,Bellevue_Bellevue_NE8th
5726,within,0.600611,0.17083,0.092151,0.616687,0.168376,0.13499,Bellevue_Bellevue_NE8th
5727,within,0.674878,0.156915,0.051626,0.675865,0.204737,0.128364,Bellevue_Bellevue_NE8th
5728,within,0.670124,0.138909,0.037519,0.648451,0.149631,0.132656,Bellevue_Bellevue_NE8th
5729,within,0.66144,0.137327,0.037777,0.687313,0.119944,0.210786,Bellevue_Bellevue_NE8th
5730,within,0.677582,0.142798,0.037887,0.695884,0.110815,0.206661,Bellevue_Bellevue_NE8th
5731,within,0.682879,0.13905,0.037358,0.693956,0.104188,0.228942,Bellevue_Bellevue_NE8th
5732,within,0.667473,0.134982,0.036728,0.607541,0.122722,0.209582,Bellevue_Bellevue_NE8th
5733,within,0.676311,0.145741,0.037867,0.643818,0.154202,0.208822,Bellevue_Bellevue_NE8th
5734,within,0.672968,0.147294,0.038379,0.6274,0.187394,0.131099,Bellevue_Bellevue_NE8th
5735,within,0.667352,0.145529,0.04337,0.690764,0.22887,0.100701,Bellevue_Bellevue_NE8th
5736,within,0.680077,0.143803,0.050699,0.543462,0.112754,0.09856,Bellevue_Bellevue_NE8th
5737,within,0.684286,0.1445,0.050019,0.60162,0.142371,0.110852,Bellevue_Bellevue_NE8th
5738,within,0.67676,0.150174,0.050986,0.607178,0.082362,0.119131,Bellevue_Bellevue_NE8th
5739,within,0.680542,0.152945,0.052388,0.625757,0.160774,0.068382,Bellevue_Bellevue_NE8th
5740,within,0.681714,0.148348,0.052621,0.574695,0.073746,0.113441,Bellevue_Bellevue_NE8th
5741,within,0.659976,0.149602,0.047905,0.541441,0.161567,0.113028,Bellevue_Bellevue_NE8th
5742,within,0.669921,0.155128,0.048158,0.580468,0.177936,0.135716,Bellevue_Bellevue_NE8th
5743,within,0.627722,0.166796,0.068289,0.63416,0.269769,0.083094,Bellevue_Bellevue_NE8th
5744,within,0.661534,0.151367,0.048456,0.502132,0.15055,0.091905,Bellevue_Bellevue_NE8th
5745,within,0.681624,0.148502,0.048194,0.559824,0.206204,0.037399,Bellevue_Bellevue_NE8th
5746,within,0.665305,0.153296,0.054003,0.604292,0.187782,0.056471,Bellevue_Bellevue_NE8th
5747,within,0.668984,0.148059,0.046376,0.645138,0.226063,0.024116,Bellevue_Bellevue_NE8th
5748,within,0.661542,0.153056,0.053128,0.606154,0.21536,0.026542,Bellevue_Bellevue_NE8th
5749,within,0.678446,0.152859,0.04468,0.612737,0.20449,0.027726,Bellevue_Bellevue_NE8th
5750,within,0.700193,0.141583,0.03966,0.72309,0.317345,0.052233,Bellevue_Bellevue_NE8th
5751,within,0.704583,0.145422,0.040693,0.72436,0.251981,0.080328,Bellevue_Bellevue_NE8th
5752,within,0.691488,0.145709,0.039546,0.718809,0.159367,0.111446,Bellevue_Bellevue_NE8th
5753,within,0.678675,0.149425,0.048561,0.673642,0.090726,0.106967,Bellevue_Bellevue_NE8th
5754,within,0.685755,0.149806,0.050699,0.753206,0.060852,0.114054,Bellevue_Bellevue_NE8th
5755,within,0.69596,0.135548,0.043301,0.622159,0.090236,0.084671,Bellevue_Bellevue_NE8th
5756,within,0.677055,0.151315,0.047443,0.743438,0.134057,0.186186,Bellevue_Bellevue_NE8th
5757,within,0.684877,0.149747,0.050684,0.769437,0.155488,0.18912,Bellevue_Bellevue_NE8th
5758,within,0.674561,0.153356,0.049349,0.784146,0.234,0.239872,Bellevue_Bellevue_NE8th
5759,within,0.683702,0.146967,0.038601,0.655517,0.215813,0.122591,Bellevue_Bellevue_NE8th
5760,within,0.69379,0.150931,0.040005,0.747946,0.250436,0.118025,Bellevue_Bellevue_NE8th
5761,within,0.695314,0.142481,0.039404,0.810216,0.301338,0.089802,Bellevue_Bellevue_NE8th
5762,within,0.665949,0.148214,0.048211,0.65483,0.177758,0.100005,Bellevue_Bellevue_NE8th
5763,within,0.68688,0.146376,0.050849,0.773688,0.245843,0.078961,Bellevue_Bellevue_NE8th
5764,within,0.673181,0.151401,0.053137,0.655857,0.169203,0.070834,Bellevue_Bellevue_NE8th
5765,within,0.64208,0.17747,0.096782,0.696691,0.205436,0.103667,Bellevue_Bellevue_NE8th
5766,within,0.63025,0.176661,0.097835,0.721251,0.169088,0.106139,Bellevue_Bellevue_NE8th
5767,within,0.607634,0.171551,0.091991,0.645043,0.14038,0.098894,Bellevue_Bellevue_NE8th
5768,within,0.674006,0.150444,0.043224,0.611387,0.116847,0.099555,Bellevue_Bellevue_NE8th
5769,within,0.608661,0.167081,0.082385,0.579473,0.154018,0.121869,Bellevue_Bellevue_NE8th
5770,within,0.614198,0.169162,0.084061,0.68571,0.307206,0.084218,Bellevue_Bellevue_NE8th
5771,within,0.63831,0.164239,0.073064,0.676742,0.139385,0.166611,Bellevue_Bellevue_NE8th
5772,within,0.674185,0.147667,0.05409,0.620004,0.118146,0.114659,Bellevue_Bellevue_NE8th
5773,within,0.641647,0.172759,0.091172,0.704051,0.160609,0.081542,Bellevue_Bellevue_NE8th
5774,within,0.603334,0.168864,0.093602,0.670514,0.133024,0.080646,Bellevue_Bellevue_NE8th
5775,within,0.624788,0.175081,0.09522,0.63912,0.183204,0.059221,Bellevue_Bellevue_NE8th
5776,within,0.672697,0.15456,0.051563,0.705909,0.130417,0.140145,Bellevue_Bellevue_NE8th
5777,within,0.670975,0.133303,0.036834,0.606718,0.163115,0.110431,Bellevue_Bellevue_NE8th
5778,within,0.677455,0.149386,0.039488,0.649852,0.17509,0.12764,Bellevue_Bellevue_NE8th
5779,within,0.685859,0.147075,0.038989,0.69569,0.210545,0.084197,Bellevue_Bellevue_NE8th
5780,within,0.652857,0.155061,0.051867,0.54496,0.081548,0.110429,Bellevue_Bellevue_NE8th
5781,within,0.682871,0.146821,0.050149,0.64512,0.112344,0.064049,Bellevue_Bellevue_NE8th
5782,within,0.672995,0.148876,0.051338,0.696022,0.15598,0.035712,Bellevue_Bellevue_NE8th
5783,within,0.660614,0.151806,0.04997,0.691059,0.187393,0.043859,Bellevue_Bellevue_NE8th
5784,within,0.601641,0.172639,0.097999,0.724574,0.231793,0.044908,Bellevue_Bellevue_NE8th
5785,within,0.613699,0.17165,0.094212,0.726941,0.204036,0.136282,Bellevue_Bellevue_NE8th
5786,within,0.631992,0.159071,0.066069,0.777242,0.195307,0.277579,Bellevue_Bellevue_NE8th
5787,within,0.665075,0.136799,0.038611,0.727245,0.305126,0.157766,Bellevue_Bellevue_NE8th
5788,within,0.630223,0.161352,0.073565,0.687182,0.384708,0.021928,Bellevue_Bellevue_NE8th
5789,within,0.640775,0.157749,0.068493,0.555761,0.282738,0.024546,Bellevue_Bellevue_NE8th
5790,within,0.683124,0.150018,0.05232,0.559364,0.292615,0.032871,Bellevue_Bellevue_NE8th
5791,within,0.662258,0.154638,0.060599,0.529894,0.231247,0.055609,Bellevue_Bellevue_NE8th
5792,within,0.616597,0.174314,0.09497,0.550299,0.158908,0.141474,Bellevue_Bellevue_NE8th
5793,within,0.604907,0.168953,0.095284,0.627096,0.214173,0.108522,Bellevue_Bellevue_NE8th
5794,within,0.654221,0.157556,0.062616,0.63146,0.193797,0.12084,Bellevue_Bellevue_NE8th
5795,within,0.65095,0.157065,0.059146,0.701088,0.233776,0.140855,Bellevue_Bellevue_NE8th
5796,within,0.688245,0.146131,0.040595,0.763678,0.271323,0.137357,Bellevue_Bellevue_NE8th
5797,within,0.590184,0.164554,0.09311,0.631153,0.189337,0.174357,Bellevue_Bellevue_NE8th
5798,within,0.675742,0.149845,0.050918,0.684737,0.226909,0.198021,Bellevue_Bellevue_NE8th
5799,within,0.60627,0.174443,0.098866,0.675834,0.171007,0.151157,Bellevue_Bellevue_NE8th
5800,within,0.608161,0.16711,0.092953,0.669209,0.162561,0.115486,Bellevue_Bellevue_NE8th
5801,within,0.651157,0.152767,0.063826,0.726418,0.23513,0.180157,Bellevue_Bellevue_NE8th
5802,within,0.644972,0.167316,0.067189,0.665662,0.180074,0.190553,Bellevue_Bellevue_NE8th
5803,within,0.589939,0.169541,0.096129,0.637437,0.239737,0.108534,Bellevue_Bellevue_NE8th
5804,within,0.584373,0.165459,0.095211,0.698875,0.344568,0.06629,Bellevue_Bellevue_NE8th
5805,within,0.592907,0.168161,0.094647,0.62805,0.189121,0.132011,Bellevue_Bellevue_NE8th
5806,within,0.595513,0.167481,0.096093,0.578139,0.190275,0.090204,Bellevue_Bellevue_NE8th
5807,within,0.612458,0.168043,0.091122,0.44055,0.136001,0.073088,Bellevue_Bellevue_NE8th
5808,within,0.673899,0.150017,0.052751,0.470518,0.166624,0.086304,Bellevue_Bellevue_NE8th
5809,within,0.665357,0.148623,0.050034,0.457687,0.116781,0.129977,Bellevue_Bellevue_NE8th
5810,within,0.633346,0.176253,0.084411,0.605492,0.180406,0.120503,Bellevue_Bellevue_NE8th
5811,within,0.627094,0.17768,0.096386,0.706945,0.173266,0.156301,Bellevue_Bellevue_NE8th
5812,within,0.590978,0.161011,0.079744,0.679694,0.20007,0.127797,Bellevue_Bellevue_NE8th
5813,within,0.659663,0.150303,0.050669,0.741086,0.269103,0.159812,Bellevue_Bellevue_NE8th
5814,within,0.65042,0.156878,0.059361,0.698051,0.22206,0.113286,Bellevue_Bellevue_NE8th
5815,within,0.666078,0.149166,0.047089,0.750555,0.235798,0.087018,Bellevue_Bellevue_NE8th
5816,within,0.618076,0.161024,0.083071,0.642761,0.117676,0.118643,Bellevue_Bellevue_NE8th
5817,within,0.681547,0.144806,0.051534,0.7148,0.084746,0.20242,Bellevue_Bellevue_NE8th
5818,within,0.67303,0.149066,0.054015,0.728823,0.096409,0.223076,Bellevue_Bellevue_NE8th
5819,within,0.610753,0.166118,0.088,0.6272,0.1117,0.130977,Bellevue_Bellevue_NE8th
5820,within,0.613984,0.173965,0.098063,0.582605,0.111613,0.176077,Bellevue_Bellevue_NE8th
5821,within,0.665797,0.15858,0.072087,0.600468,0.119197,0.219923,Bellevue_Bellevue_NE8th
5822,within,0.662908,0.150401,0.052353,0.607879,0.161009,0.210798,Bellevue_Bellevue_NE8th
5823,within,0.643315,0.162117,0.063886,0.707003,0.259397,0.113866,Bellevue_Bellevue_NE8th
5824,within,0.61192,0.171672,0.092736,0.78062,0.24185,0.024088,Bellevue_Bellevue_NE8th
5825,within,0.592126,0.163041,0.09184,0.5687,0.097092,0.037552,Bellevue_Bellevue_NE8th
5826,within,0.68745,0.146021,0.05016,0.549295,0.066574,0.10454,Bellevue_Bellevue_NE8th
5827,within,0.679727,0.151538,0.050502,0.54389,0.069074,0.037146,Bellevue_Bellevue_NE8th
5828,within,0.666937,0.14751,0.045442,0.530563,0.106579,0.051651,Bellevue_Bellevue_NE8th
5829,within,0.625032,0.161049,0.085336,0.474261,0.05921,0.05649,Bellevue_Bellevue_NE8th
5830,within,0.622456,0.161779,0.079358,0.551898,0.080107,0.151006,Bellevue_Bellevue_NE8th
5831,within,0.655126,0.152947,0.059037,0.517133,0.108482,0.205208,Bellevue_Bellevue_NE8th
5832,within,0.658614,0.149457,0.052935,0.608364,0.208779,0.054448,Bellevue_Bellevue_NE8th
5833,within,0.600425,0.169621,0.095182,0.711378,0.115032,0.123645,Bellevue_Bellevue_NE8th
5834,within,0.604383,0.164247,0.092021,0.63524,0.142175,0.058591,Bellevue_Bellevue_NE8th
5835,within,0.683978,0.144361,0.051149,0.648,0.087969,0.114552,Bellevue_Bellevue_NE8th
5836,within,0.601162,0.166991,0.092798,0.645806,0.143568,0.099881,Bellevue_Bellevue_NE8th
5837,within,0.5969,0.170422,0.096303,0.630871,0.100952,0.132276,Bellevue_Bellevue_NE8th
5838,within,0.635684,0.161807,0.083308,0.617992,0.091348,0.170577,Bellevue_Bellevue_NE8th
5839,within,0.657132,0.153954,0.05853,0.654579,0.069311,0.200886,Bellevue_Bellevue_NE8th
5840,within,0.657519,0.134555,0.042293,0.54405,0.118717,0.129554,Bellevue_Bellevue_NE8th
5841,within,0.628643,0.159942,0.07268,0.568338,0.133568,0.142348,Bellevue_Bellevue_NE8th
5842,within,0.618755,0.164037,0.072758,0.656461,0.22951,0.121832,Bellevue_Bellevue_NE8th
5843,within,0.629239,0.159449,0.080096,0.611081,0.169752,0.04649,Bellevue_Bellevue_NE8th
5844,within,0.682922,0.145872,0.053345,0.540191,0.014342,0.089078,Bellevue_Bellevue_NE8th
5845,within,0.58711,0.166822,0.09883,0.519376,0.04766,0.064518,Bellevue_Bellevue_NE8th
5846,within,0.630425,0.170063,0.076948,0.595224,0.134044,0.045924,Bellevue_Bellevue_NE8th
5847,within,0.641752,0.176774,0.095499,0.550836,0.12261,0.014724,Bellevue_Bellevue_NE8th
5848,within,0.659221,0.155948,0.055179,0.640318,0.122666,0.085217,Bellevue_Bellevue_NE8th
5849,within,0.677511,0.15235,0.042617,0.61511,0.129741,0.165498,Bellevue_Bellevue_NE8th
5850,within,0.6743,0.148898,0.042681,0.747651,0.207207,0.205159,Bellevue_Bellevue_NE8th
5851,within,0.613205,0.168343,0.075944,0.633432,0.188322,0.064971,Bellevue_Bellevue_NE8th
5852,within,0.634067,0.163635,0.067481,0.629695,0.180128,0.03525,Bellevue_Bellevue_NE8th
5853,within,0.671836,0.142439,0.048736,0.703279,0.147695,0.028612,Bellevue_Bellevue_NE8th
5854,within,0.664665,0.150152,0.055145,0.739131,0.13504,0.020854,Bellevue_Bellevue_NE8th
5855,within,0.613229,0.155053,0.079398,0.628574,0.142336,0.057676,Bellevue_Bellevue_NE8th
5856,within,0.678108,0.153817,0.051747,0.630912,0.183854,0.030933,Bellevue_Bellevue_NE8th
5857,within,0.673818,0.15239,0.049617,0.712401,0.133287,0.146338,Bellevue_Bellevue_NE8th
5858,within,0.650372,0.15577,0.055357,0.623889,0.155474,0.062423,Bellevue_Bellevue_NE8th
5859,within,0.668184,0.152126,0.045151,0.749607,0.208699,0.07803,Bellevue_Bellevue_NE8th
5860,within,0.665237,0.141518,0.041483,0.764636,0.196783,0.100464,Bellevue_Bellevue_NE8th
5861,within,0.664805,0.150323,0.047585,0.648961,0.100176,0.082583,Bellevue_Bellevue_NE8th
5862,within,0.675975,0.145722,0.05099,0.5827,0.041118,0.107769,Bellevue_Bellevue_NE8th
5863,within,0.671258,0.148776,0.054117,0.583057,0.064768,0.084762,Bellevue_Bellevue_NE8th
5864,within,0.629933,0.164369,0.075985,0.59066,0.127911,0.057009,Bellevue_Bellevue_NE8th
5865,within,0.677252,0.156437,0.049041,0.693182,0.189239,0.045762,Bellevue_Bellevue_NE8th
5866,within,0.676093,0.151977,0.04531,0.673695,0.205118,0.047686,Bellevue_Bellevue_NE8th
5867,within,0.687576,0.14549,0.040498,0.60169,0.169008,0.079624,Bellevue_Bellevue_NE8th
5868,within,0.66936,0.148085,0.044398,0.612101,0.185795,0.082597,Bellevue_Bellevue_NE8th
5869,within,0.600071,0.170919,0.093078,0.674577,0.237089,0.05374,Bellevue_Bellevue_NE8th
5870,within,0.664676,0.152568,0.052643,0.691756,0.142245,0.140768,Bellevue_Bellevue_NE8th
5871,within,0.637657,0.159214,0.079893,0.604589,0.111972,0.089652,Bellevue_Bellevue_NE8th
5872,within,0.689408,0.146951,0.052212,0.691405,0.112999,0.189031,Bellevue_Bellevue_NE8th
5873,within,0.611948,0.166898,0.085533,0.635117,0.108067,0.153678,Bellevue_Bellevue_NE8th
5874,within,0.587307,0.164934,0.095621,0.553209,0.133907,0.148449,Bellevue_Bellevue_NE8th
5875,within,0.672823,0.150252,0.043067,0.644548,0.150013,0.169442,Bellevue_Bellevue_NE8th
5876,within,0.671456,0.133124,0.038728,0.617001,0.206494,0.149583,Bellevue_Bellevue_NE8th
5877,within,0.654268,0.15099,0.052679,0.593548,0.173953,0.154414,Bellevue_Bellevue_NE8th
5878,within,0.665779,0.131345,0.039489,0.583848,0.203536,0.105157,Bellevue_Bellevue_NE8th
5879,within,0.605768,0.163556,0.087035,0.600111,0.147613,0.135664,Bellevue_Bellevue_NE8th
5880,within,0.660224,0.152348,0.057609,0.790859,0.184445,0.171138,Bellevue_Bellevue_NE8th
5881,within,0.577461,0.161248,0.096325,0.691244,0.133013,0.111759,Bellevue_Bellevue_NE8th
5882,within,0.586956,0.165946,0.096726,0.644246,0.136054,0.104786,Bellevue_Bellevue_NE8th
5883,within,0.639686,0.180507,0.102659,0.649249,0.09383,0.20655,Bellevue_Bellevue_NE8th
5884,within,0.583173,0.167282,0.094949,0.614927,0.082633,0.175529,Bellevue_Bellevue_NE8th
5885,within,0.661516,0.134595,0.039986,0.56509,0.091707,0.137071,Bellevue_Bellevue_NE8th
5886,within,0.67143,0.152836,0.045858,0.676292,0.097976,0.14129,Bellevue_Bellevue_NE8th
5887,within,0.608557,0.173256,0.095461,0.671788,0.108459,0.099619,Bellevue_Bellevue_NE8th
5888,within,0.614948,0.169388,0.095205,0.665732,0.100674,0.19449,Bellevue_Bellevue_NE8th
5889,within,0.633432,0.169638,0.095603,0.685142,0.099817,0.187034,Bellevue_Bellevue_NE8th
5890,within,0.607594,0.171297,0.096616,0.618371,0.132232,0.119134,Bellevue_Bellevue_NE8th
5891,within,0.610642,0.172899,0.097163,0.598641,0.148953,0.088116,Bellevue_Bellevue_NE8th
5892,within,0.67773,0.147481,0.054414,0.644992,0.101036,0.117613,Bellevue_Bellevue_NE8th
5893,within,0.637158,0.16491,0.083694,0.567189,0.163104,0.10353,Bellevue_Bellevue_NE8th
5894,within,0.60532,0.167439,0.091522,0.566448,0.074096,0.166116,Bellevue_Bellevue_NE8th
5895,within,0.62642,0.164247,0.07165,0.60745,0.120702,0.093081,Bellevue_Bellevue_NE8th
5896,within,0.604781,0.169167,0.095112,0.664259,0.11228,0.139835,Bellevue_Bellevue_NE8th
5897,within,0.636443,0.174123,0.095606,0.684127,0.137592,0.174398,Bellevue_Bellevue_NE8th
5898,within,0.594234,0.169154,0.099036,0.738945,0.126998,0.213204,Bellevue_Bellevue_NE8th
5899,within,0.601447,0.169319,0.09554,0.696741,0.107327,0.171635,Bellevue_Bellevue_NE8th
5900,within,0.609001,0.17039,0.095926,0.742567,0.097715,0.202123,Bellevue_Bellevue_NE8th
5901,within,0.610112,0.176596,0.099406,0.683504,0.091716,0.182253,Bellevue_Bellevue_NE8th
5902,within,0.635301,0.156899,0.065159,0.645526,0.144626,0.127417,Bellevue_Bellevue_NE8th
5903,within,0.627523,0.175846,0.099135,0.748542,0.3556,0.149145,Bellevue_Bellevue_NE8th
5904,within,0.60323,0.171727,0.098411,0.839678,0.281436,0.295413,Bellevue_Bellevue_NE8th
5905,within,0.571634,0.154139,0.092374,0.821185,0.266711,0.226985,Bellevue_Bellevue_NE8th
5906,within,0.579149,0.160388,0.096266,0.8694,0.402245,0.232247,Bellevue_Bellevue_NE8th
5907,within,0.587175,0.166439,0.097727,0.767757,0.281001,0.123314,Bellevue_Bellevue_NE8th
5908,within,0.611312,0.170275,0.097836,0.675761,0.211881,0.128008,Bellevue_Bellevue_NE8th
5909,within,0.635925,0.167205,0.092838,0.794552,0.233342,0.122823,Bellevue_Bellevue_NE8th
5910,within,0.614094,0.166398,0.089076,0.634831,0.155431,0.103751,Bellevue_Bellevue_NE8th
5911,within,0.626264,0.179043,0.097244,0.583454,0.211838,0.08007,Bellevue_Bellevue_NE8th
5912,within,0.616691,0.175402,0.093241,0.602459,0.231129,0.061464,Bellevue_Bellevue_NE8th
5913,within,0.660574,0.155107,0.048887,0.505078,0.125672,0.136012,Bellevue_Bellevue_NE8th
5914,within,0.612772,0.172956,0.086679,0.59003,0.137159,0.118238,Bellevue_Bellevue_NE8th
5915,within,0.592031,0.163442,0.091106,0.619177,0.190543,0.056543,Bellevue_Bellevue_NE8th
5916,within,0.597107,0.167286,0.096787,0.632077,0.21113,0.047662,Bellevue_Bellevue_NE8th
5917,within,0.640202,0.177796,0.099433,0.641241,0.170357,0.103964,Bellevue_Bellevue_NE8th
5918,within,0.618261,0.166583,0.092491,0.793405,0.248773,0.049586,Bellevue_Bellevue_NE8th
5919,within,0.58086,0.160927,0.093148,0.664652,0.127631,0.096571,Bellevue_Bellevue_NE8th
5920,within,0.616227,0.170272,0.095613,0.661122,0.153407,0.155403,Bellevue_Bellevue_NE8th
5921,within,0.613496,0.17576,0.101198,0.66488,0.118495,0.171439,Bellevue_Bellevue_NE8th
5922,within,0.570382,0.157633,0.0934,0.668278,0.115257,0.163031,Bellevue_Bellevue_NE8th
5923,within,0.593585,0.166412,0.095188,0.595528,0.119016,0.133099,Bellevue_Bellevue_NE8th
5924,within,0.596739,0.168298,0.094007,0.562152,0.097762,0.107725,Bellevue_Bellevue_NE8th
5925,within,0.597723,0.17267,0.096221,0.663028,0.196663,0.118972,Bellevue_Bellevue_NE8th
5926,within,0.610089,0.171409,0.093116,0.654863,0.230054,0.115906,Bellevue_Bellevue_NE8th
5927,within,0.609321,0.170375,0.094429,0.522242,0.130086,0.114544,Bellevue_Bellevue_NE8th
5928,within,0.671124,0.1517,0.051466,0.584585,0.205237,0.096981,Bellevue_Bellevue_NE8th
5929,within,0.657068,0.16283,0.06411,0.570629,0.217017,0.059107,Bellevue_Bellevue_NE8th
5930,within,0.609928,0.171248,0.094751,0.607599,0.242958,0.06778,Bellevue_Bellevue_NE8th
5931,within,0.590958,0.166472,0.093272,0.576409,0.093927,0.128637,Bellevue_Bellevue_NE8th
5932,within,0.614764,0.171048,0.082675,0.565623,0.08663,0.163722,Bellevue_Bellevue_NE8th
5933,within,0.560214,0.154077,0.093901,0.624493,0.138774,0.127021,Bellevue_Bellevue_NE8th
5934,within,0.582345,0.163776,0.093496,0.553326,0.193157,0.060117,Bellevue_Bellevue_NE8th
5935,within,0.598584,0.170596,0.095664,0.601247,0.200168,0.085953,Bellevue_Bellevue_NE8th
5936,within,0.604938,0.17092,0.093993,0.70861,0.221905,0.096361,Bellevue_Bellevue_NE8th
5937,within,0.656645,0.143633,0.047412,0.555411,0.148477,0.062743,Bellevue_Bellevue_NE8th
5938,within,0.687313,0.146639,0.055008,0.735333,0.233647,0.143909,Bellevue_Bellevue_NE8th
5939,within,0.614266,0.163502,0.088211,0.655498,0.138337,0.113461,Bellevue_Bellevue_NE8th
5940,within,0.603523,0.172168,0.096699,0.626066,0.135914,0.120426,Bellevue_Bellevue_NE8th
5941,within,0.618031,0.16418,0.08783,0.735958,0.095804,0.23146,Bellevue_Bellevue_NE8th
5942,within,0.609913,0.164187,0.0793,0.741714,0.105657,0.171162,Bellevue_Bellevue_NE8th
5943,within,0.590176,0.154394,0.084839,0.626185,0.126258,0.15996,Bellevue_Bellevue_NE8th
5944,within,0.650603,0.153424,0.058152,0.592996,0.185235,0.100046,Bellevue_Bellevue_NE8th
5945,within,0.607772,0.174926,0.097321,0.63062,0.181976,0.124423,Bellevue_Bellevue_NE8th
5946,within,0.597688,0.169691,0.095581,0.664657,0.102577,0.109661,Bellevue_Bellevue_NE8th
5947,within,0.58959,0.169124,0.097934,0.688367,0.180239,0.090583,Bellevue_Bellevue_NE8th
5948,within,0.625014,0.172776,0.096683,0.673889,0.130724,0.074826,Bellevue_Bellevue_NE8th
5949,within,0.640912,0.173429,0.095066,0.760246,0.180641,0.076419,Bellevue_Bellevue_NE8th
5950,within,0.617409,0.171318,0.093051,0.618012,0.063219,0.053338,Bellevue_Bellevue_NE8th
5951,within,0.677178,0.162238,0.052512,0.697938,0.117651,0.083025,Bellevue_Bellevue_NE8th
5952,within,0.605065,0.171271,0.096579,0.724724,0.119403,0.115244,Bellevue_Bellevue_NE8th
5953,within,0.608301,0.168689,0.092042,0.565367,0.154237,0.033047,Bellevue_Bellevue_NE8th
5954,within,0.619973,0.176333,0.096614,0.648564,0.132664,0.150476,Bellevue_Bellevue_NE8th
5955,within,0.596814,0.171849,0.097781,0.719427,0.170726,0.174359,Bellevue_Bellevue_NE8th
5956,within,0.591066,0.167726,0.095889,0.63019,0.164473,0.129434,Bellevue_Bellevue_NE8th
5957,within,0.632038,0.166074,0.08703,0.707318,0.258743,0.13731,Bellevue_Bellevue_NE8th
5958,within,0.609873,0.173824,0.09982,0.707777,0.220688,0.138142,Bellevue_Bellevue_NE8th
5959,within,0.584844,0.163067,0.096396,0.577898,0.152681,0.142281,Bellevue_Bellevue_NE8th
5960,within,0.602356,0.170754,0.098205,0.655148,0.157279,0.152499,Bellevue_Bellevue_NE8th
5961,within,0.612549,0.173158,0.102846,0.669876,0.137044,0.208269,Bellevue_Bellevue_NE8th
5962,within,0.585024,0.166526,0.097459,0.676284,0.130186,0.194559,Bellevue_Bellevue_NE8th
5963,within,0.568104,0.158312,0.094924,0.594017,0.156456,0.183706,Bellevue_Bellevue_NE8th
5964,within,0.591804,0.168741,0.099923,0.569976,0.116293,0.171778,Bellevue_Bellevue_NE8th
5965,within,0.592424,0.171128,0.098859,0.664261,0.232297,0.183482,Bellevue_Bellevue_NE8th
5966,within,0.590875,0.167303,0.098542,0.665644,0.205922,0.170038,Bellevue_Bellevue_NE8th
5967,within,0.584489,0.163656,0.096613,0.624422,0.152489,0.145931,Bellevue_Bellevue_NE8th
5968,within,0.615625,0.173452,0.103975,0.572749,0.114751,0.084659,Bellevue_Bellevue_NE8th
5969,within,0.600692,0.1683,0.097183,0.56638,0.118022,0.066823,Bellevue_Bellevue_NE8th
5970,within,0.60538,0.171235,0.094919,0.627307,0.164461,0.083098,Bellevue_Bellevue_NE8th
5971,within,0.582007,0.164387,0.095253,0.627381,0.149822,0.07649,Bellevue_Bellevue_NE8th
5972,within,0.597116,0.169601,0.098276,0.635382,0.124746,0.145445,Bellevue_Bellevue_NE8th
5973,within,0.570041,0.159948,0.095408,0.578696,0.150999,0.128292,Bellevue_Bellevue_NE8th
5974,within,0.586531,0.167573,0.097314,0.601056,0.153307,0.16908,Bellevue_Bellevue_NE8th
5975,within,0.594019,0.172973,0.098161,0.644277,0.102845,0.24096,Bellevue_Bellevue_NE8th
5976,within,0.582568,0.166268,0.096616,0.671698,0.181247,0.162485,Bellevue_Bellevue_NE8th
5977,within,0.579502,0.163933,0.095135,0.592,0.146426,0.142258,Bellevue_Bellevue_NE8th
5978,within,0.622981,0.171552,0.098532,0.658151,0.091131,0.188912,Bellevue_Bellevue_NE8th
5979,within,0.60777,0.174842,0.100555,0.596238,0.172721,0.076226,Bellevue_Bellevue_NE8th
5980,within,0.583861,0.167191,0.097498,0.653874,0.252191,0.084571,Bellevue_Bellevue_NE8th
5981,within,0.585657,0.168932,0.097158,0.695409,0.25806,0.101999,Bellevue_Bellevue_NE8th
5982,within,0.562672,0.158125,0.093736,0.620171,0.171988,0.14778,Bellevue_Bellevue_NE8th
5983,within,0.587697,0.167821,0.097385,0.612349,0.163152,0.128,Bellevue_Bellevue_NE8th
5984,within,0.571704,0.159724,0.09544,0.603892,0.179693,0.10508,Bellevue_Bellevue_NE8th
5985,within,0.591315,0.167216,0.096306,0.621778,0.168222,0.128271,Bellevue_Bellevue_NE8th
5986,within,0.587112,0.16651,0.094825,0.698014,0.320115,0.026478,Bellevue_Bellevue_NE8th
5987,within,0.59726,0.171504,0.10046,0.575234,0.257698,0.082272,Bellevue_Bellevue_NE8th
5988,within,0.643633,0.176798,0.100594,0.649531,0.196097,0.10868,Bellevue_Bellevue_NE8th
5989,within,0.629259,0.16353,0.087301,0.655132,0.202645,0.085096,Bellevue_Bellevue_NE8th
5990,within,0.589935,0.166984,0.097344,0.576105,0.113426,0.107017,Bellevue_Bellevue_NE8th
5991,within,0.591219,0.168756,0.095079,0.563977,0.14812,0.106898,Bellevue_Bellevue_NE8th
5992,within,0.609386,0.174796,0.099208,0.703245,0.082327,0.233226,Bellevue_Bellevue_NE8th
5993,within,0.561681,0.157508,0.094622,0.688945,0.185204,0.135329,Bellevue_Bellevue_NE8th
5994,within,0.573286,0.161808,0.095145,0.731891,0.216764,0.180038,Bellevue_Bellevue_NE8th
5995,within,0.567447,0.158543,0.093143,0.783315,0.203021,0.270079,Bellevue_Bellevue_NE8th
5996,within,0.58193,0.164037,0.094449,0.740493,0.215335,0.162295,Bellevue_Bellevue_NE8th
5997,within,0.592853,0.169559,0.098806,0.567388,0.131251,0.102194,Bellevue_Bellevue_NE8th
5998,within,0.664636,0.158524,0.078167,0.635242,0.152431,0.091565,Bellevue_Bellevue_NE8th
5999,within,0.652447,0.16911,0.090035,0.735849,0.186719,0.128538,Bellevue_Bellevue_NE8th
6000,within,0.579938,0.163202,0.096368,0.660487,0.218085,0.075175,Bellevue_Bellevue_NE8th
6001,within,0.587707,0.165536,0.097505,0.670601,0.18882,0.102278,Bellevue_Bellevue_NE8th
6002,within,0.604767,0.174935,0.103127,0.757377,0.169248,0.146487,Bellevue_Bellevue_NE8th
6003,within,0.560474,0.152813,0.096996,0.626967,0.252761,0.078434,Bellevue_Bellevue_NE8th
6004,within,0.583755,0.164539,0.096835,0.725521,0.29891,0.094819,Bellevue_Bellevue_NE8th
6005,within,0.594689,0.169771,0.099689,0.778722,0.34774,0.056485,Bellevue_Bellevue_NE8th
6006,within,0.583581,0.165347,0.098627,0.670819,0.161938,0.084618,Bellevue_Bellevue_NE8th
6007,within,0.586556,0.161476,0.096184,0.637053,0.141401,0.072594,Bellevue_Bellevue_NE8th
6008,within,0.629794,0.174219,0.102577,0.669924,0.131086,0.034785,Bellevue_Bellevue_NE8th
6009,within,0.606649,0.173362,0.100346,0.672643,0.123716,0.043181,Bellevue_Bellevue_NE8th
6010,within,0.645364,0.156675,0.064562,0.580057,0.140129,0.043916,Bellevue_Bellevue_NE8th
6011,within,0.624148,0.173538,0.098172,0.544356,0.135442,0.033776,Bellevue_Bellevue_NE8th
6012,within,0.608055,0.174154,0.100367,0.535061,0.085655,0.056404,Bellevue_Bellevue_NE8th
6013,within,0.575994,0.162129,0.095766,0.566068,0.108787,0.091107,Bellevue_Bellevue_NE8th
6014,within,0.599115,0.168932,0.094108,0.581114,0.106004,0.07432,Bellevue_Bellevue_NE8th
6015,within,0.587705,0.167997,0.097968,0.643722,0.188371,0.072494,Bellevue_Bellevue_NE8th
6016,within,0.60101,0.172876,0.098734,0.60191,0.166306,0.076074,Bellevue_Bellevue_NE8th
6017,within,0.593852,0.164807,0.095242,0.481842,0.129291,0.095492,Bellevue_Bellevue_NE8th
6018,within,0.618885,0.174664,0.100915,0.541318,0.206138,0.068204,Bellevue_Bellevue_NE8th
6019,within,0.591048,0.169209,0.098116,0.645332,0.282292,0.064935,Bellevue_Bellevue_NE8th
6020,within,0.578833,0.164247,0.095555,0.673087,0.196213,0.05939,Bellevue_Bellevue_NE8th
6021,within,0.583844,0.166628,0.096867,0.653058,0.13613,0.077484,Bellevue_Bellevue_NE8th
6022,within,0.586341,0.169469,0.098838,0.594494,0.121155,0.056903,Bellevue_Bellevue_NE8th
6023,within,0.555057,0.152405,0.094681,0.60656,0.18437,0.062296,Bellevue_Bellevue_NE8th
6024,within,0.578428,0.163478,0.098665,0.611031,0.165782,0.140678,Bellevue_Bellevue_NE8th
6025,within,0.557011,0.153332,0.095102,0.655578,0.240882,0.105335,Bellevue_Bellevue_NE8th
6026,within,0.589325,0.165683,0.099538,0.623309,0.207808,0.09977,Bellevue_Bellevue_NE8th
6027,within,0.580101,0.162195,0.09566,0.665867,0.159975,0.082287,Bellevue_Bellevue_NE8th
6028,within,0.61417,0.170639,0.101389,0.60946,0.196258,0.075754,Bellevue_Bellevue_NE8th
6029,within,0.597543,0.168136,0.100334,0.505099,0.172721,0.05411,Bellevue_Bellevue_NE8th
6030,within,0.58402,0.164616,0.096417,0.445738,0.17005,0.037708,Bellevue_Bellevue_NE8th
6031,within,0.617177,0.177113,0.102371,0.469885,0.202252,0.053136,Bellevue_Bellevue_NE8th
6032,within,0.573334,0.162515,0.098069,0.567925,0.178141,0.054177,Bellevue_Bellevue_NE8th
6033,within,0.566192,0.15901,0.097608,0.650211,0.196548,0.074587,Bellevue_Bellevue_NE8th
6034,within,0.588896,0.166924,0.096771,0.633122,0.209902,0.065497,Bellevue_Bellevue_NE8th
6035,within,0.581461,0.165396,0.097938,0.680636,0.272738,0.094674,Bellevue_Bellevue_NE8th
6036,within,0.588156,0.168081,0.100316,0.65333,0.208304,0.108831,Bellevue_Bellevue_NE8th
6037,within,0.615894,0.170902,0.098524,0.593183,0.157524,0.069576,Bellevue_Bellevue_NE8th
6038,within,0.623223,0.175295,0.103078,0.608155,0.124869,0.082506,Bellevue_Bellevue_NE8th
6039,within,0.597637,0.169579,0.099928,0.706964,0.125023,0.12877,Bellevue_Bellevue_NE8th
6040,within,0.58432,0.163712,0.096088,0.767015,0.215137,0.095834,Bellevue_Bellevue_NE8th
6041,within,0.634767,0.173734,0.100574,0.805158,0.133543,0.159507,Bellevue_Bellevue_NE8th
6042,within,0.593004,0.171131,0.098648,0.793284,0.172338,0.15859,Bellevue_Bellevue_NE8th
6043,within,0.583154,0.163198,0.095903,0.769259,0.256218,0.227544,Bellevue_Bellevue_NE8th
6044,within,0.599629,0.171902,0.099148,0.831853,0.329848,0.201778,Bellevue_Bellevue_NE8th
6045,within,0.590424,0.166591,0.096213,0.721505,0.310319,0.077717,Bellevue_Bellevue_NE8th
6046,within,0.629005,0.171951,0.097601,0.645205,0.251825,0.036889,Bellevue_Bellevue_NE8th
6047,within,0.651393,0.176008,0.100614,0.609837,0.133611,0.097048,Bellevue_Bellevue_NE8th
6048,within,0.619815,0.175536,0.103406,0.720443,0.127049,0.138772,Bellevue_Bellevue_NE8th
6049,within,0.594078,0.171188,0.104324,0.648346,0.094081,0.143946,Bellevue_Bellevue_NE8th
6050,within,0.58212,0.165885,0.095849,0.579481,0.109413,0.104496,Bellevue_Bellevue_NE8th
6051,within,0.582279,0.164841,0.096578,0.462611,0.137125,0.076068,Bellevue_Bellevue_NE8th
6052,within,0.611455,0.174385,0.099846,0.600217,0.134354,0.065593,Bellevue_Bellevue_NE8th
6053,within,0.589836,0.169649,0.102051,0.861746,0.3327,0.112359,Bellevue_Bellevue_NE8th
6054,within,0.581292,0.164786,0.098396,0.853265,0.254713,0.10438,Bellevue_Bellevue_NE8th
6055,within,0.578053,0.163268,0.097742,0.687167,0.129831,0.085096,Bellevue_Bellevue_NE8th
6056,within,0.594342,0.167733,0.097746,0.612559,0.147621,0.027952,Bellevue_Bellevue_NE8th
6057,within,0.646363,0.179789,0.103459,0.664202,0.144628,0.039332,Bellevue_Bellevue_NE8th
6058,within,0.583688,0.16475,0.096042,0.644607,0.121445,0.099173,Bellevue_Bellevue_NE8th
6059,within,0.609124,0.173166,0.097789,0.6195,0.220441,0.067769,Bellevue_Bellevue_NE8th
6060,within,0.626663,0.176256,0.102257,0.622968,0.11161,0.121877,Bellevue_Bellevue_NE8th
6061,within,0.612004,0.175615,0.099815,0.577276,0.130894,0.076245,Bellevue_Bellevue_NE8th
6062,within,0.583979,0.165512,0.095503,0.662665,0.13719,0.095353,Bellevue_Bellevue_NE8th
6063,within,0.579379,0.162027,0.095446,0.603758,0.167209,0.075568,Bellevue_Bellevue_NE8th
6064,within,0.601804,0.171929,0.097078,0.664814,0.157205,0.122951,Bellevue_Bellevue_NE8th
6065,within,0.590228,0.165481,0.094473,0.736576,0.223697,0.083816,Bellevue_Bellevue_NE8th
6066,within,0.592504,0.166077,0.096974,0.608987,0.145594,0.088314,Bellevue_Bellevue_NE8th
6067,within,0.639988,0.175194,0.099247,0.534742,0.159935,0.042217,Bellevue_Bellevue_NE8th
6068,within,0.643156,0.179682,0.103778,0.581319,0.155351,0.042671,Bellevue_Bellevue_NE8th
6069,within,0.605588,0.176927,0.101533,0.517009,0.147529,0.04382,Bellevue_Bellevue_NE8th
6070,within,0.598171,0.171621,0.098565,0.432457,0.146617,0.016979,Bellevue_Bellevue_NE8th
6071,within,0.596481,0.171835,0.098409,0.473542,0.07087,0.070688,Bellevue_Bellevue_NE8th
6072,within,0.58165,0.166784,0.095703,0.549841,0.078603,0.058965,Bellevue_Bellevue_NE8th
6073,within,0.573366,0.161113,0.096057,0.574051,0.147939,0.086772,Bellevue_Bellevue_NE8th
6074,within,0.58406,0.16625,0.096861,0.599534,0.121376,0.17861,Bellevue_Bellevue_NE8th
6075,within,0.590917,0.169194,0.096857,0.586096,0.132734,0.128941,Bellevue_Bellevue_NE8th
6076,within,0.591453,0.166657,0.098068,0.664576,0.126899,0.077701,Bellevue_Bellevue_NE8th
6077,within,0.642017,0.176338,0.104414,0.661093,0.122377,0.073962,Bellevue_Bellevue_NE8th
6078,within,0.652954,0.172882,0.098208,0.694832,0.06295,0.133363,Bellevue_Bellevue_NE8th
6079,within,0.600931,0.172014,0.10212,0.663315,0.025135,0.096162,Bellevue_Bellevue_NE8th
6080,within,0.587463,0.162984,0.094168,0.610397,0.111863,0.070482,Bellevue_Bellevue_NE8th
6081,within,0.617697,0.171285,0.100437,0.598951,0.189295,0.088842,Bellevue_Bellevue_NE8th
6082,within,0.608248,0.171,0.101296,0.624255,0.231872,0.104303,Bellevue_Bellevue_NE8th
6083,within,0.583386,0.163904,0.095355,0.620767,0.208711,0.078227,Bellevue_Bellevue_NE8th
6084,within,0.639918,0.178086,0.099162,0.713709,0.227281,0.13129,Bellevue_Bellevue_NE8th
6085,within,0.585817,0.164551,0.096032,0.639098,0.189697,0.093787,Bellevue_Bellevue_NE8th
6086,within,0.616971,0.17142,0.099501,0.621721,0.144048,0.162641,Bellevue_Bellevue_NE8th
6087,within,0.624557,0.172323,0.099453,0.648566,0.092045,0.173816,Bellevue_Bellevue_NE8th
6088,within,0.579275,0.164175,0.097878,0.604185,0.023115,0.110113,Bellevue_Bellevue_NE8th
6089,within,0.56281,0.15655,0.09853,0.574142,0.062192,0.085057,Bellevue_Bellevue_NE8th
6090,within,0.594723,0.168153,0.095342,0.435839,0.035818,0.061115,Bellevue_Bellevue_NE8th
6091,within,0.582532,0.164623,0.096322,0.440345,0.034173,0.065904,Bellevue_Bellevue_NE8th
6092,within,0.610196,0.168636,0.094989,0.637511,0.095474,0.151357,Bellevue_Bellevue_NE8th
6093,within,0.583,0.165379,0.097749,0.638523,0.189831,0.107983,Bellevue_Bellevue_NE8th
6094,within,0.608404,0.173114,0.097589,0.705939,0.215559,0.108173,Bellevue_Bellevue_NE8th
6095,within,0.588893,0.166524,0.095871,0.722058,0.179632,0.055326,Bellevue_Bellevue_NE8th
6096,within,0.584691,0.164716,0.097044,0.673015,0.118556,0.03981,Bellevue_Bellevue_NE8th
6097,within,0.593821,0.167146,0.096565,0.713386,0.137164,0.041427,Bellevue_Bellevue_NE8th
6098,within,0.637918,0.178187,0.10352,0.726424,0.149759,0.018433,Bellevue_Bellevue_NE8th
6099,within,0.581952,0.165214,0.098036,0.655329,0.176786,0.028205,Bellevue_Bellevue_NE8th
6100,within,0.595791,0.169529,0.097443,0.68578,0.28278,0.026134,Bellevue_Bellevue_NE8th
6101,within,0.614535,0.172224,0.098247,0.754288,0.286575,0.079729,Bellevue_Bellevue_NE8th
6102,within,0.592264,0.170776,0.098196,0.742477,0.320336,0.107689,Bellevue_Bellevue_NE8th
6103,within,0.589329,0.167342,0.095789,0.723419,0.360133,0.104343,Bellevue_Bellevue_NE8th
6104,within,0.580648,0.165234,0.096193,0.763879,0.36995,0.122142,Bellevue_Bellevue_NE8th
6105,within,0.587924,0.166483,0.095943,0.764665,0.299271,0.095813,Bellevue_Bellevue_NE8th
6106,within,0.576552,0.160477,0.095411,0.480033,0.188441,0.037697,Bellevue_Bellevue_NE8th
6107,within,0.664667,0.173555,0.102077,0.499599,0.24245,0.02409,Bellevue_Bellevue_NE8th
6108,within,0.62165,0.17501,0.102575,0.576898,0.232349,0.08716,Bellevue_Bellevue_NE8th
6109,within,0.580036,0.16127,0.096246,0.588621,0.24679,0.03735,Bellevue_Bellevue_NE8th
6110,within,0.587547,0.16813,0.098539,0.632899,0.20069,0.052175,Bellevue_Bellevue_NE8th
6111,within,0.585923,0.167941,0.098548,0.633376,0.166121,0.082581,Bellevue_Bellevue_NE8th
6112,within,0.578041,0.164858,0.097185,0.641861,0.200012,0.081419,Bellevue_Bellevue_NE8th
6113,within,0.585904,0.165438,0.096757,0.675213,0.288687,0.046031,Bellevue_Bellevue_NE8th
6114,within,0.598967,0.172183,0.098828,0.719375,0.278376,0.105733,Bellevue_Bellevue_NE8th
6115,within,0.589078,0.167948,0.095,0.732154,0.299566,0.054444,Bellevue_Bellevue_NE8th
6116,within,0.609298,0.17482,0.100365,0.69596,0.222348,0.052532,Bellevue_Bellevue_NE8th
6117,within,0.618567,0.167746,0.094575,0.561978,0.161607,0.056325,Bellevue_Bellevue_NE8th
6118,within,0.645621,0.176844,0.102114,0.656633,0.246991,0.037305,Bellevue_Bellevue_NE8th
6119,within,0.58926,0.165856,0.098016,0.620777,0.222475,0.035033,Bellevue_Bellevue_NE8th
6120,within,0.622945,0.175368,0.101772,0.694607,0.19959,0.099065,Bellevue_Bellevue_NE8th
6121,within,0.601903,0.167754,0.099018,0.698534,0.18121,0.150968,Bellevue_Bellevue_NE8th
6122,within,0.622071,0.174257,0.099589,0.667875,0.199034,0.11989,Bellevue_Bellevue_NE8th
6123,within,0.591146,0.169372,0.097171,0.780771,0.302936,0.106791,Bellevue_Bellevue_NE8th
6124,within,0.581848,0.164031,0.095026,0.760126,0.357872,0.096478,Bellevue_Bellevue_NE8th
6125,within,0.60071,0.172152,0.098263,0.79196,0.354685,0.019836,Bellevue_Bellevue_NE8th
6126,within,0.592879,0.168918,0.099864,0.66962,0.201104,0.034453,Bellevue_Bellevue_NE8th
6127,within,0.643163,0.172651,0.099961,0.541765,0.137282,0.028776,Bellevue_Bellevue_NE8th
0,cross,0.691284,0.217643,0.147878,0.669742,0.255296,0.049337,Bellevue_150th_SE38th
1,cross,0.744907,0.253224,0.158994,0.711535,0.246881,0.176497,Bellevue_150th_SE38th
2,cross,0.749193,0.251059,0.161979,0.694757,0.25854,0.079515,Bellevue_150th_SE38th
3,cross,0.786586,0.26978,0.162493,0.907222,0.351667,0.025,Bellevue_150th_SE38th
4,cross,0.735452,0.237402,0.158232,0.687827,0.307449,0.035432,Bellevue_150th_SE38th
5,cross,0.741054,0.236566,0.160385,0.692902,0.305109,0.039164,Bellevue_150th_SE38th
6,cross,0.724127,0.2245,0.155709,0.740399,0.315852,0.092343,Bellevue_150th_SE38th
7,cross,0.74148,0.241543,0.161028,0.678853,0.361604,0.105068,Bellevue_150th_SE38th
8,cross,0.755978,0.255393,0.16394,0.628466,0.275103,0.128364,Bellevue_150th_SE38th
9,cross,0.746124,0.254288,0.162286,0.660617,0.294393,0.087019,Bellevue_150th_SE38th
10,cross,0.743999,0.240541,0.156578,0.717656,0.446445,0.048042,Bellevue_150th_SE38th
11,cross,0.718103,0.228273,0.152602,0.928571,0.597183,0.0,Bellevue_150th_SE38th
12,cross,0.732979,0.238503,0.156014,0.71352,0.288199,0.107399,Bellevue_150th_SE38th
13,cross,0.769618,0.254903,0.16004,0.830934,0.394116,0.148333,Bellevue_150th_SE38th
14,cross,0.758412,0.25755,0.148781,0.860556,0.593333,0.062222,Bellevue_150th_SE38th
15,cross,0.77393,0.268203,0.161143,0.739978,0.468238,0.027276,Bellevue_150th_SE38th
16,cross,0.744105,0.240022,0.158546,0.63713,0.345661,0.021438,Bellevue_150th_SE38th
17,cross,0.740939,0.237286,0.160315,0.69383,0.379324,0.022912,Bellevue_150th_SE38th
18,cross,0.755216,0.247036,0.160773,0.693232,0.405441,0.050528,Bellevue_150th_SE38th
19,cross,0.748479,0.246579,0.162114,0.633198,0.319973,0.059377,Bellevue_150th_SE38th
20,cross,0.724021,0.230564,0.154089,0.705918,0.251068,0.046772,Bellevue_150th_SE38th
21,cross,0.771304,0.260782,0.161721,0.96656,0.353616,0.12623,Bellevue_150th_SE38th
22,cross,0.749948,0.257807,0.152727,0.957778,0.487857,0.012222,Bellevue_150th_SE38th
23,cross,0.746176,0.250072,0.161574,0.878437,0.375096,0.056415,Bellevue_150th_SE38th
24,cross,0.748821,0.246954,0.164011,0.745112,0.3321,0.029577,Bellevue_150th_SE38th
25,cross,0.760507,0.257236,0.163987,0.732868,0.315683,0.073238,Bellevue_150th_SE38th
26,cross,0.731969,0.234624,0.156089,0.66645,0.286823,0.057381,Bellevue_150th_SE38th
27,cross,0.769611,0.258108,0.161965,0.685641,0.372912,0.033244,Bellevue_150th_SE38th
28,cross,0.728773,0.231831,0.159118,0.52237,0.22324,0.104299,Bellevue_150th_SE38th
29,cross,0.719622,0.234488,0.155914,0.619708,0.3448,0.084103,Bellevue_150th_SE38th
30,cross,0.714216,0.235061,0.156754,0.691623,0.395494,0.050752,Bellevue_150th_SE38th
31,cross,0.73056,0.240385,0.161369,0.772778,0.390437,0.096151,Bellevue_150th_SE38th
32,cross,0.719799,0.236474,0.160178,0.746918,0.374855,0.052302,Bellevue_150th_SE38th
33,cross,0.684034,0.216091,0.154923,0.686508,0.277619,0.074762,Bellevue_150th_SE38th
34,cross,0.679323,0.207047,0.169196,0.651839,0.150675,0.12164,Bellevue_150th_SE38th
35,cross,0.653491,0.185392,0.175045,0.732092,0.455015,0.096286,Bellevue_150th_SE38th
36,cross,0.652107,0.210066,0.155638,0.430578,0.271115,0.041925,Bellevue_150th_SE38th
37,cross,0.610858,0.167881,0.159493,0.521939,0.207153,0.070583,Bellevue_150th_SE38th
38,cross,0.53863,0.126526,0.120572,0.648041,0.269246,0.12058,Bellevue_150th_SE38th
39,cross,0.520585,0.114722,0.108318,0.491872,0.236417,0.063654,Bellevue_150th_SE38th
40,cross,0.529145,0.113883,0.108204,0.624999,0.31073,0.079604,Bellevue_150th_SE38th
41,cross,0.471849,0.108258,0.083376,0.601324,0.195073,0.104086,Bellevue_150th_SE38th
42,cross,0.484365,0.110193,0.088926,0.692487,0.297897,0.143876,Bellevue_150th_SE38th
43,cross,0.487357,0.090052,0.079903,0.536137,0.237692,0.113118,Bellevue_150th_SE38th
44,cross,0.521955,0.124574,0.107591,0.33709,0.04757,0.084788,Bellevue_150th_SE38th
45,cross,0.530934,0.126578,0.111376,0.287174,0.050465,0.048983,Bellevue_150th_SE38th
46,cross,0.553571,0.133693,0.122156,0.553779,0.187915,0.038445,Bellevue_150th_SE38th
47,cross,0.518907,0.118269,0.106855,0.497649,0.250526,0.048134,Bellevue_150th_SE38th
48,cross,0.538681,0.136807,0.114762,0.411407,0.182049,0.063259,Bellevue_150th_SE38th
49,cross,0.539438,0.135948,0.114244,0.359666,0.137292,0.019761,Bellevue_150th_SE38th
50,cross,0.525131,0.122214,0.108943,0.439892,0.128683,0.105578,Bellevue_150th_SE38th
51,cross,0.518627,0.117876,0.102664,0.413244,0.067218,0.122318,Bellevue_150th_SE38th
52,cross,0.546545,0.122877,0.126203,0.648737,0.331936,0.006266,Bellevue_150th_SE38th
53,cross,0.556939,0.142457,0.126625,0.725404,0.36785,0.053545,Bellevue_150th_SE38th
54,cross,0.643938,0.184412,0.169662,0.61222,0.224596,0.119749,Bellevue_150th_SE38th
55,cross,0.707446,0.241108,0.158117,0.765657,0.401831,0.087679,Bellevue_150th_SE38th
56,cross,0.746246,0.245254,0.163428,0.859893,0.455777,0.086535,Bellevue_150th_SE38th
57,cross,0.724087,0.236145,0.161929,0.893585,0.422613,0.109319,Bellevue_150th_SE38th
58,cross,0.755227,0.264648,0.164783,0.786593,0.35044,0.120822,Bellevue_150th_SE38th
59,cross,0.740383,0.254179,0.16058,0.647359,0.223636,0.127767,Bellevue_150th_SE38th
60,cross,0.738881,0.249914,0.163657,0.718645,0.272803,0.136858,Bellevue_150th_SE38th
61,cross,0.721897,0.238629,0.161241,0.710588,0.294992,0.126783,Bellevue_150th_SE38th
62,cross,0.656035,0.193902,0.174563,0.744075,0.476437,0.042107,Bellevue_150th_SE38th
63,cross,0.659167,0.203319,0.171262,0.703514,0.458849,0.04553,Bellevue_150th_SE38th
64,cross,0.564925,0.138744,0.148683,0.436142,0.203568,0.029103,Bellevue_150th_SE38th
65,cross,0.568787,0.153802,0.138515,0.463984,0.317085,0.029558,Bellevue_150th_SE38th
66,cross,0.575964,0.153294,0.133935,0.593035,0.190826,0.07804,Bellevue_150th_SE38th
67,cross,0.531573,0.12509,0.113491,0.602283,0.208592,0.065035,Bellevue_150th_SE38th
68,cross,0.504889,0.107978,0.102022,0.406879,0.110413,0.035372,Bellevue_150th_SE38th
69,cross,0.503556,0.127146,0.096096,0.379891,0.011582,0.103421,Bellevue_150th_SE38th
70,cross,0.509009,0.120713,0.100839,0.501795,0.093884,0.085943,Bellevue_150th_SE38th
71,cross,0.529725,0.126351,0.110762,0.863664,0.154522,0.224286,Bellevue_150th_SE38th
72,cross,0.438175,0.067385,0.058481,0.576741,-0.044378,0.185245,Bellevue_150th_SE38th
73,cross,0.457936,0.071503,0.076787,0.637065,-0.012639,0.313697,Bellevue_150th_SE38th
74,cross,0.466069,0.095078,0.084315,0.625873,0.11836,0.101825,Bellevue_150th_SE38th
75,cross,0.433506,0.111823,0.060133,0.636968,0.14707,0.034383,Bellevue_150th_SE38th
76,cross,0.485582,0.12081,0.086762,0.622355,0.061878,0.137526,Bellevue_150th_SE38th
77,cross,0.432768,0.107601,0.060832,0.545791,0.157091,0.069986,Bellevue_150th_SE38th
78,cross,0.479701,0.123914,0.080549,0.520208,0.152601,0.073587,Bellevue_150th_SE38th
79,cross,0.453,0.123084,0.069012,0.563607,0.149409,0.028603,Bellevue_150th_SE38th
80,cross,0.497793,0.124576,0.09116,0.406108,0.097786,0.050456,Bellevue_150th_SE38th
81,cross,0.506544,0.12664,0.095715,0.441089,0.072475,0.048578,Bellevue_150th_SE38th
82,cross,0.497471,0.128672,0.090376,0.386615,0.073208,0.03482,Bellevue_150th_SE38th
83,cross,0.479592,0.126659,0.078042,0.414265,0.049012,0.072507,Bellevue_150th_SE38th
84,cross,0.507803,0.130144,0.096668,0.606982,0.210378,0.05024,Bellevue_150th_SE38th
85,cross,0.460599,0.120416,0.072694,0.556812,0.241204,0.049484,Bellevue_150th_SE38th
86,cross,0.450382,0.114327,0.068949,0.522226,0.011682,0.17421,Bellevue_150th_SE38th
87,cross,0.478508,0.122384,0.082693,0.403292,0.039188,0.039742,Bellevue_150th_SE38th
88,cross,0.471754,0.11771,0.082001,0.516725,0.148221,0.053756,Bellevue_150th_SE38th
89,cross,0.481901,0.126903,0.082006,0.311686,0.057211,0.043604,Bellevue_150th_SE38th
90,cross,0.507909,0.1279,0.099036,0.280115,0.076438,0.022336,Bellevue_150th_SE38th
91,cross,0.516624,0.117929,0.101731,0.387949,0.101918,0.022228,Bellevue_150th_SE38th
92,cross,0.515622,0.131851,0.095644,0.523249,0.142557,0.055093,Bellevue_150th_SE38th
93,cross,0.4434,0.101252,0.069418,0.529143,0.132377,0.095877,Bellevue_150th_SE38th
94,cross,0.462278,0.123638,0.074307,0.473823,0.107077,0.076759,Bellevue_150th_SE38th
95,cross,0.462408,0.123373,0.070233,0.497581,0.166101,0.036706,Bellevue_150th_SE38th
96,cross,0.469518,0.126777,0.07737,0.447936,0.165212,0.041005,Bellevue_150th_SE38th
97,cross,0.475867,0.122841,0.084136,0.452608,0.102646,0.093248,Bellevue_150th_SE38th
98,cross,0.543524,0.141108,0.116724,0.541442,0.216935,0.081485,Bellevue_150th_SE38th
99,cross,0.558494,0.141224,0.145955,0.54016,0.184688,0.100396,Bellevue_150th_SE38th
100,cross,0.522951,0.131886,0.107887,0.466605,0.087729,0.087367,Bellevue_150th_SE38th
101,cross,0.546982,0.143133,0.124695,0.696418,0.186562,0.195097,Bellevue_150th_SE38th
102,cross,0.473564,0.121048,0.082653,0.54964,0.106834,0.136063,Bellevue_150th_SE38th
103,cross,0.526568,0.13156,0.103842,0.53253,0.14367,0.145868,Bellevue_150th_SE38th
104,cross,0.504923,0.124729,0.092339,0.521037,0.130963,0.099779,Bellevue_150th_SE38th
105,cross,0.505823,0.129872,0.091003,0.688684,0.166313,0.135197,Bellevue_150th_SE38th
106,cross,0.456202,0.119546,0.07217,0.620204,0.229726,0.047579,Bellevue_150th_SE38th
107,cross,0.482847,0.127164,0.083239,0.557584,0.11833,0.112106,Bellevue_150th_SE38th
108,cross,0.505363,0.125132,0.094583,0.54314,0.152887,0.061243,Bellevue_150th_SE38th
109,cross,0.482268,0.120256,0.083243,0.525012,0.105132,0.055882,Bellevue_150th_SE38th
110,cross,0.492694,0.130663,0.08656,0.512387,0.139812,0.062901,Bellevue_150th_SE38th
111,cross,0.534377,0.136408,0.112144,0.624312,0.117006,0.140928,Bellevue_150th_SE38th
112,cross,0.491971,0.120797,0.090858,0.668075,0.115284,0.174229,Bellevue_150th_SE38th
113,cross,0.492012,0.123252,0.085274,0.59007,0.090319,0.112998,Bellevue_150th_SE38th
114,cross,0.526765,0.135847,0.102753,0.551367,0.065029,0.066919,Bellevue_150th_SE38th
115,cross,0.58149,0.14345,0.127788,0.610945,0.103167,0.112856,Bellevue_150th_SE38th
116,cross,0.496397,0.121871,0.088751,0.59145,0.125078,0.112651,Bellevue_150th_SE38th
117,cross,0.461867,0.121719,0.075277,0.421323,0.060062,0.088845,Bellevue_150th_SE38th
118,cross,0.513216,0.133756,0.093776,0.477884,0.079478,0.077165,Bellevue_150th_SE38th
119,cross,0.50823,0.131933,0.092243,0.508159,0.061861,0.048824,Bellevue_150th_SE38th
120,cross,0.497688,0.113094,0.091931,0.469568,0.122353,0.049987,Bellevue_150th_SE38th
121,cross,0.477987,0.121433,0.082975,0.610761,0.163125,0.067222,Bellevue_150th_SE38th
122,cross,0.460878,0.122343,0.072101,0.435352,0.137222,0.054622,Bellevue_150th_SE38th
123,cross,0.511934,0.129407,0.1002,0.338797,-0.037001,0.168776,Bellevue_150th_SE38th
124,cross,0.514905,0.127929,0.099098,0.351434,0.119237,0.04326,Bellevue_150th_SE38th
125,cross,0.594716,0.151102,0.130097,0.45287,0.102557,0.044036,Bellevue_150th_SE38th
126,cross,0.448986,0.118572,0.064966,0.373844,0.059388,0.106557,Bellevue_150th_SE38th
127,cross,0.476524,0.123247,0.078234,0.393613,0.077198,0.053183,Bellevue_150th_SE38th
128,cross,0.503207,0.131191,0.086402,0.510637,0.110659,0.054179,Bellevue_150th_SE38th
129,cross,0.531125,0.110133,0.125621,0.508254,0.051746,0.062262,Bellevue_150th_SE38th
130,cross,0.4559,0.112988,0.07188,0.486516,0.071161,0.06544,Bellevue_150th_SE38th
131,cross,0.484947,0.110561,0.087886,0.629126,0.181373,0.080494,Bellevue_150th_SE38th
132,cross,0.480185,0.117155,0.088985,0.401605,0.128737,0.058055,Bellevue_150th_SE38th
133,cross,0.474343,0.122494,0.07896,0.364487,0.100043,0.069086,Bellevue_150th_SE38th
134,cross,0.468327,0.125695,0.073038,0.447318,0.189927,0.044936,Bellevue_150th_SE38th
135,cross,0.419119,0.099407,0.050274,0.414528,0.171976,0.053651,Bellevue_150th_SE38th
136,cross,0.480344,0.129354,0.078811,0.303739,0.049782,0.070366,Bellevue_150th_SE38th
137,cross,0.565308,0.147622,0.123116,0.479489,0.097216,0.086032,Bellevue_150th_SE38th
138,cross,0.539144,0.105942,0.133252,0.414762,0.065926,0.107804,Bellevue_150th_SE38th
139,cross,0.462288,0.122273,0.071179,0.765556,0.100198,0.10369,Bellevue_150th_SE38th
140,cross,0.443824,0.102473,0.05772,0.533743,0.016336,0.066362,Bellevue_150th_SE38th
141,cross,0.449798,0.116949,0.066522,0.525026,0.114352,0.053333,Bellevue_150th_SE38th
142,cross,0.464689,0.116129,0.072392,0.614444,0.051667,0.109444,Bellevue_150th_SE38th
143,cross,0.463933,0.059975,0.071398,0.571285,0.140479,0.060319,Bellevue_150th_SE38th
144,cross,0.444151,0.095901,0.072544,0.481984,0.072381,0.135529,Bellevue_150th_SE38th
145,cross,0.478599,0.085438,0.082379,0.420018,0.094381,0.064353,Bellevue_150th_SE38th
146,cross,0.462534,0.11855,0.071906,0.395984,0.128318,0.018307,Bellevue_150th_SE38th
147,cross,0.46832,0.128204,0.076558,0.306346,0.010004,0.118837,Bellevue_150th_SE38th
148,cross,0.465357,0.110492,0.068792,0.477828,0.150128,0.079959,Bellevue_150th_SE38th
149,cross,0.541009,0.099929,0.12882,0.498945,0.129182,0.077262,Bellevue_150th_SE38th
150,cross,0.457039,0.117322,0.073364,0.394243,0.052728,0.12776,Bellevue_150th_SE38th
151,cross,0.495969,0.131944,0.08444,0.48574,0.027199,0.109831,Bellevue_150th_SE38th
152,cross,0.456498,0.123282,0.06689,0.350364,0.127816,0.041363,Bellevue_150th_SE38th
153,cross,0.55097,0.129518,0.119212,0.594246,0.1756,0.028427,Bellevue_150th_SE38th
154,cross,0.44863,0.112559,0.072572,0.585715,0.183277,0.048009,Bellevue_150th_SE38th
155,cross,0.45948,0.122646,0.069548,0.351623,0.103026,0.037102,Bellevue_150th_SE38th
156,cross,0.493795,0.129694,0.086235,0.344079,0.134678,0.042094,Bellevue_150th_SE38th
157,cross,0.427583,0.109248,0.059827,0.309374,0.082184,0.083468,Bellevue_150th_SE38th
158,cross,0.472439,0.11519,0.081221,0.446176,0.051727,0.036799,Bellevue_150th_SE38th
159,cross,0.469006,0.107513,0.082777,0.579775,0.061746,0.081759,Bellevue_150th_SE38th
160,cross,0.440733,0.072463,0.071589,0.407545,0.095066,0.055411,Bellevue_150th_SE38th
161,cross,0.475808,0.122365,0.07739,0.430758,0.101152,0.087081,Bellevue_150th_SE38th
162,cross,0.479783,0.120633,0.083298,0.51453,0.139446,0.067679,Bellevue_150th_SE38th
163,cross,0.465848,0.127414,0.071644,0.430954,0.030381,0.068188,Bellevue_150th_SE38th
164,cross,0.48358,0.121319,0.078919,0.529739,0.117541,0.060767,Bellevue_150th_SE38th
165,cross,0.46533,0.108781,0.077275,0.344393,0.065575,0.056441,Bellevue_150th_SE38th
166,cross,0.483314,0.127001,0.083041,0.369955,0.024823,0.171961,Bellevue_150th_SE38th
167,cross,0.542045,0.135918,0.117971,0.353287,0.055312,0.113887,Bellevue_150th_SE38th
168,cross,0.579042,0.141711,0.129461,0.45661,0.060035,0.103282,Bellevue_150th_SE38th
169,cross,0.457277,0.108998,0.072574,0.361509,0.053871,0.0846,Bellevue_150th_SE38th
170,cross,0.480893,0.123886,0.07948,0.342975,0.032338,0.071368,Bellevue_150th_SE38th
171,cross,0.491879,0.130202,0.08544,0.488977,0.098257,0.048528,Bellevue_150th_SE38th
172,cross,0.617777,0.060194,0.087031,0.472923,0.073783,0.088995,Bellevue_150th_SE38th
173,cross,0.452203,0.118428,0.069641,0.334868,0.065126,0.031708,Bellevue_150th_SE38th
174,cross,0.497837,0.125556,0.079791,0.418439,0.070648,0.02328,Bellevue_150th_SE38th
175,cross,0.480044,0.10573,0.083855,0.57287,0.152103,0.067447,Bellevue_150th_SE38th
176,cross,0.426277,0.107667,0.056516,0.532672,0.1304,0.084802,Bellevue_150th_SE38th
177,cross,0.474054,0.092689,0.085074,0.520221,0.11915,0.123964,Bellevue_150th_SE38th
178,cross,0.424381,0.107184,0.060265,0.488249,0.176641,0.013401,Bellevue_150th_SE38th
179,cross,0.463816,0.111829,0.079409,0.525767,0.096217,0.047302,Bellevue_150th_SE38th
180,cross,0.452375,0.113527,0.070744,0.537508,0.157176,0.042634,Bellevue_150th_SE38th
181,cross,0.479502,0.116275,0.075746,0.670054,0.04982,0.177042,Bellevue_150th_SE38th
182,cross,0.4711,0.08897,0.075143,0.44014,0.107008,0.039125,Bellevue_150th_SE38th
183,cross,0.465465,0.129958,0.071191,0.511288,0.105566,0.021496,Bellevue_150th_SE38th
184,cross,0.46658,0.127162,0.073789,0.309844,0.078369,0.046038,Bellevue_150th_SE38th
185,cross,0.467868,0.128653,0.074474,0.330712,0.147016,0.033053,Bellevue_150th_SE38th
186,cross,0.47198,0.126498,0.074525,0.388872,0.077151,0.05602,Bellevue_150th_SE38th
187,cross,0.519995,0.118457,0.097509,0.474544,0.115261,0.032793,Bellevue_150th_SE38th
188,cross,0.52002,0.101815,0.119992,0.292958,0.071128,0.016561,Bellevue_150th_SE38th
189,cross,0.452129,0.127025,0.067954,0.287165,0.081022,0.03336,Bellevue_150th_SE38th
190,cross,0.433687,0.119116,0.059439,0.317168,0.067964,0.036772,Bellevue_150th_SE38th
191,cross,0.4825,0.127954,0.077236,0.360816,0.068268,0.043251,Bellevue_150th_SE38th
192,cross,0.581665,0.147502,0.112326,0.515045,0.099449,0.074134,Bellevue_150th_SE38th
193,cross,0.457681,0.085421,0.073274,0.478876,0.048783,0.028558,Bellevue_150th_SE38th
194,cross,0.461929,0.122994,0.073356,0.242722,0.010897,0.008928,Bellevue_150th_SE38th
195,cross,0.458811,0.119936,0.076668,0.19762,0.049459,0.009419,Bellevue_150th_SE38th
196,cross,0.478315,0.118104,0.082669,0.4043,0.08749,0.0889,Bellevue_150th_SE38th
197,cross,0.45612,0.115565,0.069424,0.373305,0.103928,0.062288,Bellevue_150th_SE38th
198,cross,0.551606,0.121769,0.136102,0.404329,0.176541,0.027146,Bellevue_150th_SE38th
199,cross,0.452232,0.113248,0.070024,0.346135,0.079351,0.09591,Bellevue_150th_SE38th
200,cross,0.445179,0.112009,0.065316,0.294716,-0.030618,0.130512,Bellevue_150th_SE38th
201,cross,0.499836,0.127731,0.082418,0.329134,0.055964,0.073495,Bellevue_150th_SE38th
202,cross,0.523081,0.119602,0.095967,0.396216,0.148532,0.042577,Bellevue_150th_SE38th
203,cross,0.526629,0.130517,0.104745,0.560076,0.183803,0.053146,Bellevue_150th_SE38th
204,cross,0.475559,0.125993,0.079124,0.509967,0.056648,0.073209,Bellevue_150th_SE38th
205,cross,0.463395,0.091861,0.079033,0.512177,-0.051649,0.237108,Bellevue_150th_SE38th
206,cross,0.440331,0.080432,0.061415,0.542994,0.119297,0.09564,Bellevue_150th_SE38th
207,cross,0.520375,0.073759,0.078663,0.410808,0.087407,0.057769,Bellevue_150th_SE38th
208,cross,0.510091,0.113164,0.108399,0.354159,0.024711,0.04582,Bellevue_150th_SE38th
209,cross,0.437932,0.094688,0.061421,0.257197,0.050993,0.013931,Bellevue_150th_SE38th
210,cross,0.476467,0.109635,0.080307,0.315608,0.113082,0.058585,Bellevue_150th_SE38th
211,cross,0.446353,0.104951,0.065332,0.448215,0.05718,0.15096,Bellevue_150th_SE38th
212,cross,0.466552,0.114574,0.07025,0.605966,0.011217,0.315307,Bellevue_150th_SE38th
213,cross,0.487358,0.087039,0.063906,0.524526,0.115875,0.12966,Bellevue_150th_SE38th
214,cross,0.457862,0.111851,0.078683,0.474674,0.179924,0.070562,Bellevue_150th_SE38th
215,cross,0.455216,0.111866,0.072507,0.480598,0.168715,0.05075,Bellevue_150th_SE38th
216,cross,0.462734,0.111053,0.065891,0.496282,0.066557,0.04411,Bellevue_150th_SE38th
217,cross,0.460704,0.107014,0.078055,0.445979,0.125198,0.068267,Bellevue_150th_SE38th
218,cross,0.451569,0.113793,0.071616,0.431821,0.118276,0.039293,Bellevue_150th_SE38th
219,cross,0.458059,0.123264,0.070994,0.37607,0.166441,0.033722,Bellevue_150th_SE38th
220,cross,0.512372,0.133735,0.095814,0.461166,0.18622,0.037797,Bellevue_150th_SE38th
221,cross,0.493616,0.114577,0.094302,0.454887,0.096816,0.082444,Bellevue_150th_SE38th
222,cross,0.450106,0.113518,0.06845,0.454251,0.169487,0.03798,Bellevue_150th_SE38th
223,cross,0.47303,0.106361,0.064716,0.729286,0.248479,0.104643,Bellevue_150th_SE38th
224,cross,0.438625,0.109813,0.062891,0.647187,0.182698,0.095266,Bellevue_150th_SE38th
225,cross,0.48893,0.124112,0.083517,0.539011,0.195266,0.036311,Bellevue_150th_SE38th
226,cross,0.465661,0.120831,0.076834,0.536117,0.278091,0.025004,Bellevue_150th_SE38th
227,cross,0.463807,0.122942,0.071687,0.420639,0.155696,0.033919,Bellevue_150th_SE38th
228,cross,0.535502,0.138507,0.101515,0.47949,0.106937,0.028915,Bellevue_150th_SE38th
229,cross,0.479446,0.103585,0.093362,0.540285,0.093987,0.08728,Bellevue_150th_SE38th
230,cross,0.459517,0.123396,0.063831,0.292729,0.026327,0.055206,Bellevue_150th_SE38th
231,cross,0.561825,0.134136,0.114299,0.686141,0.177184,0.078481,Bellevue_150th_SE38th
232,cross,0.461932,0.098231,0.073988,0.393119,0.094144,0.047587,Bellevue_150th_SE38th
233,cross,0.488775,0.128299,0.078228,0.334594,0.112216,0.021179,Bellevue_150th_SE38th
234,cross,0.529502,0.140756,0.096056,0.255464,0.069343,0.023257,Bellevue_150th_SE38th
235,cross,0.47955,0.106457,0.080882,0.419231,0.033088,0.033681,Bellevue_150th_SE38th
236,cross,0.437825,0.109932,0.06731,0.499375,0.203621,0.033138,Bellevue_150th_SE38th
237,cross,0.476621,0.126487,0.078362,0.401096,0.047117,0.053455,Bellevue_150th_SE38th
238,cross,0.495286,0.115274,0.099687,0.47397,0.085504,0.057653,Bellevue_150th_SE38th
239,cross,0.51155,0.097375,0.11857,0.509345,0.122596,0.072787,Bellevue_150th_SE38th
240,cross,0.423096,0.105895,0.059347,0.48071,0.104713,0.078658,Bellevue_150th_SE38th
241,cross,0.461156,0.11848,0.069953,0.633492,0.049405,0.094643,Bellevue_150th_SE38th
242,cross,0.503864,0.06878,0.069954,0.585315,0.144527,0.07495,Bellevue_150th_SE38th
243,cross,0.649745,0.046151,0.085619,0.469192,0.094598,0.051056,Bellevue_150th_SE38th
244,cross,0.470614,0.126338,0.069045,0.368093,0.099543,0.051789,Bellevue_150th_SE38th
245,cross,0.54211,0.113865,0.1064,0.828122,0.146468,0.029815,Bellevue_150th_SE38th
246,cross,0.453317,0.114661,0.069203,0.684348,0.173909,0.070167,Bellevue_150th_SE38th
247,cross,0.450224,0.121417,0.066831,0.516452,0.135502,0.047,Bellevue_150th_SE38th
248,cross,0.476455,0.120129,0.075675,0.511901,0.129495,0.133133,Bellevue_150th_SE38th
249,cross,0.453257,0.115441,0.069276,0.391109,0.095442,0.052939,Bellevue_150th_SE38th
250,cross,0.498175,0.128372,0.084002,0.346377,0.04929,0.052816,Bellevue_150th_SE38th
251,cross,0.497313,0.131574,0.085815,0.369827,0.093466,0.066276,Bellevue_150th_SE38th
252,cross,0.551009,0.139751,0.107548,0.514103,0.123805,0.073662,Bellevue_150th_SE38th
253,cross,0.480892,0.123983,0.079553,0.542879,0.121174,0.082791,Bellevue_150th_SE38th
254,cross,0.457594,0.093438,0.066663,0.522136,0.146499,0.04863,Bellevue_150th_SE38th
255,cross,0.464606,0.115626,0.073075,0.519443,0.096928,0.081143,Bellevue_150th_SE38th
256,cross,0.480064,0.120114,0.076378,0.573575,0.128975,0.185741,Bellevue_150th_SE38th
257,cross,0.468076,0.113948,0.073751,0.614036,0.085846,0.143152,Bellevue_150th_SE38th
258,cross,0.464853,0.116441,0.073457,0.634121,0.067257,0.156788,Bellevue_150th_SE38th
259,cross,0.460073,0.119642,0.068246,0.545854,0.059176,0.13271,Bellevue_150th_SE38th
260,cross,0.456852,0.097927,0.080257,0.683545,0.050542,0.301415,Bellevue_150th_SE38th
261,cross,0.440737,0.08294,0.053065,0.662872,0.110525,0.169605,Bellevue_150th_SE38th
262,cross,0.496412,0.10336,0.086176,0.662963,0.048439,0.203452,Bellevue_150th_SE38th
263,cross,0.474029,0.114964,0.080199,0.691697,0.056904,0.2147,Bellevue_150th_SE38th
264,cross,0.446195,0.119346,0.065887,0.694939,0.154704,0.272817,Bellevue_150th_SE38th
265,cross,0.464925,0.119718,0.072211,0.698394,0.283217,0.143104,Bellevue_150th_SE38th
266,cross,0.496238,0.117877,0.079734,0.597388,0.198547,0.069467,Bellevue_150th_SE38th
267,cross,0.671523,0.076166,0.073082,0.659174,0.135802,0.210174,Bellevue_150th_SE38th
268,cross,0.451033,0.097815,0.070061,0.563323,0.100538,0.130088,Bellevue_150th_SE38th
269,cross,0.501056,0.120223,0.085803,0.558501,0.160552,0.045397,Bellevue_150th_SE38th
270,cross,0.460124,0.117054,0.070838,0.624111,0.176788,0.028704,Bellevue_150th_SE38th
271,cross,0.458004,0.099197,0.072407,0.616899,0.194816,0.036667,Bellevue_150th_SE38th
272,cross,0.456613,0.112765,0.070032,0.448898,0.141092,0.060607,Bellevue_150th_SE38th
273,cross,0.454298,0.106359,0.069687,0.490949,0.170559,0.040022,Bellevue_150th_SE38th
274,cross,0.484136,0.121059,0.084003,0.45255,0.118016,0.045236,Bellevue_150th_SE38th
275,cross,0.462608,0.12298,0.071757,0.514079,0.148675,0.094092,Bellevue_150th_SE38th
276,cross,0.482091,0.119996,0.082382,0.569983,0.126754,0.119852,Bellevue_150th_SE38th
277,cross,0.470274,0.106258,0.08591,0.413615,0.119293,0.058222,Bellevue_150th_SE38th
278,cross,0.464166,0.116737,0.070989,0.450723,0.114869,0.052723,Bellevue_150th_SE38th
279,cross,0.443647,0.108991,0.067307,0.529487,0.129572,0.046242,Bellevue_150th_SE38th
280,cross,0.495503,0.102325,0.101811,0.564208,0.161424,0.089446,Bellevue_150th_SE38th
281,cross,0.484251,0.075654,0.061372,0.363197,0.036144,0.102963,Bellevue_150th_SE38th
282,cross,0.47409,0.11954,0.072824,0.435786,0.074176,0.082564,Bellevue_150th_SE38th
283,cross,0.488973,0.098811,0.069345,0.672269,0.156775,0.108335,Bellevue_150th_SE38th
284,cross,0.529599,0.047379,0.073521,0.539481,0.145297,0.107301,Bellevue_150th_SE38th
285,cross,0.466723,0.10893,0.071582,0.592065,0.137966,0.103042,Bellevue_150th_SE38th
286,cross,0.629808,0.038853,0.066919,0.680175,0.183085,0.095701,Bellevue_150th_SE38th
287,cross,0.498077,0.058286,0.098008,0.611848,0.159566,0.053176,Bellevue_150th_SE38th
288,cross,0.457517,0.115527,0.070104,0.515756,0.119871,0.099544,Bellevue_150th_SE38th
289,cross,0.469168,0.110824,0.072084,0.480774,0.14476,0.031203,Bellevue_150th_SE38th
290,cross,0.465751,0.100304,0.076539,0.498139,0.123209,0.055758,Bellevue_150th_SE38th
291,cross,0.484326,0.090529,0.065653,0.763723,0.216423,0.069871,Bellevue_150th_SE38th
292,cross,0.431523,0.089844,0.055896,0.458219,0.099119,0.023428,Bellevue_150th_SE38th
293,cross,0.477683,0.118363,0.079921,0.438703,0.021428,0.067012,Bellevue_150th_SE38th
294,cross,0.439297,0.106657,0.063795,0.465268,0.060231,0.067307,Bellevue_150th_SE38th
295,cross,0.495466,0.103937,0.094323,0.699588,0.148205,0.117293,Bellevue_150th_SE38th
296,cross,0.458617,0.068024,0.076236,0.548133,0.074268,0.047719,Bellevue_150th_SE38th
297,cross,0.478009,0.106583,0.080359,0.511852,0.133295,0.033803,Bellevue_150th_SE38th
298,cross,0.472304,0.101989,0.080428,0.81709,0.139372,0.073333,Bellevue_150th_SE38th
299,cross,0.44342,0.097446,0.069979,0.663333,0.014444,0.157778,Bellevue_150th_SE38th
300,cross,0.452051,0.096659,0.068185,0.682457,0.041959,0.128452,Bellevue_150th_SE38th
301,cross,0.473558,0.083973,0.074147,0.577957,0.120397,0.045389,Bellevue_150th_SE38th
302,cross,0.467994,0.091529,0.074854,0.614528,0.119906,0.076076,Bellevue_150th_SE38th
303,cross,0.453065,0.063157,0.076063,0.532898,0.118098,0.032958,Bellevue_150th_SE38th
304,cross,0.47054,0.092441,0.080108,0.540393,0.156212,0.038541,Bellevue_150th_SE38th
305,cross,0.474209,0.098753,0.075161,0.410889,0.054404,0.060645,Bellevue_150th_SE38th
306,cross,0.472799,0.09828,0.081976,0.361159,0.021558,0.083945,Bellevue_150th_SE38th
307,cross,0.471663,0.093273,0.08185,0.607943,0.099296,0.135733,Bellevue_150th_SE38th
308,cross,0.447758,0.07204,0.079194,0.51291,0.031247,0.195825,Bellevue_150th_SE38th
309,cross,0.448485,0.062708,0.073936,0.536958,0.03521,0.166991,Bellevue_150th_SE38th
310,cross,0.46382,0.061703,0.085251,0.857024,0.106839,0.139405,Bellevue_150th_SE38th
311,cross,0.414697,0.068653,0.063273,0.494585,0.094039,0.095833,Bellevue_150th_SE38th
312,cross,0.474531,0.089187,0.086774,0.396545,-0.039442,0.15819,Bellevue_150th_SE38th
313,cross,0.473211,0.089162,0.083124,0.647002,0.055536,0.169404,Bellevue_150th_SE38th
314,cross,0.416845,0.022587,0.063091,0.614074,0.034722,0.22287,Bellevue_150th_SE38th
315,cross,0.473174,0.046108,0.086355,0.373309,0.000382,0.132489,Bellevue_150th_SE38th
316,cross,0.433051,0.033285,0.071855,0.423061,-0.055128,0.200576,Bellevue_150th_SE38th
317,cross,0.430052,0.025159,0.072053,0.372374,-0.02025,0.073161,Bellevue_150th_SE38th
318,cross,0.480108,0.072837,0.090033,0.604808,0.104016,0.107163,Bellevue_150th_SE38th
319,cross,0.459875,0.073127,0.084869,0.516087,0.167797,0.111924,Bellevue_150th_SE38th
320,cross,0.461041,0.066388,0.086362,0.428408,0.119126,0.103741,Bellevue_150th_SE38th
321,cross,0.476979,0.065167,0.087157,0.382617,0.050003,0.069367,Bellevue_150th_SE38th
322,cross,0.465989,0.065929,0.082351,0.465218,0.026521,0.110215,Bellevue_150th_SE38th
323,cross,0.43585,0.0307,0.07153,0.455119,0.027169,0.066138,Bellevue_150th_SE38th
324,cross,0.470814,0.036976,0.082866,0.569961,0.133485,0.064922,Bellevue_150th_SE38th
325,cross,0.406624,0.024672,0.060248,0.412598,0.12296,0.071126,Bellevue_150th_SE38th
326,cross,0.45574,0.03816,0.080527,0.337943,0.027159,0.061396,Bellevue_150th_SE38th
327,cross,0.462179,0.034633,0.077961,0.31491,0.018637,0.078942,Bellevue_150th_SE38th
328,cross,0.473557,0.07157,0.087398,0.453988,0.079826,0.067463,Bellevue_150th_SE38th
329,cross,0.416934,0.043841,0.070046,0.48127,0.076905,0.083175,Bellevue_150th_SE38th
330,cross,0.441964,0.025688,0.070165,0.437922,0.069152,0.053222,Bellevue_150th_SE38th
331,cross,0.459401,0.04012,0.077251,0.417315,0.081048,0.039469,Bellevue_150th_SE38th
332,cross,0.475086,0.052772,0.079082,0.561127,0.134505,0.066418,Bellevue_150th_SE38th
333,cross,0.461288,0.039616,0.083564,0.532769,0.087668,0.103039,Bellevue_150th_SE38th
334,cross,0.434808,0.028847,0.067873,0.495837,0.044502,0.178338,Bellevue_150th_SE38th
335,cross,0.44547,0.024919,0.071357,0.493016,0.050396,0.121657,Bellevue_150th_SE38th
336,cross,0.462539,0.043089,0.076675,0.524368,0.10711,0.11164,Bellevue_150th_SE38th
337,cross,0.428971,0.028156,0.061149,0.380984,0.086139,0.091117,Bellevue_150th_SE38th
338,cross,0.435019,0.040884,0.065015,0.380314,0.092485,0.032396,Bellevue_150th_SE38th
339,cross,0.457064,0.042881,0.075103,0.462283,0.117377,0.055388,Bellevue_150th_SE38th
340,cross,0.411659,0.025604,0.054967,0.451601,0.048677,0.058862,Bellevue_150th_SE38th
341,cross,0.4299,0.018872,0.054322,0.381003,0.037032,0.097918,Bellevue_150th_SE38th
342,cross,0.493596,0.05882,0.089691,0.545141,0.108989,0.080429,Bellevue_150th_SE38th
343,cross,0.415858,0.023341,0.056812,0.386808,0.00692,0.059023,Bellevue_150th_SE38th
344,cross,0.460698,0.034158,0.069498,0.544169,0.072884,0.071138,Bellevue_150th_SE38th
345,cross,0.394836,0.020297,0.04917,0.706164,0.154339,0.083307,Bellevue_150th_SE38th
346,cross,0.36929,0.022527,0.043545,0.654603,0.054762,0.026336,Bellevue_150th_SE38th
347,cross,0.437686,0.034643,0.057917,0.445669,0.065635,0.080149,Bellevue_150th_SE38th
348,cross,0.416479,0.037689,0.059041,0.568228,0.034762,0.065172,Bellevue_150th_SE38th
349,cross,0.418636,0.021903,0.055925,0.526542,0.121788,0.073943,Bellevue_150th_SE38th
350,cross,0.431965,0.038872,0.061495,0.566169,0.143544,0.058399,Bellevue_150th_SE38th
351,cross,0.426479,0.032883,0.057301,0.501818,0.058468,0.085084,Bellevue_150th_SE38th
352,cross,0.440607,0.034768,0.058988,0.557375,0.059538,0.06614,Bellevue_150th_SE38th
353,cross,0.403993,0.021904,0.049441,0.428848,0.058368,0.041665,Bellevue_150th_SE38th
354,cross,0.454483,0.049879,0.0656,0.366153,0.008494,0.092842,Bellevue_150th_SE38th
355,cross,0.43697,0.049404,0.061775,0.58699,0.095921,0.11405,Bellevue_150th_SE38th
356,cross,0.416515,0.033277,0.055834,0.580821,0.189795,0.106442,Bellevue_150th_SE38th
357,cross,0.444713,0.037067,0.068849,0.488345,0.041014,0.103342,Bellevue_150th_SE38th
358,cross,0.434086,0.026811,0.054504,0.437438,0.043142,0.057021,Bellevue_150th_SE38th
359,cross,0.417178,0.043042,0.059133,0.555869,0.227018,0.087786,Bellevue_150th_SE38th
360,cross,0.404937,0.028211,0.049203,0.488675,0.132789,0.04741,Bellevue_150th_SE38th
361,cross,0.41708,0.029564,0.052368,0.579563,0.125873,0.030688,Bellevue_150th_SE38th
362,cross,0.408006,0.024719,0.049194,0.566851,0.069537,0.083331,Bellevue_150th_SE38th
363,cross,0.451077,0.035489,0.058998,0.496163,0.082868,0.059286,Bellevue_150th_SE38th
364,cross,0.400866,0.03124,0.049719,0.557196,0.083849,0.063492,Bellevue_150th_SE38th
365,cross,0.3961,0.020966,0.043938,0.604511,0.150357,0.073862,Bellevue_150th_SE38th
366,cross,0.435175,0.026102,0.050349,0.799444,0.114444,0.046667,Bellevue_150th_SE38th
367,cross,0.360634,0.013388,0.038873,0.64818,0.146918,0.042295,Bellevue_150th_SE38th
368,cross,0.451072,0.047952,0.058975,0.448255,0.036153,0.104478,Bellevue_150th_SE38th
369,cross,0.425929,0.034753,0.049769,0.693815,0.117573,0.051422,Bellevue_150th_SE38th
370,cross,0.385526,0.026215,0.042944,0.622127,0.146447,0.043174,Bellevue_150th_SE38th
371,cross,0.402896,0.023561,0.044292,0.752566,0.344452,0.035103,Bellevue_150th_SE38th
372,cross,0.438776,0.032852,0.053603,0.56662,0.126839,0.096879,Bellevue_150th_SE38th
373,cross,0.477034,0.038553,0.062301,0.64459,0.024299,0.088436,Bellevue_150th_SE38th
374,cross,0.412971,0.022016,0.044066,0.748069,0.074916,0.119141,Bellevue_150th_SE38th
375,cross,0.45126,0.033035,0.053496,0.665504,0.041784,0.162101,Bellevue_150th_SE38th
376,cross,0.47509,0.040924,0.05558,0.465106,0.086241,0.065512,Bellevue_150th_SE38th
377,cross,0.461563,0.0366,0.053214,0.705701,0.063932,0.100589,Bellevue_150th_SE38th
378,cross,0.426716,0.035389,0.052123,0.809244,0.023597,0.153258,Bellevue_150th_SE38th
379,cross,0.456584,0.03727,0.05699,0.579761,0.161445,0.085366,Bellevue_150th_SE38th
380,cross,0.492533,0.0546,0.074881,0.555342,0.08279,0.096029,Bellevue_150th_SE38th
381,cross,0.450063,0.056898,0.063983,0.603102,0.055485,0.082727,Bellevue_150th_SE38th
382,cross,0.469043,0.051321,0.072274,0.48466,0.03635,0.042779,Bellevue_150th_SE38th
383,cross,0.429848,0.04593,0.062002,0.586069,0.103283,0.043813,Bellevue_150th_SE38th
384,cross,0.451248,0.042987,0.061266,0.774281,0.046746,0.072369,Bellevue_150th_SE38th
385,cross,0.422847,0.038873,0.060567,0.551425,0.046004,0.052498,Bellevue_150th_SE38th
386,cross,0.42189,0.040538,0.058211,0.826085,0.068783,0.031944,Bellevue_150th_SE38th
387,cross,0.468886,0.049432,0.072285,0.664608,0.06143,0.058098,Bellevue_150th_SE38th
388,cross,0.461406,0.043597,0.0771,0.721975,0.137409,0.057977,Bellevue_150th_SE38th
389,cross,0.403727,0.042853,0.058783,0.644467,0.008668,0.179258,Bellevue_150th_SE38th
390,cross,0.47565,0.046454,0.081015,0.47375,0.046924,0.062056,Bellevue_150th_SE38th
391,cross,0.480821,0.052158,0.093913,0.480658,0.043742,0.090966,Bellevue_150th_SE38th
392,cross,0.444746,0.056148,0.0662,0.597744,0.093931,0.092045,Bellevue_150th_SE38th
393,cross,0.486257,0.059868,0.094642,0.480177,0.066602,0.093599,Bellevue_150th_SE38th
394,cross,0.48194,0.052734,0.090776,0.536432,0.103825,0.123061,Bellevue_150th_SE38th
395,cross,0.51684,0.082033,0.093827,0.464531,0.000478,0.122086,Bellevue_150th_SE38th
396,cross,0.49621,0.06174,0.099717,0.473726,-0.003138,0.039842,Bellevue_150th_SE38th
397,cross,0.510826,0.07041,0.107779,0.506694,0.00622,0.069255,Bellevue_150th_SE38th
398,cross,0.515884,0.078768,0.106693,0.529341,0.114719,0.057255,Bellevue_150th_SE38th
399,cross,0.527804,0.082133,0.109415,0.546776,0.076465,0.080071,Bellevue_150th_SE38th
400,cross,0.500888,0.071504,0.099943,0.622077,0.096561,0.08291,Bellevue_150th_SE38th
401,cross,0.485997,0.06286,0.101313,0.637204,0.043573,0.168871,Bellevue_150th_SE38th
402,cross,0.521428,0.084229,0.106512,0.693486,0.034428,0.241645,Bellevue_150th_SE38th
403,cross,0.546227,0.090203,0.122574,0.629203,0.120771,0.057602,Bellevue_150th_SE38th
404,cross,0.549938,0.092403,0.114687,0.495152,0.086344,0.081218,Bellevue_150th_SE38th
405,cross,0.490929,0.080562,0.092756,0.590542,0.12832,0.082659,Bellevue_150th_SE38th
406,cross,0.527959,0.070846,0.117423,0.541221,0.098322,0.109767,Bellevue_150th_SE38th
407,cross,0.53864,0.099869,0.102882,0.687235,0.047131,0.061657,Bellevue_150th_SE38th
408,cross,0.554995,0.099624,0.121517,0.73715,0.077964,0.083348,Bellevue_150th_SE38th
409,cross,0.543124,0.092342,0.118306,0.589683,0.037103,0.120437,Bellevue_150th_SE38th
410,cross,0.537228,0.087951,0.116952,0.771334,0.086073,0.109128,Bellevue_150th_SE38th
411,cross,0.537409,0.09417,0.112949,0.794984,0.00553,0.087304,Bellevue_150th_SE38th
412,cross,0.548406,0.103119,0.117537,0.722177,0.026243,0.074181,Bellevue_150th_SE38th
413,cross,0.546253,0.098321,0.11907,0.624921,0.058464,0.096735,Bellevue_150th_SE38th
414,cross,0.563697,0.111382,0.119709,0.66998,0.093566,0.092345,Bellevue_150th_SE38th
415,cross,0.5615,0.111237,0.118427,0.599784,0.125694,0.088748,Bellevue_150th_SE38th
416,cross,0.601922,0.143517,0.120215,0.492383,0.018896,0.091062,Bellevue_150th_SE38th
417,cross,0.562203,0.122676,0.109094,0.74211,0.065133,0.175887,Bellevue_150th_SE38th
418,cross,0.556084,0.105761,0.117729,0.630825,0.065414,0.084435,Bellevue_150th_SE38th
419,cross,0.550847,0.093255,0.123357,0.525559,0.008033,0.041587,Bellevue_150th_SE38th
420,cross,0.535133,0.088035,0.115844,0.603333,0.083333,0.080556,Bellevue_150th_SE38th
421,cross,0.495064,0.077709,0.102025,0.55,-0.033333,0.083333,Bellevue_150th_SE38th
422,cross,0.568836,0.124229,0.116525,0.713188,0.047579,0.030212,Bellevue_150th_SE38th
423,cross,0.524992,0.087286,0.110934,0.589048,0.049167,0.097183,Bellevue_150th_SE38th
424,cross,0.566228,0.108511,0.123801,0.650601,0.235712,0.089175,Bellevue_150th_SE38th
425,cross,0.548754,0.104399,0.114612,0.670641,0.228352,0.082759,Bellevue_150th_SE38th
426,cross,0.570919,0.125626,0.119138,0.736095,0.221375,0.117406,Bellevue_150th_SE38th
427,cross,0.540953,0.101297,0.114723,0.848094,0.284805,0.125836,Bellevue_150th_SE38th
428,cross,0.581722,0.105264,0.141007,0.800192,0.263405,0.167434,Bellevue_150th_SE38th
429,cross,0.562597,0.134533,0.108456,0.649471,0.230583,0.125231,Bellevue_150th_SE38th
430,cross,0.597428,0.138705,0.125425,0.573059,0.167042,0.146489,Bellevue_150th_SE38th
431,cross,0.588014,0.139662,0.117873,0.532019,0.116698,0.080729,Bellevue_150th_SE38th
432,cross,0.587043,0.153715,0.109023,0.496581,0.087901,0.091883,Bellevue_150th_SE38th
433,cross,0.580789,0.142858,0.104548,0.622988,0.139737,0.070214,Bellevue_150th_SE38th
434,cross,0.545161,0.113818,0.108487,0.689716,0.126579,0.119119,Bellevue_150th_SE38th
435,cross,0.594863,0.155503,0.112357,0.558294,0.058029,0.172526,Bellevue_150th_SE38th
436,cross,0.590849,0.151512,0.111505,0.540571,0.043175,0.106559,Bellevue_150th_SE38th
437,cross,0.602047,0.154104,0.117179,0.574782,0.010924,0.151402,Bellevue_150th_SE38th
438,cross,0.575643,0.129121,0.115286,0.557588,-0.008606,0.20303,Bellevue_150th_SE38th
439,cross,0.560143,0.117949,0.115356,0.580159,0.020915,0.182029,Bellevue_150th_SE38th
440,cross,0.614177,0.160633,0.121117,0.743662,-0.01963,0.178074,Bellevue_150th_SE38th
441,cross,0.583028,0.142978,0.116471,0.622669,0.005806,0.172243,Bellevue_150th_SE38th
442,cross,0.59194,0.145967,0.116434,0.562715,0.039782,0.142607,Bellevue_150th_SE38th
443,cross,0.570618,0.155359,0.102127,0.565602,0.081614,0.109211,Bellevue_150th_SE38th
444,cross,0.575041,0.144826,0.101428,0.601587,0.012328,0.14209,Bellevue_150th_SE38th
445,cross,0.580232,0.126748,0.122221,0.548537,0.151195,0.114156,Bellevue_150th_SE38th
446,cross,0.571502,0.121857,0.117777,0.429167,0.026944,0.125304,Bellevue_150th_SE38th
447,cross,0.568138,0.11773,0.110863,0.655979,0.003333,0.149762,Bellevue_150th_SE38th
448,cross,0.537378,0.109211,0.107907,0.812429,0.079898,0.05668,Bellevue_150th_SE38th
449,cross,0.566996,0.12448,0.116737,0.690708,0.063611,0.087495,Bellevue_150th_SE38th
450,cross,0.584073,0.146364,0.109035,0.537179,-0.002778,0.079915,Bellevue_150th_SE38th
451,cross,0.445587,0.098944,0.069141,0.522678,-0.026521,0.109351,Bellevue_150th_SE38th
452,cross,0.605947,0.134657,0.131911,0.600172,-0.011111,0.156415,Bellevue_150th_SE38th
453,cross,0.615618,0.158341,0.123127,0.530688,0.086013,0.076545,Bellevue_150th_SE38th
454,cross,0.630061,0.171062,0.117506,0.524083,0.072394,0.135259,Bellevue_150th_SE38th
455,cross,0.561358,0.131038,0.109281,0.50304,0.055025,0.115511,Bellevue_150th_SE38th
456,cross,0.60083,0.155939,0.116018,0.54607,0.03545,0.140207,Bellevue_150th_SE38th
457,cross,0.579846,0.139772,0.110571,0.503611,-0.000595,0.099854,Bellevue_150th_SE38th
458,cross,0.569257,0.132094,0.109,0.542093,0.030763,0.099536,Bellevue_150th_SE38th
459,cross,0.589183,0.159071,0.11129,0.603389,0.033704,0.074545,Bellevue_150th_SE38th
460,cross,0.591253,0.138732,0.119917,0.51939,0.038079,0.088491,Bellevue_150th_SE38th
461,cross,0.576047,0.130617,0.116627,0.419775,0.041455,0.102209,Bellevue_150th_SE38th
462,cross,0.530485,0.113033,0.09809,0.504603,-0.023016,0.181508,Bellevue_150th_SE38th
463,cross,0.606029,0.141464,0.13099,0.490833,-0.039008,0.201587,Bellevue_150th_SE38th
464,cross,0.600324,0.144069,0.118685,0.498651,0.040278,0.125079,Bellevue_150th_SE38th
465,cross,0.585349,0.126237,0.123031,0.612685,0.121696,0.160849,Bellevue_150th_SE38th
466,cross,0.615842,0.175581,0.110287,0.725675,0.433254,0.079101,Bellevue_150th_SE38th
467,cross,0.61771,0.163015,0.117916,0.55418,0.166591,0.067416,Bellevue_150th_SE38th
468,cross,0.619358,0.165677,0.116186,0.456152,0.049355,0.121649,Bellevue_150th_SE38th
469,cross,0.589217,0.161671,0.09506,0.679242,0.107066,0.139475,Bellevue_150th_SE38th
470,cross,0.567101,0.152487,0.09819,0.688717,0.076182,0.104525,Bellevue_150th_SE38th
471,cross,0.603633,0.150909,0.123832,0.510435,0.085253,0.141952,Bellevue_150th_SE38th
472,cross,0.607057,0.168558,0.109062,0.552196,0.128831,0.076125,Bellevue_150th_SE38th
473,cross,0.556053,0.129868,0.094208,0.680115,-0.00529,0.101337,Bellevue_150th_SE38th
474,cross,0.536632,0.106873,0.106451,0.847524,0.00369,0.256205,Bellevue_150th_SE38th
475,cross,0.583031,0.149045,0.111535,0.705475,-0.019153,0.303772,Bellevue_150th_SE38th
476,cross,0.63786,0.166244,0.135421,0.677838,0.002181,0.279666,Bellevue_150th_SE38th
477,cross,0.611861,0.168402,0.118156,0.656417,0.16518,0.157862,Bellevue_150th_SE38th
478,cross,0.58589,0.148458,0.115849,0.480772,0.059272,0.143103,Bellevue_150th_SE38th
479,cross,0.548725,0.12799,0.098741,0.44496,0.039246,0.050172,Bellevue_150th_SE38th
480,cross,0.571332,0.117134,0.117723,0.55422,0.135423,0.098148,Bellevue_150th_SE38th
481,cross,0.549719,0.118495,0.104384,0.725966,0.232751,0.101415,Bellevue_150th_SE38th
482,cross,0.605759,0.146606,0.125127,0.52232,0.009231,0.08453,Bellevue_150th_SE38th
483,cross,0.571148,0.149041,0.103952,0.585595,0.052976,0.05578,Bellevue_150th_SE38th
484,cross,0.568152,0.129374,0.11229,0.658161,0.107255,0.119827,Bellevue_150th_SE38th
485,cross,0.594739,0.15753,0.108643,0.459886,0.014376,0.070058,Bellevue_150th_SE38th
486,cross,0.564934,0.120244,0.110007,0.407226,0.027485,0.086034,Bellevue_150th_SE38th
487,cross,0.604814,0.147478,0.123846,0.417623,0.10969,0.082112,Bellevue_150th_SE38th
488,cross,0.561852,0.165583,0.088136,0.482293,0.074179,0.077205,Bellevue_150th_SE38th
489,cross,0.544893,0.143019,0.09384,0.494011,0.036546,0.108316,Bellevue_150th_SE38th
490,cross,0.576718,0.156702,0.099621,0.393018,0.134665,0.029408,Bellevue_150th_SE38th
491,cross,0.567941,0.176615,0.092558,0.576558,0.078706,0.09617,Bellevue_150th_SE38th
492,cross,0.5654,0.149354,0.099633,0.79631,0.191706,0.080635,Bellevue_150th_SE38th
493,cross,0.602353,0.149979,0.122228,0.687946,0.071465,0.165102,Bellevue_150th_SE38th
494,cross,0.58302,0.139346,0.103074,0.777914,0.073172,0.112884,Bellevue_150th_SE38th
495,cross,0.583584,0.138453,0.114991,0.452608,0.083382,0.077156,Bellevue_150th_SE38th
496,cross,0.563937,0.139543,0.101263,0.467617,0.048099,0.101477,Bellevue_150th_SE38th
497,cross,0.540958,0.126672,0.0918,0.666429,0.068175,0.112619,Bellevue_150th_SE38th
498,cross,0.583909,0.129405,0.122259,0.634683,0.066389,0.086944,Bellevue_150th_SE38th
499,cross,0.578375,0.121538,0.121396,0.717235,0.136019,0.070185,Bellevue_150th_SE38th
500,cross,0.594893,0.133637,0.124777,0.583159,0.04482,0.123925,Bellevue_150th_SE38th
501,cross,0.492591,0.118641,0.081202,0.643823,0.093651,0.05754,Bellevue_150th_SE38th
502,cross,0.579982,0.148402,0.112097,0.603889,0.014444,0.204444,Bellevue_150th_SE38th
503,cross,0.546,0.114728,0.106867,0.677352,0.167926,0.097368,Bellevue_150th_SE38th
504,cross,0.5985,0.135322,0.124295,0.565406,-0.135528,0.334505,Bellevue_150th_SE38th
505,cross,0.571085,0.165632,0.09589,0.666667,-0.333333,0.666667,Bellevue_150th_SE38th
506,cross,0.379734,0.078059,0.049986,0.660317,-0.301587,0.622222,Bellevue_150th_SE38th
507,cross,0.561379,0.136054,0.09816,0.541373,0.061138,0.135125,Bellevue_150th_SE38th
508,cross,0.580785,0.160424,0.102211,0.60205,0.099339,0.083929,Bellevue_150th_SE38th
509,cross,0.584777,0.150007,0.11431,0.564149,0.095266,0.138335,Bellevue_150th_SE38th
510,cross,0.572496,0.125307,0.114677,0.5319,0.080873,0.076984,Bellevue_150th_SE38th
511,cross,0.589805,0.139795,0.108764,0.602672,0.126603,0.08409,Bellevue_150th_SE38th
512,cross,0.540528,0.124595,0.098625,0.747222,0.204206,0.066667,Bellevue_150th_SE38th
513,cross,0.561476,0.12705,0.108886,0.578889,0.076667,0.160278,Bellevue_150th_SE38th
514,cross,0.555869,0.113935,0.109328,0.488492,0.069762,0.091825,Bellevue_150th_SE38th
515,cross,0.556356,0.123537,0.106922,0.684598,0.08455,0.156069,Bellevue_150th_SE38th
516,cross,0.566142,0.138854,0.105344,0.716825,0.010317,0.059656,Bellevue_150th_SE38th
517,cross,0.595151,0.161222,0.114187,0.583749,0.058379,0.06935,Bellevue_150th_SE38th
518,cross,0.56669,0.14671,0.102301,0.503601,0.063738,0.122431,Bellevue_150th_SE38th
519,cross,0.55134,0.142325,0.081745,0.737704,0.08087,0.121402,Bellevue_150th_SE38th
520,cross,0.562794,0.143708,0.100043,0.678224,0.121751,0.072383,Bellevue_150th_SE38th
521,cross,0.531962,0.125465,0.096385,0.641557,0.075796,0.122215,Bellevue_150th_SE38th
522,cross,0.556514,0.11914,0.107823,0.577976,0.063889,0.168505,Bellevue_150th_SE38th
523,cross,0.59612,0.13293,0.125605,0.541546,0.064485,0.070648,Bellevue_150th_SE38th
524,cross,0.561714,0.140768,0.096938,0.411343,0.01393,0.11641,Bellevue_150th_SE38th
525,cross,0.569341,0.160536,0.094442,0.648439,0.060755,0.027994,Bellevue_150th_SE38th
526,cross,0.526076,0.109842,0.095676,0.729414,0.036019,0.062554,Bellevue_150th_SE38th
527,cross,0.551012,0.110587,0.111603,0.575714,0.120238,0.045317,Bellevue_150th_SE38th
528,cross,0.508174,0.105659,0.089401,0.694167,0.113452,0.078175,Bellevue_150th_SE38th
529,cross,0.556718,0.1263,0.104691,0.594023,0.112697,0.117658,Bellevue_150th_SE38th
530,cross,0.561661,0.116497,0.111473,0.505066,0.127222,0.04037,Bellevue_150th_SE38th
531,cross,0.568119,0.137685,0.109144,0.755489,0.095542,0.170278,Bellevue_150th_SE38th
532,cross,0.551319,0.107947,0.101692,0.726361,0.125281,0.129909,Bellevue_150th_SE38th
533,cross,0.546907,0.111114,0.105925,0.602024,0.018413,0.111825,Bellevue_150th_SE38th
534,cross,0.55084,0.117097,0.106721,0.563889,0.027778,0.188889,Bellevue_150th_SE38th
535,cross,0.572631,0.142727,0.107586,0.598889,0.058333,0.111429,Bellevue_150th_SE38th
536,cross,0.575458,0.135605,0.112959,0.763435,0.125456,0.230604,Bellevue_150th_SE38th
537,cross,0.576068,0.127542,0.105143,0.813555,0.031735,0.276899,Bellevue_150th_SE38th
538,cross,0.538347,0.155118,0.090298,0.728472,-0.000831,0.235677,Bellevue_150th_SE38th
539,cross,0.583699,0.1366,0.116802,0.689666,0.054631,0.132146,Bellevue_150th_SE38th
540,cross,0.5702,0.123242,0.115195,0.591984,0.019365,0.227817,Bellevue_150th_SE38th
541,cross,0.556621,0.119946,0.099175,0.602124,0.08362,0.104913,Bellevue_150th_SE38th
542,cross,0.592426,0.128082,0.124044,0.537887,0.210431,0.06005,Bellevue_150th_SE38th
543,cross,0.550344,0.137594,0.096228,0.433292,0.077604,0.06569,Bellevue_150th_SE38th
544,cross,0.58136,0.149644,0.097669,0.571429,0.014074,0.110344,Bellevue_150th_SE38th
545,cross,0.583066,0.158749,0.098037,0.588413,0.078307,0.117037,Bellevue_150th_SE38th
546,cross,0.577136,0.153498,0.105008,0.699246,0.055238,0.059073,Bellevue_150th_SE38th
547,cross,0.592743,0.158574,0.112117,0.745392,0.151393,0.130893,Bellevue_150th_SE38th
548,cross,0.629985,0.167198,0.121794,0.597599,0.130413,0.081899,Bellevue_150th_SE38th
549,cross,0.551709,0.122589,0.087092,0.561588,0.072727,0.092382,Bellevue_150th_SE38th
550,cross,0.577256,0.170703,0.091103,0.593118,0.019375,0.063137,Bellevue_150th_SE38th
551,cross,0.572087,0.186399,0.09533,0.733769,0.099842,0.155629,Bellevue_150th_SE38th
552,cross,0.558958,0.158031,0.09717,0.590557,0.112555,0.038386,Bellevue_150th_SE38th
553,cross,0.591924,0.137577,0.103116,0.535459,0.119047,0.028098,Bellevue_150th_SE38th
554,cross,0.518813,0.14309,0.07796,0.689127,0.044722,0.100873,Bellevue_150th_SE38th
555,cross,0.54074,0.115035,0.101199,0.659021,0.015106,0.095357,Bellevue_150th_SE38th
556,cross,0.571211,0.127164,0.113087,0.664707,0.083598,0.042051,Bellevue_150th_SE38th
557,cross,0.560367,0.140521,0.103384,0.725669,0.03037,0.05171,Bellevue_150th_SE38th
558,cross,0.59826,0.142155,0.120572,0.721241,0.038785,0.064176,Bellevue_150th_SE38th
559,cross,0.514493,0.135934,0.084145,0.609705,0.00963,0.090293,Bellevue_150th_SE38th
560,cross,0.57905,0.15173,0.105294,0.653821,0.038929,0.046636,Bellevue_150th_SE38th
561,cross,0.600071,0.180758,0.107853,0.533091,0.042953,0.073511,Bellevue_150th_SE38th
562,cross,0.593748,0.162565,0.10016,0.533531,0.03279,0.139346,Bellevue_150th_SE38th
563,cross,0.56235,0.118626,0.083704,0.713715,-0.015555,0.166287,Bellevue_150th_SE38th
564,cross,0.552362,0.115052,0.102348,0.681633,0.041045,0.125967,Bellevue_150th_SE38th
565,cross,0.563761,0.151226,0.092827,0.668856,0.074556,0.100572,Bellevue_150th_SE38th
566,cross,0.554615,0.146584,0.094122,0.612751,0.040484,0.084049,Bellevue_150th_SE38th
567,cross,0.533017,0.099834,0.09841,0.647845,0.026623,0.061606,Bellevue_150th_SE38th
568,cross,0.540118,0.121088,0.097987,0.734161,0.062635,0.127123,Bellevue_150th_SE38th
569,cross,0.516833,0.10014,0.099987,0.739506,0.040303,0.18688,Bellevue_150th_SE38th
570,cross,0.586178,0.11702,0.126162,0.882143,0.219206,0.041667,Bellevue_150th_SE38th
571,cross,0.547025,0.104699,0.109991,0.67922,0.08332,0.082989,Bellevue_150th_SE38th
572,cross,0.574923,0.132992,0.107232,0.584794,0.03463,0.105841,Bellevue_150th_SE38th
573,cross,0.561139,0.139087,0.086111,0.718526,0.139171,0.223153,Bellevue_150th_SE38th
574,cross,0.581941,0.155656,0.10306,0.587498,0.284136,0.072719,Bellevue_150th_SE38th
575,cross,0.562545,0.125933,0.098255,0.641497,0.260222,0.084075,Bellevue_150th_SE38th
576,cross,0.579819,0.155193,0.104837,0.570207,0.049967,0.112491,Bellevue_150th_SE38th
577,cross,0.557123,0.120368,0.094918,0.646593,0.083515,0.097513,Bellevue_150th_SE38th
578,cross,0.541163,0.112025,0.102298,0.539393,0.087422,0.061855,Bellevue_150th_SE38th
579,cross,0.573232,0.130702,0.107142,0.523982,0.073758,0.062924,Bellevue_150th_SE38th
580,cross,0.597291,0.140347,0.120008,0.529378,0.07123,0.126138,Bellevue_150th_SE38th
581,cross,0.434903,0.070167,0.066581,0.603492,-0.05,0.186706,Bellevue_150th_SE38th
582,cross,0.558042,0.134869,0.098446,0.619709,0.095767,0.082434,Bellevue_150th_SE38th
583,cross,0.540728,0.119212,0.103184,0.568823,0.079153,0.044259,Bellevue_150th_SE38th
584,cross,0.506807,0.10198,0.092374,0.62396,0.101545,0.104055,Bellevue_150th_SE38th
585,cross,0.553233,0.110923,0.092017,0.601786,0.097566,0.081071,Bellevue_150th_SE38th
586,cross,0.547631,0.115706,0.100153,0.62552,0.149622,0.087351,Bellevue_150th_SE38th
587,cross,0.56169,0.131484,0.10182,0.607003,0.103048,0.064147,Bellevue_150th_SE38th
588,cross,0.53093,0.128164,0.091661,0.642834,0.075435,0.080234,Bellevue_150th_SE38th
589,cross,0.489719,0.084615,0.090996,0.8,-0.066667,0.016667,Bellevue_150th_SE38th
590,cross,0.5385,0.115575,0.101281,0.668333,0.143889,0.138889,Bellevue_150th_SE38th
591,cross,0.539168,0.106735,0.102105,0.570924,0.127171,0.102846,Bellevue_150th_SE38th
592,cross,0.470564,0.095824,0.077252,0.546799,0.064339,0.054021,Bellevue_150th_SE38th
593,cross,0.587562,0.114486,0.129538,0.698175,0.099206,0.097778,Bellevue_150th_SE38th
594,cross,0.552196,0.106849,0.111276,0.643333,0.186667,0.127778,Bellevue_150th_SE38th
595,cross,0.580008,0.127928,0.116652,0.777778,0.116746,0.187857,Bellevue_150th_SE38th
596,cross,0.507114,0.106694,0.091001,0.705322,0.033611,0.250948,Bellevue_150th_SE38th
597,cross,0.559801,0.112336,0.114635,0.855556,0.043651,0.183333,Bellevue_150th_SE38th
598,cross,0.43038,0.066989,0.074122,0.63623,0.063611,0.129603,Bellevue_150th_SE38th
599,cross,0.520496,0.094205,0.093929,0.587778,-0.016667,0.15,Bellevue_150th_SE38th
600,cross,0.564965,0.115789,0.115235,0.534259,0.010648,0.032579,Bellevue_150th_SE38th
601,cross,0.581475,0.124113,0.119154,0.678519,0.06541,0.090489,Bellevue_150th_SE38th
602,cross,0.570003,0.109659,0.105078,0.785357,0.068056,0.088413,Bellevue_150th_SE38th
603,cross,0.556957,0.119678,0.108316,0.638968,0.064405,0.11119,Bellevue_150th_SE38th
604,cross,0.500984,0.091365,0.092577,0.747595,0.026652,0.202412,Bellevue_150th_SE38th
605,cross,0.529277,0.123384,0.092366,0.761627,0.265,0.143175,Bellevue_150th_SE38th
606,cross,0.504316,0.096397,0.092607,0.621667,0.114444,0.069444,Bellevue_150th_SE38th
607,cross,0.404276,0.034817,0.054124,0.571389,0.017407,0.137407,Bellevue_150th_SE38th
608,cross,0.555735,0.133759,0.100307,0.720937,0.049156,0.147197,Bellevue_150th_SE38th
609,cross,0.567543,0.13931,0.105423,0.597817,0.064339,0.10205,Bellevue_150th_SE38th
610,cross,0.491326,0.083266,0.087552,0.675542,0.073704,0.053704,Bellevue_150th_SE38th
611,cross,0.541991,0.091823,0.110914,0.734933,0.090744,0.074578,Bellevue_150th_SE38th
612,cross,0.559041,0.158373,0.097515,0.802937,0.189352,0.112011,Bellevue_150th_SE38th
613,cross,0.392859,0.067948,0.061647,0.607222,0.103889,0.042778,Bellevue_150th_SE38th
614,cross,0.407555,0.042487,0.066514,0.608016,0.057659,0.108968,Bellevue_150th_SE38th
615,cross,0.566649,0.119281,0.108855,0.734828,0.10955,0.066005,Bellevue_150th_SE38th
616,cross,0.580459,0.087948,0.120241,0.651278,0.00271,0.077817,Bellevue_150th_SE38th
617,cross,0.523468,0.094727,0.096876,0.559974,0.03504,0.108095,Bellevue_150th_SE38th
618,cross,0.56314,0.106238,0.118422,0.661667,-0.022222,0.183333,Bellevue_150th_SE38th
619,cross,0.566314,0.101916,0.120297,0.45,0.111111,0.033333,Bellevue_150th_SE38th
620,cross,0.356852,0.028631,0.045269,0.681676,0.070544,0.147807,Bellevue_150th_SE38th
621,cross,0.508103,0.09265,0.09399,0.791667,0.08,0.206667,Bellevue_150th_SE38th
622,cross,0.538223,0.108858,0.104772,0.80914,0.102381,0.161759,Bellevue_150th_SE38th
623,cross,0.566905,0.128323,0.10797,0.660833,0.114709,0.121468,Bellevue_150th_SE38th
624,cross,0.513543,0.100912,0.08618,0.605516,0.111429,0.033373,Bellevue_150th_SE38th
625,cross,0.575167,0.123923,0.111427,0.630233,0.061923,0.076236,Bellevue_150th_SE38th
626,cross,0.464235,0.08089,0.07669,0.840754,0.196032,0.158254,Bellevue_150th_SE38th
627,cross,0.582638,0.125133,0.119226,0.594354,0.108943,0.09237,Bellevue_150th_SE38th
628,cross,0.536314,0.094668,0.093501,0.654391,0.181693,0.118399,Bellevue_150th_SE38th
629,cross,0.558621,0.10853,0.112491,0.59122,0.05577,0.039686,Bellevue_150th_SE38th
630,cross,0.546643,0.11892,0.103919,0.562685,0.027447,0.113452,Bellevue_150th_SE38th
631,cross,0.550411,0.116296,0.101087,0.713439,0.105556,0.110966,Bellevue_150th_SE38th
632,cross,0.51283,0.081816,0.097052,0.628868,0.080614,0.076496,Bellevue_150th_SE38th
633,cross,0.557006,0.121593,0.099219,0.632399,0.023029,0.145534,Bellevue_150th_SE38th
634,cross,0.570355,0.159228,0.096988,0.695025,0.128151,0.140794,Bellevue_150th_SE38th
635,cross,0.557765,0.116007,0.106402,0.686546,0.166946,0.079289,Bellevue_150th_SE38th
636,cross,0.563925,0.126727,0.100799,0.568074,0.099777,0.101969,Bellevue_150th_SE38th
637,cross,0.522501,0.109789,0.085971,0.79168,0.043704,0.117844,Bellevue_150th_SE38th
638,cross,0.535752,0.117614,0.096681,0.630802,0.121589,0.071614,Bellevue_150th_SE38th
639,cross,0.490765,0.095723,0.084329,0.795794,0.033413,0.246111,Bellevue_150th_SE38th
640,cross,0.562812,0.117411,0.112207,0.736092,0.077955,0.150756,Bellevue_150th_SE38th
641,cross,0.579074,0.132777,0.104508,0.513356,0.040391,0.141475,Bellevue_150th_SE38th
642,cross,0.573212,0.123336,0.094316,0.755507,0.058176,0.083722,Bellevue_150th_SE38th
643,cross,0.572426,0.129475,0.109558,0.672328,0.048016,0.103915,Bellevue_150th_SE38th
644,cross,0.558758,0.110926,0.111214,0.699308,0.02487,0.235352,Bellevue_150th_SE38th
645,cross,0.549239,0.120955,0.100417,0.782661,0.101711,0.140207,Bellevue_150th_SE38th
646,cross,0.574735,0.126401,0.101091,0.740077,0.09121,0.082819,Bellevue_150th_SE38th
647,cross,0.393632,0.044199,0.062262,0.569444,0.052778,0.016667,Bellevue_150th_SE38th
648,cross,0.466397,0.069566,0.087214,0.771032,0.074762,0.041667,Bellevue_150th_SE38th
649,cross,0.574835,0.115531,0.119689,0.699031,0.085067,0.044259,Bellevue_150th_SE38th
650,cross,0.592116,0.114472,0.116625,0.703095,0.083056,0.102288,Bellevue_150th_SE38th
651,cross,0.473989,0.079654,0.075578,0.626476,-0.001413,0.09349,Bellevue_150th_SE38th
652,cross,0.510473,0.126937,0.082596,0.568926,0.028903,0.112619,Bellevue_150th_SE38th
653,cross,0.536586,0.133058,0.092576,0.600041,0.155723,0.04037,Bellevue_150th_SE38th
654,cross,0.543335,0.107806,0.104896,0.713403,0.312912,0.004167,Bellevue_150th_SE38th
655,cross,0.559687,0.144178,0.101832,0.754619,0.347788,0.074603,Bellevue_150th_SE38th
656,cross,0.519844,0.119939,0.08751,0.658045,0.074722,0.155307,Bellevue_150th_SE38th
657,cross,0.497539,0.082755,0.092911,0.658518,0.01963,0.063492,Bellevue_150th_SE38th
658,cross,0.421017,0.057095,0.070686,0.690556,0.056111,0.0825,Bellevue_150th_SE38th
659,cross,0.535202,0.104291,0.102104,0.745251,-0.011111,0.054669,Bellevue_150th_SE38th
660,cross,0.534794,0.098612,0.106199,0.687632,0.057394,0.017778,Bellevue_150th_SE38th
661,cross,0.519559,0.08796,0.096947,0.641587,0.080079,0.097063,Bellevue_150th_SE38th
662,cross,0.567282,0.116578,0.113734,0.634206,-0.011204,0.129709,Bellevue_150th_SE38th
663,cross,0.551251,0.09913,0.110906,0.631905,-0.004444,0.015873,Bellevue_150th_SE38th
664,cross,0.557063,0.094887,0.117171,0.612328,0.069206,0.077619,Bellevue_150th_SE38th
665,cross,0.529882,0.11835,0.095127,0.688195,0.125886,0.049868,Bellevue_150th_SE38th
666,cross,0.564577,0.113175,0.114531,0.660748,0.080041,0.088237,Bellevue_150th_SE38th
667,cross,0.560112,0.115579,0.103128,0.756825,0.170675,0.083056,Bellevue_150th_SE38th
668,cross,0.496281,0.098101,0.088245,0.77746,0.222619,0.038333,Bellevue_150th_SE38th
669,cross,0.531929,0.10825,0.100987,0.631389,0.049444,0.070159,Bellevue_150th_SE38th
670,cross,0.531683,0.096219,0.104225,0.727619,0.245317,0.095873,Bellevue_150th_SE38th
671,cross,0.546044,0.106867,0.104161,0.775631,0.289739,0.085556,Bellevue_150th_SE38th
672,cross,0.552403,0.118722,0.104768,0.575887,0.178957,0.08747,Bellevue_150th_SE38th
673,cross,0.539486,0.118425,0.092919,0.531702,0.050029,0.088399,Bellevue_150th_SE38th
674,cross,0.529586,0.108216,0.091726,0.794048,0.083095,0.178333,Bellevue_150th_SE38th
675,cross,0.594663,0.123405,0.127844,0.674087,0.098095,0.082222,Bellevue_150th_SE38th
676,cross,0.54762,0.114301,0.105277,0.671622,0.173163,0.095452,Bellevue_150th_SE38th
677,cross,0.564841,0.166982,0.09566,0.773397,0.21847,0.14866,Bellevue_150th_SE38th
678,cross,0.518878,0.134181,0.08305,0.604943,0.060732,0.131443,Bellevue_150th_SE38th
679,cross,0.573403,0.124043,0.102439,0.666852,0.08078,0.17295,Bellevue_150th_SE38th
680,cross,0.562451,0.129765,0.100562,0.596065,0.072234,0.14178,Bellevue_150th_SE38th
681,cross,0.515389,0.117726,0.083518,0.584569,0.045064,0.128463,Bellevue_150th_SE38th
682,cross,0.528669,0.094846,0.096458,0.706164,0.050688,0.078492,Bellevue_150th_SE38th
683,cross,0.556075,0.121497,0.10399,0.562392,0.041667,0.115173,Bellevue_150th_SE38th
684,cross,0.567809,0.116981,0.116371,0.634394,-0.011364,0.26351,Bellevue_150th_SE38th
685,cross,0.472434,0.079023,0.086846,0.459831,0.02854,0.112079,Bellevue_150th_SE38th
686,cross,0.569138,0.112278,0.116931,0.544548,0.057978,0.118074,Bellevue_150th_SE38th
687,cross,0.521208,0.097945,0.090176,0.699061,0.158307,0.079061,Bellevue_150th_SE38th
688,cross,0.519682,0.120216,0.09155,0.504504,0.094117,0.04967,Bellevue_150th_SE38th
689,cross,0.5674,0.127988,0.097226,0.453294,0.072167,0.071215,Bellevue_150th_SE38th
690,cross,0.536947,0.117588,0.086838,0.54918,0.033427,0.101781,Bellevue_150th_SE38th
691,cross,0.498612,0.091973,0.090775,0.801905,0.07,0.049722,Bellevue_150th_SE38th
692,cross,0.551452,0.112475,0.107438,0.663436,0.080017,0.068893,Bellevue_150th_SE38th
693,cross,0.557378,0.107158,0.110492,0.853451,0.109513,0.081668,Bellevue_150th_SE38th
694,cross,0.512605,0.105283,0.091833,0.789362,0.046944,0.257054,Bellevue_150th_SE38th
695,cross,0.586102,0.111965,0.122368,0.696164,-0.051058,0.318188,Bellevue_150th_SE38th
696,cross,0.406464,0.047577,0.061446,0.787566,0.137672,0.103651,Bellevue_150th_SE38th
697,cross,0.544264,0.104263,0.108417,0.766121,0.034774,0.097924,Bellevue_150th_SE38th
698,cross,0.573997,0.127619,0.113237,0.586323,0.064352,0.116058,Bellevue_150th_SE38th
699,cross,0.529347,0.109131,0.089446,0.670194,0.012475,0.106007,Bellevue_150th_SE38th
700,cross,0.567354,0.105465,0.118252,0.597897,0.08996,0.071429,Bellevue_150th_SE38th
701,cross,0.56855,0.120498,0.112784,0.574537,0.112685,0.070251,Bellevue_150th_SE38th
702,cross,0.528197,0.10685,0.09614,0.576429,0.090979,0.060952,Bellevue_150th_SE38th
703,cross,0.607377,0.140859,0.122724,0.647383,0.183672,0.056608,Bellevue_150th_SE38th
704,cross,0.573114,0.149005,0.103461,0.684581,0.230922,0.090046,Bellevue_150th_SE38th
705,cross,0.579767,0.132654,0.103824,0.493159,0.070448,0.12228,Bellevue_150th_SE38th
706,cross,0.539421,0.129289,0.079555,0.697602,0.011785,0.135414,Bellevue_150th_SE38th
707,cross,0.536118,0.112667,0.101949,0.405556,-0.033333,0.1,Bellevue_150th_SE38th
708,cross,0.527871,0.082068,0.100383,0.519444,0.030556,0.011111,Bellevue_150th_SE38th
709,cross,0.298024,0.028949,0.032192,0.384524,0.074762,0.059762,Bellevue_150th_SE38th
710,cross,0.537117,0.102822,0.101747,0.455556,0.0625,0.005556,Bellevue_150th_SE38th
711,cross,0.387013,0.066304,0.060198,0.383333,0.016667,0.05,Bellevue_150th_SE38th
712,cross,0.519595,0.088639,0.096734,0.702765,0.093426,0.080595,Bellevue_150th_SE38th
713,cross,0.568739,0.125164,0.111405,0.773188,0.047672,0.081812,Bellevue_150th_SE38th
714,cross,0.5454,0.120382,0.099818,0.676713,0.122066,0.081203,Bellevue_150th_SE38th
715,cross,0.523271,0.1064,0.096867,0.664998,0.140987,0.059842,Bellevue_150th_SE38th
716,cross,0.562287,0.097289,0.105686,0.733686,0.092291,0.066257,Bellevue_150th_SE38th
717,cross,0.5853,0.13323,0.117644,0.668274,0.089815,0.081641,Bellevue_150th_SE38th
718,cross,0.576036,0.117964,0.116226,0.470741,0.080627,0.076931,Bellevue_150th_SE38th
719,cross,0.545486,0.126263,0.089511,0.610874,-0.022861,0.120366,Bellevue_150th_SE38th
720,cross,0.403541,0.060017,0.063008,0.666825,-0.021627,0.069444,Bellevue_150th_SE38th
721,cross,0.474503,0.045873,0.086861,0.797222,0.073333,0.205556,Bellevue_150th_SE38th
722,cross,0.529336,0.090202,0.104343,0.459286,0.104127,0.044444,Bellevue_150th_SE38th
723,cross,0.565563,0.110022,0.117377,0.609537,0.13295,0.064788,Bellevue_150th_SE38th
724,cross,0.515691,0.123385,0.088356,0.661984,0.05246,0.164841,Bellevue_150th_SE38th
725,cross,0.55354,0.107788,0.105404,0.53,0.04537,0.074259,Bellevue_150th_SE38th
726,cross,0.557413,0.125355,0.101251,0.629376,0.092841,0.09575,Bellevue_150th_SE38th
727,cross,0.523437,0.123781,0.088716,0.843373,0.209114,0.109511,Bellevue_150th_SE38th
728,cross,0.561209,0.138709,0.104086,0.715333,0.073604,0.225998,Bellevue_150th_SE38th
729,cross,0.505151,0.12116,0.075746,0.54328,0.078995,0.146323,Bellevue_150th_SE38th
730,cross,0.5618,0.121802,0.110286,0.516667,0.088889,0.044444,Bellevue_150th_SE38th
731,cross,0.559023,0.11659,0.112326,0.612778,-0.017778,0.051111,Bellevue_150th_SE38th
732,cross,0.550955,0.110458,0.106527,0.631667,0.006667,0.105,Bellevue_150th_SE38th
733,cross,0.535537,0.131978,0.093521,0.638864,0.058005,0.162222,Bellevue_150th_SE38th
734,cross,0.569638,0.117591,0.107064,0.402088,0.011827,0.097778,Bellevue_150th_SE38th
735,cross,0.576365,0.113708,0.122928,0.527937,0.056045,0.080648,Bellevue_150th_SE38th
736,cross,0.562043,0.129242,0.108107,0.568333,0.020873,0.111111,Bellevue_150th_SE38th
737,cross,0.54329,0.105265,0.106111,0.525555,0.05,0.155556,Bellevue_150th_SE38th
738,cross,0.444666,0.075789,0.076367,0.493333,0.027778,0.038889,Bellevue_150th_SE38th
739,cross,0.531816,0.120634,0.093789,0.771508,0.202738,0.107262,Bellevue_150th_SE38th
740,cross,0.524618,0.098694,0.101919,0.612333,0.17445,0.122986,Bellevue_150th_SE38th
741,cross,0.539239,0.11298,0.095489,0.664564,0.029048,0.132354,Bellevue_150th_SE38th
742,cross,0.386413,0.062021,0.05746,0.316667,0.133333,0.066667,Bellevue_150th_SE38th
743,cross,0.371167,0.048469,0.052856,0.425,0.05,0.016667,Bellevue_150th_SE38th
744,cross,0.493242,0.086196,0.090562,0.53455,0.040503,0.09045,Bellevue_150th_SE38th
745,cross,0.543056,0.12505,0.091791,0.924815,-0.00463,0.082778,Bellevue_150th_SE38th
746,cross,0.562329,0.138794,0.105224,0.758544,0.12322,0.102399,Bellevue_150th_SE38th
747,cross,0.555205,0.122881,0.105908,0.440403,0.112398,0.028241,Bellevue_150th_SE38th
748,cross,0.52424,0.122907,0.087419,0.502934,0.176946,0.036033,Bellevue_150th_SE38th
749,cross,0.561678,0.122817,0.101181,0.553276,0.018576,0.109727,Bellevue_150th_SE38th
750,cross,0.57691,0.121922,0.11617,0.584325,0.077222,0.058175,Bellevue_150th_SE38th
751,cross,0.552996,0.101031,0.112451,0.670595,-0.013333,0.0575,Bellevue_150th_SE38th
752,cross,0.564633,0.132282,0.108295,0.487222,0.046111,0.093333,Bellevue_150th_SE38th
753,cross,0.476451,0.07538,0.088659,0.583333,0.0,0.036111,Bellevue_150th_SE38th
754,cross,0.537572,0.08623,0.105316,0.670556,0.025,0.134444,Bellevue_150th_SE38th
755,cross,0.604167,0.12807,0.129135,0.639444,0.030556,0.098333,Bellevue_150th_SE38th
756,cross,0.547878,0.130616,0.100646,0.718175,0.143571,0.176667,Bellevue_150th_SE38th
757,cross,0.562521,0.108862,0.115411,0.472645,0.082937,0.063783,Bellevue_150th_SE38th
758,cross,0.47655,0.088031,0.083289,0.623519,0.067593,0.153333,Bellevue_150th_SE38th
759,cross,0.583316,0.123768,0.110214,0.676479,0.143469,0.139735,Bellevue_150th_SE38th
760,cross,0.559642,0.120747,0.105253,0.668651,0.121825,0.14873,Bellevue_150th_SE38th
761,cross,0.570061,0.114861,0.11459,0.490714,0.001905,0.107302,Bellevue_150th_SE38th
762,cross,0.507896,0.098973,0.089087,0.263889,0.1,0.033333,Bellevue_150th_SE38th
763,cross,0.380077,0.059674,0.057064,0.471111,0.033333,0.086111,Bellevue_150th_SE38th
764,cross,0.547026,0.076023,0.119083,0.567778,0.069444,0.106111,Bellevue_150th_SE38th
765,cross,0.470209,0.082047,0.08253,0.516667,0.111111,0.097222,Bellevue_150th_SE38th
766,cross,0.500542,0.091215,0.092808,0.53746,0.088095,0.126984,Bellevue_150th_SE38th
767,cross,0.546387,0.118595,0.105158,0.500635,0.134524,0.0,Bellevue_150th_SE38th
768,cross,0.562987,0.141443,0.103189,0.53544,0.063176,0.113336,Bellevue_150th_SE38th
769,cross,0.553932,0.110969,0.109869,0.464048,-0.11602,0.301116,Bellevue_150th_SE38th
770,cross,0.590043,0.174161,0.102438,0.679643,-0.095079,0.223214,Bellevue_150th_SE38th
771,cross,0.552114,0.117978,0.103302,0.708333,0.026111,0.030556,Bellevue_150th_SE38th
772,cross,0.436288,0.102961,0.068644,0.619802,0.053175,0.064206,Bellevue_150th_SE38th
773,cross,0.561303,0.121543,0.106777,0.635873,0.058889,0.195397,Bellevue_150th_SE38th
774,cross,0.574025,0.107692,0.124188,0.59,0.05,0.156667,Bellevue_150th_SE38th
775,cross,0.463842,0.095235,0.077147,0.416667,0.177778,0.036111,Bellevue_150th_SE38th
776,cross,0.570783,0.122897,0.115218,0.627222,0.109444,0.101111,Bellevue_150th_SE38th
777,cross,0.532209,0.095582,0.107347,0.519444,0.108333,0.055556,Bellevue_150th_SE38th
778,cross,0.515016,0.122149,0.087018,0.585339,0.021774,0.23594,Bellevue_150th_SE38th
779,cross,0.56842,0.128841,0.102297,0.615538,0.141205,0.05504,Bellevue_150th_SE38th
780,cross,0.559717,0.113361,0.110287,0.565794,0.075317,0.056111,Bellevue_150th_SE38th
781,cross,0.560481,0.114613,0.111901,0.632222,0.056667,0.103889,Bellevue_150th_SE38th
782,cross,0.518733,0.096479,0.101446,0.656667,0.06,0.122778,Bellevue_150th_SE38th
783,cross,0.456937,0.055456,0.07804,0.495397,0.132857,0.058651,Bellevue_150th_SE38th
784,cross,0.583883,0.125769,0.121265,0.471667,0.118585,0.064921,Bellevue_150th_SE38th
785,cross,0.520696,0.101636,0.086112,0.532937,-0.018796,0.14578,Bellevue_150th_SE38th
786,cross,0.389008,0.072315,0.058006,0.414127,0.011984,0.12,Bellevue_150th_SE38th
787,cross,0.546905,0.095292,0.10993,0.727143,0.146825,0.125476,Bellevue_150th_SE38th
788,cross,0.435114,0.080554,0.071845,0.615873,0.192936,0.091667,Bellevue_150th_SE38th
789,cross,0.564426,0.111372,0.115613,0.613889,-0.097222,0.136111,Bellevue_150th_SE38th
790,cross,0.555139,0.097003,0.115593,0.705622,0.159365,0.015595,Bellevue_150th_SE38th
791,cross,0.569802,0.116741,0.117354,0.568587,0.128685,0.065702,Bellevue_150th_SE38th
792,cross,0.55516,0.138994,0.10139,0.566111,0.142936,0.043003,Bellevue_150th_SE38th
793,cross,0.561111,0.11269,0.11566,0.497143,0.101865,0.083373,Bellevue_150th_SE38th
794,cross,0.514275,0.107841,0.092273,0.390238,0.053095,0.075556,Bellevue_150th_SE38th
795,cross,0.549403,0.121747,0.104614,0.574365,0.039762,0.175,Bellevue_150th_SE38th
796,cross,0.562111,0.126112,0.108832,0.695185,0.032728,0.13433,Bellevue_150th_SE38th
797,cross,0.544495,0.119888,0.102767,0.665606,0.03754,0.078889,Bellevue_150th_SE38th
798,cross,0.574386,0.115778,0.121237,0.635318,0.104921,0.072738,Bellevue_150th_SE38th
799,cross,0.528574,0.105303,0.097149,0.525,0.0,0.030556,Bellevue_150th_SE38th
800,cross,0.356502,0.030035,0.044225,0.611667,-0.063889,0.197222,Bellevue_150th_SE38th
801,cross,0.308503,0.029206,0.03546,0.305556,0.016667,0.083333,Bellevue_150th_SE38th
802,cross,0.555492,0.117051,0.108206,0.497222,-0.016667,0.127778,Bellevue_150th_SE38th
803,cross,0.412329,0.042117,0.069371,0.4,0.0,0.0,Bellevue_150th_SE38th
804,cross,0.406015,0.042424,0.059289,0.659722,0.051667,0.153254,Bellevue_150th_SE38th
805,cross,0.568216,0.113136,0.107674,0.665079,0.060317,0.08373,Bellevue_150th_SE38th
806,cross,0.550171,0.108202,0.109632,0.681534,0.046243,0.078373,Bellevue_150th_SE38th
807,cross,0.535541,0.106969,0.1054,0.599255,0.096827,0.059919,Bellevue_150th_SE38th
808,cross,0.597688,0.139883,0.108769,0.5625,0.040399,0.118018,Bellevue_150th_SE38th
809,cross,0.555239,0.136085,0.096994,0.883426,0.036111,0.075,Bellevue_150th_SE38th
810,cross,0.53891,0.121255,0.097297,0.715029,0.237553,0.147175,Bellevue_150th_SE38th
811,cross,0.54583,0.110214,0.097027,0.885648,0.182222,0.339167,Bellevue_150th_SE38th
812,cross,0.45106,0.094796,0.075292,0.536111,-0.0,0.141667,Bellevue_150th_SE38th
813,cross,0.585011,0.118838,0.123946,0.698188,0.009444,0.120397,Bellevue_150th_SE38th
814,cross,0.542751,0.102724,0.108619,0.635675,0.007817,0.100833,Bellevue_150th_SE38th
815,cross,0.522428,0.113014,0.094787,0.645555,0.070317,0.062698,Bellevue_150th_SE38th
816,cross,0.570328,0.129253,0.111849,0.525569,0.109987,0.129762,Bellevue_150th_SE38th
817,cross,0.56622,0.135311,0.099839,0.643889,0.113889,0.178889,Bellevue_150th_SE38th
818,cross,0.543355,0.107339,0.102734,0.488889,0.011111,0.15,Bellevue_150th_SE38th
819,cross,0.445582,0.07624,0.075938,0.527778,0.133333,0.05,Bellevue_150th_SE38th
820,cross,0.537687,0.071208,0.102833,0.372222,-0.025,0.161111,Bellevue_150th_SE38th
821,cross,0.541888,0.077142,0.102459,0.573095,0.114405,0.225714,Bellevue_150th_SE38th
822,cross,0.549573,0.103925,0.106693,0.318611,-0.011111,0.048611,Bellevue_150th_SE38th
823,cross,0.539391,0.12315,0.096781,0.55,-0.000556,0.086667,Bellevue_150th_SE38th
824,cross,0.543184,0.072912,0.101319,0.584643,0.041667,0.026111,Bellevue_150th_SE38th
825,cross,0.557602,0.112238,0.112507,0.534529,0.035594,0.065661,Bellevue_150th_SE38th
826,cross,0.554022,0.137103,0.090666,0.798016,0.035556,0.101984,Bellevue_150th_SE38th
827,cross,0.577004,0.136614,0.110801,0.47504,0.065833,0.036005,Bellevue_150th_SE38th
828,cross,0.510565,0.087995,0.090484,0.651627,0.127817,0.033889,Bellevue_150th_SE38th
829,cross,0.570146,0.101562,0.125828,0.599841,0.043333,0.071984,Bellevue_150th_SE38th
830,cross,0.556919,0.102213,0.105957,0.788413,0.115397,0.053413,Bellevue_150th_SE38th
831,cross,0.558598,0.106068,0.116403,0.645461,0.021389,0.046786,Bellevue_150th_SE38th
832,cross,0.545015,0.105995,0.102857,0.520304,-0.001058,0.087421,Bellevue_150th_SE38th
833,cross,0.556265,0.119861,0.099933,0.588995,0.239206,0.057778,Bellevue_150th_SE38th
834,cross,0.546164,0.121654,0.103411,0.856071,0.144444,0.259444,Bellevue_150th_SE38th
835,cross,0.552655,0.10968,0.112635,0.509365,0.026799,0.107857,Bellevue_150th_SE38th
836,cross,0.528767,0.107742,0.096949,0.394444,-0.011111,0.094444,Bellevue_150th_SE38th
837,cross,0.486604,0.107122,0.082996,0.476204,-0.041481,0.142593,Bellevue_150th_SE38th
838,cross,0.541082,0.110664,0.101944,0.881349,0.05,0.379762,Bellevue_150th_SE38th
839,cross,0.44696,0.087648,0.074706,0.649444,0.012222,0.101111,Bellevue_150th_SE38th
840,cross,0.575589,0.124849,0.111828,0.595397,0.031667,0.068889,Bellevue_150th_SE38th
841,cross,0.546809,0.114946,0.10606,0.53631,0.008611,0.099167,Bellevue_150th_SE38th
842,cross,0.526868,0.109702,0.096274,0.528571,-0.111111,0.099206,Bellevue_150th_SE38th
843,cross,0.347381,0.053708,0.049754,0.547778,-0.046667,0.184444,Bellevue_150th_SE38th
844,cross,0.543034,0.10825,0.104643,0.482222,0.066667,0.038889,Bellevue_150th_SE38th
845,cross,0.455842,0.085902,0.076219,0.433333,-0.033333,0.1,Bellevue_150th_SE38th
846,cross,0.565734,0.125739,0.111754,0.482143,0.063333,0.067619,Bellevue_150th_SE38th
847,cross,0.547476,0.11349,0.105354,0.473175,-0.003571,0.263651,Bellevue_150th_SE38th
848,cross,0.592004,0.127983,0.122615,0.542471,0.068639,0.099341,Bellevue_150th_SE38th
849,cross,0.418918,0.065862,0.063696,0.683333,0.008333,0.141667,Bellevue_150th_SE38th
850,cross,0.579335,0.129267,0.114736,0.595,0.123889,0.131667,Bellevue_150th_SE38th
851,cross,0.572953,0.118044,0.118567,0.806111,0.391111,0.065,Bellevue_150th_SE38th
852,cross,0.549031,0.106663,0.105098,0.707897,0.142778,0.158889,Bellevue_150th_SE38th
853,cross,0.536024,0.093292,0.099152,0.738056,0.096508,0.259444,Bellevue_150th_SE38th
854,cross,0.576053,0.127928,0.116324,0.599367,0.115647,0.080717,Bellevue_150th_SE38th
855,cross,0.557009,0.10679,0.097688,0.505384,0.094815,0.071574,Bellevue_150th_SE38th
856,cross,0.516214,0.096704,0.09714,0.718439,0.098095,0.110833,Bellevue_150th_SE38th
857,cross,0.56321,0.116934,0.112387,0.682725,0.107011,0.05836,Bellevue_150th_SE38th
858,cross,0.582483,0.13785,0.115972,0.555873,0.044815,0.03045,Bellevue_150th_SE38th
859,cross,0.496294,0.080877,0.099022,0.638889,0.111111,0.130556,Bellevue_150th_SE38th
860,cross,0.499413,0.067406,0.099326,0.2,0.0,0.0,Bellevue_150th_SE38th
861,cross,0.585712,0.123766,0.12146,0.629788,0.168889,0.08082,Bellevue_150th_SE38th
862,cross,0.52369,0.122313,0.091451,0.75582,-0.033479,0.197791,Bellevue_150th_SE38th
863,cross,0.524198,0.117972,0.094667,0.591508,0.092778,0.096667,Bellevue_150th_SE38th
864,cross,0.546077,0.104447,0.104055,0.663095,0.038333,0.115317,Bellevue_150th_SE38th
865,cross,0.58473,0.126002,0.121844,0.465516,0.062778,0.064722,Bellevue_150th_SE38th
866,cross,0.596573,0.124134,0.128058,0.553968,0.049444,0.062262,Bellevue_150th_SE38th
867,cross,0.58173,0.109539,0.128113,0.72,0.094444,0.158333,Bellevue_150th_SE38th
868,cross,0.440234,0.067113,0.074596,0.71496,0.011111,0.020833,Bellevue_150th_SE38th
869,cross,0.584976,0.124814,0.123589,0.701667,0.067778,0.027778,Bellevue_150th_SE38th
870,cross,0.492125,0.114893,0.082414,0.69254,0.004683,0.031746,Bellevue_150th_SE38th
871,cross,0.583462,0.142401,0.114588,0.665556,0.094444,0.177222,Bellevue_150th_SE38th
872,cross,0.511004,0.064146,0.103917,0.579683,0.027778,0.113651,Bellevue_150th_SE38th
873,cross,0.523315,0.110898,0.095338,0.570913,0.024722,0.053333,Bellevue_150th_SE38th
874,cross,0.593481,0.131622,0.122576,0.697103,0.14004,0.138651,Bellevue_150th_SE38th
875,cross,0.554521,0.103749,0.105019,0.765159,0.097222,0.086429,Bellevue_150th_SE38th
876,cross,0.59594,0.125214,0.12988,0.59127,0.034656,0.065966,Bellevue_150th_SE38th
877,cross,0.588782,0.125419,0.121432,0.653889,0.039444,0.140556,Bellevue_150th_SE38th
878,cross,0.489291,0.078806,0.094753,0.613968,0.073095,0.097778,Bellevue_150th_SE38th
879,cross,0.563702,0.123702,0.112215,0.603254,0.186667,0.053373,Bellevue_150th_SE38th
880,cross,0.47036,0.083425,0.082127,0.486111,-0.008333,0.088889,Bellevue_150th_SE38th
881,cross,0.38353,0.040657,0.051712,0.2,0.0,0.0,Bellevue_150th_SE38th
882,cross,0.495417,0.070484,0.087226,0.066667,0.0,0.0,Bellevue_150th_SE38th
883,cross,0.332839,0.028659,0.040347,0.4,0.033333,0.033333,Bellevue_150th_SE38th
884,cross,0.555998,0.108107,0.113349,0.58211,0.059657,0.097024,Bellevue_150th_SE38th
885,cross,0.441526,0.072902,0.074959,0.387183,0.083413,0.02254,Bellevue_150th_SE38th
886,cross,0.545549,0.095344,0.111037,0.515079,0.01172,0.146508,Bellevue_150th_SE38th
887,cross,0.371903,0.051442,0.052292,0.693214,0.143175,0.063611,Bellevue_150th_SE38th
888,cross,0.469542,0.07726,0.084324,0.603571,0.05,0.147222,Bellevue_150th_SE38th
889,cross,0.596023,0.122425,0.130436,0.465,0.036667,0.097222,Bellevue_150th_SE38th
890,cross,0.380752,0.058902,0.055597,0.366667,0.133333,0.0,Bellevue_150th_SE38th
891,cross,0.465967,0.074086,0.077005,0.690357,0.016389,0.112857,Bellevue_150th_SE38th
892,cross,0.55246,0.122962,0.105531,0.716984,0.018651,0.114206,Bellevue_150th_SE38th
893,cross,0.555691,0.110486,0.111629,0.352778,-0.119444,0.088889,Bellevue_150th_SE38th
894,cross,0.501542,0.112806,0.088964,0.587778,0.05,0.116667,Bellevue_150th_SE38th
895,cross,0.49112,0.083198,0.093773,0.266667,-0.033333,0.033333,Bellevue_150th_SE38th
896,cross,0.464872,0.066576,0.076923,0.522222,0.016667,0.077778,Bellevue_150th_SE38th
897,cross,0.534689,0.073748,0.084938,0.479444,0.115317,0.013889,Bellevue_150th_SE38th
898,cross,0.43977,0.077502,0.072463,0.432222,0.038889,0.083333,Bellevue_150th_SE38th
899,cross,0.573146,0.119925,0.118409,0.606865,0.192897,0.069087,Bellevue_150th_SE38th
900,cross,0.437085,0.089282,0.068552,0.476667,0.055556,0.033333,Bellevue_150th_SE38th
901,cross,0.553957,0.126184,0.104593,0.62706,0.091785,0.097422,Bellevue_150th_SE38th
902,cross,0.5677,0.122446,0.104809,0.567614,0.08099,0.109259,Bellevue_150th_SE38th
903,cross,0.57509,0.13289,0.112741,0.594365,0.007222,0.043889,Bellevue_150th_SE38th
904,cross,0.483307,0.112483,0.081694,0.589881,0.003611,0.102302,Bellevue_150th_SE38th
905,cross,0.481225,0.077335,0.086773,0.696111,0.111111,0.355556,Bellevue_150th_SE38th
906,cross,0.412099,0.057675,0.066102,0.583333,0.066667,0.15,Bellevue_150th_SE38th
907,cross,0.568234,0.095366,0.122942,0.388889,-0.033333,0.033333,Bellevue_150th_SE38th
908,cross,0.553685,0.114922,0.106284,0.543889,0.006667,0.059444,Bellevue_150th_SE38th
909,cross,0.542141,0.123838,0.101399,0.610556,0.096111,0.024444,Bellevue_150th_SE38th
910,cross,0.584613,0.122543,0.120324,0.461667,0.06,0.011111,Bellevue_150th_SE38th
911,cross,0.562405,0.097754,0.120407,0.527222,-0.024444,0.166667,Bellevue_150th_SE38th
912,cross,0.458624,0.079389,0.080204,0.466667,0.072222,0.077778,Bellevue_150th_SE38th
913,cross,0.52164,0.106581,0.094865,0.52,0.027778,0.055,Bellevue_150th_SE38th
914,cross,0.574967,0.122191,0.115681,0.668452,0.01004,0.054246,Bellevue_150th_SE38th
915,cross,0.565516,0.113859,0.109831,0.568452,0.079167,0.05004,Bellevue_150th_SE38th
916,cross,0.543977,0.119965,0.101914,0.507183,0.058929,0.069444,Bellevue_150th_SE38th
917,cross,0.45526,0.093768,0.074027,0.388889,0.0,0.0,Bellevue_150th_SE38th
918,cross,0.383929,0.062354,0.05818,0.377778,0.033333,0.133333,Bellevue_150th_SE38th
919,cross,0.563248,0.112345,0.119568,0.533333,0.105556,0.102778,Bellevue_150th_SE38th
920,cross,0.431282,0.072422,0.069668,0.546627,0.008929,0.020833,Bellevue_150th_SE38th
921,cross,0.527172,0.115176,0.097679,0.668201,0.06,0.073889,Bellevue_150th_SE38th
922,cross,0.563341,0.117325,0.113629,0.458333,0.072222,0.088889,Bellevue_150th_SE38th
923,cross,0.440486,0.044068,0.069346,0.575,0.016667,0.083333,Bellevue_150th_SE38th
924,cross,0.394059,0.052128,0.056494,0.494444,-0.05,0.066667,Bellevue_150th_SE38th
925,cross,0.558275,0.096204,0.111225,0.597698,0.024206,0.125556,Bellevue_150th_SE38th
926,cross,0.576957,0.11863,0.120759,0.521111,-0.05,0.178889,Bellevue_150th_SE38th
927,cross,0.536746,0.097548,0.10724,0.64504,0.136984,0.041111,Bellevue_150th_SE38th
928,cross,0.551377,0.112407,0.104691,0.459722,0.039444,0.103889,Bellevue_150th_SE38th
929,cross,0.429609,0.084588,0.069667,0.591667,0.044444,0.086111,Bellevue_150th_SE38th
930,cross,0.550909,0.082866,0.114879,0.394444,0.088889,0.102222,Bellevue_150th_SE38th
931,cross,0.452315,0.089375,0.074852,0.625,0.105556,0.066667,Bellevue_150th_SE38th
932,cross,0.544578,0.110965,0.10587,0.611667,0.044444,0.141667,Bellevue_150th_SE38th
933,cross,0.487506,0.078369,0.088756,0.547222,0.036111,0.033333,Bellevue_150th_SE38th
934,cross,0.547455,0.090729,0.117361,0.729444,0.077778,0.148333,Bellevue_150th_SE38th
935,cross,0.533313,0.084295,0.107291,0.521944,0.043889,0.061111,Bellevue_150th_SE38th
936,cross,0.585776,0.118158,0.124483,0.597143,-0.025,0.086111,Bellevue_150th_SE38th
937,cross,0.575278,0.103172,0.129588,0.483333,-0.083333,0.083333,Bellevue_150th_SE38th
938,cross,0.581105,0.119351,0.122675,0.571111,0.022222,0.052778,Bellevue_150th_SE38th
939,cross,0.571385,0.123661,0.114566,0.647698,0.083095,0.037222,Bellevue_150th_SE38th
940,cross,0.550707,0.095137,0.11527,0.604722,-0.005556,0.173611,Bellevue_150th_SE38th
941,cross,0.448534,0.091065,0.07351,0.616667,0.05,0.083333,Bellevue_150th_SE38th
942,cross,0.408758,0.047204,0.057796,0.817222,0.19,0.131667,Bellevue_150th_SE38th
943,cross,0.492192,0.094633,0.090305,0.655556,0.044444,0.144444,Bellevue_150th_SE38th
944,cross,0.492392,0.042986,0.082145,0.3,0.0,0.0,Bellevue_150th_SE38th
945,cross,0.357777,0.060769,0.05291,0.461111,0.022222,0.111111,Bellevue_150th_SE38th
946,cross,0.431467,0.067397,0.074223,0.506111,0.001667,0.026111,Bellevue_150th_SE38th
947,cross,0.56764,0.109985,0.120122,0.616111,0.095556,0.162222,Bellevue_150th_SE38th
948,cross,0.428533,0.08052,0.069647,0.442222,-0.016667,0.083333,Bellevue_150th_SE38th
949,cross,0.420107,0.074538,0.06957,0.62119,0.201429,0.016667,Bellevue_150th_SE38th
950,cross,0.503219,0.075884,0.094856,0.668254,0.041429,0.121984,Bellevue_150th_SE38th
951,cross,0.499514,0.075234,0.095086,0.556944,0.031111,0.15,Bellevue_150th_SE38th
952,cross,0.563494,0.1232,0.108002,0.791667,0.033333,0.016667,Bellevue_150th_SE38th
953,cross,0.549415,0.125388,0.103559,0.694775,0.153056,0.07877,Bellevue_150th_SE38th
954,cross,0.518816,0.133343,0.086402,0.503413,0.10119,0.076984,Bellevue_150th_SE38th
955,cross,0.567442,0.150034,0.103941,0.688227,0.207989,0.077989,Bellevue_150th_SE38th
956,cross,0.624237,0.160704,0.125077,0.58798,0.113188,0.086089,Bellevue_150th_SE38th
957,cross,0.55127,0.126483,0.092991,0.694392,0.086164,0.155661,Bellevue_150th_SE38th
958,cross,0.53294,0.102732,0.103428,0.697619,0.039444,0.052778,Bellevue_150th_SE38th
959,cross,0.592465,0.123776,0.127276,0.5,0.0,0.033333,Bellevue_150th_SE38th
960,cross,0.346558,0.019552,0.037577,0.49381,0.022222,0.147222,Bellevue_150th_SE38th
961,cross,0.362715,0.050953,0.052822,0.4,0.0,0.0,Bellevue_150th_SE38th
962,cross,0.337071,0.027924,0.040184,0.35,0.033333,0.0,Bellevue_150th_SE38th
963,cross,0.483681,0.058134,0.089018,0.533333,0.083333,0.05,Bellevue_150th_SE38th
964,cross,0.382029,0.035467,0.050482,0.55,0.116667,0.080556,Bellevue_150th_SE38th
965,cross,0.370561,0.037912,0.054838,0.533333,0.0,0.144444,Bellevue_150th_SE38th
966,cross,0.556749,0.092991,0.105963,0.616111,-0.058333,0.08,Bellevue_150th_SE38th
967,cross,0.538156,0.095953,0.106553,0.477778,0.038889,0.0,Bellevue_150th_SE38th
968,cross,0.361238,0.026913,0.0426,0.394444,0.1,0.1,Bellevue_150th_SE38th
969,cross,0.358556,0.048025,0.050813,0.372222,-0.027778,0.044444,Bellevue_150th_SE38th
970,cross,0.534058,0.068342,0.10474,0.525,0.027778,0.055556,Bellevue_150th_SE38th
971,cross,0.584213,0.109097,0.127105,0.521958,0.045741,0.142355,Bellevue_150th_SE38th
972,cross,0.556027,0.115624,0.103345,0.742791,0.220741,0.081786,Bellevue_150th_SE38th
973,cross,0.540508,0.102476,0.105098,0.674325,0.175635,0.025317,Bellevue_150th_SE38th
974,cross,0.549983,0.104647,0.10844,0.556905,0.083333,0.033333,Bellevue_150th_SE38th
975,cross,0.492283,0.092209,0.088993,0.599151,0.121178,0.015079,Bellevue_150th_SE38th
976,cross,0.522954,0.091543,0.096438,0.694444,0.161111,0.202778,Bellevue_150th_SE38th
977,cross,0.447534,0.066459,0.069867,0.477778,0.133333,0.044444,Bellevue_150th_SE38th
978,cross,0.561427,0.105109,0.109053,0.405556,0.044444,0.058333,Bellevue_150th_SE38th
979,cross,0.413128,0.044179,0.058234,0.556905,0.013095,0.160556,Bellevue_150th_SE38th
980,cross,0.388833,0.053636,0.057832,0.490556,-0.035,0.033333,Bellevue_150th_SE38th
981,cross,0.507798,0.062653,0.090658,0.311111,0.033333,0.0,Bellevue_150th_SE38th
982,cross,0.276205,0.027245,0.028178,0.471667,0.135,0.066111,Bellevue_150th_SE38th
983,cross,0.523685,0.088372,0.104833,0.445,0.0,0.1,Bellevue_150th_SE38th
984,cross,0.270852,0.026283,0.027273,0.4,0.033333,0.05,Bellevue_150th_SE38th
985,cross,0.555698,0.080985,0.093948,0.755913,0.054206,0.008333,Bellevue_150th_SE38th
986,cross,0.589586,0.124553,0.121748,0.606508,0.048651,0.041667,Bellevue_150th_SE38th
987,cross,0.496259,0.080997,0.090236,0.358889,0.0,0.084444,Bellevue_150th_SE38th
988,cross,0.313378,0.018724,0.031739,0.233333,0.0,0.0,Bellevue_150th_SE38th
989,cross,0.446223,0.049875,0.071884,0.629127,0.163889,0.053175,Bellevue_150th_SE38th
990,cross,0.416004,0.069155,0.06807,0.615556,0.033333,0.072222,Bellevue_150th_SE38th
991,cross,0.378514,0.039886,0.049805,0.266667,0.033333,0.0,Bellevue_150th_SE38th
992,cross,0.53555,0.106393,0.103184,0.643333,0.166667,0.017778,Bellevue_150th_SE38th
993,cross,0.550413,0.112398,0.110303,0.621111,0.033333,0.155556,Bellevue_150th_SE38th
994,cross,0.566864,0.113268,0.112861,0.238889,-0.05,0.033333,Bellevue_150th_SE38th
995,cross,0.331851,0.023199,0.037152,0.233333,0.0,0.0,Bellevue_150th_SE38th
996,cross,0.391799,0.044589,0.053731,0.5,0.011111,0.083333,Bellevue_150th_SE38th
997,cross,0.425605,0.040349,0.052645,0.455556,0.094444,0.083333,Bellevue_150th_SE38th
998,cross,0.561875,0.110895,0.114041,0.602778,0.1,0.116667,Bellevue_150th_SE38th
999,cross,0.433416,0.069638,0.072316,0.531667,-0.012222,0.131667,Bellevue_150th_SE38th
1000,cross,0.505839,0.098978,0.094239,0.611111,0.066667,0.108333,Bellevue_150th_SE38th
1001,cross,0.588026,0.117531,0.129169,0.556918,0.072222,0.036481,Bellevue_150th_SE38th
1002,cross,0.522748,0.122561,0.089262,0.635728,0.049854,0.023611,Bellevue_150th_SE38th
1003,cross,0.476649,0.073946,0.086459,0.469444,0.033333,0.05,Bellevue_150th_SE38th
1004,cross,0.362831,0.027531,0.043328,0.266667,0.083333,0.0,Bellevue_150th_SE38th
1005,cross,0.49107,0.054415,0.085046,0.533333,0.083333,0.0,Bellevue_150th_SE38th
1006,cross,0.385625,0.036842,0.05301,0.650833,0.038889,0.063611,Bellevue_150th_SE38th
1007,cross,0.560526,0.091154,0.110139,0.686349,0.113889,0.088095,Bellevue_150th_SE38th
1008,cross,0.409491,0.07471,0.062581,0.544444,0.041667,0.083333,Bellevue_150th_SE38th
1009,cross,0.392723,0.064342,0.05964,0.680079,0.07627,0.061429,Bellevue_150th_SE38th
1010,cross,0.572706,0.117327,0.116457,0.728585,0.012963,0.013426,Bellevue_150th_SE38th
1011,cross,0.55768,0.12264,0.109197,0.555556,-0.011111,0.111111,Bellevue_150th_SE38th
1012,cross,0.55295,0.105093,0.110935,0.591825,0.145317,0.016667,Bellevue_150th_SE38th
1013,cross,0.499556,0.091112,0.093538,0.558889,0.077778,0.063333,Bellevue_150th_SE38th
1014,cross,0.373936,0.058764,0.055987,0.461111,0.108333,0.094444,Bellevue_150th_SE38th
1015,cross,0.518741,0.073995,0.10563,0.648333,0.108333,0.037222,Bellevue_150th_SE38th
1016,cross,0.393892,0.044503,0.054677,0.266667,0.0,0.0,Bellevue_150th_SE38th
1017,cross,0.410122,0.036923,0.057101,0.519444,0.013889,0.083333,Bellevue_150th_SE38th
1018,cross,0.601538,0.116817,0.136354,0.233333,-0.072222,0.111111,Bellevue_150th_SE38th
1019,cross,0.551666,0.125257,0.104863,0.333333,-0.05,0.233333,Bellevue_150th_SE38th
1020,cross,0.426269,0.096106,0.065404,0.280556,-0.155556,0.186111,Bellevue_150th_SE38th
1021,cross,0.507742,0.113353,0.089561,0.46,0.088889,0.0,Bellevue_150th_SE38th
1022,cross,0.316133,0.022386,0.035271,0.033333,0.0,0.0,Bellevue_150th_SE38th
1023,cross,0.32915,0.024622,0.037639,0.38,-0.030833,0.051389,Bellevue_150th_SE38th
1024,cross,0.541081,0.071041,0.099051,0.305556,0.044444,0.011111,Bellevue_150th_SE38th
1025,cross,0.319921,0.034818,0.039109,0.433333,0.0,0.15,Bellevue_150th_SE38th
1026,cross,0.407231,0.045087,0.058146,0.658333,0.022222,0.122222,Bellevue_150th_SE38th
1027,cross,0.506721,0.069936,0.102611,0.472222,0.033333,0.0,Bellevue_150th_SE38th
1028,cross,0.379104,0.056783,0.057233,0.383333,0.033333,0.083333,Bellevue_150th_SE38th
1029,cross,0.442805,0.045713,0.079075,0.5,0.0,0.0,Bellevue_150th_SE38th
1030,cross,0.326138,0.021828,0.035905,0.5,0.0,0.0,Bellevue_150th_SE38th
1031,cross,0.353333,0.028071,0.042642,0.490556,-0.01,0.133333,Bellevue_150th_SE38th
1032,cross,0.367472,0.052162,0.052554,0.266667,0.0,0.0,Bellevue_150th_SE38th
1033,cross,0.291595,0.029856,0.031502,0.4,0.0,0.0,Bellevue_150th_SE38th
1034,cross,0.350547,0.026688,0.041723,0.333333,0.0,0.0,Bellevue_150th_SE38th
1035,cross,0.464864,0.067635,0.078816,0.555556,0.05,0.011111,Bellevue_150th_SE38th
1036,cross,0.434841,0.093584,0.069108,0.588889,0.158333,0.097222,Bellevue_150th_SE38th
1037,cross,0.519551,0.081591,0.096382,0.628889,0.206667,0.197778,Bellevue_150th_SE38th
1038,cross,0.542607,0.109602,0.105116,0.258333,0.033333,0.0,Bellevue_150th_SE38th
1039,cross,0.330971,0.029377,0.038731,0.5,0.0,0.0,Bellevue_150th_SE38th
1040,cross,0.31896,0.017374,0.033236,0.477778,0.066667,0.033333,Bellevue_150th_SE38th
1041,cross,0.4866,0.05243,0.079901,0.46,0.066667,0.023333,Bellevue_150th_SE38th
1042,cross,0.329455,0.027369,0.038408,0.375,-0.033333,0.033333,Bellevue_150th_SE38th
1043,cross,0.513797,0.065415,0.094829,0.466667,0.133333,0.033333,Bellevue_150th_SE38th
1044,cross,0.474551,0.057291,0.076666,0.3,0.044444,0.0,Bellevue_150th_SE38th
1045,cross,0.340265,0.024009,0.038788,0.266667,0.0,0.0,Bellevue_150th_SE38th
1046,cross,0.533569,0.118566,0.095594,0.703016,0.038889,0.019444,Bellevue_150th_SE38th
1047,cross,0.56482,0.100125,0.11797,0.7025,0.0,0.036111,Bellevue_150th_SE38th
1048,cross,0.408161,0.019541,0.053774,0.466667,0.0,0.0,Bellevue_150th_SE38th
1049,cross,0.340083,0.026261,0.040101,0.233333,0.0,0.0,Bellevue_150th_SE38th
1050,cross,0.353331,0.027833,0.042691,0.45,0.033333,0.066667,Bellevue_150th_SE38th
1051,cross,0.299583,0.034897,0.034716,0.266667,0.0,0.0,Bellevue_150th_SE38th
1052,cross,0.452892,0.085244,0.079816,0.322222,-0.016667,0.066667,Bellevue_150th_SE38th
1053,cross,0.552606,0.125788,0.104403,0.45,0.0,0.05,Bellevue_150th_SE38th
1054,cross,0.427518,0.068112,0.072231,0.366667,0.0,0.0,Bellevue_150th_SE38th
1055,cross,0.404647,0.040757,0.054526,0.533333,0.0,0.0,Bellevue_150th_SE38th
1056,cross,0.332633,0.020582,0.036438,0.383333,0.066667,0.033333,Bellevue_150th_SE38th
1057,cross,0.376356,0.042638,0.050993,0.1,0.0,0.0,Bellevue_150th_SE38th
1058,cross,0.393663,0.040341,0.054075,0.572222,0.088889,0.016667,Bellevue_150th_SE38th
1059,cross,0.588274,0.124344,0.120638,0.776664,0.080913,0.21844,Bellevue_150th_SE38th
1060,cross,0.570778,0.110016,0.118182,0.511676,0.026165,0.071944,Bellevue_150th_SE38th
1061,cross,0.537479,0.063167,0.090321,0.50381,0.012222,0.176111,Bellevue_150th_SE38th
1062,cross,0.39046,0.061358,0.059877,0.54246,0.03754,0.133095,Bellevue_150th_SE38th
1063,cross,0.523378,0.095349,0.101877,0.630053,0.067923,0.066455,Bellevue_150th_SE38th
1064,cross,0.546222,0.088705,0.105273,0.561349,-0.038889,0.091667,Bellevue_150th_SE38th
1065,cross,0.349795,0.050556,0.049728,0.233333,0.0,0.0,Bellevue_150th_SE38th
1066,cross,0.323154,0.027324,0.036827,0.433333,0.0,0.0,Bellevue_150th_SE38th
1067,cross,0.357094,0.056847,0.052575,0.388889,-0.044444,0.072222,Bellevue_150th_SE38th
1068,cross,0.508723,0.096604,0.094462,0.288889,0.002778,0.041667,Bellevue_150th_SE38th
1069,cross,0.534051,0.081084,0.105716,0.465847,0.065,0.039259,Bellevue_150th_SE38th
1070,cross,0.418195,0.083188,0.06452,0.355556,0.05,0.05,Bellevue_150th_SE38th
1071,cross,0.415133,0.027786,0.061737,0.413889,-0.038889,0.1,Bellevue_150th_SE38th
1072,cross,0.57913,0.109907,0.120529,0.391667,-0.008333,0.041667,Bellevue_150th_SE38th
1073,cross,0.34608,0.055318,0.049484,0.4,0.0,0.0,Bellevue_150th_SE38th
1074,cross,0.425195,0.075559,0.067879,0.75631,0.162222,0.027778,Bellevue_150th_SE38th
1075,cross,0.456132,0.073751,0.078784,0.662751,0.0,0.077037,Bellevue_150th_SE38th
1076,cross,0.502191,0.057065,0.095955,0.277778,0.016667,0.072222,Bellevue_150th_SE38th
1077,cross,0.553711,0.112625,0.110518,0.603333,0.078889,0.148333,Bellevue_150th_SE38th
1078,cross,0.366848,0.052152,0.051284,0.433333,0.0,0.0,Bellevue_150th_SE38th
1079,cross,0.407398,0.079736,0.061912,0.533333,-0.033333,0.0,Bellevue_150th_SE38th
1080,cross,0.324287,0.028788,0.037597,0.2,0.0,0.0,Bellevue_150th_SE38th
1081,cross,0.54985,0.108166,0.109007,0.773889,0.025,0.05,Bellevue_150th_SE38th
1082,cross,0.567953,0.134269,0.10707,0.691349,0.036667,0.161429,Bellevue_150th_SE38th
1083,cross,0.517763,0.078048,0.104446,0.618016,0.002778,0.005556,Bellevue_150th_SE38th
1084,cross,0.440229,0.059225,0.076122,0.582222,0.1,0.05,Bellevue_150th_SE38th
1085,cross,0.382237,0.042915,0.052069,0.433333,0.066667,0.0,Bellevue_150th_SE38th
1086,cross,0.43798,0.07059,0.0698,0.216667,0.033333,0.0,Bellevue_150th_SE38th
1087,cross,0.361349,0.044599,0.048406,0.416667,0.077778,0.033333,Bellevue_150th_SE38th
1088,cross,0.345305,0.024842,0.039486,0.166667,0.0,0.0,Bellevue_150th_SE38th
1089,cross,0.316896,0.022971,0.035827,0.3,0.0,0.0,Bellevue_150th_SE38th
1090,cross,0.340128,0.023471,0.038547,0.466667,0.0,0.0,Bellevue_150th_SE38th
1091,cross,0.34433,0.025278,0.039904,0.5,0.0,0.0,Bellevue_150th_SE38th
1092,cross,0.310523,0.014324,0.030683,0.483333,-0.022222,0.166667,Bellevue_150th_SE38th
1093,cross,0.572325,0.076564,0.126329,0.582222,0.05,0.094444,Bellevue_150th_SE38th
1094,cross,0.364352,0.039553,0.052493,0.352778,-0.033333,0.077778,Bellevue_150th_SE38th
1095,cross,0.407325,0.040759,0.057458,0.533333,0.05,0.155556,Bellevue_150th_SE38th
1096,cross,0.373431,0.043563,0.052618,0.333333,0.0,0.0,Bellevue_150th_SE38th
1097,cross,0.358579,0.057524,0.05254,0.366667,0.0,0.0,Bellevue_150th_SE38th
1098,cross,0.458438,0.099909,0.074109,0.570238,0.111111,0.061111,Bellevue_150th_SE38th
1099,cross,0.349523,0.028264,0.042063,0.316667,0.075,0.0,Bellevue_150th_SE38th
1100,cross,0.48822,0.060264,0.08896,0.542222,0.073333,0.113333,Bellevue_150th_SE38th
1101,cross,0.563985,0.084181,0.109792,0.45,0.030556,0.077778,Bellevue_150th_SE38th
1102,cross,0.401424,0.032709,0.063893,0.266667,0.0,0.0,Bellevue_150th_SE38th
1103,cross,0.279825,0.024522,0.027578,0.475,0.019444,0.0,Bellevue_150th_SE38th
1104,cross,0.520657,0.095621,0.098027,0.327778,-0.011111,0.011111,Bellevue_150th_SE38th
1105,cross,0.38914,0.071465,0.058413,0.391667,0.0,0.116667,Bellevue_150th_SE38th
1106,cross,0.409306,0.042667,0.071179,0.316667,-0.066667,0.116667,Bellevue_150th_SE38th
1107,cross,0.516361,0.065267,0.094144,0.736865,0.144444,0.129167,Bellevue_150th_SE38th
1108,cross,0.50124,0.083747,0.095342,0.718214,0.021627,0.061508,Bellevue_150th_SE38th
1109,cross,0.412834,0.05554,0.06586,0.777183,-0.023333,0.019444,Bellevue_150th_SE38th
1110,cross,0.505504,0.065349,0.103032,0.344444,-0.055556,0.122222,Bellevue_150th_SE38th
1111,cross,0.327789,0.022911,0.036427,0.433333,0.0,0.0,Bellevue_150th_SE38th
1112,cross,0.334979,0.024985,0.038835,0.433333,0.011111,0.0,Bellevue_150th_SE38th
1113,cross,0.51304,0.061727,0.096472,0.631587,0.148056,0.104722,Bellevue_150th_SE38th
1114,cross,0.493147,0.090544,0.08731,0.493333,0.025,0.108333,Bellevue_150th_SE38th
1115,cross,0.384857,0.066348,0.058156,0.523333,0.097778,0.083333,Bellevue_150th_SE38th
1116,cross,0.564455,0.106361,0.112196,0.656825,0.094722,0.073056,Bellevue_150th_SE38th
1117,cross,0.540193,0.085432,0.108038,0.675556,0.025794,0.135317,Bellevue_150th_SE38th
1118,cross,0.526742,0.093771,0.101402,0.576349,0.105556,0.088889,Bellevue_150th_SE38th
1119,cross,0.572264,0.126143,0.112509,0.355556,0.0,0.033333,Bellevue_150th_SE38th
1120,cross,0.41026,0.082148,0.064468,0.333333,0.0,0.011111,Bellevue_150th_SE38th
1121,cross,0.335588,0.027156,0.040001,0.166667,0.0,0.0,Bellevue_150th_SE38th
1122,cross,0.476667,0.068981,0.07879,0.609444,0.03,0.069444,Bellevue_150th_SE38th
1123,cross,0.569357,0.102884,0.119574,0.625688,0.015,0.092857,Bellevue_150th_SE38th
1124,cross,0.527483,0.086984,0.10302,0.783571,0.000317,0.104206,Bellevue_150th_SE38th
1125,cross,0.581891,0.133038,0.117705,0.710079,0.144603,0.028333,Bellevue_150th_SE38th
1126,cross,0.556963,0.120023,0.100047,0.692024,0.173214,0.056429,Bellevue_150th_SE38th
1127,cross,0.519999,0.103419,0.095575,0.724127,0.006667,0.132672,Bellevue_150th_SE38th
1128,cross,0.493374,0.051687,0.089753,0.693333,0.030556,0.111111,Bellevue_150th_SE38th
1129,cross,0.472099,0.056703,0.086855,0.5,0.0,0.116667,Bellevue_150th_SE38th
1130,cross,0.448142,0.046528,0.074785,0.508333,0.083333,0.016667,Bellevue_150th_SE38th
1131,cross,0.527792,0.058641,0.088401,0.572302,0.023333,0.186111,Bellevue_150th_SE38th
1132,cross,0.494341,0.081295,0.087981,0.866667,0.516667,0.1,Bellevue_150th_SE38th
1133,cross,0.459259,0.063138,0.076293,1.0,0.777778,0.033333,Bellevue_150th_SE38th
1134,cross,0.357584,0.04411,0.045467,0.671071,0.201389,0.044167,Bellevue_150th_SE38th
1135,cross,0.517378,0.085457,0.095919,0.562778,0.058333,0.101111,Bellevue_150th_SE38th
1136,cross,0.404926,0.046023,0.058495,0.35,-0.033333,0.083333,Bellevue_150th_SE38th
1137,cross,0.568188,0.13056,0.107524,0.538889,0.0,0.066667,Bellevue_150th_SE38th
1138,cross,0.373593,0.024349,0.048191,0.266667,0.0,0.0,Bellevue_150th_SE38th
1139,cross,0.345484,0.026181,0.040492,0.1,0.0,0.0,Bellevue_150th_SE38th
1140,cross,0.367987,0.061263,0.053713,0.133333,0.0,0.0,Bellevue_150th_SE38th
1141,cross,0.48457,0.055151,0.089705,0.446111,0.0,0.033333,Bellevue_150th_SE38th
1142,cross,0.362093,0.055562,0.052208,0.516667,0.027778,0.066667,Bellevue_150th_SE38th
1143,cross,0.364461,0.038927,0.048605,0.333333,0.0,0.0,Bellevue_150th_SE38th
1144,cross,0.426676,0.03804,0.064055,0.433333,0.066667,0.133333,Bellevue_150th_SE38th
1145,cross,0.439032,0.051747,0.064358,0.75,0.075,0.097222,Bellevue_150th_SE38th
1146,cross,0.526789,0.076297,0.096878,0.513889,0.016667,0.086111,Bellevue_150th_SE38th
1147,cross,0.565236,0.132468,0.110632,0.972222,0.066667,0.0,Bellevue_150th_SE38th
1148,cross,0.589726,0.134029,0.121582,0.768611,0.045556,0.031667,Bellevue_150th_SE38th
1149,cross,0.388463,0.056105,0.062114,0.735344,0.12037,0.029299,Bellevue_150th_SE38th
1150,cross,0.472811,0.072713,0.082082,0.605847,-0.016667,0.035714,Bellevue_150th_SE38th
1151,cross,0.465042,0.067865,0.087365,0.312698,0.083333,0.040873,Bellevue_150th_SE38th
1152,cross,0.418338,0.048117,0.061899,0.31,-0.05,0.073333,Bellevue_150th_SE38th
1153,cross,0.282861,0.031932,0.030481,0.4,0.0,0.0,Bellevue_150th_SE38th
1154,cross,0.342525,0.025812,0.039585,0.233333,0.0,0.0,Bellevue_150th_SE38th
1155,cross,0.332401,0.024823,0.03859,0.452222,0.040556,0.081667,Bellevue_150th_SE38th
1156,cross,0.480567,0.066687,0.090323,0.729167,0.112222,0.057222,Bellevue_150th_SE38th
1157,cross,0.542944,0.089536,0.107837,0.494524,0.031984,0.059444,Bellevue_150th_SE38th
1158,cross,0.482383,0.101641,0.083532,0.48881,0.027778,0.062222,Bellevue_150th_SE38th
1159,cross,0.356344,0.031208,0.043427,0.586667,-0.044444,0.145556,Bellevue_150th_SE38th
1160,cross,0.480818,0.044582,0.085094,0.241667,0.016667,0.025,Bellevue_150th_SE38th
1161,cross,0.527385,0.079154,0.099576,0.907431,0.2,0.095,Bellevue_150th_SE38th
1162,cross,0.513766,0.093153,0.09303,0.632645,0.068704,0.06791,Bellevue_150th_SE38th
1163,cross,0.56272,0.09308,0.108095,0.616508,0.047037,0.0425,Bellevue_150th_SE38th
1164,cross,0.427876,0.073519,0.067584,0.621111,0.127778,0.122222,Bellevue_150th_SE38th
1165,cross,0.511422,0.06752,0.094743,0.61,0.09,0.061111,Bellevue_150th_SE38th
1166,cross,0.288427,0.031129,0.031253,0.333333,0.077778,0.0,Bellevue_150th_SE38th
1167,cross,0.416504,0.03945,0.060418,0.438889,-0.041667,0.161111,Bellevue_150th_SE38th
1168,cross,0.362118,0.05169,0.051846,0.166667,0.0,0.0,Bellevue_150th_SE38th
1169,cross,0.347808,0.027115,0.041328,0.233333,0.0,0.0,Bellevue_150th_SE38th
1170,cross,0.342378,0.026598,0.040635,0.572222,0.166667,0.0,Bellevue_150th_SE38th
1171,cross,0.391889,0.03718,0.051382,0.533333,0.072222,0.061111,Bellevue_150th_SE38th
1172,cross,0.423202,0.050467,0.068762,0.488889,0.113889,0.069444,Bellevue_150th_SE38th
1173,cross,0.465295,0.043845,0.071685,0.372222,0.0,0.116667,Bellevue_150th_SE38th
1174,cross,0.357504,0.025512,0.041746,0.166667,0.0,0.0,Bellevue_150th_SE38th
1175,cross,0.33517,0.02367,0.037817,0.391667,0.033333,0.033333,Bellevue_150th_SE38th
1176,cross,0.528181,0.074014,0.100842,0.537778,-0.033333,0.144444,Bellevue_150th_SE38th
1177,cross,0.336578,0.047514,0.046085,0.455556,0.094444,0.033333,Bellevue_150th_SE38th
1178,cross,0.493708,0.075533,0.098557,0.594444,0.223333,0.033333,Bellevue_150th_SE38th
1179,cross,0.516524,0.054965,0.092069,0.544444,0.033333,0.044444,Bellevue_150th_SE38th
1180,cross,0.438634,0.071754,0.07527,0.595556,0.022222,0.038889,Bellevue_150th_SE38th
1181,cross,0.384099,0.051447,0.056274,0.3,0.0,0.0,Bellevue_150th_SE38th
1182,cross,0.381277,0.075479,0.055523,0.483333,0.016667,0.016667,Bellevue_150th_SE38th
1183,cross,0.346111,0.026759,0.041049,0.366667,0.0,0.0,Bellevue_150th_SE38th
1184,cross,0.367004,0.047298,0.052487,0.2,0.0,0.0,Bellevue_150th_SE38th
1185,cross,0.395233,0.079084,0.05864,0.550556,0.058333,0.115,Bellevue_150th_SE38th
1186,cross,0.507863,0.064033,0.085739,0.422222,0.044444,0.0,Bellevue_150th_SE38th
1187,cross,0.49355,0.094893,0.08534,0.566627,0.014484,0.045278,Bellevue_150th_SE38th
1188,cross,0.513646,0.114811,0.090953,0.489444,0.011111,0.083333,Bellevue_150th_SE38th
1189,cross,0.511572,0.090499,0.100587,0.397222,0.111111,0.016667,Bellevue_150th_SE38th
1190,cross,0.340173,0.025974,0.039226,0.3,0.0,0.0,Bellevue_150th_SE38th
1191,cross,0.366128,0.041211,0.049711,0.692024,0.1375,0.061667,Bellevue_150th_SE38th
1192,cross,0.511342,0.107308,0.090794,0.625,0.0,0.033333,Bellevue_150th_SE38th
1193,cross,0.562636,0.108253,0.115756,0.233333,0.0,0.0,Bellevue_150th_SE38th
1194,cross,0.376889,0.07163,0.054119,0.333333,0.011111,0.072222,Bellevue_150th_SE38th
1195,cross,0.286299,0.031972,0.031345,0.366667,-0.066667,0.166667,Bellevue_150th_SE38th
1196,cross,0.420578,0.075069,0.067963,0.466667,0.066667,0.066667,Bellevue_150th_SE38th
1197,cross,0.373253,0.047981,0.054235,0.591905,-0.066667,0.108333,Bellevue_150th_SE38th
1198,cross,0.480136,0.076459,0.087075,0.430556,-0.016667,0.052778,Bellevue_150th_SE38th
1199,cross,0.45912,0.071598,0.080973,0.333333,0.0,0.0,Bellevue_150th_SE38th
1200,cross,0.351474,0.028112,0.042371,0.533333,0.0,0.0,Bellevue_150th_SE38th
1201,cross,0.350328,0.025853,0.042967,0.233333,0.0,0.0,Bellevue_150th_SE38th
1202,cross,0.417784,0.032878,0.055793,0.4,0.0,0.0,Bellevue_150th_SE38th
1203,cross,0.426758,0.054113,0.068383,0.425,-0.021111,0.09,Bellevue_150th_SE38th
1204,cross,0.369642,0.040339,0.049994,0.41,0.0,0.066667,Bellevue_150th_SE38th
1205,cross,0.471288,0.04324,0.066277,0.677209,0.094921,0.105873,Bellevue_150th_SE38th
1206,cross,0.52994,0.097777,0.097651,0.643466,0.034683,0.050635,Bellevue_150th_SE38th
1207,cross,0.547749,0.095221,0.112833,0.664286,0.088651,0.102619,Bellevue_150th_SE38th
1208,cross,0.483895,0.088249,0.083404,0.482222,-0.044444,0.138889,Bellevue_150th_SE38th
1209,cross,0.496444,0.095644,0.090409,0.408333,-0.022222,0.166667,Bellevue_150th_SE38th
1210,cross,0.505986,0.085911,0.093844,0.355556,-0.011111,0.0,Bellevue_150th_SE38th
1211,cross,0.319037,0.021717,0.035023,0.533333,0.0,0.0,Bellevue_150th_SE38th
1212,cross,0.365093,0.026684,0.046868,0.348016,-0.066667,0.088889,Bellevue_150th_SE38th
1213,cross,0.413162,0.046692,0.063659,0.433333,0.0,0.0,Bellevue_150th_SE38th
1214,cross,0.329449,0.025727,0.037457,0.1,0.0,0.0,Bellevue_150th_SE38th
1215,cross,0.310811,0.027732,0.03519,0.433333,0.05,0.0,Bellevue_150th_SE38th
1216,cross,0.48354,0.056107,0.084979,0.575238,0.05,0.04,Bellevue_150th_SE38th
1217,cross,0.370775,0.057118,0.053759,0.675238,0.05,0.041667,Bellevue_150th_SE38th
1218,cross,0.475501,0.055209,0.08119,0.654868,0.011111,0.0,Bellevue_150th_SE38th
1219,cross,0.536268,0.091273,0.109213,0.394444,-0.013889,0.038889,Bellevue_150th_SE38th
1220,cross,0.479177,0.06437,0.085379,0.552778,0.083333,0.036111,Bellevue_150th_SE38th
1221,cross,0.423156,0.050408,0.061302,0.555,0.102778,0.05,Bellevue_150th_SE38th
1222,cross,0.546536,0.083628,0.106814,0.471111,0.109444,0.086111,Bellevue_150th_SE38th
1223,cross,0.349196,0.024768,0.038785,0.4,0.0,0.0,Bellevue_150th_SE38th
1224,cross,0.413756,0.047783,0.061386,0.786692,0.157514,0.123918,Bellevue_150th_SE38th
1225,cross,0.553057,0.075696,0.081745,0.708439,0.080675,0.080093,Bellevue_150th_SE38th
1226,cross,0.528628,0.065758,0.097499,0.466667,0.0,0.0,Bellevue_150th_SE38th
1227,cross,0.351169,0.030989,0.042143,0.616667,0.1,0.066667,Bellevue_150th_SE38th
1228,cross,0.433328,0.060392,0.067896,0.454444,0.033333,0.015,Bellevue_150th_SE38th
1229,cross,0.5731,0.126417,0.114229,0.738532,0.063413,0.177778,Bellevue_150th_SE38th
1230,cross,0.563842,0.120324,0.108849,0.601746,0.111905,0.046429,Bellevue_150th_SE38th
1231,cross,0.52848,0.078317,0.100202,0.594683,0.00381,0.067063,Bellevue_150th_SE38th
1232,cross,0.508607,0.061275,0.083136,0.3,-0.008333,0.033333,Bellevue_150th_SE38th
1233,cross,0.372003,0.073463,0.054318,0.606111,0.066667,0.061111,Bellevue_150th_SE38th
1234,cross,0.440066,0.073123,0.071809,0.635675,0.009444,0.078968,Bellevue_150th_SE38th
1235,cross,0.423581,0.070852,0.069545,0.670833,0.017778,0.033333,Bellevue_150th_SE38th
1236,cross,0.545381,0.091848,0.113089,0.654881,0.052024,0.045,Bellevue_150th_SE38th
1237,cross,0.526353,0.107207,0.098587,0.715595,0.066706,0.048333,Bellevue_150th_SE38th
1238,cross,0.533667,0.08532,0.105835,0.610278,0.147222,0.091667,Bellevue_150th_SE38th
1239,cross,0.513405,0.073134,0.091554,0.529444,0.002778,0.119444,Bellevue_150th_SE38th
1240,cross,0.340144,0.048682,0.046988,0.5,0.0,0.0,Bellevue_150th_SE38th
1241,cross,0.43337,0.053707,0.06195,0.403175,0.025,0.075,Bellevue_150th_SE38th
1242,cross,0.519349,0.114142,0.093941,0.351667,-0.022222,0.052778,Bellevue_150th_SE38th
1243,cross,0.436915,0.069388,0.073598,0.95,0.4,0.133333,Bellevue_150th_SE38th
1244,cross,0.440304,0.054787,0.069784,0.707222,0.180556,0.069444,Bellevue_150th_SE38th
1245,cross,0.502273,0.059239,0.094972,0.266667,0.0,0.0,Bellevue_150th_SE38th
1246,cross,0.420592,0.095722,0.063731,0.617778,0.074722,0.087222,Bellevue_150th_SE38th
1247,cross,0.513674,0.092588,0.097143,0.838386,0.108333,0.0625,Bellevue_150th_SE38th
1248,cross,0.513311,0.070957,0.103919,0.562222,0.077778,0.067778,Bellevue_150th_SE38th
1249,cross,0.411781,0.068575,0.065244,0.333333,0.0,0.0,Bellevue_150th_SE38th
1250,cross,0.320408,0.024035,0.036237,0.4,0.0,0.0,Bellevue_150th_SE38th
1251,cross,0.334962,0.024354,0.03794,0.572222,0.116667,0.083333,Bellevue_150th_SE38th
1252,cross,0.34144,0.0316,0.042066,0.4,-0.033333,0.05,Bellevue_150th_SE38th
1253,cross,0.293312,0.026345,0.03183,0.366667,0.0,0.0,Bellevue_150th_SE38th
1254,cross,0.373742,0.048709,0.051359,0.512064,0.15,0.055556,Bellevue_150th_SE38th
1255,cross,0.515072,0.114969,0.090561,0.524444,-0.023333,0.023333,Bellevue_150th_SE38th
1256,cross,0.499915,0.089804,0.088452,0.551667,0.016667,0.046667,Bellevue_150th_SE38th
1257,cross,0.414334,0.043915,0.05947,0.333333,-0.033333,0.033333,Bellevue_150th_SE38th
1258,cross,0.349705,0.041498,0.046954,0.735,0.244444,0.041667,Bellevue_150th_SE38th
1259,cross,0.339273,0.024462,0.038286,0.4,0.0,0.0,Bellevue_150th_SE38th
1260,cross,0.340532,0.023689,0.038314,0.333333,0.0,0.0,Bellevue_150th_SE38th
1261,cross,0.352916,0.06167,0.049893,0.233333,0.0,0.016667,Bellevue_150th_SE38th
1262,cross,0.526074,0.089637,0.100957,0.476667,0.120556,0.044444,Bellevue_150th_SE38th
1263,cross,0.546009,0.100365,0.111299,0.266667,0.066667,0.033333,Bellevue_150th_SE38th
1264,cross,0.520522,0.070395,0.095979,0.433333,0.016667,0.0,Bellevue_150th_SE38th
1265,cross,0.373814,0.063956,0.054082,0.672222,0.061111,0.044444,Bellevue_150th_SE38th
1266,cross,0.40928,0.040898,0.060869,0.433333,0.0,0.0,Bellevue_150th_SE38th
1267,cross,0.344384,0.026015,0.040604,0.374048,0.050952,0.046389,Bellevue_150th_SE38th
1268,cross,0.535689,0.073778,0.098601,0.559921,0.065476,0.092857,Bellevue_150th_SE38th
1269,cross,0.388552,0.045822,0.057331,0.316667,0.0,0.033333,Bellevue_150th_SE38th
1270,cross,0.284085,0.027341,0.029099,0.522222,0.011111,0.05,Bellevue_150th_SE38th
1271,cross,0.468672,0.056523,0.07697,0.447222,0.005556,0.044444,Bellevue_150th_SE38th
1272,cross,0.532019,0.072102,0.097556,0.3,0.033333,0.0,Bellevue_150th_SE38th
1273,cross,0.471639,0.054963,0.083826,0.338889,0.016667,0.0,Bellevue_150th_SE38th
1274,cross,0.531229,0.087151,0.099034,0.73619,0.033413,0.070556,Bellevue_150th_SE38th
1275,cross,0.541445,0.078919,0.100832,0.652068,0.097278,0.071258,Bellevue_150th_SE38th
1276,cross,0.564486,0.100067,0.115389,0.634074,0.035556,0.097302,Bellevue_150th_SE38th
1277,cross,0.412685,0.073268,0.05966,0.35,0.066667,0.055556,Bellevue_150th_SE38th
1278,cross,0.374879,0.035966,0.047418,0.45,-0.016667,0.0,Bellevue_150th_SE38th
1279,cross,0.439406,0.047648,0.069037,0.458889,-0.016667,0.056667,Bellevue_150th_SE38th
1280,cross,0.566169,0.088994,0.120927,0.766667,0.066667,0.166667,Bellevue_150th_SE38th
1281,cross,0.511118,0.050359,0.091655,0.504444,-0.016667,0.161111,Bellevue_150th_SE38th
1282,cross,0.404106,0.046165,0.058786,0.583889,0.1,0.056667,Bellevue_150th_SE38th
1283,cross,0.370687,0.037326,0.048832,0.266667,0.0,0.0,Bellevue_150th_SE38th
1284,cross,0.42441,0.052429,0.066105,0.380556,0.111111,0.041667,Bellevue_150th_SE38th
1285,cross,0.462633,0.048961,0.069902,0.386111,0.0,0.0,Bellevue_150th_SE38th
1286,cross,0.534087,0.119945,0.098383,0.266667,-0.033333,0.033333,Bellevue_150th_SE38th
1287,cross,0.569958,0.111141,0.118834,0.35,0.066667,0.033333,Bellevue_150th_SE38th
1288,cross,0.353159,0.0182,0.042246,0.316667,0.05,0.033333,Bellevue_150th_SE38th
1289,cross,0.474878,0.042878,0.074726,0.422222,-0.077778,0.027778,Bellevue_150th_SE38th
1290,cross,0.307669,0.023987,0.033281,0.35,0.016667,0.016667,Bellevue_150th_SE38th
1291,cross,0.484111,0.05151,0.082373,0.516667,-0.016667,0.1,Bellevue_150th_SE38th
1292,cross,0.324662,0.049675,0.041521,0.488889,-0.044444,0.113889,Bellevue_150th_SE38th
1293,cross,0.362091,0.032252,0.052401,0.233333,0.0,0.0,Bellevue_150th_SE38th
1294,cross,0.303673,0.031079,0.035598,0.333333,0.0,0.0,Bellevue_150th_SE38th
1295,cross,0.386422,0.03954,0.051181,0.4,-0.0,0.055556,Bellevue_150th_SE38th
1296,cross,0.362212,0.051694,0.050918,0.3,0.0,0.0,Bellevue_150th_SE38th
1297,cross,0.527799,0.075562,0.101605,0.586667,0.022222,0.095556,Bellevue_150th_SE38th
1298,cross,0.386653,0.057804,0.057221,0.3,0.066667,0.05,Bellevue_150th_SE38th
1299,cross,0.580624,0.076033,0.08231,0.361111,0.05,0.0,Bellevue_150th_SE38th
1300,cross,0.555148,0.094572,0.119571,0.605556,0.016667,0.011111,Bellevue_150th_SE38th
1301,cross,0.528757,0.076543,0.10491,0.533333,0.033333,0.0,Bellevue_150th_SE38th
1302,cross,0.482524,0.068427,0.090746,0.605556,-0.016667,0.066667,Bellevue_150th_SE38th
1303,cross,0.365994,0.03198,0.047615,0.3,0.0,0.0,Bellevue_150th_SE38th
1304,cross,0.356979,0.061677,0.052261,0.361587,-0.013889,0.041667,Bellevue_150th_SE38th
1305,cross,0.363943,0.042228,0.052467,0.2,0.0,0.0,Bellevue_150th_SE38th
1306,cross,0.326994,0.024768,0.037535,0.233333,0.0,0.0,Bellevue_150th_SE38th
1307,cross,0.332085,0.0231,0.037443,0.333333,0.0,0.0,Bellevue_150th_SE38th
1308,cross,0.321688,0.021698,0.035313,0.433333,0.0,0.0,Bellevue_150th_SE38th
1309,cross,0.453808,0.055364,0.073711,0.533333,0.0,0.116667,Bellevue_150th_SE38th
1310,cross,0.578672,0.085307,0.113822,0.661667,0.04,0.115,Bellevue_150th_SE38th
1311,cross,0.400729,0.075041,0.061457,0.722222,-0.05,0.35,Bellevue_150th_SE38th
1312,cross,0.475024,0.075885,0.084284,0.711111,0.057222,0.035556,Bellevue_150th_SE38th
1313,cross,0.443564,0.07059,0.07497,0.593016,0.005556,0.0,Bellevue_150th_SE38th
1314,cross,0.469582,0.077309,0.084333,0.466667,-0.05,0.166667,Bellevue_150th_SE38th
1315,cross,0.298201,0.025371,0.032528,0.233333,0.0,0.011111,Bellevue_150th_SE38th
1316,cross,0.322655,0.023099,0.035881,0.2,0.0,0.0,Bellevue_150th_SE38th
1317,cross,0.424033,0.058726,0.072699,0.269444,-0.027778,0.077778,Bellevue_150th_SE38th
1318,cross,0.537229,0.071327,0.102347,0.552778,-0.025,0.077778,Bellevue_150th_SE38th
1319,cross,0.404084,0.04603,0.061153,0.622222,0.215,0.033333,Bellevue_150th_SE38th
1320,cross,0.554254,0.106313,0.111376,0.516667,0.049206,0.154762,Bellevue_150th_SE38th
1321,cross,0.470201,0.045837,0.084342,0.380556,0.033333,0.033333,Bellevue_150th_SE38th
1322,cross,0.402931,0.079687,0.061029,0.394444,0.102778,0.033333,Bellevue_150th_SE38th
1323,cross,0.402758,0.040535,0.056818,0.676667,0.116667,0.033333,Bellevue_150th_SE38th
1324,cross,0.516851,0.09414,0.096073,0.566667,0.041667,0.033333,Bellevue_150th_SE38th
1325,cross,0.439376,0.030555,0.067435,0.849444,0.028889,0.142778,Bellevue_150th_SE38th
1326,cross,0.513913,0.099506,0.096661,0.678889,0.083333,0.008333,Bellevue_150th_SE38th
1327,cross,0.400582,0.060797,0.064446,0.583333,-0.019444,0.016667,Bellevue_150th_SE38th
1328,cross,0.575733,0.127345,0.112436,0.566667,0.028889,0.038889,Bellevue_150th_SE38th
1329,cross,0.485959,0.058707,0.094519,0.433333,0.0,0.0,Bellevue_150th_SE38th
1330,cross,0.428425,0.045729,0.068278,0.441667,0.055556,0.033333,Bellevue_150th_SE38th
1331,cross,0.453663,0.047086,0.068451,0.616667,-0.1,0.2,Bellevue_150th_SE38th
1332,cross,0.390232,0.05761,0.060111,0.443333,-0.112222,0.044444,Bellevue_150th_SE38th
1333,cross,0.459796,0.096077,0.074261,0.297222,-0.044444,0.075,Bellevue_150th_SE38th
1334,cross,0.370253,0.039736,0.051878,0.455556,-0.016667,0.027778,Bellevue_150th_SE38th
1335,cross,0.306009,0.031136,0.033457,0.266667,0.0,0.0,Bellevue_150th_SE38th
1336,cross,0.349433,0.023351,0.038341,0.4,0.0,0.033333,Bellevue_150th_SE38th
1337,cross,0.502355,0.065373,0.090981,0.266667,0.033333,0.15,Bellevue_150th_SE38th
1338,cross,0.296771,0.029232,0.031356,0.333333,0.0,0.0,Bellevue_150th_SE38th
1339,cross,0.357673,0.023256,0.039536,0.4,0.0,0.0,Bellevue_150th_SE38th
1340,cross,0.33458,0.021271,0.035871,0.288889,-0.066667,0.033333,Bellevue_150th_SE38th
1341,cross,0.49628,0.055848,0.087759,0.480556,0.066667,0.05,Bellevue_150th_SE38th
1342,cross,0.438776,0.053414,0.063086,0.535556,0.083333,0.011111,Bellevue_150th_SE38th
1343,cross,0.435381,0.066859,0.069989,0.540556,-0.061111,0.066667,Bellevue_150th_SE38th
1344,cross,0.508004,0.0598,0.095378,0.466667,0.0,0.016667,Bellevue_150th_SE38th
1345,cross,0.329118,0.014262,0.031643,0.3,0.0,0.0,Bellevue_150th_SE38th
1346,cross,0.359409,0.023718,0.040164,0.541667,0.075,0.097222,Bellevue_150th_SE38th
1347,cross,0.535407,0.075295,0.107603,0.584841,0.068333,0.093889,Bellevue_150th_SE38th
1348,cross,0.603976,0.118493,0.132301,0.577778,0.044444,0.1,Bellevue_150th_SE38th
1349,cross,0.492852,0.054725,0.087868,0.503333,0.084444,0.017778,Bellevue_150th_SE38th
1350,cross,0.393047,0.032183,0.046,0.469444,-0.033333,0.055556,Bellevue_150th_SE38th
1351,cross,0.479963,0.050114,0.072355,0.53246,0.088095,0.060556,Bellevue_150th_SE38th
1352,cross,0.511145,0.103994,0.087984,0.516667,0.133333,0.033333,Bellevue_150th_SE38th
1353,cross,0.49099,0.051033,0.079278,0.434127,-0.041667,0.041667,Bellevue_150th_SE38th
1354,cross,0.460328,0.038542,0.079013,0.233333,0.0,0.0,Bellevue_150th_SE38th
1355,cross,0.312496,0.020309,0.031531,0.233333,0.0,0.0,Bellevue_150th_SE38th
1356,cross,0.373327,0.075525,0.053466,0.541111,0.01,0.073333,Bellevue_150th_SE38th
1357,cross,0.279702,0.028762,0.029125,0.2,0.0,0.0,Bellevue_150th_SE38th
1358,cross,0.372563,0.064154,0.055661,0.416667,-0.066667,0.066667,Bellevue_150th_SE38th
1359,cross,0.355018,0.021649,0.038048,0.380556,0.016667,0.05,Bellevue_150th_SE38th
1360,cross,0.307132,0.034583,0.034357,0.338889,-0.022222,0.122222,Bellevue_150th_SE38th
1361,cross,0.50958,0.087066,0.092219,0.695714,0.0,0.013333,Bellevue_150th_SE38th
1362,cross,0.506098,0.086281,0.095577,0.638333,0.052778,0.055556,Bellevue_150th_SE38th
1363,cross,0.505392,0.056204,0.088848,0.491349,0.075,0.011111,Bellevue_150th_SE38th
1364,cross,0.392668,0.032494,0.047094,0.566587,0.146667,0.03254,Bellevue_150th_SE38th
1365,cross,0.557967,0.081535,0.106198,0.622774,-0.005278,0.040317,Bellevue_150th_SE38th
1366,cross,0.396031,0.046696,0.057807,0.301667,0.0,0.0,Bellevue_150th_SE38th
1367,cross,0.307108,0.026278,0.031639,0.083333,-0.233333,0.166667,Bellevue_150th_SE38th
1368,cross,0.365327,0.056937,0.05177,0.616667,0.016667,0.1,Bellevue_150th_SE38th
1369,cross,0.503961,0.058348,0.0925,0.4,0.033333,0.0,Bellevue_150th_SE38th
1370,cross,0.456807,0.052983,0.072707,0.333333,-0.033333,0.016667,Bellevue_150th_SE38th
1371,cross,0.392876,0.013812,0.044,0.316667,0.133333,0.033333,Bellevue_150th_SE38th
1372,cross,0.507509,0.05659,0.085325,0.648889,0.088889,0.077778,Bellevue_150th_SE38th
1373,cross,0.402753,0.05008,0.055335,0.308333,0.022222,0.0,Bellevue_150th_SE38th
1374,cross,0.428234,0.059866,0.069313,0.458333,-0.033333,0.05,Bellevue_150th_SE38th
1375,cross,0.391544,0.029859,0.047133,0.65,0.116667,0.033333,Bellevue_150th_SE38th
1376,cross,0.416568,0.031623,0.046844,0.471111,0.027778,0.133333,Bellevue_150th_SE38th
1377,cross,0.347157,0.048364,0.048089,0.3,0.0,0.0,Bellevue_150th_SE38th
1378,cross,0.325459,0.020881,0.033449,0.385,-0.05,0.061111,Bellevue_150th_SE38th
1379,cross,0.422389,0.081636,0.064823,0.55,0.016667,0.083333,Bellevue_150th_SE38th
1380,cross,0.524561,0.049613,0.082574,0.516667,0.033333,0.0,Bellevue_150th_SE38th
1381,cross,0.374957,0.029411,0.045797,0.572222,0.1,0.116667,Bellevue_150th_SE38th
1382,cross,0.510282,0.058592,0.078909,0.729868,0.008333,0.039444,Bellevue_150th_SE38th
1383,cross,0.527309,0.098414,0.09828,0.683254,0.118095,0.017778,Bellevue_150th_SE38th
1384,cross,0.530482,0.113404,0.098484,0.355556,0.1,0.05,Bellevue_150th_SE38th
1385,cross,0.508312,0.047464,0.07364,0.383016,0.060317,0.056667,Bellevue_150th_SE38th
1386,cross,0.542686,0.07573,0.102565,0.566032,0.036111,0.083333,Bellevue_150th_SE38th
1387,cross,0.54644,0.097258,0.106569,0.72,0.214444,0.070556,Bellevue_150th_SE38th
1388,cross,0.553299,0.08487,0.11216,0.559921,0.040873,0.075,Bellevue_150th_SE38th
1389,cross,0.355582,0.02289,0.039598,0.422778,0.066111,0.058333,Bellevue_150th_SE38th
1390,cross,0.536471,0.066704,0.094182,0.381111,0.023333,0.066111,Bellevue_150th_SE38th
1391,cross,0.288974,0.024363,0.028724,0.333333,0.0,0.0,Bellevue_150th_SE38th
1392,cross,0.336234,0.019542,0.035397,0.2,0.0,0.0,Bellevue_150th_SE38th
1393,cross,0.314794,0.027735,0.034472,0.333333,0.0,0.0,Bellevue_150th_SE38th
1394,cross,0.323452,0.021588,0.035414,0.383333,-0.05,0.066667,Bellevue_150th_SE38th
1395,cross,0.354128,0.039305,0.048034,0.3,0.083333,0.0,Bellevue_150th_SE38th
1396,cross,0.42743,0.055625,0.064379,0.697778,0.222222,0.125,Bellevue_150th_SE38th
1397,cross,0.499531,0.068041,0.090251,0.755397,0.065278,0.114802,Bellevue_150th_SE38th
1398,cross,0.412545,0.043094,0.05929,0.743519,0.116667,0.083333,Bellevue_150th_SE38th
1399,cross,0.430891,0.055991,0.06719,0.693796,0.024683,0.027024,Bellevue_150th_SE38th
1400,cross,0.542876,0.089928,0.10875,0.526667,-0.025,0.15,Bellevue_150th_SE38th
1401,cross,0.365029,0.044707,0.04945,0.266667,0.0,0.0,Bellevue_150th_SE38th
1402,cross,0.31719,0.025266,0.034256,0.455556,0.05,0.0,Bellevue_150th_SE38th
1403,cross,0.478223,0.050095,0.081086,0.238889,0.0,0.033333,Bellevue_150th_SE38th
1404,cross,0.33909,0.043781,0.045845,0.433333,0.066667,0.05,Bellevue_150th_SE38th
1405,cross,0.45182,0.103375,0.072601,0.748585,0.01,0.043333,Bellevue_150th_SE38th
1406,cross,0.550686,0.084729,0.115109,0.716746,0.08623,0.061151,Bellevue_150th_SE38th
1407,cross,0.546062,0.07878,0.106564,0.166667,0.0,0.0,Bellevue_150th_SE38th
1408,cross,0.447829,0.064284,0.072264,0.405556,-0.022222,0.033333,Bellevue_150th_SE38th
1409,cross,0.319495,0.026591,0.034729,0.426667,0.05,0.0,Bellevue_150th_SE38th
1410,cross,0.46064,0.05232,0.077565,0.507222,0.016667,0.016667,Bellevue_150th_SE38th
1411,cross,0.390003,0.080272,0.058445,0.3,-0.066667,0.0,Bellevue_150th_SE38th
1412,cross,0.347939,0.019208,0.036846,0.333333,0.0,0.0,Bellevue_150th_SE38th
1413,cross,0.389236,0.06495,0.060831,0.596111,0.045556,0.141667,Bellevue_150th_SE38th
1414,cross,0.527303,0.109967,0.097392,0.676111,0.01877,0.026984,Bellevue_150th_SE38th
1415,cross,0.539964,0.094661,0.106432,0.59881,-0.027778,0.083333,Bellevue_150th_SE38th
1416,cross,0.357331,0.040696,0.046537,0.433333,0.033333,0.033333,Bellevue_150th_SE38th
1417,cross,0.494753,0.059091,0.09096,0.54246,-0.066667,0.121429,Bellevue_150th_SE38th
1418,cross,0.349199,0.032662,0.042462,0.722222,0.183333,0.0,Bellevue_150th_SE38th
1419,cross,0.555486,0.063659,0.082998,0.477778,0.036111,0.041667,Bellevue_150th_SE38th
1420,cross,0.487087,0.045349,0.086163,0.533333,0.027778,0.033333,Bellevue_150th_SE38th
1421,cross,0.331011,0.019894,0.035364,0.266667,0.0,0.0,Bellevue_150th_SE38th
1422,cross,0.325001,0.013651,0.030821,0.2,0.0,0.0,Bellevue_150th_SE38th
1423,cross,0.324003,0.021599,0.035262,0.433333,-0.066667,0.033333,Bellevue_150th_SE38th
1424,cross,0.496037,0.041925,0.082134,0.466667,0.0,0.0,Bellevue_150th_SE38th
1425,cross,0.359327,0.03512,0.046967,0.497222,0.0,0.0,Bellevue_150th_SE38th
1426,cross,0.522272,0.062067,0.093898,0.434921,0.022222,0.044444,Bellevue_150th_SE38th
1427,cross,0.288849,0.030504,0.030919,0.266667,0.0,0.0,Bellevue_150th_SE38th
1428,cross,0.440082,0.055083,0.073321,0.966667,0.0,0.0,Bellevue_150th_SE38th
1429,cross,0.55692,0.116734,0.109614,0.622222,0.005556,0.05,Bellevue_150th_SE38th
1430,cross,0.290251,0.030921,0.031544,0.166667,0.0,0.0,Bellevue_150th_SE38th
1431,cross,0.324089,0.021838,0.035365,0.333333,0.0,0.0,Bellevue_150th_SE38th
1432,cross,0.336011,0.021625,0.036655,0.233333,0.0,0.0,Bellevue_150th_SE38th
1433,cross,0.323181,0.021158,0.035529,0.533333,0.0,0.0,Bellevue_150th_SE38th
1434,cross,0.337719,0.020755,0.036599,0.266667,0.0,0.0,Bellevue_150th_SE38th
1435,cross,0.335212,0.022051,0.037064,0.2,0.0,0.0,Bellevue_150th_SE38th
1436,cross,0.328553,0.020833,0.03558,0.266667,0.0,0.0,Bellevue_150th_SE38th
1437,cross,0.359815,0.024534,0.042935,0.4,0.0,0.0,Bellevue_150th_SE38th
1438,cross,0.322395,0.013872,0.030806,0.452778,-0.013889,0.011111,Bellevue_150th_SE38th
1439,cross,0.538719,0.073409,0.10298,0.158333,-0.016667,0.0,Bellevue_150th_SE38th
1440,cross,0.35359,0.045531,0.04817,0.461111,-0.033333,0.041667,Bellevue_150th_SE38th
1441,cross,0.385872,0.05044,0.057029,0.45,0.066667,0.1,Bellevue_150th_SE38th
1442,cross,0.323461,0.023845,0.035336,0.266667,0.0,0.0,Bellevue_150th_SE38th
1443,cross,0.33129,0.022616,0.036794,0.2,0.0,0.0,Bellevue_150th_SE38th
1444,cross,0.325834,0.021811,0.035462,0.166667,0.0,0.0,Bellevue_150th_SE38th
1445,cross,0.331868,0.021511,0.036926,0.5,0.0,0.0,Bellevue_150th_SE38th
1446,cross,0.329219,0.02145,0.036178,0.2,0.0,0.0,Bellevue_150th_SE38th
1447,cross,0.342156,0.023093,0.038027,0.4,0.0,0.0,Bellevue_150th_SE38th
1448,cross,0.315373,0.020702,0.032451,0.333333,0.075,0.0,Bellevue_150th_SE38th
1449,cross,0.491017,0.126991,0.079325,0.56,0.011111,0.066667,Bellevue_150th_SE38th
1450,cross,0.528511,0.093196,0.101686,0.590556,-0.066667,0.1,Bellevue_150th_SE38th
1451,cross,0.526481,0.054208,0.086295,0.433333,0.05,0.033333,Bellevue_150th_SE38th
1452,cross,0.374861,0.039457,0.051425,0.233333,0.0,0.0,Bellevue_150th_SE38th
1453,cross,0.484803,0.100465,0.083066,0.379444,0.05,0.0,Bellevue_150th_SE38th
1454,cross,0.526074,0.120367,0.096177,0.633333,0.027778,0.169444,Bellevue_150th_SE38th
1455,cross,0.512875,0.079869,0.103002,0.3,-0.066667,0.083333,Bellevue_150th_SE38th
1456,cross,0.330164,0.020623,0.036297,0.35,0.1,0.05,Bellevue_150th_SE38th
1457,cross,0.444214,0.093842,0.07237,0.811548,0.077778,0.0525,Bellevue_150th_SE38th
1458,cross,0.536418,0.103509,0.103552,0.64295,-0.006667,0.073466,Bellevue_150th_SE38th
1459,cross,0.490712,0.04865,0.09354,0.266667,0.0,0.0,Bellevue_150th_SE38th
1460,cross,0.356716,0.040676,0.048588,0.133333,0.0,0.0,Bellevue_150th_SE38th
1461,cross,0.365235,0.069078,0.052185,0.5,0.0,0.0,Bellevue_150th_SE38th
1462,cross,0.307341,0.012534,0.029226,0.366667,0.033333,0.0,Bellevue_150th_SE38th
1463,cross,0.425748,0.051328,0.064238,0.866667,0.511111,0.033333,Bellevue_150th_SE38th
1464,cross,0.40576,0.060977,0.062668,0.429444,0.016667,0.066667,Bellevue_150th_SE38th
1465,cross,0.326096,0.019613,0.03419,0.233333,0.0,0.0,Bellevue_150th_SE38th
1466,cross,0.371448,0.036872,0.048161,0.466667,0.0,0.0,Bellevue_150th_SE38th
1467,cross,0.470341,0.064222,0.074234,0.387778,0.0,0.038889,Bellevue_150th_SE38th
1468,cross,0.366135,0.039706,0.04977,0.408333,0.0,0.083333,Bellevue_150th_SE38th
1469,cross,0.333912,0.022529,0.037288,0.233333,0.0,0.0,Bellevue_150th_SE38th
1470,cross,0.329612,0.021887,0.036817,0.438889,0.033333,0.027778,Bellevue_150th_SE38th
1471,cross,0.460932,0.046361,0.075915,0.572222,0.011111,0.0,Bellevue_150th_SE38th
1472,cross,0.563829,0.092705,0.114741,0.466667,0.0,0.0,Bellevue_150th_SE38th
1473,cross,0.545454,0.12754,0.101676,0.537778,0.027778,0.077778,Bellevue_150th_SE38th
1474,cross,0.435303,0.038448,0.062168,0.416667,-0.033333,0.033333,Bellevue_150th_SE38th
1475,cross,0.308258,0.020177,0.032428,0.3,0.0,0.0,Bellevue_150th_SE38th
1476,cross,0.341196,0.021884,0.037892,0.366667,0.0,0.0,Bellevue_150th_SE38th
1477,cross,0.324417,0.020349,0.035477,0.266667,0.0,0.0,Bellevue_150th_SE38th
1478,cross,0.307518,0.01264,0.029955,0.233333,0.0,0.0,Bellevue_150th_SE38th
1479,cross,0.310541,0.019546,0.033854,0.3,0.0,0.0,Bellevue_150th_SE38th
1480,cross,0.323018,0.019285,0.034811,0.533333,0.0,0.0,Bellevue_150th_SE38th
1481,cross,0.295552,0.016353,0.029318,0.2,0.0,0.0,Bellevue_150th_SE38th
1482,cross,0.33033,0.023105,0.037832,0.266667,0.0,0.0,Bellevue_150th_SE38th
1483,cross,0.339022,0.022719,0.038552,0.133333,0.0,0.0,Bellevue_150th_SE38th
1484,cross,0.330679,0.021777,0.037341,0.233333,0.0,0.0,Bellevue_150th_SE38th
1485,cross,0.346839,0.027141,0.042794,0.616667,0.077778,0.05,Bellevue_150th_SE38th
1486,cross,0.489042,0.081559,0.085913,0.597222,0.163333,0.04,Bellevue_150th_SE38th
1487,cross,0.541856,0.098771,0.107283,0.643704,0.14869,0.045397,Bellevue_150th_SE38th
1488,cross,0.572126,0.11383,0.11871,0.266667,0.077778,0.016667,Bellevue_150th_SE38th
1489,cross,0.291268,0.024373,0.030517,0.2,0.0,0.0,Bellevue_150th_SE38th
1490,cross,0.311257,0.017615,0.032461,0.166667,0.0,0.0,Bellevue_150th_SE38th
1491,cross,0.360808,0.029888,0.045016,0.65,-0.005556,0.044444,Bellevue_150th_SE38th
1492,cross,0.515468,0.05788,0.087577,0.85246,0.161151,0.043175,Bellevue_150th_SE38th
1493,cross,0.542822,0.087959,0.106056,0.635556,-0.008889,0.146667,Bellevue_150th_SE38th
1494,cross,0.348575,0.04074,0.045192,0.266667,0.0,0.0,Bellevue_150th_SE38th
1495,cross,0.276021,0.021178,0.027096,0.35,0.1,0.033333,Bellevue_150th_SE38th
1496,cross,0.382541,0.032755,0.048236,0.4,0.016667,0.016667,Bellevue_150th_SE38th
1497,cross,0.40382,0.047405,0.060181,0.244444,-0.011111,0.011111,Bellevue_150th_SE38th
1498,cross,0.439118,0.051701,0.075739,0.455556,0.033333,0.016667,Bellevue_150th_SE38th
1499,cross,0.340724,0.019385,0.037036,0.066667,0.0,0.0,Bellevue_150th_SE38th
1500,cross,0.322537,0.017001,0.033357,0.233333,0.0,0.0,Bellevue_150th_SE38th
1501,cross,0.348178,0.021795,0.038561,0.133333,0.0,0.0,Bellevue_150th_SE38th
1502,cross,0.361918,0.047355,0.052487,0.133333,0.0,0.0,Bellevue_150th_SE38th
1503,cross,0.468653,0.046508,0.082681,0.166667,0.0,0.0,Bellevue_150th_SE38th
1504,cross,0.333204,0.020527,0.036563,0.433333,0.016667,0.0,Bellevue_150th_SE38th
1505,cross,0.438201,0.055148,0.068381,0.304365,0.048016,0.029762,Bellevue_150th_SE38th
1506,cross,0.531019,0.10991,0.099091,0.519286,-0.019762,0.078651,Bellevue_150th_SE38th
1507,cross,0.293697,0.032856,0.033503,0.48746,0.085556,0.118968,Bellevue_150th_SE38th
1508,cross,0.54733,0.098718,0.107804,0.770489,-0.000384,0.034762,Bellevue_150th_SE38th
1509,cross,0.573178,0.107031,0.10764,0.46,0.0,0.016667,Bellevue_150th_SE38th
1510,cross,0.323987,0.020067,0.035332,0.3,0.0,0.0,Bellevue_150th_SE38th
1511,cross,0.321549,0.020481,0.035675,0.166667,0.0,0.0,Bellevue_150th_SE38th
1512,cross,0.368699,0.027999,0.047281,0.683333,0.066667,0.066667,Bellevue_150th_SE38th
1513,cross,0.513911,0.062093,0.086278,0.594841,0.017302,0.063333,Bellevue_150th_SE38th
1514,cross,0.444279,0.08337,0.071811,0.447222,0.005556,0.011111,Bellevue_150th_SE38th
1515,cross,0.343844,0.053221,0.046627,0.266667,0.133333,0.05,Bellevue_150th_SE38th
1516,cross,0.34843,0.056654,0.04787,0.3,0.05,0.061111,Bellevue_150th_SE38th
1517,cross,0.513532,0.059129,0.098497,0.508333,-0.013889,0.063889,Bellevue_150th_SE38th
1518,cross,0.292671,0.032445,0.033227,0.4,0.033333,0.0,Bellevue_150th_SE38th
1519,cross,0.475249,0.056773,0.08776,0.383333,0.066667,0.0,Bellevue_150th_SE38th
1520,cross,0.412837,0.046799,0.062768,0.3,0.0,0.0,Bellevue_150th_SE38th
1521,cross,0.347804,0.023554,0.040202,0.5,0.0,0.0,Bellevue_150th_SE38th
1522,cross,0.334151,0.021202,0.037764,0.233333,0.0,0.033333,Bellevue_150th_SE38th
1523,cross,0.316488,0.020167,0.034662,0.366667,0.0,0.0,Bellevue_150th_SE38th
1524,cross,0.328433,0.021232,0.03631,0.133333,0.0,0.0,Bellevue_150th_SE38th
1525,cross,0.328701,0.018765,0.034346,0.116667,0.033333,0.0,Bellevue_150th_SE38th
1526,cross,0.485688,0.050669,0.084395,0.283333,-0.016667,0.016667,Bellevue_150th_SE38th
1527,cross,0.296113,0.023064,0.031817,0.266667,0.0,0.0,Bellevue_150th_SE38th
1528,cross,0.325046,0.020404,0.035921,0.166667,0.0,0.0,Bellevue_150th_SE38th
1529,cross,0.346933,0.022588,0.039848,0.133333,0.0,0.0,Bellevue_150th_SE38th
1530,cross,0.297723,0.013043,0.029653,0.166667,0.0,0.0,Bellevue_150th_SE38th
1531,cross,0.327673,0.022921,0.037574,0.333333,0.0,0.0,Bellevue_150th_SE38th
1532,cross,0.384095,0.032289,0.050787,0.666667,0.161111,0.05,Bellevue_150th_SE38th
1533,cross,0.527202,0.076063,0.09889,0.933333,0.433333,0.222222,Bellevue_150th_SE38th
1534,cross,0.566829,0.122318,0.114611,0.639444,0.012222,0.118889,Bellevue_150th_SE38th
1535,cross,0.339277,0.040278,0.043244,0.3,0.0,0.0,Bellevue_150th_SE38th
1536,cross,0.286723,0.020717,0.028174,0.166667,0.0,0.0,Bellevue_150th_SE38th
1537,cross,0.338084,0.019671,0.036999,0.233333,0.0,0.0,Bellevue_150th_SE38th
1538,cross,0.343133,0.021521,0.037368,0.2,0.0,0.0,Bellevue_150th_SE38th
1539,cross,0.302268,0.02327,0.032078,0.466667,0.0,0.0,Bellevue_150th_SE38th
1540,cross,0.326545,0.019292,0.035206,0.133333,0.0,0.0,Bellevue_150th_SE38th
1541,cross,0.316804,0.017349,0.033211,0.266667,0.0,0.0,Bellevue_150th_SE38th
1542,cross,0.292434,0.010098,0.025642,0.388889,0.1,0.016667,Bellevue_150th_SE38th
1543,cross,0.408021,0.027949,0.050079,0.35,-0.016667,0.0,Bellevue_150th_SE38th
1544,cross,0.33444,0.049067,0.046577,0.266667,0.0,0.0,Bellevue_150th_SE38th
1545,cross,0.434345,0.094639,0.068532,0.527778,-0.033333,0.066667,Bellevue_150th_SE38th
1546,cross,0.315571,0.011377,0.029419,0.333333,0.0,0.0,Bellevue_150th_SE38th
1547,cross,0.340251,0.023899,0.039242,0.233333,0.0,0.0,Bellevue_150th_SE38th
1548,cross,0.348081,0.063323,0.048294,0.366667,0.016667,0.066667,Bellevue_150th_SE38th
1549,cross,0.310532,0.017367,0.031552,0.366667,0.0,0.0,Bellevue_150th_SE38th
1550,cross,0.32345,0.020239,0.035533,0.577778,0.05,0.111111,Bellevue_150th_SE38th
1551,cross,0.363841,0.034151,0.045556,0.4,0.0,0.0,Bellevue_150th_SE38th
1552,cross,0.312459,0.019828,0.033057,0.666667,0.0,0.233333,Bellevue_150th_SE38th
1553,cross,0.560669,0.087273,0.114448,0.433333,0.016667,0.0,Bellevue_150th_SE38th
1554,cross,0.478285,0.077108,0.089161,0.305556,0.1,0.072222,Bellevue_150th_SE38th
1555,cross,0.380728,0.033392,0.048061,0.133333,0.0,0.033333,Bellevue_150th_SE38th
1556,cross,0.313062,0.018558,0.033388,0.233333,0.0,0.0,Bellevue_150th_SE38th
1557,cross,0.354189,0.021974,0.039071,0.233333,0.0,0.0,Bellevue_150th_SE38th
1558,cross,0.292978,0.010303,0.026397,0.2,0.0,0.0,Bellevue_150th_SE38th
1559,cross,0.315034,0.02058,0.034683,0.4,0.0,0.0,Bellevue_150th_SE38th
1560,cross,0.315039,0.021403,0.033277,0.166667,0.0,0.0,Bellevue_150th_SE38th
1561,cross,0.482998,0.120833,0.077065,0.416111,0.134444,0.027778,Bellevue_150th_SE38th
1562,cross,0.498738,0.081474,0.095443,0.433333,0.111111,0.05,Bellevue_150th_SE38th
1563,cross,0.303446,0.028895,0.032817,0.1,0.0,0.0,Bellevue_150th_SE38th
1564,cross,0.333791,0.022036,0.037164,0.1,0.0,0.0,Bellevue_150th_SE38th
1565,cross,0.346051,0.021785,0.038331,0.25,-0.066667,0.1,Bellevue_150th_SE38th
1566,cross,0.545585,0.064798,0.090481,0.222222,0.0,0.0,Bellevue_150th_SE38th
1567,cross,0.271871,0.028059,0.028713,0.233333,0.0,0.0,Bellevue_150th_SE38th
1568,cross,0.315433,0.020037,0.033916,0.505556,0.1,0.075,Bellevue_150th_SE38th
1569,cross,0.513086,0.07028,0.084727,0.731349,0.0,0.006667,Bellevue_150th_SE38th
1570,cross,0.517982,0.107289,0.09766,0.332222,0.0,0.012222,Bellevue_150th_SE38th
1571,cross,0.318842,0.019935,0.034689,0.333333,0.0,0.0,Bellevue_150th_SE38th
1572,cross,0.318214,0.019103,0.034331,0.066667,0.0,0.0,Bellevue_150th_SE38th
1573,cross,0.324733,0.020485,0.035599,0.45,0.216667,0.044444,Bellevue_150th_SE38th
1574,cross,0.409086,0.073464,0.064134,0.3,0.0,0.0,Bellevue_150th_SE38th
1575,cross,0.423826,0.085171,0.065237,0.405556,-0.016667,0.061111,Bellevue_150th_SE38th
1576,cross,0.321437,0.018956,0.034059,0.490556,0.0,0.141667,Bellevue_150th_SE38th
1577,cross,0.371685,0.044525,0.052788,0.480556,-0.016667,0.175,Bellevue_150th_SE38th
1578,cross,0.304269,0.037526,0.035686,0.2,0.0,0.0,Bellevue_150th_SE38th
1579,cross,0.299623,0.016616,0.030531,0.233333,0.0,0.0,Bellevue_150th_SE38th
1580,cross,0.337664,0.019462,0.035413,0.266667,0.0,0.0,Bellevue_150th_SE38th
1581,cross,0.483355,0.062266,0.086331,0.361111,0.05,0.011111,Bellevue_150th_SE38th
1582,cross,0.520324,0.07452,0.093276,0.327778,0.0,0.072222,Bellevue_150th_SE38th
1583,cross,0.49391,0.064742,0.097679,0.2,0.0,0.033333,Bellevue_150th_SE38th
1584,cross,0.347269,0.024323,0.040408,0.166667,0.0,0.0,Bellevue_150th_SE38th
1585,cross,0.322767,0.021428,0.035917,0.133333,0.0,0.0,Bellevue_150th_SE38th
1586,cross,0.336909,0.02163,0.037593,0.404444,0.043333,0.195556,Bellevue_150th_SE38th
1587,cross,0.500148,0.073141,0.096976,0.4,0.083333,0.0,Bellevue_150th_SE38th
1588,cross,0.405789,0.048161,0.061833,0.466667,0.05,0.083333,Bellevue_150th_SE38th
1589,cross,0.43725,0.066547,0.075983,0.166667,0.0,0.0,Bellevue_150th_SE38th
1590,cross,0.373196,0.030038,0.047275,0.266667,0.0,0.0,Bellevue_150th_SE38th
1591,cross,0.338099,0.020766,0.037043,0.4,0.0,0.0,Bellevue_150th_SE38th
1592,cross,0.322531,0.019499,0.03496,0.266667,0.0,0.0,Bellevue_150th_SE38th
1593,cross,0.319369,0.019283,0.034553,0.2,0.0,0.0,Bellevue_150th_SE38th
1594,cross,0.345798,0.024057,0.039688,0.366667,0.0,0.033333,Bellevue_150th_SE38th
1595,cross,0.301791,0.012137,0.029292,0.4,0.0,0.083333,Bellevue_150th_SE38th
1596,cross,0.516696,0.073623,0.091577,0.322222,0.1,0.033333,Bellevue_150th_SE38th
1597,cross,0.457633,0.077198,0.082823,0.487778,0.1,0.033333,Bellevue_150th_SE38th
1598,cross,0.336213,0.022894,0.03827,0.1,0.0,0.0,Bellevue_150th_SE38th
1599,cross,0.322179,0.020734,0.035333,0.628889,0.158333,0.091111,Bellevue_150th_SE38th
1600,cross,0.513412,0.061293,0.092396,0.667222,0.044444,0.242778,Bellevue_150th_SE38th
1601,cross,0.486443,0.044536,0.086178,0.133333,0.0,0.0,Bellevue_150th_SE38th
1602,cross,0.323303,0.019335,0.03505,0.233333,0.0,0.0,Bellevue_150th_SE38th
1603,cross,0.32118,0.021525,0.035969,0.4,0.0,0.0,Bellevue_150th_SE38th
1604,cross,0.326093,0.021953,0.036291,0.4,0.0,0.033333,Bellevue_150th_SE38th
1605,cross,0.343229,0.023221,0.039739,0.432222,0.066667,0.023333,Bellevue_150th_SE38th
1606,cross,0.512224,0.067464,0.092439,0.388889,0.016667,0.011111,Bellevue_150th_SE38th
1607,cross,0.299961,0.008452,0.026243,0.233333,0.0,0.0,Bellevue_150th_SE38th
1608,cross,0.337237,0.022685,0.038122,0.272222,0.0,0.066667,Bellevue_150th_SE38th
1609,cross,0.416569,0.053698,0.064163,0.728849,0.142778,0.125317,Bellevue_150th_SE38th
1610,cross,0.504887,0.080016,0.09298,0.618254,-0.008333,0.066111,Bellevue_150th_SE38th
1611,cross,0.493239,0.070091,0.098385,0.416667,-0.016667,0.016667,Bellevue_150th_SE38th
1612,cross,0.341333,0.024113,0.039655,0.333333,0.0,0.0,Bellevue_150th_SE38th
1613,cross,0.328344,0.022247,0.037314,0.433333,0.0,0.033333,Bellevue_150th_SE38th
1614,cross,0.530199,0.070922,0.105149,0.45,-0.016667,0.066667,Bellevue_150th_SE38th
1615,cross,0.334089,0.021003,0.037169,0.366667,0.0,0.0,Bellevue_150th_SE38th
1616,cross,0.340349,0.022473,0.037789,0.166667,0.0,0.0,Bellevue_150th_SE38th
1617,cross,0.366822,0.023617,0.044265,0.266667,0.016667,0.016667,Bellevue_150th_SE38th
1618,cross,0.449174,0.05543,0.075902,0.3,0.0,0.0,Bellevue_150th_SE38th
1619,cross,0.478745,0.047635,0.069093,0.666667,0.25,0.0,Bellevue_150th_SE38th
1620,cross,0.506953,0.063731,0.096474,0.5,0.166667,0.15,Bellevue_150th_SE38th
1621,cross,0.348623,0.019883,0.03982,0.303333,-0.105556,0.144444,Bellevue_150th_SE38th
1622,cross,0.540949,0.066221,0.0939,0.525555,0.075,0.125,Bellevue_150th_SE38th
1623,cross,0.36689,0.046191,0.053818,0.366667,0.033333,0.033333,Bellevue_150th_SE38th
1624,cross,0.48398,0.058722,0.082923,0.31,0.0,0.0,Bellevue_150th_SE38th
1625,cross,0.519757,0.089498,0.096598,0.316667,0.0,0.027778,Bellevue_150th_SE38th
1626,cross,0.327129,0.052827,0.045525,0.216667,-0.033333,0.033333,Bellevue_150th_SE38th
1627,cross,0.488257,0.05017,0.089526,0.233333,0.033333,0.0,Bellevue_150th_SE38th
1628,cross,0.449854,0.044673,0.072592,0.483333,-0.025,0.158333,Bellevue_150th_SE38th
1629,cross,0.348859,0.021956,0.038624,0.1,0.0,0.0,Bellevue_150th_SE38th
1630,cross,0.326887,0.020603,0.036217,0.4,0.0,0.0,Bellevue_150th_SE38th
1631,cross,0.325793,0.02136,0.036124,0.366667,0.0,0.0,Bellevue_150th_SE38th
1632,cross,0.344281,0.021789,0.038388,0.233333,0.0,0.0,Bellevue_150th_SE38th
1633,cross,0.336233,0.021299,0.036673,0.233333,0.0,0.0,Bellevue_150th_SE38th
1634,cross,0.304772,0.016591,0.030806,0.338889,-0.05,0.077778,Bellevue_150th_SE38th
1635,cross,0.289083,0.03033,0.031895,0.355556,-0.008333,0.025,Bellevue_150th_SE38th
1636,cross,0.435407,0.030772,0.053748,0.25,0.0,0.0,Bellevue_150th_SE38th
1637,cross,0.258935,0.020827,0.023664,0.133333,0.0,0.0,Bellevue_150th_SE38th
1638,cross,0.31755,0.019439,0.033724,0.444444,-0.011111,0.122222,Bellevue_150th_SE38th
1639,cross,0.476779,0.052235,0.082947,0.338889,0.0,0.027778,Bellevue_150th_SE38th
1640,cross,0.314086,0.030448,0.037139,0.133333,0.0,0.0,Bellevue_150th_SE38th
1641,cross,0.339029,0.024085,0.039278,0.472222,-0.044444,0.127778,Bellevue_150th_SE38th
1642,cross,0.527655,0.087665,0.102173,0.383333,-0.016667,0.016667,Bellevue_150th_SE38th
1643,cross,0.409794,0.058533,0.070062,0.577778,0.116667,0.133333,Bellevue_150th_SE38th
1644,cross,0.385435,0.054842,0.055959,0.355556,0.033333,0.011111,Bellevue_150th_SE38th
1645,cross,0.49555,0.059537,0.092209,0.222222,0.016667,0.0,Bellevue_150th_SE38th
1646,cross,0.271661,0.02213,0.026047,0.266667,0.0,0.0,Bellevue_150th_SE38th
1647,cross,0.296468,0.010706,0.028183,0.4,0.0,0.0,Bellevue_150th_SE38th
1648,cross,0.341204,0.023018,0.038669,0.266667,0.0,0.0,Bellevue_150th_SE38th
1649,cross,0.32994,0.019597,0.035356,0.133333,0.0,0.0,Bellevue_150th_SE38th
1650,cross,0.306247,0.017782,0.032011,0.3,0.0,0.0,Bellevue_150th_SE38th
1651,cross,0.305933,0.012922,0.029749,0.4,0.0,0.0,Bellevue_150th_SE38th
1652,cross,0.325828,0.02143,0.03594,0.2,0.0,0.0,Bellevue_150th_SE38th
1653,cross,0.316297,0.019043,0.033827,0.2,0.0,0.0,Bellevue_150th_SE38th
1654,cross,0.358417,0.027627,0.044194,0.808333,-0.022222,0.647222,Bellevue_150th_SE38th
1655,cross,0.542113,0.124691,0.100584,0.290556,-0.098889,0.183333,Bellevue_150th_SE38th
1656,cross,0.426055,0.054596,0.067127,0.433333,0.0,0.0,Bellevue_150th_SE38th
1657,cross,0.454001,0.050811,0.077711,0.2,0.0,0.0,Bellevue_150th_SE38th
1658,cross,0.328582,0.021704,0.037019,0.166667,0.0,0.0,Bellevue_150th_SE38th
1659,cross,0.324185,0.018618,0.034851,0.433333,0.0,0.0,Bellevue_150th_SE38th
1660,cross,0.304285,0.022224,0.031316,0.333333,0.0,0.0,Bellevue_150th_SE38th
1661,cross,0.390829,0.080661,0.059962,0.477778,0.0,0.066667,Bellevue_150th_SE38th
1662,cross,0.402174,0.026296,0.062923,0.066667,0.0,0.0,Bellevue_150th_SE38th
1663,cross,0.292616,0.012309,0.028764,0.5,0.111111,0.1,Bellevue_150th_SE38th
1664,cross,0.523158,0.092378,0.099144,0.511349,0.013095,0.041111,Bellevue_150th_SE38th
1665,cross,0.550121,0.11807,0.107451,0.526667,0.083333,0.04,Bellevue_150th_SE38th
1666,cross,0.335471,0.020278,0.036102,0.266667,0.0,0.0,Bellevue_150th_SE38th
1667,cross,0.318697,0.017392,0.032778,0.2,0.0,0.0,Bellevue_150th_SE38th
1668,cross,0.32748,0.018839,0.03457,0.333333,0.0,0.0,Bellevue_150th_SE38th
1669,cross,0.281287,0.022589,0.027506,0.2,0.0,0.0,Bellevue_150th_SE38th
1670,cross,0.330938,0.020954,0.035824,0.166667,0.0,0.0,Bellevue_150th_SE38th
1671,cross,0.303242,0.016383,0.030727,0.366667,0.0,0.0,Bellevue_150th_SE38th
1672,cross,0.335192,0.020431,0.036363,0.366667,0.0,0.0,Bellevue_150th_SE38th
1673,cross,0.316654,0.01872,0.033868,0.3,0.0,0.0,Bellevue_150th_SE38th
1674,cross,0.318493,0.018524,0.033386,0.133333,0.0,0.0,Bellevue_150th_SE38th
1675,cross,0.301383,0.011131,0.027723,0.366667,0.0,0.0,Bellevue_150th_SE38th
1676,cross,0.330221,0.019623,0.035066,0.233333,0.0,0.0,Bellevue_150th_SE38th
1677,cross,0.324214,0.019524,0.034734,0.266667,0.0,0.0,Bellevue_150th_SE38th
1678,cross,0.316422,0.018663,0.03332,0.4,0.0,0.0,Bellevue_150th_SE38th
1679,cross,0.263417,0.020668,0.024053,0.427778,0.022222,0.066667,Bellevue_150th_SE38th
1680,cross,0.533719,0.091344,0.103854,0.45,0.052778,0.033333,Bellevue_150th_SE38th
1681,cross,0.323,0.041628,0.040934,0.266667,0.0,0.0,Bellevue_150th_SE38th
1682,cross,0.382863,0.038729,0.054145,0.3,0.0,0.0,Bellevue_150th_SE38th
1683,cross,0.328762,0.021107,0.03675,0.233333,0.0,0.0,Bellevue_150th_SE38th
1684,cross,0.31488,0.019215,0.034096,0.354444,0.033333,0.033333,Bellevue_150th_SE38th
1685,cross,0.469897,0.066019,0.073333,0.575727,0.064405,0.110741,Bellevue_150th_SE38th
1686,cross,0.539652,0.083572,0.103646,0.721349,0.260397,0.097937,Bellevue_150th_SE38th
1687,cross,0.442346,0.092521,0.073379,0.611111,0.018889,0.046667,Bellevue_150th_SE38th
1688,cross,0.31647,0.016669,0.032568,0.3,0.0,0.0,Bellevue_150th_SE38th
1689,cross,0.313324,0.017073,0.032411,0.266667,0.033333,0.0,Bellevue_150th_SE38th
1690,cross,0.39098,0.047414,0.055253,0.291667,0.0,0.0,Bellevue_150th_SE38th
1691,cross,0.383174,0.057662,0.057864,0.344444,-0.016667,0.127778,Bellevue_150th_SE38th
1692,cross,0.334792,0.019976,0.036798,0.386111,0.033333,0.044444,Bellevue_150th_SE38th
1693,cross,0.380202,0.035252,0.049637,0.083333,-0.016667,0.016667,Bellevue_150th_SE38th
1694,cross,0.248173,0.020051,0.022153,0.333333,0.0,0.0,Bellevue_150th_SE38th
1695,cross,0.343942,0.021436,0.037639,0.416667,-0.016667,0.133333,Bellevue_150th_SE38th
1696,cross,0.478534,0.064361,0.093764,0.5,0.05,0.0,Bellevue_150th_SE38th
1697,cross,0.347773,0.031078,0.044357,0.266667,0.0,0.0,Bellevue_150th_SE38th
1698,cross,0.334309,0.021308,0.037362,0.166667,0.0,0.0,Bellevue_150th_SE38th
1699,cross,0.316069,0.019277,0.034162,0.166667,0.0,0.0,Bellevue_150th_SE38th
1700,cross,0.338195,0.022576,0.038477,0.433333,0.0,0.0,Bellevue_150th_SE38th
1701,cross,0.334251,0.021535,0.037301,0.133333,0.033333,0.0,Bellevue_150th_SE38th
1702,cross,0.439179,0.0607,0.071125,0.266667,0.0,0.016667,Bellevue_150th_SE38th
1703,cross,0.428789,0.069267,0.071356,0.422222,0.05,0.05,Bellevue_150th_SE38th
1704,cross,0.317716,0.018268,0.032428,0.333333,0.0,0.0,Bellevue_150th_SE38th
1705,cross,0.33191,0.021828,0.037209,0.166667,0.0,0.0,Bellevue_150th_SE38th
1706,cross,0.319706,0.020957,0.035221,0.3,0.0,0.0,Bellevue_150th_SE38th
1707,cross,0.318335,0.021183,0.034932,0.133333,0.0,0.0,Bellevue_150th_SE38th
1708,cross,0.362161,0.025357,0.043366,0.266667,0.0,0.0,Bellevue_150th_SE38th
1709,cross,0.450514,0.054847,0.074011,0.166667,0.0,0.0,Bellevue_150th_SE38th
1710,cross,0.338059,0.020989,0.03758,0.166667,0.0,0.0,Bellevue_150th_SE38th
1711,cross,0.327173,0.023101,0.037254,0.1,0.0,0.0,Bellevue_150th_SE38th
1712,cross,0.337264,0.021416,0.037606,0.266667,0.0,0.0,Bellevue_150th_SE38th
1713,cross,0.335093,0.022141,0.036644,0.1,0.0,0.0,Bellevue_150th_SE38th
1714,cross,0.33533,0.022621,0.038968,0.3,0.0,0.0,Bellevue_150th_SE38th
1715,cross,0.391072,0.033732,0.05067,0.683333,0.066667,0.061111,Bellevue_150th_SE38th
1716,cross,0.549408,0.101049,0.10496,0.653333,-0.038889,0.238333,Bellevue_150th_SE38th
1717,cross,0.538875,0.109832,0.104795,0.422222,0.183333,0.066667,Bellevue_150th_SE38th
1718,cross,0.328006,0.021726,0.036302,0.233333,0.0,0.0,Bellevue_150th_SE38th
1719,cross,0.328726,0.02179,0.036901,0.233333,0.0,0.0,Bellevue_150th_SE38th
1720,cross,0.345928,0.022535,0.039351,0.2,0.0,0.0,Bellevue_150th_SE38th
1721,cross,0.337597,0.020576,0.036962,0.166667,0.0,0.0,Bellevue_150th_SE38th
1722,cross,0.326679,0.020089,0.03576,0.366667,0.0,0.033333,Bellevue_150th_SE38th
1723,cross,0.47678,0.054488,0.079692,0.488889,0.033333,0.011111,Bellevue_150th_SE38th
1724,cross,0.52128,0.085818,0.093218,0.620556,0.002778,0.106389,Bellevue_150th_SE38th
1725,cross,0.428595,0.058976,0.070337,0.663889,0.0,0.094444,Bellevue_150th_SE38th
1726,cross,0.364566,0.058071,0.053141,0.347222,-0.016667,0.0,Bellevue_150th_SE38th
1727,cross,0.303193,0.008834,0.025672,0.528333,-0.006667,0.137222,Bellevue_150th_SE38th
1728,cross,0.534919,0.084324,0.10196,0.397222,0.0,0.063889,Bellevue_150th_SE38th
1729,cross,0.297104,0.024282,0.031582,0.166667,0.0,0.0,Bellevue_150th_SE38th
1730,cross,0.341132,0.022962,0.038818,0.2,0.0,0.0,Bellevue_150th_SE38th
1731,cross,0.319123,0.014329,0.031532,0.468333,0.004444,0.028889,Bellevue_150th_SE38th
1732,cross,0.391424,0.022446,0.044031,0.488889,-0.044444,0.011111,Bellevue_150th_SE38th
1733,cross,0.306407,0.022278,0.0329,0.133333,0.0,0.0,Bellevue_150th_SE38th
1734,cross,0.342803,0.022234,0.038184,0.466667,0.0,0.0,Bellevue_150th_SE38th
1735,cross,0.33191,0.020853,0.036474,0.366667,0.0,0.0,Bellevue_150th_SE38th
1736,cross,0.334896,0.02146,0.03677,0.2,0.0,0.0,Bellevue_150th_SE38th
1737,cross,0.328768,0.021373,0.036409,0.133333,0.0,0.0,Bellevue_150th_SE38th
1738,cross,0.352943,0.066942,0.050128,0.355556,0.0,0.0,Bellevue_150th_SE38th
1739,cross,0.335134,0.021062,0.036654,0.266667,0.0,0.0,Bellevue_150th_SE38th
1740,cross,0.331546,0.020954,0.035863,0.366667,0.0,0.016667,Bellevue_150th_SE38th
1741,cross,0.317157,0.020095,0.033618,0.233333,0.0,0.0,Bellevue_150th_SE38th
1742,cross,0.313043,0.020675,0.03345,0.433333,0.0,0.0,Bellevue_150th_SE38th
1743,cross,0.300244,0.01206,0.028461,0.233333,0.0,0.0,Bellevue_150th_SE38th
1744,cross,0.326097,0.021046,0.035141,0.466667,0.1,0.066667,Bellevue_150th_SE38th
1745,cross,0.48405,0.105755,0.081741,0.45,0.122222,0.077778,Bellevue_150th_SE38th
1746,cross,0.533018,0.088625,0.105389,0.325,0.0,0.041667,Bellevue_150th_SE38th
1747,cross,0.337092,0.021867,0.037456,0.166667,0.0,0.0,Bellevue_150th_SE38th
1748,cross,0.350737,0.023127,0.040077,0.266667,0.0,0.0,Bellevue_150th_SE38th
1749,cross,0.333775,0.021251,0.037437,0.366667,0.0,0.05,Bellevue_150th_SE38th
1750,cross,0.413886,0.045566,0.056081,0.575,0.005556,0.158333,Bellevue_150th_SE38th
1751,cross,0.307534,0.036851,0.037133,0.266667,0.0,0.0,Bellevue_150th_SE38th
1752,cross,0.312851,0.021925,0.033059,0.133333,0.0,0.033333,Bellevue_150th_SE38th
1753,cross,0.303799,0.017547,0.031548,0.166667,0.0,0.0,Bellevue_150th_SE38th
1754,cross,0.30178,0.016625,0.030928,0.033333,0.0,0.0,Bellevue_150th_SE38th
1755,cross,0.302144,0.013858,0.029907,0.4,0.0,0.233333,Bellevue_150th_SE38th
1756,cross,0.531452,0.071854,0.084272,0.69,-0.022222,0.377778,Bellevue_150th_SE38th
1757,cross,0.531936,0.09623,0.1038,0.530556,0.008333,0.061111,Bellevue_150th_SE38th
1758,cross,0.280459,0.035112,0.031302,0.233333,0.0,0.0,Bellevue_150th_SE38th
1759,cross,0.319771,0.020723,0.034196,0.333333,0.0,0.0,Bellevue_150th_SE38th
1760,cross,0.326849,0.01929,0.034625,0.133333,0.0,0.016667,Bellevue_150th_SE38th
1761,cross,0.338046,0.022497,0.038527,0.2,0.0,0.0,Bellevue_150th_SE38th
1762,cross,0.332076,0.022966,0.037799,0.233333,0.0,0.0,Bellevue_150th_SE38th
1763,cross,0.324342,0.021534,0.03611,0.466667,0.0,0.0,Bellevue_150th_SE38th
1764,cross,0.332552,0.021521,0.036414,0.033333,0.0,0.0,Bellevue_150th_SE38th
1765,cross,0.347298,0.024091,0.040057,0.266667,0.0,0.0,Bellevue_150th_SE38th
1766,cross,0.290817,0.025684,0.030013,0.316667,-0.016667,0.066667,Bellevue_150th_SE38th
1767,cross,0.539934,0.064833,0.097174,0.677778,-0.038889,0.262222,Bellevue_150th_SE38th
1768,cross,0.491382,0.092306,0.09061,0.625,0.019444,0.138889,Bellevue_150th_SE38th
1769,cross,0.521585,0.058365,0.093089,0.592778,0.069444,0.1,Bellevue_150th_SE38th
1770,cross,0.342367,0.024156,0.039755,0.3,0.0,0.0,Bellevue_150th_SE38th
1771,cross,0.280943,0.023699,0.027839,0.233333,0.0,0.016667,Bellevue_150th_SE38th
1772,cross,0.358614,0.070026,0.050672,0.466667,-0.016667,0.083333,Bellevue_150th_SE38th
1773,cross,0.360051,0.030923,0.045187,0.443333,0.0,0.066667,Bellevue_150th_SE38th
1774,cross,0.307497,0.033502,0.037313,0.366667,0.0,0.0,Bellevue_150th_SE38th
1775,cross,0.382713,0.037747,0.049979,0.55,0.166667,0.0,Bellevue_150th_SE38th
1776,cross,0.532155,0.062172,0.086436,0.430556,0.083333,0.05,Bellevue_150th_SE38th
1777,cross,0.467502,0.033607,0.079261,0.266667,0.0,0.0,Bellevue_150th_SE38th
1778,cross,0.389358,0.061843,0.060531,0.333333,0.0,0.0,Bellevue_150th_SE38th
1779,cross,0.402249,0.022805,0.057526,0.448889,0.083333,0.04,Bellevue_150th_SE38th
1780,cross,0.549772,0.073531,0.100875,0.477778,0.05,0.094444,Bellevue_150th_SE38th
1781,cross,0.362753,0.024902,0.041483,0.4,0.033333,0.016667,Bellevue_150th_SE38th
1782,cross,0.51688,0.062288,0.097684,0.282222,-0.066667,0.033333,Bellevue_150th_SE38th
1783,cross,0.288396,0.024657,0.030542,0.3,0.0,0.0,Bellevue_150th_SE38th
1784,cross,0.289435,0.024119,0.0294,0.233333,0.0,0.0,Bellevue_150th_SE38th
1785,cross,0.35704,0.070521,0.050823,0.1,-0.033333,0.033333,Bellevue_150th_SE38th
1786,cross,0.330691,0.020863,0.03649,0.2,0.0,0.0,Bellevue_150th_SE38th
1787,cross,0.33972,0.023171,0.038439,0.4,0.0,0.0,Bellevue_150th_SE38th
1788,cross,0.331795,0.021383,0.03681,0.133333,0.0,0.0,Bellevue_150th_SE38th
1789,cross,0.335888,0.021577,0.037116,0.266667,0.0,0.0,Bellevue_150th_SE38th
1790,cross,0.300817,0.012021,0.02911,0.2,0.0,0.0,Bellevue_150th_SE38th
1791,cross,0.325495,0.023143,0.037293,0.133333,0.0,0.0,Bellevue_150th_SE38th
1792,cross,0.343547,0.02373,0.039903,0.166667,0.0,0.0,Bellevue_150th_SE38th
1793,cross,0.294308,0.024613,0.030786,0.433333,0.0,0.0,Bellevue_150th_SE38th
1794,cross,0.333704,0.022633,0.03811,0.233333,0.0,0.0,Bellevue_150th_SE38th
1795,cross,0.335841,0.021807,0.037822,0.166667,0.0,0.0,Bellevue_150th_SE38th
1796,cross,0.341605,0.022916,0.038449,0.266667,0.0,0.0,Bellevue_150th_SE38th
1797,cross,0.320079,0.021018,0.035154,0.585,0.011111,0.051111,Bellevue_150th_SE38th
1798,cross,0.555017,0.075388,0.100078,0.725,0.008333,0.062222,Bellevue_150th_SE38th
1799,cross,0.568097,0.120511,0.113381,0.661111,0.055556,0.016667,Bellevue_150th_SE38th
1800,cross,0.327077,0.019859,0.035411,0.166667,0.0,0.0,Bellevue_150th_SE38th
1801,cross,0.325878,0.018209,0.034128,0.333333,0.0,0.016667,Bellevue_150th_SE38th
1802,cross,0.305055,0.011381,0.028573,0.2,0.0,0.0,Bellevue_150th_SE38th
1803,cross,0.324525,0.019043,0.034714,0.333333,0.0,0.0,Bellevue_150th_SE38th
1804,cross,0.331566,0.017674,0.034445,0.1,0.0,0.0,Bellevue_150th_SE38th
1805,cross,0.356439,0.022551,0.040675,0.3,0.0,0.0,Bellevue_150th_SE38th
1806,cross,0.30621,0.013735,0.030797,0.233333,0.0,0.0,Bellevue_150th_SE38th
1807,cross,0.333211,0.023273,0.038323,0.5,0.016667,0.127778,Bellevue_150th_SE38th
1808,cross,0.370585,0.047536,0.050753,0.1,0.0,0.0,Bellevue_150th_SE38th
1809,cross,0.308457,0.022935,0.033949,0.133333,0.0,0.0,Bellevue_150th_SE38th
1810,cross,0.328665,0.021985,0.037249,0.233333,0.0,0.0,Bellevue_150th_SE38th
1811,cross,0.350736,0.022871,0.039535,0.433333,0.0,0.033333,Bellevue_150th_SE38th
1812,cross,0.334772,0.022117,0.037208,0.233333,0.0,0.0,Bellevue_150th_SE38th
1813,cross,0.313271,0.020497,0.034429,0.366667,0.0,0.0,Bellevue_150th_SE38th
1814,cross,0.340758,0.021356,0.038302,0.3,0.0,0.033333,Bellevue_150th_SE38th
1815,cross,0.320979,0.020554,0.035422,0.266667,0.0,0.0,Bellevue_150th_SE38th
1816,cross,0.330152,0.020903,0.036482,0.233333,0.0,0.0,Bellevue_150th_SE38th
1817,cross,0.3157,0.020532,0.033048,0.233333,0.0,0.0,Bellevue_150th_SE38th
1818,cross,0.303761,0.010902,0.02806,0.2,0.0,0.0,Bellevue_150th_SE38th
1819,cross,0.345055,0.02412,0.039422,0.4,0.0,0.0,Bellevue_150th_SE38th
1820,cross,0.325668,0.018335,0.033597,0.266667,0.0,0.0,Bellevue_150th_SE38th
1821,cross,0.327059,0.023034,0.037225,0.1,0.0,0.0,Bellevue_150th_SE38th
1822,cross,0.328091,0.020296,0.036022,0.233333,0.0,0.0,Bellevue_150th_SE38th
1823,cross,0.305337,0.018275,0.031867,0.333333,0.0,0.0,Bellevue_150th_SE38th
1824,cross,0.346329,0.022414,0.038449,0.266667,0.0,0.0,Bellevue_150th_SE38th
1825,cross,0.310011,0.017465,0.032275,0.166667,0.0,0.0,Bellevue_150th_SE38th
1826,cross,0.303936,0.01737,0.031292,0.366667,0.0,0.0,Bellevue_150th_SE38th
1827,cross,0.350211,0.024913,0.040673,0.366667,0.0,0.0,Bellevue_150th_SE38th
1828,cross,0.355674,0.024428,0.041185,0.233333,0.0,0.033333,Bellevue_150th_SE38th
1829,cross,0.332534,0.021667,0.037455,0.266667,0.0,0.0,Bellevue_150th_SE38th
1830,cross,0.319249,0.01447,0.032209,0.166667,0.0,0.0,Bellevue_150th_SE38th
1831,cross,0.34136,0.023989,0.039477,0.433333,-0.066667,0.15,Bellevue_150th_SE38th
1832,cross,0.351027,0.040464,0.048021,0.516667,0.166667,0.016667,Bellevue_150th_SE38th
1833,cross,0.372733,0.033398,0.046415,0.166667,0.0,0.0,Bellevue_150th_SE38th
1834,cross,0.331608,0.022178,0.037044,0.266667,0.0,0.0,Bellevue_150th_SE38th
1835,cross,0.326617,0.019646,0.035502,0.266667,0.0,0.0,Bellevue_150th_SE38th
1836,cross,0.32686,0.018968,0.035379,0.233333,0.0,0.0,Bellevue_150th_SE38th
1837,cross,0.329036,0.020846,0.036131,0.266667,0.0,0.0,Bellevue_150th_SE38th
1838,cross,0.32725,0.018409,0.034873,0.4,0.0,0.0,Bellevue_150th_SE38th
1839,cross,0.315167,0.02008,0.03437,0.1,0.0,0.0,Bellevue_150th_SE38th
1840,cross,0.327389,0.019267,0.035217,0.2,0.0,0.0,Bellevue_150th_SE38th
1841,cross,0.31193,0.0215,0.032462,0.233333,0.0,0.0,Bellevue_150th_SE38th
1842,cross,0.289297,0.009725,0.026147,0.2,0.0,0.0,Bellevue_150th_SE38th
1843,cross,0.328085,0.022788,0.037418,0.166667,0.0,0.0,Bellevue_150th_SE38th
1844,cross,0.336364,0.022024,0.038182,0.233333,0.0,0.0,Bellevue_150th_SE38th
1845,cross,0.340233,0.022415,0.038383,0.3,0.0,0.0,Bellevue_150th_SE38th
1846,cross,0.328339,0.014354,0.032641,0.333333,0.0,0.0,Bellevue_150th_SE38th
1847,cross,0.336815,0.0232,0.038375,0.2,0.0,0.0,Bellevue_150th_SE38th
1848,cross,0.333844,0.022529,0.037717,0.266667,0.0,0.0,Bellevue_150th_SE38th
1849,cross,0.337594,0.023228,0.038661,0.2,0.0,0.0,Bellevue_150th_SE38th
1850,cross,0.353952,0.023447,0.039935,0.233333,0.0,0.0,Bellevue_150th_SE38th
1851,cross,0.330764,0.021445,0.036283,0.233333,0.0,0.0,Bellevue_150th_SE38th
1852,cross,0.321035,0.019721,0.034943,0.266667,0.0,0.0,Bellevue_150th_SE38th
1853,cross,0.322429,0.01944,0.034668,0.2,0.0,0.0,Bellevue_150th_SE38th
1854,cross,0.330069,0.021126,0.036428,0.266667,0.0,0.0,Bellevue_150th_SE38th
1855,cross,0.340454,0.022364,0.038216,0.266667,0.0,0.0,Bellevue_150th_SE38th
1856,cross,0.324971,0.019561,0.034974,0.2,0.0,0.016667,Bellevue_150th_SE38th
1857,cross,0.324402,0.019286,0.034423,0.433333,0.0,0.0,Bellevue_150th_SE38th
1858,cross,0.304525,0.011242,0.027856,0.3,0.0,0.0,Bellevue_150th_SE38th
1859,cross,0.342873,0.025441,0.04064,0.066667,0.0,0.0,Bellevue_150th_SE38th
1860,cross,0.33648,0.023537,0.038989,0.433333,0.0,0.0,Bellevue_150th_SE38th
1861,cross,0.316086,0.020289,0.034343,0.5,0.0,0.0,Bellevue_150th_SE38th
1862,cross,0.340924,0.022996,0.039321,0.066667,0.0,0.0,Bellevue_150th_SE38th
1863,cross,0.339881,0.022423,0.038943,0.266667,0.0,0.0,Bellevue_150th_SE38th
1864,cross,0.354269,0.024401,0.041779,0.333333,0.0,0.0,Bellevue_150th_SE38th
1865,cross,0.291577,0.022962,0.030433,0.3,-0.016667,0.066667,Bellevue_150th_SE38th
1866,cross,0.40591,0.048296,0.0589,0.133333,0.0,0.0,Bellevue_150th_SE38th
1867,cross,0.279574,0.023562,0.027952,0.233333,0.016667,0.0,Bellevue_150th_SE38th
1868,cross,0.532172,0.061896,0.095816,0.355556,0.0,0.0,Bellevue_150th_SE38th
1869,cross,0.283842,0.024355,0.02954,0.3,0.0,0.0,Bellevue_150th_SE38th
1870,cross,0.297065,0.011282,0.028162,0.366667,0.0,0.0,Bellevue_150th_SE38th
1871,cross,0.368909,0.075863,0.053558,0.422222,0.033333,0.066667,Bellevue_150th_SE38th
1872,cross,0.329343,0.020679,0.035795,0.2,0.0,0.0,Bellevue_150th_SE38th
1873,cross,0.329259,0.020607,0.036175,0.266667,0.0,0.0,Bellevue_150th_SE38th
1874,cross,0.312817,0.018159,0.033028,0.233333,0.0,0.0,Bellevue_150th_SE38th
1875,cross,0.33062,0.04576,0.04505,0.333333,0.0,0.0,Bellevue_150th_SE38th
1876,cross,0.344016,0.070786,0.046796,0.372222,0.127778,0.1,Bellevue_150th_SE38th
1877,cross,0.441922,0.031451,0.059107,0.233333,0.016667,0.0,Bellevue_150th_SE38th
1878,cross,0.387651,0.031785,0.050467,0.166667,0.0,0.0,Bellevue_150th_SE38th
1879,cross,0.348094,0.022642,0.039993,0.266667,0.0,0.0,Bellevue_150th_SE38th
1880,cross,0.335349,0.022196,0.037919,0.4,0.0,0.0,Bellevue_150th_SE38th
1881,cross,0.328321,0.022042,0.037155,0.2,0.0,0.0,Bellevue_150th_SE38th
1882,cross,0.311937,0.014475,0.031406,0.266667,0.0,0.011111,Bellevue_150th_SE38th
1883,cross,0.306888,0.020295,0.033276,0.2,0.0,0.0,Bellevue_150th_SE38th
1884,cross,0.332808,0.021467,0.037015,0.4,0.0,0.0,Bellevue_150th_SE38th
1885,cross,0.307616,0.019561,0.03291,0.366667,0.0,0.0,Bellevue_150th_SE38th
1886,cross,0.299708,0.012927,0.029556,0.2,0.0,0.0,Bellevue_150th_SE38th
1887,cross,0.337012,0.022632,0.038169,0.233333,0.0,0.0,Bellevue_150th_SE38th
1888,cross,0.538375,0.068535,0.103563,0.672222,0.25,0.05,Bellevue_150th_SE38th
1889,cross,0.401649,0.040148,0.05607,0.4,0.0,0.0,Bellevue_150th_SE38th
1890,cross,0.28833,0.020295,0.02953,0.3,0.0,0.0,Bellevue_150th_SE38th
1891,cross,0.335046,0.021655,0.037254,0.2,0.0,0.0,Bellevue_150th_SE38th
1892,cross,0.316311,0.018395,0.033313,0.233333,0.033333,0.016667,Bellevue_150th_SE38th
1893,cross,0.538514,0.079832,0.104278,0.233333,0.033333,0.0,Bellevue_150th_SE38th
1894,cross,0.333244,0.021046,0.037003,0.166667,0.0,0.0,Bellevue_150th_SE38th
1895,cross,0.32977,0.022257,0.037426,0.233333,0.0,0.0,Bellevue_150th_SE38th
1896,cross,0.307597,0.017734,0.032212,0.133333,0.0,0.0,Bellevue_150th_SE38th
1897,cross,0.316359,0.019536,0.034391,0.333333,0.0,0.0,Bellevue_150th_SE38th
1898,cross,0.332261,0.013711,0.03247,0.166667,0.0,0.0,Bellevue_150th_SE38th
1899,cross,0.310374,0.018128,0.032442,0.233333,0.0,0.0,Bellevue_150th_SE38th
1900,cross,0.31952,0.019588,0.033727,0.422222,0.033333,0.083333,Bellevue_150th_SE38th
1901,cross,0.313558,0.037707,0.039281,0.3,0.0,0.0,Bellevue_150th_SE38th
1902,cross,0.29821,0.024453,0.031535,0.166667,0.0,0.0,Bellevue_150th_SE38th
1903,cross,0.35605,0.024397,0.041735,0.2,0.0,0.0,Bellevue_150th_SE38th
1904,cross,0.347332,0.022898,0.039941,0.3,0.0,0.0,Bellevue_150th_SE38th
1905,cross,0.342399,0.022556,0.038628,0.3,0.0,0.0,Bellevue_150th_SE38th
1906,cross,0.32576,0.022192,0.036514,0.266667,0.0,0.0,Bellevue_150th_SE38th
1907,cross,0.343042,0.0235,0.039569,0.538889,0.013889,0.052778,Bellevue_150th_SE38th
1908,cross,0.27316,0.030079,0.029286,0.2,0.0,0.0,Bellevue_150th_SE38th
1909,cross,0.336457,0.021786,0.036895,0.366667,0.0,0.0,Bellevue_150th_SE38th
1910,cross,0.310705,0.012593,0.029837,0.233333,0.0,0.0,Bellevue_150th_SE38th
1911,cross,0.3322,0.023225,0.037673,0.383333,0.033333,0.1,Bellevue_150th_SE38th
1912,cross,0.385358,0.03698,0.051168,0.1,0.0,0.0,Bellevue_150th_SE38th
1913,cross,0.289885,0.021741,0.029391,0.233333,0.0,0.0,Bellevue_150th_SE38th
1914,cross,0.315123,0.022155,0.034087,0.066667,0.0,0.0,Bellevue_150th_SE38th
1915,cross,0.326097,0.02082,0.0353,0.366667,0.0,0.0,Bellevue_150th_SE38th
1916,cross,0.340174,0.020678,0.037183,0.266667,0.0,0.0,Bellevue_150th_SE38th
1917,cross,0.340288,0.025122,0.03924,0.4,0.0,0.0,Bellevue_150th_SE38th
1918,cross,0.365685,0.026249,0.043623,0.233333,0.0,0.0,Bellevue_150th_SE38th
1919,cross,0.336792,0.022083,0.038179,0.3,0.0,0.0,Bellevue_150th_SE38th
1920,cross,0.338994,0.022452,0.038811,0.233333,0.0,0.0,Bellevue_150th_SE38th
1921,cross,0.346358,0.024025,0.040093,0.2,0.0,0.0,Bellevue_150th_SE38th
1922,cross,0.30686,0.013811,0.030791,0.466667,0.0,0.0,Bellevue_150th_SE38th
1923,cross,0.349951,0.026818,0.042693,0.3,0.0,0.0,Bellevue_150th_SE38th
1924,cross,0.346731,0.023438,0.039596,0.166667,0.0,0.0,Bellevue_150th_SE38th
1925,cross,0.370843,0.025648,0.04624,0.562778,0.15,0.108333,Bellevue_150th_SE38th
1926,cross,0.484333,0.058067,0.078241,0.327778,0.016667,0.061111,Bellevue_150th_SE38th
1927,cross,0.545993,0.108931,0.106584,0.522222,0.05,0.0,Bellevue_150th_SE38th
1928,cross,0.38708,0.031494,0.045998,0.629444,0.133333,0.116667,Bellevue_150th_SE38th
1929,cross,0.475462,0.05677,0.080339,0.394444,0.033333,0.008333,Bellevue_150th_SE38th
1930,cross,0.337532,0.012341,0.034982,0.433333,0.0,0.0,Bellevue_150th_SE38th
1931,cross,0.338862,0.022982,0.038757,0.366667,0.0,0.0,Bellevue_150th_SE38th
1932,cross,0.3331,0.022416,0.037664,0.333333,0.0,0.0,Bellevue_150th_SE38th
1933,cross,0.332493,0.022157,0.037524,0.5,0.0,0.094444,Bellevue_150th_SE38th
1934,cross,0.393698,0.034682,0.049836,0.266667,0.0,0.0,Bellevue_150th_SE38th
1935,cross,0.301729,0.023587,0.032238,0.233333,0.0,0.0,Bellevue_150th_SE38th
1936,cross,0.322977,0.019837,0.034738,0.133333,0.0,0.0,Bellevue_150th_SE38th
1937,cross,0.330276,0.019947,0.0355,0.366667,0.0,0.0,Bellevue_150th_SE38th
1938,cross,0.315312,0.015103,0.031736,0.466667,0.0,0.0,Bellevue_150th_SE38th
1939,cross,0.29093,0.021897,0.030547,0.433333,0.0,0.0,Bellevue_150th_SE38th
1940,cross,0.326738,0.019552,0.035375,0.266667,0.0,0.0,Bellevue_150th_SE38th
1941,cross,0.324653,0.0173,0.033626,0.2,0.0,0.0,Bellevue_150th_SE38th
1942,cross,0.327677,0.019706,0.034695,0.266667,0.0,0.0,Bellevue_150th_SE38th
1943,cross,0.343266,0.022848,0.038736,0.133333,0.0,0.0,Bellevue_150th_SE38th
1944,cross,0.357557,0.02448,0.041803,0.233333,0.0,0.0,Bellevue_150th_SE38th
1945,cross,0.338748,0.023795,0.038896,0.3,0.0,0.0,Bellevue_150th_SE38th
1946,cross,0.356281,0.024752,0.041673,0.35,0.0,0.033333,Bellevue_150th_SE38th
1947,cross,0.363866,0.023899,0.044207,0.166667,0.0,0.0,Bellevue_150th_SE38th
1948,cross,0.329264,0.030014,0.040361,0.3,0.0,0.0,Bellevue_150th_SE38th
1949,cross,0.338147,0.021608,0.037942,0.233333,0.0,0.0,Bellevue_150th_SE38th
1950,cross,0.314469,0.012993,0.030653,0.266667,0.0,0.0,Bellevue_150th_SE38th
1951,cross,0.326064,0.021348,0.036254,0.3,0.0,0.0,Bellevue_150th_SE38th
1952,cross,0.309117,0.019438,0.03294,0.066667,0.0,0.0,Bellevue_150th_SE38th
1953,cross,0.324494,0.018806,0.03479,0.366667,0.0,0.0,Bellevue_150th_SE38th
1954,cross,0.310717,0.018906,0.033066,0.2,0.0,0.0,Bellevue_150th_SE38th
1955,cross,0.319016,0.018789,0.034286,0.166667,0.0,0.0,Bellevue_150th_SE38th
1956,cross,0.330284,0.020194,0.036018,0.266667,0.0,0.0,Bellevue_150th_SE38th
1957,cross,0.336583,0.023348,0.038885,0.333333,0.0,0.0,Bellevue_150th_SE38th
1958,cross,0.329309,0.020182,0.035943,0.133333,0.0,0.0,Bellevue_150th_SE38th
1959,cross,0.314501,0.019184,0.033627,0.033333,0.0,0.0,Bellevue_150th_SE38th
1960,cross,0.306325,0.016796,0.031055,0.2,0.0,0.0,Bellevue_150th_SE38th
1961,cross,0.324222,0.021985,0.036811,0.4,0.0,0.0,Bellevue_150th_SE38th
1962,cross,0.305487,0.012987,0.030119,0.2,0.0,0.0,Bellevue_150th_SE38th
1963,cross,0.328459,0.026598,0.037881,0.366667,0.0,0.0,Bellevue_150th_SE38th
1964,cross,0.320439,0.021028,0.035666,0.366667,0.0,0.0,Bellevue_150th_SE38th
1965,cross,0.335961,0.021583,0.037791,0.2,0.0,0.0,Bellevue_150th_SE38th
1966,cross,0.31631,0.014604,0.031689,0.2,0.0,0.0,Bellevue_150th_SE38th
1967,cross,0.353913,0.02595,0.041414,0.433333,0.0,0.0,Bellevue_150th_SE38th
1968,cross,0.350114,0.023949,0.040168,0.2,0.0,0.0,Bellevue_150th_SE38th
1969,cross,0.329519,0.022154,0.036418,0.266667,0.0,0.0,Bellevue_150th_SE38th
1970,cross,0.31558,0.020382,0.034166,0.166667,0.0,0.0,Bellevue_150th_SE38th
1971,cross,0.335052,0.021796,0.036881,0.433333,0.0,0.0,Bellevue_150th_SE38th
1972,cross,0.348232,0.022987,0.039986,0.2,0.0,0.0,Bellevue_150th_SE38th
1973,cross,0.308083,0.017039,0.031746,0.233333,0.0,0.0,Bellevue_150th_SE38th
1974,cross,0.326906,0.020007,0.035462,0.233333,0.0,0.0,Bellevue_150th_SE38th
1975,cross,0.326873,0.020604,0.035434,0.433333,0.0,0.0,Bellevue_150th_SE38th
1976,cross,0.323418,0.018066,0.033868,0.133333,0.0,0.0,Bellevue_150th_SE38th
1977,cross,0.352547,0.025139,0.041502,0.4,0.0,0.0,Bellevue_150th_SE38th
1978,cross,0.324799,0.014302,0.032621,0.266667,0.0,0.0,Bellevue_150th_SE38th
1979,cross,0.341137,0.023198,0.038952,0.2,0.0,0.0,Bellevue_150th_SE38th
1980,cross,0.342752,0.023101,0.039286,0.1,0.0,0.0,Bellevue_150th_SE38th
1981,cross,0.355723,0.025855,0.042113,0.2,0.0,0.0,Bellevue_150th_SE38th
1982,cross,0.3451,0.024326,0.040199,0.233333,0.0,0.033333,Bellevue_150th_SE38th
1983,cross,0.329654,0.022124,0.037163,0.1,0.0,0.0,Bellevue_150th_SE38th
1984,cross,0.357287,0.025359,0.0415,0.133333,0.0,0.0,Bellevue_150th_SE38th
1985,cross,0.339853,0.02229,0.03832,0.2,0.0,0.0,Bellevue_150th_SE38th
1986,cross,0.33494,0.023255,0.037963,0.266667,0.0,0.0,Bellevue_150th_SE38th
1987,cross,0.327783,0.030537,0.038642,0.528333,0.116667,0.033333,Bellevue_150th_SE38th
1988,cross,0.455491,0.071374,0.078534,0.671389,0.020556,0.012222,Bellevue_150th_SE38th
1989,cross,0.581808,0.128292,0.119069,0.527778,0.066667,0.027778,Bellevue_150th_SE38th
1990,cross,0.34921,0.03462,0.044382,0.433333,0.0,0.0,Bellevue_150th_SE38th
1991,cross,0.323746,0.024176,0.035988,0.166667,0.0,0.0,Bellevue_150th_SE38th
1992,cross,0.321329,0.019928,0.034197,0.233333,0.0,0.0,Bellevue_150th_SE38th
1993,cross,0.322821,0.022264,0.03611,0.233333,0.0,0.0,Bellevue_150th_SE38th
1994,cross,0.355858,0.024064,0.04074,0.433333,0.0,0.0,Bellevue_150th_SE38th
1995,cross,0.313356,0.018673,0.033094,0.6,0.0,0.1,Bellevue_150th_SE38th
1996,cross,0.510378,0.053631,0.094263,0.391667,0.008333,0.0,Bellevue_150th_SE38th
1997,cross,0.428958,0.069964,0.074015,0.233333,0.0,0.0,Bellevue_150th_SE38th
1998,cross,0.337169,0.022619,0.038021,0.3,0.0,0.0,Bellevue_150th_SE38th
1999,cross,0.330403,0.022027,0.03696,0.266667,0.0,0.0,Bellevue_150th_SE38th
2000,cross,0.34351,0.021654,0.038524,0.333333,0.0,0.0,Bellevue_150th_SE38th
2001,cross,0.338893,0.02226,0.038362,0.166667,0.0,0.0,Bellevue_150th_SE38th
2002,cross,0.328881,0.020371,0.035936,0.2,0.0,0.0,Bellevue_150th_SE38th
2003,cross,0.311804,0.012147,0.029937,0.366667,0.0,0.0,Bellevue_150th_SE38th
2004,cross,0.321166,0.022217,0.035834,0.133333,0.0,0.0,Bellevue_150th_SE38th
2005,cross,0.31065,0.019775,0.032993,0.1,0.0,0.0,Bellevue_150th_SE38th
2006,cross,0.309056,0.018553,0.032363,0.266667,0.0,0.0,Bellevue_150th_SE38th
2007,cross,0.319638,0.020138,0.034536,0.266667,0.0,0.0,Bellevue_150th_SE38th
2008,cross,0.334909,0.020743,0.036685,0.2,0.0,0.0,Bellevue_150th_SE38th
2009,cross,0.348627,0.022318,0.038922,0.333333,0.0,0.0,Bellevue_150th_SE38th
2010,cross,0.336355,0.021099,0.036658,0.166667,0.0,0.0,Bellevue_150th_SE38th
2011,cross,0.334008,0.021978,0.037298,0.4,0.0,0.0,Bellevue_150th_SE38th
2012,cross,0.332316,0.01998,0.035806,0.333333,0.0,0.0,Bellevue_150th_SE38th
2013,cross,0.311167,0.017325,0.031611,0.3,0.033333,0.05,Bellevue_150th_SE38th
2014,cross,0.418615,0.028457,0.051357,0.2,0.083333,0.0,Bellevue_150th_SE38th
2015,cross,0.459107,0.057913,0.071651,0.644444,0.0,0.041111,Bellevue_150th_SE38th
2016,cross,0.50715,0.100648,0.093348,0.402778,0.0,0.075,Bellevue_150th_SE38th
2017,cross,0.359465,0.059378,0.051308,0.333333,0.0,0.1,Bellevue_150th_SE38th
2018,cross,0.525182,0.067023,0.101801,0.372222,0.044444,0.0,Bellevue_150th_SE38th
2019,cross,0.349296,0.022679,0.03918,0.4,0.0,0.0,Bellevue_150th_SE38th
2020,cross,0.339084,0.024486,0.039085,0.383333,0.05,0.016667,Bellevue_150th_SE38th
2021,cross,0.466379,0.081741,0.078687,0.233333,0.0,0.0,Bellevue_150th_SE38th
2022,cross,0.274806,0.02647,0.029233,0.2,0.0,0.0,Bellevue_150th_SE38th
2023,cross,0.340982,0.021355,0.037659,0.166667,0.0,0.0,Bellevue_150th_SE38th
2024,cross,0.329265,0.020438,0.035764,0.5,0.0,0.0,Bellevue_150th_SE38th
2025,cross,0.324942,0.01821,0.033978,0.133333,0.0,0.0,Bellevue_150th_SE38th
2026,cross,0.318149,0.021247,0.034786,0.433333,0.0,0.0,Bellevue_150th_SE38th
2027,cross,0.464351,0.087013,0.084239,0.297222,-0.066667,0.105556,Bellevue_150th_SE38th
2028,cross,0.39841,0.06842,0.05879,0.433333,0.0,0.0,Bellevue_150th_SE38th
2029,cross,0.301116,0.019439,0.031656,0.366667,0.0,0.0,Bellevue_150th_SE38th
2030,cross,0.340284,0.021897,0.0382,0.333333,0.0,0.0,Bellevue_150th_SE38th
2031,cross,0.330539,0.015645,0.033416,0.466667,0.0,0.0,Bellevue_150th_SE38th
2032,cross,0.342667,0.024354,0.039541,0.446905,0.075,0.008333,Bellevue_150th_SE38th
2033,cross,0.522021,0.066269,0.095992,0.405556,0.097222,0.044444,Bellevue_150th_SE38th
2034,cross,0.342797,0.061935,0.045476,0.266667,0.0,0.0,Bellevue_150th_SE38th
2035,cross,0.337145,0.023825,0.03881,0.266667,0.0,0.0,Bellevue_150th_SE38th
2036,cross,0.335445,0.021701,0.037525,0.3,0.0,0.0,Bellevue_150th_SE38th
2037,cross,0.338027,0.022167,0.037734,0.3,0.0,0.0,Bellevue_150th_SE38th
2038,cross,0.367897,0.027243,0.044791,0.3,0.0,0.0,Bellevue_150th_SE38th
2039,cross,0.329484,0.018869,0.035316,0.1,0.0,0.0,Bellevue_150th_SE38th
2040,cross,0.352467,0.024652,0.041719,0.233333,0.0,0.0,Bellevue_150th_SE38th
2041,cross,0.349794,0.026506,0.041834,0.4,0.0,0.0,Bellevue_150th_SE38th
2042,cross,0.331446,0.020491,0.036196,0.3,0.0,0.0,Bellevue_150th_SE38th
2043,cross,0.296053,0.012153,0.028368,0.266667,0.0,0.0,Bellevue_150th_SE38th
2044,cross,0.316315,0.021262,0.034931,0.2,0.0,0.0,Bellevue_150th_SE38th
2045,cross,0.311469,0.020884,0.03215,0.466667,0.0,0.0,Bellevue_150th_SE38th
2046,cross,0.31965,0.021765,0.034006,0.233333,0.0,0.0,Bellevue_150th_SE38th
2047,cross,0.31026,0.020582,0.033573,0.433333,0.055556,0.016667,Bellevue_150th_SE38th
2048,cross,0.58964,0.121992,0.127315,0.583889,-0.026667,0.078889,Bellevue_150th_SE38th
2049,cross,0.567051,0.106275,0.120096,0.540556,0.011111,0.083333,Bellevue_150th_SE38th
2050,cross,0.502716,0.078825,0.096612,0.333333,0.116667,0.1,Bellevue_150th_SE38th
2051,cross,0.350792,0.023177,0.039703,0.166667,0.0,0.0,Bellevue_150th_SE38th
2052,cross,0.310288,0.019503,0.033536,0.333333,0.0,0.0,Bellevue_150th_SE38th
2053,cross,0.347294,0.023478,0.039946,0.266667,0.0,0.0,Bellevue_150th_SE38th
2054,cross,0.348026,0.049547,0.04934,0.166667,0.0,0.0,Bellevue_150th_SE38th
2055,cross,0.369567,0.07658,0.053002,0.316667,0.033333,0.066667,Bellevue_150th_SE38th
2056,cross,0.35101,0.022915,0.039972,0.2,0.0,0.0,Bellevue_150th_SE38th
2057,cross,0.330761,0.020217,0.035773,0.266667,0.0,0.0,Bellevue_150th_SE38th
2058,cross,0.309678,0.019288,0.033133,0.166667,0.0,0.0,Bellevue_150th_SE38th
2059,cross,0.330162,0.021518,0.036786,0.2,0.0,0.0,Bellevue_150th_SE38th
2060,cross,0.325158,0.0256,0.036679,0.366667,0.0,0.0,Bellevue_150th_SE38th
2061,cross,0.556039,0.070696,0.095975,0.955556,0.177778,0.405556,Bellevue_150th_SE38th
2062,cross,0.525447,0.096723,0.100174,0.591667,0.033333,0.127778,Bellevue_150th_SE38th
2063,cross,0.38944,0.035422,0.054586,0.366667,0.011111,0.0,Bellevue_150th_SE38th
2064,cross,0.431698,0.051529,0.061633,0.319444,0.0,0.0,Bellevue_150th_SE38th
2065,cross,0.367615,0.044767,0.051657,0.497222,0.019444,0.0,Bellevue_150th_SE38th
2066,cross,0.498069,0.053816,0.095446,0.266667,0.016667,0.0,Bellevue_150th_SE38th
2067,cross,0.376296,0.058114,0.056636,0.340556,-0.008333,0.029762,Bellevue_150th_SE38th
2068,cross,0.502901,0.124098,0.081113,0.429444,0.061111,0.011111,Bellevue_150th_SE38th
2069,cross,0.50574,0.079619,0.094848,0.433333,-0.05,0.144444,Bellevue_150th_SE38th
2070,cross,0.33577,0.021695,0.037204,0.3,0.0,0.0,Bellevue_150th_SE38th
2071,cross,0.298305,0.017761,0.030475,0.233333,0.0,0.0,Bellevue_150th_SE38th
2072,cross,0.355631,0.075467,0.049983,0.355556,0.0,0.011111,Bellevue_150th_SE38th
2073,cross,0.346192,0.021825,0.03805,0.233333,0.0,0.0,Bellevue_150th_SE38th
2074,cross,0.340382,0.022701,0.038361,0.2,0.0,0.0,Bellevue_150th_SE38th
2075,cross,0.339037,0.021611,0.037772,0.266667,0.0,0.0,Bellevue_150th_SE38th
2076,cross,0.300375,0.042936,0.0377,0.233333,0.0,0.0,Bellevue_150th_SE38th
2077,cross,0.401294,0.047175,0.062268,0.2,0.0,0.0,Bellevue_150th_SE38th
2078,cross,0.323106,0.020068,0.035426,0.233333,0.0,0.0,Bellevue_150th_SE38th
2079,cross,0.33506,0.053227,0.047116,0.2,0.0,0.0,Bellevue_150th_SE38th
2080,cross,0.45296,0.105845,0.071155,0.35,0.061111,0.05,Bellevue_150th_SE38th
2081,cross,0.355781,0.017126,0.038511,0.2,0.0,0.0,Bellevue_150th_SE38th
2082,cross,0.321121,0.023172,0.036414,0.379444,0.0,0.077778,Bellevue_150th_SE38th
2083,cross,0.376235,0.011759,0.038751,0.26,0.011111,0.038889,Bellevue_150th_SE38th
2084,cross,0.490066,0.052175,0.08274,0.283333,0.0,0.05,Bellevue_150th_SE38th
2085,cross,0.278064,0.023417,0.028356,0.366667,0.0,0.0,Bellevue_150th_SE38th
2086,cross,0.316294,0.018875,0.033219,0.266667,0.0,0.0,Bellevue_150th_SE38th
2087,cross,0.316952,0.019203,0.033082,0.333333,0.0,0.0,Bellevue_150th_SE38th
2088,cross,0.351396,0.024851,0.042372,0.233333,0.0,0.0,Bellevue_150th_SE38th
2089,cross,0.32831,0.0226,0.037207,0.333333,-0.066667,0.1,Bellevue_150th_SE38th
2090,cross,0.576408,0.088469,0.115518,0.593333,0.192778,0.05,Bellevue_150th_SE38th
2091,cross,0.479249,0.074608,0.087515,0.54373,0.013889,0.026111,Bellevue_150th_SE38th
2092,cross,0.396652,0.067524,0.060796,0.386111,0.011111,0.016667,Bellevue_150th_SE38th
2093,cross,0.343778,0.025978,0.040014,0.266667,0.0,0.0,Bellevue_150th_SE38th
2094,cross,0.351713,0.023147,0.039918,0.3,0.0,0.0,Bellevue_150th_SE38th
2095,cross,0.345407,0.024915,0.040099,0.133333,0.0,0.0,Bellevue_150th_SE38th
2096,cross,0.346301,0.025931,0.039463,0.066667,0.0,0.0,Bellevue_150th_SE38th
2097,cross,0.376648,0.04212,0.05129,0.6,0.033333,0.080556,Bellevue_150th_SE38th
2098,cross,0.51538,0.050537,0.078098,0.972222,0.132778,0.117778,Bellevue_150th_SE38th
2099,cross,0.513535,0.08911,0.089941,0.365556,0.008333,0.033333,Bellevue_150th_SE38th
2100,cross,0.303272,0.027693,0.032083,0.133333,-0.033333,0.033333,Bellevue_150th_SE38th
2101,cross,0.505225,0.085718,0.092506,0.166667,-0.016667,0.033333,Bellevue_150th_SE38th
2102,cross,0.32977,0.019753,0.03506,0.3,0.0,0.0,Bellevue_150th_SE38th
2103,cross,0.33402,0.019943,0.035841,0.2,0.0,0.0,Bellevue_150th_SE38th
2104,cross,0.323299,0.019214,0.033904,0.133333,0.0,0.0,Bellevue_150th_SE38th
2105,cross,0.342519,0.023791,0.03906,0.1,0.0,0.0,Bellevue_150th_SE38th
2106,cross,0.348485,0.02288,0.039023,0.066667,0.0,0.0,Bellevue_150th_SE38th
2107,cross,0.356092,0.023617,0.040727,0.373889,0.054167,0.0,Bellevue_150th_SE38th
2108,cross,0.469503,0.046811,0.070947,0.567222,-0.041667,0.161111,Bellevue_150th_SE38th
2109,cross,0.30617,0.038139,0.037819,0.266667,0.0,0.0,Bellevue_150th_SE38th
2110,cross,0.292445,0.020515,0.029278,0.133333,0.0,0.0,Bellevue_150th_SE38th
2111,cross,0.33063,0.022491,0.034754,0.133333,0.0,0.0,Bellevue_150th_SE38th
2112,cross,0.365448,0.07717,0.051699,0.413889,0.094444,0.1,Bellevue_150th_SE38th
2113,cross,0.407514,0.05807,0.063666,0.233333,0.0,0.0,Bellevue_150th_SE38th
2114,cross,0.4735,0.111549,0.078496,0.695423,0.025,0.068704,Bellevue_150th_SE38th
2115,cross,0.53463,0.077368,0.102961,0.667778,0.0,0.032778,Bellevue_150th_SE38th
2116,cross,0.491652,0.042967,0.08245,0.133333,0.0,0.0,Bellevue_150th_SE38th
2117,cross,0.344175,0.022164,0.038038,0.1,0.0,0.0,Bellevue_150th_SE38th
2118,cross,0.339529,0.040162,0.043901,0.1,-0.066667,0.066667,Bellevue_150th_SE38th
2119,cross,0.445455,0.084111,0.070714,0.455556,0.0,0.033333,Bellevue_150th_SE38th
2120,cross,0.311994,0.0206,0.032328,0.166667,0.0,0.0,Bellevue_150th_SE38th
2121,cross,0.340311,0.021841,0.037465,0.266667,0.0,0.0,Bellevue_150th_SE38th
2122,cross,0.348285,0.024813,0.040097,0.033333,0.0,0.0,Bellevue_150th_SE38th
2123,cross,0.317283,0.014016,0.030971,0.166667,0.0,0.0,Bellevue_150th_SE38th
2124,cross,0.362317,0.023729,0.043364,0.233333,0.0,0.0,Bellevue_150th_SE38th
2125,cross,0.347163,0.023704,0.039409,0.166667,0.0,0.0,Bellevue_150th_SE38th
2126,cross,0.337299,0.02283,0.037673,0.166667,0.0,0.0,Bellevue_150th_SE38th
2127,cross,0.332094,0.021651,0.036235,0.2,0.0,0.0,Bellevue_150th_SE38th
2128,cross,0.323197,0.020311,0.034884,0.133333,0.0,0.0,Bellevue_150th_SE38th
2129,cross,0.336649,0.022435,0.037363,0.166667,0.0,0.0,Bellevue_150th_SE38th
2130,cross,0.328031,0.020801,0.035151,0.366667,0.0,0.0,Bellevue_150th_SE38th
2131,cross,0.327928,0.020406,0.034826,0.066667,0.0,0.0,Bellevue_150th_SE38th
2132,cross,0.342725,0.023962,0.039252,0.233333,0.0,0.0,Bellevue_150th_SE38th
2133,cross,0.354704,0.024375,0.040183,0.2,0.0,0.0,Bellevue_150th_SE38th
2134,cross,0.335792,0.023676,0.038151,0.366667,0.0,0.0,Bellevue_150th_SE38th
2135,cross,0.321137,0.014594,0.03194,0.2,0.0,0.0,Bellevue_150th_SE38th
2136,cross,0.355791,0.027437,0.042983,0.316667,0.1,0.066667,Bellevue_150th_SE38th
2137,cross,0.44987,0.058865,0.072013,0.325,-0.008333,0.033333,Bellevue_150th_SE38th
2138,cross,0.497595,0.084366,0.097363,0.25,0.0,0.033333,Bellevue_150th_SE38th
2139,cross,0.380337,0.076294,0.056039,0.3,0.0,0.0,Bellevue_150th_SE38th
2140,cross,0.391315,0.080229,0.058866,0.388889,-0.027778,0.077778,Bellevue_150th_SE38th
2141,cross,0.54173,0.103475,0.107507,0.533333,0.0,0.233333,Bellevue_150th_SE38th
2142,cross,0.447373,0.085798,0.074688,0.266667,-0.016667,0.066667,Bellevue_150th_SE38th
2143,cross,0.29507,0.019857,0.029556,0.133333,0.0,0.0,Bellevue_150th_SE38th
2144,cross,0.314418,0.028419,0.034047,0.503333,0.116667,0.033333,Bellevue_150th_SE38th
2145,cross,0.337766,0.024209,0.037773,0.3,0.0,0.0,Bellevue_150th_SE38th
2146,cross,0.312413,0.018162,0.032507,0.166667,0.0,0.0,Bellevue_150th_SE38th
2147,cross,0.30237,0.012679,0.028603,0.1,0.0,0.0,Bellevue_150th_SE38th
2148,cross,0.327923,0.022851,0.036691,0.266667,0.0,0.0,Bellevue_150th_SE38th
2149,cross,0.341595,0.023281,0.038353,0.1,0.0,0.0,Bellevue_150th_SE38th
2150,cross,0.323741,0.021161,0.035692,0.166667,0.0,0.0,Bellevue_150th_SE38th
2151,cross,0.321478,0.020353,0.034953,0.266667,0.0,0.0,Bellevue_150th_SE38th
2152,cross,0.344732,0.025963,0.040367,0.266667,0.0,0.0,Bellevue_150th_SE38th
2153,cross,0.338916,0.022553,0.037977,0.166667,0.0,0.0,Bellevue_150th_SE38th
2154,cross,0.315968,0.020721,0.033764,0.1,0.0,0.0,Bellevue_150th_SE38th
2155,cross,0.350657,0.023001,0.04001,0.233333,0.0,0.0,Bellevue_150th_SE38th
2156,cross,0.348627,0.02076,0.037591,0.166667,0.0,0.0,Bellevue_150th_SE38th
2157,cross,0.313954,0.018008,0.03282,0.333333,0.0,0.0,Bellevue_150th_SE38th
2158,cross,0.335934,0.022226,0.037453,0.2,0.0,0.0,Bellevue_150th_SE38th
2159,cross,0.325528,0.021008,0.035948,0.276667,0.033333,0.116667,Bellevue_150th_SE38th
2160,cross,0.392026,0.036554,0.053727,0.0,-0.066667,0.0,Bellevue_150th_SE38th
2161,cross,0.325163,0.024292,0.03617,0.133333,0.0,0.0,Bellevue_150th_SE38th
2162,cross,0.331839,0.023335,0.037988,0.3,0.0,0.0,Bellevue_150th_SE38th
2163,cross,0.313482,0.013429,0.030096,0.233333,0.0,0.0,Bellevue_150th_SE38th
2164,cross,0.333526,0.021268,0.036523,0.188889,0.0,0.011111,Bellevue_150th_SE38th
2165,cross,0.492567,0.055334,0.086887,0.482222,0.037778,0.011111,Bellevue_150th_SE38th
2166,cross,0.361381,0.025288,0.0416,0.033333,0.0,0.0,Bellevue_150th_SE38th
2167,cross,0.333633,0.02231,0.037423,0.133333,0.0,0.0,Bellevue_150th_SE38th
2168,cross,0.293573,0.023504,0.029678,0.3,0.0,0.0,Bellevue_150th_SE38th
2169,cross,0.348283,0.023057,0.038787,0.4,0.0,0.0,Bellevue_150th_SE38th
2170,cross,0.339469,0.021827,0.037485,0.1,0.0,0.0,Bellevue_150th_SE38th
2171,cross,0.348271,0.021751,0.038823,0.233333,0.0,0.0,Bellevue_150th_SE38th
2172,cross,0.323956,0.020153,0.034806,0.366667,0.0,0.0,Bellevue_150th_SE38th
2173,cross,0.327402,0.020299,0.035174,0.166667,0.0,0.0,Bellevue_150th_SE38th
2174,cross,0.327256,0.019943,0.035437,0.2,0.0,0.0,Bellevue_150th_SE38th
2175,cross,0.32004,0.014564,0.031822,0.166667,0.0,0.0,Bellevue_150th_SE38th
2176,cross,0.348429,0.024907,0.040733,0.35,0.05,0.0,Bellevue_150th_SE38th
2177,cross,0.48261,0.057039,0.085397,0.363889,0.033333,0.083333,Bellevue_150th_SE38th
2178,cross,0.408972,0.039106,0.056378,0.2,-0.033333,0.0,Bellevue_150th_SE38th
2179,cross,0.297007,0.02482,0.031571,0.066667,0.0,0.0,Bellevue_150th_SE38th
2180,cross,0.352273,0.056705,0.051191,0.144444,-0.016667,0.008333,Bellevue_150th_SE38th
2181,cross,0.40122,0.06586,0.060167,0.272222,0.0,0.0,Bellevue_150th_SE38th
2182,cross,0.336593,0.051294,0.04627,0.276667,0.027778,0.016667,Bellevue_150th_SE38th
2183,cross,0.486038,0.05276,0.089396,0.452778,-0.008333,0.033333,Bellevue_150th_SE38th
2184,cross,0.344516,0.013505,0.038607,0.1,0.0,0.0,Bellevue_150th_SE38th
2185,cross,0.407454,0.052198,0.062764,0.366667,0.0,0.0,Bellevue_150th_SE38th
2186,cross,0.349823,0.024009,0.039291,0.233333,0.0,0.0,Bellevue_150th_SE38th
2187,cross,0.328367,0.014679,0.031923,0.366667,0.0,0.0,Bellevue_150th_SE38th
2188,cross,0.280463,0.022573,0.026977,0.333333,0.0,0.0,Bellevue_150th_SE38th
2189,cross,0.353718,0.069734,0.048889,0.166667,-0.033333,0.033333,Bellevue_150th_SE38th
2190,cross,0.364298,0.063182,0.052349,0.433333,0.0,0.0,Bellevue_150th_SE38th
2191,cross,0.392194,0.035806,0.056703,0.133333,0.0,0.0,Bellevue_150th_SE38th
2192,cross,0.346181,0.025143,0.041426,0.365556,0.033333,0.1,Bellevue_150th_SE38th
2193,cross,0.258041,0.023601,0.025526,0.166667,0.0,0.0,Bellevue_150th_SE38th
2194,cross,0.327554,0.022186,0.037183,0.2,0.0,0.0,Bellevue_150th_SE38th
2195,cross,0.349375,0.02589,0.043193,0.266667,0.0,0.0,Bellevue_150th_SE38th
2196,cross,0.343814,0.020917,0.038614,0.133333,0.0,0.0,Bellevue_150th_SE38th
2197,cross,0.319064,0.019233,0.034861,0.266667,0.0,0.0,Bellevue_150th_SE38th
2198,cross,0.305981,0.017803,0.032501,0.4,0.0,0.0,Bellevue_150th_SE38th
2199,cross,0.310849,0.017405,0.033053,0.1,0.0,0.0,Bellevue_150th_SE38th
2200,cross,0.389365,0.033966,0.054357,0.476667,-0.023333,0.13,Bellevue_150th_SE38th
2201,cross,0.240236,0.01741,0.021027,0.366667,0.0,0.0,Bellevue_150th_SE38th
2202,cross,0.289795,0.017216,0.029869,0.338889,-0.066667,0.133333,Bellevue_150th_SE38th
2203,cross,0.278643,0.03125,0.03128,0.166667,0.0,0.0,Bellevue_150th_SE38th
2204,cross,0.299293,0.018023,0.031012,0.2,0.0,0.0,Bellevue_150th_SE38th
2205,cross,0.323688,0.022691,0.037234,0.3,0.0,0.0,Bellevue_150th_SE38th
2206,cross,0.300377,0.0181,0.031667,0.466667,0.0,0.0,Bellevue_150th_SE38th
2207,cross,0.31375,0.019199,0.03376,0.166667,0.0,0.0,Bellevue_150th_SE38th
2208,cross,0.29002,0.016136,0.029288,0.3,0.0,0.0,Bellevue_150th_SE38th
2209,cross,0.320232,0.020635,0.035115,0.333333,0.0,0.0,Bellevue_150th_SE38th
2210,cross,0.368435,0.07152,0.054385,0.416667,-0.033333,0.066667,Bellevue_150th_SE38th
2211,cross,0.329569,0.017544,0.034215,0.266667,0.0,0.0,Bellevue_150th_SE38th
2212,cross,0.321573,0.01962,0.035041,0.2,0.0,0.0,Bellevue_150th_SE38th
2213,cross,0.312141,0.018014,0.032827,0.166667,0.0,0.0,Bellevue_150th_SE38th
2214,cross,0.306322,0.017495,0.032299,0.266667,0.0,0.0,Bellevue_150th_SE38th
2215,cross,0.290308,0.01007,0.026933,0.333333,0.0,0.0,Bellevue_150th_SE38th
2216,cross,0.316843,0.02103,0.035435,0.166667,0.0,0.0,Bellevue_150th_SE38th
2217,cross,0.356616,0.070785,0.050713,0.4,-0.033333,0.033333,Bellevue_150th_SE38th
2218,cross,0.332842,0.050102,0.046255,0.416667,0.008333,0.058333,Bellevue_150th_SE38th
2219,cross,0.52405,0.07064,0.107453,0.563333,0.056667,0.072222,Bellevue_150th_SE38th
2220,cross,0.313183,0.018524,0.033355,0.436111,0.016667,0.066667,Bellevue_150th_SE38th
2221,cross,0.384742,0.052856,0.059083,0.133333,0.0,0.0,Bellevue_150th_SE38th
2222,cross,0.373685,0.077699,0.05417,0.433333,0.0,0.061111,Bellevue_150th_SE38th
2223,cross,0.331473,0.020305,0.03621,0.366667,0.0,0.0,Bellevue_150th_SE38th
2224,cross,0.314073,0.019743,0.034251,0.166667,0.0,0.0,Bellevue_150th_SE38th
2225,cross,0.309598,0.018425,0.033193,0.233333,0.0,0.0,Bellevue_150th_SE38th
2226,cross,0.325546,0.019417,0.03492,0.333333,0.0,0.0,Bellevue_150th_SE38th
2227,cross,0.29947,0.016697,0.030386,0.233333,0.0,0.0,Bellevue_150th_SE38th
2228,cross,0.285701,0.010258,0.026571,0.233333,0.0,0.0,Bellevue_150th_SE38th
2229,cross,0.264513,0.020186,0.024809,0.3,0.0,0.0,Bellevue_150th_SE38th
2230,cross,0.31591,0.018166,0.03285,0.433333,0.0,0.0,Bellevue_150th_SE38th
2231,cross,0.321973,0.021838,0.036141,0.266667,0.0,0.0,Bellevue_150th_SE38th
2232,cross,0.331971,0.023306,0.038273,0.455556,0.0,0.05,Bellevue_150th_SE38th
2233,cross,0.31775,0.034092,0.038473,0.066667,0.0,0.0,Bellevue_150th_SE38th
2234,cross,0.314945,0.018809,0.033897,0.166667,0.0,0.0,Bellevue_150th_SE38th
2235,cross,0.304075,0.019499,0.032613,0.333333,0.0,0.0,Bellevue_150th_SE38th
2236,cross,0.283692,0.019921,0.027688,0.166667,0.0,0.0,Bellevue_150th_SE38th
2237,cross,0.36396,0.072567,0.050969,0.4,0.0,0.033333,Bellevue_150th_SE38th
2238,cross,0.313977,0.018627,0.032819,0.366667,0.0,0.0,Bellevue_150th_SE38th
2239,cross,0.319392,0.019485,0.034244,0.233333,0.0,0.0,Bellevue_150th_SE38th
2240,cross,0.294247,0.011673,0.028298,0.3,0.0,0.0,Bellevue_150th_SE38th
2241,cross,0.303143,0.018449,0.032403,0.3,0.0,0.0,Bellevue_150th_SE38th
2242,cross,0.327741,0.020581,0.036215,0.4,0.033333,0.116667,Bellevue_150th_SE38th
2243,cross,0.492619,0.04932,0.093363,0.4,0.0,0.0,Bellevue_150th_SE38th
2244,cross,0.325913,0.021639,0.036761,0.266667,0.0,0.0,Bellevue_150th_SE38th
2245,cross,0.321507,0.021415,0.036231,0.483333,0.083333,0.05,Bellevue_150th_SE38th
2246,cross,0.400342,0.031892,0.055142,0.455556,-0.022222,0.144444,Bellevue_150th_SE38th
2247,cross,0.507063,0.062726,0.091413,0.461111,0.033333,0.041667,Bellevue_150th_SE38th
2248,cross,0.40693,0.081983,0.064768,0.25,-0.016667,0.1,Bellevue_150th_SE38th
2249,cross,0.478376,0.040629,0.083455,0.366667,0.0,0.0,Bellevue_150th_SE38th
2250,cross,0.332165,0.02286,0.037728,0.433333,0.05,0.033333,Bellevue_150th_SE38th
2251,cross,0.448188,0.044009,0.075505,0.3,0.0,0.0,Bellevue_150th_SE38th
2252,cross,0.411801,0.067811,0.068908,0.333333,0.0,0.033333,Bellevue_150th_SE38th
2253,cross,0.448997,0.080266,0.07677,0.366667,0.0,0.033333,Bellevue_150th_SE38th
2254,cross,0.308789,0.018164,0.032977,0.166667,0.0,0.0,Bellevue_150th_SE38th
2255,cross,0.279527,0.016339,0.027476,0.416667,0.033333,0.044444,Bellevue_150th_SE38th
2256,cross,0.575565,0.120672,0.117217,0.35,-0.016667,0.033333,Bellevue_150th_SE38th
2257,cross,0.367991,0.05112,0.053514,0.133333,0.0,0.0,Bellevue_150th_SE38th
2258,cross,0.308384,0.018627,0.032698,0.266667,0.0,0.0,Bellevue_150th_SE38th
2259,cross,0.452968,0.064661,0.076716,0.655556,0.091667,0.05,Bellevue_150th_SE38th
2260,cross,0.516823,0.124782,0.088959,0.731508,0.010833,0.035913,Bellevue_150th_SE38th
2261,cross,0.424041,0.079617,0.068706,0.593492,0.01619,0.065,Bellevue_150th_SE38th
2262,cross,0.386889,0.039709,0.057927,0.133333,0.0,0.0,Bellevue_150th_SE38th
2263,cross,0.32022,0.048996,0.043904,0.316667,0.0,0.033333,Bellevue_150th_SE38th
2264,cross,0.492819,0.08178,0.094541,0.561111,0.166667,0.066667,Bellevue_150th_SE38th
2265,cross,0.349943,0.034215,0.046864,0.4,0.0,0.0,Bellevue_150th_SE38th
2266,cross,0.278622,0.016695,0.028681,0.333333,0.0,0.0,Bellevue_150th_SE38th
2267,cross,0.314543,0.019046,0.033874,0.2,0.0,0.0,Bellevue_150th_SE38th
2268,cross,0.28355,0.009265,0.02641,0.3,0.0,0.0,Bellevue_150th_SE38th
2269,cross,0.319948,0.019862,0.034939,0.133333,0.0,0.0,Bellevue_150th_SE38th
2270,cross,0.30787,0.018673,0.033212,0.266667,0.0,0.0,Bellevue_150th_SE38th
2271,cross,0.368779,0.071176,0.053269,0.533333,0.033333,0.05,Bellevue_150th_SE38th
2272,cross,0.530281,0.071904,0.106278,0.468333,-0.05,0.083333,Bellevue_150th_SE38th
2273,cross,0.44901,0.065433,0.076785,0.213889,-0.066667,0.077778,Bellevue_150th_SE38th
2274,cross,0.248871,0.025372,0.024165,0.533333,0.0,0.016667,Bellevue_150th_SE38th
2275,cross,0.456056,0.055515,0.078175,0.466667,0.0,0.0,Bellevue_150th_SE38th
2276,cross,0.320484,0.019692,0.035451,0.466667,0.033333,0.0,Bellevue_150th_SE38th
2277,cross,0.405617,0.052846,0.059839,0.729127,0.152778,0.008333,Bellevue_150th_SE38th
2278,cross,0.531525,0.068874,0.092285,0.756071,0.051111,0.011111,Bellevue_150th_SE38th
2279,cross,0.553247,0.101344,0.114238,0.729643,0.126468,0.100635,Bellevue_150th_SE38th
2280,cross,0.376078,0.075988,0.053932,0.589444,-0.138333,0.255556,Bellevue_150th_SE38th
2281,cross,0.474663,0.093917,0.083181,0.741667,0.011111,0.033333,Bellevue_150th_SE38th
2282,cross,0.338404,0.019928,0.037218,0.766667,0.0,0.0,Bellevue_150th_SE38th
2283,cross,0.297954,0.018696,0.031725,0.533333,0.0,0.0,Bellevue_150th_SE38th
2284,cross,0.336163,0.029342,0.041202,0.4,0.044444,0.022222,Bellevue_150th_SE38th
2285,cross,0.569249,0.130859,0.108323,0.616111,0.072222,0.065,Bellevue_150th_SE38th
2286,cross,0.4712,0.090865,0.081742,0.618413,0.061111,0.055556,Bellevue_150th_SE38th
2287,cross,0.307424,0.016826,0.030969,0.3,0.0,0.0,Bellevue_150th_SE38th
2288,cross,0.336265,0.023046,0.039187,0.451667,-0.016667,0.111111,Bellevue_150th_SE38th
2289,cross,0.428673,0.025621,0.053173,0.266667,0.0,0.066667,Bellevue_150th_SE38th
2290,cross,0.262262,0.018842,0.024933,0.033333,0.0,0.0,Bellevue_150th_SE38th
2291,cross,0.287628,0.020633,0.028865,0.166667,0.0,0.0,Bellevue_150th_SE38th
2292,cross,0.361735,0.075226,0.051737,0.133333,0.0,0.0,Bellevue_150th_SE38th
2293,cross,0.327091,0.023084,0.037731,0.288889,-0.033333,0.066667,Bellevue_150th_SE38th
2294,cross,0.57067,0.128105,0.109604,0.339444,0.013889,0.063889,Bellevue_150th_SE38th
2295,cross,0.541361,0.119351,0.100204,0.52,0.025,0.059444,Bellevue_150th_SE38th
2296,cross,0.368947,0.074836,0.053773,0.355556,0.0,0.033333,Bellevue_150th_SE38th
2297,cross,0.350957,0.024046,0.041674,0.266667,0.0,0.0,Bellevue_150th_SE38th
2298,cross,0.4071,0.039512,0.052672,0.676667,0.002778,0.150556,Bellevue_150th_SE38th
2299,cross,0.553577,0.126612,0.10389,0.725,0.077778,0.110556,Bellevue_150th_SE38th
2300,cross,0.339067,0.012597,0.033418,0.2,0.0,0.0,Bellevue_150th_SE38th
2301,cross,0.327414,0.037835,0.042374,0.3,0.0,0.0,Bellevue_150th_SE38th
2302,cross,0.363824,0.07199,0.051777,0.2,0.011111,0.033333,Bellevue_150th_SE38th
2303,cross,0.353113,0.064551,0.05006,0.25,0.016667,0.016667,Bellevue_150th_SE38th
2304,cross,0.351175,0.062171,0.049178,0.205556,-0.116667,0.083333,Bellevue_150th_SE38th
2305,cross,0.37677,0.072261,0.05507,0.508333,0.022222,0.116667,Bellevue_150th_SE38th
2306,cross,0.437654,0.058357,0.069676,0.747222,0.058333,0.027778,Bellevue_150th_SE38th
2307,cross,0.557529,0.094156,0.106371,0.741667,0.016667,0.061111,Bellevue_150th_SE38th
2308,cross,0.579468,0.126132,0.121047,0.716667,-0.038889,0.172222,Bellevue_150th_SE38th
2309,cross,0.582647,0.124831,0.122213,0.391667,0.033333,0.052778,Bellevue_150th_SE38th
2310,cross,0.542496,0.094754,0.113665,0.714127,0.09119,0.07254,Bellevue_150th_SE38th
2311,cross,0.532672,0.103851,0.101221,0.566667,0.05,0.033333,Bellevue_150th_SE38th
2312,cross,0.469184,0.065821,0.078971,0.633333,0.0,0.005556,Bellevue_150th_SE38th
2313,cross,0.388626,0.05135,0.057594,0.558333,0.027778,0.05,Bellevue_150th_SE38th
2314,cross,0.403563,0.038843,0.060431,0.321111,0.005556,0.066667,Bellevue_150th_SE38th
2315,cross,0.330732,0.04702,0.04505,0.266667,0.0,0.0,Bellevue_150th_SE38th
2316,cross,0.362003,0.072383,0.051294,0.527778,0.058333,0.0,Bellevue_150th_SE38th
2317,cross,0.375367,0.037414,0.051986,0.794524,0.052778,0.060833,Bellevue_150th_SE38th
2318,cross,0.573957,0.113237,0.120589,0.859696,0.045556,0.124854,Bellevue_150th_SE38th
2319,cross,0.545958,0.098733,0.1142,0.569444,-0.075,0.230556,Bellevue_150th_SE38th
2320,cross,0.503215,0.08712,0.096937,0.643333,0.044444,0.011111,Bellevue_150th_SE38th
2321,cross,0.341203,0.036415,0.045753,0.333333,0.0,0.0,Bellevue_150th_SE38th
2322,cross,0.302775,0.016923,0.031338,0.2,0.0,0.0,Bellevue_150th_SE38th
2323,cross,0.361049,0.07455,0.05179,0.549444,0.085,0.088333,Bellevue_150th_SE38th
2324,cross,0.370585,0.037856,0.049979,0.233333,0.0,0.0,Bellevue_150th_SE38th
2325,cross,0.324223,0.021376,0.036357,0.033333,0.0,0.0,Bellevue_150th_SE38th
2326,cross,0.328405,0.021989,0.037645,0.6,-0.033333,0.0,Bellevue_150th_SE38th
2327,cross,0.479796,0.055418,0.086305,0.596667,-0.066667,0.1,Bellevue_150th_SE38th
2328,cross,0.339246,0.037609,0.044848,0.166667,0.0,0.0,Bellevue_150th_SE38th
2329,cross,0.284799,0.026335,0.029715,0.4,0.0,0.0,Bellevue_150th_SE38th
2330,cross,0.547452,0.127479,0.101797,0.703849,0.012963,0.1,Bellevue_150th_SE38th
2331,cross,0.584997,0.114748,0.128208,0.731124,-0.037513,0.07,Bellevue_150th_SE38th
2332,cross,0.540132,0.079266,0.116944,0.583333,-0.094444,0.077778,Bellevue_150th_SE38th
2333,cross,0.289489,0.017973,0.030238,0.444444,0.077778,0.083333,Bellevue_150th_SE38th
2334,cross,0.400353,0.084837,0.060202,0.455556,-0.038889,0.086111,Bellevue_150th_SE38th
2335,cross,0.377665,0.042975,0.052783,0.556111,0.094444,0.031667,Bellevue_150th_SE38th
2336,cross,0.412469,0.058974,0.061949,0.490556,-0.011111,0.011111,Bellevue_150th_SE38th
2337,cross,0.519918,0.085698,0.106332,0.641667,0.0,0.094444,Bellevue_150th_SE38th
2338,cross,0.546368,0.115789,0.104298,0.464683,-0.058333,0.138095,Bellevue_150th_SE38th
2339,cross,0.350316,0.053677,0.05068,0.393333,0.05,0.0,Bellevue_150th_SE38th
2340,cross,0.556293,0.115263,0.107837,0.4,0.061111,0.027778,Bellevue_150th_SE38th
2341,cross,0.403962,0.034381,0.054659,0.488889,-0.011111,0.011111,Bellevue_150th_SE38th
2342,cross,0.352545,0.063471,0.051221,0.5,0.033333,0.011111,Bellevue_150th_SE38th
2343,cross,0.355093,0.027308,0.048023,0.366667,0.0,0.0,Bellevue_150th_SE38th
2344,cross,0.379826,0.077252,0.056961,0.405556,-0.116667,0.127778,Bellevue_150th_SE38th
2345,cross,0.439008,0.054856,0.080674,0.363889,-0.033333,0.05,Bellevue_150th_SE38th
2346,cross,0.476963,0.053971,0.082911,0.783333,-0.016667,0.066667,Bellevue_150th_SE38th
2347,cross,0.562961,0.103084,0.11871,0.656111,0.098333,0.077778,Bellevue_150th_SE38th
2348,cross,0.365139,0.041312,0.052275,0.233333,0.0,0.0,Bellevue_150th_SE38th
2349,cross,0.313081,0.020505,0.035009,0.351667,-0.019444,0.027778,Bellevue_150th_SE38th
2350,cross,0.530233,0.073388,0.102789,0.592698,0.054444,0.048333,Bellevue_150th_SE38th
2351,cross,0.508741,0.084522,0.092926,0.463333,0.019444,0.016667,Bellevue_150th_SE38th
2352,cross,0.366251,0.029312,0.046086,0.2,0.0,0.0,Bellevue_150th_SE38th
2353,cross,0.327446,0.027905,0.038548,0.723849,0.061111,0.038611,Bellevue_150th_SE38th
2354,cross,0.433919,0.058987,0.069629,0.741548,0.058333,0.015873,Bellevue_150th_SE38th
2355,cross,0.569035,0.111489,0.121531,0.538889,0.0,0.0,Bellevue_150th_SE38th
2356,cross,0.474905,0.07878,0.079652,0.583889,0.059444,0.016667,Bellevue_150th_SE38th
2357,cross,0.364458,0.03641,0.047871,0.3,0.0,0.0,Bellevue_150th_SE38th
2358,cross,0.302877,0.020886,0.032984,0.233333,0.0,0.0,Bellevue_150th_SE38th
2359,cross,0.310062,0.019882,0.03393,0.366667,0.0,0.0,Bellevue_150th_SE38th
2360,cross,0.292507,0.012488,0.029052,0.4,0.0,0.0,Bellevue_150th_SE38th
2361,cross,0.385756,0.078999,0.058069,0.466667,0.0,0.0,Bellevue_150th_SE38th
2362,cross,0.489728,0.10685,0.078967,0.436111,0.011111,0.075,Bellevue_150th_SE38th
2363,cross,0.394507,0.058286,0.058766,0.472222,0.033333,0.0,Bellevue_150th_SE38th
2364,cross,0.401623,0.062731,0.058426,0.5475,0.033333,0.033333,Bellevue_150th_SE38th
2365,cross,0.407455,0.054163,0.062451,0.441667,0.083333,0.016667,Bellevue_150th_SE38th
2366,cross,0.360642,0.042907,0.049743,0.505556,0.05,0.027778,Bellevue_150th_SE38th
2367,cross,0.414399,0.048606,0.065021,0.523889,0.141667,0.026111,Bellevue_150th_SE38th
2368,cross,0.522242,0.120501,0.092101,0.740556,0.111111,0.05,Bellevue_150th_SE38th
2369,cross,0.526146,0.14317,0.087213,0.714444,0.022222,0.094444,Bellevue_150th_SE38th
2370,cross,0.377084,0.033126,0.053748,0.327778,-0.027778,0.05,Bellevue_150th_SE38th
2371,cross,0.485671,0.042405,0.085363,0.233333,0.0,0.011111,Bellevue_150th_SE38th
2372,cross,0.298929,0.013097,0.0301,0.5,0.0,0.083333,Bellevue_150th_SE38th
2373,cross,0.513198,0.064727,0.096225,0.540556,0.033333,0.069444,Bellevue_150th_SE38th
2374,cross,0.486791,0.107545,0.084603,0.668016,0.116667,0.088095,Bellevue_150th_SE38th
2375,cross,0.444624,0.056535,0.082206,0.533333,0.0,0.0,Bellevue_150th_SE38th
2376,cross,0.380269,0.03562,0.05148,0.3,0.0,0.0,Bellevue_150th_SE38th
2377,cross,0.296023,0.023488,0.031803,0.3,0.0,0.0,Bellevue_150th_SE38th
2378,cross,0.309017,0.022019,0.034119,0.563889,0.077778,0.083333,Bellevue_150th_SE38th
2379,cross,0.519982,0.088203,0.095274,0.266667,0.016667,0.0,Bellevue_150th_SE38th
2380,cross,0.262945,0.021654,0.025886,0.266667,0.0,0.0,Bellevue_150th_SE38th
2381,cross,0.419678,0.044141,0.064554,0.660397,0.064762,0.027222,Bellevue_150th_SE38th
2382,cross,0.41424,0.057248,0.064861,0.754378,0.152897,0.0,Bellevue_150th_SE38th
2383,cross,0.57227,0.116411,0.118641,0.607381,0.116389,0.0375,Bellevue_150th_SE38th
2384,cross,0.513797,0.054899,0.082287,0.273333,-0.055556,0.013333,Bellevue_150th_SE38th
2385,cross,0.318388,0.019903,0.034458,0.3,0.05,0.0,Bellevue_150th_SE38th
2386,cross,0.533198,0.072636,0.1005,0.701032,0.144444,0.044444,Bellevue_150th_SE38th
2387,cross,0.492393,0.080278,0.089908,0.640476,-0.008333,0.028095,Bellevue_150th_SE38th
2388,cross,0.546448,0.112527,0.107116,0.486111,-0.027778,0.126111,Bellevue_150th_SE38th
2389,cross,0.530422,0.116459,0.098541,0.669444,0.133333,0.080556,Bellevue_150th_SE38th
2390,cross,0.525187,0.138341,0.089064,0.790238,0.135873,0.042778,Bellevue_150th_SE38th
2391,cross,0.490373,0.117866,0.084163,0.482222,-0.044444,0.094444,Bellevue_150th_SE38th
2392,cross,0.446399,0.029974,0.065209,0.133333,0.0,0.0,Bellevue_150th_SE38th
2393,cross,0.306985,0.019545,0.032911,0.333333,0.033333,0.0,Bellevue_150th_SE38th
2394,cross,0.593374,0.13921,0.11939,0.327778,-0.016667,0.1,Bellevue_150th_SE38th
2395,cross,0.468684,0.067093,0.087605,0.2,0.0,0.0,Bellevue_150th_SE38th
2396,cross,0.305456,0.017908,0.032343,0.601667,0.147222,0.041667,Bellevue_150th_SE38th
2397,cross,0.508821,0.064116,0.096423,0.5,0.116667,0.0,Bellevue_150th_SE38th
2398,cross,0.519879,0.102417,0.090728,0.4,0.0,0.033333,Bellevue_150th_SE38th
2399,cross,0.564273,0.118677,0.111535,0.538889,0.022222,0.2,Bellevue_150th_SE38th
2400,cross,0.543401,0.101125,0.110116,0.592222,0.0,0.134444,Bellevue_150th_SE38th
2401,cross,0.540393,0.103962,0.10736,0.4,-0.016667,0.016667,Bellevue_150th_SE38th
2402,cross,0.433563,0.057723,0.067841,0.283333,0.0,0.0,Bellevue_150th_SE38th
2403,cross,0.530095,0.112231,0.102676,0.316667,0.0,0.033333,Bellevue_150th_SE38th
2404,cross,0.569311,0.118108,0.118078,0.416667,0.0,0.011111,Bellevue_150th_SE38th
2405,cross,0.577442,0.131107,0.116119,0.511667,-0.035,0.063333,Bellevue_150th_SE38th
2406,cross,0.383752,0.050322,0.057169,0.4,0.0,0.066667,Bellevue_150th_SE38th
2407,cross,0.257058,0.020264,0.024663,0.441667,0.088889,0.023333,Bellevue_150th_SE38th
2408,cross,0.496946,0.056859,0.083257,0.496667,0.04,0.025,Bellevue_150th_SE38th
2409,cross,0.50343,0.126728,0.085673,0.570238,0.014206,0.033333,Bellevue_150th_SE38th
2410,cross,0.554039,0.122602,0.106702,0.562381,0.038889,0.033889,Bellevue_150th_SE38th
2411,cross,0.46725,0.082691,0.081024,0.194444,0.0,0.0,Bellevue_150th_SE38th
2412,cross,0.287222,0.010272,0.026805,0.1,0.0,0.0,Bellevue_150th_SE38th
2413,cross,0.326212,0.049957,0.044494,0.133333,0.0,0.0,Bellevue_150th_SE38th
2414,cross,0.424432,0.079776,0.064378,0.266667,-0.033333,0.033333,Bellevue_150th_SE38th
2415,cross,0.306695,0.018239,0.032622,0.166667,0.0,0.0,Bellevue_150th_SE38th
2416,cross,0.28875,0.010587,0.027355,0.133333,0.0,0.0,Bellevue_150th_SE38th
2417,cross,0.323096,0.019617,0.034805,0.366667,0.0,0.0,Bellevue_150th_SE38th
2418,cross,0.496926,0.054081,0.094469,0.440556,-0.111111,0.136111,Bellevue_150th_SE38th
2419,cross,0.423466,0.07189,0.072526,0.333333,0.066667,0.066667,Bellevue_150th_SE38th
2420,cross,0.510525,0.126167,0.088157,0.753333,0.087778,0.117778,Bellevue_150th_SE38th
2421,cross,0.463869,0.112585,0.073009,0.524921,-0.045556,0.066111,Bellevue_150th_SE38th
2422,cross,0.564581,0.117283,0.11436,0.564683,-0.033333,0.061111,Bellevue_150th_SE38th
2423,cross,0.483795,0.055784,0.094037,0.576944,-0.027778,0.047222,Bellevue_150th_SE38th
2424,cross,0.52511,0.086208,0.103606,0.391111,0.061111,0.017778,Bellevue_150th_SE38th
2425,cross,0.573279,0.117837,0.115682,0.649048,0.052778,0.034762,Bellevue_150th_SE38th
2426,cross,0.495826,0.102375,0.08526,0.695344,0.0,0.044286,Bellevue_150th_SE38th
2427,cross,0.474168,0.122418,0.073466,0.427778,0.033333,0.177778,Bellevue_150th_SE38th
2428,cross,0.562523,0.114585,0.113692,0.478889,0.048889,0.111111,Bellevue_150th_SE38th
2429,cross,0.335861,0.036751,0.043823,0.2,0.0,0.0,Bellevue_150th_SE38th
2430,cross,0.489874,0.125341,0.081654,0.568889,0.05,0.071667,Bellevue_150th_SE38th
2431,cross,0.353594,0.059703,0.050638,0.651111,0.177778,0.053333,Bellevue_150th_SE38th
2432,cross,0.551096,0.120686,0.106547,0.538889,0.0,0.033333,Bellevue_150th_SE38th
2433,cross,0.343447,0.040471,0.045107,0.3,-0.033333,0.1,Bellevue_150th_SE38th
2434,cross,0.372632,0.068014,0.054218,0.6,0.0,0.294444,Bellevue_150th_SE38th
2435,cross,0.415805,0.06647,0.065934,0.316667,0.0,0.016667,Bellevue_150th_SE38th
2436,cross,0.372167,0.027067,0.047226,0.166667,0.0,0.0,Bellevue_150th_SE38th
2437,cross,0.417667,0.048969,0.065109,0.591667,0.188889,0.032778,Bellevue_150th_SE38th
2438,cross,0.533311,0.083045,0.097936,0.686283,0.140688,0.119762,Bellevue_150th_SE38th
2439,cross,0.537087,0.083142,0.105423,0.559841,0.038651,0.063095,Bellevue_150th_SE38th
2440,cross,0.537273,0.097174,0.106284,0.375,0.07,0.058333,Bellevue_150th_SE38th
2441,cross,0.340616,0.023703,0.039347,0.233333,0.016667,0.0,Bellevue_150th_SE38th
2442,cross,0.542851,0.072455,0.103236,0.441111,-0.055556,0.066667,Bellevue_150th_SE38th
2443,cross,0.476115,0.099869,0.083884,0.508333,0.144444,0.091667,Bellevue_150th_SE38th
2444,cross,0.522824,0.096951,0.100762,0.572222,0.008333,0.163889,Bellevue_150th_SE38th
2445,cross,0.434963,0.057057,0.06663,0.925,0.139524,0.033333,Bellevue_150th_SE38th
2446,cross,0.514775,0.091275,0.095953,0.625,0.086111,0.044444,Bellevue_150th_SE38th
2447,cross,0.421654,0.062671,0.066128,0.458889,0.001111,0.125,Bellevue_150th_SE38th
2448,cross,0.5237,0.08836,0.101903,0.384921,0.023016,0.099206,Bellevue_150th_SE38th
2449,cross,0.383257,0.078919,0.056861,0.516667,-0.027778,0.083333,Bellevue_150th_SE38th
2450,cross,0.550309,0.101118,0.112875,0.266667,-0.033333,0.1,Bellevue_150th_SE38th
2451,cross,0.416778,0.057286,0.06904,0.45,0.066667,0.066667,Bellevue_150th_SE38th
2452,cross,0.549651,0.111858,0.105511,0.545556,-0.033333,0.102778,Bellevue_150th_SE38th
2453,cross,0.524775,0.10674,0.099331,0.583333,0.116667,0.0,Bellevue_150th_SE38th
2454,cross,0.458524,0.045225,0.074434,0.266667,0.1,0.0,Bellevue_150th_SE38th
2455,cross,0.319822,0.020188,0.034766,0.266667,0.0,0.0,Bellevue_150th_SE38th
2456,cross,0.377631,0.062339,0.057759,0.345397,0.079444,0.008333,Bellevue_150th_SE38th
2457,cross,0.559966,0.115038,0.109858,0.489683,0.089206,0.066667,Bellevue_150th_SE38th
2458,cross,0.536534,0.102628,0.102134,0.673889,0.075,0.108333,Bellevue_150th_SE38th
2459,cross,0.429895,0.050123,0.067913,0.580556,0.0,0.036667,Bellevue_150th_SE38th
2460,cross,0.404975,0.063382,0.061937,0.695278,0.126111,0.093333,Bellevue_150th_SE38th
2461,cross,0.554215,0.077741,0.08728,0.58873,0.012077,0.061508,Bellevue_150th_SE38th
2462,cross,0.41082,0.074216,0.066793,0.429444,0.044444,0.008333,Bellevue_150th_SE38th
2463,cross,0.540509,0.07884,0.111885,0.455556,-0.05,0.066667,Bellevue_150th_SE38th
2464,cross,0.543476,0.118431,0.103863,0.3,-0.133333,0.133333,Bellevue_150th_SE38th
2465,cross,0.519139,0.105813,0.09733,0.616667,0.033333,0.066667,Bellevue_150th_SE38th
2466,cross,0.53517,0.064886,0.099673,0.416667,-0.116667,0.166667,Bellevue_150th_SE38th
2467,cross,0.344828,0.01837,0.036636,0.288889,-0.016667,0.016667,Bellevue_150th_SE38th
2468,cross,0.330914,0.050854,0.044343,0.316667,-0.016667,0.05,Bellevue_150th_SE38th
2469,cross,0.512452,0.12347,0.087787,0.638889,-0.044444,0.077778,Bellevue_150th_SE38th
2470,cross,0.522549,0.089021,0.102879,0.408333,-0.116667,0.116667,Bellevue_150th_SE38th
2471,cross,0.402028,0.054199,0.062334,0.325,0.0,0.033333,Bellevue_150th_SE38th
2472,cross,0.535281,0.132635,0.096109,0.266667,0.016667,0.066667,Bellevue_150th_SE38th
2473,cross,0.53075,0.107908,0.101647,0.402778,-0.011111,0.044444,Bellevue_150th_SE38th
2474,cross,0.492109,0.113417,0.081175,0.662778,0.127778,0.030556,Bellevue_150th_SE38th
2475,cross,0.486257,0.095415,0.08681,0.680198,-0.008333,0.065595,Bellevue_150th_SE38th
2476,cross,0.401127,0.046834,0.05908,0.658016,0.005556,0.175,Bellevue_150th_SE38th
2477,cross,0.543293,0.061978,0.093262,0.333333,0.066667,0.0,Bellevue_150th_SE38th
2478,cross,0.448848,0.093148,0.075837,0.5,0.083333,0.016667,Bellevue_150th_SE38th
2479,cross,0.501278,0.083845,0.095898,0.338889,0.0,0.072222,Bellevue_150th_SE38th
2480,cross,0.36959,0.030313,0.052539,0.133333,0.0,0.0,Bellevue_150th_SE38th
2481,cross,0.327354,0.030672,0.039607,0.366667,0.0,0.0,Bellevue_150th_SE38th
2482,cross,0.33203,0.022253,0.037395,0.266667,-0.033333,0.033333,Bellevue_150th_SE38th
2483,cross,0.525099,0.092671,0.100789,0.483333,0.033333,0.016667,Bellevue_150th_SE38th
2484,cross,0.563921,0.135963,0.106831,0.41881,0.038333,0.101111,Bellevue_150th_SE38th
2485,cross,0.533767,0.095925,0.103206,0.366667,0.0,0.033333,Bellevue_150th_SE38th
2486,cross,0.536744,0.103799,0.102454,0.305556,0.027778,0.0,Bellevue_150th_SE38th
2487,cross,0.308146,0.018088,0.032811,0.1,0.0,0.0,Bellevue_150th_SE38th
2488,cross,0.349389,0.059476,0.050584,0.472222,0.083333,0.066667,Bellevue_150th_SE38th
2489,cross,0.605196,0.143075,0.1238,0.42746,-0.022222,0.058333,Bellevue_150th_SE38th
2490,cross,0.488114,0.072431,0.088298,0.568333,-0.066667,0.123333,Bellevue_150th_SE38th
2491,cross,0.51755,0.096555,0.098146,0.327778,-0.005556,0.033333,Bellevue_150th_SE38th
2492,cross,0.48096,0.089966,0.086571,0.361111,0.016667,0.0,Bellevue_150th_SE38th
2493,cross,0.496693,0.094817,0.089019,0.305556,-0.03,0.062222,Bellevue_150th_SE38th
2494,cross,0.538308,0.106642,0.104144,0.61,0.183333,0.069444,Bellevue_150th_SE38th
2495,cross,0.350544,0.025563,0.042938,0.385,0.166667,0.033333,Bellevue_150th_SE38th
2496,cross,0.424008,0.035967,0.059878,0.166667,0.0,0.0,Bellevue_150th_SE38th
2497,cross,0.341951,0.022488,0.038142,0.366667,0.0,0.0,Bellevue_150th_SE38th
2498,cross,0.355523,0.059842,0.05106,0.561667,-0.073333,0.156667,Bellevue_150th_SE38th
2499,cross,0.508067,0.073818,0.103598,0.455556,0.244444,0.0,Bellevue_150th_SE38th
2500,cross,0.3494,0.057752,0.05033,0.166667,0.0,0.0,Bellevue_150th_SE38th
2501,cross,0.320226,0.016914,0.032587,0.370556,0.057222,0.084444,Bellevue_150th_SE38th
2502,cross,0.516499,0.06597,0.099695,0.5,0.056667,0.1,Bellevue_150th_SE38th
2503,cross,0.574235,0.112977,0.119631,0.576111,0.035556,0.045556,Bellevue_150th_SE38th
2504,cross,0.416448,0.077991,0.067641,0.432222,0.033333,0.117778,Bellevue_150th_SE38th
2505,cross,0.560088,0.115265,0.113987,0.455556,0.138889,0.016667,Bellevue_150th_SE38th
2506,cross,0.506715,0.064016,0.102858,0.266667,0.033333,0.0,Bellevue_150th_SE38th
2507,cross,0.354753,0.055655,0.051819,0.2,0.0,0.0,Bellevue_150th_SE38th
2508,cross,0.438966,0.096038,0.067521,0.411111,0.019444,0.111111,Bellevue_150th_SE38th
2509,cross,0.534329,0.096094,0.104943,0.587778,0.069444,0.086111,Bellevue_150th_SE38th
2510,cross,0.49638,0.104991,0.086613,0.693016,0.023095,0.085556,Bellevue_150th_SE38th
2511,cross,0.539073,0.100808,0.107279,0.658333,-0.091667,0.191667,Bellevue_150th_SE38th
2512,cross,0.545723,0.102347,0.111246,0.701905,0.098889,0.04,Bellevue_150th_SE38th
2513,cross,0.536825,0.124529,0.098795,0.686177,0.024709,0.107645,Bellevue_150th_SE38th
2514,cross,0.520464,0.095897,0.101667,0.76,0.094444,0.27,Bellevue_150th_SE38th
2515,cross,0.564159,0.096607,0.113904,0.35,0.066667,0.016667,Bellevue_150th_SE38th
2516,cross,0.414363,0.020834,0.058894,0.322222,-0.033333,0.077778,Bellevue_150th_SE38th
2517,cross,0.515499,0.106626,0.091991,0.35,-0.05,0.083333,Bellevue_150th_SE38th
2518,cross,0.512604,0.098174,0.097843,0.405556,0.005556,0.016667,Bellevue_150th_SE38th
2519,cross,0.360743,0.037262,0.049695,0.327778,-0.033333,0.077778,Bellevue_150th_SE38th
2520,cross,0.473493,0.057944,0.083706,0.664167,0.153889,0.101389,Bellevue_150th_SE38th
2521,cross,0.535085,0.107173,0.102181,0.664418,0.097857,0.094286,Bellevue_150th_SE38th
2522,cross,0.555653,0.118262,0.107017,0.653995,0.045873,0.074577,Bellevue_150th_SE38th
2523,cross,0.541471,0.109939,0.105222,0.667222,0.013333,0.205,Bellevue_150th_SE38th
2524,cross,0.569384,0.108583,0.121795,0.2,0.0,0.0,Bellevue_150th_SE38th
2525,cross,0.307699,0.028714,0.034008,0.366667,0.0,0.0,Bellevue_150th_SE38th
2526,cross,0.414341,0.084792,0.064182,0.709683,0.045556,0.094444,Bellevue_150th_SE38th
2527,cross,0.522779,0.098785,0.100357,0.505556,0.0,0.077778,Bellevue_150th_SE38th
2528,cross,0.551873,0.093768,0.116556,0.583889,0.1,0.091667,Bellevue_150th_SE38th
2529,cross,0.541751,0.112661,0.104151,0.596667,-0.044444,0.077778,Bellevue_150th_SE38th
2530,cross,0.522363,0.111746,0.095649,0.711032,-0.091667,0.096429,Bellevue_150th_SE38th
2531,cross,0.403823,0.048595,0.057591,0.672976,0.005556,0.078373,Bellevue_150th_SE38th
2532,cross,0.60578,0.128975,0.132728,0.447222,-0.011111,0.016667,Bellevue_150th_SE38th
2533,cross,0.565988,0.125693,0.110781,0.68127,-0.016984,0.080079,Bellevue_150th_SE38th
2534,cross,0.572613,0.124702,0.117064,0.541667,0.016667,0.044444,Bellevue_150th_SE38th
2535,cross,0.480326,0.105234,0.081723,0.541667,0.027778,0.244444,Bellevue_150th_SE38th
2536,cross,0.624102,0.150448,0.132822,0.593571,0.043889,0.11754,Bellevue_150th_SE38th
2537,cross,0.339679,0.044439,0.047569,0.283333,-0.033333,0.05,Bellevue_150th_SE38th
2538,cross,0.40088,0.078067,0.062161,0.25,-0.016667,0.033333,Bellevue_150th_SE38th
2539,cross,0.353494,0.064696,0.050536,0.427778,0.066667,0.061111,Bellevue_150th_SE38th
2540,cross,0.362396,0.02121,0.0487,0.2,0.0,0.0,Bellevue_150th_SE38th
2541,cross,0.367521,0.077976,0.053444,0.502778,0.122222,0.0,Bellevue_150th_SE38th
2542,cross,0.504054,0.074805,0.091075,0.557381,0.015556,0.067778,Bellevue_150th_SE38th
2543,cross,0.547518,0.126572,0.10206,0.749127,0.009524,0.045357,Bellevue_150th_SE38th
2544,cross,0.534,0.107054,0.100479,0.799683,-0.01,0.33619,Bellevue_150th_SE38th
2545,cross,0.463314,0.046457,0.07763,0.45,0.0,0.033333,Bellevue_150th_SE38th
2546,cross,0.560079,0.1386,0.103593,0.661111,-0.085,0.125,Bellevue_150th_SE38th
2547,cross,0.494559,0.107048,0.086713,0.358889,0.012222,0.05,Bellevue_150th_SE38th
2548,cross,0.564346,0.119669,0.113297,0.475,0.055556,0.086111,Bellevue_150th_SE38th
2549,cross,0.552403,0.114893,0.10922,0.422222,0.005556,0.166667,Bellevue_150th_SE38th
2550,cross,0.545882,0.118444,0.103097,0.405556,-0.044444,0.044444,Bellevue_150th_SE38th
2551,cross,0.443251,0.087099,0.075102,0.776508,0.056111,0.074444,Bellevue_150th_SE38th
2552,cross,0.427572,0.039506,0.063887,0.797222,-0.022222,0.0,Bellevue_150th_SE38th
2553,cross,0.523644,0.090506,0.102338,0.2,0.033333,0.0,Bellevue_150th_SE38th
2554,cross,0.35436,0.06807,0.050218,0.486111,-0.025,0.083333,Bellevue_150th_SE38th
2555,cross,0.565677,0.131487,0.110868,0.636667,-0.016667,0.184444,Bellevue_150th_SE38th
2556,cross,0.572188,0.098448,0.11928,0.642315,0.016944,0.093003,Bellevue_150th_SE38th
2557,cross,0.540404,0.08558,0.095477,0.702828,0.022222,0.058586,Bellevue_150th_SE38th
2558,cross,0.566519,0.124076,0.111246,0.383333,-0.116667,0.133333,Bellevue_150th_SE38th
2559,cross,0.339777,0.050815,0.04801,0.35,-0.033333,0.1,Bellevue_150th_SE38th
2560,cross,0.41355,0.053857,0.067706,0.3,-0.033333,0.033333,Bellevue_150th_SE38th
2561,cross,0.531878,0.081655,0.10947,0.4,0.033333,0.033333,Bellevue_150th_SE38th
2562,cross,0.329448,0.023014,0.037179,0.133333,0.0,0.0,Bellevue_150th_SE38th
2563,cross,0.360612,0.027583,0.043044,0.689444,0.053333,0.052222,Bellevue_150th_SE38th
2564,cross,0.591503,0.138719,0.11945,0.616614,-0.023413,0.137698,Bellevue_150th_SE38th
2565,cross,0.551218,0.110649,0.105066,0.337778,-0.022222,0.038889,Bellevue_150th_SE38th
2566,cross,0.484115,0.091722,0.085403,0.255556,-0.016667,0.033333,Bellevue_150th_SE38th
2567,cross,0.373119,0.035617,0.050352,0.711111,0.073889,0.0,Bellevue_150th_SE38th
2568,cross,0.585779,0.121008,0.123928,0.638254,0.064444,0.162778,Bellevue_150th_SE38th
2569,cross,0.440535,0.074952,0.072937,0.707341,0.075516,0.195556,Bellevue_150th_SE38th
2570,cross,0.489071,0.086874,0.087164,0.263889,0.027778,0.033333,Bellevue_150th_SE38th
2571,cross,0.556469,0.124924,0.107305,0.398889,-0.018333,0.158333,Bellevue_150th_SE38th
2572,cross,0.5778,0.118477,0.120159,0.6,-0.1,0.209444,Bellevue_150th_SE38th
2573,cross,0.457059,0.0398,0.081053,0.266667,0.0,0.033333,Bellevue_150th_SE38th
2574,cross,0.450414,0.049237,0.071845,0.494444,0.005556,0.072222,Bellevue_150th_SE38th
2575,cross,0.480275,0.050376,0.085767,0.4,0.0,0.016667,Bellevue_150th_SE38th
2576,cross,0.495996,0.052848,0.093666,0.569444,0.025,0.033333,Bellevue_150th_SE38th
2577,cross,0.553205,0.10127,0.114188,0.461349,0.089206,0.022222,Bellevue_150th_SE38th
2578,cross,0.604211,0.129875,0.13203,0.405556,-0.044444,0.094444,Bellevue_150th_SE38th
2579,cross,0.441314,0.078564,0.06975,0.419444,-0.013889,0.1,Bellevue_150th_SE38th
2580,cross,0.55054,0.105695,0.107402,0.485556,0.011905,0.10619,Bellevue_150th_SE38th
2581,cross,0.526142,0.125803,0.092966,0.441667,-0.06,0.1,Bellevue_150th_SE38th
2582,cross,0.347444,0.039484,0.049396,0.2,0.0,0.033333,Bellevue_150th_SE38th
2583,cross,0.416543,0.074098,0.058818,0.514048,0.054444,0.081667,Bellevue_150th_SE38th
2584,cross,0.477724,0.085323,0.083118,0.475,0.025,0.144444,Bellevue_150th_SE38th
2585,cross,0.52338,0.076572,0.107977,0.565556,0.1,0.072222,Bellevue_150th_SE38th
2586,cross,0.555627,0.08849,0.110209,0.679405,0.079524,0.154167,Bellevue_150th_SE38th
2587,cross,0.505625,0.103606,0.093134,0.813436,0.087935,0.146711,Bellevue_150th_SE38th
2588,cross,0.551013,0.125636,0.103721,0.487183,0.070714,0.0675,Bellevue_150th_SE38th
2589,cross,0.554165,0.127079,0.10104,0.680992,0.096825,0.129524,Bellevue_150th_SE38th
2590,cross,0.559291,0.111645,0.113296,0.47746,0.018968,0.052222,Bellevue_150th_SE38th
2591,cross,0.412611,0.046324,0.061162,0.661111,0.116667,0.144444,Bellevue_150th_SE38th
2592,cross,0.53839,0.112057,0.103899,0.729921,0.04045,0.058333,Bellevue_150th_SE38th
2593,cross,0.380223,0.060668,0.057683,0.57463,-0.008333,0.118704,Bellevue_150th_SE38th
2594,cross,0.58208,0.11588,0.124259,0.544444,0.091667,0.005556,Bellevue_150th_SE38th
2595,cross,0.534686,0.088371,0.10661,0.388889,0.0,0.0,Bellevue_150th_SE38th
2596,cross,0.452426,0.057237,0.072943,0.700847,0.067778,0.09,Bellevue_150th_SE38th
2597,cross,0.580676,0.127292,0.119255,0.668532,0.149722,0.0425,Bellevue_150th_SE38th
2598,cross,0.506895,0.114792,0.087684,0.813889,0.130556,0.311746,Bellevue_150th_SE38th
2599,cross,0.511068,0.171935,0.071993,0.468651,0.101111,0.053333,Bellevue_150th_SE38th
2600,cross,0.391383,0.075614,0.058942,0.461111,0.025,0.111111,Bellevue_150th_SE38th
2601,cross,0.565293,0.119083,0.111515,0.53504,-0.006032,0.223135,Bellevue_150th_SE38th
2602,cross,0.581578,0.133508,0.109416,0.481032,0.116058,0.080582,Bellevue_150th_SE38th
2603,cross,0.543075,0.111567,0.102287,0.50418,0.057778,0.088466,Bellevue_150th_SE38th
2604,cross,0.523948,0.100039,0.09734,0.305556,-0.055556,0.1,Bellevue_150th_SE38th
2605,cross,0.414854,0.055883,0.071304,0.305556,0.0,0.066667,Bellevue_150th_SE38th
2606,cross,0.523647,0.101463,0.099391,0.641667,0.127778,0.15,Bellevue_150th_SE38th
2607,cross,0.53818,0.116092,0.103896,0.2,0.0,0.016667,Bellevue_150th_SE38th
2608,cross,0.386937,0.071071,0.059249,0.646111,0.136111,0.025,Bellevue_150th_SE38th
2609,cross,0.571072,0.131633,0.112613,0.673056,0.048056,0.051667,Bellevue_150th_SE38th
2610,cross,0.572667,0.108242,0.12325,0.316032,0.02963,0.017778,Bellevue_150th_SE38th
2611,cross,0.499985,0.103352,0.089487,0.528413,0.020873,0.105873,Bellevue_150th_SE38th
2612,cross,0.573528,0.113317,0.123119,0.661111,0.008333,0.122222,Bellevue_150th_SE38th
2613,cross,0.547943,0.111721,0.109043,0.638889,-0.038889,0.091667,Bellevue_150th_SE38th
2614,cross,0.573432,0.122909,0.11716,0.638889,-0.016667,0.405556,Bellevue_150th_SE38th
2615,cross,0.573367,0.143117,0.110213,0.826667,0.016667,0.508333,Bellevue_150th_SE38th
2616,cross,0.567011,0.136683,0.10889,0.753267,0.108042,0.12713,Bellevue_150th_SE38th
2617,cross,0.585047,0.131841,0.116091,0.776931,0.087354,0.112989,Bellevue_150th_SE38th
2618,cross,0.568083,0.104915,0.124661,0.946389,0.011389,0.464167,Bellevue_150th_SE38th
2619,cross,0.552556,0.120022,0.105466,0.936111,0.05,0.492778,Bellevue_150th_SE38th
2620,cross,0.526225,0.125155,0.093997,0.784061,-0.006667,0.276561,Bellevue_150th_SE38th
2621,cross,0.529205,0.117434,0.097857,0.893241,0.0,0.434537,Bellevue_150th_SE38th
2622,cross,0.515481,0.118185,0.095177,0.922698,-0.003492,0.517619,Bellevue_150th_SE38th
2623,cross,0.611538,0.156351,0.123197,0.809484,0.057778,0.192024,Bellevue_150th_SE38th
2624,cross,0.558261,0.116313,0.111876,0.941667,-0.016667,0.597222,Bellevue_150th_SE38th
2625,cross,0.578702,0.125122,0.120523,0.865701,0.002778,0.418691,Bellevue_150th_SE38th
2626,cross,0.547036,0.108497,0.110346,0.966667,0.0,0.427222,Bellevue_150th_SE38th
2627,cross,0.575882,0.120412,0.120953,0.93,-0.002778,0.357778,Bellevue_150th_SE38th
2628,cross,0.374758,0.049498,0.058448,0.838571,0.005873,0.373413,Bellevue_150th_SE38th
2629,cross,0.531438,0.106176,0.101011,0.905556,-0.011111,0.505556,Bellevue_150th_SE38th
2630,cross,0.46282,0.064743,0.081764,0.874444,0.040873,0.224444,Bellevue_150th_SE38th
2631,cross,0.522203,0.126932,0.093011,0.777421,0.128175,0.132063,Bellevue_150th_SE38th
2632,cross,0.557684,0.111996,0.112948,0.737434,-0.002725,0.148876,Bellevue_150th_SE38th
2633,cross,0.588508,0.134401,0.122853,0.650159,0.058968,0.142222,Bellevue_150th_SE38th
2634,cross,0.565359,0.122722,0.115908,0.714603,0.076746,0.120833,Bellevue_150th_SE38th
2635,cross,0.577386,0.120802,0.120746,0.684048,0.214246,0.081746,Bellevue_150th_SE38th
2636,cross,0.527588,0.108609,0.103292,0.724444,0.131667,0.302222,Bellevue_150th_SE38th
2637,cross,0.574793,0.107693,0.117592,0.640556,0.055556,0.181111,Bellevue_150th_SE38th
2638,cross,0.583297,0.131359,0.120874,0.605,0.038889,0.083889,Bellevue_150th_SE38th
2639,cross,0.6047,0.126143,0.14269,0.544444,-0.027778,0.233333,Bellevue_150th_SE38th
2640,cross,0.519936,0.097382,0.100892,0.133333,0.0,0.0,Bellevue_150th_SE38th
2641,cross,0.573803,0.129086,0.116512,0.661667,0.059444,0.111667,Bellevue_150th_SE38th
2642,cross,0.611181,0.136072,0.136545,0.759903,0.247992,0.125808,Bellevue_150th_SE38th
2643,cross,0.588833,0.138719,0.121173,0.531019,0.128889,0.06332,Bellevue_150th_SE38th
2644,cross,0.57327,0.142413,0.111168,0.458889,-0.035556,0.131667,Bellevue_150th_SE38th
2645,cross,0.459316,0.109361,0.076693,0.583333,0.05,0.183333,Bellevue_150th_SE38th
2646,cross,0.579322,0.137962,0.117839,0.616111,0.053889,0.118889,Bellevue_150th_SE38th
2647,cross,0.544775,0.114822,0.105592,0.508333,0.093889,0.088889,Bellevue_150th_SE38th
2648,cross,0.612809,0.135406,0.136924,0.283333,-0.016667,0.05,Bellevue_150th_SE38th
2649,cross,0.564182,0.131171,0.112271,0.481402,0.008783,0.048836,Bellevue_150th_SE38th
2650,cross,0.441412,0.083142,0.077333,0.508571,0.201429,0.064206,Bellevue_150th_SE38th
2651,cross,0.582532,0.135339,0.120422,0.358333,0.016667,0.011111,Bellevue_150th_SE38th
2652,cross,0.49745,0.075635,0.099677,0.487222,0.08,0.042778,Bellevue_150th_SE38th
2653,cross,0.601064,0.133393,0.130672,0.672222,0.216667,0.116667,Bellevue_150th_SE38th
2654,cross,0.575372,0.124721,0.121329,0.803889,0.308889,0.201667,Bellevue_150th_SE38th
2655,cross,0.536439,0.104864,0.10822,0.697778,0.177778,0.103333,Bellevue_150th_SE38th
2656,cross,0.605371,0.146766,0.127934,0.508333,-0.102778,0.161111,Bellevue_150th_SE38th
2657,cross,0.563774,0.108165,0.124203,0.377778,0.127778,0.016667,Bellevue_150th_SE38th
2658,cross,0.571152,0.132379,0.114832,0.577222,-0.009444,0.042778,Bellevue_150th_SE38th
2659,cross,0.523257,0.109006,0.101777,0.47,0.024444,0.046667,Bellevue_150th_SE38th
2660,cross,0.472326,0.089117,0.087301,0.584444,0.066667,0.117778,Bellevue_150th_SE38th
2661,cross,0.593829,0.137277,0.126334,0.768221,0.055424,0.19281,Bellevue_150th_SE38th
2662,cross,0.588016,0.145729,0.118865,0.895794,-0.001111,0.205556,Bellevue_150th_SE38th
2663,cross,0.605311,0.142439,0.128771,0.68499,0.055083,0.153353,Bellevue_150th_SE38th
2664,cross,0.586049,0.136971,0.119671,0.754786,0.042012,0.085053,Bellevue_150th_SE38th
2665,cross,0.580578,0.128273,0.12436,0.757619,-0.036905,0.24373,Bellevue_150th_SE38th
2666,cross,0.585633,0.136852,0.122971,0.769229,0.09192,0.138862,Bellevue_150th_SE38th
2667,cross,0.569176,0.128863,0.116848,0.762262,0.036706,0.125397,Bellevue_150th_SE38th
2668,cross,0.588532,0.132563,0.127649,0.68205,0.044577,0.158704,Bellevue_150th_SE38th
2669,cross,0.583978,0.130076,0.126224,0.707765,0.026786,0.161587,Bellevue_150th_SE38th
2670,cross,0.552618,0.104295,0.120318,0.726667,0.063889,0.033333,Bellevue_150th_SE38th
2671,cross,0.502629,0.068816,0.110729,0.694444,0.094444,0.0,Bellevue_150th_SE38th
2672,cross,0.550272,0.098778,0.122429,0.610794,0.053889,0.052778,Bellevue_150th_SE38th
2673,cross,0.463702,0.060872,0.095461,0.608413,-0.048095,0.193175,Bellevue_150th_SE38th
2674,cross,0.548807,0.087478,0.128256,0.681508,0.031111,0.111429,Bellevue_150th_SE38th
2675,cross,0.550134,0.109194,0.118258,0.581331,0.025545,0.104182,Bellevue_150th_SE38th
2676,cross,0.469375,0.077512,0.094389,0.572249,0.087262,0.109894,Bellevue_150th_SE38th
2677,cross,0.510164,0.077477,0.111067,0.704568,0.130595,0.136177,Bellevue_150th_SE38th
2678,cross,0.533294,0.088019,0.116425,0.726878,0.033056,0.081389,Bellevue_150th_SE38th
2679,cross,0.559273,0.091659,0.130054,0.658095,0.015132,0.081799,Bellevue_150th_SE38th
2680,cross,0.553461,0.091383,0.125292,0.706825,0.021944,0.248505,Bellevue_150th_SE38th
2681,cross,0.372622,0.067848,0.056197,0.766587,0.027778,0.298056,Bellevue_150th_SE38th
2682,cross,0.557582,0.088728,0.132707,0.667513,0.053175,0.070648,Bellevue_150th_SE38th
2683,cross,0.509811,0.067535,0.113986,0.672712,0.004167,0.139974,Bellevue_150th_SE38th
2684,cross,0.495931,0.054521,0.115821,0.752222,-0.019444,0.062222,Bellevue_150th_SE38th
2685,cross,0.527619,0.073194,0.119183,0.822619,0.034762,0.08373,Bellevue_150th_SE38th
2686,cross,0.385863,0.043267,0.066784,0.875,0.0,0.038889,Bellevue_150th_SE38th
2687,cross,0.484688,0.075134,0.100522,0.652672,0.066971,0.122804,Bellevue_150th_SE38th
2688,cross,0.494478,0.059757,0.10957,0.673956,0.061841,0.177591,Bellevue_150th_SE38th
2689,cross,0.488994,0.05272,0.109708,0.719009,0.120398,0.143242,Bellevue_150th_SE38th
2690,cross,0.49055,0.054629,0.107574,0.752674,0.106031,0.212298,Bellevue_150th_SE38th
2691,cross,0.492255,0.053906,0.106954,0.629083,0.108234,0.138359,Bellevue_150th_SE38th
2692,cross,0.475113,0.049138,0.102072,0.455099,0.060824,0.079924,Bellevue_150th_SE38th
2693,cross,0.460376,0.035956,0.094216,0.730856,0.262579,0.098533,Bellevue_150th_SE38th
2694,cross,0.455736,0.031071,0.096169,0.578721,0.153095,0.110945,Bellevue_150th_SE38th
2695,cross,0.471064,0.048191,0.083523,0.76381,0.097302,0.099365,Bellevue_150th_SE38th
2696,cross,0.338685,0.01684,0.052107,0.938889,0.038889,0.044444,Bellevue_150th_SE38th
2697,cross,0.408412,0.034164,0.072407,0.86537,0.021429,0.155661,Bellevue_150th_SE38th
2698,cross,0.372561,0.035682,0.052811,0.764172,0.067951,0.09573,Bellevue_150th_SE38th
2699,cross,0.436422,0.033177,0.084959,0.859365,0.016667,0.13873,Bellevue_150th_SE38th
2700,cross,0.438141,0.033163,0.088825,0.901905,0.03,0.068651,Bellevue_150th_SE38th
2701,cross,0.38621,0.044993,0.063044,0.84763,0.013519,0.101103,Bellevue_150th_SE38th
2702,cross,0.464895,0.037291,0.097863,0.83078,0.07119,0.182354,Bellevue_150th_SE38th
2703,cross,0.45415,0.034999,0.097454,0.799524,0.130476,0.236984,Bellevue_150th_SE38th
2704,cross,0.453184,0.03202,0.092692,0.741786,0.146627,0.111508,Bellevue_150th_SE38th
2705,cross,0.465222,0.031148,0.101257,0.652738,0.094484,0.109127,Bellevue_150th_SE38th
2706,cross,0.431456,0.023598,0.082289,0.755556,0.035185,0.234008,Bellevue_150th_SE38th
2707,cross,0.432958,0.020352,0.083495,0.668942,0.138783,0.120066,Bellevue_150th_SE38th
2708,cross,0.464254,0.033665,0.085971,0.659722,0.216733,0.044339,Bellevue_150th_SE38th
2709,cross,0.460393,0.030623,0.099173,0.652659,0.121984,0.154669,Bellevue_150th_SE38th
2710,cross,0.438922,0.02527,0.074567,0.735913,0.083743,0.10369,Bellevue_150th_SE38th
2711,cross,0.489373,0.045486,0.095556,0.606053,0.166457,0.05369,Bellevue_150th_SE38th
2712,cross,0.473872,0.04449,0.083679,0.702394,0.093968,0.063889,Bellevue_150th_SE38th
2713,cross,0.391697,0.016252,0.058229,0.754689,0.110707,0.156069,Bellevue_150th_SE38th
2714,cross,0.470576,0.036286,0.095607,0.515017,0.038955,0.116855,Bellevue_150th_SE38th
2715,cross,0.422059,0.018511,0.072985,0.527995,0.022672,0.108598,Bellevue_150th_SE38th
2716,cross,0.43951,0.028629,0.077572,0.798545,0.074815,0.186746,Bellevue_150th_SE38th
2717,cross,0.436832,0.023298,0.078484,0.536867,0.12349,0.14351,Bellevue_150th_SE38th
2718,cross,0.444816,0.026706,0.088055,0.453599,0.071529,0.197922,Bellevue_150th_SE38th
2719,cross,0.413662,0.029694,0.070777,0.652987,0.206389,0.133796,Bellevue_150th_SE38th
2720,cross,0.424026,0.028606,0.065107,0.525487,0.11739,0.099769,Bellevue_150th_SE38th
2721,cross,0.460164,0.038631,0.078497,0.601243,0.07922,0.225106,Bellevue_150th_SE38th
2722,cross,0.434709,0.025277,0.078053,0.64685,0.052491,0.186014,Bellevue_150th_SE38th
2723,cross,0.431512,0.020531,0.07538,0.559,0.003609,0.151451,Bellevue_150th_SE38th
2724,cross,0.451487,0.030619,0.07628,0.824127,-0.121905,0.383333,Bellevue_150th_SE38th
2725,cross,0.337739,0.006517,0.019924,0.809127,-0.07,0.343175,Bellevue_150th_SE38th
2726,cross,0.435883,0.026518,0.076015,0.634217,0.033325,0.243711,Bellevue_150th_SE38th
2727,cross,0.408914,0.033528,0.066752,0.488823,0.043823,0.072976,Bellevue_150th_SE38th
2728,cross,0.447278,0.048727,0.078762,0.580494,0.027926,0.15671,Bellevue_150th_SE38th
2729,cross,0.449236,0.043764,0.079954,0.742817,0.057963,0.194788,Bellevue_150th_SE38th
2730,cross,0.428812,0.077297,0.063228,0.708214,0.016508,0.202063,Bellevue_150th_SE38th
2731,cross,0.472458,0.081239,0.087079,0.785685,0.192149,0.265513,Bellevue_150th_SE38th
2732,cross,0.436151,0.064814,0.073098,0.613685,0.225005,0.162972,Bellevue_150th_SE38th
2733,cross,0.477593,0.087975,0.086972,0.559123,0.091116,0.046103,Bellevue_150th_SE38th
2734,cross,0.458038,0.078316,0.080924,0.719893,0.151336,0.086643,Bellevue_150th_SE38th
2735,cross,0.453824,0.066538,0.075525,0.575119,0.250556,0.101071,Bellevue_150th_SE38th
2736,cross,0.447397,0.051973,0.073835,0.513016,0.189683,0.058413,Bellevue_150th_SE38th
2737,cross,0.372294,0.05997,0.0411,0.528836,0.070079,0.132474,Bellevue_150th_SE38th
2738,cross,0.46614,0.082215,0.077518,0.687302,0.047778,0.046746,Bellevue_150th_SE38th
2739,cross,0.403814,0.024962,0.045741,0.901667,0.059444,0.056667,Bellevue_150th_SE38th
2740,cross,0.456899,0.091796,0.065404,0.805794,0.109762,0.214444,Bellevue_150th_SE38th
2741,cross,0.449131,0.076121,0.075178,0.586545,0.131855,0.17671,Bellevue_150th_SE38th
2742,cross,0.451682,0.092972,0.072847,0.579504,0.017055,0.185994,Bellevue_150th_SE38th
2743,cross,0.463771,0.051418,0.079158,0.467481,0.10336,0.118662,Bellevue_150th_SE38th
2744,cross,0.440458,0.044947,0.06191,0.530238,0.154365,0.12873,Bellevue_150th_SE38th
2745,cross,0.447589,0.099309,0.068839,0.676675,0.135278,0.077635,Bellevue_150th_SE38th
2746,cross,0.418572,0.0582,0.060068,0.76595,0.147768,0.065728,Bellevue_150th_SE38th
2747,cross,0.442027,0.075634,0.064582,0.676965,0.18963,0.180863,Bellevue_150th_SE38th
2748,cross,0.449129,0.075351,0.075423,0.440965,0.029812,0.137163,Bellevue_150th_SE38th
2749,cross,0.437997,0.083103,0.06484,0.574123,0.042831,0.11194,Bellevue_150th_SE38th
2750,cross,0.467338,0.060552,0.077471,0.688651,0.186548,0.171587,Bellevue_150th_SE38th
2751,cross,0.450995,0.09544,0.06417,0.584566,0.208385,0.146727,Bellevue_150th_SE38th
2752,cross,0.451546,0.090563,0.068173,0.522081,0.027817,0.106064,Bellevue_150th_SE38th
2753,cross,0.449345,0.104914,0.066237,0.611555,0.123135,0.177492,Bellevue_150th_SE38th
2754,cross,0.442884,0.105861,0.066679,0.549677,0.088981,0.165452,Bellevue_150th_SE38th
2755,cross,0.476524,0.095107,0.079285,0.606819,0.117223,0.115254,Bellevue_150th_SE38th
2756,cross,0.451976,0.094253,0.070416,0.69246,0.148558,0.226296,Bellevue_150th_SE38th
2757,cross,0.434874,0.104619,0.062717,0.612495,0.19971,0.193323,Bellevue_150th_SE38th
2758,cross,0.443097,0.108916,0.06598,0.787205,0.088243,0.221682,Bellevue_150th_SE38th
2759,cross,0.422181,0.068997,0.049464,0.757457,0.175177,0.093283,Bellevue_150th_SE38th
2760,cross,0.432729,0.090282,0.059826,0.939921,0.150595,0.213492,Bellevue_150th_SE38th
2761,cross,0.446073,0.079514,0.055012,0.612479,0.150686,0.152098,Bellevue_150th_SE38th
2762,cross,0.461641,0.11328,0.073679,0.651123,0.13679,0.205978,Bellevue_150th_SE38th
2763,cross,0.455185,0.052133,0.066501,0.489231,0.102976,0.100859,Bellevue_150th_SE38th
2764,cross,0.472331,0.124243,0.073524,0.480703,0.085238,0.081517,Bellevue_150th_SE38th
2765,cross,0.459093,0.11851,0.073914,0.589167,0.061827,0.174735,Bellevue_150th_SE38th
2766,cross,0.455606,0.102308,0.071204,0.574269,0.103795,0.124752,Bellevue_150th_SE38th
2767,cross,0.461505,0.097491,0.053066,0.790794,0.091508,0.125476,Bellevue_150th_SE38th
2768,cross,0.44401,0.064616,0.062085,0.478949,-0.027211,0.178499,Bellevue_150th_SE38th
2769,cross,0.452675,0.127904,0.06608,0.640926,0.072037,0.111786,Bellevue_150th_SE38th
2770,cross,0.503491,0.078095,0.112999,0.780714,0.013889,0.047143,Bellevue_150th_SE38th
2771,cross,0.445124,0.082028,0.051762,0.65,-0.003519,0.13078,Bellevue_150th_SE38th
2772,cross,0.42519,0.090331,0.058229,0.620253,0.150545,0.097311,Bellevue_150th_SE38th
2773,cross,0.453648,0.119429,0.063156,0.734394,0.144679,0.099654,Bellevue_150th_SE38th
2774,cross,0.438785,0.106166,0.054805,0.764444,0.04,0.111667,Bellevue_150th_SE38th
2775,cross,0.436713,0.10664,0.061538,0.638084,0.025,0.127497,Bellevue_150th_SE38th
2776,cross,0.451523,0.122558,0.065592,0.828122,0.041521,0.074802,Bellevue_150th_SE38th
2777,cross,0.435009,0.120372,0.059781,0.936111,0.073889,0.041111,Bellevue_150th_SE38th
2778,cross,0.435453,0.113558,0.059144,0.575346,0.060115,0.123,Bellevue_150th_SE38th
2779,cross,0.436327,0.119253,0.057444,0.666325,0.033266,0.114044,Bellevue_150th_SE38th
2780,cross,0.441395,0.087627,0.050428,0.740754,0.07004,0.182923,Bellevue_150th_SE38th
2781,cross,0.430829,0.104972,0.056648,0.685714,0.128029,0.246759,Bellevue_150th_SE38th
2782,cross,0.447489,0.118219,0.061793,0.603904,0.119078,0.164624,Bellevue_150th_SE38th
2783,cross,0.439895,0.125913,0.057192,0.501611,0.014834,0.118439,Bellevue_150th_SE38th
2784,cross,0.522559,0.093691,0.058563,0.609194,0.073641,0.218973,Bellevue_150th_SE38th
2785,cross,0.440824,0.110597,0.062559,0.746124,0.093641,0.282478,Bellevue_150th_SE38th
2786,cross,0.4475,0.1035,0.069536,0.66277,0.037739,0.237346,Bellevue_150th_SE38th
2787,cross,0.455734,0.127561,0.066205,0.665444,0.046784,0.174253,Bellevue_150th_SE38th
2788,cross,0.469873,0.109188,0.054977,0.703757,0.014769,0.22507,Bellevue_150th_SE38th
2789,cross,0.519996,0.074054,0.057982,0.845357,0.012885,0.207407,Bellevue_150th_SE38th
2790,cross,0.513537,0.066074,0.052361,0.622411,0.046928,0.137811,Bellevue_150th_SE38th
2791,cross,0.537461,0.042175,0.070018,0.660767,0.102391,0.092352,Bellevue_150th_SE38th
2792,cross,0.508573,0.108015,0.099289,0.756947,0.052476,0.21652,Bellevue_150th_SE38th
2793,cross,0.449572,0.108175,0.071357,0.810603,0.059024,0.285433,Bellevue_150th_SE38th
2794,cross,0.434003,0.109205,0.060545,0.632742,0.00178,0.240291,Bellevue_150th_SE38th
2795,cross,0.49662,0.125788,0.09449,0.680212,-0.021088,0.214434,Bellevue_150th_SE38th
2796,cross,0.587466,0.037949,0.064973,0.840663,0.045208,0.266281,Bellevue_150th_SE38th
2797,cross,0.430474,0.11527,0.061627,0.680087,0.120409,0.161467,Bellevue_150th_SE38th
2798,cross,0.465294,0.131512,0.073011,0.587644,0.052019,0.089972,Bellevue_150th_SE38th
2799,cross,0.469489,0.117655,0.068096,0.844769,0.028401,0.097053,Bellevue_150th_SE38th
2800,cross,0.633384,0.031483,0.065049,0.828929,0.022698,0.076283,Bellevue_150th_SE38th
2801,cross,0.62947,0.023873,0.062273,0.65155,0.02493,0.087648,Bellevue_150th_SE38th
2802,cross,0.467694,0.126829,0.06577,0.709043,0.064547,0.141682,Bellevue_150th_SE38th
2803,cross,0.552354,0.071568,0.058826,0.784456,0.087859,0.183802,Bellevue_150th_SE38th
2804,cross,0.541107,0.073342,0.046715,0.734061,0.006667,0.177077,Bellevue_150th_SE38th
2805,cross,0.58993,0.063617,0.046066,0.779033,0.027211,0.094749,Bellevue_150th_SE38th
2806,cross,0.553419,0.055181,0.045836,0.570995,0.069682,0.169657,Bellevue_150th_SE38th
2807,cross,0.493571,0.096442,0.057362,0.635147,0.033801,0.224913,Bellevue_150th_SE38th
2808,cross,0.477769,0.091983,0.053496,0.600421,0.062937,0.158938,Bellevue_150th_SE38th
2809,cross,0.514055,0.090917,0.056534,0.581611,0.134259,0.127187,Bellevue_150th_SE38th
2810,cross,0.500113,0.114248,0.107553,0.518021,0.113717,0.100436,Bellevue_150th_SE38th
2811,cross,0.605074,0.077965,0.068713,0.640364,0.059241,0.161512,Bellevue_150th_SE38th
2812,cross,0.506984,0.124361,0.092032,0.701427,0.160624,0.07417,Bellevue_150th_SE38th
2813,cross,0.474074,0.114438,0.088287,0.749841,0.039206,0.105,Bellevue_150th_SE38th
2814,cross,0.454609,0.112452,0.070845,0.629339,0.045079,0.144299,Bellevue_150th_SE38th
2815,cross,0.529321,0.067907,0.048556,0.719388,0.063202,0.101764,Bellevue_150th_SE38th
2816,cross,0.490408,0.083168,0.048203,0.932222,0.101389,0.095556,Bellevue_150th_SE38th
2817,cross,0.646726,0.016901,0.064458,0.567275,0.042857,0.217526,Bellevue_150th_SE38th
2818,cross,0.444942,0.10252,0.060689,0.593563,0.05762,0.23421,Bellevue_150th_SE38th
2819,cross,0.464401,0.108778,0.079993,0.536089,0.10186,0.220754,Bellevue_150th_SE38th
2820,cross,0.492374,0.071941,0.04844,0.607224,0.018957,0.334062,Bellevue_150th_SE38th
2821,cross,0.509194,0.084797,0.052586,0.620715,0.047112,0.158016,Bellevue_150th_SE38th
2822,cross,0.51342,0.080873,0.056963,0.478026,0.053758,0.100029,Bellevue_150th_SE38th
2823,cross,0.560049,0.142957,0.13379,0.681009,0.069117,0.106794,Bellevue_150th_SE38th
2824,cross,0.600077,0.068087,0.097317,0.653999,0.122927,0.172084,Bellevue_150th_SE38th
2825,cross,0.521865,0.093268,0.065368,0.712982,0.038961,0.237293,Bellevue_150th_SE38th
2826,cross,0.499226,0.082986,0.053176,0.501322,0.052194,0.091879,Bellevue_150th_SE38th
2827,cross,0.54022,0.147023,0.10657,0.44571,0.100716,0.081504,Bellevue_150th_SE38th
2828,cross,0.562331,0.136058,0.130058,0.556072,0.051476,0.129625,Bellevue_150th_SE38th
2829,cross,0.518696,0.119404,0.104876,0.535408,0.036496,0.189781,Bellevue_150th_SE38th
2830,cross,0.583933,0.07434,0.062936,0.628482,0.047301,0.156242,Bellevue_150th_SE38th
2831,cross,0.638984,0.019627,0.059305,0.67898,0.075705,0.136643,Bellevue_150th_SE38th
2832,cross,0.623432,0.024056,0.064828,0.596184,0.090739,0.14903,Bellevue_150th_SE38th
2833,cross,0.507574,0.095817,0.058712,0.497863,0.068787,0.169689,Bellevue_150th_SE38th
2834,cross,0.504382,0.084177,0.056976,0.402249,0.046496,0.160349,Bellevue_150th_SE38th
2835,cross,0.520856,0.098587,0.066894,0.508262,0.078695,0.155052,Bellevue_150th_SE38th
2836,cross,0.612833,0.077968,0.076722,0.431332,0.036507,0.083207,Bellevue_150th_SE38th
2837,cross,0.541724,0.116963,0.120036,0.611875,0.122003,0.04439,Bellevue_150th_SE38th
2838,cross,0.541444,0.133273,0.116075,0.507374,0.098918,0.08373,Bellevue_150th_SE38th
2839,cross,0.496042,0.127133,0.097023,0.304487,0.034287,0.126636,Bellevue_150th_SE38th
2840,cross,0.500748,0.127028,0.093076,0.526704,0.098679,0.046994,Bellevue_150th_SE38th
2841,cross,0.463512,0.113277,0.072509,0.581835,0.175214,0.068423,Bellevue_150th_SE38th
2842,cross,0.524819,0.108877,0.108667,0.50474,0.054362,0.102651,Bellevue_150th_SE38th
2843,cross,0.571969,0.124858,0.132955,0.592316,0.09695,0.186967,Bellevue_150th_SE38th
2844,cross,0.519984,0.136982,0.104065,0.678392,0.159382,0.173007,Bellevue_150th_SE38th
2845,cross,0.447,0.127996,0.063507,0.488199,0.097348,0.133747,Bellevue_150th_SE38th
2846,cross,0.487961,0.109837,0.059947,0.584254,0.093032,0.178192,Bellevue_150th_SE38th
2847,cross,0.515927,0.133451,0.088974,0.626396,0.125886,0.243907,Bellevue_150th_SE38th
2848,cross,0.533108,0.142984,0.100882,0.562644,0.081339,0.126363,Bellevue_150th_SE38th
2849,cross,0.537014,0.147212,0.100524,0.447917,0.119704,0.121571,Bellevue_150th_SE38th
2850,cross,0.55917,0.137247,0.113358,0.46039,0.057725,0.20364,Bellevue_150th_SE38th
2851,cross,0.495121,0.139797,0.083001,0.480987,0.099116,0.153993,Bellevue_150th_SE38th
2852,cross,0.524875,0.132685,0.099682,0.529764,0.066486,0.124578,Bellevue_150th_SE38th
2853,cross,0.542139,0.141236,0.104993,0.421632,0.099716,0.129542,Bellevue_150th_SE38th
2854,cross,0.554122,0.144014,0.107693,0.407685,0.077746,0.082883,Bellevue_150th_SE38th
2855,cross,0.547202,0.147684,0.105066,0.564923,0.104902,0.198431,Bellevue_150th_SE38th
2856,cross,0.524074,0.126739,0.103427,0.60638,0.13943,0.205811,Bellevue_150th_SE38th
2857,cross,0.518,0.130992,0.096188,0.500373,0.056405,0.160781,Bellevue_150th_SE38th
2858,cross,0.562547,0.153369,0.110051,0.460933,0.065862,0.129522,Bellevue_150th_SE38th
2859,cross,0.559097,0.150387,0.103421,0.582764,0.128809,0.194688,Bellevue_150th_SE38th
2860,cross,0.557542,0.145066,0.110889,0.555476,0.097239,0.238181,Bellevue_150th_SE38th
2861,cross,0.518328,0.136258,0.096719,0.562748,-0.003435,0.24088,Bellevue_150th_SE38th
2862,cross,0.530466,0.133955,0.097276,0.697641,0.07805,0.250874,Bellevue_150th_SE38th
2863,cross,0.513858,0.135445,0.095572,0.582661,0.129935,0.113944,Bellevue_150th_SE38th
2864,cross,0.527597,0.140684,0.102374,0.565185,0.137321,0.109469,Bellevue_150th_SE38th
2865,cross,0.538975,0.14076,0.105029,0.586699,0.082938,0.189215,Bellevue_150th_SE38th
2866,cross,0.534097,0.136518,0.102601,0.665612,0.06974,0.175202,Bellevue_150th_SE38th
2867,cross,0.527519,0.129901,0.102914,0.688162,0.113989,0.215593,Bellevue_150th_SE38th
2868,cross,0.534972,0.13407,0.099508,0.758844,0.100835,0.219711,Bellevue_150th_SE38th
2869,cross,0.513966,0.140272,0.095132,0.551116,0.074912,0.207544,Bellevue_150th_SE38th
2870,cross,0.51728,0.138317,0.097469,0.656031,0.177171,0.264395,Bellevue_150th_SE38th
2871,cross,0.522211,0.142683,0.097981,0.671855,0.181379,0.200771,Bellevue_150th_SE38th
2872,cross,0.518139,0.127333,0.096049,0.647897,0.087102,0.180306,Bellevue_150th_SE38th
2873,cross,0.5287,0.130453,0.103326,0.607809,0.112934,0.1034,Bellevue_150th_SE38th
2874,cross,0.566088,0.149763,0.107377,0.827151,0.133032,0.161112,Bellevue_150th_SE38th
2875,cross,0.543993,0.13391,0.10392,0.623463,0.072459,0.199762,Bellevue_150th_SE38th
2876,cross,0.547746,0.143181,0.107027,0.750505,0.099644,0.181131,Bellevue_150th_SE38th
2877,cross,0.516697,0.136832,0.097639,0.762496,0.077344,0.171086,Bellevue_150th_SE38th
2878,cross,0.511134,0.133324,0.093086,0.700636,0.088116,0.186211,Bellevue_150th_SE38th
2879,cross,0.514868,0.138036,0.096781,0.542295,0.138945,0.141975,Bellevue_150th_SE38th
2880,cross,0.538756,0.136691,0.105972,0.68052,0.1521,0.160583,Bellevue_150th_SE38th
2881,cross,0.520022,0.128225,0.100779,0.680857,0.140589,0.16377,Bellevue_150th_SE38th
2882,cross,0.566474,0.147098,0.109772,0.619138,0.125368,0.205882,Bellevue_150th_SE38th
2883,cross,0.525156,0.133161,0.101713,0.615517,0.107702,0.150165,Bellevue_150th_SE38th
2884,cross,0.548515,0.141325,0.110872,0.535598,0.161099,0.08919,Bellevue_150th_SE38th
2885,cross,0.552351,0.151698,0.109079,0.637465,0.163922,0.101626,Bellevue_150th_SE38th
2886,cross,0.608478,0.161927,0.12417,0.483728,0.182075,0.081697,Bellevue_150th_SE38th
2887,cross,0.612149,0.163523,0.120867,0.643041,0.123617,0.151329,Bellevue_150th_SE38th
2888,cross,0.531043,0.12964,0.108429,0.570934,0.119955,0.119368,Bellevue_150th_SE38th
2889,cross,0.474562,0.124519,0.077094,0.652894,0.183301,0.0641,Bellevue_150th_SE38th
2890,cross,0.531193,0.136529,0.101025,0.804639,0.105108,0.132514,Bellevue_150th_SE38th
2891,cross,0.497155,0.118797,0.091434,0.814736,0.138685,0.080799,Bellevue_150th_SE38th
2892,cross,0.535036,0.127565,0.102203,0.463853,0.103411,0.044306,Bellevue_150th_SE38th
2893,cross,0.523696,0.137923,0.101329,0.578174,0.068213,0.061739,Bellevue_150th_SE38th
2894,cross,0.519597,0.137095,0.098776,0.618177,0.002153,0.115776,Bellevue_150th_SE38th
2895,cross,0.529784,0.142485,0.097145,0.561797,0.124692,0.06751,Bellevue_150th_SE38th
2896,cross,0.565665,0.154248,0.101714,0.52744,0.129271,0.070331,Bellevue_150th_SE38th
2897,cross,0.568449,0.154747,0.104641,0.602994,0.100005,0.096304,Bellevue_150th_SE38th
2898,cross,0.52862,0.137263,0.100174,0.578877,0.093635,0.084925,Bellevue_150th_SE38th
2899,cross,0.533424,0.140742,0.097134,0.509385,0.115048,0.057548,Bellevue_150th_SE38th
2900,cross,0.548316,0.145429,0.100291,0.504115,0.070443,0.072966,Bellevue_150th_SE38th
2901,cross,0.559851,0.149268,0.102241,0.491524,0.105048,0.08911,Bellevue_150th_SE38th
2902,cross,0.529167,0.134972,0.101548,0.521596,0.181736,0.041479,Bellevue_150th_SE38th
2903,cross,0.54184,0.141691,0.102566,0.512998,0.137324,0.087606,Bellevue_150th_SE38th
2904,cross,0.527661,0.135152,0.099019,0.637797,0.183437,0.068189,Bellevue_150th_SE38th
2905,cross,0.536056,0.138072,0.099738,0.601574,0.077758,0.096987,Bellevue_150th_SE38th
2906,cross,0.556742,0.14704,0.104722,0.721864,0.136606,0.081526,Bellevue_150th_SE38th
2907,cross,0.551063,0.147463,0.103071,0.604456,0.115515,0.074971,Bellevue_150th_SE38th
2908,cross,0.559542,0.146592,0.106982,0.624348,0.062529,0.136641,Bellevue_150th_SE38th
2909,cross,0.530256,0.142793,0.098595,0.513722,0.133259,0.13604,Bellevue_150th_SE38th
2910,cross,0.541389,0.144264,0.104626,0.493872,0.012431,0.199733,Bellevue_150th_SE38th
2911,cross,0.558286,0.15045,0.106945,0.538672,0.126983,0.044116,Bellevue_150th_SE38th
2912,cross,0.539153,0.142618,0.102004,0.606939,0.152975,0.113611,Bellevue_150th_SE38th
2913,cross,0.559556,0.147903,0.112941,0.535979,0.089938,0.077246,Bellevue_150th_SE38th
2914,cross,0.524891,0.134811,0.100047,0.467132,0.118819,0.040683,Bellevue_150th_SE38th
2915,cross,0.556145,0.150288,0.107757,0.468868,0.168509,0.076641,Bellevue_150th_SE38th
2916,cross,0.559255,0.152431,0.102967,0.496573,0.139708,0.076269,Bellevue_150th_SE38th
2917,cross,0.563082,0.152921,0.103362,0.566584,0.239202,0.063632,Bellevue_150th_SE38th
2918,cross,0.552244,0.149821,0.103227,0.7,0.35,0.05,Bellevue_150th_SE38th
2919,cross,0.465755,0.11743,0.057586,0.593832,0.210532,0.060288,Bellevue_150th_SE38th
2920,cross,0.548231,0.143562,0.104658,0.533351,0.196789,0.187769,Bellevue_150th_SE38th
2921,cross,0.574967,0.156922,0.108005,0.560616,0.257713,0.130912,Bellevue_150th_SE38th
2922,cross,0.535963,0.139193,0.102148,0.558098,0.265555,0.104611,Bellevue_150th_SE38th
2923,cross,0.559294,0.152577,0.103709,0.547042,0.232705,0.105797,Bellevue_150th_SE38th
2924,cross,0.540714,0.142311,0.099883,0.372881,0.115241,0.060215,Bellevue_150th_SE38th
2925,cross,0.581744,0.160867,0.103532,0.434237,0.129248,0.035266,Bellevue_150th_SE38th
2926,cross,0.555069,0.147481,0.107595,0.562097,0.168739,0.047319,Bellevue_150th_SE38th
2927,cross,0.560988,0.150639,0.109731,0.58964,0.222872,0.01013,Bellevue_150th_SE38th
2928,cross,0.538161,0.139345,0.103986,0.605265,0.202278,0.020774,Bellevue_150th_SE38th
2929,cross,0.540662,0.142324,0.100738,0.608483,0.196033,0.033381,Bellevue_150th_SE38th
2930,cross,0.540583,0.142206,0.099138,0.487377,0.193427,0.052012,Bellevue_150th_SE38th
2931,cross,0.603696,0.168216,0.107759,0.506709,0.133475,0.078581,Bellevue_150th_SE38th
2932,cross,0.57103,0.152765,0.109977,0.466972,0.127243,0.11892,Bellevue_150th_SE38th
2933,cross,0.535036,0.139414,0.099841,0.617584,0.246065,0.090515,Bellevue_150th_SE38th
2934,cross,0.53255,0.141004,0.098468,0.761534,0.221401,0.063682,Bellevue_150th_SE38th
2935,cross,0.521717,0.132356,0.099157,0.494741,0.11171,0.097614,Bellevue_150th_SE38th
2936,cross,0.585186,0.162576,0.106485,0.369084,0.145744,0.059144,Bellevue_150th_SE38th
2937,cross,0.567728,0.153127,0.107352,0.360132,0.103365,0.083545,Bellevue_150th_SE38th
2938,cross,0.562394,0.156217,0.10777,0.371222,0.009387,0.120719,Bellevue_150th_SE38th
2939,cross,0.5545,0.148348,0.106075,0.458558,0.074244,0.095991,Bellevue_150th_SE38th
2940,cross,0.55993,0.153823,0.10189,0.446682,0.0428,0.10995,Bellevue_150th_SE38th
2941,cross,0.55159,0.147707,0.102071,0.328178,0.080911,0.03934,Bellevue_150th_SE38th
2942,cross,0.580817,0.161499,0.104062,0.447286,0.095306,0.083954,Bellevue_150th_SE38th
2943,cross,0.565695,0.153619,0.105573,0.40743,0.035762,0.116536,Bellevue_150th_SE38th
2944,cross,0.581523,0.160607,0.107686,0.559553,0.081706,0.193941,Bellevue_150th_SE38th
2945,cross,0.568799,0.155882,0.105345,0.494106,0.064677,0.042918,Bellevue_150th_SE38th
2946,cross,0.572012,0.158826,0.104838,0.508267,0.09001,0.038018,Bellevue_150th_SE38th
2947,cross,0.582638,0.161147,0.100888,0.370763,0.11159,0.051881,Bellevue_150th_SE38th
2948,cross,0.608151,0.168323,0.111627,0.38452,0.059539,0.040374,Bellevue_150th_SE38th
2949,cross,0.546414,0.1426,0.104314,0.498711,0.138781,0.05533,Bellevue_150th_SE38th
2950,cross,0.557311,0.150061,0.103409,0.571241,0.0721,0.071934,Bellevue_150th_SE38th
2951,cross,0.556034,0.149758,0.103839,0.445218,-0.035312,0.14657,Bellevue_150th_SE38th
2952,cross,0.552079,0.149425,0.099489,0.451769,0.080709,0.046139,Bellevue_150th_SE38th
2953,cross,0.599075,0.168,0.107391,0.436506,0.070465,0.069434,Bellevue_150th_SE38th
2954,cross,0.595364,0.166473,0.106119,0.499484,0.105736,0.089169,Bellevue_150th_SE38th
2955,cross,0.555892,0.150909,0.101292,0.563847,0.144157,0.109467,Bellevue_150th_SE38th
2956,cross,0.568728,0.138014,0.092093,0.489845,-0.017143,0.262122,Bellevue_150th_SE38th
2957,cross,0.581218,0.159452,0.10721,0.513623,0.031341,0.21729,Bellevue_150th_SE38th
2958,cross,0.56757,0.155092,0.102774,0.619283,0.206816,0.069135,Bellevue_150th_SE38th
2959,cross,0.585265,0.158231,0.101039,0.550644,0.085526,0.141319,Bellevue_150th_SE38th
2960,cross,0.604921,0.167447,0.113903,0.471352,0.130695,0.099398,Bellevue_150th_SE38th
2961,cross,0.604868,0.169339,0.109797,0.530187,0.182126,0.118514,Bellevue_150th_SE38th
2962,cross,0.556499,0.14682,0.10204,0.510366,0.11657,0.092731,Bellevue_150th_SE38th
2963,cross,0.574017,0.13266,0.101122,0.651539,0.312569,0.080787,Bellevue_150th_SE38th
2964,cross,0.585588,0.160842,0.105967,0.694541,0.320134,0.090356,Bellevue_150th_SE38th
2965,cross,0.581087,0.1613,0.104838,0.452197,0.133219,0.04285,Bellevue_150th_SE38th
2966,cross,0.649204,0.16213,0.095412,0.425236,0.093812,0.070203,Bellevue_150th_SE38th
2967,cross,0.662851,0.149373,0.071901,0.465259,0.175014,0.063384,Bellevue_150th_SE38th
2968,cross,0.620365,0.171711,0.1131,0.524151,0.219912,0.05602,Bellevue_150th_SE38th
2969,cross,0.572032,0.155528,0.104865,0.466643,0.182602,0.073657,Bellevue_150th_SE38th
2970,cross,0.557656,0.146142,0.099484,0.470735,0.205775,0.060652,Bellevue_150th_SE38th
2971,cross,0.567127,0.156195,0.100811,0.577807,0.250207,0.052352,Bellevue_150th_SE38th
2972,cross,0.600027,0.156147,0.092176,0.586567,0.222955,0.065111,Bellevue_150th_SE38th
2973,cross,0.562676,0.151563,0.096318,0.366495,0.021638,0.066128,Bellevue_150th_SE38th
2974,cross,0.637824,0.151273,0.086159,0.375,0.0,0.083333,Bellevue_150th_SE38th
2975,cross,0.672161,0.13061,0.034962,0.432315,0.095336,0.08547,Bellevue_150th_SE38th
2976,cross,0.656155,0.12817,0.052575,0.645341,0.29263,0.051314,Bellevue_150th_SE38th
2977,cross,0.589769,0.163461,0.103564,0.635128,0.188967,0.090044,Bellevue_150th_SE38th
2978,cross,0.56707,0.15743,0.099921,0.499664,0.132648,0.077713,Bellevue_150th_SE38th
2979,cross,0.59884,0.166726,0.104599,0.401974,0.128461,0.051591,Bellevue_150th_SE38th
2980,cross,0.627929,0.171372,0.103421,0.427796,0.125269,0.102657,Bellevue_150th_SE38th
2981,cross,0.624072,0.174554,0.112293,0.586484,0.263299,0.049967,Bellevue_150th_SE38th
2982,cross,0.580865,0.158829,0.105521,0.614667,0.235302,0.092566,Bellevue_150th_SE38th
2983,cross,0.594627,0.164563,0.109515,0.757247,0.232956,0.044959,Bellevue_150th_SE38th
2984,cross,0.611307,0.170128,0.112435,0.619396,0.232772,0.0,Bellevue_150th_SE38th
2985,cross,0.569717,0.153706,0.096763,0.692077,0.293809,0.0,Bellevue_150th_SE38th
2986,cross,0.671379,0.137816,0.049379,0.504439,0.1814,0.030131,Bellevue_150th_SE38th
2987,cross,0.674627,0.144837,0.058176,0.429126,0.188597,0.029371,Bellevue_150th_SE38th
2988,cross,0.681945,0.142632,0.057377,0.499945,0.255131,0.024375,Bellevue_150th_SE38th
2989,cross,0.58931,0.160867,0.108614,0.600004,0.3094,0.043133,Bellevue_150th_SE38th
2990,cross,0.571098,0.156664,0.102194,0.688937,0.345413,0.036501,Bellevue_150th_SE38th
2991,cross,0.598921,0.16616,0.101337,0.558801,0.18318,0.079665,Bellevue_150th_SE38th
2992,cross,0.601604,0.165713,0.098538,0.480335,0.104261,0.11158,Bellevue_150th_SE38th
2993,cross,0.681619,0.14344,0.053126,0.476129,0.098939,0.11434,Bellevue_150th_SE38th
2994,cross,0.681929,0.141016,0.054934,0.413972,0.165435,0.034434,Bellevue_150th_SE38th
2995,cross,0.623038,0.16519,0.102817,0.513399,0.195125,0.091592,Bellevue_150th_SE38th
2996,cross,0.625842,0.164322,0.103862,0.624888,0.176412,0.205445,Bellevue_150th_SE38th
2997,cross,0.697048,0.135639,0.052939,0.588819,0.128242,0.165378,Bellevue_150th_SE38th
2998,cross,0.685289,0.144324,0.052073,0.531604,0.092943,0.130433,Bellevue_150th_SE38th
2999,cross,0.675604,0.134646,0.050764,0.442283,0.093425,0.127465,Bellevue_150th_SE38th
3000,cross,0.632786,0.168671,0.115846,0.510692,0.086666,0.141014,Bellevue_150th_SE38th
3001,cross,0.623943,0.171756,0.121041,0.539994,0.192938,0.083337,Bellevue_150th_SE38th
3002,cross,0.587067,0.162706,0.107704,0.602961,0.170268,0.186468,Bellevue_150th_SE38th
3003,cross,0.56184,0.145943,0.105995,0.67817,0.115146,0.153816,Bellevue_150th_SE38th
3004,cross,0.574644,0.1551,0.107623,0.497307,0.137965,0.096456,Bellevue_150th_SE38th
3005,cross,0.558205,0.149295,0.101286,0.579184,0.177417,0.045005,Bellevue_150th_SE38th
3006,cross,0.591358,0.166195,0.108151,0.50394,0.150201,0.072679,Bellevue_150th_SE38th
3007,cross,0.598863,0.164835,0.105297,0.425339,0.115161,0.061463,Bellevue_150th_SE38th
3008,cross,0.639049,0.176204,0.123059,0.41979,0.064486,0.075283,Bellevue_150th_SE38th
3009,cross,0.600403,0.163572,0.113394,0.465965,0.128808,0.058167,Bellevue_150th_SE38th
3010,cross,0.573341,0.157776,0.108022,0.578818,0.136863,0.117581,Bellevue_150th_SE38th
3011,cross,0.543847,0.141415,0.099954,0.580649,0.124858,0.136108,Bellevue_150th_SE38th
3012,cross,0.555805,0.148961,0.101661,0.548237,0.174239,0.090159,Bellevue_150th_SE38th
3013,cross,0.574009,0.15624,0.100235,0.492688,0.168751,0.091385,Bellevue_150th_SE38th
3014,cross,0.635452,0.17631,0.117267,0.597343,0.19126,0.156143,Bellevue_150th_SE38th
3015,cross,0.585327,0.16084,0.108525,0.664054,0.226536,0.055634,Bellevue_150th_SE38th
3016,cross,0.579267,0.158453,0.108262,0.722611,0.231967,0.097569,Bellevue_150th_SE38th
3017,cross,0.578503,0.15708,0.111288,0.699351,0.254965,0.084426,Bellevue_150th_SE38th
3018,cross,0.56899,0.151188,0.104331,0.692648,0.284512,0.110659,Bellevue_150th_SE38th
3019,cross,0.565549,0.153127,0.104973,0.593264,0.268637,0.064381,Bellevue_150th_SE38th
3020,cross,0.593662,0.164778,0.112327,0.448643,0.123242,0.042451,Bellevue_150th_SE38th
3021,cross,0.614715,0.168949,0.106652,0.394742,0.149192,0.062253,Bellevue_150th_SE38th
3022,cross,0.650352,0.179237,0.121293,0.536897,0.153009,0.037327,Bellevue_150th_SE38th
3023,cross,0.589162,0.163205,0.109597,0.5274,0.145129,0.034336,Bellevue_150th_SE38th
3024,cross,0.591326,0.164146,0.110318,0.592362,0.223096,0.033343,Bellevue_150th_SE38th
3025,cross,0.582763,0.161051,0.105846,0.614071,0.168267,0.077713,Bellevue_150th_SE38th
3026,cross,0.586891,0.163709,0.107336,0.628666,0.186438,0.093198,Bellevue_150th_SE38th
3027,cross,0.57644,0.160538,0.10213,0.554016,0.154178,0.058115,Bellevue_150th_SE38th
3028,cross,0.603709,0.164736,0.104388,0.513235,0.133404,0.072056,Bellevue_150th_SE38th
3029,cross,0.600044,0.161786,0.104898,0.443483,0.170782,0.075198,Bellevue_150th_SE38th
3030,cross,0.643415,0.176715,0.11517,0.535165,0.121532,0.10954,Bellevue_150th_SE38th
3031,cross,0.642022,0.176999,0.118841,0.577775,0.112864,0.087797,Bellevue_150th_SE38th
3032,cross,0.592334,0.161045,0.112128,0.717716,0.253981,0.117824,Bellevue_150th_SE38th
3033,cross,0.577363,0.157086,0.107037,0.684411,0.198469,0.102262,Bellevue_150th_SE38th
3034,cross,0.566436,0.153274,0.104225,0.646578,0.198396,0.065049,Bellevue_150th_SE38th
3035,cross,0.581672,0.162835,0.103599,0.574895,0.193434,0.114282,Bellevue_150th_SE38th
3036,cross,0.570737,0.156401,0.099184,0.472052,0.156693,0.088734,Bellevue_150th_SE38th
3037,cross,0.634015,0.175224,0.116135,0.478039,0.11412,0.121899,Bellevue_150th_SE38th
3038,cross,0.635372,0.175396,0.117082,0.535714,0.142857,0.142857,Bellevue_150th_SE38th
3039,cross,0.653728,0.153051,0.071641,0.573474,0.173746,0.119537,Bellevue_150th_SE38th
3040,cross,0.610231,0.163973,0.116221,0.576817,0.143969,0.124116,Bellevue_150th_SE38th
3041,cross,0.573928,0.154895,0.107392,0.520967,0.174869,0.093113,Bellevue_150th_SE38th
3042,cross,0.580678,0.159969,0.106694,0.537083,0.084451,0.151383,Bellevue_150th_SE38th
3043,cross,0.58339,0.160771,0.106124,0.496946,0.053147,0.153636,Bellevue_150th_SE38th
3044,cross,0.597681,0.160876,0.100412,0.501569,0.110423,0.142877,Bellevue_150th_SE38th
3045,cross,0.614879,0.169424,0.11457,0.554077,0.12649,0.170119,Bellevue_150th_SE38th
3046,cross,0.638254,0.173246,0.113114,0.541257,0.128189,0.130967,Bellevue_150th_SE38th
3047,cross,0.598257,0.163405,0.111821,0.537437,0.119048,0.164932,Bellevue_150th_SE38th
3048,cross,0.578582,0.157809,0.108043,0.622042,0.165263,0.159991,Bellevue_150th_SE38th
3049,cross,0.554529,0.144934,0.106936,0.735452,0.195703,0.179437,Bellevue_150th_SE38th
3050,cross,0.554657,0.145547,0.105175,0.765865,0.202769,0.175697,Bellevue_150th_SE38th
3051,cross,0.5683,0.153543,0.104088,0.712431,0.253236,0.117886,Bellevue_150th_SE38th
3052,cross,0.570709,0.15256,0.101134,0.532646,0.119791,0.083486,Bellevue_150th_SE38th
3053,cross,0.622273,0.165007,0.114743,0.547325,0.113823,0.101687,Bellevue_150th_SE38th
3054,cross,0.609068,0.163942,0.113224,0.521721,0.140073,0.047957,Bellevue_150th_SE38th
3055,cross,0.575775,0.159286,0.108428,0.557496,0.217454,0.130957,Bellevue_150th_SE38th
3056,cross,0.575833,0.158231,0.108836,0.582943,0.24735,0.11026,Bellevue_150th_SE38th
3057,cross,0.570043,0.153589,0.105465,0.635679,0.252984,0.090959,Bellevue_150th_SE38th
3058,cross,0.585298,0.162472,0.1096,0.625345,0.26246,0.040579,Bellevue_150th_SE38th
3059,cross,0.552027,0.146759,0.102253,0.643435,0.222284,0.030789,Bellevue_150th_SE38th
3060,cross,0.595455,0.166569,0.112684,0.395521,0.130433,0.063666,Bellevue_150th_SE38th
3061,cross,0.6346,0.169557,0.113431,0.495261,0.186042,0.09148,Bellevue_150th_SE38th
3062,cross,0.607163,0.160016,0.11138,0.507916,0.163232,0.087939,Bellevue_150th_SE38th
3063,cross,0.594836,0.162433,0.115702,0.524397,0.212992,0.10118,Bellevue_150th_SE38th
3064,cross,0.553306,0.142734,0.105807,0.488895,0.204254,0.092571,Bellevue_150th_SE38th
3065,cross,0.53579,0.135356,0.099397,0.547854,0.216419,0.113209,Bellevue_150th_SE38th
3066,cross,0.552809,0.143532,0.106881,0.625635,0.191495,0.112997,Bellevue_150th_SE38th
3067,cross,0.529521,0.132823,0.100409,0.579817,0.140434,0.15404,Bellevue_150th_SE38th
3068,cross,0.54374,0.13848,0.105821,0.530314,0.10869,0.097914,Bellevue_150th_SE38th
3069,cross,0.560279,0.146709,0.107627,0.513586,0.13094,0.090424,Bellevue_150th_SE38th
3070,cross,0.564139,0.147654,0.103275,0.379329,0.118862,0.060705,Bellevue_150th_SE38th
3071,cross,0.604936,0.164064,0.114182,0.456226,0.135599,0.077058,Bellevue_150th_SE38th
3072,cross,0.614466,0.162206,0.113178,0.374679,0.107854,0.07387,Bellevue_150th_SE38th
3073,cross,0.602731,0.161388,0.119823,0.386686,0.116856,0.057625,Bellevue_150th_SE38th
3074,cross,0.560138,0.148795,0.10714,0.65933,0.256027,0.057689,Bellevue_150th_SE38th
3075,cross,0.616011,0.167815,0.107706,0.694391,0.146011,0.151418,Bellevue_150th_SE38th
3076,cross,0.60866,0.166511,0.110935,0.766509,0.186769,0.11484,Bellevue_150th_SE38th
3077,cross,0.586472,0.161728,0.106601,0.681775,0.203555,0.062635,Bellevue_150th_SE38th
3078,cross,0.571395,0.157685,0.105419,0.681154,0.219681,0.112851,Bellevue_150th_SE38th
3079,cross,0.595946,0.163062,0.11047,0.694722,0.25329,0.068217,Bellevue_150th_SE38th
3080,cross,0.631803,0.170653,0.111979,0.672242,0.259812,0.087751,Bellevue_150th_SE38th
3081,cross,0.569206,0.156665,0.102366,0.729457,0.332273,0.155964,Bellevue_150th_SE38th
3082,cross,0.586946,0.160658,0.107721,0.59499,0.272876,0.117296,Bellevue_150th_SE38th
3083,cross,0.604015,0.165333,0.103756,0.641079,0.366867,0.05038,Bellevue_150th_SE38th
3084,cross,0.595365,0.163128,0.108863,0.529771,0.222114,0.094178,Bellevue_150th_SE38th
3085,cross,0.585275,0.161102,0.106216,0.456435,0.26349,0.010737,Bellevue_150th_SE38th
3086,cross,0.582645,0.161387,0.106547,0.500799,0.224912,0.038548,Bellevue_150th_SE38th
3087,cross,0.59409,0.161165,0.107625,0.642192,0.165973,0.128833,Bellevue_150th_SE38th
3088,cross,0.608438,0.166445,0.108491,0.658357,0.230226,0.098735,Bellevue_150th_SE38th
3089,cross,0.575285,0.159357,0.105437,0.455777,0.216955,0.084727,Bellevue_150th_SE38th
3090,cross,0.652045,0.150806,0.133927,0.664637,0.178686,0.175674,Bellevue_150th_SE38th
3091,cross,0.647853,0.166343,0.132813,0.691147,0.247188,0.093293,Bellevue_150th_SE38th
3092,cross,0.624642,0.168418,0.110303,0.780232,0.203069,0.117103,Bellevue_150th_SE38th
3093,cross,0.655304,0.168307,0.115858,0.684043,0.190281,0.100097,Bellevue_150th_SE38th
3094,cross,0.687018,0.134175,0.069677,0.688833,0.193371,0.067358,Bellevue_150th_SE38th
3095,cross,0.651916,0.17335,0.109329,0.584815,0.125949,0.109473,Bellevue_150th_SE38th
3096,cross,0.647188,0.17616,0.112028,0.495212,0.107971,0.034052,Bellevue_150th_SE38th
3097,cross,0.624363,0.170788,0.116529,0.592412,0.160928,0.055973,Bellevue_150th_SE38th
3098,cross,0.628332,0.167783,0.119161,0.711176,0.144354,0.115428,Bellevue_150th_SE38th
3099,cross,0.629402,0.160938,0.135185,0.740565,0.183708,0.144332,Bellevue_150th_SE38th
3100,cross,0.604318,0.1664,0.11562,0.705142,0.209593,0.137473,Bellevue_150th_SE38th
3101,cross,0.680341,0.151858,0.083825,0.689797,0.16153,0.113846,Bellevue_150th_SE38th
3102,cross,0.684185,0.14046,0.093768,0.57953,0.131537,0.141425,Bellevue_150th_SE38th
3103,cross,0.639021,0.170083,0.116652,0.543343,0.131352,0.140486,Bellevue_150th_SE38th
3104,cross,0.622303,0.167872,0.116564,0.488827,0.117343,0.076523,Bellevue_150th_SE38th
3105,cross,0.603426,0.161127,0.122666,0.527899,0.178038,0.082585,Bellevue_150th_SE38th
3106,cross,0.622399,0.166465,0.126636,0.668984,0.181513,0.106551,Bellevue_150th_SE38th
3107,cross,0.628389,0.146934,0.146987,0.717147,0.091111,0.29357,Bellevue_150th_SE38th
3108,cross,0.621789,0.169469,0.129196,0.502803,0.079451,0.141843,Bellevue_150th_SE38th
3109,cross,0.646081,0.178429,0.13231,0.579219,0.171794,0.096789,Bellevue_150th_SE38th
3110,cross,0.618842,0.1362,0.141586,0.629113,0.283013,0.049093,Bellevue_150th_SE38th
3111,cross,0.647213,0.177018,0.129494,0.641925,0.351741,0.042872,Bellevue_150th_SE38th
3112,cross,0.601056,0.157579,0.11601,0.702543,0.366826,0.065404,Bellevue_150th_SE38th
3113,cross,0.694627,0.100673,0.075178,0.759637,0.331319,0.073016,Bellevue_150th_SE38th
3114,cross,0.634062,0.171275,0.132485,0.837339,0.276437,0.108221,Bellevue_150th_SE38th
3115,cross,0.626213,0.161066,0.145131,0.738579,0.181959,0.131511,Bellevue_150th_SE38th
3116,cross,0.626741,0.172031,0.115058,0.688549,0.120687,0.09172,Bellevue_150th_SE38th
3117,cross,0.647398,0.165041,0.121585,0.611412,0.129526,0.100087,Bellevue_150th_SE38th
3118,cross,0.610828,0.161521,0.113084,0.524467,0.167091,0.069628,Bellevue_150th_SE38th
3119,cross,0.639581,0.175243,0.131325,0.325959,0.039513,0.086764,Bellevue_150th_SE38th
3120,cross,0.603126,0.167762,0.122215,0.480676,0.091479,0.099245,Bellevue_150th_SE38th
3121,cross,0.643469,0.17164,0.132019,0.619713,0.18717,0.17189,Bellevue_150th_SE38th
3122,cross,0.646387,0.178612,0.130716,0.636842,0.16043,0.230928,Bellevue_150th_SE38th
3123,cross,0.612897,0.145243,0.138933,0.630799,0.128184,0.204735,Bellevue_150th_SE38th
3124,cross,0.650972,0.137674,0.120507,0.662388,0.110006,0.214784,Bellevue_150th_SE38th
3125,cross,0.666548,0.153591,0.112063,0.496128,0.127234,0.128459,Bellevue_150th_SE38th
3126,cross,0.640813,0.169317,0.11996,0.402249,0.066278,0.111877,Bellevue_150th_SE38th
3127,cross,0.659731,0.168545,0.10139,0.502162,0.105855,0.090347,Bellevue_150th_SE38th
3128,cross,0.638528,0.172437,0.124508,0.443253,0.071699,0.115093,Bellevue_150th_SE38th
3129,cross,0.624743,0.154373,0.144595,0.445728,0.036801,0.197612,Bellevue_150th_SE38th
3130,cross,0.617923,0.143257,0.146721,0.55671,0.104455,0.231794,Bellevue_150th_SE38th
3131,cross,0.613146,0.141958,0.150814,0.503511,0.106225,0.215545,Bellevue_150th_SE38th
3132,cross,0.617184,0.168315,0.121029,0.537051,0.110809,0.162695,Bellevue_150th_SE38th
3133,cross,0.571514,0.154772,0.111804,0.532664,0.132814,0.105276,Bellevue_150th_SE38th
3134,cross,0.636031,0.131454,0.121247,0.626563,0.20013,0.111808,Bellevue_150th_SE38th
3135,cross,0.652284,0.176292,0.118619,0.567694,0.247518,0.139648,Bellevue_150th_SE38th
3136,cross,0.615308,0.168035,0.115609,0.692779,0.14196,0.178082,Bellevue_150th_SE38th
3137,cross,0.583066,0.147966,0.11047,0.588235,0.058824,0.117647,Bellevue_150th_SE38th
3138,cross,0.734034,0.094679,0.050473,0.638933,0.09056,0.145893,Bellevue_150th_SE38th
3139,cross,0.726455,0.082406,0.058208,0.799784,0.234014,0.186925,Bellevue_150th_SE38th
3140,cross,0.629178,0.172767,0.133807,0.676276,0.186674,0.160477,Bellevue_150th_SE38th
3141,cross,0.632015,0.171578,0.115208,0.764758,0.115487,0.162955,Bellevue_150th_SE38th
3142,cross,0.641569,0.126268,0.13841,0.614292,0.134553,0.066776,Bellevue_150th_SE38th
3143,cross,0.682752,0.112295,0.078671,0.490273,0.091177,0.075969,Bellevue_150th_SE38th
3144,cross,0.674889,0.157309,0.090234,0.469192,0.122498,0.047267,Bellevue_150th_SE38th
3145,cross,0.64733,0.179087,0.12675,0.469882,0.113522,0.069041,Bellevue_150th_SE38th
3146,cross,0.592113,0.160578,0.114784,0.610776,0.229823,0.117063,Bellevue_150th_SE38th
3147,cross,0.631684,0.172132,0.127865,0.701698,0.377405,0.049031,Bellevue_150th_SE38th
3148,cross,0.655304,0.115941,0.126345,0.696058,0.197746,0.039502,Bellevue_150th_SE38th
3149,cross,0.624856,0.143864,0.143153,0.617853,0.171006,0.017393,Bellevue_150th_SE38th
3150,cross,0.663637,0.147553,0.106567,0.590881,0.067972,0.054339,Bellevue_150th_SE38th
3151,cross,0.637031,0.135193,0.121475,0.412909,0.062181,0.073351,Bellevue_150th_SE38th
3152,cross,0.648166,0.171074,0.110644,0.432668,0.109058,0.096799,Bellevue_150th_SE38th
3153,cross,0.652523,0.132066,0.115733,0.423496,0.056497,0.070291,Bellevue_150th_SE38th
3154,cross,0.668722,0.11208,0.10718,0.355591,0.051612,0.05858,Bellevue_150th_SE38th
3155,cross,0.662884,0.111899,0.11079,0.483751,0.139045,0.070775,Bellevue_150th_SE38th
3156,cross,0.612618,0.164708,0.122356,0.427433,0.104455,0.044741,Bellevue_150th_SE38th
3157,cross,0.596534,0.162576,0.112031,0.458048,0.055991,0.041467,Bellevue_150th_SE38th
3158,cross,0.619128,0.16903,0.117112,0.403694,0.138733,0.040229,Bellevue_150th_SE38th
3159,cross,0.655287,0.180108,0.120106,0.348477,0.141746,0.048116,Bellevue_150th_SE38th
3160,cross,0.656169,0.146365,0.104689,0.579956,0.162265,0.143822,Bellevue_150th_SE38th
3161,cross,0.588488,0.15075,0.117465,0.531234,0.122337,0.135956,Bellevue_150th_SE38th
3162,cross,0.631321,0.147303,0.153129,0.628203,0.177944,0.17061,Bellevue_150th_SE38th
3163,cross,0.586736,0.125611,0.13591,0.654728,0.208221,0.131868,Bellevue_150th_SE38th
3164,cross,0.62151,0.148609,0.14477,0.697462,0.154899,0.153984,Bellevue_150th_SE38th
3165,cross,0.619059,0.154026,0.146506,0.659941,0.180094,0.138164,Bellevue_150th_SE38th
3166,cross,0.654415,0.163998,0.112015,0.569612,0.175468,0.135416,Bellevue_150th_SE38th
3167,cross,0.612572,0.167524,0.111841,0.386565,0.098819,0.085715,Bellevue_150th_SE38th
3168,cross,0.615908,0.166922,0.119348,0.396701,0.092377,0.089368,Bellevue_150th_SE38th
3169,cross,0.611823,0.166867,0.115249,0.549724,0.089603,0.029011,Bellevue_150th_SE38th
3170,cross,0.617675,0.149352,0.146329,0.401677,0.025207,0.005128,Bellevue_150th_SE38th
3171,cross,0.631537,0.133993,0.141269,0.489187,0.193633,0.024009,Bellevue_150th_SE38th
3172,cross,0.605087,0.160961,0.115619,0.555507,0.278609,0.018186,Bellevue_150th_SE38th
3173,cross,0.566422,0.131567,0.131387,0.659511,0.281687,0.102981,Bellevue_150th_SE38th
3174,cross,0.622449,0.171505,0.12709,0.715463,0.251435,0.175443,Bellevue_150th_SE38th
3175,cross,0.615654,0.156396,0.104945,0.72,0.2,0.24,Bellevue_150th_SE38th
3176,cross,0.732696,0.12705,0.04438,0.677932,0.156369,0.249095,Bellevue_150th_SE38th
3177,cross,0.699062,0.097212,0.066047,0.540796,0.102442,0.12954,Bellevue_150th_SE38th
3178,cross,0.632231,0.172834,0.133841,0.660536,0.238939,0.060436,Bellevue_150th_SE38th
3179,cross,0.62784,0.159199,0.145548,0.626275,0.298737,0.047859,Bellevue_150th_SE38th
3180,cross,0.597654,0.133533,0.150547,0.542073,0.228399,0.039258,Bellevue_150th_SE38th
3181,cross,0.62145,0.118799,0.135032,0.583117,0.257243,0.055419,Bellevue_150th_SE38th
3182,cross,0.634882,0.11077,0.133609,0.534715,0.199556,0.0458,Bellevue_150th_SE38th
3183,cross,0.592387,0.137428,0.139501,0.471373,0.089957,0.074071,Bellevue_150th_SE38th
3184,cross,0.612891,0.157393,0.132784,0.448259,0.005453,0.107189,Bellevue_150th_SE38th
3185,cross,0.583237,0.152201,0.116281,0.513879,0.052937,0.060795,Bellevue_150th_SE38th
3186,cross,0.59992,0.122225,0.144633,0.49548,0.088673,0.064555,Bellevue_150th_SE38th
3187,cross,0.615746,0.146089,0.151335,0.405885,0.028528,0.079773,Bellevue_150th_SE38th
3188,cross,0.564693,0.153785,0.112042,0.50841,0.04972,0.082077,Bellevue_150th_SE38th
3189,cross,0.583269,0.133005,0.14367,0.600712,0.132302,0.072804,Bellevue_150th_SE38th
3190,cross,0.586068,0.136901,0.143564,0.628483,0.157011,0.063534,Bellevue_150th_SE38th
3191,cross,0.632383,0.171733,0.122846,0.615174,0.182239,0.053978,Bellevue_150th_SE38th
3192,cross,0.585482,0.160289,0.110058,0.512865,0.051427,0.060289,Bellevue_150th_SE38th
3193,cross,0.622657,0.149836,0.134168,0.488504,0.110245,0.059167,Bellevue_150th_SE38th
3194,cross,0.600501,0.161464,0.12162,0.567756,0.200585,0.032538,Bellevue_150th_SE38th
3195,cross,0.568549,0.150939,0.116975,0.655814,0.222194,0.036608,Bellevue_150th_SE38th
3196,cross,0.566775,0.124999,0.134764,0.676849,0.174822,0.07504,Bellevue_150th_SE38th
3197,cross,0.559405,0.13983,0.124948,0.761055,0.207764,0.079506,Bellevue_150th_SE38th
3198,cross,0.57776,0.126019,0.14093,0.774163,0.25425,0.050952,Bellevue_150th_SE38th
3199,cross,0.700731,0.095638,0.069565,0.739381,0.224256,0.079002,Bellevue_150th_SE38th
3200,cross,0.567223,0.151337,0.112176,0.655783,0.176586,0.049643,Bellevue_150th_SE38th
3201,cross,0.608002,0.166262,0.114772,0.673679,0.132716,0.066218,Bellevue_150th_SE38th
3202,cross,0.601883,0.161354,0.115273,0.551183,0.14799,0.023837,Bellevue_150th_SE38th
3203,cross,0.653504,0.175806,0.121264,0.658531,0.189217,0.069321,Bellevue_150th_SE38th
3204,cross,0.578137,0.14149,0.139663,0.692917,0.229716,0.021078,Bellevue_150th_SE38th
3205,cross,0.561369,0.137386,0.129984,0.717671,0.250049,0.031015,Bellevue_150th_SE38th
3206,cross,0.639647,0.096897,0.0984,0.761909,0.174833,0.162459,Bellevue_150th_SE38th
3207,cross,0.599177,0.162334,0.123675,0.790306,0.145029,0.17523,Bellevue_150th_SE38th
3208,cross,0.606133,0.155292,0.134744,0.797077,0.091922,0.170477,Bellevue_150th_SE38th
3209,cross,0.557686,0.147192,0.109313,0.682042,0.099234,0.138351,Bellevue_150th_SE38th
3210,cross,0.618991,0.151154,0.112317,0.612017,0.084467,0.152162,Bellevue_150th_SE38th
3211,cross,0.630949,0.155405,0.102097,0.645,0.0905,0.156696,Bellevue_150th_SE38th
3212,cross,0.672433,0.106317,0.092356,0.626495,0.096638,0.11121,Bellevue_150th_SE38th
3213,cross,0.613389,0.162677,0.124074,0.59654,0.151384,0.142385,Bellevue_150th_SE38th
3214,cross,0.584396,0.154234,0.118659,0.684669,0.136745,0.176682,Bellevue_150th_SE38th
3215,cross,0.624257,0.165642,0.133263,0.778938,0.134745,0.207023,Bellevue_150th_SE38th
3216,cross,0.600219,0.139051,0.144385,0.70765,0.137139,0.094981,Bellevue_150th_SE38th
3217,cross,0.623049,0.158381,0.104435,0.730404,0.152736,0.083169,Bellevue_150th_SE38th
3218,cross,0.630573,0.121606,0.122516,0.592004,0.144848,0.059153,Bellevue_150th_SE38th
3219,cross,0.619637,0.168296,0.124785,0.630993,0.101116,0.111526,Bellevue_150th_SE38th
3220,cross,0.630562,0.167837,0.130698,0.741511,0.166143,0.037169,Bellevue_150th_SE38th
3221,cross,0.567492,0.132556,0.137717,0.82101,0.18186,0.026896,Bellevue_150th_SE38th
3222,cross,0.579913,0.131265,0.145351,0.739226,0.220129,0.00624,Bellevue_150th_SE38th
3223,cross,0.577037,0.128758,0.14234,0.690985,0.176632,0.002671,Bellevue_150th_SE38th
3224,cross,0.562441,0.141089,0.131833,0.64642,0.152052,0.059396,Bellevue_150th_SE38th
3225,cross,0.615022,0.164274,0.120773,0.677937,0.119102,0.063194,Bellevue_150th_SE38th
3226,cross,0.626365,0.167747,0.121496,0.610075,0.106719,0.089681,Bellevue_150th_SE38th
3227,cross,0.637961,0.157761,0.110179,0.631579,0.105263,0.157895,Bellevue_150th_SE38th
3228,cross,0.699966,0.120374,0.050309,0.631579,0.105263,0.157895,Bellevue_150th_SE38th
3229,cross,0.72606,0.091571,0.050437,0.579185,0.055755,0.041474,Bellevue_150th_SE38th
3230,cross,0.603314,0.126996,0.142729,0.605382,0.066556,0.038076,Bellevue_150th_SE38th
3231,cross,0.583624,0.129258,0.148695,0.634653,0.096389,0.035365,Bellevue_150th_SE38th
3232,cross,0.630502,0.10219,0.120364,0.683563,0.116578,0.133597,Bellevue_150th_SE38th
3233,cross,0.598537,0.149151,0.131198,0.825896,0.144655,0.228045,Bellevue_150th_SE38th
3234,cross,0.580011,0.133287,0.143101,0.484415,0.073683,0.044274,Bellevue_150th_SE38th
3235,cross,0.616,0.170073,0.12039,0.490974,0.114745,0.022978,Bellevue_150th_SE38th
3236,cross,0.597024,0.162214,0.115135,0.612814,0.137695,0.037411,Bellevue_150th_SE38th
3237,cross,0.604242,0.15173,0.133563,0.539116,0.085468,0.054478,Bellevue_150th_SE38th
3238,cross,0.549229,0.13427,0.122728,0.664295,0.189998,0.050324,Bellevue_150th_SE38th
3239,cross,0.5597,0.131276,0.136178,0.862492,0.185863,0.185776,Bellevue_150th_SE38th
3240,cross,0.590096,0.138539,0.147113,0.837624,0.158052,0.158967,Bellevue_150th_SE38th
3241,cross,0.578842,0.143007,0.135663,0.752379,0.111013,0.141271,Bellevue_150th_SE38th
3242,cross,0.63583,0.13846,0.120252,0.561442,0.075517,0.101135,Bellevue_150th_SE38th
3243,cross,0.614279,0.170348,0.117556,0.510568,0.07109,0.106525,Bellevue_150th_SE38th
3244,cross,0.617293,0.16493,0.116913,0.744582,0.082265,0.103726,Bellevue_150th_SE38th
3245,cross,0.558722,0.10815,0.134313,0.661538,0.051363,0.181952,Bellevue_150th_SE38th
3246,cross,0.58585,0.137128,0.147293,0.555841,0.063949,0.086647,Bellevue_150th_SE38th
3247,cross,0.580453,0.157204,0.13266,0.630273,0.164042,0.053131,Bellevue_150th_SE38th
3248,cross,0.57197,0.130634,0.145013,0.630124,0.130491,0.144691,Bellevue_150th_SE38th
3249,cross,0.577237,0.150973,0.135026,0.712757,0.180443,0.16754,Bellevue_150th_SE38th
3250,cross,0.623539,0.168764,0.12485,0.618279,0.174745,0.079025,Bellevue_150th_SE38th
3251,cross,0.614461,0.160182,0.140175,0.57313,0.180598,0.08235,Bellevue_150th_SE38th
3252,cross,0.56342,0.138747,0.140659,0.628012,0.210412,0.11477,Bellevue_150th_SE38th
3253,cross,0.574691,0.13959,0.12852,0.552201,0.181574,0.107506,Bellevue_150th_SE38th
3254,cross,0.563393,0.129922,0.135812,0.669225,0.249147,0.126223,Bellevue_150th_SE38th
3255,cross,0.598707,0.135136,0.15062,0.78826,0.371251,0.09091,Bellevue_150th_SE38th
3256,cross,0.562301,0.136135,0.13361,0.713621,0.225975,0.096408,Bellevue_150th_SE38th
3257,cross,0.657591,0.164226,0.105328,0.844567,0.213799,0.036572,Bellevue_150th_SE38th
3258,cross,0.695974,0.092896,0.067776,0.866667,0.2,0.0,Bellevue_150th_SE38th
3259,cross,0.733341,0.094144,0.051768,0.866667,0.2,0.0,Bellevue_150th_SE38th
3260,cross,0.733215,0.093563,0.051784,0.866667,0.2,0.0,Bellevue_150th_SE38th
3261,cross,0.733351,0.093555,0.051883,0.830191,0.21351,0.023827,Bellevue_150th_SE38th
3262,cross,0.684954,0.126193,0.083308,0.677025,0.250135,0.042668,Bellevue_150th_SE38th
3263,cross,0.611459,0.141604,0.149193,0.660311,0.169567,0.133244,Bellevue_150th_SE38th
3264,cross,0.574144,0.147777,0.12132,0.599952,0.114543,0.144194,Bellevue_150th_SE38th
3265,cross,0.608374,0.158103,0.127494,0.569413,0.199081,0.121996,Bellevue_150th_SE38th
3266,cross,0.632085,0.154862,0.151577,0.643138,0.170632,0.183314,Bellevue_150th_SE38th
3267,cross,0.556771,0.138542,0.134819,0.682642,0.153265,0.21395,Bellevue_150th_SE38th
3268,cross,0.558548,0.133372,0.13516,0.673333,0.134435,0.21456,Bellevue_150th_SE38th
3269,cross,0.550348,0.132917,0.1268,0.59714,0.173717,0.142333,Bellevue_150th_SE38th
3270,cross,0.605596,0.153645,0.13574,0.649987,0.216897,0.175983,Bellevue_150th_SE38th
3271,cross,0.556603,0.147328,0.120989,0.556051,0.083772,0.106358,Bellevue_150th_SE38th
3272,cross,0.620493,0.165475,0.126579,0.690838,0.179003,0.187729,Bellevue_150th_SE38th
3273,cross,0.61215,0.164413,0.120294,0.595599,0.141834,0.118677,Bellevue_150th_SE38th
3274,cross,0.625747,0.172329,0.139024,0.676131,0.163465,0.139443,Bellevue_150th_SE38th
3275,cross,0.567769,0.135939,0.144096,0.653513,0.125741,0.152961,Bellevue_150th_SE38th
3276,cross,0.557674,0.14165,0.133285,0.61996,0.059837,0.239144,Bellevue_150th_SE38th
3277,cross,0.553287,0.137724,0.127062,0.724065,0.087336,0.343353,Bellevue_150th_SE38th
3278,cross,0.64147,0.172888,0.144665,0.530245,0.120836,0.110921,Bellevue_150th_SE38th
3279,cross,0.609569,0.150252,0.157286,0.523874,0.088003,0.132725,Bellevue_150th_SE38th
3280,cross,0.577257,0.159377,0.134319,0.575873,0.179894,0.101402,Bellevue_150th_SE38th
3281,cross,0.710656,0.076572,0.068956,0.612745,0.141304,0.127173,Bellevue_150th_SE38th
3282,cross,0.572111,0.114219,0.142671,0.540746,0.116947,0.160209,Bellevue_150th_SE38th
3283,cross,0.589531,0.136866,0.147478,0.453217,0.158199,0.114728,Bellevue_150th_SE38th
3284,cross,0.567875,0.123641,0.138632,0.656819,0.112834,0.181591,Bellevue_150th_SE38th
3285,cross,0.613149,0.145556,0.149757,0.704397,0.131425,0.264535,Bellevue_150th_SE38th
3286,cross,0.587225,0.128831,0.146537,0.568882,0.147258,0.124737,Bellevue_150th_SE38th
3287,cross,0.555559,0.139509,0.133894,0.365938,0.063522,0.157988,Bellevue_150th_SE38th
3288,cross,0.562589,0.146787,0.134676,0.449135,0.160734,0.089267,Bellevue_150th_SE38th
3289,cross,0.554814,0.122728,0.137146,0.468263,0.138624,0.127071,Bellevue_150th_SE38th
3290,cross,0.557591,0.125017,0.137605,0.403727,0.163763,0.095045,Bellevue_150th_SE38th
3291,cross,0.551549,0.134234,0.134217,0.370647,0.201058,0.052962,Bellevue_150th_SE38th
3292,cross,0.564199,0.120709,0.140661,0.484196,0.134333,0.126256,Bellevue_150th_SE38th
3293,cross,0.560207,0.140233,0.124223,0.778459,0.03699,0.366546,Bellevue_150th_SE38th
3294,cross,0.562733,0.123134,0.140177,0.677977,0.207072,0.217078,Bellevue_150th_SE38th
3295,cross,0.618811,0.146359,0.154321,0.582857,0.182105,0.162243,Bellevue_150th_SE38th
3296,cross,0.559086,0.118118,0.140323,0.629793,0.205496,0.172755,Bellevue_150th_SE38th
3297,cross,0.544211,0.115321,0.129971,0.648423,0.205142,0.151813,Bellevue_150th_SE38th
3298,cross,0.562927,0.134177,0.138643,0.669711,0.183557,0.191999,Bellevue_150th_SE38th
3299,cross,0.546164,0.12459,0.133545,0.572999,0.183467,0.13871,Bellevue_150th_SE38th
3300,cross,0.550355,0.13831,0.12908,0.582894,0.109601,0.167504,Bellevue_150th_SE38th
3301,cross,0.562182,0.143917,0.11365,0.574428,0.113214,0.141309,Bellevue_150th_SE38th
3302,cross,0.585547,0.155263,0.116106,0.565031,0.150769,0.138075,Bellevue_150th_SE38th
3303,cross,0.62083,0.170004,0.118682,0.492198,0.101461,0.119382,Bellevue_150th_SE38th
3304,cross,0.614418,0.15742,0.139517,0.465529,0.077285,0.208219,Bellevue_150th_SE38th
3305,cross,0.564485,0.135677,0.142389,0.532617,0.140096,0.139958,Bellevue_150th_SE38th
3306,cross,0.566398,0.134348,0.135644,0.627188,0.152308,0.103253,Bellevue_150th_SE38th
3307,cross,0.560817,0.125817,0.140841,0.583933,0.217429,0.075544,Bellevue_150th_SE38th
3308,cross,0.594578,0.152015,0.133914,0.614215,0.166228,0.128547,Bellevue_150th_SE38th
3309,cross,0.566799,0.125591,0.143394,0.575794,0.227381,0.189206,Bellevue_150th_SE38th
3310,cross,0.547765,0.141277,0.112621,0.515763,0.186513,0.135349,Bellevue_150th_SE38th
3311,cross,0.558568,0.129031,0.140363,0.548682,0.269404,0.055286,Bellevue_150th_SE38th
3312,cross,0.56176,0.121471,0.140108,0.461072,0.226768,0.023276,Bellevue_150th_SE38th
3313,cross,0.566652,0.122555,0.142642,0.493448,0.214905,0.025543,Bellevue_150th_SE38th
3314,cross,0.559618,0.123719,0.140417,0.501278,0.199448,0.074397,Bellevue_150th_SE38th
3315,cross,0.552544,0.117761,0.135045,0.699036,0.057768,0.07908,Bellevue_150th_SE38th
3316,cross,0.586118,0.111927,0.144955,0.644751,0.054598,0.124083,Bellevue_150th_SE38th
3317,cross,0.557218,0.143684,0.125916,0.60642,0.069341,0.162316,Bellevue_150th_SE38th
3318,cross,0.619029,0.148712,0.138487,0.577805,0.09023,0.169582,Bellevue_150th_SE38th
3319,cross,0.566169,0.136453,0.131667,0.674062,0.139383,0.187961,Bellevue_150th_SE38th
3320,cross,0.580074,0.126614,0.150674,0.619099,0.218325,0.16766,Bellevue_150th_SE38th
3321,cross,0.541353,0.126053,0.128853,0.523526,0.235646,0.150485,Bellevue_150th_SE38th
3322,cross,0.542858,0.127221,0.127643,0.557162,0.200718,0.102892,Bellevue_150th_SE38th
3323,cross,0.557078,0.129566,0.136496,0.575994,0.156977,0.176905,Bellevue_150th_SE38th
3324,cross,0.541726,0.126425,0.129087,0.450212,0.063478,0.132584,Bellevue_150th_SE38th
3325,cross,0.573029,0.153646,0.117928,0.489448,-0.003514,0.220051,Bellevue_150th_SE38th
3326,cross,0.534666,0.123532,0.118617,0.48631,0.097064,0.154944,Bellevue_150th_SE38th
3327,cross,0.560494,0.142365,0.119477,0.530375,0.156483,0.153138,Bellevue_150th_SE38th
3328,cross,0.559638,0.136353,0.136268,0.593193,0.297195,0.09761,Bellevue_150th_SE38th
3329,cross,0.57035,0.139304,0.133612,0.649095,0.26451,0.0823,Bellevue_150th_SE38th
3330,cross,0.560048,0.131321,0.13484,0.611422,0.212652,0.106472,Bellevue_150th_SE38th
3331,cross,0.561313,0.148178,0.115399,0.555842,0.126878,0.102026,Bellevue_150th_SE38th
3332,cross,0.578258,0.15332,0.116119,0.531593,0.094041,0.098852,Bellevue_150th_SE38th
3333,cross,0.54715,0.128388,0.130809,0.510701,0.131228,0.076982,Bellevue_150th_SE38th
3334,cross,0.578289,0.1372,0.13559,0.517336,0.107594,0.113366,Bellevue_150th_SE38th
3335,cross,0.55634,0.119582,0.137855,0.470357,0.05754,0.178929,Bellevue_150th_SE38th
3336,cross,0.549468,0.077311,0.106973,0.50797,0.066297,0.15094,Bellevue_150th_SE38th
3337,cross,0.539824,0.09655,0.134503,0.539985,0.138808,0.106306,Bellevue_150th_SE38th
3338,cross,0.540538,0.118646,0.132335,0.633489,0.070431,0.084994,Bellevue_150th_SE38th
3339,cross,0.588151,0.15508,0.13023,0.567451,0.06548,0.123704,Bellevue_150th_SE38th
3340,cross,0.597945,0.150651,0.128598,0.76504,0.080337,0.23964,Bellevue_150th_SE38th
3341,cross,0.544001,0.120012,0.125185,0.701691,0.065659,0.261276,Bellevue_150th_SE38th
3342,cross,0.543596,0.122433,0.128156,0.675268,0.087258,0.193191,Bellevue_150th_SE38th
3343,cross,0.540004,0.121481,0.132151,0.600066,0.225556,0.104047,Bellevue_150th_SE38th
3344,cross,0.554134,0.129002,0.136399,0.745561,0.189636,0.068828,Bellevue_150th_SE38th
3345,cross,0.532237,0.123155,0.104013,0.712752,0.230593,0.098653,Bellevue_150th_SE38th
3346,cross,0.57574,0.120338,0.140886,0.563986,0.122197,0.112834,Bellevue_150th_SE38th
3347,cross,0.56751,0.149772,0.111094,0.520856,0.0959,0.126453,Bellevue_150th_SE38th
3348,cross,0.570233,0.14491,0.111531,0.55093,0.118417,0.098619,Bellevue_150th_SE38th
3349,cross,0.585827,0.157767,0.115128,0.569388,0.07794,0.10705,Bellevue_150th_SE38th
3350,cross,0.571893,0.14832,0.122412,0.646126,0.218667,0.081243,Bellevue_150th_SE38th
3351,cross,0.572637,0.139454,0.137445,0.759842,0.281022,0.122394,Bellevue_150th_SE38th
3352,cross,0.535687,0.138128,0.104212,0.686469,0.245166,0.108028,Bellevue_150th_SE38th
3353,cross,0.543461,0.127655,0.128692,0.627013,0.193613,0.071565,Bellevue_150th_SE38th
3354,cross,0.548279,0.130796,0.129885,0.618309,0.083036,0.129842,Bellevue_150th_SE38th
3355,cross,0.563695,0.148613,0.112328,0.573005,0.097779,0.144256,Bellevue_150th_SE38th
3356,cross,0.561679,0.144678,0.120087,0.527045,0.065501,0.159658,Bellevue_150th_SE38th
3357,cross,0.564448,0.145383,0.114336,0.651048,0.154203,0.155431,Bellevue_150th_SE38th
3358,cross,0.597293,0.153783,0.121407,0.648479,0.170117,0.12635,Bellevue_150th_SE38th
3359,cross,0.5529,0.128455,0.136728,0.691154,0.237757,0.121115,Bellevue_150th_SE38th
3360,cross,0.542961,0.138842,0.117868,0.713826,0.134886,0.169094,Bellevue_150th_SE38th
3361,cross,0.530574,0.128642,0.107577,0.637383,0.164108,0.201342,Bellevue_150th_SE38th
3362,cross,0.555388,0.133884,0.129526,0.519807,0.071938,0.183992,Bellevue_150th_SE38th
3363,cross,0.551299,0.141757,0.119473,0.61317,0.103935,0.205649,Bellevue_150th_SE38th
3364,cross,0.52959,0.137921,0.10545,0.554504,0.100755,0.231523,Bellevue_150th_SE38th
3365,cross,0.512143,0.134102,0.098287,0.625209,0.058937,0.267892,Bellevue_150th_SE38th
3366,cross,0.521636,0.110847,0.115856,0.655624,0.220705,0.27341,Bellevue_150th_SE38th
3367,cross,0.508688,0.140349,0.090417,0.674274,0.103917,0.245874,Bellevue_150th_SE38th
3368,cross,0.548449,0.130244,0.124895,0.662432,0.196809,0.175419,Bellevue_150th_SE38th
3369,cross,0.555276,0.128608,0.138206,0.754266,0.200141,0.230851,Bellevue_150th_SE38th
3370,cross,0.530224,0.129713,0.107778,0.620467,0.147204,0.19858,Bellevue_150th_SE38th
3371,cross,0.553194,0.136201,0.134594,0.443287,0.071488,0.198054,Bellevue_150th_SE38th
3372,cross,0.540813,0.132772,0.120566,0.578824,0.211256,0.205946,Bellevue_150th_SE38th
3373,cross,0.512329,0.120397,0.09996,0.45283,0.163555,0.125936,Bellevue_150th_SE38th
3374,cross,0.544407,0.133942,0.112803,0.567136,0.244633,0.131577,Bellevue_150th_SE38th
3375,cross,0.527342,0.124469,0.106511,0.600665,0.129896,0.165063,Bellevue_150th_SE38th
3376,cross,0.556882,0.1498,0.10962,0.634622,0.070407,0.17649,Bellevue_150th_SE38th
3377,cross,0.550109,0.138313,0.109887,0.596334,0.074011,0.161411,Bellevue_150th_SE38th
3378,cross,0.572815,0.138306,0.128895,0.613477,0.076769,0.193084,Bellevue_150th_SE38th
3379,cross,0.536356,0.124087,0.12559,0.562608,0.079251,0.135636,Bellevue_150th_SE38th
3380,cross,0.539691,0.137643,0.111497,0.605024,0.134553,0.123115,Bellevue_150th_SE38th
3381,cross,0.537562,0.130227,0.11358,0.703812,0.138938,0.161931,Bellevue_150th_SE38th
3382,cross,0.542545,0.131876,0.12258,0.559239,0.155079,0.095812,Bellevue_150th_SE38th
3383,cross,0.541645,0.141235,0.112213,0.664656,0.136351,0.097943,Bellevue_150th_SE38th
3384,cross,0.563783,0.136339,0.128385,0.631915,0.087919,0.12967,Bellevue_150th_SE38th
3385,cross,0.561532,0.143515,0.11336,0.914345,0.177538,0.279862,Bellevue_150th_SE38th
3386,cross,0.525175,0.115501,0.119389,0.654482,0.091926,0.207892,Bellevue_150th_SE38th
3387,cross,0.524745,0.119639,0.113015,0.643937,0.17029,0.14898,Bellevue_150th_SE38th
3388,cross,0.536455,0.122731,0.127452,0.631024,0.215003,0.074837,Bellevue_150th_SE38th
3389,cross,0.539353,0.130603,0.116257,0.532073,0.141435,0.073919,Bellevue_150th_SE38th
3390,cross,0.544895,0.137903,0.110888,0.411423,0.099629,0.072494,Bellevue_150th_SE38th
3391,cross,0.535555,0.138282,0.105346,0.45705,0.081095,0.095751,Bellevue_150th_SE38th
3392,cross,0.560162,0.14762,0.107971,0.476272,0.033174,0.169779,Bellevue_150th_SE38th
3393,cross,0.528628,0.123762,0.114786,0.515112,0.07196,0.119782,Bellevue_150th_SE38th
3394,cross,0.568604,0.144067,0.117175,0.617353,0.100608,0.118683,Bellevue_150th_SE38th
3395,cross,0.566092,0.14385,0.117876,0.741649,0.130952,0.073502,Bellevue_150th_SE38th
3396,cross,0.526171,0.112023,0.122792,0.749435,0.145149,0.13222,Bellevue_150th_SE38th
3397,cross,0.517151,0.104521,0.121714,0.612207,0.116421,0.084141,Bellevue_150th_SE38th
3398,cross,0.539568,0.126151,0.124793,0.53716,0.093913,0.080183,Bellevue_150th_SE38th
3399,cross,0.551694,0.120983,0.113974,0.525968,0.062945,0.070058,Bellevue_150th_SE38th
3400,cross,0.547044,0.1305,0.110291,0.677877,0.164679,0.070543,Bellevue_150th_SE38th
3401,cross,0.5627,0.116935,0.135148,0.771484,0.165166,0.077625,Bellevue_150th_SE38th
3402,cross,0.514428,0.106904,0.11896,0.717152,0.258401,0.073207,Bellevue_150th_SE38th
3403,cross,0.543572,0.13102,0.113285,0.691905,0.264769,0.024941,Bellevue_150th_SE38th
3404,cross,0.528257,0.134358,0.102411,0.703308,0.266189,0.07796,Bellevue_150th_SE38th
3405,cross,0.553191,0.087543,0.131741,0.698203,0.303163,0.0316,Bellevue_150th_SE38th
3406,cross,0.553307,0.140842,0.110267,0.722208,0.269098,0.062686,Bellevue_150th_SE38th
3407,cross,0.560745,0.143119,0.113626,0.64803,0.221184,0.08794,Bellevue_150th_SE38th
3408,cross,0.55107,0.128659,0.124103,0.632491,0.263069,0.042623,Bellevue_150th_SE38th
3409,cross,0.548642,0.135097,0.12121,0.607896,0.282938,0.027368,Bellevue_150th_SE38th
3410,cross,0.544214,0.128369,0.125002,0.721603,0.26557,0.077952,Bellevue_150th_SE38th
3411,cross,0.601856,0.112286,0.143062,0.56325,0.1456,0.051764,Bellevue_150th_SE38th
3412,cross,0.545491,0.128292,0.124753,0.4906,0.056089,0.052695,Bellevue_150th_SE38th
3413,cross,0.5501,0.14482,0.104811,0.495104,0.048672,0.100444,Bellevue_150th_SE38th
3414,cross,0.575651,0.141324,0.097455,0.597896,0.168814,0.102667,Bellevue_150th_SE38th
3415,cross,0.55049,0.130442,0.117855,0.557793,0.203268,0.174317,Bellevue_150th_SE38th
3416,cross,0.57806,0.152313,0.115611,0.536808,0.17867,0.166511,Bellevue_150th_SE38th
3417,cross,0.631465,0.048581,0.057486,0.663608,0.26371,0.068711,Bellevue_150th_SE38th
3418,cross,0.55647,0.124088,0.136996,0.68144,0.225348,0.103692,Bellevue_150th_SE38th
3419,cross,0.529584,0.129138,0.107777,0.717467,0.191867,0.11997,Bellevue_150th_SE38th
3420,cross,0.555537,0.131048,0.125007,0.685823,0.108165,0.166724,Bellevue_150th_SE38th
3421,cross,0.545071,0.131409,0.123631,0.467372,0.086199,0.129862,Bellevue_150th_SE38th
3422,cross,0.569835,0.14686,0.116325,0.577837,0.158538,0.12969,Bellevue_150th_SE38th
3423,cross,0.533062,0.126939,0.118161,0.690066,0.24491,0.127876,Bellevue_150th_SE38th
3424,cross,0.522024,0.126545,0.106727,0.555074,0.2375,0.077309,Bellevue_150th_SE38th
3425,cross,0.514731,0.114101,0.111238,0.659002,0.290217,0.102536,Bellevue_150th_SE38th
3426,cross,0.534685,0.12108,0.126165,0.653688,0.14973,0.175856,Bellevue_150th_SE38th
3427,cross,0.524119,0.130816,0.103036,0.613483,0.130493,0.17958,Bellevue_150th_SE38th
3428,cross,0.547002,0.133504,0.117965,0.550684,0.177836,0.097568,Bellevue_150th_SE38th
3429,cross,0.549075,0.138503,0.10736,0.526194,0.207227,0.061884,Bellevue_150th_SE38th
3430,cross,0.594952,0.156024,0.116001,0.603992,0.253137,0.068053,Bellevue_150th_SE38th
3431,cross,0.523188,0.105329,0.122789,0.647328,0.312264,0.118649,Bellevue_150th_SE38th
3432,cross,0.517747,0.12719,0.104965,0.489342,0.179241,0.079988,Bellevue_150th_SE38th
3433,cross,0.554091,0.139687,0.113139,0.541927,0.051022,0.133044,Bellevue_150th_SE38th
3434,cross,0.534745,0.11968,0.12647,0.658599,0.205926,0.14442,Bellevue_150th_SE38th
3435,cross,0.563115,0.119257,0.146373,0.646937,0.215496,0.084729,Bellevue_150th_SE38th
3436,cross,0.528018,0.115092,0.125571,0.708046,0.227519,0.101335,Bellevue_150th_SE38th
3437,cross,0.53649,0.135485,0.111228,0.599308,0.219931,0.053719,Bellevue_150th_SE38th
3438,cross,0.544611,0.140558,0.118034,0.560596,0.203733,0.03975,Bellevue_150th_SE38th
3439,cross,0.561197,0.14449,0.116867,0.687659,0.250585,0.047785,Bellevue_150th_SE38th
3440,cross,0.537472,0.128118,0.116575,0.690142,0.215472,0.062676,Bellevue_150th_SE38th
3441,cross,0.56847,0.147627,0.109697,0.704385,0.244546,0.035662,Bellevue_150th_SE38th
3442,cross,0.587116,0.151569,0.119721,0.623292,0.108236,0.076809,Bellevue_150th_SE38th
3443,cross,0.62487,0.154627,0.11341,0.683535,0.044996,0.165454,Bellevue_150th_SE38th
3444,cross,0.581531,0.093329,0.130784,0.596438,0.053199,0.107553,Bellevue_150th_SE38th
3445,cross,0.570536,0.110358,0.136289,0.624836,0.16,0.089719,Bellevue_150th_SE38th
3446,cross,0.552765,0.133892,0.124662,0.521016,0.085968,0.10215,Bellevue_150th_SE38th
3447,cross,0.569586,0.146941,0.120521,0.53664,0.049524,0.111468,Bellevue_150th_SE38th
3448,cross,0.571108,0.093755,0.132186,0.606733,0.117979,0.164873,Bellevue_150th_SE38th
3449,cross,0.526433,0.094127,0.11988,0.619506,0.137913,0.096109,Bellevue_150th_SE38th
3450,cross,0.58638,0.105814,0.138704,0.693623,0.187345,0.154073,Bellevue_150th_SE38th
3451,cross,0.550207,0.113184,0.135905,0.706034,0.189104,0.135851,Bellevue_150th_SE38th
3452,cross,0.556712,0.123904,0.139134,0.703737,0.193498,0.113695,Bellevue_150th_SE38th
3453,cross,0.548118,0.124515,0.132046,0.682015,0.133995,0.09444,Bellevue_150th_SE38th
3454,cross,0.534873,0.121518,0.12087,0.697851,0.137804,0.128195,Bellevue_150th_SE38th
3455,cross,0.534032,0.119767,0.127676,0.596192,0.07887,0.179991,Bellevue_150th_SE38th
3456,cross,0.586662,0.159081,0.112183,0.685412,0.097302,0.182268,Bellevue_150th_SE38th
3457,cross,0.558295,0.129389,0.118279,0.674262,0.173092,0.149458,Bellevue_150th_SE38th
3458,cross,0.658801,0.153613,0.111058,0.582386,0.222998,0.062205,Bellevue_150th_SE38th
3459,cross,0.647998,0.078393,0.090576,0.619714,0.254545,0.063043,Bellevue_150th_SE38th
3460,cross,0.582917,0.10047,0.135307,0.682341,0.271674,0.094555,Bellevue_150th_SE38th
3461,cross,0.546641,0.131282,0.123113,0.73944,0.258254,0.214441,Bellevue_150th_SE38th
3462,cross,0.54637,0.13005,0.131149,0.789277,0.25626,0.178034,Bellevue_150th_SE38th
3463,cross,0.540422,0.125019,0.12744,0.676351,0.167834,0.125149,Bellevue_150th_SE38th
3464,cross,0.571421,0.147494,0.108679,0.636088,0.209245,0.177451,Bellevue_150th_SE38th
3465,cross,0.55819,0.149648,0.106495,0.641892,0.186449,0.220785,Bellevue_150th_SE38th
3466,cross,0.55322,0.142867,0.107361,0.586349,0.155564,0.133461,Bellevue_150th_SE38th
3467,cross,0.587611,0.152126,0.117898,0.700044,0.18547,0.164202,Bellevue_150th_SE38th
3468,cross,0.51147,0.103244,0.119076,0.638619,0.201516,0.133704,Bellevue_150th_SE38th
3469,cross,0.520353,0.123858,0.107249,0.661913,0.274955,0.107873,Bellevue_150th_SE38th
3470,cross,0.519791,0.127273,0.102416,0.703194,0.38357,0.062438,Bellevue_150th_SE38th
3471,cross,0.522969,0.113141,0.121904,0.719961,0.245943,0.138894,Bellevue_150th_SE38th
3472,cross,0.547037,0.135807,0.112764,0.739298,0.219231,0.109951,Bellevue_150th_SE38th
3473,cross,0.540123,0.117436,0.135623,0.54472,0.137574,0.096455,Bellevue_150th_SE38th
3474,cross,0.589377,0.105205,0.138678,0.696061,0.170217,0.167471,Bellevue_150th_SE38th
3475,cross,0.529287,0.129977,0.108724,0.544921,0.068453,0.163012,Bellevue_150th_SE38th
3476,cross,0.532744,0.122192,0.114357,0.54033,0.104752,0.151899,Bellevue_150th_SE38th
3477,cross,0.524171,0.118063,0.110448,0.591074,0.096842,0.129437,Bellevue_150th_SE38th
3478,cross,0.520162,0.131556,0.100679,0.628316,0.059921,0.136333,Bellevue_150th_SE38th
3479,cross,0.547151,0.13619,0.125611,0.645788,0.068698,0.121456,Bellevue_150th_SE38th
3480,cross,0.546008,0.122474,0.123728,0.739567,0.118502,0.13788,Bellevue_150th_SE38th
3481,cross,0.514373,0.114947,0.113184,0.723472,0.183382,0.123237,Bellevue_150th_SE38th
3482,cross,0.536415,0.128044,0.113174,0.713085,0.182918,0.123665,Bellevue_150th_SE38th
3483,cross,0.519205,0.129309,0.103443,0.6668,0.200003,0.071,Bellevue_150th_SE38th
3484,cross,0.540313,0.120268,0.133037,0.769738,0.146204,0.129972,Bellevue_150th_SE38th
3485,cross,0.50594,0.09788,0.116797,0.610718,0.198585,0.069512,Bellevue_150th_SE38th
3486,cross,0.535985,0.124955,0.129081,0.535843,0.128381,0.044391,Bellevue_150th_SE38th
3487,cross,0.54919,0.139693,0.110612,0.637348,0.103103,0.092428,Bellevue_150th_SE38th
3488,cross,0.578506,0.107655,0.142546,0.471716,0.050874,0.06247,Bellevue_150th_SE38th
3489,cross,0.559027,0.136853,0.127036,0.482916,0.086121,0.069949,Bellevue_150th_SE38th
3490,cross,0.602476,0.152936,0.124469,0.635794,0.121896,0.066512,Bellevue_150th_SE38th
3491,cross,0.554924,0.132147,0.123957,0.615533,0.169342,0.12437,Bellevue_150th_SE38th
3492,cross,0.506393,0.13446,0.096057,0.488978,0.194698,0.043683,Bellevue_150th_SE38th
3493,cross,0.544934,0.147082,0.116491,0.610903,0.244177,0.059101,Bellevue_150th_SE38th
3494,cross,0.543966,0.144125,0.108523,0.606901,0.299968,0.078448,Bellevue_150th_SE38th
3495,cross,0.556107,0.146885,0.108424,0.589278,0.205999,0.104711,Bellevue_150th_SE38th
3496,cross,0.560692,0.142741,0.107264,0.753781,0.240105,0.100249,Bellevue_150th_SE38th
3497,cross,0.523245,0.115092,0.111461,0.682676,0.189866,0.101729,Bellevue_150th_SE38th
3498,cross,0.592194,0.110086,0.130941,0.717406,0.209044,0.151813,Bellevue_150th_SE38th
3499,cross,0.53613,0.120086,0.128872,0.67642,0.181641,0.130796,Bellevue_150th_SE38th
3500,cross,0.560628,0.14391,0.112906,0.70236,0.117137,0.147538,Bellevue_150th_SE38th
3501,cross,0.559249,0.121796,0.130021,0.628926,0.09665,0.123192,Bellevue_150th_SE38th
3502,cross,0.572387,0.11313,0.132465,0.669033,0.113052,0.112046,Bellevue_150th_SE38th
3503,cross,0.641311,0.069027,0.091609,0.676644,0.179541,0.093058,Bellevue_150th_SE38th
3504,cross,0.564891,0.058461,0.098474,0.620276,0.301818,0.037475,Bellevue_150th_SE38th
3505,cross,0.597597,0.015579,0.057938,0.688757,0.28707,0.046591,Bellevue_150th_SE38th
3506,cross,0.528744,0.094611,0.068648,0.645737,0.125982,0.110801,Bellevue_150th_SE38th
3507,cross,0.544082,0.11791,0.133061,0.632993,0.045619,0.211448,Bellevue_150th_SE38th
3508,cross,0.547396,0.11761,0.125855,0.556978,0.023614,0.195665,Bellevue_150th_SE38th
3509,cross,0.541446,0.126703,0.119851,0.556984,0.093648,0.090281,Bellevue_150th_SE38th
3510,cross,0.544482,0.121832,0.127904,0.662176,0.112159,0.145062,Bellevue_150th_SE38th
3511,cross,0.541631,0.114206,0.130544,0.505646,0.154597,0.070838,Bellevue_150th_SE38th
3512,cross,0.520078,0.137141,0.101997,0.61111,0.193085,0.06641,Bellevue_150th_SE38th
3513,cross,0.537859,0.124898,0.125295,0.615506,0.109539,0.047326,Bellevue_150th_SE38th
3514,cross,0.540479,0.132469,0.117051,0.568426,0.171958,0.105211,Bellevue_150th_SE38th
3515,cross,0.538445,0.121304,0.128215,0.532174,0.178284,0.049369,Bellevue_150th_SE38th
3516,cross,0.514078,0.096544,0.105788,0.565359,0.216714,0.038327,Bellevue_150th_SE38th
3517,cross,0.550284,0.124271,0.131681,0.765337,0.439564,0.111172,Bellevue_150th_SE38th
3518,cross,0.539882,0.124121,0.128281,0.836782,0.406233,0.13565,Bellevue_150th_SE38th
3519,cross,0.500224,0.136682,0.092077,0.702089,0.275967,0.071815,Bellevue_150th_SE38th
3520,cross,0.545617,0.152042,0.115519,0.691284,0.179511,0.15658,Bellevue_150th_SE38th
3521,cross,0.529423,0.136864,0.105649,0.494583,0.051926,0.145836,Bellevue_150th_SE38th
3522,cross,0.553732,0.142818,0.110229,0.511721,0.072823,0.136365,Bellevue_150th_SE38th
3523,cross,0.551006,0.138913,0.111188,0.558306,0.108056,0.110796,Bellevue_150th_SE38th
3524,cross,0.555306,0.107959,0.132745,0.73063,0.198982,0.086368,Bellevue_150th_SE38th
3525,cross,0.53682,0.123382,0.126542,0.717026,0.181944,0.148775,Bellevue_150th_SE38th
3526,cross,0.533026,0.1346,0.109372,0.632891,0.219912,0.119968,Bellevue_150th_SE38th
3527,cross,0.571092,0.145571,0.114629,0.523694,0.133656,0.128526,Bellevue_150th_SE38th
3528,cross,0.553192,0.132337,0.118639,0.50992,0.129651,0.097364,Bellevue_150th_SE38th
3529,cross,0.555503,0.116396,0.121317,0.547564,0.047817,0.170454,Bellevue_150th_SE38th
3530,cross,0.544788,0.103338,0.122668,0.632288,0.136485,0.184088,Bellevue_150th_SE38th
3531,cross,0.526303,0.113223,0.118692,0.695237,0.099209,0.306665,Bellevue_150th_SE38th
3532,cross,0.526622,0.109027,0.118473,0.631923,0.134851,0.173805,Bellevue_150th_SE38th
3533,cross,0.532212,0.119906,0.110118,0.595099,0.081898,0.082131,Bellevue_150th_SE38th
3534,cross,0.541562,0.133878,0.110697,0.595703,0.074103,0.135484,Bellevue_150th_SE38th
3535,cross,0.533568,0.128709,0.110177,0.487272,0.160994,0.069399,Bellevue_150th_SE38th
3536,cross,0.53843,0.120145,0.127832,0.501209,0.104432,0.118928,Bellevue_150th_SE38th
3537,cross,0.52812,0.131244,0.109215,0.501762,0.089939,0.080765,Bellevue_150th_SE38th
3538,cross,0.540062,0.128795,0.128398,0.466845,0.147808,0.056493,Bellevue_150th_SE38th
3539,cross,0.551349,0.137711,0.119188,0.344883,0.077825,0.026828,Bellevue_150th_SE38th
3540,cross,0.572587,0.151353,0.110683,0.650623,0.116744,0.066817,Bellevue_150th_SE38th
3541,cross,0.548047,0.13342,0.119163,0.749188,0.136222,0.140002,Bellevue_150th_SE38th
3542,cross,0.523073,0.122618,0.112249,0.834626,0.249063,0.113706,Bellevue_150th_SE38th
3543,cross,0.592566,0.068577,0.070691,0.635878,0.149865,0.06299,Bellevue_150th_SE38th
3544,cross,0.5383,0.134148,0.111316,0.465631,0.086941,0.069758,Bellevue_150th_SE38th
3545,cross,0.556976,0.138815,0.115306,0.410107,0.031257,0.112323,Bellevue_150th_SE38th
3546,cross,0.542883,0.134816,0.111168,0.476665,0.105098,0.091764,Bellevue_150th_SE38th
3547,cross,0.552135,0.138549,0.112397,0.494961,0.109135,0.068212,Bellevue_150th_SE38th
3548,cross,0.543984,0.125974,0.129889,0.679264,0.215093,0.042273,Bellevue_150th_SE38th
3549,cross,0.512246,0.134082,0.099322,0.6886,0.219958,0.02451,Bellevue_150th_SE38th
3550,cross,0.539563,0.107716,0.122103,0.609509,0.214994,0.046717,Bellevue_150th_SE38th
3551,cross,0.543022,0.135296,0.111643,0.535035,0.170268,0.086338,Bellevue_150th_SE38th
3552,cross,0.544838,0.122145,0.129903,0.49946,0.141915,0.074205,Bellevue_150th_SE38th
3553,cross,0.55429,0.135202,0.123031,0.488981,0.169778,0.058315,Bellevue_150th_SE38th
3554,cross,0.5357,0.118077,0.131591,0.461274,0.167821,0.064302,Bellevue_150th_SE38th
3555,cross,0.531709,0.126883,0.114268,0.391554,0.064011,0.04832,Bellevue_150th_SE38th
3556,cross,0.527731,0.126735,0.106276,0.443202,0.099501,0.041648,Bellevue_150th_SE38th
3557,cross,0.525639,0.128306,0.105122,0.623702,0.14225,0.112242,Bellevue_150th_SE38th
3558,cross,0.540016,0.128918,0.126119,0.588639,0.104625,0.056517,Bellevue_150th_SE38th
3559,cross,0.528696,0.117473,0.12477,0.661175,0.232276,0.077994,Bellevue_150th_SE38th
3560,cross,0.589979,0.093716,0.146086,0.672327,0.152749,0.083621,Bellevue_150th_SE38th
3561,cross,0.507393,0.130792,0.094828,0.671782,0.082814,0.109411,Bellevue_150th_SE38th
3562,cross,0.528497,0.12523,0.114584,0.654294,0.055704,0.160077,Bellevue_150th_SE38th
3563,cross,0.52566,0.12819,0.106987,0.65673,0.022332,0.181975,Bellevue_150th_SE38th
3564,cross,0.52606,0.113046,0.123681,0.558394,0.053843,0.170567,Bellevue_150th_SE38th
3565,cross,0.521108,0.134608,0.104774,0.446842,0.075305,0.04597,Bellevue_150th_SE38th
3566,cross,0.562499,0.147439,0.119358,0.520417,0.061614,0.087691,Bellevue_150th_SE38th
3567,cross,0.559914,0.145401,0.112552,0.58556,0.13692,0.061023,Bellevue_150th_SE38th
3568,cross,0.539585,0.120805,0.1325,0.639973,0.226481,0.017447,Bellevue_150th_SE38th
3569,cross,0.527895,0.122324,0.115808,0.547727,0.231762,0.03422,Bellevue_150th_SE38th
3570,cross,0.536944,0.13555,0.113119,0.59606,0.164848,0.070035,Bellevue_150th_SE38th
3571,cross,0.534579,0.134476,0.109931,0.717047,0.1571,0.058898,Bellevue_150th_SE38th
3572,cross,0.530612,0.136585,0.107507,0.596511,0.165811,0.001667,Bellevue_150th_SE38th
3573,cross,0.521237,0.134997,0.10388,0.573127,0.070628,0.021211,Bellevue_150th_SE38th
3574,cross,0.542505,0.132557,0.111448,0.599465,0.070077,0.079749,Bellevue_150th_SE38th
3575,cross,0.547081,0.126321,0.123862,0.583206,0.133761,0.025044,Bellevue_150th_SE38th
3576,cross,0.565962,0.112652,0.133532,0.665001,0.084104,0.067048,Bellevue_150th_SE38th
3577,cross,0.526511,0.121998,0.113829,0.720396,0.197301,0.033996,Bellevue_150th_SE38th
3578,cross,0.526603,0.121224,0.11798,0.657909,0.165994,0.056119,Bellevue_150th_SE38th
3579,cross,0.511761,0.116128,0.10482,0.593139,0.146415,0.030935,Bellevue_150th_SE38th
3580,cross,0.527869,0.133586,0.106415,0.537232,0.081689,0.123953,Bellevue_150th_SE38th
3581,cross,0.556682,0.132211,0.136299,0.599904,0.132205,0.052281,Bellevue_150th_SE38th
3582,cross,0.593171,0.116735,0.128193,0.724135,0.088368,0.09185,Bellevue_150th_SE38th
3583,cross,0.528533,0.11871,0.123286,0.580638,0.16056,0.050002,Bellevue_150th_SE38th
3584,cross,0.53328,0.128384,0.115223,0.635606,0.158372,0.089323,Bellevue_150th_SE38th
3585,cross,0.528386,0.11434,0.128751,0.667426,0.141736,0.135296,Bellevue_150th_SE38th
3586,cross,0.519917,0.121252,0.10443,0.703239,0.199271,0.177983,Bellevue_150th_SE38th
3587,cross,0.477673,0.118604,0.084535,0.654556,0.232657,0.080374,Bellevue_150th_SE38th
3588,cross,0.540286,0.123579,0.13166,0.660049,0.151588,0.11183,Bellevue_150th_SE38th
3589,cross,0.539577,0.135795,0.112371,0.677098,0.15172,0.131842,Bellevue_150th_SE38th
3590,cross,0.547568,0.13334,0.114677,0.567652,0.133146,0.082364,Bellevue_150th_SE38th
3591,cross,0.531685,0.135506,0.107623,0.425255,0.106236,0.055322,Bellevue_150th_SE38th
3592,cross,0.559166,0.143979,0.110758,0.587282,0.114785,0.027239,Bellevue_150th_SE38th
3593,cross,0.603425,0.128154,0.112834,0.43236,0.071334,0.050148,Bellevue_150th_SE38th
3594,cross,0.513205,0.124594,0.108373,0.554758,0.106076,0.029792,Bellevue_150th_SE38th
3595,cross,0.512698,0.129448,0.100625,0.654424,0.105614,0.099361,Bellevue_150th_SE38th
3596,cross,0.557985,0.139906,0.122544,0.552459,0.036534,0.064265,Bellevue_150th_SE38th
3597,cross,0.538633,0.120709,0.129236,0.642596,0.106854,0.044495,Bellevue_150th_SE38th
3598,cross,0.541766,0.128547,0.121523,0.682689,0.118512,0.076714,Bellevue_150th_SE38th
3599,cross,0.506277,0.133324,0.094682,0.62358,0.167763,0.054085,Bellevue_150th_SE38th
3600,cross,0.526159,0.13005,0.107197,0.670015,0.282023,0.039168,Bellevue_150th_SE38th
3601,cross,0.527099,0.129506,0.109715,0.78603,0.318409,0.101535,Bellevue_150th_SE38th
3602,cross,0.509301,0.130482,0.095148,0.675015,0.188849,0.04715,Bellevue_150th_SE38th
3603,cross,0.506557,0.131732,0.094427,0.508366,0.119391,0.0383,Bellevue_150th_SE38th
3604,cross,0.553257,0.140961,0.114853,0.543803,0.045862,0.196196,Bellevue_150th_SE38th
3605,cross,0.543425,0.134934,0.112522,0.599475,0.230518,0.023165,Bellevue_150th_SE38th
3606,cross,0.561167,0.125252,0.136749,0.634431,0.174879,0.05554,Bellevue_150th_SE38th
3607,cross,0.517317,0.100592,0.124025,0.682644,0.232797,0.056151,Bellevue_150th_SE38th
3608,cross,0.514754,0.111728,0.115899,0.634229,0.247529,0.06023,Bellevue_150th_SE38th
3609,cross,0.504507,0.136511,0.093282,0.581904,0.183509,0.031257,Bellevue_150th_SE38th
3610,cross,0.526225,0.133598,0.103092,0.536343,0.141737,0.024168,Bellevue_150th_SE38th
3611,cross,0.537657,0.126229,0.113836,0.426161,0.063338,0.02188,Bellevue_150th_SE38th
3612,cross,0.540932,0.112384,0.122223,0.454318,0.072393,0.05165,Bellevue_150th_SE38th
3613,cross,0.556305,0.13381,0.120347,0.560701,0.142097,0.059549,Bellevue_150th_SE38th
3614,cross,0.558188,0.138496,0.120085,0.734095,0.15112,0.070175,Bellevue_150th_SE38th
3615,cross,0.532229,0.127784,0.111536,0.80822,0.193568,0.083747,Bellevue_150th_SE38th
3616,cross,0.526965,0.119912,0.115218,0.825979,0.1632,0.132288,Bellevue_150th_SE38th
3617,cross,0.551144,0.134138,0.125721,0.619164,0.147993,0.077683,Bellevue_150th_SE38th
3618,cross,0.557807,0.120617,0.128171,0.63418,0.102357,0.085206,Bellevue_150th_SE38th
3619,cross,0.558101,0.124215,0.140351,0.586922,0.072116,0.077537,Bellevue_150th_SE38th
3620,cross,0.54227,0.130317,0.12028,0.604734,0.153098,0.045609,Bellevue_150th_SE38th
3621,cross,0.507418,0.139753,0.092914,0.595457,0.195303,0.056941,Bellevue_150th_SE38th
3622,cross,0.521784,0.125895,0.099793,0.582956,0.247666,0.004167,Bellevue_150th_SE38th
3623,cross,0.526339,0.119702,0.097343,0.612369,0.240947,0.01805,Bellevue_150th_SE38th
3624,cross,0.531579,0.13685,0.105699,0.584329,0.067449,0.172052,Bellevue_150th_SE38th
3625,cross,0.556043,0.140859,0.114652,0.533888,-0.022562,0.150205,Bellevue_150th_SE38th
3626,cross,0.554621,0.104614,0.134188,0.458164,0.081502,0.058755,Bellevue_150th_SE38th
3627,cross,0.547256,0.128166,0.128049,0.425633,0.06295,0.007407,Bellevue_150th_SE38th
3628,cross,0.496462,0.114674,0.09854,0.468576,0.143975,0.029096,Bellevue_150th_SE38th
3629,cross,0.542496,0.117874,0.135801,0.504434,0.171416,0.035149,Bellevue_150th_SE38th
3630,cross,0.519786,0.123791,0.101722,0.520178,0.123351,0.080578,Bellevue_150th_SE38th
3631,cross,0.553323,0.139827,0.119524,0.536726,0.092743,0.118078,Bellevue_150th_SE38th
3632,cross,0.552643,0.139284,0.112687,0.419416,0.035359,0.057111,Bellevue_150th_SE38th
3633,cross,0.537386,0.121946,0.130387,0.45245,0.076369,0.027627,Bellevue_150th_SE38th
3634,cross,0.540633,0.122974,0.128425,0.57714,0.064789,0.021112,Bellevue_150th_SE38th
3635,cross,0.51426,0.134143,0.096804,0.593702,0.052839,0.065965,Bellevue_150th_SE38th
3636,cross,0.508066,0.132876,0.094995,0.480782,0.03693,0.04397,Bellevue_150th_SE38th
3637,cross,0.528615,0.132824,0.108232,0.485999,0.061379,0.077898,Bellevue_150th_SE38th
3638,cross,0.531857,0.134887,0.11081,0.421189,0.089548,0.05117,Bellevue_150th_SE38th
3639,cross,0.547462,0.139697,0.109122,0.363056,0.063708,0.057698,Bellevue_150th_SE38th
3640,cross,0.544856,0.138996,0.107599,0.367701,0.064001,0.029945,Bellevue_150th_SE38th
3641,cross,0.560565,0.143106,0.116624,0.527486,0.067893,0.057341,Bellevue_150th_SE38th
3642,cross,0.558602,0.136164,0.131997,0.721106,0.012926,0.229195,Bellevue_150th_SE38th
3643,cross,0.521348,0.120532,0.105085,0.634219,0.110843,0.131988,Bellevue_150th_SE38th
3644,cross,0.534795,0.130677,0.104086,0.568864,0.072544,0.113521,Bellevue_150th_SE38th
3645,cross,0.546064,0.137366,0.111078,0.551427,0.107003,0.122489,Bellevue_150th_SE38th
3646,cross,0.543305,0.132945,0.112186,0.45572,0.058919,0.064555,Bellevue_150th_SE38th
3647,cross,0.55988,0.140913,0.115683,0.602517,0.134027,0.009271,Bellevue_150th_SE38th
3648,cross,0.534502,0.125978,0.122153,0.608822,0.025089,0.136457,Bellevue_150th_SE38th
3649,cross,0.510617,0.119761,0.109414,0.531154,0.100361,0.083084,Bellevue_150th_SE38th
3650,cross,0.549409,0.136746,0.118925,0.459863,0.051537,0.125602,Bellevue_150th_SE38th
3651,cross,0.546955,0.134992,0.112514,0.647624,0.11052,0.074497,Bellevue_150th_SE38th
3652,cross,0.54509,0.123013,0.136107,0.614797,0.122526,0.118806,Bellevue_150th_SE38th
3653,cross,0.526577,0.125646,0.108621,0.578878,0.145529,0.102212,Bellevue_150th_SE38th
3654,cross,0.540426,0.125933,0.134996,0.556382,0.072847,0.10255,Bellevue_150th_SE38th
3655,cross,0.559316,0.148965,0.107822,0.488916,0.076441,0.031249,Bellevue_150th_SE38th
3656,cross,0.55944,0.144123,0.120938,0.388487,0.086055,0.026068,Bellevue_150th_SE38th
3657,cross,0.554661,0.125359,0.128829,0.405609,0.046982,0.040036,Bellevue_150th_SE38th
3658,cross,0.553647,0.131631,0.131745,0.435114,0.068293,0.044555,Bellevue_150th_SE38th
3659,cross,0.536282,0.120129,0.127409,0.444753,0.024351,0.077173,Bellevue_150th_SE38th
3660,cross,0.54509,0.132585,0.115975,0.483804,0.015175,0.088522,Bellevue_150th_SE38th
3661,cross,0.524996,0.126022,0.106072,0.563197,0.063268,0.06964,Bellevue_150th_SE38th
3662,cross,0.514478,0.119337,0.102056,0.572457,0.085912,0.052198,Bellevue_150th_SE38th
3663,cross,0.552159,0.133412,0.128128,0.586486,0.065436,0.055857,Bellevue_150th_SE38th
3664,cross,0.545179,0.124561,0.130379,0.576608,0.062015,0.058732,Bellevue_150th_SE38th
3665,cross,0.661694,0.03913,0.065056,0.546539,0.117293,0.067051,Bellevue_150th_SE38th
3666,cross,0.532069,0.127683,0.112778,0.558748,0.1284,0.112564,Bellevue_150th_SE38th
3667,cross,0.534027,0.130344,0.113792,0.700021,0.184882,0.100218,Bellevue_150th_SE38th
3668,cross,0.531735,0.136476,0.108128,0.76011,0.286964,0.07058,Bellevue_150th_SE38th
3669,cross,0.53217,0.130279,0.110308,0.712471,0.170037,0.105463,Bellevue_150th_SE38th
3670,cross,0.566996,0.149526,0.112769,0.658887,0.093571,0.115022,Bellevue_150th_SE38th
3671,cross,0.552365,0.136622,0.1165,0.551382,0.126002,0.064234,Bellevue_150th_SE38th
3672,cross,0.545578,0.133551,0.122846,0.598997,0.150132,0.039766,Bellevue_150th_SE38th
3673,cross,0.541712,0.127452,0.120061,0.638889,0.206325,0.055405,Bellevue_150th_SE38th
3674,cross,0.534559,0.129741,0.11327,0.710563,0.166373,0.096183,Bellevue_150th_SE38th
3675,cross,0.510244,0.139734,0.094465,0.644522,0.13421,0.048153,Bellevue_150th_SE38th
3676,cross,0.532658,0.126985,0.116237,0.536367,0.129023,0.067584,Bellevue_150th_SE38th
3677,cross,0.543295,0.13577,0.118296,0.556764,0.106343,0.056842,Bellevue_150th_SE38th
3678,cross,0.544138,0.125109,0.12614,0.643962,0.158203,0.085374,Bellevue_150th_SE38th
3679,cross,0.53459,0.125819,0.118013,0.6273,0.252884,0.046193,Bellevue_150th_SE38th
3680,cross,0.524453,0.12995,0.107011,0.719437,0.29829,0.064852,Bellevue_150th_SE38th
3681,cross,0.497659,0.118072,0.092169,0.675959,0.279893,0.026346,Bellevue_150th_SE38th
3682,cross,0.507581,0.10216,0.103773,0.610858,0.25708,0.047721,Bellevue_150th_SE38th
3683,cross,0.54824,0.135758,0.124099,0.439399,0.108623,0.096917,Bellevue_150th_SE38th
3684,cross,0.539274,0.138298,0.113365,0.390305,0.095427,0.042305,Bellevue_150th_SE38th
3685,cross,0.559159,0.145242,0.113256,0.425148,0.09799,0.065923,Bellevue_150th_SE38th
3686,cross,0.571846,0.151073,0.111391,0.494241,0.077026,0.022681,Bellevue_150th_SE38th
3687,cross,0.579103,0.144882,0.120797,0.596444,0.062889,0.050285,Bellevue_150th_SE38th
3688,cross,0.52904,0.128235,0.10807,0.672183,0.093101,0.053669,Bellevue_150th_SE38th
3689,cross,0.511975,0.131303,0.098055,0.56123,0.123317,0.04772,Bellevue_150th_SE38th
3690,cross,0.547634,0.13733,0.115569,0.613409,0.054197,0.044503,Bellevue_150th_SE38th
3691,cross,0.530965,0.130438,0.106547,0.575234,0.055664,0.042748,Bellevue_150th_SE38th
3692,cross,0.543823,0.131041,0.118093,0.575234,0.139313,0.048036,Bellevue_150th_SE38th
3693,cross,0.52889,0.12734,0.109263,0.663472,0.267692,0.043567,Bellevue_150th_SE38th
3694,cross,0.539139,0.12656,0.122314,0.750791,0.373063,0.023407,Bellevue_150th_SE38th
3695,cross,0.507905,0.133824,0.096126,0.679558,0.298013,0.032501,Bellevue_150th_SE38th
3696,cross,0.521927,0.122929,0.097268,0.556755,0.161553,0.031578,Bellevue_150th_SE38th
3697,cross,0.53287,0.132714,0.109025,0.472476,0.086081,0.09651,Bellevue_150th_SE38th
3698,cross,0.549214,0.14537,0.112114,0.517417,0.013572,0.228369,Bellevue_150th_SE38th
3699,cross,0.537363,0.134293,0.10893,0.438631,0.088907,0.02505,Bellevue_150th_SE38th
3700,cross,0.563085,0.143517,0.113019,0.535237,0.095973,0.046458,Bellevue_150th_SE38th
3701,cross,0.548487,0.135833,0.130995,0.523343,0.060017,0.035569,Bellevue_150th_SE38th
3702,cross,0.525423,0.138292,0.104284,0.545412,0.148936,0.021362,Bellevue_150th_SE38th
3703,cross,0.546255,0.133547,0.127866,0.573589,0.111172,0.11043,Bellevue_150th_SE38th
3704,cross,0.545789,0.139351,0.11255,0.505962,0.090487,0.124856,Bellevue_150th_SE38th
3705,cross,0.543765,0.133141,0.118184,0.42017,0.055295,0.050615,Bellevue_150th_SE38th
3706,cross,0.547434,0.134483,0.119214,0.308246,0.054973,0.06504,Bellevue_150th_SE38th
3707,cross,0.562368,0.143901,0.115885,0.458455,0.124205,0.040973,Bellevue_150th_SE38th
3708,cross,0.534829,0.123424,0.120399,0.421044,0.125948,0.050642,Bellevue_150th_SE38th
3709,cross,0.537425,0.124855,0.124344,0.532295,0.151894,0.062834,Bellevue_150th_SE38th
3710,cross,0.539953,0.132901,0.115163,0.457309,0.037567,0.129336,Bellevue_150th_SE38th
3711,cross,0.535135,0.135342,0.10375,0.507797,0.033397,0.198457,Bellevue_150th_SE38th
3712,cross,0.55776,0.140599,0.122325,0.412262,0.060699,0.081862,Bellevue_150th_SE38th
3713,cross,0.53189,0.128332,0.104721,0.327501,0.051084,0.037906,Bellevue_150th_SE38th
3714,cross,0.528867,0.127533,0.114277,0.505379,0.067814,0.045357,Bellevue_150th_SE38th
3715,cross,0.545143,0.121877,0.134553,0.48096,0.065348,0.034579,Bellevue_150th_SE38th
3716,cross,0.500749,0.121048,0.093292,0.637844,0.200076,0.05169,Bellevue_150th_SE38th
3717,cross,0.516062,0.119038,0.100481,0.576115,0.148154,0.058288,Bellevue_150th_SE38th
3718,cross,0.525583,0.134192,0.107655,0.403931,0.096966,0.039335,Bellevue_150th_SE38th
3719,cross,0.5525,0.138618,0.117449,0.44393,0.053279,0.099275,Bellevue_150th_SE38th
3720,cross,0.544744,0.13388,0.11212,0.610241,0.111,0.116068,Bellevue_150th_SE38th
3721,cross,0.544926,0.129364,0.124787,0.572645,0.068468,0.109748,Bellevue_150th_SE38th
3722,cross,0.535586,0.131703,0.11492,0.590103,0.099015,0.17012,Bellevue_150th_SE38th
3723,cross,0.536911,0.135305,0.117642,0.446521,0.071588,0.142695,Bellevue_150th_SE38th
3724,cross,0.551334,0.140179,0.120366,0.407248,0.046205,0.165327,Bellevue_150th_SE38th
3725,cross,0.545026,0.14388,0.115534,0.392733,-0.000271,0.222598,Bellevue_150th_SE38th
3726,cross,0.512121,0.116597,0.100027,0.456239,0.053695,0.211509,Bellevue_150th_SE38th
3727,cross,0.50991,0.109461,0.104573,0.452579,0.04864,0.1055,Bellevue_150th_SE38th
3728,cross,0.557802,0.139287,0.123901,0.494331,0.113211,0.091438,Bellevue_150th_SE38th
3729,cross,0.526883,0.132587,0.108615,0.530585,0.159402,0.078052,Bellevue_150th_SE38th
3730,cross,0.536957,0.136654,0.107732,0.475683,0.082937,0.137014,Bellevue_150th_SE38th
3731,cross,0.552727,0.137178,0.123418,0.71257,0.15537,0.12399,Bellevue_150th_SE38th
3732,cross,0.540313,0.119545,0.133483,0.668148,0.119206,0.130913,Bellevue_150th_SE38th
3733,cross,0.513499,0.137932,0.096556,0.488895,0.103785,0.135991,Bellevue_150th_SE38th
3734,cross,0.533271,0.137933,0.110966,0.633939,0.163374,0.092735,Bellevue_150th_SE38th
3735,cross,0.529396,0.134568,0.110148,0.564787,0.191842,0.090524,Bellevue_150th_SE38th
3736,cross,0.525208,0.120504,0.111943,0.626315,0.116075,0.090674,Bellevue_150th_SE38th
3737,cross,0.550823,0.140381,0.129685,0.568547,0.186407,0.086975,Bellevue_150th_SE38th
3738,cross,0.586811,0.158902,0.117454,0.609647,0.198812,0.122878,Bellevue_150th_SE38th
3739,cross,0.537436,0.130413,0.117197,0.475189,0.144405,0.025188,Bellevue_150th_SE38th
3740,cross,0.579427,0.122872,0.146159,0.630168,0.162879,0.067752,Bellevue_150th_SE38th
3741,cross,0.546527,0.133011,0.120691,0.660128,0.256071,0.065985,Bellevue_150th_SE38th
3742,cross,0.5262,0.121799,0.108164,0.610636,0.163737,0.160922,Bellevue_150th_SE38th
3743,cross,0.520854,0.127989,0.105669,0.470745,0.07897,0.113505,Bellevue_150th_SE38th
3744,cross,0.555966,0.142659,0.116549,0.365681,0.049368,0.135282,Bellevue_150th_SE38th
3745,cross,0.553771,0.130937,0.133462,0.384001,0.061134,0.127976,Bellevue_150th_SE38th
3746,cross,0.573988,0.149276,0.118541,0.449426,0.074036,0.06086,Bellevue_150th_SE38th
3747,cross,0.576921,0.125426,0.145985,0.532948,0.10585,0.045619,Bellevue_150th_SE38th
3748,cross,0.555442,0.115223,0.142901,0.796577,0.373833,0.052546,Bellevue_150th_SE38th
3749,cross,0.512281,0.127849,0.095834,0.738297,0.376893,0.040053,Bellevue_150th_SE38th
3750,cross,0.518387,0.131229,0.103643,0.560986,0.235994,0.021157,Bellevue_150th_SE38th
3751,cross,0.526574,0.12999,0.110109,0.53899,0.160697,0.038907,Bellevue_150th_SE38th
3752,cross,0.548822,0.138527,0.118064,0.362958,0.074422,0.062966,Bellevue_150th_SE38th
3753,cross,0.542114,0.136048,0.114794,0.357234,0.096364,0.031768,Bellevue_150th_SE38th
3754,cross,0.576323,0.151455,0.109107,0.409972,0.080317,0.057494,Bellevue_150th_SE38th
3755,cross,0.553612,0.132952,0.128641,0.478056,0.111044,0.048895,Bellevue_150th_SE38th
3756,cross,0.531194,0.128784,0.110631,0.457077,0.111995,0.090707,Bellevue_150th_SE38th
3757,cross,0.502931,0.135903,0.09252,0.404212,0.109953,0.04712,Bellevue_150th_SE38th
3758,cross,0.556052,0.147063,0.118846,0.358852,0.035979,0.105503,Bellevue_150th_SE38th
3759,cross,0.536679,0.134396,0.110236,0.345401,0.125249,0.042365,Bellevue_150th_SE38th
3760,cross,0.543183,0.132738,0.119974,0.421732,0.09107,0.046927,Bellevue_150th_SE38th
3761,cross,0.541821,0.123141,0.132581,0.499651,0.156387,0.034746,Bellevue_150th_SE38th
3762,cross,0.527865,0.131343,0.107729,0.563898,0.257625,0.029462,Bellevue_150th_SE38th
3763,cross,0.514764,0.123942,0.104057,0.653794,0.20778,0.084151,Bellevue_150th_SE38th
3764,cross,0.540837,0.129629,0.117543,0.749102,0.203868,0.138947,Bellevue_150th_SE38th
3765,cross,0.562143,0.137485,0.126901,0.609746,0.149388,0.082761,Bellevue_150th_SE38th
3766,cross,0.526077,0.12051,0.114659,0.706766,0.16457,0.068043,Bellevue_150th_SE38th
3767,cross,0.531189,0.129642,0.107701,0.678729,0.1449,0.049626,Bellevue_150th_SE38th
3768,cross,0.517178,0.129258,0.10086,0.725201,0.172152,0.047945,Bellevue_150th_SE38th
3769,cross,0.510367,0.125725,0.09782,0.615385,0.133409,0.053791,Bellevue_150th_SE38th
3770,cross,0.556641,0.146962,0.116424,0.561917,0.182112,0.065433,Bellevue_150th_SE38th
3771,cross,0.560638,0.137594,0.129658,0.443078,0.137314,0.076286,Bellevue_150th_SE38th
3772,cross,0.554707,0.137972,0.123412,0.560163,0.172933,0.015773,Bellevue_150th_SE38th
3773,cross,0.495061,0.098349,0.103123,0.586923,0.17676,0.187939,Bellevue_150th_SE38th
3774,cross,0.527335,0.129011,0.11082,0.721049,0.234012,0.224282,Bellevue_150th_SE38th
3775,cross,0.5149,0.130996,0.100539,0.698675,0.210925,0.14072,Bellevue_150th_SE38th
3776,cross,0.516,0.131348,0.101323,0.67318,0.153305,0.145174,Bellevue_150th_SE38th
3777,cross,0.527666,0.131598,0.110009,0.527702,0.108061,0.053759,Bellevue_150th_SE38th
3778,cross,0.567061,0.143797,0.116876,0.358004,0.042247,0.028609,Bellevue_150th_SE38th
3779,cross,0.541149,0.126407,0.13019,0.384606,0.043718,0.047507,Bellevue_150th_SE38th
3780,cross,0.563376,0.140577,0.124642,0.414515,0.094645,0.104963,Bellevue_150th_SE38th
3781,cross,0.565364,0.136936,0.12793,0.521455,0.107983,0.183721,Bellevue_150th_SE38th
3782,cross,0.518916,0.130301,0.104402,0.449094,0.092103,0.091167,Bellevue_150th_SE38th
3783,cross,0.528926,0.128406,0.112215,0.396857,0.09607,0.04283,Bellevue_150th_SE38th
3784,cross,0.529424,0.128588,0.107861,0.434524,0.084656,0.061351,Bellevue_150th_SE38th
3785,cross,0.522895,0.126607,0.107732,0.428989,0.083135,0.136647,Bellevue_150th_SE38th
3786,cross,0.563894,0.15085,0.117155,0.276334,0.018149,0.121837,Bellevue_150th_SE38th
3787,cross,0.548456,0.127905,0.125476,0.366308,0.045672,0.092657,Bellevue_150th_SE38th
3788,cross,0.536284,0.137696,0.110426,0.458858,0.078917,0.053906,Bellevue_150th_SE38th
3789,cross,0.553532,0.135894,0.124231,0.588476,0.181065,0.082007,Bellevue_150th_SE38th
3790,cross,0.529964,0.129044,0.111879,0.44411,0.074899,0.131643,Bellevue_150th_SE38th
3791,cross,0.552664,0.140424,0.12517,0.385556,0.045062,0.083802,Bellevue_150th_SE38th
3792,cross,0.550031,0.137754,0.130031,0.305991,0.054003,0.041008,Bellevue_150th_SE38th
3793,cross,0.593846,0.155754,0.122197,0.395244,0.127503,0.081248,Bellevue_150th_SE38th
3794,cross,0.547047,0.132257,0.116159,0.383022,0.153517,0.040183,Bellevue_150th_SE38th
3795,cross,0.528706,0.116569,0.121832,0.412762,0.170099,0.023789,Bellevue_150th_SE38th
3796,cross,0.528455,0.113636,0.122116,0.453066,0.226611,0.057672,Bellevue_150th_SE38th
3797,cross,0.521303,0.133967,0.103239,0.450245,0.164944,0.032668,Bellevue_150th_SE38th
3798,cross,0.552601,0.143109,0.126026,0.419451,-0.007536,0.07473,Bellevue_150th_SE38th
3799,cross,0.541092,0.140299,0.110941,0.364068,0.067242,0.048457,Bellevue_150th_SE38th
3800,cross,0.562633,0.134265,0.13127,0.371602,0.103057,0.019628,Bellevue_150th_SE38th
3801,cross,0.534218,0.122283,0.115699,0.403162,0.124314,0.064779,Bellevue_150th_SE38th
3802,cross,0.556028,0.12553,0.138448,0.547952,0.186247,0.135263,Bellevue_150th_SE38th
3803,cross,0.523573,0.132238,0.106785,0.568414,0.181459,0.081141,Bellevue_150th_SE38th
3804,cross,0.526698,0.125243,0.108668,0.703718,0.24912,0.084884,Bellevue_150th_SE38th
3805,cross,0.512951,0.117912,0.102475,0.64882,0.217114,0.08565,Bellevue_150th_SE38th
3806,cross,0.528669,0.131833,0.109596,0.515652,0.103066,0.12018,Bellevue_150th_SE38th
3807,cross,0.529452,0.135398,0.107715,0.385697,-0.013536,0.11328,Bellevue_150th_SE38th
3808,cross,0.568927,0.147863,0.115175,0.374034,0.018648,0.125699,Bellevue_150th_SE38th
3809,cross,0.548525,0.142851,0.111195,0.430121,0.099949,0.099866,Bellevue_150th_SE38th
3810,cross,0.553595,0.137685,0.125484,0.518155,0.155037,0.022155,Bellevue_150th_SE38th
3811,cross,0.527309,0.125516,0.11298,0.645227,0.160613,0.083366,Bellevue_150th_SE38th
3812,cross,0.532079,0.126127,0.110765,0.567973,0.126419,0.100696,Bellevue_150th_SE38th
3813,cross,0.550809,0.138651,0.119223,0.484677,0.000606,0.167042,Bellevue_150th_SE38th
3814,cross,0.533136,0.13602,0.106435,0.393017,-0.063033,0.227246,Bellevue_150th_SE38th
3815,cross,0.543827,0.130583,0.122601,0.320465,-0.063232,0.188262,Bellevue_150th_SE38th
3816,cross,0.526668,0.130275,0.106358,0.325223,0.0687,0.077058,Bellevue_150th_SE38th
3817,cross,0.592454,0.152539,0.125351,0.559102,0.265138,0.031994,Bellevue_150th_SE38th
3818,cross,0.539181,0.132639,0.118703,0.493392,0.231339,0.019971,Bellevue_150th_SE38th
3819,cross,0.531851,0.130769,0.109086,0.554524,0.184638,0.063756,Bellevue_150th_SE38th
3820,cross,0.537197,0.131149,0.116277,0.663714,0.219201,0.033249,Bellevue_150th_SE38th
3821,cross,0.531926,0.133041,0.111303,0.517,0.099171,0.031265,Bellevue_150th_SE38th
3822,cross,0.559189,0.141215,0.121825,0.423281,0.077396,0.038016,Bellevue_150th_SE38th
3823,cross,0.5611,0.137911,0.12605,0.454947,0.119959,0.036946,Bellevue_150th_SE38th
3824,cross,0.530143,0.129544,0.112406,0.493082,0.14504,0.095589,Bellevue_150th_SE38th
3825,cross,0.522555,0.137252,0.102196,0.58828,0.320635,0.087143,Bellevue_150th_SE38th
3826,cross,0.511253,0.133031,0.091629,0.610776,0.321243,0.053255,Bellevue_150th_SE38th
3827,cross,0.504119,0.113845,0.100012,0.456999,0.215645,0.037155,Bellevue_150th_SE38th
3828,cross,0.521429,0.132171,0.104704,0.342897,0.071274,0.075381,Bellevue_150th_SE38th
3829,cross,0.530417,0.13369,0.111406,0.297065,0.095775,0.02523,Bellevue_150th_SE38th
3830,cross,0.540098,0.142279,0.110576,0.333778,0.102547,0.086908,Bellevue_150th_SE38th
3831,cross,0.539009,0.129803,0.122119,0.35841,0.113568,0.013282,Bellevue_150th_SE38th
3832,cross,0.538197,0.131893,0.10655,0.334291,0.160761,0.015545,Bellevue_150th_SE38th
3833,cross,0.562208,0.139371,0.124312,0.523213,0.186167,0.147905,Bellevue_150th_SE38th
3834,cross,0.533598,0.125515,0.119883,0.624412,0.244199,0.18817,Bellevue_150th_SE38th
3835,cross,0.523152,0.125388,0.10715,0.725962,0.262752,0.223925,Bellevue_150th_SE38th
3836,cross,0.520285,0.112566,0.110652,0.61079,0.234101,0.171641,Bellevue_150th_SE38th
3837,cross,0.546851,0.130999,0.124355,0.447894,0.066178,0.205076,Bellevue_150th_SE38th
3838,cross,0.565629,0.154683,0.114544,0.360782,0.019199,0.113,Bellevue_150th_SE38th
3839,cross,0.555843,0.137212,0.119028,0.277125,0.059743,0.10002,Bellevue_150th_SE38th
3840,cross,0.563369,0.143416,0.116262,0.347107,0.103958,0.068993,Bellevue_150th_SE38th
3841,cross,0.560474,0.13744,0.132361,0.553652,0.209492,0.081911,Bellevue_150th_SE38th
3842,cross,0.533708,0.130663,0.11291,0.540018,0.054405,0.15511,Bellevue_150th_SE38th
3843,cross,0.523805,0.128435,0.106128,0.577057,0.154691,0.160207,Bellevue_150th_SE38th
3844,cross,0.519108,0.126165,0.104255,0.580719,0.133987,0.147025,Bellevue_150th_SE38th
3845,cross,0.523886,0.119516,0.109079,0.543997,0.129966,0.120559,Bellevue_150th_SE38th
3846,cross,0.565332,0.149921,0.113921,0.549433,0.121671,0.14715,Bellevue_150th_SE38th
3847,cross,0.558926,0.141674,0.113798,0.636364,0.045455,0.227273,Bellevue_150th_SE38th
3848,cross,0.637567,0.04677,0.054279,0.636364,0.045455,0.227273,Bellevue_150th_SE38th
3849,cross,0.672459,0.037228,0.054763,0.636364,0.045455,0.227273,Bellevue_150th_SE38th
3850,cross,0.672341,0.039114,0.054587,0.669633,0.126985,0.152359,Bellevue_150th_SE38th
3851,cross,0.558355,0.066609,0.099897,0.721823,0.325198,0.020453,Bellevue_150th_SE38th
3852,cross,0.517512,0.128424,0.101345,0.554788,0.151902,0.074142,Bellevue_150th_SE38th
3853,cross,0.560108,0.143072,0.114882,0.499515,0.049875,0.104086,Bellevue_150th_SE38th
3854,cross,0.552646,0.138732,0.124039,0.480666,0.07549,0.06959,Bellevue_150th_SE38th
3855,cross,0.553819,0.140382,0.117465,0.475591,0.082578,0.044947,Bellevue_150th_SE38th
3856,cross,0.528521,0.125083,0.108967,0.552741,0.11221,0.072099,Bellevue_150th_SE38th
3857,cross,0.511407,0.12239,0.099841,0.489397,0.141951,0.046106,Bellevue_150th_SE38th
3858,cross,0.528174,0.131048,0.108361,0.518681,0.120711,0.065708,Bellevue_150th_SE38th
3859,cross,0.529747,0.13005,0.112201,0.599668,0.182781,0.105637,Bellevue_150th_SE38th
3860,cross,0.522681,0.11248,0.114237,0.567254,0.092845,0.083268,Bellevue_150th_SE38th
3861,cross,0.531912,0.133404,0.105334,0.529355,0.119841,0.041212,Bellevue_150th_SE38th
3862,cross,0.541242,0.131066,0.122276,0.441412,0.010074,0.04712,Bellevue_150th_SE38th
3863,cross,0.526441,0.119247,0.117722,0.439866,0.077984,0.076048,Bellevue_150th_SE38th
3864,cross,0.551384,0.132839,0.127101,0.555306,0.207215,0.040911,Bellevue_150th_SE38th
3865,cross,0.526058,0.131241,0.107349,0.512431,0.189025,0.03272,Bellevue_150th_SE38th
3866,cross,0.528317,0.1259,0.112688,0.628554,0.203778,0.077842,Bellevue_150th_SE38th
3867,cross,0.520152,0.130216,0.104342,0.516095,0.16304,0.058557,Bellevue_150th_SE38th
3868,cross,0.533184,0.132305,0.11334,0.576243,0.099944,0.116361,Bellevue_150th_SE38th
3869,cross,0.524087,0.129295,0.108329,0.479281,0.11966,0.08719,Bellevue_150th_SE38th
3870,cross,0.562321,0.143276,0.120091,0.482169,0.106544,0.084082,Bellevue_150th_SE38th
3871,cross,0.550483,0.129232,0.126066,0.529272,0.137269,0.104692,Bellevue_150th_SE38th
3872,cross,0.571373,0.15269,0.116657,0.516029,0.109262,0.093473,Bellevue_150th_SE38th
3873,cross,0.604171,0.166404,0.114711,0.462143,0.077413,0.163159,Bellevue_150th_SE38th
3874,cross,0.606086,0.165191,0.128356,0.475389,0.123025,0.028661,Bellevue_150th_SE38th
3875,cross,0.526017,0.123903,0.114426,0.477854,0.040853,0.125771,Bellevue_150th_SE38th
3876,cross,0.527301,0.127425,0.110019,0.453222,0.025925,0.137179,Bellevue_150th_SE38th
3877,cross,0.548553,0.142612,0.114368,0.47532,0.168077,0.12177,Bellevue_150th_SE38th
3878,cross,0.544642,0.136071,0.116116,0.450481,0.177689,0.158291,Bellevue_150th_SE38th
3879,cross,0.514553,0.125235,0.102064,0.335572,0.103525,0.125468,Bellevue_150th_SE38th
3880,cross,0.585353,0.150127,0.127209,0.410316,0.186766,0.042043,Bellevue_150th_SE38th
3881,cross,0.579575,0.130023,0.149149,0.766873,0.297886,0.184943,Bellevue_150th_SE38th
3882,cross,0.465164,0.097364,0.08666,0.71044,0.262158,0.211958,Bellevue_150th_SE38th
3883,cross,0.531942,0.13102,0.108916,0.535021,0.216761,0.106249,Bellevue_150th_SE38th
3884,cross,0.531471,0.134265,0.104735,0.453695,0.111706,0.100572,Bellevue_150th_SE38th
3885,cross,0.555383,0.136715,0.124198,0.422819,0.084987,0.112495,Bellevue_150th_SE38th
3886,cross,0.556698,0.137742,0.117579,0.368898,0.042555,0.063361,Bellevue_150th_SE38th
3887,cross,0.558244,0.14116,0.127902,0.544749,0.079499,0.053861,Bellevue_150th_SE38th
3888,cross,0.536634,0.114074,0.131007,0.507774,0.067275,0.039316,Bellevue_150th_SE38th
3889,cross,0.532423,0.130297,0.109977,0.512618,0.0893,0.012728,Bellevue_150th_SE38th
3890,cross,0.520452,0.121033,0.108116,0.433702,0.101998,0.017552,Bellevue_150th_SE38th
3891,cross,0.528962,0.132137,0.108031,0.315817,0.070407,0.027232,Bellevue_150th_SE38th
3892,cross,0.538047,0.137663,0.111931,0.277948,0.049782,0.064088,Bellevue_150th_SE38th
3893,cross,0.536444,0.131488,0.113983,0.448523,0.131028,0.081118,Bellevue_150th_SE38th
3894,cross,0.56399,0.133963,0.14126,0.440258,0.146431,0.022691,Bellevue_150th_SE38th
3895,cross,0.509294,0.123794,0.099041,0.463838,0.174175,0.027037,Bellevue_150th_SE38th
3896,cross,0.518748,0.133503,0.101097,0.542268,0.19647,0.042348,Bellevue_150th_SE38th
3897,cross,0.521947,0.129229,0.104116,0.601389,0.245056,0.069641,Bellevue_150th_SE38th
3898,cross,0.529494,0.133486,0.108401,0.441365,0.080737,0.127856,Bellevue_150th_SE38th
3899,cross,0.557205,0.141763,0.123585,0.347017,-0.014207,0.182818,Bellevue_150th_SE38th
3900,cross,0.556657,0.140547,0.124254,0.361872,0.072035,0.033954,Bellevue_150th_SE38th
3901,cross,0.558789,0.138474,0.128475,0.555389,0.100317,0.095677,Bellevue_150th_SE38th
3902,cross,0.542501,0.125742,0.124229,0.583504,0.092876,0.045215,Bellevue_150th_SE38th
3903,cross,0.532025,0.129074,0.115027,0.709273,0.115157,0.066144,Bellevue_150th_SE38th
3904,cross,0.52299,0.122065,0.108333,0.706344,0.09987,0.04618,Bellevue_150th_SE38th
3905,cross,0.533427,0.126096,0.115551,0.65351,0.100149,0.116403,Bellevue_150th_SE38th
3906,cross,0.528397,0.13103,0.106133,0.636677,0.135236,0.083969,Bellevue_150th_SE38th
3907,cross,0.523159,0.128447,0.105665,0.433103,0.088861,0.105668,Bellevue_150th_SE38th
3908,cross,0.559069,0.142305,0.129424,0.405031,0.080762,0.080598,Bellevue_150th_SE38th
3909,cross,0.529917,0.12817,0.113088,0.401184,0.09403,0.075234,Bellevue_150th_SE38th
3910,cross,0.562856,0.14833,0.11215,0.447769,0.150659,0.034537,Bellevue_150th_SE38th
3911,cross,0.564708,0.123196,0.144484,0.687738,0.272751,0.045926,Bellevue_150th_SE38th
3912,cross,0.511583,0.12479,0.101543,0.724378,0.264405,0.024603,Bellevue_150th_SE38th
3913,cross,0.517602,0.132542,0.100164,0.606003,0.195648,0.047926,Bellevue_150th_SE38th
3914,cross,0.516221,0.122697,0.103391,0.404051,0.167861,0.069155,Bellevue_150th_SE38th
3915,cross,0.545313,0.139904,0.108174,0.233576,0.037285,0.061846,Bellevue_150th_SE38th
3916,cross,0.549746,0.140191,0.124837,0.196158,0.078951,0.029305,Bellevue_150th_SE38th
3917,cross,0.557126,0.131071,0.133431,0.349242,0.103251,0.013637,Bellevue_150th_SE38th
3918,cross,0.536784,0.130642,0.116383,0.411381,0.078441,0.015119,Bellevue_150th_SE38th
3919,cross,0.531487,0.129881,0.112715,0.5061,0.120772,0.063757,Bellevue_150th_SE38th
3920,cross,0.510103,0.126764,0.099519,0.486344,0.093496,0.027357,Bellevue_150th_SE38th
3921,cross,0.523237,0.127441,0.107741,0.440922,0.064251,0.009891,Bellevue_150th_SE38th
3922,cross,0.53253,0.128538,0.110632,0.424089,0.079605,0.064507,Bellevue_150th_SE38th
3923,cross,0.540786,0.141181,0.1098,0.382631,0.12409,0.09453,Bellevue_150th_SE38th
3924,cross,0.549773,0.139823,0.119979,0.24399,0.056268,0.045497,Bellevue_150th_SE38th
3925,cross,0.556405,0.136123,0.125803,0.301552,0.073468,0.065834,Bellevue_150th_SE38th
3926,cross,0.558642,0.12292,0.149291,0.366917,0.138212,0.018639,Bellevue_150th_SE38th
3927,cross,0.525353,0.128502,0.109251,0.418813,0.170945,0.023724,Bellevue_150th_SE38th
3928,cross,0.532115,0.129179,0.108915,0.499867,0.228507,0.056077,Bellevue_150th_SE38th
3929,cross,0.522385,0.125367,0.107458,0.422982,0.109635,0.071416,Bellevue_150th_SE38th
3930,cross,0.532981,0.133842,0.111112,0.427353,0.070861,0.075724,Bellevue_150th_SE38th
3931,cross,0.547364,0.131867,0.122664,0.421168,0.100709,0.115102,Bellevue_150th_SE38th
3932,cross,0.5352,0.13103,0.112617,0.346474,0.13889,0.0503,Bellevue_150th_SE38th
3933,cross,0.559754,0.139705,0.124717,0.37438,0.184025,0.005937,Bellevue_150th_SE38th
3934,cross,0.511248,0.110946,0.099153,0.308647,0.132099,0.012025,Bellevue_150th_SE38th
3935,cross,0.516081,0.127236,0.099907,0.403638,0.195275,0.038295,Bellevue_150th_SE38th
3936,cross,0.518838,0.113164,0.116685,0.425407,0.163635,0.119818,Bellevue_150th_SE38th
3937,cross,0.514943,0.115005,0.110534,0.409782,0.079292,0.11369,Bellevue_150th_SE38th
3938,cross,0.530197,0.129738,0.11075,0.257269,0.011096,0.154214,Bellevue_150th_SE38th
3939,cross,0.552229,0.139716,0.122469,0.212345,0.045737,0.028928,Bellevue_150th_SE38th
3940,cross,0.545949,0.132531,0.122417,0.317647,0.049859,0.03301,Bellevue_150th_SE38th
3941,cross,0.530156,0.128959,0.110359,0.497606,0.068968,0.239775,Bellevue_150th_SE38th
3942,cross,0.511652,0.135978,0.094944,0.498461,0.117472,0.176382,Bellevue_150th_SE38th
3943,cross,0.514425,0.128387,0.101193,0.540784,0.103668,0.15338,Bellevue_150th_SE38th
3944,cross,0.530849,0.125587,0.108793,0.537603,0.092678,0.137699,Bellevue_150th_SE38th
3945,cross,0.529446,0.130786,0.109197,0.435489,0.10144,0.151568,Bellevue_150th_SE38th
3946,cross,0.544842,0.140066,0.118225,0.353784,0.048724,0.109162,Bellevue_150th_SE38th
3947,cross,0.563693,0.147907,0.120645,0.443411,0.149983,0.097678,Bellevue_150th_SE38th
3948,cross,0.575209,0.141528,0.14722,0.542057,0.212758,0.088842,Bellevue_150th_SE38th
3949,cross,0.535281,0.130988,0.115098,0.647666,0.317622,0.120466,Bellevue_150th_SE38th
3950,cross,0.527231,0.130013,0.108243,0.655674,0.216972,0.127375,Bellevue_150th_SE38th
3951,cross,0.534004,0.124289,0.116417,0.688744,0.244664,0.138335,Bellevue_150th_SE38th
3952,cross,0.524243,0.135479,0.103588,0.440257,0.113788,0.082785,Bellevue_150th_SE38th
3953,cross,0.585181,0.157985,0.124542,0.328123,0.068072,0.072421,Bellevue_150th_SE38th
3954,cross,0.558716,0.144125,0.12788,0.30541,0.038476,0.074621,Bellevue_150th_SE38th
3955,cross,0.538165,0.134181,0.114699,0.32866,0.084837,0.039711,Bellevue_150th_SE38th
3956,cross,0.530358,0.129067,0.112636,0.348967,0.054656,0.034113,Bellevue_150th_SE38th
3957,cross,0.533035,0.124718,0.120397,0.427644,0.078819,0.034875,Bellevue_150th_SE38th
3958,cross,0.531831,0.126824,0.114053,0.481254,0.100233,0.055677,Bellevue_150th_SE38th
3959,cross,0.517216,0.129737,0.101735,0.424968,0.105255,0.060593,Bellevue_150th_SE38th
3960,cross,0.534118,0.132757,0.113254,0.36845,0.067708,0.066397,Bellevue_150th_SE38th
3961,cross,0.558243,0.145964,0.117135,0.405094,0.026683,0.113308,Bellevue_150th_SE38th
3962,cross,0.543591,0.135448,0.118458,0.315083,0.078153,0.064605,Bellevue_150th_SE38th
3963,cross,0.556256,0.143321,0.124516,0.427426,0.125544,0.054753,Bellevue_150th_SE38th
3964,cross,0.603196,0.1543,0.141493,0.659306,0.216231,0.137877,Bellevue_150th_SE38th
3965,cross,0.51641,0.117552,0.112608,0.599768,0.194478,0.121902,Bellevue_150th_SE38th
3966,cross,0.522186,0.1236,0.107377,0.615584,0.187561,0.084147,Bellevue_150th_SE38th
3967,cross,0.522208,0.125473,0.109062,0.615116,0.233952,0.114298,Bellevue_150th_SE38th
3968,cross,0.534212,0.131869,0.114615,0.353967,0.082528,0.044901,Bellevue_150th_SE38th
3969,cross,0.559555,0.143133,0.129885,0.281313,-0.017225,0.070678,Bellevue_150th_SE38th
3970,cross,0.52493,0.124733,0.10787,0.336296,0.065029,0.03221,Bellevue_150th_SE38th
3971,cross,0.559911,0.137845,0.128681,0.349383,0.078093,0.029379,Bellevue_150th_SE38th
3972,cross,0.531018,0.126715,0.113777,0.419252,0.073908,0.046058,Bellevue_150th_SE38th
3973,cross,0.482194,0.112727,0.091383,0.45323,0.121975,0.06213,Bellevue_150th_SE38th
3974,cross,0.551145,0.130467,0.124281,0.553218,0.25503,0.03588,Bellevue_150th_SE38th
3975,cross,0.535242,0.12917,0.115445,0.46208,0.159157,0.036458,Bellevue_150th_SE38th
3976,cross,0.53429,0.136414,0.103116,0.450659,0.110483,0.028252,Bellevue_150th_SE38th
3977,cross,0.549171,0.136425,0.120226,0.410415,0.122519,0.0284,Bellevue_150th_SE38th
3978,cross,0.551037,0.141753,0.119802,0.30475,0.086662,0.050474,Bellevue_150th_SE38th
3979,cross,0.60453,0.161475,0.126751,0.428048,0.070482,0.114333,Bellevue_150th_SE38th
3980,cross,0.546088,0.132361,0.122664,0.499552,0.166,0.041359,Bellevue_150th_SE38th
3981,cross,0.527397,0.126141,0.111078,0.344922,0.17343,0.026107,Bellevue_150th_SE38th
3982,cross,0.52521,0.129345,0.107435,0.357685,0.058989,0.056648,Bellevue_150th_SE38th
3983,cross,0.547699,0.138324,0.118953,0.299047,0.060705,0.046761,Bellevue_150th_SE38th
3984,cross,0.546508,0.139714,0.10668,0.357465,0.11201,0.007089,Bellevue_150th_SE38th
3985,cross,0.532255,0.126388,0.1159,0.4042,0.076975,0.036476,Bellevue_150th_SE38th
3986,cross,0.523422,0.130201,0.105924,0.368883,0.079754,0.048421,Bellevue_150th_SE38th
3987,cross,0.52135,0.127325,0.106516,0.521935,0.241562,0.050704,Bellevue_150th_SE38th
3988,cross,0.520578,0.122321,0.106608,0.53627,0.11236,0.225652,Bellevue_150th_SE38th
3989,cross,0.522851,0.127729,0.107771,0.542996,0.030202,0.274441,Bellevue_150th_SE38th
3990,cross,0.527591,0.126215,0.105769,0.287467,0.113696,0.019359,Bellevue_150th_SE38th
3991,cross,0.595106,0.15223,0.131652,0.363297,0.08541,0.015067,Bellevue_150th_SE38th
3992,cross,0.537627,0.119185,0.134569,0.49975,0.169027,0.029156,Bellevue_150th_SE38th
3993,cross,0.510799,0.127804,0.100128,0.401635,0.10175,0.035133,Bellevue_150th_SE38th
3994,cross,0.5036,0.123512,0.098068,0.384997,0.109716,0.068668,Bellevue_150th_SE38th
3995,cross,0.525331,0.132109,0.104373,0.337973,0.083189,0.079299,Bellevue_150th_SE38th
3996,cross,0.544847,0.133666,0.12421,0.359918,0.121717,0.024125,Bellevue_150th_SE38th
3997,cross,0.555556,0.123657,0.143293,0.428204,0.178537,0.026832,Bellevue_150th_SE38th
3998,cross,0.554245,0.129307,0.130054,0.59701,0.245972,0.065941,Bellevue_150th_SE38th
3999,cross,0.518085,0.125366,0.106699,0.561858,0.205405,0.011006,Bellevue_150th_SE38th
4000,cross,0.500726,0.122796,0.094795,0.520812,0.254588,0.006548,Bellevue_150th_SE38th
4001,cross,0.515481,0.116518,0.106795,0.427796,0.106675,0.082011,Bellevue_150th_SE38th
4002,cross,0.566239,0.146295,0.124568,0.385524,0.11325,0.056154,Bellevue_150th_SE38th
4003,cross,0.555557,0.138397,0.134074,0.378264,0.080101,0.051044,Bellevue_150th_SE38th
4004,cross,0.610573,0.151812,0.142742,0.49231,0.053294,0.076112,Bellevue_150th_SE38th
4005,cross,0.517327,0.131971,0.100837,0.564472,0.115789,0.110001,Bellevue_150th_SE38th
4006,cross,0.527413,0.130524,0.106853,0.41878,0.052216,0.12996,Bellevue_150th_SE38th
4007,cross,0.523401,0.128574,0.106258,0.245284,0.019712,0.016248,Bellevue_150th_SE38th
4008,cross,0.532648,0.133413,0.111021,0.249922,0.026641,0.0291,Bellevue_150th_SE38th
4009,cross,0.518026,0.128536,0.09842,0.395141,0.071346,0.03226,Bellevue_150th_SE38th
4010,cross,0.532682,0.125589,0.1202,0.508758,0.161022,0.061806,Bellevue_150th_SE38th
4011,cross,0.505982,0.125738,0.096946,0.374119,0.116343,0.006984,Bellevue_150th_SE38th
4012,cross,0.516358,0.122446,0.107068,0.441062,0.120504,0.010936,Bellevue_150th_SE38th
4013,cross,0.506162,0.121881,0.100121,0.566651,0.227773,0.019805,Bellevue_150th_SE38th
4014,cross,0.515114,0.11605,0.107756,0.503312,0.147101,0.017504,Bellevue_150th_SE38th
4015,cross,0.554351,0.143914,0.120088,0.45182,0.169196,0.014071,Bellevue_150th_SE38th
4016,cross,0.551568,0.13573,0.137021,0.389169,0.029145,0.027448,Bellevue_150th_SE38th
4017,cross,0.53231,0.133263,0.112005,0.344134,0.03651,0.060251,Bellevue_150th_SE38th
4018,cross,0.560599,0.136122,0.135581,0.364171,0.074111,0.013519,Bellevue_150th_SE38th
4019,cross,0.574181,0.130858,0.148762,0.553192,0.13358,0.056372,Bellevue_150th_SE38th
4020,cross,0.504355,0.126629,0.0959,0.41709,0.08897,0.02976,Bellevue_150th_SE38th
4021,cross,0.529184,0.128452,0.111495,0.376565,0.115141,0.038024,Bellevue_150th_SE38th
4022,cross,0.546542,0.132979,0.116934,0.302869,0.070878,0.033029,Bellevue_150th_SE38th
4023,cross,0.54642,0.128087,0.1297,0.518366,0.093864,0.038466,Bellevue_150th_SE38th
4024,cross,0.511976,0.108197,0.111834,0.410248,0.077659,0.058292,Bellevue_150th_SE38th
4025,cross,0.522638,0.125623,0.109965,0.343329,0.070825,0.025892,Bellevue_150th_SE38th
4026,cross,0.519185,0.132197,0.101698,0.378326,0.097172,0.020505,Bellevue_150th_SE38th
4027,cross,0.515216,0.129917,0.099465,0.458265,0.104145,0.098743,Bellevue_150th_SE38th
4028,cross,0.50701,0.113798,0.103502,0.267115,0.110783,0.064109,Bellevue_150th_SE38th
4029,cross,0.515456,0.129679,0.101696,0.273063,0.070888,0.0776,Bellevue_150th_SE38th
4030,cross,0.520206,0.121112,0.110023,0.326282,0.144935,0.032936,Bellevue_150th_SE38th
4031,cross,0.530817,0.124478,0.119868,0.346139,0.074836,0.023644,Bellevue_150th_SE38th
4032,cross,0.525604,0.124606,0.111108,0.361872,0.10996,0.052259,Bellevue_150th_SE38th
4033,cross,0.525503,0.114767,0.111764,0.377025,0.139265,0.034508,Bellevue_150th_SE38th
4034,cross,0.53362,0.129561,0.113145,0.408332,0.131426,0.027736,Bellevue_150th_SE38th
4035,cross,0.519584,0.131191,0.104548,0.393789,0.106497,0.077992,Bellevue_150th_SE38th
4036,cross,0.560812,0.146858,0.120613,0.399144,0.083222,0.121367,Bellevue_150th_SE38th
4037,cross,0.565294,0.135206,0.146635,0.381573,0.107207,0.113594,Bellevue_150th_SE38th
4038,cross,0.516782,0.110405,0.104848,0.37801,0.093318,0.101983,Bellevue_150th_SE38th
4039,cross,0.526017,0.116278,0.119534,0.39186,0.134256,0.057725,Bellevue_150th_SE38th
4040,cross,0.517206,0.119233,0.110375,0.396448,0.131747,0.048983,Bellevue_150th_SE38th
4041,cross,0.489281,0.097522,0.104612,0.309107,0.096478,0.043158,Bellevue_150th_SE38th
4042,cross,0.536107,0.127904,0.113376,0.323069,0.120418,0.059809,Bellevue_150th_SE38th
4043,cross,0.532943,0.123919,0.119055,0.3985,0.183702,0.028178,Bellevue_150th_SE38th
4044,cross,0.543814,0.135828,0.113702,0.398476,0.127161,0.057157,Bellevue_150th_SE38th
4045,cross,0.518954,0.126018,0.107965,0.508992,0.271297,0.016156,Bellevue_150th_SE38th
4046,cross,0.513492,0.11629,0.106312,0.361574,0.099975,0.016204,Bellevue_150th_SE38th
4047,cross,0.524629,0.113736,0.124941,0.438074,0.074816,0.02977,Bellevue_150th_SE38th
4048,cross,0.520796,0.12611,0.108256,0.411956,0.068803,0.063499,Bellevue_150th_SE38th
4049,cross,0.512315,0.124956,0.102652,0.35977,0.037484,0.080339,Bellevue_150th_SE38th
4050,cross,0.528706,0.12123,0.111977,0.371324,0.069608,0.074318,Bellevue_150th_SE38th
4051,cross,0.526623,0.13097,0.106114,0.378886,0.130404,0.083662,Bellevue_150th_SE38th
4052,cross,0.560783,0.14186,0.131434,0.313891,0.111645,0.051022,Bellevue_150th_SE38th
4053,cross,0.581017,0.144596,0.127504,0.463135,0.119791,0.049103,Bellevue_150th_SE38th
4054,cross,0.522143,0.120606,0.109349,0.41983,0.069382,0.070544,Bellevue_150th_SE38th
4055,cross,0.516138,0.121538,0.108663,0.452938,0.022851,0.026402,Bellevue_150th_SE38th
4056,cross,0.482891,0.107654,0.096125,0.415878,0.068304,0.05283,Bellevue_150th_SE38th
4057,cross,0.528431,0.124673,0.110912,0.313935,0.041406,0.102647,Bellevue_150th_SE38th
4058,cross,0.534353,0.135134,0.111404,0.439986,0.073981,0.126699,Bellevue_150th_SE38th
4059,cross,0.531307,0.131035,0.111312,0.38613,0.084486,0.089155,Bellevue_150th_SE38th
4060,cross,0.527404,0.11262,0.125639,0.364243,0.096912,0.070996,Bellevue_150th_SE38th
4061,cross,0.527653,0.124546,0.112762,0.459599,0.094696,0.151079,Bellevue_150th_SE38th
4062,cross,0.515748,0.124876,0.103925,0.539421,0.120636,0.085851,Bellevue_150th_SE38th
4063,cross,0.506503,0.116741,0.105862,0.547563,0.186025,0.039179,Bellevue_150th_SE38th
4064,cross,0.511786,0.090516,0.11898,0.452099,0.080045,0.046553,Bellevue_150th_SE38th
4065,cross,0.527575,0.128782,0.108633,0.263248,0.082456,0.038736,Bellevue_150th_SE38th
4066,cross,0.550519,0.141207,0.119711,0.1538,0.037472,0.02385,Bellevue_150th_SE38th
4067,cross,0.550006,0.130365,0.120594,0.258121,0.035448,0.062862,Bellevue_150th_SE38th
4068,cross,0.523867,0.111796,0.118833,0.392792,0.110309,0.049478,Bellevue_150th_SE38th
4069,cross,0.514245,0.128081,0.097781,0.43639,0.109236,0.130137,Bellevue_150th_SE38th
4070,cross,0.524495,0.120951,0.112343,0.502192,0.196299,0.129167,Bellevue_150th_SE38th
4071,cross,0.518267,0.10648,0.117017,0.492506,0.05488,0.14671,Bellevue_150th_SE38th
4072,cross,0.514957,0.104455,0.117457,0.437859,0.015708,0.159948,Bellevue_150th_SE38th
4073,cross,0.543245,0.135914,0.115398,0.394671,0.028658,0.139893,Bellevue_150th_SE38th
4074,cross,0.532025,0.121292,0.104287,0.375336,0.088967,0.056211,Bellevue_150th_SE38th
4075,cross,0.540407,0.129789,0.121849,0.711722,0.149005,0.122818,Bellevue_150th_SE38th
4076,cross,0.505262,0.122718,0.097123,0.716562,0.093501,0.127416,Bellevue_150th_SE38th
4077,cross,0.505477,0.119125,0.101485,0.654208,0.041235,0.106905,Bellevue_150th_SE38th
4078,cross,0.518169,0.109452,0.110387,0.57143,0.002953,0.128742,Bellevue_150th_SE38th
4079,cross,0.506882,0.129126,0.095698,0.362311,0.003493,0.120313,Bellevue_150th_SE38th
4080,cross,0.546379,0.13567,0.122566,0.30692,0.020629,0.095731,Bellevue_150th_SE38th
4081,cross,0.536957,0.133319,0.111286,0.347679,0.0645,0.0295,Bellevue_150th_SE38th
4082,cross,0.555145,0.122667,0.1477,0.375546,0.050412,0.020559,Bellevue_150th_SE38th
4083,cross,0.525825,0.125124,0.108831,0.445743,0.07697,0.077494,Bellevue_150th_SE38th
4084,cross,0.491276,0.112598,0.093707,0.434392,0.06591,0.067931,Bellevue_150th_SE38th
4085,cross,0.525157,0.115099,0.112515,0.349131,0.06698,0.050829,Bellevue_150th_SE38th
4086,cross,0.53748,0.136629,0.111097,0.337592,0.062461,0.042744,Bellevue_150th_SE38th
4087,cross,0.554781,0.138088,0.122906,0.274519,0.040583,0.028651,Bellevue_150th_SE38th
4088,cross,0.561235,0.144692,0.114663,0.316919,0.077215,0.022329,Bellevue_150th_SE38th
4089,cross,0.570095,0.122221,0.150776,0.440845,0.088169,0.035823,Bellevue_150th_SE38th
4090,cross,0.521139,0.120289,0.112003,0.452795,0.0968,0.037811,Bellevue_150th_SE38th
4091,cross,0.514783,0.130298,0.101075,0.38959,0.203687,0.01677,Bellevue_150th_SE38th
4092,cross,0.528723,0.126495,0.114082,0.308079,0.09615,0.02984,Bellevue_150th_SE38th
4093,cross,0.528615,0.130497,0.110504,0.33665,0.074278,0.062823,Bellevue_150th_SE38th
4094,cross,0.536636,0.127352,0.113609,0.355759,0.105973,0.024428,Bellevue_150th_SE38th
4095,cross,0.530247,0.121384,0.110867,0.296024,0.120383,0.032603,Bellevue_150th_SE38th
4096,cross,0.524881,0.125878,0.109864,0.47888,0.215406,0.046578,Bellevue_150th_SE38th
4097,cross,0.48648,0.116722,0.093067,0.509026,0.237047,0.080612,Bellevue_150th_SE38th
4098,cross,0.489872,0.110223,0.099613,0.36183,0.119715,0.071504,Bellevue_150th_SE38th
4099,cross,0.536518,0.130655,0.115698,0.288819,0.083053,0.058609,Bellevue_150th_SE38th
4100,cross,0.556609,0.135595,0.13323,0.313873,0.159425,0.052796,Bellevue_150th_SE38th
4101,cross,0.537066,0.128121,0.119103,0.384442,0.125146,0.079972,Bellevue_150th_SE38th
4102,cross,0.533139,0.109213,0.127842,0.413499,0.172244,0.041376,Bellevue_150th_SE38th
4103,cross,0.527298,0.129304,0.109254,0.384498,0.173986,0.030794,Bellevue_150th_SE38th
4104,cross,0.525069,0.123882,0.111387,0.49616,0.225591,0.078916,Bellevue_150th_SE38th
4105,cross,0.510836,0.1251,0.10199,0.365635,0.164529,0.03147,Bellevue_150th_SE38th
4106,cross,0.563238,0.139859,0.134321,0.267137,0.081359,0.040154,Bellevue_150th_SE38th
4107,cross,0.548065,0.13462,0.125041,0.286007,0.069792,0.020728,Bellevue_150th_SE38th
4108,cross,0.522646,0.117928,0.114735,0.384357,0.102025,0.04513,Bellevue_150th_SE38th
4109,cross,0.539442,0.129293,0.118204,0.523754,0.210404,0.017475,Bellevue_150th_SE38th
4110,cross,0.482361,0.099085,0.103652,0.531906,0.19503,0.005128,Bellevue_150th_SE38th
4111,cross,0.508483,0.115879,0.109788,0.559765,0.202346,0.021277,Bellevue_150th_SE38th
4112,cross,0.526507,0.119466,0.119722,0.474339,0.205401,0.00303,Bellevue_150th_SE38th
4113,cross,0.509468,0.112182,0.10755,0.449203,0.200585,0.004857,Bellevue_150th_SE38th
4114,cross,0.498587,0.119984,0.099406,0.32101,0.021583,0.111026,Bellevue_150th_SE38th
4115,cross,0.550072,0.136568,0.128208,0.213359,-0.010857,0.111082,Bellevue_150th_SE38th
4116,cross,0.516446,0.121093,0.10541,0.333808,0.088938,0.041552,Bellevue_150th_SE38th
4117,cross,0.559289,0.127264,0.147897,0.278873,0.035625,0.075263,Bellevue_150th_SE38th
4118,cross,0.527474,0.126793,0.1104,0.392988,0.069963,0.030211,Bellevue_150th_SE38th
4119,cross,0.506365,0.111268,0.109415,0.460018,0.086343,0.032523,Bellevue_150th_SE38th
4120,cross,0.516144,0.124244,0.103967,0.37454,0.092578,0.05815,Bellevue_150th_SE38th
4121,cross,0.531093,0.132897,0.111024,0.411776,0.058973,0.038168,Bellevue_150th_SE38th
4122,cross,0.53639,0.127692,0.123208,0.608971,0.069857,0.029881,Bellevue_150th_SE38th
4123,cross,0.507694,0.111295,0.110205,0.616154,0.092816,0.043289,Bellevue_150th_SE38th
4124,cross,0.52863,0.116785,0.120966,0.569685,0.15116,0.006667,Bellevue_150th_SE38th
4125,cross,0.486793,0.095129,0.104784,0.571131,0.16268,0.029086,Bellevue_150th_SE38th
4126,cross,0.501641,0.106517,0.103643,0.45739,0.154546,0.021992,Bellevue_150th_SE38th
4127,cross,0.513072,0.102132,0.113312,0.508577,0.142484,0.031423,Bellevue_150th_SE38th
4128,cross,0.518671,0.118145,0.105919,0.444318,0.143025,0.013477,Bellevue_150th_SE38th
4129,cross,0.554945,0.139131,0.129182,0.380197,0.104162,0.036513,Bellevue_150th_SE38th
4130,cross,0.547085,0.143099,0.105762,0.333216,0.085569,0.035205,Bellevue_150th_SE38th
4131,cross,0.558308,0.132751,0.135535,0.425726,0.082029,0.014391,Bellevue_150th_SE38th
4132,cross,0.529983,0.123108,0.11879,0.492223,0.094991,0.020632,Bellevue_150th_SE38th
4133,cross,0.511365,0.114997,0.109115,0.538201,0.087628,0.043915,Bellevue_150th_SE38th
4134,cross,0.492433,0.106372,0.106621,0.467082,0.091537,0.033248,Bellevue_150th_SE38th
4135,cross,0.525019,0.124685,0.112662,0.501214,0.074611,0.08119,Bellevue_150th_SE38th
4136,cross,0.544555,0.137743,0.117729,0.344721,0.058144,0.047849,Bellevue_150th_SE38th
4137,cross,0.537643,0.125441,0.118128,0.39133,0.091054,0.022268,Bellevue_150th_SE38th
4138,cross,0.588242,0.150747,0.134914,0.446067,0.101079,0.060106,Bellevue_150th_SE38th
4139,cross,0.525597,0.119608,0.119953,0.467352,0.197638,0.052626,Bellevue_150th_SE38th
4140,cross,0.542957,0.130465,0.123363,0.471096,0.20623,0.040617,Bellevue_150th_SE38th
4141,cross,0.527958,0.118335,0.117325,0.369063,0.171475,0.020031,Bellevue_150th_SE38th
4142,cross,0.574973,0.140722,0.144705,0.256252,0.083801,0.039226,Bellevue_150th_SE38th
4143,cross,0.570021,0.142869,0.127599,0.383076,0.102247,0.032211,Bellevue_150th_SE38th
4144,cross,0.572731,0.130655,0.154558,0.519829,0.150626,0.12787,Bellevue_150th_SE38th
4145,cross,0.52804,0.101353,0.124587,0.50275,0.183589,0.076596,Bellevue_150th_SE38th
4146,cross,0.519397,0.119066,0.115528,0.465229,0.169853,0.035535,Bellevue_150th_SE38th
4147,cross,0.534254,0.13353,0.110463,0.478371,0.181739,0.00754,Bellevue_150th_SE38th
4148,cross,0.496969,0.101116,0.103492,0.473703,0.204668,0.028746,Bellevue_150th_SE38th
4149,cross,0.51491,0.127332,0.100649,0.482045,0.260179,0.006683,Bellevue_150th_SE38th
4150,cross,0.512789,0.132349,0.099282,0.322259,0.096936,0.024206,Bellevue_150th_SE38th
4151,cross,0.560758,0.138614,0.121875,0.312677,0.130365,0.026407,Bellevue_150th_SE38th
4152,cross,0.553756,0.135158,0.123517,0.347072,0.111288,0.050397,Bellevue_150th_SE38th
4153,cross,0.556702,0.134506,0.127977,0.417188,0.11691,0.009416,Bellevue_150th_SE38th
4154,cross,0.536239,0.12708,0.114188,0.458547,0.071664,0.021047,Bellevue_150th_SE38th
4155,cross,0.529359,0.11685,0.115649,0.314453,0.087599,0.014671,Bellevue_150th_SE38th
4156,cross,0.513108,0.111909,0.111132,0.315625,0.083451,0.036526,Bellevue_150th_SE38th
4157,cross,0.525308,0.128913,0.106589,0.266171,0.084969,0.02197,Bellevue_150th_SE38th
4158,cross,0.53976,0.129611,0.124944,0.205691,0.015328,0.041395,Bellevue_150th_SE38th
4159,cross,0.512678,0.101089,0.118321,0.325998,0.068941,0.039877,Bellevue_150th_SE38th
4160,cross,0.527146,0.115089,0.122062,0.538982,0.183679,0.048211,Bellevue_150th_SE38th
4161,cross,0.528098,0.121939,0.117077,0.6619,0.33159,0.102056,Bellevue_150th_SE38th
4162,cross,0.517604,0.125924,0.10443,0.608439,0.293075,0.120622,Bellevue_150th_SE38th
4163,cross,0.530991,0.127139,0.109173,0.526527,0.215775,0.08181,Bellevue_150th_SE38th
4164,cross,0.530749,0.132551,0.103827,0.441979,0.040914,0.051732,Bellevue_150th_SE38th
4165,cross,0.547644,0.132585,0.126656,0.442629,0.00445,0.064662,Bellevue_150th_SE38th
4166,cross,0.524013,0.125203,0.109186,0.332247,0.039262,0.075306,Bellevue_150th_SE38th
4167,cross,0.568804,0.142831,0.122518,0.421404,0.089881,0.028753,Bellevue_150th_SE38th
4168,cross,0.517587,0.106754,0.123985,0.410331,0.147146,0.026368,Bellevue_150th_SE38th
4169,cross,0.515767,0.121575,0.111309,0.47576,0.188964,0.060177,Bellevue_150th_SE38th
4170,cross,0.493501,0.08527,0.112081,0.417531,0.024346,0.128356,Bellevue_150th_SE38th
4171,cross,0.5459,0.135037,0.115126,0.383333,0.008582,0.172154,Bellevue_150th_SE38th
4172,cross,0.528488,0.126909,0.115732,0.383354,0.07665,0.078149,Bellevue_150th_SE38th
4173,cross,0.581199,0.149647,0.11946,0.473584,0.170745,0.088041,Bellevue_150th_SE38th
4174,cross,0.532719,0.120231,0.129285,0.632822,0.383048,0.082362,Bellevue_150th_SE38th
4175,cross,0.519211,0.125165,0.107099,0.585993,0.320253,0.123583,Bellevue_150th_SE38th
4176,cross,0.533134,0.122351,0.127032,0.539566,0.246371,0.102472,Bellevue_150th_SE38th
4177,cross,0.540511,0.137244,0.117311,0.354595,0.143644,0.031092,Bellevue_150th_SE38th
4178,cross,0.59129,0.156503,0.131718,0.407375,0.151807,0.034547,Bellevue_150th_SE38th
4179,cross,0.552089,0.134441,0.124391,0.451371,0.168944,0.033833,Bellevue_150th_SE38th
4180,cross,0.577733,0.132834,0.15362,0.521499,0.15789,0.015612,Bellevue_150th_SE38th
4181,cross,0.528774,0.126127,0.112975,0.513193,0.206337,0.043447,Bellevue_150th_SE38th
4182,cross,0.516753,0.114841,0.110812,0.435694,0.159423,0.102404,Bellevue_150th_SE38th
4183,cross,0.498892,0.098215,0.113903,0.45982,0.079824,0.17645,Bellevue_150th_SE38th
4184,cross,0.508101,0.122212,0.10429,0.349167,0.006844,0.178015,Bellevue_150th_SE38th
4185,cross,0.583163,0.144875,0.133334,0.438837,0.089802,0.104566,Bellevue_150th_SE38th
4186,cross,0.543735,0.128659,0.120643,0.29991,0.087557,0.038029,Bellevue_150th_SE38th
4187,cross,0.535108,0.123787,0.12888,0.422295,0.147004,0.038297,Bellevue_150th_SE38th
4188,cross,0.541409,0.120719,0.123444,0.407901,0.071667,0.019787,Bellevue_150th_SE38th
4189,cross,0.552948,0.119853,0.145433,0.475375,0.087313,0.078556,Bellevue_150th_SE38th
4190,cross,0.508535,0.128016,0.098164,0.432487,0.14493,0.049131,Bellevue_150th_SE38th
4191,cross,0.488047,0.093694,0.101009,0.491212,0.19857,0.016845,Bellevue_150th_SE38th
4192,cross,0.52915,0.115629,0.124356,0.44902,0.192968,0.044557,Bellevue_150th_SE38th
4193,cross,0.556758,0.137962,0.123074,0.404422,0.14398,0.035924,Bellevue_150th_SE38th
4194,cross,0.54334,0.128357,0.114206,0.337572,0.071129,0.052798,Bellevue_150th_SE38th
4195,cross,0.572155,0.121532,0.148198,0.528279,0.273682,0.033968,Bellevue_150th_SE38th
4196,cross,0.524594,0.108582,0.128387,0.649477,0.303198,0.120991,Bellevue_150th_SE38th
4197,cross,0.521071,0.12268,0.110001,0.658414,0.27555,0.150544,Bellevue_150th_SE38th
4198,cross,0.498236,0.104906,0.109781,0.592289,0.216897,0.123543,Bellevue_150th_SE38th
4199,cross,0.508903,0.100073,0.113104,0.349687,0.117672,0.033668,Bellevue_150th_SE38th
4200,cross,0.552159,0.126687,0.137246,0.325857,0.076909,0.079404,Bellevue_150th_SE38th
4201,cross,0.553333,0.131362,0.128063,0.395622,0.055295,0.064636,Bellevue_150th_SE38th
4202,cross,0.519338,0.105172,0.124124,0.396406,0.066479,0.086836,Bellevue_150th_SE38th
4203,cross,0.512536,0.112421,0.11182,0.427166,-0.003227,0.117541,Bellevue_150th_SE38th
4204,cross,0.521046,0.109332,0.118809,0.409696,-0.021991,0.157069,Bellevue_150th_SE38th
4205,cross,0.506845,0.097728,0.112378,0.532277,0.094098,0.145302,Bellevue_150th_SE38th
4206,cross,0.507543,0.113449,0.103272,0.389829,0.058338,0.080559,Bellevue_150th_SE38th
4207,cross,0.547136,0.129708,0.130386,0.374041,0.078404,0.049199,Bellevue_150th_SE38th
4208,cross,0.535046,0.122158,0.123931,0.30439,0.074131,0.04368,Bellevue_150th_SE38th
4209,cross,0.54956,0.127162,0.133523,0.273384,0.080378,0.015431,Bellevue_150th_SE38th
4210,cross,0.526405,0.116974,0.124555,0.449496,0.21902,0.035863,Bellevue_150th_SE38th
4211,cross,0.576436,0.117265,0.136678,0.533555,0.266369,0.02605,Bellevue_150th_SE38th
4212,cross,0.507234,0.111923,0.105614,0.562571,0.260071,0.032178,Bellevue_150th_SE38th
4213,cross,0.500519,0.084645,0.119063,0.480976,0.233276,0.020681,Bellevue_150th_SE38th
4214,cross,0.516373,0.117533,0.111291,0.36631,0.127857,0.031304,Bellevue_150th_SE38th
4215,cross,0.553479,0.131131,0.127539,0.438339,0.224515,0.029655,Bellevue_150th_SE38th
4216,cross,0.525499,0.119901,0.110707,0.541726,0.248928,0.055011,Bellevue_150th_SE38th
4217,cross,0.515091,0.108512,0.115673,0.599471,0.289125,0.078625,Bellevue_150th_SE38th
4218,cross,0.523695,0.111467,0.115853,0.700173,0.336185,0.127961,Bellevue_150th_SE38th
4219,cross,0.516848,0.10633,0.118079,0.658878,0.286557,0.109877,Bellevue_150th_SE38th
4220,cross,0.521711,0.118297,0.111984,0.638165,0.260637,0.096368,Bellevue_150th_SE38th
4221,cross,0.527161,0.120774,0.106137,0.585491,0.183444,0.112834,Bellevue_150th_SE38th
4222,cross,0.518846,0.115293,0.107613,0.38763,0.080308,0.079412,Bellevue_150th_SE38th
4223,cross,0.552078,0.139301,0.112775,0.37603,0.083945,0.091111,Bellevue_150th_SE38th
4224,cross,0.557189,0.137114,0.113728,0.410584,0.063481,0.105387,Bellevue_150th_SE38th
4225,cross,0.582261,0.150816,0.115684,0.28,0.0,0.04,Bellevue_150th_SE38th
4226,cross,0.598688,0.085661,0.085766,0.3356,0.027366,0.053116,Bellevue_150th_SE38th
4227,cross,0.649007,0.030261,0.070659,0.565098,0.128673,0.136888,Bellevue_150th_SE38th
4228,cross,0.510024,0.10124,0.113228,0.569377,0.169124,0.099831,Bellevue_150th_SE38th
4229,cross,0.463243,0.087469,0.083363,0.529312,0.149158,0.093805,Bellevue_150th_SE38th
4230,cross,0.502954,0.102571,0.106949,0.441644,0.078955,0.054869,Bellevue_150th_SE38th
4231,cross,0.555926,0.139544,0.115549,0.342956,-0.006009,0.029627,Bellevue_150th_SE38th
4232,cross,0.542661,0.123654,0.126462,0.279804,0.046195,0.057028,Bellevue_150th_SE38th
4233,cross,0.56406,0.142905,0.11461,0.363797,0.053041,0.059646,Bellevue_150th_SE38th
4234,cross,0.596247,0.146829,0.138779,0.533827,0.195564,0.032643,Bellevue_150th_SE38th
4235,cross,0.516657,0.117431,0.110273,0.538705,0.212285,0.052121,Bellevue_150th_SE38th
4236,cross,0.500349,0.087495,0.115771,0.593014,0.309817,0.016961,Bellevue_150th_SE38th
4237,cross,0.498895,0.107033,0.101443,0.508272,0.179425,0.053092,Bellevue_150th_SE38th
4238,cross,0.550726,0.134532,0.120486,0.35858,0.049354,0.097488,Bellevue_150th_SE38th
4239,cross,0.552161,0.137956,0.119144,0.431302,0.140272,0.096466,Bellevue_150th_SE38th
4240,cross,0.522442,0.131012,0.100991,0.378446,0.060565,0.035988,Bellevue_150th_SE38th
4241,cross,0.554942,0.122046,0.132353,0.45836,0.095244,0.056552,Bellevue_150th_SE38th
4242,cross,0.515245,0.103243,0.121063,0.41935,0.07267,0.056878,Bellevue_150th_SE38th
4243,cross,0.51571,0.108438,0.118675,0.393271,0.121041,0.024764,Bellevue_150th_SE38th
4244,cross,0.516594,0.105628,0.121706,0.372591,0.127382,0.005342,Bellevue_150th_SE38th
4245,cross,0.508823,0.082344,0.11649,0.333151,0.084884,0.024265,Bellevue_150th_SE38th
4246,cross,0.529841,0.126468,0.108764,0.379064,0.04049,0.047952,Bellevue_150th_SE38th
4247,cross,0.546548,0.122499,0.135406,0.458701,0.052476,0.021839,Bellevue_150th_SE38th
4248,cross,0.554711,0.109059,0.144677,0.530444,0.137319,0.073083,Bellevue_150th_SE38th
4249,cross,0.592898,0.125976,0.146582,0.503874,0.247244,0.040464,Bellevue_150th_SE38th
4250,cross,0.542816,0.126129,0.132303,0.515199,0.264249,0.019151,Bellevue_150th_SE38th
4251,cross,0.54007,0.115216,0.131487,0.535847,0.258144,0.053738,Bellevue_150th_SE38th
4252,cross,0.522408,0.110305,0.123053,0.513674,0.199932,0.12242,Bellevue_150th_SE38th
4253,cross,0.549228,0.138273,0.11197,0.396321,0.064365,0.166283,Bellevue_150th_SE38th
4254,cross,0.570828,0.150014,0.1172,0.439019,0.106457,0.148321,Bellevue_150th_SE38th
4255,cross,0.548513,0.13647,0.111719,0.386257,0.133238,0.107926,Bellevue_150th_SE38th
4256,cross,0.597696,0.155521,0.118954,0.387058,0.19615,0.053857,Bellevue_150th_SE38th
4257,cross,0.591342,0.153631,0.115906,0.337077,0.10934,0.019689,Bellevue_150th_SE38th
4258,cross,0.563604,0.126112,0.138775,0.395163,0.112949,0.005106,Bellevue_150th_SE38th
4259,cross,0.534582,0.117761,0.128112,0.401661,0.122985,0.016235,Bellevue_150th_SE38th
4260,cross,0.557764,0.126501,0.140286,0.456767,0.149677,0.060799,Bellevue_150th_SE38th
4261,cross,0.566897,0.143799,0.12543,0.284928,0.040295,0.035617,Bellevue_150th_SE38th
4262,cross,0.598825,0.151605,0.129293,0.3576,-0.012953,0.105279,Bellevue_150th_SE38th
4263,cross,0.638153,0.08757,0.108385,0.47463,0.187939,0.06978,Bellevue_150th_SE38th
4264,cross,0.567651,0.130688,0.133149,0.68396,0.429574,0.049875,Bellevue_150th_SE38th
4265,cross,0.547098,0.077143,0.104179,0.544232,0.228836,0.03269,Bellevue_150th_SE38th
4266,cross,0.51857,0.113778,0.112861,0.520931,0.219857,0.041883,Bellevue_150th_SE38th
4267,cross,0.545894,0.110769,0.133019,0.474495,0.2154,0.043457,Bellevue_150th_SE38th
4268,cross,0.585669,0.15517,0.121324,0.432552,0.223327,0.065583,Bellevue_150th_SE38th
4269,cross,0.58273,0.152703,0.116318,0.600425,0.23466,0.081635,Bellevue_150th_SE38th
4270,cross,0.548252,0.127627,0.119533,0.56604,0.16353,0.111466,Bellevue_150th_SE38th
4271,cross,0.544613,0.122542,0.127608,0.412815,0.082086,0.049839,Bellevue_150th_SE38th
4272,cross,0.52484,0.108443,0.126631,0.435923,0.088121,0.013002,Bellevue_150th_SE38th
4273,cross,0.564137,0.089106,0.123496,0.417057,0.188876,0.029342,Bellevue_150th_SE38th
4274,cross,0.523771,0.089391,0.123909,0.32663,0.121078,0.018976,Bellevue_150th_SE38th
4275,cross,0.559538,0.14145,0.117849,0.403588,0.096391,0.029921,Bellevue_150th_SE38th
4276,cross,0.540428,0.120571,0.119084,0.331694,0.071438,0.029326,Bellevue_150th_SE38th
4277,cross,0.596824,0.131055,0.143076,0.541891,0.263075,0.073665,Bellevue_150th_SE38th
4278,cross,0.538888,0.112278,0.13002,0.681124,0.293505,0.138571,Bellevue_150th_SE38th
4279,cross,0.529828,0.082985,0.120654,0.625892,0.309908,0.099002,Bellevue_150th_SE38th
4280,cross,0.554629,0.110383,0.140293,0.747145,0.501557,0.034579,Bellevue_150th_SE38th
4281,cross,0.511773,0.104061,0.115816,0.464624,0.19753,0.041383,Bellevue_150th_SE38th
4282,cross,0.577269,0.133294,0.134659,0.488453,0.129495,0.059384,Bellevue_150th_SE38th
4283,cross,0.572412,0.139692,0.126055,0.466158,0.129384,0.082737,Bellevue_150th_SE38th
4284,cross,0.595031,0.122798,0.157123,0.501634,0.108346,0.061837,Bellevue_150th_SE38th
4285,cross,0.548724,0.121369,0.137986,0.54325,0.06997,0.026233,Bellevue_150th_SE38th
4286,cross,0.547671,0.12802,0.129138,0.51351,0.040039,0.066792,Bellevue_150th_SE38th
4287,cross,0.526136,0.111281,0.123768,0.491683,0.123616,0.095723,Bellevue_150th_SE38th
4288,cross,0.507915,0.077786,0.1144,0.430303,0.103712,0.068457,Bellevue_150th_SE38th
4289,cross,0.534911,0.123226,0.109878,0.378242,0.124709,0.064812,Bellevue_150th_SE38th
4290,cross,0.558028,0.127889,0.144849,0.384147,0.106032,0.035833,Bellevue_150th_SE38th
4291,cross,0.566169,0.117079,0.146271,0.447557,0.10232,0.045441,Bellevue_150th_SE38th
4292,cross,0.57742,0.108305,0.149615,0.354116,0.085213,0.0318,Bellevue_150th_SE38th
4293,cross,0.536462,0.116179,0.131342,0.394269,0.109081,0.052517,Bellevue_150th_SE38th
4294,cross,0.525234,0.096936,0.12618,0.426569,0.196053,0.011111,Bellevue_150th_SE38th
4295,cross,0.559984,0.028461,0.08294,0.439116,0.039363,0.181572,Bellevue_150th_SE38th
4296,cross,0.574428,0.12439,0.142731,0.401494,0.019707,0.148483,Bellevue_150th_SE38th
4297,cross,0.563957,0.035099,0.079109,0.427536,0.147171,0.062454,Bellevue_150th_SE38th
4298,cross,0.56958,0.124893,0.149809,0.426018,0.175814,0.058467,Bellevue_150th_SE38th
4299,cross,0.549278,0.125003,0.138533,0.432784,0.217134,0.055708,Bellevue_150th_SE38th
4300,cross,0.550275,0.123513,0.132941,0.481382,0.265811,0.040062,Bellevue_150th_SE38th
4301,cross,0.510051,0.096641,0.116306,0.477692,0.213977,0.084179,Bellevue_150th_SE38th
4302,cross,0.519975,0.097495,0.12584,0.450641,0.151439,0.094156,Bellevue_150th_SE38th
4303,cross,0.548089,0.129714,0.116021,0.389148,0.096448,0.024421,Bellevue_150th_SE38th
4304,cross,0.543868,0.116385,0.134263,0.377676,0.118682,0.046259,Bellevue_150th_SE38th
4305,cross,0.601349,0.138688,0.13884,0.404687,0.098316,0.063416,Bellevue_150th_SE38th
4306,cross,0.563731,0.115549,0.142904,0.472419,0.054051,0.075972,Bellevue_150th_SE38th
4307,cross,0.519555,0.09606,0.124621,0.559101,0.084966,0.078929,Bellevue_150th_SE38th
4308,cross,0.52272,0.098395,0.125642,0.735397,0.208872,0.106138,Bellevue_150th_SE38th
4309,cross,0.534113,0.107143,0.131851,0.501075,0.148434,0.130231,Bellevue_150th_SE38th
4310,cross,0.559307,0.135825,0.125879,0.480959,0.155152,0.148772,Bellevue_150th_SE38th
4311,cross,0.53543,0.125738,0.113913,0.351223,0.13331,0.054963,Bellevue_150th_SE38th
4312,cross,0.584895,0.130752,0.141913,0.456526,0.078523,0.035689,Bellevue_150th_SE38th
4313,cross,0.577142,0.112503,0.149244,0.530082,0.104679,0.063902,Bellevue_150th_SE38th
4314,cross,0.512805,0.099191,0.11928,0.488816,0.071991,0.069952,Bellevue_150th_SE38th
4315,cross,0.518363,0.115791,0.114567,0.465485,0.142687,0.092388,Bellevue_150th_SE38th
4316,cross,0.561958,0.147066,0.113932,0.587982,0.148395,0.151635,Bellevue_150th_SE38th
4317,cross,0.555509,0.140989,0.115819,0.51166,0.174312,0.041001,Bellevue_150th_SE38th
4318,cross,0.612296,0.159349,0.120976,0.497985,0.130312,0.015235,Bellevue_150th_SE38th
4319,cross,0.563101,0.119098,0.14312,0.450781,0.130888,0.010104,Bellevue_150th_SE38th
4320,cross,0.522229,0.10948,0.119762,0.607268,0.278548,0.071517,Bellevue_150th_SE38th
4321,cross,0.54564,0.117922,0.13148,0.55641,0.2041,0.065515,Bellevue_150th_SE38th
4322,cross,0.532814,0.110307,0.124141,0.462357,0.169592,0.046626,Bellevue_150th_SE38th
4323,cross,0.546692,0.126949,0.126308,0.527924,0.15765,0.082717,Bellevue_150th_SE38th
4324,cross,0.545149,0.133733,0.116949,0.50607,0.138467,0.049621,Bellevue_150th_SE38th
4325,cross,0.611291,0.151191,0.132455,0.472604,0.104892,0.033327,Bellevue_150th_SE38th
4326,cross,0.537872,0.105425,0.1321,0.469852,0.147019,0.021018,Bellevue_150th_SE38th
4327,cross,0.510107,0.099054,0.118941,0.514531,0.176808,0.018724,Bellevue_150th_SE38th
4328,cross,0.557045,0.112295,0.144826,0.510362,0.175227,0.0568,Bellevue_150th_SE38th
4329,cross,0.537226,0.128271,0.116614,0.39425,0.096698,0.075209,Bellevue_150th_SE38th
4330,cross,0.566783,0.144005,0.121199,0.544077,0.145053,0.114454,Bellevue_150th_SE38th
4331,cross,0.562864,0.133347,0.119585,0.474286,0.184294,0.055852,Bellevue_150th_SE38th
4332,cross,0.637617,0.162119,0.122659,0.583159,0.205819,0.12981,Bellevue_150th_SE38th
4333,cross,0.597384,0.118213,0.144292,0.549522,0.266195,0.077235,Bellevue_150th_SE38th
4334,cross,0.525047,0.072053,0.112074,0.423509,0.177524,0.046971,Bellevue_150th_SE38th
4335,cross,0.562332,0.13712,0.122368,0.45975,0.14699,0.072558,Bellevue_150th_SE38th
4336,cross,0.542843,0.133497,0.110919,0.458068,0.145079,0.048807,Bellevue_150th_SE38th
4337,cross,0.618008,0.128883,0.135461,0.612853,0.137335,0.129949,Bellevue_150th_SE38th
4338,cross,0.548558,0.103329,0.130849,0.551069,0.172894,0.213476,Bellevue_150th_SE38th
4339,cross,0.59325,0.141602,0.145163,0.571142,0.154072,0.137105,Bellevue_150th_SE38th
4340,cross,0.54431,0.112983,0.132943,0.592953,0.158672,0.124276,Bellevue_150th_SE38th
4341,cross,0.509236,0.091335,0.119432,0.425327,0.114913,0.071715,Bellevue_150th_SE38th
4342,cross,0.60201,0.157824,0.122171,0.473019,0.137431,0.080919,Bellevue_150th_SE38th
4343,cross,0.554167,0.127569,0.126636,0.615864,0.169472,0.05735,Bellevue_150th_SE38th
4344,cross,0.578532,0.117571,0.146367,0.536102,0.145666,0.076306,Bellevue_150th_SE38th
4345,cross,0.550625,0.108615,0.136791,0.492331,0.148369,0.088214,Bellevue_150th_SE38th
4346,cross,0.545625,0.123389,0.130552,0.448543,0.108488,0.070449,Bellevue_150th_SE38th
4347,cross,0.569775,0.119826,0.141773,0.55316,0.142908,0.075659,Bellevue_150th_SE38th
4348,cross,0.52513,0.116007,0.118893,0.549984,0.14693,0.110423,Bellevue_150th_SE38th
4349,cross,0.522829,0.105713,0.118644,0.466135,0.117768,0.135663,Bellevue_150th_SE38th
4350,cross,0.557931,0.118132,0.12898,0.491693,0.190273,0.087086,Bellevue_150th_SE38th
4351,cross,0.556713,0.141087,0.11275,0.645538,0.291518,0.059341,Bellevue_150th_SE38th
4352,cross,0.556426,0.120434,0.12544,0.514794,0.183707,0.059707,Bellevue_150th_SE38th
4353,cross,0.60403,0.137464,0.144704,0.587678,0.258871,0.011039,Bellevue_150th_SE38th
4354,cross,0.570052,0.120965,0.119814,0.416163,0.154119,0.036259,Bellevue_150th_SE38th
4355,cross,0.587141,0.153838,0.117936,0.416347,0.135276,0.052583,Bellevue_150th_SE38th
4356,cross,0.558654,0.134809,0.117282,0.513034,0.240797,0.093927,Bellevue_150th_SE38th
4357,cross,0.561444,0.13939,0.115088,0.490647,0.255051,0.077673,Bellevue_150th_SE38th
4358,cross,0.605393,0.100891,0.12851,0.423803,0.117437,0.099125,Bellevue_150th_SE38th
4359,cross,0.559432,0.113932,0.131273,0.401683,0.145977,0.025644,Bellevue_150th_SE38th
4360,cross,0.561843,0.100169,0.140944,0.480231,0.236323,0.027064,Bellevue_150th_SE38th
4361,cross,0.54779,0.107638,0.137507,0.517921,0.120935,0.158419,Bellevue_150th_SE38th
4362,cross,0.566601,0.115301,0.145548,0.470198,0.163613,0.096273,Bellevue_150th_SE38th
4363,cross,0.552216,0.128441,0.129208,0.485136,0.21611,0.078103,Bellevue_150th_SE38th
4364,cross,0.589197,0.159161,0.114878,0.585685,0.322767,0.107725,Bellevue_150th_SE38th
4365,cross,0.573502,0.131071,0.133295,0.474513,0.209177,0.048229,Bellevue_150th_SE38th
4366,cross,0.596555,0.128268,0.139908,0.483697,0.156641,0.047534,Bellevue_150th_SE38th
4367,cross,0.543313,0.114736,0.131905,0.50144,0.161226,0.029004,Bellevue_150th_SE38th
4368,cross,0.556353,0.110416,0.14098,0.59108,0.234958,0.032741,Bellevue_150th_SE38th
4369,cross,0.537177,0.105575,0.132482,0.53721,0.203973,0.013448,Bellevue_150th_SE38th
4370,cross,0.517979,0.109039,0.115937,0.467196,0.151302,0.109315,Bellevue_150th_SE38th
4371,cross,0.597527,0.158036,0.114317,0.399347,0.163291,0.134925,Bellevue_150th_SE38th
4372,cross,0.571303,0.145092,0.117383,0.305024,0.142482,0.036291,Bellevue_150th_SE38th
4373,cross,0.540141,0.093253,0.133103,0.388067,0.10712,0.055942,Bellevue_150th_SE38th
4374,cross,0.577841,0.101424,0.150607,0.40642,0.164257,0.038837,Bellevue_150th_SE38th
4375,cross,0.548357,0.10665,0.138774,0.369302,0.158806,0.01389,Bellevue_150th_SE38th
4376,cross,0.526024,0.118283,0.116944,0.525078,0.273224,0.015108,Bellevue_150th_SE38th
4377,cross,0.500786,0.087076,0.116323,0.514909,0.250471,0.061846,Bellevue_150th_SE38th
4378,cross,0.575189,0.137885,0.127281,0.518443,0.114836,0.172577,Bellevue_150th_SE38th
4379,cross,0.561397,0.124412,0.13301,0.507884,0.119821,0.128949,Bellevue_150th_SE38th
4380,cross,0.558184,0.124597,0.129801,0.433082,0.144488,0.056739,Bellevue_150th_SE38th
4381,cross,0.635242,0.164244,0.113661,0.42743,0.081793,0.035951,Bellevue_150th_SE38th
4382,cross,0.636101,0.110505,0.12137,0.555936,0.152484,0.07122,Bellevue_150th_SE38th
4383,cross,0.577869,0.118644,0.148344,0.623301,0.205258,0.072128,Bellevue_150th_SE38th
4384,cross,0.527597,0.095167,0.129711,0.541356,0.138156,0.083454,Bellevue_150th_SE38th
4385,cross,0.54673,0.114408,0.124533,0.515195,0.144431,0.079023,Bellevue_150th_SE38th
4386,cross,0.539688,0.117472,0.130147,0.495051,0.18429,0.05356,Bellevue_150th_SE38th
4387,cross,0.579719,0.125597,0.143288,0.633081,0.207614,0.037644,Bellevue_150th_SE38th
4388,cross,0.502238,0.077526,0.11706,0.635948,0.20344,0.109453,Bellevue_150th_SE38th
4389,cross,0.537642,0.085542,0.130245,0.463814,0.151822,0.083871,Bellevue_150th_SE38th
4390,cross,0.581763,0.110876,0.14817,0.583057,0.17991,0.07054,Bellevue_150th_SE38th
4391,cross,0.577849,0.112438,0.149426,0.613362,0.12854,0.091951,Bellevue_150th_SE38th
4392,cross,0.561518,0.093375,0.13962,0.726354,0.23888,0.050401,Bellevue_150th_SE38th
4393,cross,0.604711,0.071665,0.1033,0.653133,0.246655,0.070179,Bellevue_150th_SE38th
4394,cross,0.516174,0.095437,0.118355,0.494011,0.206309,0.085669,Bellevue_150th_SE38th
4395,cross,0.579443,0.137816,0.127009,0.520588,0.249495,0.061847,Bellevue_150th_SE38th
4396,cross,0.645927,0.116346,0.111572,0.411472,0.201551,0.06593,Bellevue_150th_SE38th
4397,cross,0.616819,0.164411,0.117934,0.454604,0.149929,0.076098,Bellevue_150th_SE38th
4398,cross,0.608782,0.158348,0.11846,0.492314,0.149667,0.054628,Bellevue_150th_SE38th
4399,cross,0.586963,0.112479,0.146928,0.700955,0.245757,0.061695,Bellevue_150th_SE38th
4400,cross,0.54013,0.052157,0.091496,0.669139,0.201974,0.103215,Bellevue_150th_SE38th
4401,cross,0.554243,0.100301,0.134251,0.545935,0.146151,0.122805,Bellevue_150th_SE38th
4402,cross,0.577059,0.131838,0.134486,0.687167,0.324006,0.072943,Bellevue_150th_SE38th
4403,cross,0.559252,0.138813,0.109205,0.59288,0.299907,0.047493,Bellevue_150th_SE38th
4404,cross,0.616133,0.146507,0.124291,0.405164,0.103862,0.02037,Bellevue_150th_SE38th
4405,cross,0.594567,0.149449,0.123462,0.459685,0.141042,0.023041,Bellevue_150th_SE38th
4406,cross,0.554268,0.110192,0.135251,0.613807,0.231887,0.050574,Bellevue_150th_SE38th
4407,cross,0.524772,0.089285,0.124533,0.600587,0.194504,0.068028,Bellevue_150th_SE38th
4408,cross,0.508301,0.085167,0.115946,0.599931,0.27571,0.020345,Bellevue_150th_SE38th
4409,cross,0.546489,0.119416,0.122732,0.456487,0.152633,0.035913,Bellevue_150th_SE38th
4410,cross,0.58156,0.149852,0.111032,0.410739,0.152288,0.039144,Bellevue_150th_SE38th
4411,cross,0.566002,0.11112,0.121203,0.597792,0.254559,0.088027,Bellevue_150th_SE38th
4412,cross,0.619533,0.135768,0.14611,0.587053,0.197776,0.130319,Bellevue_150th_SE38th
4413,cross,0.561884,0.10084,0.136884,0.649012,0.198655,0.149703,Bellevue_150th_SE38th
4414,cross,0.549469,0.090678,0.134463,0.415441,0.140353,0.03976,Bellevue_150th_SE38th
4415,cross,0.634994,0.122455,0.128448,0.478203,0.202125,0.037185,Bellevue_150th_SE38th
4416,cross,0.561327,0.094382,0.1388,0.592032,0.228706,0.05483,Bellevue_150th_SE38th
4417,cross,0.552841,0.082368,0.138405,0.701877,0.348507,0.030995,Bellevue_150th_SE38th
4418,cross,0.552916,0.02198,0.081214,0.710072,0.273617,0.073366,Bellevue_150th_SE38th
4419,cross,0.538356,0.094518,0.132289,0.624334,0.222069,0.044974,Bellevue_150th_SE38th
4420,cross,0.645468,0.097772,0.112186,0.603166,0.188435,0.012608,Bellevue_150th_SE38th
4421,cross,0.551127,0.091796,0.13617,0.540065,0.183978,0.056219,Bellevue_150th_SE38th
4422,cross,0.682628,0.085968,0.079896,0.474101,0.162552,0.069737,Bellevue_150th_SE38th
4423,cross,0.610538,0.132536,0.143972,0.504223,0.116091,0.078409,Bellevue_150th_SE38th
4424,cross,0.518453,0.076232,0.124654,0.481633,0.094226,0.102919,Bellevue_150th_SE38th
4425,cross,0.533976,0.07697,0.129048,0.609665,0.211936,0.053284,Bellevue_150th_SE38th
4426,cross,0.562126,0.083495,0.134436,0.649937,0.234736,0.065686,Bellevue_150th_SE38th
4427,cross,0.556881,0.102194,0.137986,0.669299,0.31171,0.091952,Bellevue_150th_SE38th
4428,cross,0.561064,0.104294,0.13111,0.610282,0.189498,0.134804,Bellevue_150th_SE38th
4429,cross,0.693328,0.115143,0.097259,0.588235,0.147059,0.147059,Bellevue_150th_SE38th
4430,cross,0.654828,0.022837,0.057838,0.588235,0.147059,0.147059,Bellevue_150th_SE38th
4431,cross,0.656943,0.023163,0.058004,0.500216,0.134719,0.058864,Bellevue_150th_SE38th
4432,cross,0.597153,0.120404,0.137104,0.530194,0.120272,0.070985,Bellevue_150th_SE38th
4433,cross,0.559495,0.08879,0.136348,0.599282,0.146963,0.103333,Bellevue_150th_SE38th
4434,cross,0.629909,0.147955,0.130278,0.796481,0.365288,0.052606,Bellevue_150th_SE38th
4435,cross,0.598099,0.108363,0.125638,0.730018,0.343763,0.083638,Bellevue_150th_SE38th
4436,cross,0.730896,0.163428,0.088455,0.815986,0.364962,0.04208,Bellevue_150th_SE38th
4437,cross,0.671465,0.073127,0.074719,0.804334,0.334988,0.073402,Bellevue_150th_SE38th
4438,cross,0.692099,0.08655,0.073214,0.769962,0.325756,0.081452,Bellevue_150th_SE38th
4439,cross,0.711176,0.123047,0.06782,0.725563,0.234594,0.074454,Bellevue_150th_SE38th
4440,cross,0.674127,0.060628,0.081353,0.650737,0.146109,0.143908,Bellevue_150th_SE38th
4441,cross,0.669531,0.0851,0.092871,0.692403,0.143636,0.099863,Bellevue_150th_SE38th
4442,cross,0.66858,0.060226,0.079676,0.707046,0.262293,0.09905,Bellevue_150th_SE38th
4443,cross,0.613421,0.117131,0.150319,0.701607,0.296503,0.053805,Bellevue_150th_SE38th
4444,cross,0.674847,0.074719,0.078208,0.781799,0.348181,0.094494,Bellevue_150th_SE38th
4445,cross,0.662739,0.090962,0.095667,0.748378,0.311376,0.100999,Bellevue_150th_SE38th
4446,cross,0.68658,0.085768,0.075355,0.742398,0.241159,0.088678,Bellevue_150th_SE38th
4447,cross,0.687921,0.079549,0.072765,0.641026,0.183297,0.072855,Bellevue_150th_SE38th
4448,cross,0.70571,0.103298,0.084636,0.663463,0.156932,0.036657,Bellevue_150th_SE38th
4449,cross,0.676456,0.061728,0.076939,0.646004,0.147073,0.019769,Bellevue_150th_SE38th
4450,cross,0.708859,0.110859,0.081445,0.661504,0.195869,0.035544,Bellevue_150th_SE38th
4451,cross,0.568473,0.096224,0.130619,0.726404,0.181087,0.058938,Bellevue_150th_SE38th
4452,cross,0.602615,0.064015,0.092319,0.664464,0.133628,0.129446,Bellevue_150th_SE38th
4453,cross,0.739264,0.17179,0.095351,0.703527,0.183198,0.127751,Bellevue_150th_SE38th
4454,cross,0.61265,0.116346,0.131558,0.793103,0.275862,0.103448,Bellevue_150th_SE38th
4455,cross,0.694107,0.066921,0.077882,0.734888,0.195517,0.061067,Bellevue_150th_SE38th
